# Step, Time, Coordinates [A], Velocities [fs/A?]
0.000000000000000000e+00 0.000000000000000000e+00 1.197479999999999933e-01 0.000000000000000000e+00 0.000000000000000000e+00 -4.789930000000000021e-01 7.569500000000000117e-01 0.000000000000000000e+00 -4.789930000000000021e-01 -7.569500000000000117e-01 0.000000000000000000e+00 0.000000000000000000e+00 0.000000000000000000e+00 0.000000000000000000e+00 0.000000000000000000e+00 0.000000000000000000e+00 0.000000000000000000e+00 0.000000000000000000e+00 0.000000000000000000e+00 0.000000000000000000e+00
1.000000000000000000e+00 2.067068589564640035e+01 1.197935803184962816e-01 -1.343234760882904615e-18 4.469115845960669718e-18 -4.793549454829696410e-01 7.574885352939582095e-01 9.005900450841739145e-19 -4.793549454829697520e-01 -7.574885352939582095e-01 -1.157333239761035483e-18 1.797830824003666126e-03 7.938820493793777047e-17 4.864198072926319823e-17 -1.427652342982589119e-02 2.121750371653847653e-02 7.147928546646509926e-16 -1.427652342983110577e-02 -2.121750371654270231e-02 -8.095730078375267696e-16
2.000000000000000000e+00 4.134137179129280071e+01 1.199245954346547932e-01 7.798061069093982356e-18 4.777953306099030165e-18 -4.803953393229153934e-01 7.590341306318065806e-01 7.021192048345817385e-17 -4.803953393229158930e-01 -7.590341306318070247e-01 -7.952188564966849561e-17 3.371816694531163620e-03 1.543489341443189059e-16 -3.255130518112391767e-17 -2.677652981829926546e-02 3.969321451288829183e-02 1.812523429562414803e-15 -2.677652981830777254e-02 -3.969321451289972019e-02 -2.035942144709377050e-15
3.000000000000000000e+00 6.201205768693920106e+01 1.201247835812265519e-01 1.381798994936093563e-17 1.271700488357378014e-18 -4.819851222819632741e-01 7.613874786072895029e-01 1.789392345004015642e-16 -4.819851222819642178e-01 -7.613874786072907241e-01 -2.011417161842724912e-16 4.533095861307696178e-03 -7.003297404179979237e-17 -2.498690899809474035e-16 -3.600117215849828189e-02 5.309582139264049788e-02 2.035580148825834391e-15 -3.600117215850345137e-02 -5.309582139265244666e-02 -2.220791964822897949e-15
4.000000000000000000e+00 8.268274358258560142e+01 1.203698676055795364e-01 9.189357776837234442e-19 -1.976592477344207143e-17 -4.839316245843142128e-01 7.642495711126335856e-01 2.701607456771824091e-16 -4.839316245843152120e-01 -7.642495711126353619e-01 -2.976635022409559263e-16 5.154594079869449785e-03 -5.542232324533416096e-16 -2.769945367147973997e-16 -4.094201531187074278e-02 5.982187761315033159e-02 1.982761277478636527e-15 -4.094201531186719006e-02 -5.982187761315809621e-02 -2.178115035128650678e-15
5.000000000000000000e+00 1.033534294782320018e+02 1.206311036252763619e-01 -4.062166662129051528e-17 -2.593662743385720475e-17 -4.860067314862945853e-01 7.672635990619577351e-01 3.736998231709790245e-16 -4.860067314862951404e-01 -7.672635990619598445e-01 -4.150913082266066329e-16 5.184753008012079126e-03 -1.120818152941689606e-15 -6.741819947798381682e-17 -4.118997226622623381e-02 5.916352761341168998e-02 1.635389027450745411e-15 -4.118997226621393809e-02 -5.916352761341803213e-02 -2.057073338933424859e-15
6.000000000000000000e+00 1.240241153738784021e+02 1.208791500690922782e-01 -1.091756105194787804e-16 -2.638820874004229611e-17 -4.879775898434786097e-01 7.700610238561876875e-01 4.308000184476998884e-16 -4.879775898434783876e-01 -7.700610238561901300e-01 -4.997235378992531704e-16 4.647823116431983557e-03 -1.209827075557073369e-15 1.106303318301515190e-16 -3.693758519401004609e-02 5.132079961187756972e-02 9.562449179054489026e-16 -3.693758519398965962e-02 -5.132079961188278777e-02 -1.568917057105197204e-15
7.000000000000000000e+00 1.446948012695248167e+02 1.210876451043111507e-01 -1.594592877214623570e-16 -1.506974759471641493e-17 -4.896349977421310951e-01 7.723046845708317898e-01 4.676288428870300295e-16 -4.896349977421296518e-01 -7.723046845708343433e-01 -5.692012422302026017e-16 3.633939931842308270e-03 -1.388313602600301311e-15 3.253879749702310201e-16 -2.890022210449387854e-02 3.729348009786151441e-02 1.195083095276946897e-15 -2.890022210446682727e-02 -3.729348009786365159e-02 -1.914445666631531363e-15
8.000000000000000000e+00 1.653654871651712028e+02 1.212361008973932563e-01 -2.455454184096362524e-16 5.573658919647336777e-18 -4.908163704539912908e-01 7.737242485821972382e-01 5.481893833652836319e-16 -4.908163704539884042e-01 -7.737242485821999027e-01 -6.877736926234446596e-16 2.283510306511797160e-03 -1.842001418060723609e-15 6.325601541563257254e-16 -1.819214124470634394e-02 1.870334323801091034e-02 1.121946179913674671e-15 -1.819214124467821020e-02 -1.870334323800942541e-02 -1.839231434068881292e-15
9.000000000000000000e+00 1.860361730608175890e+02 1.213119473521829250e-01 -3.403934650167471843e-16 4.706470570149724499e-17 -4.914219562520849016e-01 7.741418568923403853e-01 5.778341918307822741e-16 -4.914219562520806828e-01 -7.741418568923428278e-01 -7.498633324522794494e-16 7.697140828159139674e-04 -1.878901279071472838e-15 7.187586863354899490e-16 -6.187629805396679950e-03 -2.409628547242011719e-03 6.752806464635054819e-16 -6.187629805373276795e-03 2.409628547245171518e-03 -1.579653346818536324e-15
1.000000000000000000e+01 2.067068589564639751e+02 1.213117075624920993e-01 -4.301041564293744158e-16 7.617513094395628551e-17 -4.914241624444154466e-01 7.734875581244659015e-01 6.145201402329608302e-16 -4.914241624444102285e-01 -7.734875581244682330e-01 -8.429382195971871821e-16 -7.187945490221339922e-04 -1.461456087675699835e-15 5.363731561168125709e-16 5.616254679447565262e-03 -2.379226109912745829e-02 5.880522327601897486e-16 5.616254679469295276e-03 2.379226109913061896e-02 -1.955486557407444901e-15
1.100000000000000000e+01 2.273775448521103613e+02 1.212413423574763699e-01 -4.839478359765589193e-16 9.975100375410361547e-17 -4.908702886963799417e-01 7.718048157012985522e-01 6.355967678515639523e-16 -4.908702886963735579e-01 -7.718048157013007726e-01 -9.419448086158557808e-16 -1.994550711400287953e-03 -9.427425129128167813e-16 5.175324399743836204e-16 1.573189944156930947e-02 -4.317807148486128843e-02 7.561578861826793307e-16 1.573189944159020595e-02 4.317807148486639546e-02 -2.364347156039298971e-15
1.200000000000000000e+01 2.480482307477567474e+02 1.211157889337101112e-01 -5.227068761138967808e-16 1.270107629539309794e-16 -4.898788659778420262e-01 7.692463079469631371e-01 6.887952215115869103e-16 -4.898788659778347543e-01 -7.692463079469650244e-01 -1.075180824474657586e-15 -2.887890940397168284e-03 -4.552272109259894967e-16 5.187456542940534953e-16 2.281294332820687012e-02 -5.848720713601444909e-02 6.986874223725954043e-16 2.281294332822274978e-02 5.848720713601704424e-02 -2.406655135413569432e-15
1.300000000000000000e+01 2.687189166434031335e+02 1.209576736445774486e-01 -5.286634154998563603e-16 1.507058061038294023e-16 -4.886294429009849227e-01 7.660597958540311669e-01 7.042267008766108434e-16 -4.886294429009769846e-01 -7.660597958540330543e-01 -1.178343197178427113e-15 -3.264095838894146701e-03 -1.943584089178684616e-17 2.822442761330749343e-16 2.579029879172432815e-02 -6.803138864919097695e-02 4.866812445966580072e-16 2.579029879173515630e-02 6.803138864919022755e-02 -2.309048604033617165e-15
1.400000000000000000e+01 2.893896025390495197e+02 1.207951667618525765e-01 -5.246159994442684596e-16 1.547347567563926263e-16 -4.873455636424980364e-01 7.625637922795993617e-01 7.366004347610148835e-16 -4.873455636424897097e-01 -7.625637922796012491e-01 -1.301991621366169812e-15 -3.040689950430532518e-03 5.061949037064942738e-16 8.960981621563774513e-18 2.400943668503055170e-02 -7.071778848587040311e-02 5.542287004415819236e-16 2.400943668503081191e-02 7.071778848585991151e-02 -2.245569898391225805e-15
1.500000000000000000e+01 3.100602884346959058e+02 1.206589959512831545e-01 -4.789414350740078598e-16 1.515860159785659702e-16 -4.862710692149848635e-01 7.591134033299125061e-01 7.586668945510582007e-16 -4.862710692149769254e-01 -7.591134033299153927e-01 -1.398918674559019755e-15 -2.202923380135373994e-03 9.659483479803036315e-16 1.681409621153172918e-17 1.735326699686981153e-02 -6.622793719496539167e-02 4.261404405341416415e-16 1.735326699686169649e-02 6.622793719494429743e-02 -1.957585327120142547e-15
1.600000000000000000e+01 3.307309743303422920e+02 1.205787803217981680e-01 -4.297338414079525167e-16 1.563863541086901024e-16 -4.856410051895682645e-01 7.560584241442421805e-01 7.784589096048998352e-16 -4.856410051895607149e-01 -7.560584241442461773e-01 -1.494279253272937188e-15 -8.137121600817841640e-04 1.104590497147577749e-15 8.429314359879706899e-17 6.321064165752664568e-03 -5.512887324744501077e-02 5.778405662931001400e-16 6.321064165745272044e-03 5.512887324741499312e-02 -2.100293341580501999e-15
1.700000000000000000e+01 3.514016602259886781e+02 1.205790674893417042e-01 -3.704408818768234514e-16 1.598658742018775479e-16 -4.856501703746000098e-01 7.536982623704967521e-01 8.154264097419617981e-16 -4.856501703745927934e-01 -7.536982623705026363e-01 -1.605224079164905471e-15 9.864698125148152127e-04 1.149415715228257328e-15 1.637883416038400564e-16 -7.972356289012813568e-03 -3.886670467319778416e-02 2.765368953669489743e-16 -7.972356289021365755e-03 3.886670467316023087e-02 -1.694185920623139934e-15
1.800000000000000000e+01 3.720723461216350643e+02 1.206756782406618322e-01 -3.168302438504395143e-16 1.724747830035222213e-16 -4.864241054152869115e-01 7.522406663698603113e-01 8.056222848142894683e-16 -4.864241054152802501e-01 -7.522406663698679719e-01 -1.660693965404878371e-15 2.993083013871029006e-03 8.970316515550909715e-16 3.491351489050922482e-16 -2.390370604066453103e-02 -1.960790322325587157e-02 -5.504106664107017959e-16 -2.390370604067198687e-02 1.960790322322386939e-02 -7.021865337133812840e-16
1.900000000000000000e+01 3.927430320172814504e+02 1.208730688985596158e-01 -2.823282005886484247e-16 1.941603542780742815e-16 -4.879981584621061463e-01 7.517722378824589491e-01 7.613612498972874328e-16 -4.879981584620996515e-01 -7.517722378824679419e-01 -1.674197719217266261e-15 4.964299041960129090e-03 7.561219917900863804e-17 4.696058021531916199e-16 -3.955375013509928456e-02 6.674585719398514415e-05 -7.352600700070272000e-16 -3.955375013509870863e-02 -6.674585722016777281e-05 -5.384765876320292324e-16
2.000000000000000000e+01 4.134137179129278366e+02 1.211633061839402226e-01 -3.094030883022399811e-16 2.186027276579486337e-16 -4.903093495684494041e-01 7.522472226116964089e-01 7.333999322360519314e-16 -4.903093495684426872e-01 -7.522472226117066230e-01 -1.713586877115308700e-15 6.656375333219711338e-03 -8.179956354959386843e-16 6.061553321605293141e-16 -5.298808346974056421e-02 1.755980871655913461e-02 -1.126996858384449691e-15 -5.298808346973411798e-02 -1.755980871657840392e-02 -3.443543633162578156e-16
2.100000000000000000e+01 4.340844038085742227e+02 1.215269043315164027e-01 -3.626774152463714967e-16 2.537011425002036268e-16 -4.932030161755953657e-01 7.534970842981246753e-01 6.506597882226043248e-16 -4.932030161755882602e-01 -7.534970842981355554e-01 -1.708022597316580787e-15 7.859732670759549816e-03 -1.391765976459978076e-15 7.259698295183703146e-16 -6.254347849029009976e-02 3.065730161302923987e-02 -2.090254589918085430e-15 -6.254347849028391026e-02 -3.065730161303800022e-02 3.656274794755080751e-16
2.200000000000000000e+01 4.547550897042206088e+02 1.219353437353781350e-01 -4.461120123395902605e-16 2.899125282678710421e-16 -4.964528045706392834e-01 7.552585957795231453e-01 5.280806035665371672e-16 -4.964528045706319559e-01 -7.552585957795342475e-01 -1.677672405743675411e-15 8.427417572497217582e-03 -2.011902044941263232e-15 8.220033690607139010e-16 -6.705377209706514519e-02 3.783948992714545462e-02 -2.184581433811302804e-15 -6.705377209705762342e-02 -3.783948992714397663e-02 1.003642004914973474e-16
2.300000000000000000e+01 4.754257755998669950e+02 1.223547038382122032e-01 -5.603004125638189239e-16 3.344440245939293942e-16 -4.997895035528423513e-01 7.572139419031796992e-01 4.360750215738679166e-16 -4.997895035528344687e-01 -7.572139419031904684e-01 -1.698164128225418950e-15 8.290630038849082159e-03 -2.551155471230774721e-15 7.944095007132166546e-16 -6.597306792223224525e-02 3.844527627637175926e-02 -1.771779058571254316e-15 -6.597306792221328819e-02 -3.844527627636089295e-02 -7.223021802938158044e-16
2.400000000000000000e+01 4.960964614955133811e+02 1.227497070201350043e-01 -6.967042278577914025e-16 3.679449488934915461e-16 -5.029331376752262939e-01 7.590349579287328785e-01 3.540441543171609370e-16 -5.029331376752170790e-01 -7.590349579287428705e-01 -1.748621944364358412e-15 7.460659355644444143e-03 -2.448012086735237743e-15 7.797728578900074337e-16 -5.939105269690178601e-02 3.268506061896993969e-02 -2.237110482017778885e-15 -5.939105269687409983e-02 -3.268506061895600640e-02 -4.159280215825934678e-16
2.500000000000000000e+01 5.167671473911598241e+02 1.230875416359241414e-01 -8.007611682285314919e-16 4.110387324677484581e-16 -5.056233053909149344e-01 7.604244956492055563e-01 2.163304868445242995e-16 -5.056233053909042763e-01 -7.604244956492148821e-01 -1.739019468325174048e-15 6.020119525236964156e-03 -1.691201630433539663e-15 9.398163451438929844e-16 -4.796340445428829563e-02 2.153533401257039237e-02 -3.285162664864072790e-15 -4.796340445426307969e-02 -2.153533401255690663e-02 7.544678842106647891e-16
2.600000000000000000e+01 5.374378332868062671e+02 1.233410449869997566e-01 -8.628258022728060150e-16 4.602602400490742133e-16 -5.076444365049276319e-01 7.611503080604639093e-01 3.135265244299054814e-17 -5.076444365049158636e-01 -7.611503080604725691e-01 -1.674512866821362433e-15 4.107901935765016430e-03 -1.193438397309822611e-15 1.026379145737885386e-15 -3.279237001921940509e-02 6.564299251670445770e-03 -3.652106368525562919e-15 -3.279237001919978883e-02 -6.564299251660514478e-03 1.599166060055606440e-15
2.700000000000000000e+01 5.581085191824527101e+02 1.234910483052837488e-01 -9.179889794846124592e-16 5.118568233260256995e-16 -5.088443998118066247e-01 7.610692867296985353e-01 -1.424047750858003181e-16 -5.088443998117940792e-01 -7.610692867297068620e-01 -1.581938267085206031e-15 1.901780723719772963e-03 -1.258949621047440581e-15 9.076650896123844298e-16 -1.528873777155323119e-02 -1.026763775573728832e-02 -3.433174975494016277e-15 -1.528873777153868553e-02 1.026763775574084103e-02 1.815566800377210626e-15
2.800000000000000000e+01 5.787792050780991531e+02 1.235278511030366011e-01 -9.864885810888209666e-16 5.494174115031375112e-16 -5.091462025532359492e-01 7.601417493417327309e-01 -3.058776469537125729e-16 -5.091462025532227376e-01 -7.601417493417409466e-01 -1.496175281339626480e-15 -3.990783354280146044e-04 -1.371212946152600835e-15 6.473186534000431398e-16 2.966949451142763747e-03 -2.680740808956712587e-02 -2.883077046594512755e-15 2.966949451158894507e-03 2.680740808955984003e-02 1.287184277867720177e-15
2.900000000000000000e+01 5.994498909737455961e+02 1.234518480584277794e-01 -1.052679042085088503e-15 5.754409589583074621e-16 -5.085529654226929042e-01 7.584360768523623619e-01 -4.256006338890431812e-16 -5.085529654226786933e-01 -7.584360768523713547e-01 -1.455502084105164610e-15 -2.591148142194463818e-03 -1.290293981685782129e-15 6.262862125657310047e-16 2.035952891219704533e-02 -4.090233855844466887e-02 -2.036007977958590575e-15 2.035952891221951347e-02 4.090233855842765470e-02 5.589323042774304999e-16
3.000000000000000000e+01 6.201205768693920390e+02 1.232733305295118931e-01 -1.113230220783735781e-15 6.109355946657004973e-16 -5.071463481678217811e-01 7.561240374637925310e-01 -5.058684964973636551e-16 -5.071463481678063490e-01 -7.561240374638024120e-01 -1.441273067016325209e-15 -4.483633371432478414e-03 -1.052804004598184170e-15 7.591559409474856825e-16 3.537485321642862279e-02 -5.059164373457047947e-02 -1.891493309008187756e-15 3.537485321645188890e-02 5.059164373454679009e-02 5.920653185423944198e-16
3.100000000000000000e+01 6.407912627650384820e+02 1.230114344369182544e-01 -1.156092766177495313e-15 6.500105300060714567e-16 -5.050782015593759944e-01 7.534666140998484973e-01 -6.113962485771369296e-16 -5.050782015593594521e-01 -7.534666140998597106e-01 -1.397345314916397677e-15 -5.916204853243399106e-03 -7.097908458598826325e-16 8.654997034384035086e-16 4.674051314664787876e-02 -5.430184526283254182e-02 -1.731708092530930880e-15 4.674051314666919504e-02 5.430184526280578544e-02 3.360717967653958906e-16
3.200000000000000000e+01 6.614619486606849250e+02 1.226921997837174955e-01 -1.182950809209009442e-15 6.959509889295165579e-16 -5.025551702188646441e-01 7.507901329391204470e-01 -6.759688970538098378e-16 -5.025551702188471026e-01 -7.507901329391328815e-01 -1.408261760149953001e-15 -6.777048571285298507e-03 -2.819599577095851650e-16 9.243376286316540822e-16 5.356905997199235686e-02 -5.104203819371080225e-02 -1.700704253963889999e-15 5.356905997201061309e-02 5.104203819368264422e-02 1.223023273320086539e-16
3.300000000000000000e+01 6.821326345563313680e+02 1.223457456400949273e-01 -1.183788832248990245e-15 7.408053940814853109e-16 -4.998162762972779283e-01 7.484529104742689842e-01 -7.784512366984345214e-16 -4.998162762972596096e-01 -7.484529104742829730e-01 -1.385331930583386126e-15 -7.019391256067754499e-03 3.550031719192796706e-16 7.766465154189018493e-16 5.548915323688941026e-02 -4.057927510074062910e-02 -2.918348916593145993e-15 5.548915323690322560e-02 4.057927510070328397e-02 1.164453934949610425e-15
3.400000000000000000e+01 7.028033204519778110e+02 1.220027064046258214e-01 -1.148079931142012361e-15 7.722386057243567906e-16 -4.971046400557018741e-01 7.468041545986034979e-01 -9.626294039932022020e-16 -4.971046400556829448e-01 -7.468041545986195962e-01 -1.293881004167592839e-15 -6.672801099722365688e-03 5.415234409179356513e-16 6.434209173911247146e-16 5.273526728000060143e-02 -2.355486566828127876e-02 -4.316913370016274552e-15 5.273526728001613068e-02 2.355486566823947192e-02 2.383812011122736432e-15
3.500000000000000000e+01 7.234740063476242540e+02 1.216902967542279335e-01 -1.130596637439632897e-15 8.040066670019510223e-16 -4.946362519464826968e-01 7.461391879118409731e-01 -1.202488461317531446e-15 -4.946362519464628793e-01 -7.461391879118590698e-01 -1.151177352400052689e-15 -5.844644904937550643e-03 5.751673744578563441e-16 6.008483658405838423e-16 4.615929391696931006e-02 -1.492943149156663197e-03 -5.500179502088685419e-15 4.615929391698515155e-02 1.492943149115960946e-03 3.475160816051648717e-15
3.600000000000000000e+01 7.441446922432706970e+02 1.214286047741442998e-01 -1.091582995426194857e-15 8.312581068423513820e-16 -4.925705534977278810e-01 7.466575073496964920e-01 -1.502895249301036198e-15 -4.925705534977074529e-01 -7.466575073497165871e-01 -9.525265637985423053e-16 -4.708157060487255102e-03 9.677023869198262229e-16 6.501376156423742521e-16 3.713589025782219194e-02 2.333618708778548503e-02 -6.664124839691683005e-15 3.713589025783246150e-02 -2.333618708783011253e-02 4.141004600804916590e-15
3.700000000000000000e+01 7.648153781389171399e+02 1.212278288560147549e-01 -1.035542185511816763e-15 8.678677006914990606e-16 -4.909885067894778632e-01 7.484314303447390238e-01 -1.857085104642665399e-15 -4.909885067894570465e-01 -7.484314303447615613e-01 -7.444191092867310379e-16 -3.476859682388145668e-03 8.076337012646621583e-16 6.950269066708375124e-16 2.735948709617692931e-02 4.820193509472865678e-02 -7.042981398130736948e-15 2.735948709619136568e-02 -4.820193509477384980e-02 3.995725338729076449e-15
3.800000000000000000e+01 7.854860640345635829e+02 1.210870834593201495e-01 -1.012251601942191462e-15 8.995284785823306940e-16 -4.898831145845812252e-01 7.513922363161852358e-01 -2.194705816047717411e-15 -4.898831145845594093e-01 -7.513922363162097717e-01 -5.600386591898632888e-16 -2.369752006091354994e-03 1.751328200737848555e-16 7.357541917829820466e-16 1.856801917114479089e-02 7.030352886125319778e-02 -7.339305754975808508e-15 1.856801917116705433e-02 -7.030352886129473400e-02 4.130126098378317174e-15
3.900000000000000000e+01 8.061567499302100259e+02 1.209950553492128988e-01 -1.018339423121538974e-15 9.401385893436718544e-16 -4.891646269380328094e-01 7.553371314102996781e-01 -2.578002708546117112e-15 -4.891646269380098278e-01 -7.553371314103263234e-01 -3.387294282643299820e-16 -1.575352229553312038e-03 -6.080125903569267434e-16 9.216229539334656133e-16 1.225753683727992017e-02 8.717936856650611299e-02 -7.837127427669453316e-15 1.225753683731009396e-02 -8.717936856654148747e-02 4.661276422822753897e-15
4.000000000000000000e+01 8.268274358258564689e+02 1.209323414179678674e-01 -1.071974822968386618e-15 9.900566884476418065e-16 -4.886790941524716825e-01 7.599555996089832899e-01 -2.964522923450692334e-15 -4.886790941524468690e-01 -7.599555996090113785e-01 -1.021757029293484936e-16 -1.223125058225069985e-03 -1.015738618145181790e-15 9.546297162403340331e-16 9.455435181207951303e-03 9.704338842944544574e-02 -7.751333136300922255e-15 9.455435181246359816e-03 -9.704338842946912125e-02 4.756439024244810651e-15
4.100000000000000000e+01 8.474981217215029119e+02 1.208749115078622260e-01 -1.118112327430502650e-15 1.033908952729940394e-15 -4.882358483992617071e-01 7.648694072681078149e-01 -3.339392504562035822e-15 -4.882358483992349507e-01 -7.648694072681366807e-01 1.284810598866359801e-16 -1.367912903261538256e-03 -1.094681468162741574e-15 8.818051946778840346e-16 1.059689912350811163e-02 9.898373824732378812e-02 -7.295845727608801271e-15 1.059689912354945356e-02 -9.898373824733940063e-02 4.394570034394173687e-15
4.200000000000000000e+01 8.681688076171493549e+02 1.207979755085084733e-01 -1.179502042491890277e-15 1.076673721349671511e-15 -4.876381930945280496e-01 7.696784701072301171e-01 -3.681171581510900096e-15 -4.876381930944991838e-01 -7.696784701072596491e-01 3.294894988144913976e-16 -1.988308337874465214e-03 -1.121069280970024018e-15 8.690637692930012387e-16 1.551200852603521092e-02 9.300743917357834345e-02 -7.060364050457885902e-15 1.551200852607781053e-02 -9.300743917358622603e-02 4.049633497116609711e-15
4.300000000000000000e+01 8.888394935127957979e+02 1.206796060483792399e-01 -1.228231541267416826e-15 1.119274434304713314e-15 -4.867121511461887651e-01 7.740052441486947599e-01 -4.032910516192952732e-15 -4.867121511461577898e-01 -7.740052441487244028e-01 5.262641983598041818e-16 -2.996009666138860651e-03 -1.241611103546271813e-15 8.298721189951717831e-16 2.350001372554737927e-02 7.995748346579079069e-02 -6.938984742261305809e-15 2.350001372559233637e-02 -7.995748346579405197e-02 3.485513540514501260e-15
4.400000000000000000e+01 9.095101794084422409e+02 1.205036866231707776e-01 -1.301461711652921099e-15 1.158189526733126500e-15 -4.853298584710203922e-01 7.775324496686113473e-01 -4.362766874161318054e-15 -4.853298584709870855e-01 -7.775324496686412123e-01 6.718608557098185013e-16 -4.251516691607981277e-03 -1.508599578613236543e-15 8.254386714296300385e-16 3.345391443524376590e-02 6.134995345988927817e-02 -6.974349870654696415e-15 3.345391443529216469e-02 -6.134995345989460724e-02 3.535949528715370273e-15
4.500000000000000000e+01 9.301808653040886838e+02 1.202619925398819845e-01 -1.376416673454650080e-15 1.200354755665198480e-15 -4.834260752364208380e-01 7.800314628299244157e-01 -4.717979617467001819e-15 -4.834260752363851443e-01 -7.800314628299546138e-01 8.735897284396484245e-16 -5.582036071877391481e-03 -1.530793730979383722e-15 7.574623420462156118e-16 4.400255064524801613e-02 3.917623743349546439e-02 -6.815655280901532389e-15 4.400255064529356996e-02 -3.917623743350227145e-02 3.634110387024862499e-15
4.600000000000000000e+01 9.508515511997351268e+02 1.199553802568482930e-01 -1.451826907687967736e-15 1.232592740729877852e-15 -4.810076222219983322e-01 7.813806119013075868e-01 -5.032247890238108258e-15 -4.810076222219605846e-01 -7.813806119013381180e-01 1.028828427303140829e-15 -6.799192679579812472e-03 -1.592238373673585915e-15 7.204833770489299339e-16 5.365113464858019265e-02 1.569831109373047429e-02 -7.614609623418420031e-15 5.365113464862217296e-02 -1.569831109374629149e-02 4.599278206467621668e-15
4.700000000000000000e+01 9.715222370953815698e+02 1.195941285948872723e-01 -1.532817389205410390e-15 1.271125638794333593e-15 -4.781560880293428961e-01 7.815734600156051259e-01 -5.465939480108405979e-15 -4.781560880293030946e-01 -7.815734600156368783e-01 1.325362789133306917e-15 -7.715857354285327215e-03 -1.849389061659793749e-15 8.047352783665462502e-16 6.091476040419038784e-02 -6.753265521355758527e-03 -8.354209135495119751e-15 6.091476040423340899e-02 6.753265521339044467e-03 5.620284462595610211e-15
4.800000000000000000e+01 9.921929229910280128e+02 1.191974751386235959e-01 -1.633486750666048710e-15 1.311639430978920428e-15 -4.750241512263705390e-01 7.807172592408901934e-01 -5.852856355607776383e-15 -4.750241512263285726e-01 -7.807172592409223899e-01 1.580891816307375437e-15 -8.162614133445935186e-03 -2.156290807929206234e-15 8.351991974521121885e-16 6.444904911639456890e-02 -2.598296743513037188e-02 -7.257092636661603829e-15 6.444904911643913048e-02 2.598296743511479059e-02 4.580247081667530430e-15
4.900000000000000000e+01 1.012863608886674456e+03 1.187923399217988563e-01 -1.744623254020002183e-15 1.353164706835755869e-15 -4.718254546405721284e-01 7.790212324274662370e-01 -6.178781540323774853e-15 -4.718254546405279415e-01 -7.790212324274995437e-01 1.775266480523040808e-15 -8.004571448488003935e-03 -1.741255268873037927e-15 8.755210210592072740e-16 6.318353368647866564e-02 -4.014202063886252586e-02 -5.893863358637914180e-15 6.318353368651889734e-02 4.014202063883443722e-02 3.337155488693384045e-15
5.000000000000000000e+01 1.033534294782320785e+03 1.184112105161140849e-01 -1.804524941215496488e-15 1.397639188686410431e-15 -4.688178255557813312e-01 7.767742310716124754e-01 -6.431792564575895623e-15 -4.688178255557354235e-01 -7.767742310716474474e-01 1.908690414578202960e-15 -7.158379528118609912e-03 -1.351375828186635421e-15 9.157260243334367116e-16 5.645670832215259061e-02 -4.794454035126705094e-02 -5.031242249241947736e-15 5.645670832218397522e-02 4.794454035122808211e-02 2.447510989835370670e-15
5.100000000000000000e+01 1.054204980677967114e+03 1.180891941489518732e-01 -1.877364777067853840e-15 1.443113679304565492e-15 -4.662798844944736620e-01 7.743117865610292805e-01 -6.672985110535065894e-15 -4.662798844944264220e-01 -7.743117865610663619e-01 2.015678014968684993e-15 -5.607817770145650561e-03 -1.183691729157467164e-15 9.738880972565787074e-16 4.413977034811746025e-02 -4.886596328585847415e-02 -5.625841736085777507e-15 4.413977034814221129e-02 4.886596328581335746e-02 2.994214789026787942e-15
5.200000000000000000e+01 1.074875666573613444e+03 1.178603716922594358e-01 -1.920795367006927242e-15 1.493301244061104259e-15 -4.644821106341567862e-01 7.719742766425996550e-01 -6.984401827593629626e-15 -4.644821106341084360e-01 -7.719742766426390679e-01 2.202802994615357411e-15 -3.414595517769724101e-03 -9.068670180074318454e-16 1.026217493242546484e-15 2.672240077349875495e-02 -4.328122851159495882e-02 -6.261041593388333682e-15 2.672240077352186841e-02 4.328122851154259793e-02 3.402764976026535613e-15
5.300000000000000000e+01 1.095546352469259773e+03 1.177537888529807814e-01 -1.966443556383969498e-15 1.543915891531607566e-15 -4.636550246263427266e-01 7.700604035836375871e-01 -7.287988116832389646e-15 -4.636550246262932107e-01 -7.700604035836798866e-01 2.349921232932524059e-15 -7.199546750924867670e-04 -1.131894604073313358e-15 1.142799962459432590e-15 5.325535709187667090e-03 -3.248771598748702305e-02 -5.900729034121500944e-15 5.325535709206618076e-03 3.248771598742799388e-02 2.733256235185246680e-15
5.400000000000000000e+01 1.116217038364906102e+03 1.177896527419098199e-01 -2.031977919292142406e-15 1.605554996416176227e-15 -4.639589995155926072e-01 7.687831074574057455e-01 -7.564012430909668618e-15 -4.639589995155424251e-01 -7.687831074574510426e-01 2.471282412384267947e-15 2.266580294757778325e-03 -1.495690250481793453e-15 1.279923901018925865e-15 -1.838790093101191209e-02 -1.856859949090186937e-02 -6.056834421617612381e-15 -1.838790093099714959e-02 1.856859949084895683e-02 2.518220626345607783e-15
5.500000000000000000e+01 1.136887724260552432e+03 1.179764281174703056e-01 -2.113360644669609642e-15 1.669638909853299727e-15 -4.654612120128011621e-01 7.682364667291540217e-01 -7.882932475910520643e-15 -4.654612120127502028e-01 -7.682364667292015392e-01 2.597278359158601128e-15 5.291876307922527799e-03 -1.431361141003941310e-15 1.431268241561987196e-15 -4.240883721214152441e-02 -4.092418773664802806e-03 -6.805479813484043959e-15 -4.240883721211818197e-02 4.092418773619679179e-03 2.741957362613557089e-15
5.600000000000000000e+01 1.157558410156198761e+03 1.183094576002200887e-01 -2.172576155493636215e-15 1.746144107389026854e-15 -4.681246901582778452e-01 7.683811216518028342e-01 -8.232493941878740747e-15 -4.681246901582253872e-01 -7.683811216518525722e-01 2.740616515343616556e-15 8.093389491497904320e-03 -9.909901419242825373e-16 1.661777290942390643e-15 -6.465349852368548755e-02 8.299549121979396885e-03 -8.093942585743240549e-15 -6.465349852365331884e-02 -8.299549122022787523e-03 3.406096840830850438e-15
5.700000000000000000e+01 1.178229096051845090e+03 1.187714170652617723e-01 -2.210702581694598396e-15 1.832870221206577054e-15 -4.718119278428469232e-01 7.690517061082245975e-01 -8.677975752461595323e-15 -4.718119278427927998e-01 -7.690517061082764450e-01 2.931848856032932411e-15 1.043546550334624977e-02 -8.758498815801335997e-16 1.808040964804255126e-15 -8.325154496106607072e-02 1.632433843374994295e-02 -9.093884227152761373e-15 -8.325154496103208401e-02 -1.632433843378880423e-02 4.013089336232841307e-15
5.800000000000000000e+01 1.198899781947491419e+03 1.193345015263692493e-01 -2.258608216166376365e-15 1.923742453012149729e-15 -4.763022353264843023e-01 7.699846115923859591e-01 -9.125758433928230393e-15 -4.763022353264285136e-01 -7.699846115924395829e-01 3.134810032430167021e-15 1.213943963364282584e-02 -1.119867065616333996e-15 1.778328652182991998e-15 -9.678498926148317028e-02 1.840431559618842944e-02 -1.036521537748237495e-14 -9.678498926144379899e-02 -1.840431559621804811e-02 5.119863791486586723e-15
5.900000000000000000e+01 1.219570467843137749e+03 1.199638371695043448e-01 -2.320703705586619201e-15 2.007550017046319042e-15 -4.813188219390501232e-01 7.708595058571439118e-01 -9.696119223158632602e-15 -4.813188219389921696e-01 -7.708595058571986458e-01 3.434757449855744054e-15 1.310169226451632710e-02 -1.038389721135875442e-15 1.823819787771931951e-15 -1.044314866192285751e-01 1.386051133541569592e-02 -1.169873288003973745e-14 -1.044314866191815572e-01 -1.386051133544247485e-02 6.119974998091655358e-15
6.000000000000000000e+01 1.240241153738784078e+03 1.206214407696364899e-01 -2.360606069188336510e-15 2.102890704256599581e-15 -4.865602215201468295e-01 7.713460873169843968e-01 -1.027488925885222487e-14 -4.865602215200864333e-01 -7.713460873170405740e-01 3.735956497623020006e-15 1.329828706233909981e-02 -9.873449994360408473e-16 1.996041403569280577e-15 -1.060010927039507916e-01 2.939495941117763449e-03 -1.148415000447123783e-14 -1.060010927038991663e-01 -2.939495941137250466e-03 5.925018898377715029e-15
6.100000000000000000e+01 1.260911839634430407e+03 1.212700873197317120e-01 -2.417687591390383997e-15 2.203615071970303766e-15 -4.917309857477960566e-01 7.711482435717592621e-01 -1.082417222714722468e-14 -4.917309857477330515e-01 -7.711482435718158834e-01 4.016753972402202661e-15 1.277855146937807544e-02 -1.156268686417451496e-15 1.942962043292415067e-15 -1.018852471761941825e-01 -1.329340058584730852e-02 -1.102514546648514950e-14 -1.018852471761407530e-01 1.329340058584460062e-02 5.727905507055162956e-15
6.200000000000000000e+01 1.281582525530076737e+03 1.218766388788602856e-01 -2.474182813189705616e-15 2.293741935624918768e-15 -4.965680983847365892e-01 7.700403171504287547e-01 -1.135785564800924435e-14 -4.965680983846709196e-01 -7.700403171504851541e-01 4.298591173352673133e-15 1.165181635137298860e-02 -1.262132789380918282e-15 1.836338226417723169e-15 -9.295150090957431110e-02 -3.314001117769682647e-02 -1.057283741897560388e-14 -9.295150090951635746e-02 3.314001117770781074e-02 5.697187509674038181e-15
6.300000000000000000e+01 1.302253211425723066e+03 1.224146096772394388e-01 -2.541663043116399554e-15 2.383992971235211194e-15 -5.008613279834399634e-01 7.678930014209112143e-01 -1.186270977729372025e-14 -5.008613279833712406e-01 -7.678930014209667254e-01 4.576371313003979578e-15 1.007124864060468181e-02 -1.098830230250215149e-15 1.911427963161046459e-15 -8.041522805210545022e-02 -5.448486181823199159e-02 -9.593787860079710875e-15 -8.041522805204753821e-02 5.448486181824940822e-02 5.060846986164327869e-15
6.400000000000000000e+01 1.322923897321369395e+03 1.228659068942142274e-01 -2.582117552950560948e-15 2.481495670547583639e-15 -5.044670407997422501e-01 7.646884354681073859e-01 -1.230022414815759264e-14 -5.044670407996708628e-01 -7.646884354681621199e-01 4.795702726514776735e-15 8.217211619745430629e-03 -2.762179477257534080e-16 2.053529972776459920e-15 -6.570762107006844488e-02 -7.501002160741804259e-02 -8.485117073529689339e-15 -6.570762107002198205e-02 7.501002160743437674e-02 4.438424094125469688e-15
6.500000000000000000e+01 1.343594583217015725e+03 1.232217612947692359e-01 -2.568795089072459268e-15 2.585704952850672028e-15 -5.073155870539133305e-01 7.605249959376535474e-01 -1.269617692987039578e-14 -5.073155870538399448e-01 -7.605249959377075042e-01 5.012344165187575102e-15 6.280870109150100446e-03 8.327367934658443975e-16 2.154290898594609570e-15 -5.034562731022607096e-02 -9.239991290514691646e-02 -7.104642237502328129e-15 -5.034562731019274345e-02 9.239991290515048306e-02 3.639450622518490791e-15
6.600000000000000000e+01 1.364265269112662054e+03 1.234828575950959045e-01 -2.500320359337168602e-15 2.693105090372192256e-15 -5.094123381097633851e-01 7.556122740386281844e-01 -1.299809147095974976e-14 -5.094123381096886671e-01 -7.556122740386825853e-01 5.153194853141623112e-15 4.447699458261117691e-03 1.859314752265279728e-15 2.196900205504506353e-15 -3.580110550660644403e-02 -1.045388873810756958e-01 -6.489774111508506160e-15 -3.580110550659067192e-02 1.045388873810584457e-01 3.376193921659909901e-15
6.700000000000000000e+01 1.384935955008308383e+03 1.236586452376623874e-01 -2.386160275800554245e-15 2.801499754844519766e-15 -5.108322203787232230e-01 7.502564600949542806e-01 -1.333364763330463109e-14 -5.108322203786482829e-01 -7.502564600950100138e-01 5.343977389578903082e-15 2.880132880093700699e-03 2.930805236609243963e-15 2.072623187269839931e-15 -2.336312923081971735e-02 -1.097088168660617091e-01 -6.949140447801969908e-15 -2.336312923082456069e-02 1.097088168660301372e-01 4.153097817931239074e-15
6.800000000000000000e+01 1.405606640903954712e+03 1.237657642574097050e-01 -2.212436306100720487e-15 2.896692540172644651e-15 -5.117072269871412171e-01 7.448359118018399450e-01 -1.368068432756904277e-14 -5.117072269870669432e-01 -7.448359118018974545e-01 5.561140976063369609e-15 1.699408428230349960e-03 3.804430366760354260e-15 1.947578559599221434e-15 -1.399392679827380498e-02 -1.067846314129229646e-01 -6.974335445297741030e-15 -1.399392679829401451e-02 1.067846314128795410e-01 4.732780549555869991e-15
6.900000000000000000e+01 1.426277326799601042e+03 1.238255729407768957e-01 -2.012462692434040456e-15 2.992804452519516049e-15 -5.122068010970387553e-01 7.397673316702765289e-01 -1.401871531761989541e-14 -5.122068010969658136e-01 -7.397673316703364810e-01 5.808863977969568626e-15 9.682685764151078038e-04 4.415340944911748852e-15 1.952595685656344702e-15 -8.191574518109307271e-03 -9.540913747772000741e-02 -6.965132176055378392e-15 -8.191574518140629438e-03 9.540913747766248398e-02 5.394213675737600598e-15
7.000000000000000000e+01 1.446948012695247371e+03 1.238608743244035693e-01 -1.778730841211954086e-15 3.088490054827384820e-15 -5.125118603504247305e-01 7.354641634270974171e-01 -1.436484800283606803e-14 -5.125118603503535653e-01 -7.354641634271605888e-01 6.090998121668662598e-15 6.778530129975921144e-04 5.049694500326011163e-15 2.083491159336779440e-15 -5.885955093115319281e-03 -7.611275173924027249e-02 -6.854818492436657923e-15 -5.885955093157120045e-03 7.611275173916974557e-02 5.742373958094972249e-15
7.100000000000000000e+01 1.467618698590893700e+03 1.238921563733580561e-01 -1.516446613917160846e-15 3.197459430045799488e-15 -5.127849605012215761e-01 7.322910083718295882e-01 -1.469204321643514054e-14 -5.127849605011527423e-01 -7.322910083718965346e-01 6.372919845485481029e-15 7.434592450213705142e-04 5.479431276013155107e-15 2.339740653120417322e-15 -6.405086695988062261e-03 -5.033267921678738488e-02 -5.923942762230243956e-15 -6.405086696037767292e-03 5.033267921671330525e-02 5.029812354562720940e-15
7.200000000000000000e+01 1.488289384486540030e+03 1.239339020569186350e-01 -1.240503030825539968e-15 3.318315638025019124e-15 -5.131410124675080953e-01 7.305201379687756846e-01 -1.494673881981325039e-14 -5.131410124674419260e-01 -7.305201379688461838e-01 6.585061237689817222e-15 1.013283983939032486e-03 5.416764452479987854e-15 2.396570583177393779e-15 -8.544474954627585134e-03 -2.029440250829539841e-02 -5.171557880571877172e-15 -8.544474954673492856e-03 2.029440250822526701e-02 4.116037981545941851e-15
7.300000000000000000e+01 1.508960070382186359e+03 1.239916881664407666e-01 -9.843743743400352792e-16 3.432867243821428210e-15 -5.136242581972912946e-01 7.302975511542973974e-01 -1.520002956285247556e-14 -5.136242581972271237e-01 -7.302975511543712273e-01 6.777225693789996105e-15 1.291240094639149521e-03 4.273233185243522582e-15 2.312928102553358791e-15 -1.074818273620075856e-02 1.125063999560224799e-02 -6.037241362091032827e-15 -1.074818273623059407e-02 -1.125063999565733240e-02 4.699265699625212501e-15
7.400000000000000000e+01 1.529630756277832688e+03 1.240607366304013054e-01 -8.207563774397077658e-16 3.545507506215448834e-15 -5.141967736529914346e-01 7.316252539972926128e-01 -1.553975861245436415e-14 -5.141967736529282629e-01 -7.316252539973685520e-01 7.046655764662982033e-15 1.370382373894988388e-03 2.156726002644362504e-15 2.475741684105446688e-15 -1.137410347741441181e-02 4.139324530476717889e-02 -6.665106664915418093e-15 -1.137410347742450270e-02 -4.139324530479360914e-02 5.303936708723599152e-15
7.500000000000000000e+01 1.550301442173479018e+03 1.241262966444633686e-01 -7.725257616768382650e-16 3.676051793201886150e-15 -5.147415016668017707e-01 7.343634833036248866e-01 -1.585472264787269468e-14 -5.147415016667385990e-01 -7.343634833037013809e-01 7.298215208461221658e-15 1.069511434118710800e-03 1.693261390450925144e-16 2.778250336776541650e-15 -8.984459663364322002e-03 6.746582540415529960e-02 -6.721694669194236684e-15 -8.984459663356031758e-03 -6.746582540414834683e-02 5.383574904448713961e-15
7.600000000000000000e+01 1.570972128069125347e+03 1.241657914743024976e-01 -8.041239876042181012e-16 3.818406557256483259e-15 -5.150792897041163165e-01 7.382522161132608618e-01 -1.620001016442177472e-14 -5.150792897040523677e-01 -7.382522161133361349e-01 7.575467896235325015e-15 2.640448013020852401e-04 -1.438474299802424360e-15 2.918472452164522132e-15 -2.590800451957712015e-03 8.738526338064515897e-02 -7.332593437468208186e-15 -2.590800451927371701e-03 -8.738526338060319254e-02 5.724090151564230972e-15
7.700000000000000000e+01 1.591642813964771676e+03 1.241522329594000745e-01 -9.138227017569259950e-16 3.962724434663410228e-15 -5.149959880877756913e-01 7.429470710156012014e-01 -1.657498092131414289e-14 -5.149959880877095220e-01 -7.429470710156734770e-01 7.860475113465904934e-15 -1.095425056980704791e-03 -2.666776883635086914e-15 2.935310595375394702e-15 8.198728658053711094e-03 9.987375362909424459e-02 -7.389355313201091736e-15 8.198728658101426398e-03 -9.987375362902170539e-02 5.762927414207266202e-15
7.800000000000000000e+01 1.612313499860418005e+03 1.240581912143189219e-01 -1.066073341573006173e-15 4.106733158133655874e-15 -5.142739536115014110e-01 7.480625101060294213e-01 -1.692584398367266876e-14 -5.142739536114326881e-01 -7.480625101060974780e-01 8.141542667013628669e-15 -2.978841940339344019e-03 -3.623053472295401173e-15 3.129361788424378636e-15 2.314536756308087709e-02 1.045357869719307914e-01 -7.333252991417627269e-15 2.314536756313459800e-02 -1.045357869718430560e-01 6.038437550019888771e-15
7.900000000000000000e+01 1.632984185756064335e+03 1.238596304073697751e-01 -1.269704186363352546e-15 4.270112091967157885e-15 -5.127224892743861284e-01 7.532153023145730097e-01 -1.729530398072700721e-14 -5.127224892743146301e-01 -7.532153023146366255e-01 8.453612403996365482e-15 -5.284498796184041759e-03 -4.096257804076559056e-15 3.272871920908672232e-15 4.144176600412382422e-02 1.018090603960692814e-01 -7.530861930047527204e-15 4.144176600418275624e-02 -1.018090603959780349e-01 6.787118575151736598e-15
8.000000000000000000e+01 1.653654871651710664e+03 1.235391110264697084e-01 -1.468436243416086755e-15 4.428217377741856154e-15 -5.102032554219668725e-01 7.580629033757383395e-01 -1.766557756600187134e-14 -5.102032554218923766e-01 -7.580629033757974033e-01 8.808220609581934550e-15 -7.854469919539520256e-03 -3.741571685287290783e-15 3.083842782847176823e-15 6.183447183503403000e-02 9.283055237388670999e-02 -7.245179362977572093e-15 6.183447183509235834e-02 -9.283055237380444247e-02 6.978000352508117107e-15
8.100000000000000000e+01 1.674325557547356993e+03 1.230881097999216855e-01 -1.637227353300714393e-15 4.573028556282312673e-15 -5.066486778319719830e-01 7.623337641447051061e-01 -1.800697583642907808e-14 -5.066486778318948225e-01 -7.623337641447607282e-01 9.139040080961184692e-15 -1.049318777219671733e-02 -3.169360233929827597e-15 2.787782082566201336e-15 8.277137034762684087e-02 7.926083164243467871e-02 -6.611992943645104422e-15 8.277137034767796664e-02 -7.926083164236726042e-02 6.523075906615573952e-15
8.200000000000000000e+01 1.694996243443003323e+03 1.225083972180263936e-01 -1.779752825941964669e-15 4.702052703079821305e-15 -5.020728763404902484e-01 7.658484529547729958e-01 -1.831505345229091227e-14 -5.020728763404107564e-01 -7.658484529548255093e-01 9.448962446708617466e-15 -1.298627696703192128e-02 -2.384919953139078423e-15 2.742240880843852403e-15 1.025511609292669296e-01 6.309582523572579427e-02 -5.685757146221459643e-15 1.025511609293035947e-01 -6.309582523567043577e-02 5.865164145229926210e-15
8.300000000000000000e+01 1.715666929338649652e+03 1.218125074490655352e-01 -1.871490761246746370e-15 4.842390508372093314e-15 -4.965753902918634832e-01 7.685314744818730892e-01 -1.856547040731569866e-14 -4.965753902917827145e-01 -7.685314744819232713e-01 9.715157253789546958e-15 -1.511850824619505838e-02 -8.032775684371735132e-16 2.957271286675694583e-15 1.194658419932707466e-01 4.647830782778117342e-02 -4.606437033916591553e-15 1.194658419932847354e-01 -4.647830782775204395e-02 5.055611802339788065e-15
8.400000000000000000e+01 1.736337615234295981e+03 1.210233522964338782e-01 -1.858656329793743622e-15 4.992536435636859555e-15 -4.903381113050225282e-01 7.704138752755387287e-01 -1.876752970275531596e-14 -4.903381113049416484e-01 -7.704138752755883557e-01 9.945559763742022327e-15 -1.669109939889281205e-02 1.222713653606004718e-15 3.126611637092876615e-15 1.319379933869185839e-01 3.150702009089388633e-02 -3.813034264000501772e-15 1.319379933869055666e-01 -3.150702009090051992e-02 4.734469859117770131e-15
8.500000000000000000e+01 1.757008301129942311e+03 1.201729916982731405e-01 -1.751387330916150647e-15 5.149508026704326780e-15 -4.836155238914425780e-01 7.716263129023416267e-01 -1.894001312524802350e-14 -4.836155238913630861e-01 -7.716263129023924749e-01 1.018020977790251100e-14 -1.753897907851273072e-02 3.228055215477039091e-15 3.232831555336111377e-15 1.386577397335821138e-01 2.003638783190006545e-02 -3.316415871602594114e-15 1.386577397335413131e-01 -2.003638783193828835e-02 4.432336362997420996e-15
8.600000000000000000e+01 1.777678987025588640e+03 1.193005519125390074e-01 -1.541574318374338060e-15 5.310087612342681716e-15 -4.767181847304098885e-01 7.723819884988991635e-01 -1.909329111173901830e-14 -4.767181847303330611e-01 -7.723819884989525653e-01 1.038093463667736796e-14 -1.754800982816605293e-02 4.889753108972614042e-15 3.244346893015869791e-15 1.387193887851980167e-01 1.346596923548761676e-02 -2.399615930618646883e-15 1.387193887851407570e-01 -1.346596923555121519e-02 3.379565376408643136e-15
8.700000000000000000e+01 1.798349672921234969e+03 1.184493042514027095e-01 -1.271081807112338179e-15 5.468190319884292404e-15 -4.699895417186497060e-01 7.729490339606520655e-01 -1.917572007420805456e-14 -4.699895417185758761e-01 -7.729490339607091309e-01 1.051217417000373824e-14 -1.667086389097695645e-02 5.923415222211854346e-15 3.289189378084519328e-15 1.317474210677608004e-01 1.253401746612038854e-02 -1.922479935202468294e-15 1.317474210676966018e-01 -1.253401746619767047e-02 2.848417111664559199e-15
8.800000000000000000e+01 1.819020358816881298e+03 1.176630238339280848e-01 -9.597353200430471001e-16 5.633174645966503642e-15 -4.637770376672511463e-01 7.736131667793290090e-01 -1.928213044814341658e-14 -4.637770376671805916e-01 -7.736131667793899602e-01 1.066072595585856142e-14 -1.493857542858601992e-02 6.785314006692185406e-15 3.370314688986142629e-15 1.179882233645095924e-01 1.715113817076324709e-02 -2.068663956770367216e-15 1.179882233644450606e-01 -1.715113817084228803e-02 2.718222550581750755e-15
8.900000000000000000e+01 1.839691044712527628e+03 1.169819335813082201e-01 -6.045811217960625841e-16 5.799246045194173021e-15 -4.583999186512227042e-01 7.746337379159139447e-01 -1.937891862088057151e-14 -4.583999186511551471e-01 -7.746337379159786707e-01 1.077917687481858717e-14 -1.246371307207184628e-02 6.101803262378462246e-15 3.336303120738779310e-15 9.833532724965553251e-02 2.632681528136958382e-02 -1.773263911233646550e-15 9.833532724960311611e-02 -2.632681528143701599e-02 1.945875514649300837e-15
9.000000000000000000e+01 1.860361730608173957e+03 1.164387513395485629e-01 -3.603738089870676717e-16 5.960889518734675590e-15 -4.541178586022801555e-01 7.761991694919406770e-01 -1.945631274993787830e-14 -4.541178586022147079e-01 -7.761991694920081786e-01 1.085186336862601550e-14 -9.431592795107452895e-03 3.594740071968269983e-15 3.179804007159960508e-15 7.425968049809630878e-02 3.824038125903106433e-02 -1.801025272960537848e-15 7.425968049806383475e-02 -3.824038125907574387e-02 1.285964746933601448e-15
9.100000000000000000e+01 1.881032416503820286e+03 1.160554970073540415e-01 -2.514807760880059876e-16 6.111588487688846451e-15 -4.511056168850061110e-01 7.783899738529336254e-01 -1.955582783650658716e-14 -4.511056168849417736e-01 -7.783899738530026813e-01 1.090549326699711876e-14 -6.078535640275025201e-03 3.554820713904628291e-16 3.128691000281960365e-15 4.763704555932989776e-02 5.047919599670132318e-02 -1.704827053464453132e-15 4.763704555931844858e-02 -5.047919599672323621e-02 2.768700303220090723e-16
9.200000000000000000e+01 1.901703102399466616e+03 1.158416753359963330e-01 -3.254558900866725595e-16 6.268211286566515954e-15 -4.494386170107456113e-01 7.811575868463672689e-01 -1.962377270807085651e-14 -4.494386170106813294e-01 -7.811575868464368799e-01 1.087905946666527415e-14 -2.660237786205778623e-03 -2.573432426570297097e-15 3.160459682392706380e-15 2.049690845693396407e-02 6.041533039481186695e-02 -1.666495852635348730e-15 2.049690845695129049e-02 -6.041533039480265210e-02 -7.670536543944994019e-16
9.300000000000000000e+01 1.922373788295112945e+03 1.157941899689676479e-01 -5.042611889373708502e-16 6.422030796202742897e-15 -4.490922681262106142e-01 7.843243873630582064e-01 -1.971952263777336843e-14 -4.490922681261446114e-01 -7.843243873631262630e-01 1.083014792766218690e-14 5.829944744365600073e-04 -3.711516851275886061e-15 3.159355971530293582e-15 -5.253478392432011160e-03 6.563995969786322326e-02 -1.893231735529860400e-15 -5.253478392382588888e-03 -6.563995969782066009e-02 -1.689914768822873798e-15
9.400000000000000000e+01 1.943044474190759274e+03 1.158989411038538336e-01 -6.900268624099145160e-16 6.578545180931050378e-15 -4.499546501590120928e-01 7.876051997467592436e-01 -1.980973908309029563e-14 -4.499546501589429814e-01 -7.876051997468246357e-01 1.071306429673862478e-14 3.456163432052771108e-03 -4.332504367668087816e-15 3.318517915277175463e-15 -2.806656600406562396e-02 6.435100688628446475e-02 -2.252774247357733812e-15 -2.806656600399473622e-02 -6.435100688622190368e-02 -2.689420134253035696e-15
9.500000000000000000e+01 1.963715160086405604e+03 1.161336783542886858e-01 -9.298298696702819652e-16 6.747998682520919644e-15 -4.518491612423927717e-01 7.906453903628014590e-01 -1.994080577636443814e-14 -4.518491612423198300e-01 -7.906453903628634095e-01 1.056597439629501062e-14 5.828742679217822215e-03 -5.334928312479312915e-15 3.475961057121705688e-15 -4.690658744494519833e-02 5.560956283073122119e-02 -2.313723742059949496e-15 -4.690658744486401327e-02 -5.560956283065364436e-02 -3.568499543349503787e-15
9.600000000000000000e+01 1.984385845982051933e+03 1.164714807072383396e-01 -1.214060587728113668e-15 6.919978226537984135e-15 -4.545621410794130624e-01 7.930675573768212194e-01 -2.003700910452107655e-14 -4.545621410793360129e-01 -7.930675573768789510e-01 1.036254147806767051e-14 7.641088389560453213e-03 -5.841175923211709847e-15 3.669195523054572531e-15 -6.130040347804995016e-02 3.942881732818554613e-02 -2.436718568871262065e-15 -6.130040347796766875e-02 -3.942881732810350065e-02 -3.814723373817644205e-15
9.700000000000000000e+01 2.005056531877698262e+03 1.168842391453119717e-01 -1.503590752664616246e-15 7.108412559942557717e-15 -4.578705127801386277e-01 7.945183627476501975e-01 -2.018015720423849190e-14 -4.578705127800576369e-01 -7.945183627477040433e-01 1.019126576226070458e-14 8.899930618630577661e-03 -6.010887911765566671e-15 3.899936345943328439e-15 -7.130165242323292796e-02 1.671182881561026137e-02 -3.155916961110928722e-15 -7.130165242315653074e-02 -1.671182881553959221e-02 -3.383961093282189576e-15
9.800000000000000000e+01 2.025727217773344591e+03 1.173456937282914836e-01 -1.804491761377526209e-15 7.303057070744375190e-15 -4.615658847760786831e-01 7.947091093149492025e-01 -2.034700519538837214e-14 -4.615658847759941952e-01 -7.947091093149999397e-01 1.003014530811418851e-14 9.666965529884177788e-03 -4.369784508082148738e-15 3.893386826507059323e-15 -7.740013532871585500e-02 -1.091137426558758290e-02 -3.067685933913108924e-15 -7.740013532865012980e-02 1.091137426563688027e-02 -3.435168607551998969e-15
9.900000000000000000e+01 2.046397903668990921e+03 1.178337956646185181e-01 -1.932821347807111313e-15 7.490848064844612726e-15 -4.654732918393365004e-01 7.934465717563145004e-01 -2.048148663059542003e-14 -4.654732918392490704e-01 -7.934465717563634612e-01 9.853839634471740145e-15 1.004438407093117235e-02 -1.912909464000539122e-15 3.873052425523577682e-15 -8.040690514007226009e-02 -4.129570510435385394e-02 -1.786965116300517683e-15 -8.040690514002421518e-02 4.129570510437928499e-02 -4.608363248604434861e-15
1.000000000000000000e+02 2.067068589564637477e+03 1.183323229189601478e-01 -1.992391019605942907e-15 7.683495189500760297e-15 -4.694640096568378218e-01 7.906527582418043654e-01 -2.052253332473889454e-14 -4.694640096567485599e-01 -7.906527582418525490e-01 9.577479851460026529e-15 1.015986626052997437e-02 -2.299203441867096343e-16 4.029211567018884743e-15 -8.133514925528111117e-02 -7.200460745275150121e-02 -5.716698293935334090e-16 -8.133514925525857364e-02 7.200460745274973873e-02 -5.908120551644192163e-15
1.010000000000000000e+02 2.087739275460283807e+03 1.188317683183065104e-01 -1.955405721473157842e-15 7.886625219454367194e-15 -4.734625953064244830e-01 7.863737789325990768e-01 -2.053764001313447942e-14 -4.734625953063348325e-01 -7.863737789326481487e-01 9.273502984949210740e-15 1.015197211818471938e-02 1.950058072724102693e-15 4.042953933339877758e-15 -8.128425365202383845e-02 -1.005278134382344563e-01 6.343074412679432466e-16 -8.128425365203270636e-02 1.005278134381980132e-01 -6.972691064355622039e-15
1.020000000000000000e+02 2.108409961355930136e+03 1.193295201551393958e-01 -1.800842766924449634e-15 8.080622214810937989e-15 -4.774483138041570873e-01 7.807782179502500419e-01 -2.046022724076262858e-14 -4.774483138040687136e-01 -7.807782179503017783e-01 8.892573689665866311e-15 1.015567381801476925e-02 3.781452041674921673e-15 3.925002625039801977e-15 -8.132501347944497139e-02 -1.244917648908532848e-01 2.242583540912676964e-15 -8.132501347948130344e-02 1.244917648907838403e-01 -8.238093044047073346e-15
1.030000000000000000e+02 2.129080647251576465e+03 1.198293291611620542e-01 -1.583965228847287308e-15 8.272166247751229281e-15 -4.814509031671876382e-01 7.741453328305983872e-01 -2.031735787653429862e-14 -4.814509031671015404e-01 -7.741453328306542314e-01 8.464300248842777198e-15 1.028728757571721608e-02 4.817735629194625144e-15 3.905437861503083148e-15 -8.238009873720085474e-02 -1.418676976476389573e-01 3.020159491285987879e-15 -8.238009873725435361e-02 1.418676976475378992e-01 -8.715150894616624113e-15
1.040000000000000000e+02 2.149751333147222795e+03 1.203400090157136781e-01 -1.327611300353572836e-15 8.464241456099503474e-15 -4.855402594695476526e-01 7.668429870069014553e-01 -2.016356619180877866e-14 -4.855402594694645524e-01 -7.668429870069630727e-01 8.036511016933579253e-15 1.062867054569659360e-02 5.405927546315152134e-15 4.056092426590467794e-15 -8.509869830413731295e-02 -1.511753401990808821e-01 3.657866552143411841e-15 -8.509869830420661863e-02 1.511753401989502088e-01 -9.508749074030200348e-15
1.050000000000000000e+02 2.170422019042869124e+03 1.208733510289372037e-01 -1.052957465487245577e-15 8.670583827153215438e-15 -4.898098885705589045e-01 7.592958405674203881e-01 -1.995805680934793912e-14 -4.898098885704796346e-01 -7.592958405674891109e-01 7.530284849099887300e-15 1.121192335378477963e-02 5.014360412073394297e-15 4.178490017495364041e-15 -8.973517777888456726e-02 -1.516645998988832289e-01 4.192418979730937472e-15 -8.973517777896355962e-02 1.516645998987423971e-01 -1.044188986050183207e-14
1.060000000000000000e+02 2.191092704938515453e+03 1.214413220266724880e-01 -8.350659814820343759e-16 8.874681777284510960e-15 -4.943546721006531475e-01 7.519454362566889705e-01 -1.975175767117617123e-14 -4.943546721005778188e-01 -7.519454362567644656e-01 7.010836045788908304e-15 1.200740345151489301e-02 3.877025953229750128e-15 4.151571181088780610e-15 -9.605400498760245653e-02 -1.434427857697104236e-01 4.266700766469570115e-15 -9.605400498767524553e-02 1.434427857695827202e-01 -1.075518510407333735e-14
1.070000000000000000e+02 2.211763390834161783e+03 1.220528016219990242e-01 -6.721290392319477793e-16 9.078379993197399005e-15 -4.992449803125871277e-01 7.452058935251913985e-01 -1.953895181552057698e-14 -4.992449803125150742e-01 -7.452058935252726668e-01 6.473835842392412641e-15 1.291921014374328679e-02 2.365188911643757239e-15 4.277673827177178051e-15 -1.032939594795180549e-01 -1.275044193326115571e-01 3.406214087981002650e-15 -1.032939594795687643e-01 1.275044193325094721e-01 -9.756507068768296430e-15
1.080000000000000000e+02 2.232434076729808112e+03 1.227103366081726821e-01 -6.027406935206731865e-16 9.294864621374134648e-15 -5.045009224752459165e-01 7.394210663038431885e-01 -1.941717565747213122e-14 -5.045009224751756394e-01 -7.394210663039286757e-01 6.052484134408876680e-15 1.379204209524690153e-02 -2.500523826656131372e-17 4.519754716965591375e-15 -1.102225767020735825e-01 -1.056296972842833415e-01 2.173284960792566559e-15 -1.102225767020919844e-01 1.056296972842127591e-01 -8.315850151008276647e-15
1.090000000000000000e+02 2.253104762625454441e+03 1.234075518221116052e-01 -6.745852274680004035e-16 9.522341704232135931e-15 -5.100718076100124732e-01 7.348302107549777862e-01 -1.932547666693833303e-14 -5.100718076099423071e-01 -7.348302107550659379e-01 5.656995262992841527e-15 1.443097326647161359e-02 -2.721423967689420126e-15 4.691864151693473464e-15 -1.152930859878653902e-01 -8.014708152808965036e-02 1.512274763954051050e-15 -1.152930859878470993e-01 8.014708152804553287e-02 -7.501365892340098882e-15
1.100000000000000000e+02 2.273775448521100770e+03 1.241278470671430267e-01 -8.700578637669139387e-16 9.755732116884342655e-15 -5.158258104240353026e-01 7.315484631034775420e-01 -1.926862952304595936e-14 -5.158258104239633601e-01 -7.315484631035673591e-01 5.315647857838364823e-15 1.463163465083042528e-02 -5.394158428162165860e-15 4.617377635986447421e-15 -1.168838987990426515e-01 -5.359736781267245009e-02 4.126004495647293378e-16 -1.168838987989882505e-01 5.359736781265481143e-02 -6.099259492838120896e-15
1.110000000000000000e+02 2.294446134416747100e+03 1.248447726364258215e-01 -1.204436946272580612e-15 9.975892616645881759e-15 -5.215529562458995905e-01 7.295655049000885350e-01 -1.928494818408175866e-14 -5.215529562458242063e-01 -7.295655049001783521e-01 5.057883618654931610e-15 1.421439305085482434e-02 -7.660207163097282093e-15 4.478943680444776632e-15 -1.135697974775422836e-01 -2.837059053089706004e-02 -3.478818553961556480e-16 -1.135697974774636382e-01 2.837059053090675020e-02 -4.864038451718712093e-15
1.120000000000000000e+02 2.315116820312393429e+03 1.255240835125611409e-01 -1.622496633562021597e-15 1.019568508436163158e-14 -5.269814250021309654e-01 7.287617065859426368e-01 -1.930280089592596990e-14 -5.269814250020513624e-01 -7.287617065860314547e-01 4.837868206332503006e-15 1.305445216462531102e-02 -9.307590552933701273e-15 4.211505719489411018e-15 -1.043607610161211702e-01 -6.395548668868532641e-03 -4.115472756151781880e-16 -1.043607610160323940e-01 6.395548668895011460e-03 -4.224756046161691917e-15
1.130000000000000000e+02 2.335787506208039758e+03 1.261270716288629967e-01 -2.118693158447172611e-15 1.038957596947003322e-14 -5.318039952794315628e-01 7.289372896742978281e-01 -1.932537321687567665e-14 -5.318039952793474079e-01 -7.289372896743850916e-01 4.642898726683286390e-15 1.110136424343331069e-02 -1.005541295031996444e-14 4.014758573441135952e-15 -8.885676462061417591e-02 1.106007337567280722e-02 -7.271712756312944276e-16 -8.885676462052362334e-02 -1.106007337563959247e-02 -3.177246037611753222e-15
1.140000000000000000e+02 2.356458192103686088e+03 1.266145366395492744e-01 -2.610209157391641298e-15 1.059004256552444729e-14 -5.357095537897178517e-01 7.298481038370151497e-01 -1.937422871092061438e-14 -5.357095537896292559e-01 -7.298481038371006369e-01 4.525777025379332143e-15 8.385330691456050270e-03 -9.914304327678945805e-15 4.008893028524175150e-15 -6.729775465043219551e-02 2.346069920916209542e-02 -1.942188520383439629e-15 -6.729775465034253112e-02 -2.346069920912581194e-02 -8.444362690695242172e-16
1.150000000000000000e+02 2.377128877999332417e+03 1.269507370696881243e-01 -3.092545012954559642e-15 1.078335729605797593e-14 -5.384144483182329299e-01 7.312417625528534471e-01 -1.951614846744952995e-14 -5.384144483181398932e-01 -7.312417625529370468e-01 4.559952329289494131e-15 5.011680595828498647e-03 -9.744080613562243660e-15 3.852507263778754629e-15 -4.051982410239354793e-02 3.096307733559053657e-02 -2.468107596313083258e-15 -4.051982410230837994e-02 -3.096307733555951971e-02 1.205512841501814874e-15
1.160000000000000000e+02 2.397799563894978746e+03 1.271068187282501649e-01 -3.567340456003756889e-15 1.096846259574884305e-14 -5.396896924401185514e-01 7.328895124208062439e-01 -1.961666338715734498e-14 -5.396896924400215179e-01 -7.328895124208887335e-01 4.644190872435795871e-15 1.147284371123715244e-03 -9.376102113695380909e-15 3.818673504897472088e-15 -9.847403678055709902e-03 3.430277904261075372e-02 -1.616467778705715933e-15 -9.847403677985295742e-03 -3.430277904259864535e-02 2.129841108068157060e-15
1.170000000000000000e+02 2.418470249790625076e+03 1.270634313118193526e-01 -4.013530906637584712e-15 1.115845393941199786e-14 -5.393817287261163385e-01 7.346112198421702599e-01 -1.967492916370565729e-14 -5.393817287260164184e-01 -7.346112198422527495e-01 4.769160120814269673e-15 -2.996923669776254719e-03 -8.794559445493561839e-15 3.856363569602061049e-15 2.304541491400957307e-02 3.464569555131208345e-02 -7.246966259774822201e-16 2.304541491406028250e-02 -3.464569555131611495e-02 2.960031590402114559e-15
1.180000000000000000e+02 2.439140935686271405e+03 1.268124400631248094e-01 -4.431203188324626793e-15 1.134726141912437017e-14 -5.374260116703801771e-01 7.362926533521521044e-01 -1.968784812486941292e-14 -5.374260116702782586e-01 -7.362926533522350381e-01 4.934945741203114081e-15 -7.184503735072105685e-03 -7.715439048338466423e-15 3.809971668181997821e-15 5.628213110252546642e-02 3.342935661687709836e-02 5.899407697263555529e-17 5.628213110255679552e-02 -3.342935661689310639e-02 3.477650842777325495e-15
1.190000000000000000e+02 2.459811621581917734e+03 1.263577194378574242e-01 -4.771394935945848477e-15 1.153269582790446810e-14 -5.338533067674720023e-01 7.378948835123932959e-01 -1.966913435558136385e-14 -5.338533067673690846e-01 -7.378948835124774508e-01 5.110759148908734393e-15 -1.117181621039192892e-02 -6.144015712094539277e-15 3.817402876397917081e-15 8.792908416235546698e-02 3.220513858115096884e-02 9.089062987706355043e-16 8.792908416237080194e-02 -3.220513858118149997e-02 3.965294883993765413e-15
1.200000000000000000e+02 2.480482307477564063e+03 1.257150666544498696e-01 -5.034711099478950193e-15 1.172223325251898569e-14 -5.287890061028202027e-01 7.394560658211803972e-01 -1.959856903322804748e-14 -5.287890061027168409e-01 -7.394560658212664395e-01 5.324444555120401636e-15 -1.472603434347565486e-02 -4.761241060253431665e-15 3.804007644573053972e-15 1.161383816480501957e-01 3.248079892193263957e-02 1.679486718261802189e-15 1.161383816480485026e-01 -3.248079892197689583e-02 4.702146648347356823e-15
1.210000000000000000e+02 2.501152993373210393e+03 1.249112260298534116e-01 -5.239077113437573071e-15 1.190635188856072047e-14 -5.224453880059224398e-01 7.410853732553494000e-01 -1.950416350123371569e-14 -5.224453880058196331e-01 -7.410853732554379958e-01 5.572636662681887635e-15 -1.764335295790015953e-02 -3.415023498686265151e-15 3.753647172991573035e-15 1.392923896317399546e-01 3.555725075499101273e-02 2.569931918866469180e-15 1.392923896317190546e-01 -3.555725075505342808e-02 4.904472733155085576e-15
1.220000000000000000e+02 2.521823679268856722e+03 1.239820139429438917e-01 -5.370158434709228990e-15 1.209094255775775866e-14 -5.151067398057362912e-01 7.429487460380119757e-01 -1.934613246456647578e-14 -5.151067398056348168e-01 -7.429487460381041242e-01 5.806195942681666679e-15 -1.976720250204344956e-02 -2.317923672591180620e-15 3.872939322955784801e-15 1.561482737216723371e-01 4.235916155670116368e-02 3.352117902675769757e-15 1.561482737216441929e-01 -4.235916155677365430e-02 5.049255312116774514e-15
1.230000000000000000e+02 2.542494365164503051e+03 1.229695540598600562e-01 -5.466759681225761823e-15 1.228677889759707431e-14 -5.071074196607872064e-01 7.452461844100165544e-01 -1.917489519070441109e-14 -5.071074196606870643e-01 -7.452461844101122557e-01 6.068609601081426430e-15 -2.100514267548941189e-02 -1.719228501198521113e-15 3.977153680478517184e-15 1.659720738714442478e-01 5.326944686740776869e-02 2.914363682923767812e-15 1.659720738714188792e-01 -5.326944686748171648e-02 6.121243699716118317e-15
1.240000000000000000e+02 2.563165051060149381e+03 1.219187428880491447e-01 -5.539033003098244747e-15 1.248160622505932824e-14 -4.988038095552602691e-01 7.481812412193004080e-01 -1.905986341496703175e-14 -4.988038095551612372e-01 -7.481812412193998840e-01 6.407467028562866325e-15 -2.134143227071164106e-02 -1.783675412374787128e-15 4.012097256149328091e-15 1.686384897436296604e-01 6.799513034066916040e-02 2.014014231349527021e-15 1.686384897436154773e-01 -6.799513034074153306e-02 6.982841295648068411e-15
1.250000000000000000e+02 2.583835736955795710e+03 1.208732503044212675e-01 -5.641964673000214554e-15 1.268087496568496358e-14 -4.905425755173952185e-01 7.519251385343987959e-01 -1.897706471976271685e-14 -4.905425755172964086e-01 -7.519251385345016025e-01 6.754512789115765487e-15 -2.084125646477468299e-02 -2.703445877003274929e-15 4.188525611095724095e-15 1.646645047395214057e-01 8.550576456842980122e-02 1.075582046652310623e-15 1.646645047395315642e-01 -8.550576456848697771e-02 7.241240752802628703e-15
1.260000000000000000e+02 2.604506422851442039e+03 1.198715698754332926e-01 -5.804584240367591995e-15 1.289303231197391060e-14 -4.826293178297611508e-01 7.565802114993999128e-01 -1.895421227332486055e-14 -4.826293178296611197e-01 -7.565802114995050509e-01 7.118752006608546148e-15 -1.964308390737994764e-02 -3.957680491793984833e-15 4.450293890311573307e-15 1.551488578786669181e-01 1.040867441245157399e-01 1.997445881719908218e-16 1.551488578787005856e-01 -1.040867441245583030e-01 7.102462135687008958e-15
1.270000000000000000e+02 2.625177108747088369e+03 1.189437701251574442e-01 -6.030715548411721179e-15 1.311801375171993258e-14 -4.753027767401858950e-01 7.621492617249995272e-01 -1.895744441851010823e-14 -4.753027767400838099e-01 -7.621492617251065527e-01 7.452165967170526817e-15 -1.793818142775786828e-02 -5.214693115956559884e-15 4.498803582039226543e-15 1.416095965718247862e-01 1.215298417651478752e-01 4.905901817098791035e-16 1.416095965718759675e-01 -1.215298417651805712e-01 5.821621304922152724e-15
1.280000000000000000e+02 2.645847794642734698e+03 1.181095570631836983e-01 -6.316807629303051468e-15 1.333493605697011111e-14 -4.687194393673355108e-01 7.685177169328937241e-01 -1.890602309711332891e-14 -4.687194393672304837e-01 -7.685177169330020819e-01 7.690592099131248601e-15 -1.594031722466967768e-02 -6.332823598289958180e-15 4.395031253907230153e-15 1.257436744621024116e-01 1.354436669644908942e-01 7.943617077888934777e-17 1.257436744621716618e-01 -1.354436669645081304e-01 5.109830287525748413e-15
1.290000000000000000e+02 2.666518480538381027e+03 1.173780014158651713e-01 -6.652769481963571352e-15 1.354972425764884468e-14 -4.629513593819737372e-01 7.754534797412251379e-01 -1.894964164590285575e-14 -4.629513593818648243e-01 -7.754534797413339398e-01 7.954089000522677959e-15 -1.385228478925299919e-02 -7.336280861345347850e-15 4.562492435426220823e-15 1.091611860450834304e-01 1.436234794809002902e-01 -1.122258340638767221e-15 1.091611860451730948e-01 -1.436234794808982085e-01 4.842465040813920730e-15
1.300000000000000000e+02 2.687189166434027356e+03 1.167488894071065375e-01 -7.037428107137506972e-15 1.378309576364878958e-14 -4.579968692346595427e-01 7.826254129668748227e-01 -1.901625910865235781e-14 -4.579968692345456893e-01 -7.826254129669830695e-01 8.166252660328473037e-15 -1.183707956350786746e-02 -8.556391626319222237e-15 4.925098089330151235e-15 9.315644099963657498e-02 1.443955286243576441e-01 -1.740960127886898773e-15 9.315644099974469683e-02 -1.443955286243395753e-01 4.147419328921090692e-15
1.310000000000000000e+02 2.707859852329673686e+03 1.162152812184741313e-01 -7.493237716322604068e-15 1.403350161099621956e-14 -4.538008865067838515e-01 7.896370118061850629e-01 -1.912065084565403850e-14 -4.538008865066643360e-01 -7.896370118062920884e-01 8.361477342800362364e-15 -9.999642734005475750e-03 -9.418087809292252499e-15 5.241470093431412739e-15 7.856290620320298401e-02 1.368599563654614160e-01 -2.093465848622229219e-15 7.856290620331915497e-02 -1.368599563654340212e-01 3.282628207862665966e-15
1.320000000000000000e+02 2.728530538225320015e+03 1.157666550214083434e-01 -7.962538127553824917e-15 1.429794937335517813e-14 -4.502798747413716551e-01 7.960687487682791552e-01 -1.922189386946324694e-14 -4.502798747412463665e-01 -7.960687487683847374e-01 8.488695210226851289e-15 -8.381160722380069303e-03 -9.526949202352424308e-15 5.405972279904759389e-15 6.570786262064087779e-02 1.209933466542509051e-01 -2.287749768763034340e-15 6.570786262075810347e-02 -1.209933466542202490e-01 2.340370745393302843e-15
1.330000000000000000e+02 2.749201224120966344e+03 1.153920253809841007e-01 -8.429040859121694140e-15 1.456451376840023405e-14 -4.473466037095350512e-01 8.015218189623803946e-01 -1.934536952296342375e-14 -4.473466037094039893e-01 -8.015218189624844225e-01 8.591364818038849151e-15 -6.964098800680552405e-03 -1.016537651053637351e-14 5.500602771414569379e-15 5.445233415244780245e-02 9.761632460254468513e-02 -2.477175012869163498e-15 5.445233415255798515e-02 -9.761632460252693544e-02 1.229167985783665449e-15
1.340000000000000000e+02 2.769871910016612674e+03 1.150825928514504076e-01 -8.961052036282031071e-15 1.483825679511702478e-14 -4.449311881523821399e-01 8.056573023977035009e-01 -1.946521921035348121e-14 -4.449311881522460266e-01 -8.056573023978073067e-01 8.609432629907892872e-15 -5.684076204325218783e-03 -8.937016828255342598e-15 5.808725619489125023e-15 4.428536912731131231e-02 6.826214016061901702e-02 -2.529830159894418365e-15 4.428536912741054543e-02 -6.826214016062137624e-02 -5.826730542712150208e-17
1.350000000000000000e+02 2.790542595912259003e+03 1.148336959238895200e-01 -9.306896745354887637e-15 1.513508715710196809e-14 -4.429965870642145753e-01 8.082270006464316037e-01 -1.959386701823636533e-14 -4.429965870640737990e-01 -8.082270006465358536e-01 8.585641398465280734e-15 -4.444669607274223146e-03 -5.820530098005914169e-15 6.060466051397497434e-15 3.444157984226023372e-02 3.499014809800719134e-02 -1.901597222611723691e-15 3.444157984235125813e-02 -3.499014809802963172e-02 -1.347610946585318589e-15
1.360000000000000000e+02 2.811213281807905332e+03 1.146460065215722385e-01 -9.532784942879841021e-15 1.543355787810427915e-14 -4.415480968841517528e-01 8.090942778514023104e-01 -1.965200730163654096e-14 -4.415480968840067022e-01 -8.090942778515083367e-01 8.477060919688885455e-15 -3.132583180690189789e-03 -6.290570463398178385e-15 6.177542196767978686e-15 2.402158135738579475e-02 1.773292552093555432e-04 -5.264709964492254132e-16 2.402158135745851436e-02 -1.773292552574149458e-04 -3.017356386457829198e-15
1.370000000000000000e+02 2.831883967703551662e+03 1.145259918390555687e-01 -9.924800282427761066e-15 1.574188827251906342e-14 -4.406370204441160121e-01 8.082444191579414294e-01 -1.964558065736736044e-14 -4.406370204439680749e-01 -8.082444191580504533e-01 8.289255689943299940e-15 -1.632165631362962653e-03 -9.543023976422245491e-15 6.194994501180652707e-15 1.210722959233720766e-02 -3.369443832284661766e-02 1.927735452163264441e-16 1.210722959238824496e-02 3.369443832277018575e-02 -4.180129355963032384e-15
1.380000000000000000e+02 2.852554653599197991e+03 1.144856838731612425e-01 -1.047016706167374515e-14 1.604207328011738504e-14 -4.403588406739578631e-01 8.057845760142617886e-01 -1.963307174465704019e-14 -4.403588406738078165e-01 -8.057845760143753644e-01 8.066459571289647762e-15 1.604453432814440688e-04 -9.425861170979995076e-15 6.249129899640000820e-15 -2.126108359864611452e-03 -6.425310325004122969e-02 2.259284520891920432e-16 -2.126108359827251146e-03 6.425310324993810385e-02 -5.244228616420384167e-15
1.390000000000000000e+02 2.873225339494844320e+03 1.145417518954284092e-01 -1.085067385643747039e-14 1.635572122949535111e-14 -4.408458615791774893e-01 8.019330329335732088e-01 -1.962338839507833611e-14 -4.408458615790258883e-01 -8.019330329336923358e-01 7.774131118943032652e-15 2.322864519798661150e-03 -9.220317065693137016e-15 6.453536309822511243e-15 -1.929478629594511691e-02 -8.945559879527535674e-02 -1.026476161879787812e-16 -1.929478629592203121e-02 8.945559879514947133e-02 -6.718545615056463000e-15
1.400000000000000000e+02 2.893896025390490649e+03 1.147138517652905865e-01 -1.137585066556544714e-14 1.667598445489395741e-14 -4.422541086418949052e-01 7.969976255734090298e-01 -1.964315450670281748e-14 -4.422541086417425826e-01 -7.969976255735349291e-01 7.406517341298915474e-15 4.891642661605234005e-03 -1.114717028106325670e-14 6.601046670819202128e-15 -3.968924731532921107e-02 -1.078042984730409742e-01 -5.345037138345646366e-16 -3.968924731531685290e-02 1.078042984729006698e-01 -8.157527039534490408e-15
1.410000000000000000e+02 2.914566711286136979e+03 1.150222430242201915e-01 -1.194562637069668633e-14 1.700412189681398915e-14 -4.447444152068009138e-01 7.913437457257216368e-01 -1.967589106352131033e-14 -4.447444152066480916e-01 -7.913437457258545304e-01 6.972842135563131838e-15 7.848163000491270233e-03 -1.146618441922744453e-14 6.958857485065606502e-15 -6.316201846130749253e-02 -1.185404273210097642e-01 -1.624182276340054271e-15 -6.316201846129761155e-02 1.185404273208595233e-01 -8.787578551444158356e-15
1.420000000000000000e+02 2.935237397181783308e+03 1.154847528633300147e-01 -1.250213896494857992e-14 1.735953178641613742e-14 -4.484583209375824775e-01 7.853537611967251753e-01 -1.980269297451603086e-14 -4.484583209374291557e-01 -7.853537611968658405e-01 6.543340320894024233e-15 1.110808908948106820e-02 -1.050571003270247660e-14 7.203334598116567180e-15 -8.904386851205380038e-02 -1.217741012228015923e-01 -4.311782217247568474e-15 -8.904386851204391939e-02 1.217741012226419839e-01 -8.073884586706811919e-15
1.430000000000000000e+02 2.955908083077429637e+03 1.161133567123106003e-01 -1.297757020257009851e-14 1.771168346897881252e-14 -4.534909226385812619e-01 7.793822474312105397e-01 -2.009942427066480971e-14 -4.534909226384274405e-01 -7.793822474313590876e-01 6.179769095038078314e-15 1.451843058050481319e-02 -1.072788497528990499e-14 7.033459956530286535e-15 -1.161204339326749324e-01 -1.185011829298011216e-01 -6.186026839625547289e-15 -1.161204339326591672e-01 1.185011829296410413e-01 -8.162636919608117774e-15
1.440000000000000000e+02 2.976578768973075967e+03 1.169108539873280339e-01 -1.355590636332880023e-14 1.805040709101494560e-14 -4.598644767498292207e-01 7.737137516768113343e-01 -2.041032751050491923e-14 -4.598644767496743446e-01 -7.737137516769676537e-01 5.741549409590434158e-15 1.786599050373781361e-02 -1.255284009703488076e-14 7.120812384347755802e-15 -1.426992246691551058e-01 -1.104705263198982185e-01 -6.908329771908404438e-15 -1.426992246691232424e-01 1.104705263197477139e-01 -9.546489102470832661e-15
1.450000000000000000e+02 2.997249454868722296e+03 1.178682784304287273e-01 -1.421059737258577077e-14 1.841113913595244363e-14 -4.675078319433370044e-01 7.685310647995970967e-01 -2.077800841913996773e-14 -4.675078319431800189e-01 -7.685310647997604105e-01 5.242046607488385869e-15 2.089869393258907138e-02 -1.342068629783481253e-14 7.492024765724255305e-15 -1.667789542055969354e-01 -9.990125419463311007e-02 -8.220884848218215943e-15 -1.667789542055485297e-01 9.990125419449999433e-02 -1.034456823443892141e-14
1.460000000000000000e+02 3.017920140764368625e+03 1.189636689071015135e-01 -1.487417941688233251e-14 1.878632581722817636e-14 -4.762466643928372489e-01 7.639007563874249396e-01 -2.121783993805648109e-14 -4.762466643926775989e-01 -7.639007563875942486e-01 4.725434044737093183e-15 2.335726506341664899e-02 -1.385503116819362727e-14 7.684398377991265383e-15 -1.863011089608662685e-01 -8.910070652870122343e-02 -8.495219895329873269e-15 -1.863011089608069271e-01 8.910070652858938234e-02 -1.136373981891206494e-14
1.470000000000000000e+02 3.038590826660014955e+03 1.201625912885406905e-01 -1.557153479708399928e-14 1.916595413495220667e-14 -4.858076212640867753e-01 7.597789743429177456e-01 -2.161246794106709797e-14 -4.858076212639239611e-01 -7.597789743430919396e-01 4.125821128521495050e-15 2.501082754317614579e-02 -1.474001490323238219e-14 7.662044529091407493e-15 -1.994327166304723786e-01 -8.007233544607050835e-02 -8.103368439179449819e-15 -1.994327166303976329e-01 8.007233544597823494e-02 -1.244420319002997116e-14
1.480000000000000000e+02 3.059261512555661284e+03 1.214204061607368074e-01 -1.632204609260096527e-14 1.953894506587703446e-14 -4.958363314557909796e-01 7.560354952665623296e-01 -2.201380908742180340e-14 -4.958363314556240020e-01 -7.560354952667406314e-01 3.503077946524140104e-15 2.568834226682537025e-02 -1.569339012081896933e-14 7.767267363300072763e-15 -2.048160116505055028e-01 -7.420705778191115376e-02 -7.455353296779067654e-15 -2.048160116504173234e-01 7.420705778183372958e-02 -1.346080336657876934e-14
1.490000000000000000e+02 3.079932198451307613e+03 1.226858787456269612e-01 -1.711304861061501581e-14 1.992890910145315515e-14 -5.059260729664208922e-01 7.524898415455014700e-01 -2.234478454081139961e-14 -5.059260729662494738e-01 -7.524898415456832135e-01 2.803607497747166955e-15 2.529934426504587552e-02 -1.594128775214527839e-14 7.868568601236636734e-15 -2.017330016133687676e-01 -7.211847958212999621e-02 -7.642169689604086635e-15 -2.017330016132730108e-01 7.211847958206384079e-02 -1.307122706428579900e-14
1.500000000000000000e+02 3.100602884346953942e+03 1.239054835313750519e-01 -1.788791013384499875e-14 2.031185054379742691e-14 -5.156519484918794527e-01 7.489515171311289521e-01 -2.276447609124812566e-14 -5.156519484917031493e-01 -7.489515171313136932e-01 2.219131206892234353e-15 2.384127551841885156e-02 -1.581994792810422269e-14 7.675917438473121818e-15 -1.901635394081889197e-01 -7.363104138441596558e-02 -9.064071959909732446e-15 -1.901635394080856689e-01 7.363104138435609680e-02 -1.038921484386123409e-14
1.510000000000000000e+02 3.121273570242600272e+03 1.250277344734780360e-01 -1.866699381128663937e-14 2.068289104364886046e-14 -5.246052570414279081e-01 7.452572890807426242e-01 -2.323512066484008631e-14 -5.246052570412463867e-01 -7.452572890809302519e-01 1.783106632716874540e-15 2.139473487974973692e-02 -1.536288096645478089e-14 7.607673156565792900e-15 -1.707475259530941702e-01 -7.788738949285731183e-02 -1.001331024775997439e-14 -1.707475259529913636e-01 7.788738949279508383e-02 -7.274549603311172572e-15
1.520000000000000000e+02 3.141944256138246601e+03 1.260070230394139124e-01 -1.939695904189489095e-14 2.105912905847079596e-14 -5.324239568251053489e-01 7.413008765825433999e-01 -2.374805299510758255e-14 -5.324239568249189425e-01 -7.413008765827342472e-01 1.504574402123554696e-15 1.811040690765953684e-02 -1.427620972751077718e-14 7.596119604129814768e-15 -1.446811308724005596e-01 -8.352333686200591467e-02 -9.974955078647165057e-15 -1.446811308723037204e-01 8.352333686193964823e-02 -4.660564739415554332e-15
1.530000000000000000e+02 3.162614942033892930e+03 1.268066644689663236e-01 -2.006930232018103975e-14 2.142903468812921813e-14 -5.388168429435220563e-01 7.370530466236471234e-01 -2.421493005750199385e-14 -5.388168429433309869e-01 -7.370530466238411904e-01 1.325313582945309200e-15 1.419177366644654333e-02 -1.328122434686121090e-14 7.383003635336296531e-15 -1.135795484939235711e-01 -8.886447320053018906e-02 -8.641416757661333987e-15 -1.135795484938385280e-01 8.886447320045709475e-02 -2.661251900040302960e-15
1.540000000000000000e+02 3.183285627929539260e+03 1.274010376517385468e-01 -2.070153317365824737e-14 2.178433897179108924e-14 -5.435805292157790403e-01 7.325719906046788132e-01 -2.459687298861184178e-14 -5.435805292155841961e-01 -7.325719906048768770e-01 1.243167750430395070e-15 9.876537418893764630e-03 -1.229005030081127653e-14 7.147218813097820904e-15 -7.932951215602887518e-02 -9.211689759054644822e-02 -6.945300797725710977e-15 -7.932951215596527328e-02 9.211689759045733894e-02 -7.479242686027538399e-16
1.550000000000000000e+02 3.203956313825185589e+03 1.277768065952926968e-01 -2.127651645057843966e-14 2.213108417800350341e-14 -5.466091387997862316e-01 7.280046849247256979e-01 -2.489714575700335039e-14 -5.466091387995889450e-01 -7.280046849249285357e-01 1.251847264791608506e-15 5.418010777444083950e-03 -1.144570986991187515e-14 7.047476645567841504e-15 -4.394156825948897921e-02 -9.154370569698258575e-02 -5.400685908830985200e-15 -4.394156825945148143e-02 9.154370569687939052e-02 1.251251299768540254e-15
1.560000000000000000e+02 3.224626999720831918e+03 1.279332323140129624e-01 -2.182581032055279615e-14 2.247659109297350316e-14 -5.478967753511732042e-01 7.235799317960144306e-01 -2.512736588191989837e-14 -5.478967753509746963e-01 -7.235799317962225974e-01 1.366074346643348269e-15 1.066439390314616971e-03 -1.092066696913807536e-14 6.867146747578160108e-15 -9.401848972550631151e-03 -8.563107197665752179e-02 -4.309698137602181684e-15 -9.401848972533067075e-03 8.563107197653826996e-02 3.433458859309918474e-15
1.570000000000000000e+02 3.245297685616478248e+03 1.278815596817072520e-01 -2.234922023582148176e-14 2.280562304369404180e-14 -5.475326537288321971e-01 7.195934060803685917e-01 -2.532047425136413403e-14 -5.475326537286331341e-01 -7.195934060805831978e-01 1.589105449229101587e-15 -2.950320269808146077e-03 -1.026635405869535987e-14 6.724537552381933807e-15 2.248124610988525007e-02 -7.325128756438646638e-02 -3.987318681822206879e-15 2.248124610989267816e-02 7.325128756424556520e-02 6.561154661855840717e-15
1.580000000000000000e+02 3.265968371512124577e+03 1.276434313586275182e-01 -2.283424294564153435e-14 2.313712189267963311e-14 -5.456885111611556871e-01 7.163846813899445998e-01 -2.551902802627870133e-14 -5.456885111609564021e-01 -7.163846813901666444e-01 2.010556543676528756e-15 -6.446770247108921104e-03 -9.913743798350929023e-15 6.893112318311210598e-15 5.023549137287097038e-02 -5.382360503415580671e-02 -4.296768652256912167e-15 5.023549137287224020e-02 5.382360503400267226e-02 1.042230129099464033e-14
1.590000000000000000e+02 3.286639057407770906e+03 1.272483131166202153e-01 -2.332301703124377788e-14 2.348271242814777084e-14 -5.425981747357898621e-01 7.143064776337151311e-01 -2.574253272184172923e-14 -5.425981747355906881e-01 -7.143064776339447253e-01 2.612856294977654625e-15 -9.299013552470775795e-03 -1.022473052718407254e-14 7.186869073268527757e-15 7.287750829067876635e-02 -2.746083786436504318e-02 -4.990574868645283712e-15 7.287750829068370684e-02 2.746083786421021911e-02 1.331692913785500613e-14
1.600000000000000000e+02 3.307309743303417235e+03 1.267300176390303845e-01 -2.383858701826973896e-14 2.384306610659331467e-14 -5.385299759523246577e-01 7.136872871001730401e-01 -2.600923696381551779e-14 -5.385299759521250396e-01 -7.136872871004102947e-01 3.318637848084064544e-15 -1.146001442351084372e-02 -1.056101992363989631e-14 7.413079320046636939e-15 9.003384521986947109e-02 4.926407299395152602e-03 -5.150545336525899266e-15 9.003384521988820610e-02 -4.926407299547788318e-03 1.501223223575258610e-14
1.610000000000000000e+02 3.327980429199063565e+03 1.261226308770847793e-01 -2.436039378489180686e-14 2.421087658418269997e-14 -5.337544249135238728e-01 7.147903835867712719e-01 -2.624845507019013820e-14 -5.337544249133230334e-01 -7.147903835870159650e-01 4.087462048431045576e-15 -1.296616991458718338e-02 -1.101754143782722077e-14 7.519400332994987548e-15 1.019931147686291978e-01 4.160787482267171156e-02 -4.495312067271182309e-15 1.019931147686706924e-01 -4.160787482281383398e-02 1.585130471380954201e-14
1.620000000000000000e+02 3.348651115094709894e+03 1.254563903425668370e-01 -2.492080648690006477e-14 2.458167385122616539e-14 -5.285115035833543029e-01 7.177743016519702035e-01 -2.645079774797256141e-14 -5.285115035831506880e-01 -7.177743016522214470e-01 4.875663130110992194e-15 -1.393079999254886840e-02 -1.216847581322421813e-14 7.668784140349236600e-15 1.096543210370669874e-01 8.013251361157912311e-02 -4.411850767718138531e-15 1.096543210371393878e-01 -8.013251361170019293e-02 1.650166844218342979e-14
1.630000000000000000e+02 3.369321800990356223e+03 1.247542509122253340e-01 -2.555566602443289471e-14 2.496415784427534306e-14 -5.229834156356902852e-01 7.226615558251611171e-01 -2.668181770562559803e-14 -5.229834156354822294e-01 -7.226615558254176896e-01 5.708370574511015891e-15 -1.452282947064506904e-02 -1.363434345991218239e-14 8.086649974895497794e-15 1.143576690802737272e-01 1.175648495713437214e-01 -4.775948721714491423e-15 1.143576690803807527e-01 -1.175648495714407132e-01 1.710981991770970017e-14
1.640000000000000000e+02 3.389992486886002553e+03 1.240298571290162633e-01 -2.626006643137815164e-14 2.537600079687155635e-14 -5.172784987823972891e-01 7.293223380038802439e-01 -2.691992461416012403e-14 -5.172784987821831271e-01 -7.293223380041410353e-01 6.556308519483448855e-15 -1.493362991648370004e-02 -1.558547442250322960e-14 8.106206188811869306e-15 1.176214198032338037e-01 1.508360349604989381e-01 -5.390145101008050964e-15 1.176214198033765784e-01 -1.508360349605732120e-01 1.806258178878183923e-14
1.650000000000000000e+02 3.410663172781648882e+03 1.232873660246903841e-01 -2.708657960828951933e-14 2.576040573712591941e-14 -5.114298225625605321e-01 7.374777191703518753e-01 -2.721127520755296684e-14 -5.114298225623385985e-01 -7.374777191706157753e-01 7.482602854539749383e-15 -1.533952102547946061e-02 -1.760280579271599459e-14 7.725365508163006789e-15 1.208443270803160469e-01 1.771457693279075152e-01 -5.078760492266661281e-15 1.208443270804910180e-01 -1.771457693279533119e-01 1.814281698132210227e-14
1.660000000000000000e+02 3.431333858677295211e+03 1.225231027966711544e-01 -2.798913631860271606e-14 2.613483987203168534e-14 -5.054083293641246089e-01 7.467228262556371288e-01 -2.741879575635257275e-14 -5.054083293638933494e-01 -7.467228262559024721e-01 8.338422057588348812e-15 -1.586928443363520846e-02 -1.906328868224284912e-14 7.686453995139562278e-15 1.250479012276364821e-01 1.943289247921780039e-01 -4.463976022158920939e-15 1.250479012278431779e-01 -1.943289247921980711e-01 1.761600702225086097e-14
1.670000000000000000e+02 3.452004544572941541e+03 1.217285746496611643e-01 -2.895910827219004989e-14 2.651542265312418182e-14 -4.991467488855897972e-01 7.565660563383913573e-01 -2.764975794763985620e-14 -4.991467488853476020e-01 -7.565660563386572557e-01 9.212969458249848574e-15 -1.658401057107544013e-02 -2.059064651521174452e-14 7.860252793722594546e-15 1.307165937087123586e-01 2.011111150803303049e-01 -5.090900358193999086e-15 1.307165937089435626e-01 -2.011111150803355230e-01 1.824149199443408081e-14
1.680000000000000000e+02 3.472675230468587870e+03 1.208941060545877938e-01 -3.001169268076347958e-14 2.690692851356077440e-14 -4.925684373262411708e-01 7.664773572756546915e-01 -2.791885936052279346e-14 -4.925684373259872073e-01 -7.664773572759205900e-01 1.013022814106371590e-14 -1.747189457536887924e-02 -2.152459087539442139e-14 8.077964737220581872e-15 1.377566326161141219e-01 1.972150483197584736e-01 -5.543574977382248074e-15 1.377566326163548183e-01 -1.972150483197530613e-01 1.885571904490869844e-14
1.690000000000000000e+02 3.493345916364234199e+03 1.200123637717604719e-01 -3.107340313834562915e-14 2.730889647438111330e-14 -4.856153353128431771e-01 7.759378886117631602e-01 -2.819428639803778020e-14 -4.856153353125773342e-01 -7.759378886120285035e-01 1.106510919020152142e-14 -1.845581870881692413e-02 -2.155261758403562542e-14 8.063937522300238225e-15 1.455562925338950153e-01 1.833247125746813866e-01 -5.249881939547591889e-15 1.455562925341318259e-01 -1.833247125746736983e-01 1.887236681892534348e-14
1.700000000000000000e+02 3.514016602259880528e+03 1.190812473121084653e-01 -3.212874052496813616e-14 2.769902448430875844e-14 -4.782708869652327333e-01 7.844847842636946122e-01 -2.843453924019924901e-14 -4.782708869649555661e-01 -7.844847842639597335e-01 1.198400313304611707e-14 -1.940885584406896666e-02 -2.094740985598030024e-14 7.917105208243976547e-15 1.531089330440894292e-01 1.609464649829628335e-01 -4.938121914606324796e-15 1.531089330443090035e-01 -1.609464649829612237e-01 1.878152831255318700e-14
1.710000000000000000e+02 3.534687288155526858e+03 1.181058911002646067e-01 -3.313100327458721114e-14 2.808656955506851102e-14 -4.705759121260484346e-01 7.917471686398617203e-01 -2.867934304199181281e-14 -4.705759121257610533e-01 -7.917471686401269526e-01 1.290996139295258744e-14 -2.017273311834011720e-02 -1.946466594763791769e-14 7.819862960218149510e-15 1.591594147966291228e-01 1.322147668596599379e-01 -4.433005391499626027e-15 1.591594147968208861e-01 -1.322147668596738157e-01 1.850043777860235633e-14
1.720000000000000000e+02 3.555357974051173187e+03 1.170997413074024995e-01 -3.404069525259870227e-14 2.846714575576713675e-14 -4.626371434226543289e-01 7.974718372775982944e-01 -2.886997982976241386e-14 -4.626371434223583434e-01 -7.974718372778648590e-01 1.380124467056792794e-14 -2.057591937648641303e-02 -1.684040664357310766e-14 7.758407454222965942e-15 1.623474445730102855e-01 9.967922814795979192e-02 -3.269042708004378603e-15 1.623474445731661331e-01 -9.967922814799722031e-02 1.754143471684862126e-14
1.730000000000000000e+02 3.576028659946819516e+03 1.160847813399919076e-01 -3.478518502032162336e-14 2.884865423974227670e-14 -4.546290181487707693e-01 8.015383549883325909e-01 -2.900045112970362369e-14 -4.546290181484681225e-01 -8.015383549886014869e-01 1.463300298670630100e-14 -2.045007440859054892e-02 -1.338037464191414188e-14 7.900725056866714100e-15 1.613379022184218969e-01 6.608950812643285544e-02 -2.352742658735901637e-15 1.613379022185467693e-01 -6.608950812650103701e-02 1.630621606525744086e-14
1.740000000000000000e+02 3.596699345842465846e+03 1.150909929142328592e-01 -3.535500861522696833e-14 2.924320986417885789e-14 -4.467894137096281582e-01 8.039636079480549924e-01 -2.910108256028803311e-14 -4.467894137093199047e-01 -8.039636079483281073e-01 1.540295450620566023e-14 -1.964519262999893032e-02 -1.055982108569335774e-14 8.095314977236204604e-15 1.549408617070767435e-01 3.417641447938805227e-02 -1.936132806788027843e-15 1.549408617071758587e-01 -3.417641447949033850e-02 1.487019867840741246e-14
1.750000000000000000e+02 3.617370031738112175e+03 1.141550940273412806e-01 -3.582244401577714951e-14 2.964383232212100550e-14 -4.394096502006684113e-01 8.048953998722833125e-01 -2.919063154601373567e-14 -4.394096502003560500e-01 -8.048953998725622005e-01 1.609365721732447904e-14 -1.804444834474352652e-02 -8.498617149809783306e-15 8.272556932408341291e-15 1.422293458356534146e-01 6.419057306421654258e-03 -2.041570146059285711e-15 1.422293458357306306e-01 -6.419057306547470282e-03 1.308241764547834999e-14
1.760000000000000000e+02 3.638040717633758504e+03 1.133185418270666461e-01 -3.618980183909284718e-14 3.005579788285125194e-14 -4.328186591685628803e-01 8.045941323555614311e-01 -2.930161976462784056e-14 -4.328186591682470774e-01 -8.045941323558468694e-01 1.668800046247316385e-14 -1.557942299767881879e-02 -5.911437289091026506e-15 8.615757565620620388e-15 1.226602210886873628e-01 -1.520710237441535301e-02 -2.465579788844915705e-15 1.226602210887548644e-01 1.520710237427439111e-02 1.105549549989558391e-14
1.770000000000000000e+02 3.658711403529404834e+03 1.126247748564755125e-01 -3.640310645829601690e-14 3.049013189150592083e-14 -4.273611110562714477e-01 8.034016526198752839e-01 -2.943281792343803062e-14 -4.273611110559524251e-01 -8.034016526201679387e-01 1.717960479763160060e-14 -1.224516557573872115e-02 -3.197588209282419270e-15 9.031213451232236674e-15 9.619383927141439417e-02 -2.948766048555808914e-02 -3.803644055335415448e-15 9.619383927148071611e-02 2.948766048540258505e-02 8.829839788133194549e-15
1.780000000000000000e+02 3.679382089425051163e+03 1.121157365862197608e-01 -3.650389116948257096e-14 3.094290641586050840e-14 -4.233698319316261949e-01 8.016976494658065722e-01 -2.967524011102299459e-14 -4.233698319313038416e-01 -8.016976494661072206e-01 1.755532867517185086e-14 -8.112725231879242688e-03 -2.637550403108328076e-15 9.369205334448260328e-15 6.339362394372083376e-02 -3.619029829447625163e-02 -6.063463375913159654e-15 6.339362394379591259e-02 3.619029829431345824e-02 6.310996504409357788e-15
1.790000000000000000e+02 3.700052775320697492e+03 1.118278866179212988e-01 -3.666218498428524979e-14 3.141044033561326599e-14 -4.211341488609330885e-01 7.998467900753741811e-01 -3.002841342446427523e-14 -4.211341488606066830e-01 -7.998467900756828231e-01 1.779951472237036878e-14 -3.335135727468715831e-03 -3.240490287268756344e-15 9.705888768708207778e-15 2.547364256428584495e-02 -3.618244537783574938e-02 -9.120665258923878572e-15 2.547364256438376315e-02 3.618244537768406516e-02 4.112467728033648982e-15
1.800000000000000000e+02 3.720723461216343821e+03 1.117881363829294900e-01 -3.682219464005079993e-14 3.189628624611852641e-14 -4.208676337710321458e-01 7.981435582893390279e-01 -3.057113522208455871e-14 -4.208676337707001891e-01 -7.981435582896546643e-01 1.795928382837067832e-14 1.857616241231003140e-03 -5.923632597806375730e-15 1.010492176973786606e-14 -1.574130008455615695e-02 -3.137397058634341235e-02 -1.297526664729447898e-14 -1.574130008443270709e-02 3.137397058621122642e-02 1.998606522410071221e-15
1.810000000000000000e+02 3.741394147111990151e+03 1.120103545916383558e-01 -3.724404533475773042e-14 3.240301595966768056e-14 -4.226803687239752971e-01 7.967650207016551134e-01 -3.130293426521738249e-14 -4.226803687236367901e-01 -7.967650207019768560e-01 1.799583174108904622e-14 7.177255807246625888e-03 -7.876750871684621822e-15 1.060409543929147956e-14 -5.796378320296548953e-02 -2.444798496728134429e-02 -1.587314148978956064e-14 -5.796378320281828089e-02 2.444798496715979222e-02 -9.363164309001715941e-16
1.820000000000000000e+02 3.762064833007636480e+03 1.124931363150626362e-01 -3.759590383742406415e-14 3.293789417619757063e-14 -4.265612392829064570e-01 7.957421073440733572e-01 -3.213030546396764504e-14 -4.265612392825600674e-01 -7.957421073444009840e-01 1.786731232310911382e-14 1.230824457298115675e-02 -8.295732430024858547e-15 1.106617441812137006e-14 -9.868996974154499446e-02 -1.840798479206520732e-02 -1.771498188366363435e-14 -9.868996974136741429e-02 1.840798479195322399e-02 -4.241270258856557499e-15
1.830000000000000000e+02 3.782735518903282809e+03 1.132193558898599850e-01 -3.805890981182670824e-14 3.349001249751883563e-14 -4.323743832385147923e-01 7.949568605388236398e-01 -3.304302286748136645e-14 -4.323743832381588548e-01 -7.949568605391563736e-01 1.757922470840766696e-14 1.694534804287999713e-02 -1.065323236970052249e-14 1.147116532687669521e-14 -1.354977173705373683e-01 -1.604212291761713399e-02 -1.922053632089709617e-14 -1.354977173703278415e-01 1.604212291751251629e-02 -7.818181201200631454e-15
1.840000000000000000e+02 3.803406204798929139e+03 1.141576261341577109e-01 -3.864233833820560512e-14 3.406467173493678491e-14 -4.398707665055499594e-01 7.941663385722855795e-01 -3.401828008347524491e-14 -4.398707665051830307e-01 -7.941663385726234203e-01 1.709935624570610242e-14 2.082930965833944964e-02 -1.093473407723715209e-14 1.189920554005520720e-14 -1.663296678485846614e-01 -1.944158868557780903e-02 -2.034560836953335720e-14 -1.663296678483533741e-01 1.944158868547111660e-02 -1.122121753940207360e-14
1.850000000000000000e+02 3.824076890694575468e+03 1.152653554041427469e-01 -3.913299536616388450e-14 3.465883513997046410e-14 -4.487124388539472930e-01 7.930471726202108496e-01 -3.504150988047682632e-14 -4.487124388535686514e-01 -7.930471726205539085e-01 1.647699875796260297e-14 2.377303416304751144e-02 -8.106372276343122866e-15 1.221096721797411389e-14 -1.897010252583086476e-01 -2.968692331476134594e-02 -2.169544181310107241e-14 -1.897010252580745016e-01 2.968692331464538314e-02 -1.301041222605825407e-14
1.860000000000000000e+02 3.844747576590221797e+03 1.164927787219511707e-01 -3.943860254532745170e-14 3.526411777547778189e-14 -4.585045192272607650e-01 7.912502827029912478e-01 -3.614935711578497566e-14 -4.585045192268707992e-01 -7.912502827033404129e-01 1.582138316201938862e-14 2.567440049844136804e-02 -5.607895641373512018e-15 1.246806975154187116e-14 -2.048012081924658057e-01 -4.674963364361065660e-02 -2.282259529877324930e-14 -2.048012081922507832e-01 4.674963364347321793e-02 -1.397927978449242665e-14
1.870000000000000000e+02 3.865418262485868127e+03 1.177872734038725444e-01 -3.968384183907158371e-14 3.588353557767723232e-14 -4.688294364577800799e-01 7.884550987926738363e-01 -3.728330375948166624e-14 -4.688294364573802886e-01 -7.884550987930304400e-01 1.510385677110645773e-14 2.651634418474982727e-02 -3.897742901896874794e-15 1.257321130723543026e-14 -2.114944374673552452e-01 -6.958261520270508926e-02 -2.204219677478239715e-14 -2.114944374671775817e-01 6.958261520254033217e-02 -1.548101355408125042e-14
1.880000000000000000e+02 3.886088948381514456e+03 1.190973982802777942e-01 -3.982146593421980683e-14 3.649914594729617591e-14 -4.792789723142580338e-01 7.844153947857981368e-01 -3.831449482964451701e-14 -4.792789723138506375e-01 -7.844153947861635112e-01 1.430073045044123424e-14 2.635776864895290894e-02 -1.975145301265010067e-15 1.258817700488469764e-14 -2.102475453954132101e-01 -9.633153871530802936e-02 -1.961964240361839828e-14 -2.102475453952790396e-01 9.633153871511403177e-02 -1.707137819710852625e-14
1.890000000000000000e+02 3.906759634277160785e+03 1.203763165713086641e-01 -3.987785433364353645e-14 3.712003378429867418e-14 -4.894814111422089442e-01 7.789927457596380611e-01 -3.921048135137717547e-14 -4.894814111417959968e-01 -7.789927457600137606e-01 1.342698739462008751e-14 2.531955582530670892e-02 -2.759669416616155746e-16 1.239754716706174496e-14 -2.020189841996105351e-01 -1.245949611283663494e-01 -1.668683174657477256e-14 -2.020189841995202185e-01 1.245949611281400443e-01 -1.772356330313182020e-14
1.900000000000000000e+02 3.927430320172807114e+03 1.215844609707924517e-01 -3.984857332461628777e-14 3.771691916677252400e-14 -4.991226805469412553e-01 7.721768120323532214e-01 -3.995359138197508347e-14 -4.991226805465249772e-01 -7.721768120327409113e-01 1.255979892153437596e-14 2.356887744824075551e-02 1.615704583485711252e-15 1.204021152875589514e-14 -1.881344916260578870e-01 -1.516833490872730450e-01 -1.399775452460385130e-14 -1.881344916260094535e-01 1.516833490870133083e-01 -1.729506730450921188e-14
1.910000000000000000e+02 3.948101006068453444e+03 1.226914154681165020e-01 -3.971914860372451091e-14 3.830270701465383293e-14 -5.079612880464651203e-01 7.640933533338747363e-01 -4.058543805556742667e-14 -5.079612880460474544e-01 -7.640933533342759709e-01 1.172814571983870818e-14 2.130325180574452887e-02 3.219871678933560331e-15 1.185777662247105057e-14 -1.701608140497326838e-01 -1.748566551937501268e-01 -1.151480044047186503e-14 -1.701608140497239408e-01 1.748566551934600810e-01 -1.666011026731853794e-14
1.920000000000000000e+02 3.968771691964099773e+03 1.236770143756887042e-01 -3.953229515701445172e-14 3.888167237309569939e-14 -5.158370579606124107e-01 7.550011764753541410e-01 -4.108465508474334628e-14 -5.158370579601952999e-01 -7.550011764757703636e-01 1.092332713855411072e-14 1.873426140747756069e-02 3.950212334143418071e-15 1.152535721763443856e-14 -1.497766838328854488e-01 -1.915422607259056886e-01 -9.010216542593843817e-15 -1.497766838329099293e-01 1.915422607255930776e-01 -1.556736166866981987e-14
1.930000000000000000e+02 3.989442377859746102e+03 1.245316247870460330e-01 -3.933113130264534363e-14 3.943480767742227507e-14 -5.226733945636522494e-01 7.452787416718449354e-01 -4.147048412632611559e-14 -5.226733945632370260e-01 -7.452787416722769231e-01 1.019901129650892585e-14 1.607004243437677379e-02 3.989021676335797080e-15 1.124313520239048992e-14 -1.286339061558236241e-01 -1.995443980970146025e-01 -6.895486824470169595e-15 -1.286339061558607888e-01 1.995443980967005759e-01 -1.382915178583868060e-14
1.940000000000000000e+02 4.010113063755392432e+03 1.252555255963941905e-01 -3.914046573270231634e-14 3.998605122868087426e-14 -5.284723739567782630e-01 7.354005392828066867e-01 -4.176197770968980319e-14 -5.284723739563648159e-01 -7.354005392832537735e-01 9.564931766797749591e-15 1.349583132779225148e-02 3.078831616400281436e-15 1.113084439878825131e-14 -1.082028842618396880e-01 -1.972522531590076844e-01 -5.080002066198334280e-15 -1.082028842618747710e-01 1.972522531587086736e-01 -1.181517882981659836e-14
1.950000000000000000e+02 4.030783749651038761e+03 1.258572791075409925e-01 -3.902870706991561046e-14 4.052815655009409303e-14 -5.333018336370077828e-01 7.259032548806670926e-01 -4.196947722453644824e-14 -5.333018336365960010e-01 -7.259032548811285013e-01 9.038442341344821447e-15 1.115308422373576143e-02 1.764310399492806017e-15 1.100647732818896174e-14 -8.960674623750676526e-02 -1.838394290111459439e-01 -5.197241325735652807e-15 -8.960674623752273860e-02 1.838394290108660012e-01 -7.976057429731748785e-15
1.960000000000000000e+02 4.051454435546685090e+03 1.263510590191921079e-01 -3.896716290703900565e-14 4.106718390359037198e-14 -5.372741711495619965e-01 7.173425532701868113e-01 -4.227248686253673972e-14 -5.372741711491502148e-01 -7.173425532706613206e-01 8.781467989322588430e-15 9.119713514021791922e-03 5.690124998460510276e-16 1.082820007374975279e-14 -7.346434972409136843e-02 -1.594281559812219529e-01 -6.406622008091829478e-15 -7.346434972407171748e-02 1.594281559809705429e-01 -3.509656837259610117e-15
1.970000000000000000e+02 4.072125121442331420e+03 1.267530807316056829e-01 -3.897281470874751909e-14 4.159177759442277035e-14 -5.405180124887351001e-01 7.102431137117553028e-01 -4.259878015064187711e-14 -5.405180124883214310e-01 -7.102431137122413585e-01 8.693699462098348058e-15 7.396105574750828568e-03 -1.299671362144519383e-15 1.067950559082241024e-14 -5.977922729562456378e-02 -1.251754580119684157e-01 -6.327979256527422526e-15 -5.977922729556444520e-02 1.251754580117508120e-01 -7.502762126515477009e-16
1.980000000000000000e+02 4.092795807337977749e+03 1.270775558960324791e-01 -3.909482565819553380e-14 4.211619914269381569e-14 -5.431461021937133982e-01 7.050469500796091582e-01 -4.289406495118274486e-14 -5.431461021932957323e-01 -7.050469500801050948e-01 8.707770646883378367e-15 5.902543249708766364e-03 -3.582335280843465670e-15 1.051359416951763419e-14 -4.791910451090142936e-02 -8.323546178637929172e-02 -6.354175957611899702e-15 -4.791910451079406386e-02 8.323546178619102565e-02 1.665075021587749948e-15
1.990000000000000000e+02 4.113466493233624533e+03 1.273328695397816790e-01 -3.932469656968424268e-14 4.262449586099224252e-14 -5.452249598702060274e-01 7.020671483447106231e-01 -4.322293146128005321e-14 -5.452249598697819222e-01 -7.020671483452152195e-01 8.857254699467864458e-15 4.492253394559217634e-03 -5.362156311103492772e-15 1.040917784852465937e-14 -3.671946025872480784e-02 -3.656937273184978493e-02 -6.894906770635662977e-15 -3.671946025856866885e-02 3.656937273168969771e-02 4.485961336651130626e-15
2.000000000000000000e+02 4.134137179129271317e+03 1.275188162361044486e-01 -3.962153390671559579e-14 4.313866091274280250e-14 -5.467529427028992028e-01 7.014548522101037298e-01 -4.357133059921142726e-14 -5.467529427024663269e-01 -7.014548522106154316e-01 9.148412937311121212e-15 2.979970916303009351e-03 -6.954786675924362123e-15 1.050658998284960324e-14 -2.471024223420154042e-02 1.138633045202428265e-02 -7.452324077318621185e-15 -2.471024223399372402e-02 -1.138633045215542601e-02 7.633019915136297362e-15
