# Step, Time, Energy in eV
0.000000000000000000e+00 0.000000000000000000e+00 -4.595195010355324072e-03
1.000000000000000000e+00 2.067068589564640035e+01 -5.101728732437305069e-03
2.000000000000000000e+00 4.134137179129280071e+01 -6.513658027581414878e-03
3.000000000000000000e+00 6.201205768693920106e+01 -8.531011030397606110e-03
4.000000000000000000e+00 8.268274358258560142e+01 -1.072573449565844550e-02
5.000000000000000000e+00 1.033534294782320018e+02 -1.263334785466546650e-02
6.000000000000000000e+00 1.240241153738784021e+02 -1.385232226498994690e-02
7.000000000000000000e+00 1.446948012695248167e+02 -1.412972972785325569e-02
8.000000000000000000e+00 1.653654871651712028e+02 -1.341467429248993648e-02
9.000000000000000000e+00 1.860361730608175890e+02 -1.186807476270146378e-02
1.000000000000000000e+01 2.067068589564639751e+02 -9.826925125041796605e-03
1.100000000000000000e+01 2.273775448521103613e+02 -7.731068031000099851e-03
1.200000000000000000e+01 2.480482307477567474e+02 -6.028575781405587364e-03
1.300000000000000000e+01 2.687189166434031335e+02 -5.080272025215770704e-03
1.400000000000000000e+01 2.893896025390495197e+02 -5.083827856436795578e-03
1.500000000000000000e+01 3.100602884346959058e+02 -6.033380575120483869e-03
1.600000000000000000e+01 3.307309743303422920e+02 -7.722862271985154493e-03
1.700000000000000000e+01 3.514016602259886781e+02 -9.791891040911160360e-03
1.800000000000000000e+01 3.720723461216350643e+02 -1.180407872416189274e-02
1.900000000000000000e+01 3.927430320172814504e+02 -1.334077114163578770e-02
2.000000000000000000e+01 4.134137179129278366e+02 -1.409002012282711998e-02
2.100000000000000000e+01 4.340844038085742227e+02 -1.391174288572960376e-02
2.200000000000000000e+01 4.547550897042206088e+02 -1.286532744975754650e-02
2.300000000000000000e+01 4.754257755998669950e+02 -1.119419914898095447e-02
2.400000000000000000e+01 4.960964614955133811e+02 -9.271220283148140506e-03
2.500000000000000000e+01 5.167671473911598241e+02 -7.517189560518777736e-03
2.600000000000000000e+01 5.374378332868062671e+02 -6.310317189710257235e-03
2.700000000000000000e+01 5.581085191824527101e+02 -5.906193908514156821e-03
2.800000000000000000e+01 5.787792050780991531e+02 -6.385186180840107806e-03
2.900000000000000000e+01 5.994498909737455961e+02 -7.638061927075778801e-03
3.000000000000000000e+01 6.201205768693920390e+02 -9.392374161535654853e-03
3.100000000000000000e+01 6.407912627650384820e+02 -1.127344227430970847e-02
3.200000000000000000e+01 6.614619486606849250e+02 -1.288644137438810233e-02
3.300000000000000000e+01 6.821326345563313680e+02 -1.390166984454788146e-02
3.400000000000000000e+01 7.028033204519778110e+02 -1.412450692062783460e-02
3.500000000000000000e+01 7.234740063476242540e+02 -1.353506312047592086e-02
3.600000000000000000e+01 7.441446922432706970e+02 -1.228930119098547991e-02
3.700000000000000000e+01 7.648153781389171399e+02 -1.068193623016777671e-02
3.800000000000000000e+01 7.854860640345635829e+02 -9.079795339325902326e-03
3.900000000000000000e+01 8.061567499302100259e+02 -7.840666469395074500e-03
4.000000000000000000e+01 8.268274358258564689e+02 -7.235601949494019358e-03
4.100000000000000000e+01 8.474981217215029119e+02 -7.391573399974982195e-03
4.200000000000000000e+01 8.681688076171493549e+02 -8.266637440039747986e-03
4.300000000000000000e+01 8.888394935127957979e+02 -9.662493528450222247e-03
4.400000000000000000e+01 9.095101794084422409e+02 -1.127110105549461450e-02
4.500000000000000000e+01 9.301808653040886838e+02 -1.274461475407068223e-02
4.600000000000000000e+01 9.508515511997351268e+02 -1.377287531745757798e-02
4.700000000000000000e+01 9.715222370953815698e+02 -1.415117443797525403e-02
4.800000000000000000e+01 9.921929229910280128e+02 -1.382337184773657635e-02
4.900000000000000000e+01 1.012863608886674456e+03 -1.289115031905468944e-02
5.000000000000000000e+01 1.033534294782320785e+03 -1.158792861957641529e-02
5.100000000000000000e+01 1.054204980677967114e+03 -1.022391757441604154e-02
5.200000000000000000e+01 1.074875666573613444e+03 -9.115172931334514228e-03
5.300000000000000000e+01 1.095546352469259773e+03 -8.512841481953914435e-03
5.400000000000000000e+01 1.116217038364906102e+03 -8.548419865494316650e-03
5.500000000000000000e+01 1.136887724260552432e+03 -9.206937211374166541e-03
5.600000000000000000e+01 1.157558410156198761e+03 -1.033350899422019742e-02
5.700000000000000000e+01 1.178229096051845090e+03 -1.167117317892513162e-02
5.800000000000000000e+01 1.198899781947491419e+03 -1.292096536870296353e-02
5.900000000000000000e+01 1.219570467843137749e+03 -1.381032931024545052e-02
6.000000000000000000e+01 1.240241153738784078e+03 -1.415426899258859054e-02
6.100000000000000000e+01 1.260911839634430407e+03 -1.389551152138168884e-02
6.200000000000000000e+01 1.281582525530076737e+03 -1.311492518192236556e-02
6.300000000000000000e+01 1.302253211425723066e+03 -1.201034710061987809e-02
6.400000000000000000e+01 1.322923897321369395e+03 -1.084919775656556507e-02
6.500000000000000000e+01 1.343594583217015725e+03 -9.906127067572767508e-03
6.600000000000000000e+01 1.364265269112662054e+03 -9.400129558166048227e-03
6.700000000000000000e+01 1.384935955008308383e+03 -9.445418065183397438e-03
6.800000000000000000e+01 1.405606640903954712e+03 -1.002697901761606669e-02
6.900000000000000000e+01 1.426277326799601042e+03 -1.100598638567129584e-02
7.000000000000000000e+01 1.446948012695247371e+03 -1.215344648220628709e-02
7.100000000000000000e+01 1.467618698590893700e+03 -1.320408632911862501e-02
7.200000000000000000e+01 1.488289384486540030e+03 -1.391797900626412510e-02
7.300000000000000000e+01 1.508960070382186359e+03 -1.413572897631809600e-02
7.400000000000000000e+01 1.529630756277832688e+03 -1.381460606836559628e-02
7.500000000000000000e+01 1.550301442173479018e+03 -1.303746465489896700e-02
7.600000000000000000e+01 1.570972128069125347e+03 -1.199258506717026940e-02
7.700000000000000000e+01 1.591642813964771676e+03 -1.092926665034044120e-02
7.800000000000000000e+01 1.612313499860418005e+03 -1.009954175125693521e-02
7.900000000000000000e+01 1.632984185756064335e+03 -9.699502368667678454e-03
8.000000000000000000e+01 1.653654871651710664e+03 -9.823746393017862566e-03
8.100000000000000000e+01 1.674325557547356993e+03 -1.044339426188278797e-02
8.200000000000000000e+01 1.694996243443003323e+03 -1.141272328814391113e-02
8.300000000000000000e+01 1.715666929338649652e+03 -1.250293411448022418e-02
8.400000000000000000e+01 1.736337615234295981e+03 -1.345534700764827903e-02
8.500000000000000000e+01 1.757008301129942311e+03 -1.404181381123659374e-02
8.600000000000000000e+01 1.777678987025588640e+03 -1.411837252635262004e-02
8.700000000000000000e+01 1.798349672921234969e+03 -1.365962004387733138e-02
8.800000000000000000e+01 1.819020358816881298e+03 -1.276565131911100437e-02
8.900000000000000000e+01 1.839691044712527628e+03 -1.163972818382452701e-02
9.000000000000000000e+01 1.860361730608173957e+03 -1.054164001760904412e-02
9.100000000000000000e+01 1.881032416503820286e+03 -9.727412059261308919e-03
9.200000000000000000e+01 1.901703102399466616e+03 -9.389266069867174824e-03
9.300000000000000000e+01 1.922373788295112945e+03 -9.609781543725881559e-03
9.400000000000000000e+01 1.943044474190759274e+03 -1.034103906778999216e-02
9.500000000000000000e+01 1.963715160086405604e+03 -1.141387669528320936e-02
9.600000000000000000e+01 1.984385845982051933e+03 -1.257551818373398023e-02
9.700000000000000000e+01 2.005056531877698262e+03 -1.354726428806668492e-02
9.800000000000000000e+01 2.025727217773344591e+03 -1.408916440582425218e-02
9.900000000000000000e+01 2.046397903668990921e+03 -1.405674643850735213e-02
1.000000000000000000e+02 2.067068589564637477e+03 -1.343648201858843767e-02
1.010000000000000000e+02 2.087739275460283807e+03 -1.235140376136861784e-02
1.020000000000000000e+02 2.108409961355930136e+03 -1.103510986569716801e-02
1.030000000000000000e+02 2.129080647251576465e+03 -9.779711098723831153e-03
1.040000000000000000e+02 2.149751333147222795e+03 -8.869378719119247467e-03
1.050000000000000000e+02 2.170422019042869124e+03 -8.514601006847810627e-03
1.060000000000000000e+02 2.191092704938515453e+03 -8.802247785209216246e-03
1.070000000000000000e+02 2.211763390834161783e+03 -9.673093208386940312e-03
1.080000000000000000e+02 2.232434076729808112e+03 -1.093234899948458683e-02
1.090000000000000000e+02 2.253104762625454441e+03 -1.229135989303686838e-02
1.100000000000000000e+02 2.273775448521100770e+03 -1.343152299948480177e-02
1.110000000000000000e+02 2.294446134416747100e+03 -1.407629033725354972e-02
1.120000000000000000e+02 2.315116820312393429e+03 -1.405501992213942404e-02
1.130000000000000000e+02 2.335787506208039758e+03 -1.334401345083158219e-02
1.140000000000000000e+02 2.356458192103686088e+03 -1.207503081768401820e-02
1.150000000000000000e+02 2.377128877999332417e+03 -1.050881330586850293e-02
1.160000000000000000e+02 2.397799563894978746e+03 -8.979040306539176619e-03
1.170000000000000000e+02 2.418470249790625076e+03 -7.818885557589250190e-03
1.180000000000000000e+02 2.439140935686271405e+03 -7.286382043827977807e-03
1.190000000000000000e+02 2.459811621581917734e+03 -7.505235073583305105e-03
1.200000000000000000e+02 2.480482307477564063e+03 -8.434468297779773582e-03
1.210000000000000000e+02 2.501152993373210393e+03 -9.874087872725201276e-03
1.220000000000000000e+02 2.521823679268856722e+03 -1.150613599536964848e-02
1.230000000000000000e+02 2.542494365164503051e+03 -1.296271219905464900e-02
1.240000000000000000e+02 2.563165051060149381e+03 -1.390643038006911247e-02
1.250000000000000000e+02 2.583835736955795710e+03 -1.410573428798056299e-02
1.260000000000000000e+02 2.604506422851442039e+03 -1.348828758092346369e-02
1.270000000000000000e+02 2.625177108747088369e+03 -1.216020839403941789e-02
1.280000000000000000e+02 2.645847794642734698e+03 -1.038628304924110735e-02
1.290000000000000000e+02 2.666518480538381027e+03 -8.534862756160277453e-03
1.300000000000000000e+02 2.687189166434027356e+03 -6.999017370071857445e-03
1.310000000000000000e+02 2.707859852329673686e+03 -6.110913729032552144e-03
1.320000000000000000e+02 2.728530538225320015e+03 -6.068075265753536396e-03
1.330000000000000000e+02 2.749201224120966344e+03 -6.887795204990165843e-03
1.340000000000000000e+02 2.769871910016612674e+03 -8.400063010817637732e-03
1.350000000000000000e+02 2.790542595912259003e+03 -1.028118435694547195e-02
1.360000000000000000e+02 2.811213281807905332e+03 -1.212150521115673563e-02
1.370000000000000000e+02 2.831883967703551662e+03 -1.351310274097750064e-02
1.380000000000000000e+02 2.852554653599197991e+03 -1.413863882563981544e-02
1.390000000000000000e+02 2.873225339494844320e+03 -1.384193010612777552e-02
1.400000000000000000e+02 2.893896025390490649e+03 -1.266445332732391016e-02
1.410000000000000000e+02 2.914566711286136979e+03 -1.083925635992111225e-02
1.420000000000000000e+02 2.935237397181783308e+03 -8.743016801638359148e-03
1.430000000000000000e+02 2.955908083077429637e+03 -6.816228102086486530e-03
1.440000000000000000e+02 2.976578768973075967e+03 -5.468611623663410803e-03
1.450000000000000000e+02 2.997249454868722296e+03 -4.990222145640155205e-03
1.460000000000000000e+02 3.017920140764368625e+03 -5.487584155627112104e-03
1.470000000000000000e+02 3.038590826660014955e+03 -6.858872461167009327e-03
1.480000000000000000e+02 3.059261512555661284e+03 -8.813833994775810421e-03
1.490000000000000000e+02 3.079932198451307613e+03 -1.093458152248433235e-02
1.500000000000000000e+02 3.100602884346953942e+03 -1.276452821236268020e-02
1.510000000000000000e+02 3.121273570242600272e+03 -1.390645650124105841e-02
1.520000000000000000e+02 3.141944256138246601e+03 -1.410848390366586935e-02
1.530000000000000000e+02 3.162614942033892930e+03 -1.331912658874073556e-02
1.540000000000000000e+02 3.183285627929539260e+03 -1.169930501803823075e-02
1.550000000000000000e+02 3.203956313825185589e+03 -9.588518408925161829e-03
1.560000000000000000e+02 3.224626999720831918e+03 -7.432438753213088667e-03
1.570000000000000000e+02 3.245297685616478248e+03 -5.687597282754475181e-03
1.580000000000000000e+02 3.265968371512124577e+03 -4.723770649808112232e-03
1.590000000000000000e+02 3.286639057407770906e+03 -4.745053104595609028e-03
1.600000000000000000e+02 3.307309743303417235e+03 -5.746442172237742341e-03
1.610000000000000000e+02 3.327980429199063565e+03 -7.515093533900563984e-03
1.620000000000000000e+02 3.348651115094709894e+03 -9.675892602819535782e-03
1.630000000000000000e+02 3.369321800990356223e+03 -1.177158570815706184e-02
1.640000000000000000e+02 3.389992486886002553e+03 -1.336032575112522380e-02
1.650000000000000000e+02 3.410663172781648882e+03 -1.410971173598896122e-02
1.660000000000000000e+02 3.431333858677295211e+03 -1.386714284337176029e-02
1.670000000000000000e+02 3.452004544572941541e+03 -1.269146057485182055e-02
1.680000000000000000e+02 3.472675230468587870e+03 -1.083927494521075285e-02
1.690000000000000000e+02 3.493345916364234199e+03 -8.709183018680233257e-03
1.700000000000000000e+02 3.514016602259880528e+03 -6.756130198610821314e-03
1.710000000000000000e+02 3.534687288155526858e+03 -5.394464359904926898e-03
1.720000000000000000e+02 3.555357974051173187e+03 -4.910442358160460596e-03
1.730000000000000000e+02 3.576028659946819516e+03 -5.402672263955909937e-03
1.740000000000000000e+02 3.596699345842465846e+03 -6.762835195936289789e-03
1.750000000000000000e+02 3.617370031738112175e+03 -8.700424254276806213e-03
1.760000000000000000e+02 3.638040717633758504e+03 -1.080595305937609441e-02
1.770000000000000000e+02 3.658711403529404834e+03 -1.263898154481279956e-02
1.780000000000000000e+02 3.679382089425051163e+03 -1.382205306620631902e-02
1.790000000000000000e+02 3.700052775320697492e+03 -1.412040791943847129e-02
1.800000000000000000e+02 3.720723461216343821e+03 -1.349047205231335145e-02
1.810000000000000000e+02 3.741394147111990151e+03 -1.208695394633918507e-02
1.820000000000000000e+02 3.762064833007636480e+03 -1.022740005042155342e-02
1.830000000000000000e+02 3.782735518903282809e+03 -8.322265401311645938e-03
1.840000000000000000e+02 3.803406204798929139e+03 -6.785929529123046165e-03
1.850000000000000000e+02 3.824076890694575468e+03 -5.948019090323275471e-03
1.860000000000000000e+02 3.844747576590221797e+03 -5.984070090048754231e-03
1.870000000000000000e+02 3.865418262485868127e+03 -6.880143570973329403e-03
1.880000000000000000e+02 3.886088948381514456e+03 -8.438558408969343283e-03
1.890000000000000000e+02 3.906759634277160785e+03 -1.032304756040203220e-02
1.900000000000000000e+02 3.927430320172807114e+03 -1.213321147245494114e-02
1.910000000000000000e+02 3.948101006068453444e+03 -1.349188080936519936e-02
1.920000000000000000e+02 3.968771691964099773e+03 -1.412627881191913515e-02
1.930000000000000000e+02 3.989442377859746102e+03 -1.392535145623124797e-02
1.940000000000000000e+02 4.010113063755392432e+03 -1.296102171653273905e-02
1.950000000000000000e+02 4.030783749651038761e+03 -1.146920575554938315e-02
1.960000000000000000e+02 4.051454435546685090e+03 -9.795360224169435970e-03
1.970000000000000000e+02 4.072125121442331420e+03 -8.317088569784358842e-03
1.980000000000000000e+02 4.092795807337977749e+03 -7.361185070108910988e-03
1.990000000000000000e+02 4.113466493233624533e+03 -7.133396357683119415e-03
2.000000000000000000e+02 4.134137179129271317e+03 -7.676029300224095596e-03
2.010000000000000000e+02 4.154807865024918101e+03 -8.862150560135007016e-03
2.020000000000000000e+02 4.175478550920564885e+03 -1.042698068060904371e-02
2.030000000000000000e+02 4.196149236816211669e+03 -1.202894863877806975e-02
2.040000000000000000e+02 4.216819922711858453e+03 -1.332646641673312926e-02
2.050000000000000000e+02 4.237490608607505237e+03 -1.405319338377003686e-02
2.060000000000000000e+02 4.258161294503152021e+03 -1.407513219895045742e-02
2.070000000000000000e+02 4.278831980398798805e+03 -1.341720626658232662e-02
2.080000000000000000e+02 4.299502666294445589e+03 -1.225400406552235033e-02
2.090000000000000000e+02 4.320173352190092373e+03 -1.086749194861691414e-02
2.100000000000000000e+02 4.340844038085739157e+03 -9.581824867235688714e-03
2.110000000000000000e+02 4.361514723981385941e+03 -8.690275774622113758e-03
2.120000000000000000e+02 4.382185409877032725e+03 -8.390712611033968038e-03
2.130000000000000000e+02 4.402856095772679510e+03 -8.743764511055407418e-03
2.140000000000000000e+02 4.423526781668326294e+03 -9.662468314719840912e-03
2.150000000000000000e+02 4.444197467563973078e+03 -1.093504046664639517e-02
2.160000000000000000e+02 4.464868153459619862e+03 -1.227506158500790701e-02
2.170000000000000000e+02 4.485538839355266646e+03 -1.338737263190681315e-02
2.180000000000000000e+02 4.506209525250913430e+03 -1.403465357682520676e-02
2.190000000000000000e+02 4.526880211146560214e+03 -1.408972011412423786e-02
2.200000000000000000e+02 4.547550897042206998e+03 -1.356200807032370559e-02
2.210000000000000000e+02 4.568221582937853782e+03 -1.259271387658689179e-02
2.220000000000000000e+02 4.588892268833500566e+03 -1.142022544826248875e-02
2.230000000000000000e+02 4.609562954729147350e+03 -1.032416222321508315e-02
2.240000000000000000e+02 4.630233640624794134e+03 -9.561034541826496369e-03
2.250000000000000000e+02 4.650904326520440918e+03 -9.306204648313609606e-03
2.260000000000000000e+02 4.671575012416087702e+03 -9.615172973200358797e-03
2.270000000000000000e+02 4.692245698311734486e+03 -1.041267330117900958e-02
2.280000000000000000e+02 4.712916384207381270e+03 -1.151170317870919835e-02
2.290000000000000000e+02 4.733587070103028054e+03 -1.265785743709935129e-02
2.300000000000000000e+02 4.754257755998674838e+03 -1.358865001913545263e-02
2.310000000000000000e+02 4.774928441894321622e+03 -1.409415878354591985e-02
2.320000000000000000e+02 4.795599127789968406e+03 -1.406507956645708379e-02
2.330000000000000000e+02 4.816269813685615190e+03 -1.351721101941893988e-02
2.340000000000000000e+02 4.836940499581261975e+03 -1.258685112718482824e-02
2.350000000000000000e+02 4.857611185476908759e+03 -1.149831100291542896e-02
2.360000000000000000e+02 4.878281871372555543e+03 -1.051118121942784533e-02
2.370000000000000000e+02 4.898952557268202327e+03 -9.859628936258579834e-03
2.380000000000000000e+02 4.919623243163849111e+03 -9.697793357992701146e-03
2.390000000000000000e+02 4.940293929059495895e+03 -1.006389383190997577e-02
2.400000000000000000e+02 4.960964614955142679e+03 -1.087133418549485198e-02
2.410000000000000000e+02 4.981635300850789463e+03 -1.192888058987012778e-02
2.420000000000000000e+02 5.002305986746436247e+03 -1.298530252015900333e-02
2.430000000000000000e+02 5.022976672642083031e+03 -1.378819389742264034e-02
2.440000000000000000e+02 5.043647358537729815e+03 -1.414333501797687687e-02
2.450000000000000000e+02 5.064318044433376599e+03 -1.396073040417650235e-02
2.460000000000000000e+02 5.084988730329023383e+03 -1.327646997907500070e-02
2.470000000000000000e+02 5.105659416224670167e+03 -1.224514590315844975e-02
2.480000000000000000e+02 5.126330102120316951e+03 -1.110441995226013612e-02
2.490000000000000000e+02 5.147000788015963735e+03 -1.011986131416048318e-02
2.500000000000000000e+02 5.167671473911610519e+03 -9.522819411725447214e-03
2.510000000000000000e+02 5.188342159807257303e+03 -9.455769685086046206e-03
2.520000000000000000e+02 5.209012845702904087e+03 -9.937897163968811842e-03
2.530000000000000000e+02 5.229683531598550871e+03 -1.085907244428779839e-02
2.540000000000000000e+02 5.250354217494197655e+03 -1.200388749827335788e-02
2.550000000000000000e+02 5.271024903389844440e+03 -1.310050785207667046e-02
2.560000000000000000e+02 5.291695589285491224e+03 -1.388331122435909788e-02
2.570000000000000000e+02 5.312366275181138008e+03 -1.415495494291646450e-02
2.580000000000000000e+02 5.333036961076784792e+03 -1.383346239711186025e-02
2.590000000000000000e+02 5.353707646972431576e+03 -1.297321487239333493e-02
2.600000000000000000e+02 5.374378332868078360e+03 -1.175465477338477616e-02
2.610000000000000000e+02 5.395049018763725144e+03 -1.044468989250946223e-02
2.620000000000000000e+02 5.415719704659371928e+03 -9.336567139502038870e-03
2.630000000000000000e+02 5.436390390555018712e+03 -8.682779273661012098e-03
2.640000000000000000e+02 5.457061076450665496e+03 -8.636272323531812845e-03
2.650000000000000000e+02 5.477731762346312280e+03 -9.213461448177806545e-03
2.660000000000000000e+02 5.498402448241959064e+03 -1.028776053335889173e-02
2.670000000000000000e+02 5.519073134137605848e+03 -1.161555900347177595e-02
2.680000000000000000e+02 5.539743820033252632e+03 -1.288930597228199471e-02
2.690000000000000000e+02 5.560414505928899416e+03 -1.380616544692836456e-02
2.700000000000000000e+02 5.581085191824546200e+03 -1.413698079226621829e-02
2.710000000000000000e+02 5.601755877720192984e+03 -1.377993430841140121e-02
2.720000000000000000e+02 5.622426563615839768e+03 -1.278647007813882297e-02
2.730000000000000000e+02 5.643097249511486552e+03 -1.135310787395649168e-02
2.740000000000000000e+02 5.663767935407133336e+03 -9.780376568942983351e-03
2.750000000000000000e+02 5.684438621302780120e+03 -8.407527830884442555e-03
2.760000000000000000e+02 5.705109307198426905e+03 -7.537261785211801790e-03
2.770000000000000000e+02 5.725779993094073689e+03 -7.367127779956906576e-03
2.780000000000000000e+02 5.746450678989720473e+03 -7.943003833962680726e-03
2.790000000000000000e+02 5.767121364885367257e+03 -9.145395146610946213e-03
2.800000000000000000e+02 5.787792050781014041e+03 -1.071223455121417256e-02
2.810000000000000000e+02 5.808462736676660825e+03 -1.229389536825808982e-02
2.820000000000000000e+02 5.829133422572307609e+03 -1.352891414557899630e-02
2.830000000000000000e+02 5.849804108467954393e+03 -1.412405241673908574e-02
2.840000000000000000e+02 5.870474794363601177e+03 -1.392097003648962161e-02
2.850000000000000000e+02 5.891145480259247961e+03 -1.293436733328778843e-02
2.860000000000000000e+02 5.911816166154894745e+03 -1.135250616901262166e-02
2.870000000000000000e+02 5.932486852050541529e+03 -9.499248014190775358e-03
2.880000000000000000e+02 5.953157537946188313e+03 -7.765327635028796728e-03
2.890000000000000000e+02 5.973828223841835097e+03 -6.523567956236764331e-03
2.900000000000000000e+02 5.994498909737481881e+03 -6.046520894193330165e-03
2.910000000000000000e+02 6.015169595633128665e+03 -6.444717936814892134e-03
2.920000000000000000e+02 6.035840281528775449e+03 -7.639413549698214310e-03
2.930000000000000000e+02 6.056510967424422233e+03 -9.376358477251767187e-03
2.940000000000000000e+02 6.077181653320069017e+03 -1.127829606793245842e-02
2.950000000000000000e+02 6.097852339215715801e+03 -1.292536335004895731e-02
2.960000000000000000e+02 6.118523025111362585e+03 -1.394622544247420444e-02
2.970000000000000000e+02 6.139193711007009369e+03 -1.410005721145829623e-02
2.980000000000000000e+02 6.159864396902656154e+03 -1.333115362081710616e-02
2.990000000000000000e+02 6.180535082798302938e+03 -1.178373837324114826e-02
3.000000000000000000e+02 6.201205768693949722e+03 -9.773204240203614557e-03
3.010000000000000000e+02 6.221876454589596506e+03 -7.719628732429595352e-03
3.020000000000000000e+02 6.242547140485243290e+03 -6.057796613502586247e-03
3.030000000000000000e+02 6.263217826380890074e+03 -5.143213611589203538e-03
3.040000000000000000e+02 6.283888512276536858e+03 -5.174531746288568712e-03
3.050000000000000000e+02 6.304559198172183642e+03 -6.149275748266513908e-03
3.060000000000000000e+02 6.325229884067830426e+03 -7.862618827753409256e-03
3.070000000000000000e+02 6.345900569963477210e+03 -9.949762434876885386e-03
3.080000000000000000e+02 6.366571255859123994e+03 -1.196312011406830411e-02
3.090000000000000000e+02 6.387241941754770778e+03 -1.346791859905726967e-02
3.100000000000000000e+02 6.407912627650417562e+03 -1.413567377663060669e-02
3.110000000000000000e+02 6.428583313546064346e+03 -1.381528793594988258e-02
3.120000000000000000e+02 6.449253999441711130e+03 -1.256627069306059941e-02
3.130000000000000000e+02 6.469924685337357914e+03 -1.064677827926974185e-02
3.140000000000000000e+02 6.490595371233004698e+03 -8.458973696293115019e-03
3.150000000000000000e+02 6.511266057128651482e+03 -6.463463647965739245e-03
3.160000000000000000e+02 6.531936743024298266e+03 -5.081223810789625706e-03
3.170000000000000000e+02 6.552607428919945050e+03 -4.604027413388556145e-03
3.180000000000000000e+02 6.573278114815591834e+03 -5.132439418984391377e-03
3.190000000000000000e+02 6.593948800711238619e+03 -6.554470452434013605e-03
3.200000000000000000e+02 6.614619486606885403e+03 -8.569355198422445863e-03
3.210000000000000000e+02 6.635290172502532187e+03 -1.075141561000675372e-02
3.220000000000000000e+02 6.655960858398178971e+03 -1.264048727333261235e-02
3.230000000000000000e+02 6.676631544293825755e+03 -1.383967928911944423e-02
3.240000000000000000e+02 6.697302230189472539e+03 -1.409958862789562062e-02
3.250000000000000000e+02 6.717972916085119323e+03 -1.337094939066440884e-02
3.260000000000000000e+02 6.738643601980766107e+03 -1.181448379034660823e-02
3.270000000000000000e+02 6.759314287876412891e+03 -9.765947314188838657e-03
3.280000000000000000e+02 6.779984973772059675e+03 -7.664005125891993654e-03
3.290000000000000000e+02 6.800655659667706459e+03 -5.956536059313510822e-03
3.300000000000000000e+02 6.821326345563353243e+03 -5.005495049497932225e-03
3.310000000000000000e+02 6.841997031459000027e+03 -5.010611742382653500e-03
3.320000000000000000e+02 6.862667717354646811e+03 -5.968017472670061885e-03
3.330000000000000000e+02 6.883338403250293595e+03 -7.672376182905949783e-03
3.340000000000000000e+02 6.904009089145940379e+03 -9.761865819940651612e-03
3.350000000000000000e+02 6.924679775041587163e+03 -1.179628611868011046e-02
3.360000000000000000e+02 6.945350460937233947e+03 -1.335149868902207708e-02
3.370000000000000000e+02 6.966021146832880731e+03 -1.410986752744791857e-02
3.380000000000000000e+02 6.986691832728527515e+03 -1.392722397829093683e-02
3.390000000000000000e+02 7.007362518624174299e+03 -1.286201653653135102e-02
3.400000000000000000e+02 7.028033204519821084e+03 -1.116059987681317089e-02
3.410000000000000000e+02 7.048703890415467868e+03 -9.202214312344247915e-03
3.420000000000000000e+02 7.069374576311114652e+03 -7.415965865578910687e-03
3.430000000000000000e+02 7.090045262206761436e+03 -6.188089533675444898e-03
3.440000000000000000e+02 7.110715948102408220e+03 -5.779657250191694295e-03
3.450000000000000000e+02 7.131386633998055004e+03 -6.272338497100848898e-03
3.460000000000000000e+02 7.152057319893701788e+03 -7.553517399229880969e-03
3.470000000000000000e+02 7.172728005789348572e+03 -9.343467351435819079e-03
3.480000000000000000e+02 7.193398691684995356e+03 -1.125821801462129068e-02
3.490000000000000000e+02 7.214069377580642140e+03 -1.289409740465091714e-02
3.500000000000000000e+02 7.234740063476288924e+03 -1.391532178294191228e-02
3.510000000000000000e+02 7.255410749371935708e+03 -1.412548884600822729e-02
3.520000000000000000e+02 7.276081435267582492e+03 -1.350756441030859407e-02
3.530000000000000000e+02 7.296752121163229276e+03 -1.222409452174461064e-02
3.540000000000000000e+02 7.317422807058876060e+03 -1.057827298969332697e-02
3.550000000000000000e+02 7.338093492954522844e+03 -8.945113638846757809e-03
3.560000000000000000e+02 7.358764178850169628e+03 -7.688381229047248390e-03
3.570000000000000000e+02 7.379434864745816412e+03 -7.081731406951785601e-03
3.580000000000000000e+02 7.400105550641463196e+03 -7.251170675218854278e-03
3.590000000000000000e+02 7.420776236537109980e+03 -8.150908733821848884e-03
3.600000000000000000e+02 7.441446922432756764e+03 -9.577162666547511805e-03
3.610000000000000000e+02 7.462117608328403549e+03 -1.121615282421595250e-02
3.620000000000000000e+02 7.482788294224050333e+03 -1.271516213673873352e-02
3.630000000000000000e+02 7.503458980119697117e+03 -1.376066454291480397e-02
3.640000000000000000e+02 7.524129666015343901e+03 -1.414621881745958647e-02
3.650000000000000000e+02 7.544800351910990685e+03 -1.381536288014284346e-02
3.660000000000000000e+02 7.565471037806637469e+03 -1.287053753286249158e-02
3.670000000000000000e+02 7.586141723702284253e+03 -1.154676726677927867e-02
3.680000000000000000e+02 7.606812409597931037e+03 -1.015666201103415656e-02
3.690000000000000000e+02 7.627483095493577821e+03 -9.019516784210035443e-03
3.700000000000000000e+02 7.648153781389224605e+03 -8.390522193532812256e-03
3.710000000000000000e+02 7.668824467284871389e+03 -8.405713817135451738e-03
3.720000000000000000e+02 7.689495153180518173e+03 -9.054477542104144572e-03
3.730000000000000000e+02 7.710165839076164957e+03 -1.018512993028025670e-02
3.740000000000000000e+02 7.730836524971811741e+03 -1.154172649407059215e-02
3.750000000000000000e+02 7.751507210867458525e+03 -1.282340113042523821e-02
3.760000000000000000e+02 7.772177896763105309e+03 -1.375266675751429801e-02
3.770000000000000000e+02 7.792848582658752093e+03 -1.413727245368334717e-02
3.780000000000000000e+02 7.813519268554398877e+03 -1.391183356998781928e-02
3.790000000000000000e+02 7.834189954450045661e+03 -1.315016428442983276e-02
3.800000000000000000e+02 7.854860640345692445e+03 -1.204596276235092578e-02
3.810000000000000000e+02 7.875531326241339229e+03 -1.086668084381348098e-02
3.820000000000000000e+02 7.896202012136986014e+03 -9.891411622539925119e-03
3.830000000000000000e+02 7.916872698032632798e+03 -9.347095509757763487e-03
3.840000000000000000e+02 7.937543383928279582e+03 -9.357527485750027907e-03
3.850000000000000000e+02 7.958214069823926366e+03 -9.916564137834704695e-03
3.860000000000000000e+02 7.978884755719573150e+03 -1.089133144474563331e-02
3.870000000000000000e+02 7.999555441615219934e+03 -1.205439985641515444e-02
3.880000000000000000e+02 8.020226127510866718e+03 -1.313733386511156676e-02
3.890000000000000000e+02 8.040896813406513502e+03 -1.389318937855671572e-02
3.900000000000000000e+02 8.061567499302160286e+03 -1.415352386720997169e-02
3.910000000000000000e+02 8.082238185197807070e+03 -1.386679112062799875e-02
3.920000000000000000e+02 8.102908871093453854e+03 -1.310934003478253507e-02
3.930000000000000000e+02 8.123579556989100638e+03 -1.206662264650643079e-02
3.940000000000000000e+02 8.144250242884747422e+03 -1.098914449604831978e-02
3.950000000000000000e+02 8.164920928780394206e+03 -1.013353301067981826e-02
3.960000000000000000e+02 8.185591614676040990e+03 -9.702492963985565044e-03
3.970000000000000000e+02 8.206262300571686865e+03 -9.797592796086551648e-03
3.980000000000000000e+02 8.226932986467332739e+03 -1.039578280201941540e-02
3.990000000000000000e+02 8.247603672362978614e+03 -1.135502584752473565e-02
4.000000000000000000e+02 8.268274358258624488e+03 -1.244769589976774116e-02
4.010000000000000000e+02 8.288945044154270363e+03 -1.341398452375636326e-02
4.020000000000000000e+02 8.309615730049916237e+03 -1.402290227598751611e-02
4.030000000000000000e+02 8.330286415945562112e+03 -1.412665640379867464e-02
4.040000000000000000e+02 8.350957101841207987e+03 -1.369568362079137680e-02
4.050000000000000000e+02 8.371627787736853861e+03 -1.282609787121641309e-02
4.060000000000000000e+02 8.392298473632499736e+03 -1.171773828786421001e-02
4.070000000000000000e+02 8.412969159528145610e+03 -1.062786078933164458e-02
4.080000000000000000e+02 8.433639845423791485e+03 -9.811193926765104933e-03
4.090000000000000000e+02 8.454310531319437359e+03 -9.460250782237222822e-03
4.100000000000000000e+02 8.474981217215083234e+03 -9.659737375896093603e-03
4.110000000000000000e+02 8.495651903110729108e+03 -1.036567262652510202e-02
4.120000000000000000e+02 8.516322589006374983e+03 -1.141420077684751622e-02
4.130000000000000000e+02 8.536993274902020858e+03 -1.255830723209261368e-02
4.140000000000000000e+02 8.557663960797666732e+03 -1.352424352078896060e-02
4.150000000000000000e+02 8.578334646693312607e+03 -1.407486091198606459e-02
4.160000000000000000e+02 8.599005332588958481e+03 -1.406531749303840950e-02
4.170000000000000000e+02 8.619676018484604356e+03 -1.347820858844239744e-02
4.180000000000000000e+02 8.640346704380250230e+03 -1.242975881611885214e-02
4.190000000000000000e+02 8.661017390275896105e+03 -1.114527808434839784e-02
4.200000000000000000e+02 8.681688076171541979e+03 -9.909123339286896037e-03
4.210000000000000000e+02 8.702358762067187854e+03 -9.000302167587459490e-03
4.220000000000000000e+02 8.723029447962833729e+03 -8.628243563726656351e-03
4.230000000000000000e+02 8.743700133858479603e+03 -8.883371226268421683e-03
4.240000000000000000e+02 8.764370819754125478e+03 -9.713931301374045812e-03
4.250000000000000000e+02 8.785041505649771352e+03 -1.093476417922156774e-02
4.260000000000000000e+02 8.805712191545417227e+03 -1.226661822266672530e-02
4.270000000000000000e+02 8.826382877441063101e+03 -1.339770396785300299e-02
4.280000000000000000e+02 8.847053563336708976e+03 -1.405399570654686063e-02
4.290000000000000000e+02 8.867724249232354850e+03 -1.406251224227661467e-02
4.300000000000000000e+02 8.888394935128000725e+03 -1.339305658024703138e-02
4.310000000000000000e+02 8.909065621023646599e+03 -1.216847818251998170e-02
4.320000000000000000e+02 8.929736306919292474e+03 -1.064046882960767437e-02
4.330000000000000000e+02 8.950406992814938349e+03 -9.135669309126015492e-03
4.340000000000000000e+02 8.971077678710584223e+03 -7.983681118979957247e-03
4.350000000000000000e+02 8.991748364606230098e+03 -7.442864978216223726e-03
4.360000000000000000e+02 9.012419050501875972e+03 -7.640562550419893739e-03
4.370000000000000000e+02 9.033089736397521847e+03 -8.541418287489555006e-03
4.380000000000000000e+02 9.053760422293167721e+03 -9.951455764935723813e-03
4.390000000000000000e+02 9.074431108188813596e+03 -1.155776429492810786e-02
4.400000000000000000e+02 9.095101794084459470e+03 -1.299572154820466396e-02
4.410000000000000000e+02 9.115772479980105345e+03 -1.392933203225360690e-02
4.420000000000000000e+02 9.136443165875751220e+03 -1.412696667644947231e-02
4.430000000000000000e+02 9.157113851771397094e+03 -1.351540865472628146e-02
4.440000000000000000e+02 9.177784537667042969e+03 -1.219962945073443938e-02
4.450000000000000000e+02 9.198455223562688843e+03 -1.044319527318610108e-02
4.460000000000000000e+02 9.219125909458334718e+03 -8.612978283782657396e-03
4.470000000000000000e+02 9.239796595353980592e+03 -7.099925125958751228e-03
4.480000000000000000e+02 9.260467281249626467e+03 -6.233149741940335886e-03
4.490000000000000000e+02 9.281137967145272341e+03 -6.206290705930928020e-03
4.500000000000000000e+02 9.301808653040918216e+03 -7.032542567169342007e-03
4.510000000000000000e+02 9.322479338936564091e+03 -8.538636972063584629e-03
4.520000000000000000e+02 9.343150024832209965e+03 -1.039965557544969554e-02
4.530000000000000000e+02 9.363820710727855840e+03 -1.220766062044292832e-02
4.540000000000000000e+02 9.384491396623501714e+03 -1.355960013215745663e-02
4.550000000000000000e+02 9.405162082519147589e+03 -1.414545468344424912e-02
4.560000000000000000e+02 9.425832768414793463e+03 -1.381724076077583963e-02
4.570000000000000000e+02 9.446503454310439338e+03 -1.262345866214664714e-02
4.580000000000000000e+02 9.467174140206085212e+03 -1.080103778488483712e-02
4.590000000000000000e+02 9.487844826101731087e+03 -8.726134660942075350e-03
4.600000000000000000e+02 9.508515511997376962e+03 -6.834200303166392508e-03
4.610000000000000000e+02 9.529186197893022836e+03 -5.526518063865393238e-03
4.620000000000000000e+02 9.549856883788668711e+03 -5.083402298921957385e-03
4.630000000000000000e+02 9.570527569684314585e+03 -5.602819032432815316e-03
4.640000000000000000e+02 9.591198255579960460e+03 -6.977742445926138348e-03
4.650000000000000000e+02 9.611868941475606334e+03 -8.917329354446723588e-03
4.660000000000000000e+02 9.632539627371252209e+03 -1.100769372516841038e-02
4.670000000000000000e+02 9.653210313266898083e+03 -1.279957411099841291e-02
4.680000000000000000e+02 9.673880999162543958e+03 -1.390428323199621730e-02
4.690000000000000000e+02 9.694551685058189832e+03 -1.407735183396430396e-02
4.700000000000000000e+02 9.715222370953835707e+03 -1.327176349871106442e-02
4.710000000000000000e+02 9.735893056849481582e+03 -1.164913927456118214e-02
4.720000000000000000e+02 9.756563742745127456e+03 -9.546267652656259539e-03
4.730000000000000000e+02 9.777234428640773331e+03 -7.404012352019983222e-03
4.740000000000000000e+02 9.797905114536419205e+03 -5.673759614134910034e-03
4.750000000000000000e+02 9.818575800432065080e+03 -4.721398496869200212e-03
4.760000000000000000e+02 9.839246486327710954e+03 -4.749317435505051588e-03
4.770000000000000000e+02 9.859917172223356829e+03 -5.753012141397173540e-03
4.780000000000000000e+02 9.880587858119002703e+03 -7.521556104846338631e-03
4.790000000000000000e+02 9.901258544014648578e+03 -9.681951653900511268e-03
4.800000000000000000e+02 9.921929229910294453e+03 -1.177811086156288489e-02
4.810000000000000000e+02 9.942599915805940327e+03 -1.336778236235447448e-02
4.820000000000000000e+02 9.963270601701586202e+03 -1.411675177307502964e-02
4.830000000000000000e+02 9.983941287597232076e+03 -1.387007575621346071e-02
4.840000000000000000e+02 1.000461197349287795e+04 -1.268497028066795096e-02
4.850000000000000000e+02 1.002528265938852383e+04 -1.081823352043642661e-02
4.860000000000000000e+02 1.004595334528416970e+04 -8.670930500260021212e-03
4.870000000000000000e+02 1.006662403117981557e+04 -6.702331343305667488e-03
4.880000000000000000e+02 1.008729471707546145e+04 -5.331723180746039681e-03
4.890000000000000000e+02 1.010796540297110732e+04 -4.849237159907704431e-03
4.900000000000000000e+02 1.012863608886675320e+04 -5.354738727096131079e-03
4.910000000000000000e+02 1.014930677476239907e+04 -6.737682596842153870e-03
4.920000000000000000e+02 1.016997746065804495e+04 -8.702033544049803115e-03
4.930000000000000000e+02 1.019064814655369082e+04 -1.083074687971358196e-02
4.940000000000000000e+02 1.021131883244933670e+04 -1.267584210043576354e-02
4.950000000000000000e+02 1.023198951834498257e+04 -1.385457282018626168e-02
4.960000000000000000e+02 1.025266020424062845e+04 -1.413086769562804483e-02
4.970000000000000000e+02 1.027333089013627432e+04 -1.346447553836366273e-02
4.980000000000000000e+02 1.029400157603192019e+04 -1.201739993398504014e-02
4.990000000000000000e+02 1.031467226192756607e+04 -1.011663426787884346e-02
5.000000000000000000e+02 1.033534294782321194e+04 -8.181775232267041176e-03
5.010000000000000000e+02 1.035601363371885782e+04 -6.633658714588985816e-03
5.020000000000000000e+02 1.037668431961450369e+04 -5.804056638878618557e-03
5.030000000000000000e+02 1.039735500551014957e+04 -5.865900527258105512e-03
5.040000000000000000e+02 1.041802569140579544e+04 -6.798716966356033176e-03
5.050000000000000000e+02 1.043869637730144132e+04 -8.396149497009619544e-03
5.060000000000000000e+02 1.045936706319708719e+04 -1.031332931458872615e-02
5.070000000000000000e+02 1.048003774909273307e+04 -1.214334061729749337e-02
5.080000000000000000e+02 1.050070843498837894e+04 -1.350586849995227823e-02
5.090000000000000000e+02 1.052137912088402481e+04 -1.412865015299280373e-02
5.100000000000000000e+02 1.054204980677967069e+04 -1.390414837855002972e-02
5.110000000000000000e+02 1.056272049267531656e+04 -1.290953079539525206e-02
5.120000000000000000e+02 1.058339117857096244e+04 -1.138625932797243667e-02
5.130000000000000000e+02 1.060406186446660831e+04 -9.684492252501120113e-03
5.140000000000000000e+02 1.062473255036225419e+04 -8.185083593066910801e-03
5.150000000000000000e+02 1.064540323625790006e+04 -7.216577780602639880e-03
5.160000000000000000e+02 1.066607392215354594e+04 -6.985294464151027040e-03
5.170000000000000000e+02 1.068674460804919181e+04 -7.533348814567741858e-03
5.180000000000000000e+02 1.070741529394483769e+04 -8.733100614647104631e-03
5.190000000000000000e+02 1.072808597984048356e+04 -1.031851921180421128e-02
5.200000000000000000e+02 1.074875666573612943e+04 -1.194599412380237258e-02
5.210000000000000000e+02 1.076942735163177531e+04 -1.327086275140454408e-02
5.220000000000000000e+02 1.079009803752742118e+04 -1.402268959492292133e-02
5.230000000000000000e+02 1.081076872342306706e+04 -1.406283100925542935e-02
5.240000000000000000e+02 1.083143940931871293e+04 -1.341194976944848176e-02
5.250000000000000000e+02 1.085211009521435881e+04 -1.224196061910909350e-02
5.260000000000000000e+02 1.087278078111000468e+04 -1.083483465580981076e-02
5.270000000000000000e+02 1.089345146700565056e+04 -9.517974343094537382e-03
5.280000000000000000e+02 1.091412215290129643e+04 -8.590875050045410077e-03
5.290000000000000000e+02 1.093479283879694231e+04 -8.259436969443423315e-03
5.300000000000000000e+02 1.095546352469258818e+04 -8.592291977354227228e-03
5.310000000000000000e+02 1.097613421058823405e+04 -9.508399213763119029e-03
5.320000000000000000e+02 1.099680489648387993e+04 -1.079812847455430269e-02
5.330000000000000000e+02 1.101747558237952580e+04 -1.217263385857436653e-02
5.340000000000000000e+02 1.103814626827517168e+04 -1.333011004720019259e-02
5.350000000000000000e+02 1.105881695417081755e+04 -1.402386850334563784e-02
5.360000000000000000e+02 1.107948764006646343e+04 -1.411689980093882961e-02
5.370000000000000000e+02 1.110015832596210930e+04 -1.361078552528077745e-02
5.380000000000000000e+02 1.112082901185775518e+04 -1.264276412377812742e-02
5.390000000000000000e+02 1.114149969775340105e+04 -1.145206393686254431e-02
5.400000000000000000e+02 1.116217038364904693e+04 -1.032359896217888151e-02
5.410000000000000000e+02 1.118284106954469280e+04 -9.522170887792225091e-03
5.420000000000000000e+02 1.120351175544033867e+04 -9.232295847064364569e-03
5.430000000000000000e+02 1.122418244133598455e+04 -9.517275993266960388e-03
5.440000000000000000e+02 1.124485312723163042e+04 -1.030657647495319962e-02
5.450000000000000000e+02 1.126552381312727630e+04 -1.141403234393473243e-02
5.460000000000000000e+02 1.128619449902292217e+04 -1.258237729436545438e-02
5.470000000000000000e+02 1.130686518491856805e+04 -1.354361890353689146e-02
5.480000000000000000e+02 1.132753587081421392e+04 -1.408122228099256690e-02
5.490000000000000000e+02 1.134820655670985980e+04 -1.407973343759311158e-02
5.500000000000000000e+02 1.136887724260550567e+04 -1.355047074931542243e-02
5.510000000000000000e+02 1.138954792850115155e+04 -1.262754248990999306e-02
5.520000000000000000e+02 1.141021861439679742e+04 -1.153538082938260212e-02
5.530000000000000000e+02 1.143088930029244329e+04 -1.053558115651948013e-02
5.540000000000000000e+02 1.145155998618808917e+04 -9.865556823985155432e-03
5.550000000000000000e+02 1.147223067208373504e+04 -9.683286636497090427e-03
5.560000000000000000e+02 1.149290135797938092e+04 -1.003088720614886409e-02
5.570000000000000000e+02 1.151357204387502679e+04 -1.082530295416483934e-02
5.580000000000000000e+02 1.153424272977067267e+04 -1.187812735431781341e-02
5.590000000000000000e+02 1.155491341566631854e+04 -1.293987536858964837e-02
5.600000000000000000e+02 1.157558410156196442e+04 -1.375841458193527433e-02
5.610000000000000000e+02 1.159625478745761029e+04 -1.413799993599684605e-02
5.620000000000000000e+02 1.161692547335325617e+04 -1.398520822763560378e-02
5.630000000000000000e+02 1.163759615924890204e+04 -1.333109141278854097e-02
5.640000000000000000e+02 1.165826684514454791e+04 -1.232437274045961040e-02
5.650000000000000000e+02 1.167893753104019379e+04 -1.119721677718621411e-02
5.660000000000000000e+02 1.169960821693583966e+04 -1.021145138663603902e-02
5.670000000000000000e+02 1.172027890283148554e+04 -9.597635520128822151e-03
5.680000000000000000e+02 1.174094958872713141e+04 -9.501020146974958891e-03
5.690000000000000000e+02 1.176162027462277729e+04 -9.946888670287701295e-03
5.700000000000000000e+02 1.178229096051842316e+04 -1.083337366713543748e-02
5.710000000000000000e+02 1.180296164641406904e+04 -1.195362778119379854e-02
5.720000000000000000e+02 1.182363233230971491e+04 -1.304255087246042333e-02
5.730000000000000000e+02 1.184430301820536079e+04 -1.383761326410526404e-02
5.740000000000000000e+02 1.186497370410100666e+04 -1.413994836353404949e-02
5.750000000000000000e+02 1.188564438999665254e+04 -1.386162969381476810e-02
5.760000000000000000e+02 1.190631507589229841e+04 -1.304802213668365685e-02
5.770000000000000000e+02 1.192698576178794428e+04 -1.186967694121132677e-02
5.780000000000000000e+02 1.194765644768359016e+04 -1.058517416901283426e-02
5.790000000000000000e+02 1.196832713357923603e+04 -9.483018436540091578e-03
5.800000000000000000e+02 1.198899781947488191e+04 -8.815611229547881678e-03
5.810000000000000000e+02 1.200966850537052778e+04 -8.740307786284540192e-03
5.820000000000000000e+02 1.203033919126617366e+04 -9.281154290580295729e-03
5.830000000000000000e+02 1.205100987716181953e+04 -1.032040605750106366e-02
5.840000000000000000e+02 1.207168056305746541e+04 -1.162233509978904955e-02
5.850000000000000000e+02 1.209235124895311128e+04 -1.288456874551524578e-02
5.860000000000000000e+02 1.211302193484875716e+04 -1.380584385039435036e-02
5.870000000000000000e+02 1.213369262074440303e+04 -1.415506130773130748e-02
5.880000000000000000e+02 1.215436330664004890e+04 -1.382587445796140679e-02
5.890000000000000000e+02 1.217503399253569478e+04 -1.286400190923170372e-02
5.900000000000000000e+02 1.219570467843134065e+04 -1.146043351831455004e-02
5.910000000000000000e+02 1.221637536432698653e+04 -9.911377302915302945e-03
5.920000000000000000e+02 1.223704605022263240e+04 -8.553421812088679577e-03
5.930000000000000000e+02 1.225771673611827828e+04 -7.688187122957768072e-03
5.940000000000000000e+02 1.227838742201392415e+04 -7.513343013157370610e-03
5.950000000000000000e+02 1.229905810790957003e+04 -8.075675146210603561e-03
5.960000000000000000e+02 1.231972879380521590e+04 -9.257155824972163050e-03
5.970000000000000000e+02 1.234039947970086178e+04 -1.079776997588649534e-02
5.980000000000000000e+02 1.236107016559650765e+04 -1.235070447502545354e-02
5.990000000000000000e+02 1.238174085149215352e+04 -1.355817624074267917e-02
6.000000000000000000e+02 1.240241153738779940e+04 -1.413129124209183685e-02
6.010000000000000000e+02 1.242308222328344527e+04 -1.391607570621816725e-02
6.020000000000000000e+02 1.244375290917909115e+04 -1.293059858033868137e-02
6.030000000000000000e+02 1.246442359507473702e+04 -1.136436282576402945e-02
6.040000000000000000e+02 1.248509428097038290e+04 -9.539499970839027121e-03
6.050000000000000000e+02 1.250576496686602877e+04 -7.841868290012099507e-03
6.060000000000000000e+02 1.252643565276167465e+04 -6.636972011376474079e-03
6.070000000000000000e+02 1.254710633865732052e+04 -6.189124394888945169e-03
6.080000000000000000e+02 1.256777702455296640e+04 -6.601693394008179006e-03
6.090000000000000000e+02 1.258844771044861227e+04 -7.791774118614092082e-03
6.100000000000000000e+02 1.260911839634425814e+04 -9.505249784498404075e-03
6.110000000000000000e+02 1.262978908223990402e+04 -1.136950024668648140e-02
6.120000000000000000e+02 1.265045976813554989e+04 -1.297279533080519798e-02
6.130000000000000000e+02 1.267113045403119577e+04 -1.395341764494384407e-02
6.140000000000000000e+02 1.269180113992684164e+04 -1.407916568056977180e-02
6.150000000000000000e+02 1.271247182582248752e+04 -1.329972473487672779e-02
6.160000000000000000e+02 1.273314251171813339e+04 -1.176013062440806056e-02
6.170000000000000000e+02 1.275381319761377927e+04 -9.771951456357175214e-03
6.180000000000000000e+02 1.277448388350942514e+04 -7.748030316530430707e-03
6.190000000000000000e+02 1.279515456940507102e+04 -6.114628534280519556e-03
6.200000000000000000e+02 1.281582525530071689e+04 -5.219802845272958347e-03
6.210000000000000000e+02 1.283649594119636276e+04 -5.257739722173526697e-03
6.220000000000000000e+02 1.285716662709200864e+04 -6.225410248114571221e-03
6.230000000000000000e+02 1.287783731298765451e+04 -7.921089035699824255e-03
6.240000000000000000e+02 1.289850799888330039e+04 -9.985453227734197856e-03
6.250000000000000000e+02 1.291917868477894626e+04 -1.197692475739842166e-02
6.260000000000000000e+02 1.293984937067459214e+04 -1.346548101041111951e-02
6.270000000000000000e+02 1.296052005657023801e+04 -1.412495274779535133e-02
6.280000000000000000e+02 1.298119074246588389e+04 -1.380388070278515400e-02
6.290000000000000000e+02 1.300186142836152976e+04 -1.255941737646260048e-02
6.300000000000000000e+02 1.302253211425717564e+04 -1.064663067928750539e-02
6.310000000000000000e+02 1.304320280015282151e+04 -8.465188087485420176e-03
6.320000000000000000e+02 1.306387348604846738e+04 -6.474668334780164791e-03
6.330000000000000000e+02 1.308454417194411326e+04 -5.096605493135175635e-03
6.340000000000000000e+02 1.310521485783975913e+04 -4.624280020878668296e-03
6.350000000000000000e+02 1.312588554373540501e+04 -5.159612598308882525e-03
6.360000000000000000e+02 1.314655622963105088e+04 -6.590726119125256410e-03
6.370000000000000000e+02 1.316722691552669676e+04 -8.615115976653986429e-03
6.380000000000000000e+02 1.318789760142234263e+04 -1.080369550967230641e-02
6.390000000000000000e+02 1.320856828731798851e+04 -1.269221309150109223e-02
6.400000000000000000e+02 1.322923897321363438e+04 -1.388051573417686813e-02
6.410000000000000000e+02 1.324990965910928026e+04 -1.411825742115951909e-02
6.420000000000000000e+02 1.327058034500492613e+04 -1.335846040821647707e-02
6.430000000000000000e+02 1.329125103090057200e+04 -1.176728442285529530e-02
6.440000000000000000e+02 1.331192171679621788e+04 -9.687907849088073231e-03
6.450000000000000000e+02 1.333259240269186375e+04 -7.566444734324828669e-03
6.460000000000000000e+02 1.335326308858750963e+04 -5.856072147197188826e-03
6.470000000000000000e+02 1.337393377448315550e+04 -4.920178311345058120e-03
6.480000000000000000e+02 1.339460446037880138e+04 -4.955365346565820950e-03
6.490000000000000000e+02 1.341527514627444725e+04 -5.950652651390830883e-03
6.500000000000000000e+02 1.343594583217009313e+04 -7.691330234172344404e-03
6.510000000000000000e+02 1.345661651806573900e+04 -9.806339303145228392e-03
6.520000000000000000e+02 1.347728720396138488e+04 -1.184877945522616605e-02
6.530000000000000000e+02 1.349795788985703075e+04 -1.339206341207616058e-02
6.540000000000000000e+02 1.351862857575267662e+04 -1.412090340046823211e-02
6.550000000000000000e+02 1.353929926164832250e+04 -1.389752296031365915e-02
6.560000000000000000e+02 1.355996994754396837e+04 -1.278901674061050375e-02
6.570000000000000000e+02 1.358064063343961425e+04 -1.105037395353924978e-02
6.580000000000000000e+02 1.360131131933526012e+04 -9.067386137027844129e-03
6.590000000000000000e+02 1.362198200523090600e+04 -7.272309066272076607e-03
6.600000000000000000e+02 1.364265269112655187e+04 -6.050843641404957118e-03
6.610000000000000000e+02 1.366332337702219775e+04 -5.660539592368618589e-03
6.620000000000000000e+02 1.368399406291784362e+04 -6.177887642963397763e-03
6.630000000000000000e+02 1.370466474881348950e+04 -7.484918572531140679e-03
6.640000000000000000e+02 1.372533543470913537e+04 -9.297552654292939867e-03
6.650000000000000000e+02 1.374600612060478124e+04 -1.122904808064750792e-02
6.660000000000000000e+02 1.376667680650042712e+04 -1.287449188835787517e-02
6.670000000000000000e+02 1.378734749239607299e+04 -1.389790183768458039e-02
6.680000000000000000e+02 1.380801817829171887e+04 -1.410312979613459472e-02
6.690000000000000000e+02 1.382868886418736474e+04 -1.347348479514687107e-02
6.700000000000000000e+02 1.384935955008301062e+04 -1.217198794863660893e-02
6.710000000000000000e+02 1.387003023597865649e+04 -1.050284559973507781e-02
6.720000000000000000e+02 1.389070092187430237e+04 -8.843143752874926822e-03
6.730000000000000000e+02 1.391137160776994824e+04 -7.560078280498815605e-03
6.740000000000000000e+02 1.393204229366559412e+04 -6.931888802694852192e-03
6.750000000000000000e+02 1.395271297956123999e+04 -7.089510656567765690e-03
6.760000000000000000e+02 1.397338366545688586e+04 -7.991165010868050977e-03
6.770000000000000000e+02 1.399405435135253174e+04 -9.434807134852563060e-03
6.780000000000000000e+02 1.401472503724817761e+04 -1.110513587427630622e-02
6.790000000000000000e+02 1.403539572314382349e+04 -1.264444638174988533e-02
6.800000000000000000e+02 1.405606640903946936e+04 -1.373153629984647135e-02
6.810000000000000000e+02 1.407673709493511524e+04 -1.415126335704164351e-02
6.820000000000000000e+02 1.409740778083076111e+04 -1.383958850438526955e-02
6.830000000000000000e+02 1.411807846672640699e+04 -1.289453688085873129e-02
6.840000000000000000e+02 1.413874915262205286e+04 -1.155119477401467254e-02
6.850000000000000000e+02 1.415941983851769874e+04 -1.012688165816277852e-02
6.860000000000000000e+02 1.418009052441334461e+04 -8.949177215455961232e-03
6.870000000000000000e+02 1.420076121030899048e+04 -8.283084835526755008e-03
6.880000000000000000e+02 1.422143189620463636e+04 -8.273514194373166042e-03
6.890000000000000000e+02 1.424210258210028223e+04 -8.915573721642144900e-03
6.900000000000000000e+02 1.426277326799592811e+04 -1.005878789932040940e-02
6.910000000000000000e+02 1.428344395389157398e+04 -1.144374236853445970e-02
6.920000000000000000e+02 1.430411463978721986e+04 -1.276247023800697322e-02
6.930000000000000000e+02 1.432478532568286573e+04 -1.372868373309515944e-02
6.940000000000000000e+02 1.434545601157851161e+04 -1.414188695999502032e-02
6.950000000000000000e+02 1.436612669747415748e+04 -1.393096533129351000e-02
6.960000000000000000e+02 1.438679738336980336e+04 -1.316768555902142479e-02
6.970000000000000000e+02 1.440746806926544923e+04 -1.204752436490558187e-02
6.980000000000000000e+02 1.442813875516109510e+04 -1.084273433182930679e-02
6.990000000000000000e+02 1.444880944105674098e+04 -9.838808687595734792e-03
7.000000000000000000e+02 1.446948012695238685e+04 -9.269096417511002439e-03
7.010000000000000000e+02 1.449015081284803273e+04 -9.262472656622999789e-03
7.020000000000000000e+02 1.451082149874367860e+04 -9.815737422569414949e-03
7.030000000000000000e+02 1.453149218463932448e+04 -1.079661750542143528e-02
7.040000000000000000e+02 1.455216287053497035e+04 -1.197623152809662583e-02
7.050000000000000000e+02 1.457283355643061623e+04 -1.308321334439088712e-02
7.060000000000000000e+02 1.459350424232626210e+04 -1.386684624801404198e-02
7.070000000000000000e+02 1.461417492822190798e+04 -1.415462537599931903e-02
7.080000000000000000e+02 1.463484561411755385e+04 -1.389108359934154713e-02
7.090000000000000000e+02 1.465551630001319973e+04 -1.314915593469156985e-02
7.100000000000000000e+02 1.467618698590884560e+04 -1.211177158586806968e-02
7.110000000000000000e+02 1.469685767180449147e+04 -1.102824275306901747e-02
7.120000000000000000e+02 1.471752835770013735e+04 -1.015576475938562151e-02
7.130000000000000000e+02 1.473819904359578322e+04 -9.699641694045357809e-03
7.140000000000000000e+02 1.475886972949142910e+04 -9.765990044656835956e-03
7.150000000000000000e+02 1.477954041538707497e+04 -1.033768140498037003e-02
7.160000000000000000e+02 1.480021110128272085e+04 -1.127889924929492693e-02
7.170000000000000000e+02 1.482088178717836672e+04 -1.236713736547656595e-02
7.180000000000000000e+02 1.484155247307401260e+04 -1.334521261731625059e-02
7.190000000000000000e+02 1.486222315896965847e+04 -1.398128903215833940e-02
7.200000000000000000e+02 1.488289384486530435e+04 -1.412305441657524252e-02
7.210000000000000000e+02 1.490356453076095022e+04 -1.373350556086616429e-02
7.220000000000000000e+02 1.492423521665659609e+04 -1.290000932062429495e-02
7.230000000000000000e+02 1.494490590255224197e+04 -1.181445810112857764e-02
7.240000000000000000e+02 1.496557658844788784e+04 -1.072901214861765595e-02
7.250000000000000000e+02 1.498624727434353372e+04 -9.897573180863594722e-03
7.260000000000000000e+02 1.500691796023917959e+04 -9.516457045085968680e-03
7.270000000000000000e+02 1.502758864613482547e+04 -9.677968214075960418e-03
7.280000000000000000e+02 1.504825933203047134e+04 -1.034768762200533043e-02
7.290000000000000000e+02 1.506893001792611722e+04 -1.137093298163316391e-02
7.300000000000000000e+02 1.508960070382176309e+04 -1.250722823160665964e-02
7.310000000000000000e+02 1.511027138971740897e+04 -1.348518366865203259e-02
7.320000000000000000e+02 1.513094207561305484e+04 -1.406538161751180564e-02
7.330000000000000000e+02 1.515161276150870071e+04 -1.409681406378321226e-02
7.340000000000000000e+02 1.517228344740434659e+04 -1.355367220059072904e-02
7.350000000000000000e+02 1.519295413329999246e+04 -1.254363030447541716e-02
7.360000000000000000e+02 1.521362481919563834e+04 -1.128524463578034487e-02
7.370000000000000000e+02 1.523429550509128421e+04 -1.005922079653759349e-02
7.380000000000000000e+02 1.525496619098693009e+04 -9.144427370538277255e-03
7.390000000000000000e+02 1.527563687688257596e+04 -8.753204966949479360e-03
7.400000000000000000e+02 1.529630756277822184e+04 -8.980869055742413121e-03
7.410000000000000000e+02 1.531697824867386771e+04 -9.781247118354652326e-03
7.420000000000000000e+02 1.533764893456951359e+04 -1.097431530556708390e-02
7.430000000000000000e+02 1.535831962046515946e+04 -1.228477953885781515e-02
7.440000000000000000e+02 1.537899030636080533e+04 -1.340336028460914486e-02
7.450000000000000000e+02 1.539966099225645121e+04 -1.405717585253912598e-02
7.460000000000000000e+02 1.542033167815209708e+04 -1.407324732236942162e-02
7.470000000000000000e+02 1.544100236404774296e+04 -1.342040754521750708e-02
7.480000000000000000e+02 1.546167304994338883e+04 -1.221958716586407645e-02
7.490000000000000000e+02 1.548234373583903471e+04 -1.071954532946467475e-02
7.500000000000000000e+02 1.550301442173468058e+04 -9.242993255778431116e-03
7.510000000000000000e+02 1.552368510763032646e+04 -8.114898120497704426e-03
7.520000000000000000e+02 1.554435579352597233e+04 -7.588955433409983777e-03
7.530000000000000000e+02 1.556502647942161821e+04 -7.788808576421168972e-03
7.540000000000000000e+02 1.558569716531726408e+04 -8.677458723374220639e-03
7.550000000000000000e+02 1.560636785121290995e+04 -1.006217032125555910e-02
7.560000000000000000e+02 1.562703853710855583e+04 -1.163437770205011379e-02
7.570000000000000000e+02 1.564770922300420170e+04 -1.303630038486747189e-02
7.580000000000000000e+02 1.566837990889984758e+04 -1.393986742427055781e-02
7.590000000000000000e+02 1.568905059479549345e+04 -1.412053156294756917e-02
7.600000000000000000e+02 1.570972128069113933e+04 -1.350938917985122951e-02
7.610000000000000000e+02 1.573039196658678520e+04 -1.221160923568354040e-02
7.620000000000000000e+02 1.575106265248243108e+04 -1.048652962442020442e-02
7.630000000000000000e+02 1.577173333837807695e+04 -8.693267983301888879e-03
7.640000000000000000e+02 1.579240402427372283e+04 -7.213408777999975353e-03
7.650000000000000000e+02 1.581307471016936870e+04 -6.367522783222556715e-03
7.660000000000000000e+02 1.583374539606501457e+04 -6.343779586553133232e-03
7.670000000000000000e+02 1.585441608196066045e+04 -7.154420646601267197e-03
7.680000000000000000e+02 1.587508676785630632e+04 -8.629956312655007178e-03
7.690000000000000000e+02 1.589575745375195220e+04 -1.045290747721655533e-02
7.700000000000000000e+02 1.591642813964759807e+04 -1.222438807862902266e-02
7.710000000000000000e+02 1.593709882554324395e+04 -1.354958097678238271e-02
7.720000000000000000e+02 1.595776951143888982e+04 -1.412377917551455205e-02
7.730000000000000000e+02 1.597844019733453570e+04 -1.380020402332760195e-02
7.740000000000000000e+02 1.599911088323018157e+04 -1.262448789365866464e-02
7.750000000000000000e+02 1.601978156912582745e+04 -1.082778613875245988e-02
7.760000000000000000e+02 1.604045225502147332e+04 -8.779439553963319653e-03
7.770000000000000000e+02 1.606112294091711919e+04 -6.908981361961774592e-03
7.780000000000000000e+02 1.608179362681276507e+04 -5.614093659045027440e-03
7.790000000000000000e+02 1.610246431270841094e+04 -5.174327389238175812e-03
7.800000000000000000e+02 1.612313499860405682e+04 -5.689297060186837562e-03
7.810000000000000000e+02 1.614380568449970269e+04 -7.054929708549372534e-03
7.820000000000000000e+02 1.616447637039534857e+04 -8.983318827009312280e-03
7.830000000000000000e+02 1.618514705629099444e+04 -1.106246601700544563e-02
7.840000000000000000e+02 1.620581774218664032e+04 -1.284356210403703180e-02
7.850000000000000000e+02 1.622648842808228619e+04 -1.393728988900483357e-02
7.860000000000000000e+02 1.624715911397793207e+04 -1.409835644118634379e-02
7.870000000000000000e+02 1.626782979987357794e+04 -1.327972913457992066e-02
7.880000000000000000e+02 1.628850048576922381e+04 -1.164445945477715627e-02
7.890000000000000000e+02 1.630917117166486969e+04 -9.532154132830317206e-03
7.900000000000000000e+02 1.632984185756051556e+04 -7.387069372921106769e-03
7.910000000000000000e+02 1.635051254345616144e+04 -5.663244539033551739e-03
7.920000000000000000e+02 1.637118322935180731e+04 -4.727145699430113091e-03
7.930000000000000000e+02 1.639185391524745501e+04 -4.778828200619589239e-03
7.940000000000000000e+02 1.641252460114310088e+04 -5.808598475611104206e-03
7.950000000000000000e+02 1.643319528703874676e+04 -7.598530116031620117e-03
7.960000000000000000e+02 1.645386597293439263e+04 -9.768624017817806315e-03
7.970000000000000000e+02 1.647453665883003850e+04 -1.185785470482075832e-02
7.980000000000000000e+02 1.649520734472568438e+04 -1.342277885227666223e-02
7.990000000000000000e+02 1.651587803062133025e+04 -1.413246420127162346e-02
8.000000000000000000e+02 1.653654871651697613e+04 -1.383919717951415107e-02
8.010000000000000000e+02 1.655721940241262200e+04 -1.260967411746322098e-02
8.020000000000000000e+02 1.657789008830826788e+04 -1.071001660716264237e-02
8.030000000000000000e+02 1.659856077420391375e+04 -8.548033331256643663e-03
8.040000000000000000e+02 1.661923146009955963e+04 -6.585427072456795372e-03
8.050000000000000000e+02 1.663990214599520550e+04 -5.239058186536027506e-03
8.060000000000000000e+02 1.666057283189085138e+04 -4.792531296807900354e-03
8.070000000000000000e+02 1.668124351778649725e+04 -5.336888856983579288e-03
8.080000000000000000e+02 1.670191420368214312e+04 -6.752759020552833412e-03
8.090000000000000000e+02 1.672258488957778900e+04 -8.737395605145859001e-03
8.100000000000000000e+02 1.674325557547343487e+04 -1.087053116088321225e-02
8.110000000000000000e+02 1.676392626136908075e+04 -1.270475939715298708e-02
8.120000000000000000e+02 1.678459694726472662e+04 -1.386097416672005256e-02
8.130000000000000000e+02 1.680526763316037250e+04 -1.410838178933659925e-02
8.140000000000000000e+02 1.682593831905601837e+04 -1.341204914798510561e-02
8.150000000000000000e+02 1.684660900495166425e+04 -1.193809547872093368e-02
8.160000000000000000e+02 1.686727969084731012e+04 -1.001587212147309058e-02
8.170000000000000000e+02 1.688795037674295600e+04 -8.065751168985280106e-03
8.180000000000000000e+02 1.690862106263860187e+04 -6.508433699469351463e-03
8.190000000000000000e+02 1.692929174853424774e+04 -5.675423366263088187e-03
8.200000000000000000e+02 1.694996243442989362e+04 -5.739745226711445714e-03
8.210000000000000000e+02 1.697063312032553949e+04 -6.681366754099193894e-03
8.220000000000000000e+02 1.699130380622118537e+04 -8.294207548423526699e-03
8.230000000000000000e+02 1.701197449211683124e+04 -1.023274356065478896e-02
8.240000000000000000e+02 1.703264517801247712e+04 -1.208783288776160703e-02
8.250000000000000000e+02 1.705331586390812299e+04 -1.347522223052721735e-02
8.260000000000000000e+02 1.707398654980376887e+04 -1.411756272129194474e-02
8.270000000000000000e+02 1.709465723569941474e+04 -1.390229648483520646e-02
8.280000000000000000e+02 1.711532792159506062e+04 -1.290316670962476930e-02
8.290000000000000000e+02 1.713599860749070649e+04 -1.136115097163903354e-02
8.300000000000000000e+02 1.715666929338635236e+04 -9.629514952700479746e-03
8.310000000000000000e+02 1.717733997928199824e+04 -8.095452252582235886e-03
8.320000000000000000e+02 1.719801066517764411e+04 -7.095702960375649404e-03
8.330000000000000000e+02 1.721868135107328999e+04 -6.844574829116268667e-03
8.340000000000000000e+02 1.723935203696893586e+04 -7.389782214879847544e-03
8.350000000000000000e+02 1.726002272286458174e+04 -8.605235035263780752e-03
8.360000000000000000e+02 1.728069340876022761e+04 -1.022177914402228049e-02
8.370000000000000000e+02 1.730136409465587349e+04 -1.188864763350089282e-02
8.380000000000000000e+02 1.732203478055151936e+04 -1.325175873139222693e-02
8.390000000000000000e+02 1.734270546644716524e+04 -1.403142021559228118e-02
8.400000000000000000e+02 1.736337615234281111e+04 -1.408229630343577066e-02
8.410000000000000000e+02 1.738404683823845698e+04 -1.342262531378562822e-02
8.420000000000000000e+02 1.740471752413410286e+04 -1.222670367668693414e-02
8.430000000000000000e+02 1.742538821002974873e+04 -1.078294793688167053e-02
8.440000000000000000e+02 1.744605889592539461e+04 -9.427503319853480779e-03
8.450000000000000000e+02 1.746672958182104048e+04 -8.468648954100432835e-03
8.460000000000000000e+02 1.748740026771668636e+04 -8.118998704257196497e-03
8.470000000000000000e+02 1.750807095361233223e+04 -8.450404808076739105e-03
8.480000000000000000e+02 1.752874163950797811e+04 -9.381121465494357547e-03
8.490000000000000000e+02 1.754941232540362398e+04 -1.069745064968913306e-02
8.500000000000000000e+02 1.757008301129926986e+04 -1.210440734552237219e-02
8.510000000000000000e+02 1.759075369719491573e+04 -1.329356823626709656e-02
8.520000000000000000e+02 1.761142438309056161e+04 -1.401259279258676438e-02
8.530000000000000000e+02 1.763209506898620748e+04 -1.412075051050781620e-02
8.540000000000000000e+02 1.765276575488185335e+04 -1.361818539189418864e-02
8.550000000000000000e+02 1.767343644077749923e+04 -1.264279562098835630e-02
8.560000000000000000e+02 1.769410712667314510e+04 -1.143605292542726470e-02
8.570000000000000000e+02 1.771477781256879098e+04 -1.028609843586103523e-02
8.580000000000000000e+02 1.773544849846443685e+04 -9.461430615855692672e-03
8.590000000000000000e+02 1.775611918436008273e+04 -9.150354846776398432e-03
8.600000000000000000e+02 1.777678987025572860e+04 -9.419755820323172379e-03
8.610000000000000000e+02 1.779746055615137448e+04 -1.020214565684696151e-02
8.620000000000000000e+02 1.781813124204702035e+04 -1.131343704576615039e-02
8.630000000000000000e+02 1.783880192794266623e+04 -1.249695512500892391e-02
8.640000000000000000e+02 1.785947261383831210e+04 -1.348335063916683736e-02
8.650000000000000000e+02 1.788014329973395797e+04 -1.405259142140524893e-02
8.660000000000000000e+02 1.790081398562960385e+04 -1.408386969204800110e-02
8.670000000000000000e+02 1.792148467152524972e+04 -1.358214867253049185e-02
8.680000000000000000e+02 1.794215535742089560e+04 -1.267551529801325128e-02
8.690000000000000000e+02 1.796282604331654147e+04 -1.158424052422413197e-02
8.700000000000000000e+02 1.798349672921218735e+04 -1.056891629193268400e-02
8.710000000000000000e+02 1.800416741510783322e+04 -9.869756282567587746e-03
8.720000000000000000e+02 1.802483810100347910e+04 -9.651056236397614896e-03
8.730000000000000000e+02 1.804550878689912497e+04 -9.963514685457308673e-03
8.740000000000000000e+02 1.806617947279477085e+04 -1.073295978812571771e-02
8.750000000000000000e+02 1.808685015869041672e+04 -1.177797910712541363e-02
8.760000000000000000e+02 1.810752084458606259e+04 -1.285235814657137432e-02
8.770000000000000000e+02 1.812819153048170847e+04 -1.370255630812666943e-02
8.780000000000000000e+02 1.814886221637735434e+04 -1.412696243413780195e-02
8.790000000000000000e+02 1.816953290227300022e+04 -1.402319950596520037e-02
8.800000000000000000e+02 1.819020358816864609e+04 -1.341244369259875051e-02
8.810000000000000000e+02 1.821087427406429197e+04 -1.243500040936718065e-02
8.820000000000000000e+02 1.823154495995993784e+04 -1.131803215597682044e-02
8.830000000000000000e+02 1.825221564585558372e+04 -1.032281370093213191e-02
8.840000000000000000e+02 1.827288633175122959e+04 -9.683682397117254759e-03
8.850000000000000000e+02 1.829355701764687547e+04 -9.552832983060366434e-03
8.860000000000000000e+02 1.831422770354252134e+04 -9.963822545109579654e-03
8.870000000000000000e+02 1.833489838943816721e+04 -1.082240979440401984e-02
8.880000000000000000e+02 1.835556907533381309e+04 -1.192712047092164829e-02
8.890000000000000000e+02 1.837623976122945896e+04 -1.301509849569787436e-02
8.900000000000000000e+02 1.839691044712510484e+04 -1.382289841094058551e-02
8.910000000000000000e+02 1.841758113302075071e+04 -1.414826031610100232e-02
8.920000000000000000e+02 1.843825181891639659e+04 -1.389847439012598107e-02
8.930000000000000000e+02 1.845892250481204246e+04 -1.311386333537495341e-02
8.940000000000000000e+02 1.847959319070768834e+04 -1.196056354680569145e-02
8.950000000000000000e+02 1.850026387660333421e+04 -1.069387518230396905e-02
8.960000000000000000e+02 1.852093456249898009e+04 -9.600320095060121961e-03
8.970000000000000000e+02 1.854160524839462596e+04 -8.931574551435395026e-03
8.980000000000000000e+02 1.856227593429027183e+04 -8.845446430869430277e-03
8.990000000000000000e+02 1.858294662018591771e+04 -9.367585856813687162e-03
9.000000000000000000e+02 1.860361730608156358e+04 -1.038300979994216666e-02
9.010000000000000000e+02 1.862428799197720946e+04 -1.165982893673783716e-02
9.020000000000000000e+02 1.864495867787285533e+04 -1.290026357210666275e-02
9.030000000000000000e+02 1.866562936376850121e+04 -1.380773445953104028e-02
9.040000000000000000e+02 1.868630004966414708e+04 -1.415494954264495849e-02
9.050000000000000000e+02 1.870697073555979296e+04 -1.383742143227517651e-02
9.060000000000000000e+02 1.872764142145543883e+04 -1.289993169424363817e-02
9.070000000000000000e+02 1.874831210735108471e+04 -1.152945559548534948e-02
9.080000000000000000e+02 1.876898279324673058e+04 -1.001562475651340822e-02
9.090000000000000000e+02 1.878965347914237645e+04 -8.687205289742871983e-03
9.100000000000000000e+02 1.881032416503802233e+04 -7.838601693788471714e-03
9.110000000000000000e+02 1.883099485093366820e+04 -7.662791270926061493e-03
9.120000000000000000e+02 1.885166553682931408e+04 -8.205819260928726155e-03
9.130000000000000000e+02 1.887233622272495995e+04 -9.353351968734158195e-03
9.140000000000000000e+02 1.889300690862060583e+04 -1.085281989490827215e-02
9.150000000000000000e+02 1.891367759451625170e+04 -1.236686679378928844e-02
9.160000000000000000e+02 1.893434828041189758e+04 -1.354680805086938382e-02
9.170000000000000000e+02 1.895501896630754345e+04 -1.411013226983526270e-02
9.180000000000000000e+02 1.897568965220318933e+04 -1.390485827537723922e-02
9.190000000000000000e+02 1.899636033809883520e+04 -1.294615823045508485e-02
9.200000000000000000e+02 1.901703102399448107e+04 -1.141657579770161135e-02
9.210000000000000000e+02 1.903770170989012695e+04 -9.629130558770515602e-03
9.220000000000000000e+02 1.905837239578577282e+04 -7.960845907147018341e-03
9.230000000000000000e+02 1.907904308168141870e+04 -6.770913983111303235e-03
9.240000000000000000e+02 1.909971376757706457e+04 -6.321297405979031669e-03
9.250000000000000000e+02 1.912038445347271045e+04 -6.717250951406017467e-03
9.260000000000000000e+02 1.914105513936835632e+04 -7.881111692723985485e-03
9.270000000000000000e+02 1.916172582526400220e+04 -9.565660381728902095e-03
9.280000000000000000e+02 1.918239651115964807e+04 -1.140486980409904927e-02
9.290000000000000000e+02 1.920306719705529395e+04 -1.299167053578664799e-02
9.300000000000000000e+02 1.922373788295093982e+04 -1.396622331880248424e-02
9.310000000000000000e+02 1.924440856884658569e+04 -1.409550916494117963e-02
9.320000000000000000e+02 1.926507925474223157e+04 -1.332656248108166075e-02
9.330000000000000000e+02 1.928574994063787744e+04 -1.180116366582173448e-02
9.340000000000000000e+02 1.930642062653352332e+04 -9.828125018686351133e-03
9.350000000000000000e+02 1.932709131242916919e+04 -7.818625176698956736e-03
9.360000000000000000e+02 1.934776199832481507e+04 -6.198285447359674905e-03
9.370000000000000000e+02 1.936843268422046094e+04 -5.314954756463041718e-03
9.380000000000000000e+02 1.938910337011610682e+04 -5.362270192279972036e-03
9.390000000000000000e+02 1.940977405601175269e+04 -6.335766507471363163e-03
9.400000000000000000e+02 1.943044474190739857e+04 -8.031391966520085024e-03
9.410000000000000000e+02 1.945111542780304444e+04 -1.008723941136852043e-02
9.420000000000000000e+02 1.947178611369869031e+04 -1.205997981238510208e-02
9.430000000000000000e+02 1.949245679959433619e+04 -1.351982639252397034e-02
9.440000000000000000e+02 1.951312748548998206e+04 -1.414356421932955188e-02
9.450000000000000000e+02 1.953379817138562794e+04 -1.378532665175741245e-02
9.460000000000000000e+02 1.955446885728127381e+04 -1.250947195501023179e-02
9.470000000000000000e+02 1.957513954317691969e+04 -1.057811947052839097e-02
9.480000000000000000e+02 1.959581022907256556e+04 -8.395819992972231027e-03
9.490000000000000000e+02 1.961648091496821144e+04 -6.423240271371200016e-03
9.500000000000000000e+02 1.963715160086385731e+04 -5.078521086863796441e-03
9.510000000000000000e+02 1.965782228675950319e+04 -4.647606493972555874e-03
9.520000000000000000e+02 1.967849297265514906e+04 -5.222811210589206610e-03
9.530000000000000000e+02 1.969916365855079493e+04 -6.682753586138567847e-03
9.540000000000000000e+02 1.971983434444644081e+04 -8.717936624486388730e-03
9.550000000000000000e+02 1.974050503034208668e+04 -1.089655920118082211e-02
9.560000000000000000e+02 1.976117571623773256e+04 -1.275654634553879951e-02
9.570000000000000000e+02 1.978184640213337843e+04 -1.390410284322762813e-02
9.580000000000000000e+02 1.980251708802902431e+04 -1.409761590560565381e-02
9.590000000000000000e+02 1.982318777392467018e+04 -1.329887200485402321e-02
9.600000000000000000e+02 1.984385845982031606e+04 -1.168064656000533663e-02
9.610000000000000000e+02 1.986452914571596193e+04 -9.589189454688840097e-03
9.620000000000000000e+02 1.988519983161160781e+04 -7.469867639104232904e-03
9.630000000000000000e+02 1.990587051750725368e+04 -5.772102747233776032e-03
9.640000000000000000e+02 1.992654120340289955e+04 -4.854042936216107496e-03
9.650000000000000000e+02 1.994721188929854543e+04 -4.907246124050301805e-03
9.660000000000000000e+02 1.996788257519419130e+04 -5.917176560806425289e-03
9.670000000000000000e+02 1.998855326108983718e+04 -7.667607905822604319e-03
9.680000000000000000e+02 2.000922394698548305e+04 -9.787741842153308003e-03
9.690000000000000000e+02 2.002989463288112893e+04 -1.183186275332709370e-02
9.700000000000000000e+02 2.005056531877677480e+04 -1.337446746407389316e-02
9.710000000000000000e+02 2.007123600467242068e+04 -1.410050994734435292e-02
9.720000000000000000e+02 2.009190669056806655e+04 -1.387147371748220781e-02
9.730000000000000000e+02 2.011257737646371243e+04 -1.275325069694288604e-02
9.740000000000000000e+02 2.013324806235935830e+04 -1.100011100650133411e-02
9.750000000000000000e+02 2.015391874825500418e+04 -8.998555845137201636e-03
9.760000000000000000e+02 2.017458943415065005e+04 -7.183468513678792355e-03
9.770000000000000000e+02 2.019526012004629592e+04 -5.944830701796854910e-03
9.780000000000000000e+02 2.021593080594194180e+04 -5.545090588818246680e-03
9.790000000000000000e+02 2.023660149183758767e+04 -6.064729885446040747e-03
9.800000000000000000e+02 2.025727217773323355e+04 -7.387340232125060545e-03
9.810000000000000000e+02 2.027794286362887942e+04 -9.226994139101996062e-03
9.820000000000000000e+02 2.029861354952452530e+04 -1.119166826893935873e-02
9.830000000000000000e+02 2.031928423542017117e+04 -1.286878965214133252e-02
9.840000000000000000e+02 2.033995492131581705e+04 -1.391425081110136790e-02
9.850000000000000000e+02 2.036062560721146292e+04 -1.412555866645154486e-02
9.860000000000000000e+02 2.038129629310710880e+04 -1.348336198173699478e-02
9.870000000000000000e+02 2.040196697900275467e+04 -1.215266499253025989e-02
9.880000000000000000e+02 2.042263766489840054e+04 -1.044398033897736555e-02
9.890000000000000000e+02 2.044330835079404642e+04 -8.743478080201094738e-03
9.900000000000000000e+02 2.046397903668969229e+04 -7.427873192700384930e-03
9.910000000000000000e+02 2.048464972258533817e+04 -6.782885640946812768e-03
9.920000000000000000e+02 2.050532040848098404e+04 -6.942983336846454169e-03
9.930000000000000000e+02 2.052599109437662992e+04 -7.865145786979332865e-03
9.940000000000000000e+02 2.054666178027227579e+04 -9.341765113431821366e-03
9.950000000000000000e+02 2.056733246616792167e+04 -1.104921970660160957e-02
9.960000000000000000e+02 2.058800315206356754e+04 -1.262093078131604207e-02
9.970000000000000000e+02 2.060867383795921342e+04 -1.372848193468229061e-02
9.980000000000000000e+02 2.062934452385485929e+04 -1.415280195776763561e-02
9.990000000000000000e+02 2.065001520975050516e+04 -1.382985690514476618e-02
1.000000000000000000e+03 2.067068589564615104e+04 -1.286120880952118517e-02
1.001000000000000000e+03 2.069135658154179691e+04 -1.148779290571266820e-02
1.002000000000000000e+03 2.071202726743744279e+04 -1.003348943428672424e-02
1.003000000000000000e+03 2.073269795333308866e+04 -8.831649369670513394e-03
1.004000000000000000e+03 2.075336863922873454e+04 -8.151222723740469966e-03
1.005000000000000000e+03 2.077403932512438041e+04 -8.138831296946924532e-03
1.006000000000000000e+03 2.079471001102002629e+04 -8.789216985334857846e-03
1.007000000000000000e+03 2.081538069691567216e+04 -9.949966916155572605e-03
1.008000000000000000e+03 2.083605138281131804e+04 -1.135875798517571589e-02
1.009000000000000000e+03 2.085672206870696391e+04 -1.270423349654337120e-02
1.010000000000000000e+03 2.087739275460260978e+04 -1.369654320238078600e-02
1.011000000000000000e+03 2.089806344049825566e+04 -1.413164493854457589e-02
1.012000000000000000e+03 2.091873412639390153e+04 -1.393510685341958939e-02
1.013000000000000000e+03 2.093940481228954741e+04 -1.317597595612596262e-02
1.014000000000000000e+03 2.096007549818519328e+04 -1.204816158605115373e-02
1.015000000000000000e+03 2.098074618408083916e+04 -1.082412741360772035e-02
1.016000000000000000e+03 2.100141686997648503e+04 -9.791819668212797811e-03
1.017000000000000000e+03 2.102208755587213091e+04 -9.189317976926070219e-03
1.018000000000000000e+03 2.104275824176777678e+04 -9.151932797054229685e-03
1.019000000000000000e+03 2.106342892766342266e+04 -9.683420378881146817e-03
1.020000000000000000e+03 2.108409961355906853e+04 -1.065740378873991645e-02
1.021000000000000000e+03 2.110477029945471440e+04 -1.184825220618068720e-02
1.022000000000000000e+03 2.112544098535036028e+04 -1.298407941907553376e-02
1.023000000000000000e+03 2.114611167124600615e+04 -1.380960877634629380e-02
1.024000000000000000e+03 2.116678235714165203e+04 -1.414450620589047247e-02
1.025000000000000000e+03 2.118745304303729790e+04 -1.392390537641174757e-02
1.026000000000000000e+03 2.120812372893294378e+04 -1.321199971453457245e-02
1.027000000000000000e+03 2.122879441482858965e+04 -1.218580457511742043e-02
1.028000000000000000e+03 2.124946510072423553e+04 -1.109305870683996442e-02
1.029000000000000000e+03 2.127013578661988140e+04 -1.019414859907330495e-02
1.030000000000000000e+03 2.129080647251552728e+04 -9.701541318383077872e-03
1.031000000000000000e+03 2.131147715841117315e+04 -9.730691121784595943e-03
1.032000000000000000e+03 2.133214784430681902e+04 -1.027366957101039091e-02
1.033000000000000000e+03 2.135281853020246490e+04 -1.120151351120074468e-02
1.034000000000000000e+03 2.137348921609811077e+04 -1.229469102275654313e-02
1.035000000000000000e+03 2.139415990199375665e+04 -1.329462509336249050e-02
1.036000000000000000e+03 2.141483058788940252e+04 -1.396433789583911844e-02
1.037000000000000000e+03 2.143550127378504840e+04 -1.414411623205097390e-02
1.038000000000000000e+03 2.145617195968069427e+04 -1.378919414851559333e-02
1.039000000000000000e+03 2.147684264557634015e+04 -1.298059127113021516e-02
1.040000000000000000e+03 2.149751333147198602e+04 -1.190648991743276097e-02
1.041000000000000000e+03 2.151818401736763190e+04 -1.081841890708329368e-02
1.042000000000000000e+03 2.153885470326327777e+04 -9.972412414155973348e-03
1.043000000000000000e+03 2.155952538915892364e+04 -9.568836479912190551e-03
1.044000000000000000e+03 2.158019607505456952e+04 -9.704907001439166958e-03
1.045000000000000000e+03 2.160086676095021539e+04 -1.035100902946023416e-02
1.046000000000000000e+03 2.162153744684586127e+04 -1.135646291088049376e-02
1.047000000000000000e+03 2.164220813274150714e+04 -1.248361526823144052e-02
1.048000000000000000e+03 2.166287881863715302e+04 -1.346257932359534726e-02
1.049000000000000000e+03 2.168354950453279889e+04 -1.405409314574507240e-02
1.050000000000000000e+03 2.170422019042844477e+04 -1.410594726491903872e-02
1.051000000000000000e+03 2.172489087632409064e+04 -1.358977465484229041e-02
1.052000000000000000e+03 2.174556156221973652e+04 -1.260943306106221407e-02
1.053000000000000000e+03 2.176623224811538239e+04 -1.137873332530370263e-02
1.054000000000000000e+03 2.178690293401102826e+04 -1.017336166595139701e-02
1.055000000000000000e+03 2.180757361990667414e+04 -9.267850840943725466e-03
1.056000000000000000e+03 2.182824430580232001e+04 -8.871974432185236736e-03
1.057000000000000000e+03 2.184891499169796589e+04 -9.081166179784716519e-03
1.058000000000000000e+03 2.186958567759361176e+04 -9.852475099836111028e-03
1.059000000000000000e+03 2.189025636348925764e+04 -1.101187514662993472e-02
1.060000000000000000e+03 2.191092704938490351e+04 -1.229171710607701584e-02
1.061000000000000000e+03 2.193159773528054939e+04 -1.339027077264831785e-02
1.062000000000000000e+03 2.195226842117619526e+04 -1.404016762141324474e-02
1.063000000000000000e+03 2.197293910707184114e+04 -1.407030677806297807e-02
1.064000000000000000e+03 2.199360979296748701e+04 -1.344700957844468907e-02
1.065000000000000000e+03 2.201428047886313288e+04 -1.228469241905094655e-02
1.066000000000000000e+03 2.203495116475877876e+04 -1.082309993772834211e-02
1.067000000000000000e+03 2.205562185065442463e+04 -9.375682231403670297e-03
1.068000000000000000e+03 2.207629253655007051e+04 -8.260296447808068709e-03
1.069000000000000000e+03 2.209696322244571638e+04 -7.727551393800269341e-03
1.070000000000000000e+03 2.211763390834136226e+04 -7.902845041318051766e-03
1.071000000000000000e+03 2.213830459423700813e+04 -8.755308307043130345e-03
1.072000000000000000e+03 2.215897528013265401e+04 -1.010109482244969659e-02
1.073000000000000000e+03 2.217964596602829988e+04 -1.164097965717381111e-02
1.074000000000000000e+03 2.220031665192394576e+04 -1.302462138354953947e-02
1.075000000000000000e+03 2.222098733781959163e+04 -1.392773484836917763e-02
1.076000000000000000e+03 2.224165802371523750e+04 -1.412521018326185103e-02
1.077000000000000000e+03 2.226232870961088338e+04 -1.354372179907137319e-02
1.078000000000000000e+03 2.228299939550652925e+04 -1.228160234341002521e-02
1.079000000000000000e+03 2.230367008140217513e+04 -1.059084460441550579e-02
1.080000000000000000e+03 2.232434076729782100e+04 -8.824489650894551396e-03
1.081000000000000000e+03 2.234501145319346688e+04 -7.360476047108655863e-03
1.082000000000000000e+03 2.236568213908911275e+04 -6.518468314850367484e-03
1.083000000000000000e+03 2.238635282498475863e+04 -6.487987599905209457e-03
1.084000000000000000e+03 2.240702351088040450e+04 -7.283919911344693097e-03
1.085000000000000000e+03 2.242769419677605038e+04 -8.739686549175784691e-03
1.086000000000000000e+03 2.244836488267169625e+04 -1.054027387309047770e-02
1.087000000000000000e+03 2.246903556856734212e+04 -1.228861953364296378e-02
1.088000000000000000e+03 2.248970625446298800e+04 -1.359137021717965466e-02
1.089000000000000000e+03 2.251037694035863387e+04 -1.414543316109889530e-02
1.090000000000000000e+03 2.253104762625427975e+04 -1.380618007710193544e-02
1.091000000000000000e+03 2.255171831214992562e+04 -1.262188916480994072e-02
1.092000000000000000e+03 2.257238899804557150e+04 -1.082627895925575290e-02
1.093000000000000000e+03 2.259305968394121737e+04 -8.790199824411148999e-03
1.094000000000000000e+03 2.261373036983686325e+04 -6.942635895644144739e-03
1.095000000000000000e+03 2.263440105573250912e+04 -5.678061344946860878e-03
1.096000000000000000e+03 2.265507174162815500e+04 -5.270311313868791814e-03
1.097000000000000000e+03 2.267574242752380087e+04 -5.811789545097978404e-03
1.098000000000000000e+03 2.269641311341944674e+04 -7.191406505291263705e-03
1.099000000000000000e+03 2.271708379931509262e+04 -9.116354818706873253e-03
1.100000000000000000e+03 2.273775448521073849e+04 -1.117342765060713727e-02
1.101000000000000000e+03 2.275842517110638437e+04 -1.291699967690707052e-02
1.102000000000000000e+03 2.277909585700203024e+04 -1.396484746144699245e-02
1.103000000000000000e+03 2.279976654289767612e+04 -1.408106255077790081e-02
1.104000000000000000e+03 2.282043722879332199e+04 -1.322794132990279259e-02
1.105000000000000000e+03 2.284110791468896787e+04 -1.157539697515164168e-02
1.106000000000000000e+03 2.286177860058461374e+04 -9.465659374180535046e-03
1.107000000000000000e+03 2.288244928648025962e+04 -7.340761057574973769e-03
1.108000000000000000e+03 2.290311997237590549e+04 -5.648393431684495258e-03
1.109000000000000000e+03 2.292379065827155137e+04 -4.746366700071835698e-03
1.110000000000000000e+03 2.294446134416719724e+04 -4.826125521276869446e-03
1.111000000000000000e+03 2.296513203006284311e+04 -5.871607237598996942e-03
1.112000000000000000e+03 2.298580271595848899e+04 -7.662182773251980696e-03
1.113000000000000000e+03 2.300647340185413486e+04 -9.819112134334340158e-03
1.114000000000000000e+03 2.302714408774978074e+04 -1.188575274014053162e-02
1.115000000000000000e+03 2.304781477364542661e+04 -1.342453826609668610e-02
1.116000000000000000e+03 2.306848545954107249e+04 -1.411005741693216464e-02
1.117000000000000000e+03 2.308915614543671836e+04 -1.379829757763894986e-02
1.118000000000000000e+03 2.310982683133236424e+04 -1.255719199920296569e-02
1.119000000000000000e+03 2.313049751722801011e+04 -1.065192770002704181e-02
1.120000000000000000e+03 2.315116820312365599e+04 -8.488211403979095682e-03
1.121000000000000000e+03 2.317183888901930186e+04 -6.525727851690421577e-03
1.122000000000000000e+03 2.319250957491494773e+04 -5.180383537026822527e-03
1.123000000000000000e+03 2.321318026081059361e+04 -4.736225399061433361e-03
1.124000000000000000e+03 2.323385094670623948e+04 -5.285713784554946226e-03
1.125000000000000000e+03 2.325452163260188536e+04 -6.710892730695471563e-03
1.126000000000000000e+03 2.327519231849753123e+04 -8.709312462104490393e-03
1.127000000000000000e+03 2.329586300439317711e+04 -1.085911118092175442e-02
1.128000000000000000e+03 2.331653369028882298e+04 -1.270934942982804294e-02
1.129000000000000000e+03 2.333720437618446886e+04 -1.387624478106175285e-02
1.130000000000000000e+03 2.335787506208011473e+04 -1.412462399303038470e-02
1.131000000000000000e+03 2.337854574797576061e+04 -1.341708640363481475e-02
1.132000000000000000e+03 2.339921643387140648e+04 -1.192040506288971624e-02
1.133000000000000000e+03 2.341988711976705235e+04 -9.968024053868096424e-03
1.134000000000000000e+03 2.344055780566269823e+04 -7.987066117086993877e-03
1.135000000000000000e+03 2.346122849155834410e+04 -6.405921479508136507e-03
1.136000000000000000e+03 2.348189917745398998e+04 -5.562549100869174090e-03
1.137000000000000000e+03 2.350256986334963585e+04 -5.633225957873189138e-03
1.138000000000000000e+03 2.352324054924528173e+04 -6.596818133769000170e-03
1.139000000000000000e+03 2.354391123514092760e+04 -8.241845706489725476e-03
1.140000000000000000e+03 2.356458192103657348e+04 -1.021438077988784388e-02
1.141000000000000000e+03 2.358525260693221935e+04 -1.209606854620765004e-02
1.142000000000000000e+03 2.360592329282786523e+04 -1.349511319962898304e-02
1.143000000000000000e+03 2.362659397872351110e+04 -1.413034156670206487e-02
1.144000000000000000e+03 2.364726466461915697e+04 -1.389011292127789558e-02
1.145000000000000000e+03 2.366793535051480285e+04 -1.285354508933916895e-02
1.146000000000000000e+03 2.368860603641044872e+04 -1.126996960678822157e-02
1.147000000000000000e+03 2.370927672230609460e+04 -9.501775441831283864e-03
1.148000000000000000e+03 2.372994740820174047e+04 -7.943759949451179025e-03
1.149000000000000000e+03 2.375061809409738635e+04 -6.937011314431029696e-03
1.150000000000000000e+03 2.377128877999303222e+04 -6.696166695426274650e-03
1.151000000000000000e+03 2.379195946588867810e+04 -7.265564642820799592e-03
1.152000000000000000e+03 2.381263015178432397e+04 -8.513214081359077312e-03
1.153000000000000000e+03 2.383330083767996985e+04 -1.016315532779010766e-02
1.154000000000000000e+03 2.385397152357561572e+04 -1.185848093088570643e-02
1.155000000000000000e+03 2.387464220947126159e+04 -1.324074901408678340e-02
1.156000000000000000e+03 2.389531289536690747e+04 -1.402814831607657187e-02
1.157000000000000000e+03 2.391598358126255334e+04 -1.407531010026241876e-02
1.158000000000000000e+03 2.393665426715819922e+04 -1.340198435740791449e-02
1.159000000000000000e+03 2.395732495305384509e+04 -1.218489870239403139e-02
1.160000000000000000e+03 2.397799563894949097e+04 -1.071535567988335380e-02
1.161000000000000000e+03 2.399866632484513684e+04 -9.332629622205823594e-03
1.162000000000000000e+03 2.401933701074078272e+04 -8.348336948188872508e-03
1.163000000000000000e+03 2.404000769663642859e+04 -7.978592896889347141e-03
1.164000000000000000e+03 2.406067838253207447e+04 -8.298670784733508388e-03
1.165000000000000000e+03 2.408134906842772034e+04 -9.229629129356375916e-03
1.166000000000000000e+03 2.410201975432336621e+04 -1.055919903405572180e-02
1.167000000000000000e+03 2.412269044021901209e+04 -1.199169736198324454e-02
1.168000000000000000e+03 2.414336112611465796e+04 -1.321544421417608639e-02
1.169000000000000000e+03 2.416403181201030384e+04 -1.397245557023507612e-02
1.170000000000000000e+03 2.418470249790594971e+04 -1.411486985198773247e-02
1.171000000000000000e+03 2.420537318380159559e+04 -1.363572658774558910e-02
1.172000000000000000e+03 2.422604386969724146e+04 -1.266762420643086084e-02
1.173000000000000000e+03 2.424671455559288734e+04 -1.145008278162285009e-02
1.174000000000000000e+03 2.426738524148853321e+04 -1.027345708436178118e-02
1.175000000000000000e+03 2.428805592738417909e+04 -9.412397801328076241e-03
1.176000000000000000e+03 2.430872661327982496e+04 -9.064004138890635609e-03
1.177000000000000000e+03 2.432939729917547083e+04 -9.304519729849247689e-03
1.178000000000000000e+03 2.435006798507111671e+04 -1.007405802655569893e-02
1.179000000000000000e+03 2.437073867096676258e+04 -1.119243239539102763e-02
1.180000000000000000e+03 2.439140935686240846e+04 -1.240214338892076107e-02
1.181000000000000000e+03 2.441208004275805433e+04 -1.342847856663426098e-02
1.182000000000000000e+03 2.443275072865370021e+04 -1.404285782829389762e-02
1.183000000000000000e+03 2.445342141454934608e+04 -1.411488901387552945e-02
1.184000000000000000e+03 2.447409210044499196e+04 -1.364126583103891788e-02
1.185000000000000000e+03 2.449476278634063783e+04 -1.274504314915275716e-02
1.186000000000000000e+03 2.451543347223628371e+04 -1.164570665834435692e-02
1.187000000000000000e+03 2.453610415813192958e+04 -1.060720311658852610e-02
1.188000000000000000e+03 2.455677484402757545e+04 -9.876136815402170033e-03
1.189000000000000000e+03 2.457744552992322133e+04 -9.624506180023140178e-03
1.190000000000000000e+03 2.459811621581886720e+04 -9.910184666076460314e-03
1.191000000000000000e+03 2.461878690171451308e+04 -1.066416318623436554e-02
1.192000000000000000e+03 2.463945758761015895e+04 -1.170736251561627084e-02
1.193000000000000000e+03 2.466012827350580483e+04 -1.279300839648150889e-02
1.194000000000000000e+03 2.468079895940145070e+04 -1.366467013388855678e-02
1.195000000000000000e+03 2.470146964529709658e+04 -1.411643596081008263e-02
1.196000000000000000e+03 2.472214033119274245e+04 -1.404119337951020841e-02
1.197000000000000000e+03 2.474281101708838833e+04 -1.345574907398455755e-02
1.198000000000000000e+03 2.476348170298403420e+04 -1.249693124213507867e-02
1.199000000000000000e+03 2.478415238887968007e+04 -1.138959755212259894e-02
1.200000000000000000e+03 2.480482307477532595e+04 -1.039402439560932478e-02
1.201000000000000000e+03 2.482549376067097182e+04 -9.744938129276459193e-03
1.202000000000000000e+03 2.484616444656661770e+04 -9.596361007883635885e-03
1.203000000000000000e+03 2.486683513246226357e+04 -9.985073436323710361e-03
1.204000000000000000e+03 2.488750581835790945e+04 -1.082119862681230060e-02
1.205000000000000000e+03 2.490817650425355532e+04 -1.190819905211759622e-02
1.206000000000000000e+03 2.492884719014920120e+04 -1.298783391923974406e-02
1.207000000000000000e+03 2.494951787604484707e+04 -1.379986387147458422e-02
1.208000000000000000e+03 2.497018856194049295e+04 -1.414281060991839922e-02
1.209000000000000000e+03 2.499085924783613882e+04 -1.392171283893817342e-02
1.210000000000000000e+03 2.501152993373178469e+04 -1.317169524481776044e-02
1.211000000000000000e+03 2.503220061962743057e+04 -1.205165363282079127e-02
1.212000000000000000e+03 2.505287130552307644e+04 -1.080920452909517326e-02
1.213000000000000000e+03 2.507354199141872232e+04 -9.724673477262468779e-03
1.214000000000000000e+03 2.509421267731436819e+04 -9.046771206682568955e-03
1.215000000000000000e+03 2.511488336321001407e+04 -8.934608927454290583e-03
1.216000000000000000e+03 2.513555404910565994e+04 -9.419386104370264245e-03
1.217000000000000000e+03 2.515622473500130582e+04 -1.039475870732486928e-02
1.218000000000000000e+03 2.517689542089695169e+04 -1.163852587907099334e-02
1.219000000000000000e+03 2.519756610679259757e+04 -1.286123894358448538e-02
1.220000000000000000e+03 2.521823679268824344e+04 -1.377116586813176453e-02
1.221000000000000000e+03 2.523890747858388931e+04 -1.414112407695178493e-02
1.222000000000000000e+03 2.525957816447953519e+04 -1.386197300157687717e-02
1.223000000000000000e+03 2.528024885037518106e+04 -1.297028946189371368e-02
1.224000000000000000e+03 2.530091953627082694e+04 -1.164339093460564634e-02
1.225000000000000000e+03 2.532159022216647281e+04 -1.016218750790998104e-02
1.226000000000000000e+03 2.534226090806211869e+04 -8.849681148027643829e-03
1.227000000000000000e+03 2.536293159395776456e+04 -7.998602072256555395e-03
1.228000000000000000e+03 2.538360227985341044e+04 -7.804353263265674003e-03
1.229000000000000000e+03 2.540427296574905631e+04 -8.318495702099193423e-03
1.230000000000000000e+03 2.542494365164470219e+04 -9.433652126566105522e-03
1.231000000000000000e+03 2.544561433754034806e+04 -1.090388283831433824e-02
1.232000000000000000e+03 2.546628502343599393e+04 -1.239674408244412218e-02
1.233000000000000000e+03 2.548695570933163981e+04 -1.356605258724080838e-02
1.234000000000000000e+03 2.550762639522728568e+04 -1.412945199818366193e-02
1.235000000000000000e+03 2.552829708112293156e+04 -1.393340288576511155e-02
1.236000000000000000e+03 2.554896776701857743e+04 -1.299065848932207112e-02
1.237000000000000000e+03 2.556963845291422331e+04 -1.148119585012236099e-02
1.238000000000000000e+03 2.559030913880986918e+04 -9.715664817297409162e-03
1.239000000000000000e+03 2.561097982470551506e+04 -8.068872417264782992e-03
1.240000000000000000e+03 2.563165051060116093e+04 -6.897692185875048398e-03
1.241000000000000000e+03 2.565232119649680681e+04 -6.461475818650475045e-03
1.242000000000000000e+03 2.567299188239245268e+04 -6.862697163361797248e-03
1.243000000000000000e+03 2.569366256828809856e+04 -8.021276647162400852e-03
1.244000000000000000e+03 2.571433325418374443e+04 -9.688783400715939020e-03
1.245000000000000000e+03 2.573500394007939030e+04 -1.150004164499113246e-02
1.246000000000000000e+03 2.575567462597503618e+04 -1.305139513155478825e-02
1.247000000000000000e+03 2.577634531187068205e+04 -1.398879744865061565e-02
1.248000000000000000e+03 2.579701599776632793e+04 -1.408641403394755680e-02
1.249000000000000000e+03 2.581768668366197380e+04 -1.329821558402732688e-02
1.250000000000000000e+03 2.583835736955761968e+04 -1.177079869829755765e-02
1.251000000000000000e+03 2.585902805545326555e+04 -9.814133388272083813e-03
1.252000000000000000e+03 2.587969874134891143e+04 -7.836218197916466899e-03
1.253000000000000000e+03 2.590036942724455730e+04 -6.255633425533480008e-03
1.254000000000000000e+03 2.592104011314020318e+04 -5.410910284069925247e-03
1.255000000000000000e+03 2.594171079903584905e+04 -5.486387051710894802e-03
1.256000000000000000e+03 2.596238148493149492e+04 -6.470697051710327941e-03
1.257000000000000000e+03 2.598305217082714080e+04 -8.157071730330311965e-03
1.258000000000000000e+03 2.600372285672278667e+04 -1.018574802901817122e-02
1.259000000000000000e+03 2.602439354261843255e+04 -1.211976058169972337e-02
1.260000000000000000e+03 2.604506422851407842e+04 -1.353812598214765295e-02
1.261000000000000000e+03 2.606573491440972430e+04 -1.412647698106950234e-02
1.262000000000000000e+03 2.608640560030537017e+04 -1.374553818210211276e-02
1.263000000000000000e+03 2.610707628620101605e+04 -1.246246751553053977e-02
1.264000000000000000e+03 2.612774697209666192e+04 -1.053803718081153251e-02
1.265000000000000000e+03 2.614841765799230780e+04 -8.372157358308818242e-03
1.266000000000000000e+03 2.616908834388795367e+04 -6.419270816158839654e-03
1.267000000000000000e+03 2.618975902978359954e+04 -5.091679958942385564e-03
1.268000000000000000e+03 2.621042971567924542e+04 -4.671470604424798889e-03
1.269000000000000000e+03 2.623110040157489129e+04 -5.249839375131959418e-03
1.270000000000000000e+03 2.625177108747053717e+04 -6.706800838995608839e-03
1.271000000000000000e+03 2.627244177336618304e+04 -8.735740671369007782e-03
1.272000000000000000e+03 2.629311245926182892e+04 -1.090783556878061056e-02
1.273000000000000000e+03 2.631378314515747479e+04 -1.276286502645185283e-02
1.274000000000000000e+03 2.633445383105312067e+04 -1.390716570059757906e-02
1.275000000000000000e+03 2.635512451694876654e+04 -1.409775176148531095e-02
1.276000000000000000e+03 2.637579520284441242e+04 -1.329444274957469752e-02
1.277000000000000000e+03 2.639646588874005829e+04 -1.166865981249221029e-02
1.278000000000000000e+03 2.641713657463570416e+04 -9.566894632281552902e-03
1.279000000000000000e+03 2.643780726053135004e+04 -7.436674525161057758e-03
1.280000000000000000e+03 2.645847794642699591e+04 -5.730975985774544590e-03
1.281000000000000000e+03 2.647914863232264179e+04 -4.811666715849316489e-03
1.282000000000000000e+03 2.649981931821828766e+04 -4.872672754049123256e-03
1.283000000000000000e+03 2.652049000411393354e+04 -5.899224016932436143e-03
1.284000000000000000e+03 2.654116069000957941e+04 -7.671765094166671517e-03
1.285000000000000000e+03 2.656183137590522529e+04 -9.813604950465959487e-03
1.286000000000000000e+03 2.658250206180087116e+04 -1.187205839421351383e-02
1.287000000000000000e+03 2.660317274769651704e+04 -1.341561691088771768e-02
1.288000000000000000e+03 2.662384343359216291e+04 -1.412616448665799003e-02
1.289000000000000000e+03 2.664451411948780878e+04 -1.386630163162011486e-02
1.290000000000000000e+03 2.666518480538345466e+04 -1.270730242896062068e-02
1.291000000000000000e+03 2.668585549127910053e+04 -1.091189442411227839e-02
1.292000000000000000e+03 2.670652617717474641e+04 -8.875962493256228658e-03
1.293000000000000000e+03 2.672719686307039228e+04 -7.042210321656527938e-03
1.294000000000000000e+03 2.674786754896603816e+04 -5.804775195079714400e-03
1.295000000000000000e+03 2.676853823486168403e+04 -5.425488568425063107e-03
1.296000000000000000e+03 2.678920892075732991e+04 -5.979629508542028127e-03
1.297000000000000000e+03 2.680987960665297578e+04 -7.342398312302433026e-03
1.298000000000000000e+03 2.683055029254862166e+04 -9.218470665384503882e-03
1.299000000000000000e+03 2.685122097844426753e+04 -1.120775982828037254e-02
1.300000000000000000e+03 2.687189166433991340e+04 -1.289281103649608795e-02
1.301000000000000000e+03 2.689256235023555928e+04 -1.392870298485149316e-02
1.302000000000000000e+03 2.691323303613120515e+04 -1.411596150288696450e-02
1.303000000000000000e+03 2.693390372202685103e+04 -1.344091447193818123e-02
1.304000000000000000e+03 2.695457440792249690e+04 -1.207523991137282593e-02
1.305000000000000000e+03 2.697524509381814278e+04 -1.033549701066349691e-02
1.306000000000000000e+03 2.699591577971378865e+04 -8.612140773990750731e-03
1.307000000000000000e+03 2.701658646560943453e+04 -7.283979712757960613e-03
1.308000000000000000e+03 2.703725715150508040e+04 -6.636861301387464440e-03
1.309000000000000000e+03 2.705792783740072628e+04 -6.804038832504965238e-03
1.310000000000000000e+03 2.707859852329637215e+04 -7.740618608065574779e-03
1.311000000000000000e+03 2.709926920919201802e+04 -9.236922023603877374e-03
1.312000000000000000e+03 2.711993989508766390e+04 -1.096717516001105563e-02
1.313000000000000000e+03 2.714061058098330977e+04 -1.256240717431988951e-02
1.314000000000000000e+03 2.716128126687895565e+04 -1.369135887947914125e-02
1.315000000000000000e+03 2.718195195277460152e+04 -1.413166806931964899e-02
1.316000000000000000e+03 2.720262263867024740e+04 -1.381596032662080198e-02
1.317000000000000000e+03 2.722329332456589327e+04 -1.284320146960693521e-02
1.318000000000000000e+03 2.724396401046153915e+04 -1.145345114664741981e-02
1.319000000000000000e+03 2.726463469635718502e+04 -9.972233749471315356e-03
1.320000000000000000e+03 2.728530538225283090e+04 -8.737312029818866677e-03
1.321000000000000000e+03 2.730597606814847677e+04 -8.024275384771795139e-03
1.322000000000000000e+03 2.732664675404412264e+04 -7.987294152564494709e-03
1.323000000000000000e+03 2.734731743993976852e+04 -8.627751268396766093e-03
1.324000000000000000e+03 2.736798812583541439e+04 -9.797135373765142319e-03
1.325000000000000000e+03 2.738865881173106027e+04 -1.123298422725937940e-02
1.326000000000000000e+03 2.740932949762670614e+04 -1.261943158456113601e-02
1.327000000000000000e+03 2.743000018352235202e+04 -1.365857409194281939e-02
1.328000000000000000e+03 2.745067086941799789e+04 -1.413660658936988224e-02
1.329000000000000000e+03 2.747134155531364377e+04 -1.397000361332062512e-02
1.330000000000000000e+03 2.749201224120928964e+04 -1.322166790783013690e-02
1.331000000000000000e+03 2.751268292710493552e+04 -1.208385934625683111e-02
1.332000000000000000e+03 2.753335361300058139e+04 -1.083226726784541905e-02
1.333000000000000000e+03 2.755402429889622726e+04 -9.762058440820287064e-03
1.334000000000000000e+03 2.757469498479187314e+04 -9.120649942667313770e-03
1.335000000000000000e+03 2.759536567068751901e+04 -9.052463814965994171e-03
1.336000000000000000e+03 2.761603635658316489e+04 -9.567971587634616082e-03
1.337000000000000000e+03 2.763670704247881076e+04 -1.054367281035067938e-02
1.338000000000000000e+03 2.765737772837445664e+04 -1.175258412575114209e-02
1.339000000000000000e+03 2.767804841427010251e+04 -1.291791795249358499e-02
1.340000000000000000e+03 2.769871910016574839e+04 -1.377742594886149745e-02
1.341000000000000000e+03 2.771938978606139426e+04 -1.414354576898840810e-02
1.342000000000000000e+03 2.774006047195704014e+04 -1.394557190132123155e-02
1.343000000000000000e+03 2.776073115785268601e+04 -1.324433394880347725e-02
1.344000000000000000e+03 2.778140184374833188e+04 -1.221630797760225873e-02
1.345000000000000000e+03 2.780207252964397776e+04 -1.111118614567446761e-02
1.346000000000000000e+03 2.782274321553962363e+04 -1.019301828465785098e-02
1.347000000000000000e+03 2.784341390143526951e+04 -9.678707396846120137e-03
1.348000000000000000e+03 2.786408458733091538e+04 -9.688076996483219183e-03
1.349000000000000000e+03 2.788475527322656126e+04 -1.021689719746743386e-02
1.350000000000000000e+03 2.790542595912220713e+04 -1.113887251445910831e-02
1.351000000000000000e+03 2.792609664501785301e+04 -1.223591264042100946e-02
1.352000000000000000e+03 2.794676733091349888e+04 -1.324953087486413494e-02
1.353000000000000000e+03 2.796743801680914476e+04 -1.394138992531579642e-02
1.354000000000000000e+03 2.798810870270479063e+04 -1.414893902790748115e-02
1.355000000000000000e+03 2.800877938860043650e+04 -1.382325252875815647e-02
1.356000000000000000e+03 2.802945007449608238e+04 -1.304033126145531796e-02
1.357000000000000000e+03 2.805012076039172825e+04 -1.198329883436788368e-02
1.358000000000000000e+03 2.807079144628737413e+04 -1.089967222543430925e-02
1.359000000000000000e+03 2.809146213218302000e+04 -1.004363813211739398e-02
1.360000000000000000e+03 2.811213281807866588e+04 -9.616697627288450789e-03
1.361000000000000000e+03 2.813280350397431175e+04 -9.720384967841111390e-03
1.362000000000000000e+03 2.815347418986995763e+04 -1.033198241265598227e-02
1.363000000000000000e+03 2.817414487576560350e+04 -1.130890664984640637e-02
1.364000000000000000e+03 2.819481556166124938e+04 -1.242091856843474673e-02
1.365000000000000000e+03 2.821548624755689525e+04 -1.340294682631382184e-02
1.366000000000000000e+03 2.823615693345254113e+04 -1.401653040603079159e-02
1.367000000000000000e+03 2.825682761934818700e+04 -1.410577813274993368e-02
1.368000000000000000e+03 2.827749830524383287e+04 -1.363484471518805474e-02
1.369000000000000000e+03 2.829816899113947875e+04 -1.269803460431384590e-02
1.370000000000000000e+03 2.831883967703512462e+04 -1.149985848426759993e-02
1.371000000000000000e+03 2.833951036293077050e+04 -1.030926842491131090e-02
1.372000000000000000e+03 2.836018104882641637e+04 -9.398295247823873488e-03
1.373000000000000000e+03 2.838085173472206225e+04 -8.979011168209649618e-03
1.374000000000000000e+03 2.840152242061770812e+04 -9.153281072945662622e-03
1.375000000000000000e+03 2.842219310651335400e+04 -9.887021202154122612e-03
1.376000000000000000e+03 2.844286379240899987e+04 -1.101526882160741572e-02
1.377000000000000000e+03 2.846353447830464575e+04 -1.227746530793494273e-02
1.378000000000000000e+03 2.848420516420029162e+04 -1.337546637267017502e-02
1.379000000000000000e+03 2.850487585009593749e+04 -1.404144607537777083e-02
1.380000000000000000e+03 2.852554653599158337e+04 -1.410031052494958859e-02
1.381000000000000000e+03 2.854621722188722924e+04 -1.351215902687346974e-02
1.382000000000000000e+03 2.856688790778287512e+04 -1.238461320625622308e-02
1.383000000000000000e+03 2.858755859367852099e+04 -1.095156418424231282e-02
1.384000000000000000e+03 2.860822927957416687e+04 -9.522546540466303444e-03
1.385000000000000000e+03 2.862889996546981274e+04 -8.413765441920684207e-03
1.386000000000000000e+03 2.864957065136545862e+04 -7.876178904071051701e-03
1.387000000000000000e+03 2.867024133726110449e+04 -8.036937201333971270e-03
1.388000000000000000e+03 2.869091202315675037e+04 -8.867694320494445837e-03
1.389000000000000000e+03 2.871158270905239624e+04 -1.018746018628952088e-02
1.390000000000000000e+03 2.873225339494804211e+04 -1.170003274829728435e-02
1.391000000000000000e+03 2.875292408084368799e+04 -1.305827441041690351e-02
1.392000000000000000e+03 2.877359476673933386e+04 -1.394128046409953518e-02
1.393000000000000000e+03 2.879426545263497974e+04 -1.412726981948225595e-02
1.394000000000000000e+03 2.881493613853062561e+04 -1.354564298263743853e-02
1.395000000000000000e+03 2.883560682442627149e+04 -1.229606200388039250e-02
1.396000000000000000e+03 2.885627751032191736e+04 -1.062966982595076049e-02
1.397000000000000000e+03 2.887694819621756324e+04 -8.896050324094351147e-03
1.398000000000000000e+03 2.889761888211320911e+04 -7.467297320050469978e-03
1.399000000000000000e+03 2.891828956800885499e+04 -6.655820748976970513e-03
1.400000000000000000e+03 2.893896025390450086e+04 -6.644066405458670665e-03
1.401000000000000000e+03 2.895963093980014673e+04 -7.441839882023626451e-03
1.402000000000000000e+03 2.898030162569579261e+04 -8.881000373678338278e-03
1.403000000000000000e+03 2.900097231159143848e+04 -1.064922502773568702e-02
1.404000000000000000e+03 2.902164299748708436e+04 -1.235603063408663438e-02
1.405000000000000000e+03 2.904231368338273023e+04 -1.361706506662296867e-02
1.406000000000000000e+03 2.906298436927837611e+04 -1.413843003111836701e-02
1.407000000000000000e+03 2.908365505517402198e+04 -1.378249698814104640e-02
1.408000000000000000e+03 2.910432574106966786e+04 -1.260049262388585056e-02
1.409000000000000000e+03 2.912499642696531373e+04 -1.082426613336506804e-02
1.410000000000000000e+03 2.914566711286095961e+04 -8.818544573921893726e-03
1.411000000000000000e+03 2.916633779875660548e+04 -7.003667074827634419e-03
1.412000000000000000e+03 2.918700848465225135e+04 -5.765326683527749463e-03
1.413000000000000000e+03 2.920767917054789723e+04 -5.370778059749670152e-03
1.414000000000000000e+03 2.922834985644354310e+04 -5.909665766267557796e-03
1.415000000000000000e+03 2.924902054233918898e+04 -7.272434983496001148e-03
1.416000000000000000e+03 2.926969122823483485e+04 -9.171353585203767533e-03
1.417000000000000000e+03 2.929036191413048073e+04 -1.120013784622458930e-02
1.418000000000000000e+03 2.931103260002612660e+04 -1.291985731915268332e-02
1.419000000000000000e+03 2.933170328592177248e+04 -1.395294483497677707e-02
1.420000000000000000e+03 2.935237397181741835e+04 -1.406509874818173515e-02
1.421000000000000000e+03 2.937304465771306423e+04 -1.321720679302851309e-02
1.422000000000000000e+03 2.939371534360871010e+04 -1.157572059514355711e-02
1.423000000000000000e+03 2.941438602950435597e+04 -9.478825295790027639e-03
1.424000000000000000e+03 2.943505671540000185e+04 -7.365339992564278425e-03
1.425000000000000000e+03 2.945572740129564772e+04 -5.681437921637999544e-03
1.426000000000000000e+03 2.947639808719129360e+04 -4.785164345579961953e-03
1.427000000000000000e+03 2.949706877308693947e+04 -4.869265415012313802e-03
1.428000000000000000e+03 2.951773945898258535e+04 -5.918952518486175762e-03
1.429000000000000000e+03 2.953841014487823122e+04 -7.713822511882684196e-03
1.430000000000000000e+03 2.955908083077387710e+04 -9.873811625954798110e-03
1.431000000000000000e+03 2.957975151666952297e+04 -1.193966937535695383e-02
1.432000000000000000e+03 2.960042220256516885e+04 -1.347092182525005954e-02
1.433000000000000000e+03 2.962109288846081472e+04 -1.414031149509903384e-02
1.434000000000000000e+03 2.964176357435646059e+04 -1.380425501697496622e-02
1.435000000000000000e+03 2.966243426025210647e+04 -1.253394105394295410e-02
1.436000000000000000e+03 2.968310494614775234e+04 -1.060021620135492837e-02
1.437000000000000000e+03 2.970377563204339822e+04 -8.415484819559393426e-03
1.438000000000000000e+03 2.972444631793904409e+04 -6.445233317818988006e-03
1.439000000000000000e+03 2.974511700383468997e+04 -5.108376051475183033e-03
1.440000000000000000e+03 2.976578768973033584e+04 -4.687940614461760802e-03
1.441000000000000000e+03 2.978645837562598172e+04 -5.271213449502876180e-03
1.442000000000000000e+03 2.980712906152162759e+04 -6.731998805455718070e-03
1.443000000000000000e+03 2.982779974741727347e+04 -8.758585041793609527e-03
1.444000000000000000e+03 2.984847043331291934e+04 -1.092126423950573466e-02
1.445000000000000000e+03 2.986914111920856521e+04 -1.276479765786281417e-02
1.446000000000000000e+03 2.988981180510421109e+04 -1.390584538774969348e-02
1.447000000000000000e+03 2.991048249099985696e+04 -1.411431952813607671e-02
1.448000000000000000e+03 2.993115317689550284e+04 -1.336118785256834411e-02
1.449000000000000000e+03 2.995182386279114871e+04 -1.182266912595852926e-02
1.450000000000000000e+03 2.997249454868679459e+04 -9.840336569286067814e-03
1.451000000000000000e+03 2.999316523458244046e+04 -7.846228546594780084e-03
1.452000000000000000e+03 3.001383592047808634e+04 -6.269532197709093424e-03
1.453000000000000000e+03 3.003450660637373221e+04 -5.445133639496391176e-03
1.454000000000000000e+03 3.005517729226937809e+04 -5.543577412732869636e-03
1.455000000000000000e+03 3.007584797816502396e+04 -6.537054361082705878e-03
1.456000000000000000e+03 3.009651866406066983e+04 -8.208140020061760467e-03
1.457000000000000000e+03 3.011718934995631571e+04 -1.019885582618584863e-02
1.458000000000000000e+03 3.013786003585196158e+04 -1.208909564371940526e-02
1.459000000000000000e+03 3.015853072174760746e+04 -1.348729052563690974e-02
1.460000000000000000e+03 3.017920140764325333e+04 -1.411369827344643828e-02
1.461000000000000000e+03 3.019987209353889921e+04 -1.385848198048555795e-02
1.462000000000000000e+03 3.022054277943454508e+04 -1.280240263489385022e-02
1.463000000000000000e+03 3.024121346533019096e+04 -1.119621202152815131e-02
1.464000000000000000e+03 3.026188415122583683e+04 -9.403836648843533208e-03
1.465000000000000000e+03 3.028255483712148271e+04 -7.822203204293221024e-03
1.466000000000000000e+03 3.030322552301712858e+04 -6.795387446632938921e-03
1.467000000000000000e+03 3.032389620891277445e+04 -6.541667043857446462e-03
1.468000000000000000e+03 3.034456689480842033e+04 -7.108930654598555332e-03
1.469000000000000000e+03 3.036523758070406620e+04 -8.367538498966264893e-03
1.470000000000000000e+03 3.038590826659971208e+04 -1.004157466265409582e-02
1.471000000000000000e+03 3.040657895249535795e+04 -1.177119491640588045e-02
1.472000000000000000e+03 3.042724963839100383e+04 -1.319215316792432535e-02
1.473000000000000000e+03 3.044792032428664970e+04 -1.401498860619476705e-02
1.474000000000000000e+03 3.046859101018229558e+04 -1.408658965060394057e-02
1.475000000000000000e+03 3.048926169607794145e+04 -1.342089945876323576e-02
1.476000000000000000e+03 3.050993238197358733e+04 -1.219248504121361876e-02
1.477000000000000000e+03 3.053060306786923320e+04 -1.069497665738750047e-02
1.478000000000000000e+03 3.055127375376487907e+04 -9.274122897723224845e-03
1.479000000000000000e+03 3.057194443966052495e+04 -8.250666971282405449e-03
1.480000000000000000e+03 3.059261512555617082e+04 -7.850236842610103238e-03
1.481000000000000000e+03 3.061328581145181670e+04 -8.155581186760629819e-03
1.482000000000000000e+03 3.063395649734746257e+04 -9.091285291941642033e-03
1.483000000000000000e+03 3.065462718324310845e+04 -1.044378608847656986e-02
1.484000000000000000e+03 3.067529786913875432e+04 -1.191168596921515777e-02
1.485000000000000000e+03 3.069596855503440020e+04 -1.317471890488258746e-02
1.486000000000000000e+03 3.071663924093004607e+04 -1.396569300244870915e-02
1.487000000000000000e+03 3.073730992682569195e+04 -1.412923446333652633e-02
1.488000000000000000e+03 3.075798061272133782e+04 -1.365432287692364133e-02
1.489000000000000000e+03 3.077865129861698369e+04 -1.267370947170359807e-02
1.490000000000000000e+03 3.079932198451262957e+04 -1.143092002129081353e-02
1.491000000000000000e+03 3.081999267040827544e+04 -1.022288761739581497e-02
1.492000000000000000e+03 3.084066335630392132e+04 -9.331646917332958591e-03
1.493000000000000000e+03 3.086133404219956719e+04 -8.960746801698282749e-03
1.494000000000000000e+03 3.088200472809521307e+04 -9.190666822236515099e-03
1.495000000000000000e+03 3.090267541399085894e+04 -9.962963389580747897e-03
1.496000000000000000e+03 3.092334609988650482e+04 -1.109622984925678901e-02
1.497000000000000000e+03 3.094401678578215069e+04 -1.232974009968096363e-02
1.498000000000000000e+03 3.096468747167779657e+04 -1.338444850131553787e-02
1.499000000000000000e+03 3.098535815757344244e+04 -1.402720574941079823e-02
1.500000000000000000e+03 3.100602884346908832e+04 -1.412347964493976260e-02
1.501000000000000000e+03 3.102669952936473419e+04 -1.366667147314004627e-02
1.502000000000000000e+03 3.104737021526038006e+04 -1.277763147364863183e-02
1.503000000000000000e+03 3.106804090115602594e+04 -1.167489806513088979e-02
1.504000000000000000e+03 3.108871158705167181e+04 -1.062289374902569694e-02
1.505000000000000000e+03 3.110938227294731769e+04 -9.870258790184549547e-03
1.506000000000000000e+03 3.113005295884296356e+04 -9.592584111676516478e-03
1.507000000000000000e+03 3.115072364473860944e+04 -9.852601916576331220e-03
1.508000000000000000e+03 3.117139433063425531e+04 -1.058675427187660834e-02
1.509000000000000000e+03 3.119206501652990119e+04 -1.162097376236093105e-02
1.510000000000000000e+03 3.121273570242554706e+04 -1.271185109501948851e-02
1.511000000000000000e+03 3.123340638832119294e+04 -1.360360300526641635e-02
1.512000000000000000e+03 3.125407707421683881e+04 -1.408767078392358929e-02
1.513000000000000000e+03 3.127474776011248468e+04 -1.405119688066292123e-02
1.514000000000000000e+03 3.129541844600813056e+04 -1.350319918253217559e-02
1.515000000000000000e+03 3.131608913190377643e+04 -1.257241245183726708e-02
1.516000000000000000e+03 3.133675981779942231e+04 -1.147730846831473972e-02
1.517000000000000000e+03 3.135743050369506818e+04 -1.047522717209414811e-02
1.518000000000000000e+03 3.137810118959071406e+04 -9.802366371009507695e-03
1.519000000000000000e+03 3.139877187548635993e+04 -9.618482830054841948e-03
1.520000000000000000e+03 3.141944256138200581e+04 -9.969087612607729909e-03
1.521000000000000000e+03 3.144011324727765168e+04 -1.077394129409459111e-02
1.522000000000000000e+03 3.146078393317329756e+04 -1.184467842250558345e-02
1.523000000000000000e+03 3.148145461906894343e+04 -1.292774150744913086e-02
1.524000000000000000e+03 3.150212530496458930e+04 -1.376295357325540980e-02
1.525000000000000000e+03 3.152279599086023518e+04 -1.414433325618658088e-02
1.526000000000000000e+03 3.154346667675588105e+04 -1.396905573214679563e-02
1.527000000000000000e+03 3.156413736265152693e+04 -1.326301769472509884e-02
1.528000000000000000e+03 3.158480804854717280e+04 -1.217674454106293380e-02
1.529000000000000000e+03 3.160547873444281868e+04 -1.095219231119110015e-02
1.530000000000000000e+03 3.162614942033846455e+04 -9.867769582495633518e-03
1.531000000000000000e+03 3.164682010623411043e+04 -9.174046809006408676e-03
1.532000000000000000e+03 3.166749079212975630e+04 -9.034917659518859612e-03
1.533000000000000000e+03 3.168816147802540218e+04 -9.487887404087624876e-03
1.534000000000000000e+03 3.170883216392104805e+04 -1.043293691600860607e-02
1.535000000000000000e+03 3.172950284981669392e+04 -1.165299574151895667e-02
1.536000000000000000e+03 3.175017353571233980e+04 -1.286186677474615569e-02
1.537000000000000000e+03 3.177084422160798567e+04 -1.376906883314471704e-02
1.538000000000000000e+03 3.179151490750363155e+04 -1.414696290087929902e-02
1.539000000000000000e+03 3.181218559339927742e+04 -1.388471211243585968e-02
1.540000000000000000e+03 3.183285627929492330e+04 -1.301637581784348408e-02
1.541000000000000000e+03 3.185352696519056917e+04 -1.171619161382658758e-02
1.542000000000000000e+03 3.187419765108621505e+04 -1.026156063033784038e-02
1.543000000000000000e+03 3.189486833698186092e+04 -8.971696952863317254e-03
1.544000000000000000e+03 3.191553902287750680e+04 -8.135591025304922397e-03
1.545000000000000000e+03 3.193620970877315267e+04 -7.945536543910058924e-03
1.546000000000000000e+03 3.195688039466879854e+04 -8.451386170494235017e-03
1.547000000000000000e+03 3.197755108056444442e+04 -9.546199608001293413e-03
1.548000000000000000e+03 3.199822176646009029e+04 -1.098704051114995917e-02
1.549000000000000000e+03 3.201889245235573617e+04 -1.244686261778149561e-02
1.550000000000000000e+03 3.203956313825138204e+04 -1.358638425020397555e-02
1.551000000000000000e+03 3.206023382414702792e+04 -1.413015167323639076e-02
1.552000000000000000e+03 3.208090451004267379e+04 -1.392975614212787865e-02
1.553000000000000000e+03 3.210157519593831967e+04 -1.299976709123928931e-02
1.554000000000000000e+03 3.212224588183396554e+04 -1.151785523183490589e-02
1.555000000000000000e+03 3.214291656772961142e+04 -9.788500847878633948e-03
1.556000000000000000e+03 3.216358725362525729e+04 -8.177833828650338255e-03
1.557000000000000000e+03 3.218425793952090316e+04 -7.033684193399614148e-03
1.558000000000000000e+03 3.220492862541654904e+04 -6.608348971566424535e-03
1.559000000000000000e+03 3.222559931131219491e+04 -7.001142197791077049e-03
1.560000000000000000e+03 3.224626999720784079e+04 -8.133621081962749688e-03
1.561000000000000000e+03 3.226694068310348666e+04 -9.763406256514228776e-03
1.562000000000000000e+03 3.228761136899913254e+04 -1.153420729687598678e-02
1.563000000000000000e+03 3.230828205489477841e+04 -1.305174144258447466e-02
1.564000000000000000e+03 3.232895274079042429e+04 -1.396937822896948678e-02
1.565000000000000000e+03 3.234962342668607016e+04 -1.406489469616911854e-02
1.566000000000000000e+03 3.237029411258171604e+04 -1.329133632712353741e-02
1.567000000000000000e+03 3.239096479847736191e+04 -1.179038849029712122e-02
1.568000000000000000e+03 3.241163548437300778e+04 -9.864731598251408329e-03
1.569000000000000000e+03 3.243230617026865366e+04 -7.914822768272988807e-03
1.570000000000000000e+03 3.245297685616429953e+04 -6.353430496945755568e-03
1.571000000000000000e+03 3.247364754205994541e+04 -5.516269881458313318e-03
1.572000000000000000e+03 3.249431822795559128e+04 -5.588108734614349871e-03
1.573000000000000000e+03 3.251498891385123716e+04 -6.560533120822831243e-03
1.574000000000000000e+03 3.253565959974688303e+04 -8.230901615320140863e-03
1.575000000000000000e+03 3.255633028564252891e+04 -1.024329173436322460e-02
1.576000000000000000e+03 3.257700097153817478e+04 -1.216322292517046932e-02
1.577000000000000000e+03 3.259767165743382066e+04 -1.357048795070470160e-02
1.578000000000000000e+03 3.261834234332946653e+04 -1.415018899805736696e-02
1.579000000000000000e+03 3.263901302922511240e+04 -1.376211681923983181e-02
1.580000000000000000e+03 3.265968371512075828e+04 -1.247305573956675184e-02
1.581000000000000000e+03 3.268035440101640415e+04 -1.054453600943583425e-02
1.582000000000000000e+03 3.270102508691205003e+04 -8.378256248247062388e-03
1.583000000000000000e+03 3.272169577280769590e+04 -6.430709336543771748e-03
1.584000000000000000e+03 3.274236645870334178e+04 -5.115364805741373644e-03
1.585000000000000000e+03 3.276303714459898765e+04 -4.713539003704969588e-03
1.586000000000000000e+03 3.278370783049463353e+04 -5.313227047872515207e-03
1.587000000000000000e+03 3.280437851639027940e+04 -6.789166477734753791e-03
1.588000000000000000e+03 3.282504920228592528e+04 -8.828604854232813270e-03
1.589000000000000000e+03 3.284571988818157115e+04 -1.099748792124993768e-02
1.590000000000000000e+03 3.286639057407721702e+04 -1.283305804945572559e-02
1.591000000000000000e+03 3.288706125997286290e+04 -1.394301108983958537e-02
1.592000000000000000e+03 3.290773194586850877e+04 -1.408976907805353784e-02
1.593000000000000000e+03 3.292840263176415465e+04 -1.324155500218898718e-02
1.594000000000000000e+03 3.294907331765980052e+04 -1.157916201554409774e-02
1.595000000000000000e+03 3.296974400355544640e+04 -9.456982900320598517e-03
1.596000000000000000e+03 3.299041468945109227e+04 -7.326839811438556893e-03
1.597000000000000000e+03 3.301108537534673815e+04 -5.641205223089307275e-03
1.598000000000000000e+03 3.303175606124238402e+04 -4.756747648716141974e-03
1.599000000000000000e+03 3.305242674713802990e+04 -4.858859536948423319e-03
1.600000000000000000e+03 3.307309743303367577e+04 -5.923112588709700255e-03
1.601000000000000000e+03 3.309376811892932164e+04 -7.721586334692331043e-03
1.602000000000000000e+03 3.311443880482496752e+04 -9.872465920580442145e-03
1.603000000000000000e+03 3.313510949072061339e+04 -1.192214656677836881e-02
1.604000000000000000e+03 3.315578017661625927e+04 -1.344217871852726454e-02
1.605000000000000000e+03 3.317645086251190514e+04 -1.412023284036712130e-02
1.606000000000000000e+03 3.319712154840755102e+04 -1.382561321411446449e-02
1.607000000000000000e+03 3.321779223430319689e+04 -1.263544708446984188e-02
1.608000000000000000e+03 3.323846292019884277e+04 -1.081626534167162701e-02
1.609000000000000000e+03 3.325913360609448864e+04 -8.765353770585015969e-03
1.610000000000000000e+03 3.327980429199013452e+04 -6.924865093781262804e-03
1.611000000000000000e+03 3.330047497788578039e+04 -5.687371174897870585e-03
1.612000000000000000e+03 3.332114566378142626e+04 -5.313101022338340140e-03
1.613000000000000000e+03 3.334181634967707214e+04 -5.876310816908147938e-03
1.614000000000000000e+03 3.336248703557271801e+04 -7.251802751681524217e-03
1.615000000000000000e+03 3.338315772146836389e+04 -9.143998877217229815e-03
1.616000000000000000e+03 3.340382840736400976e+04 -1.115197149411339961e-02
1.617000000000000000e+03 3.342449909325965564e+04 -1.285624698129328447e-02
1.618000000000000000e+03 3.344516977915530151e+04 -1.390861360567585865e-02
1.619000000000000000e+03 3.346584046505094739e+04 -1.410560784230896481e-02
1.620000000000000000e+03 3.348651115094659326e+04 -1.343000542386019180e-02
1.621000000000000000e+03 3.350718183684223914e+04 -1.205171013801065172e-02
1.622000000000000000e+03 3.352785252273788501e+04 -1.028833466557910192e-02
1.623000000000000000e+03 3.354852320863353088e+04 -8.534523718427777794e-03
1.624000000000000000e+03 3.356919389452917676e+04 -7.175748556539907064e-03
1.625000000000000000e+03 3.358986458042482263e+04 -6.505447471997438669e-03
1.626000000000000000e+03 3.361053526632046851e+04 -6.663363604945461184e-03
1.627000000000000000e+03 3.363120595221611438e+04 -7.608066845291028280e-03
1.628000000000000000e+03 3.365187663811176026e+04 -9.129091949988898946e-03
1.629000000000000000e+03 3.367254732400740613e+04 -1.089552615025946025e-02
1.630000000000000000e+03 3.369321800990305201e+04 -1.253003137823954782e-02
1.631000000000000000e+03 3.371388869579869788e+04 -1.369183931561429764e-02
1.632000000000000000e+03 3.373455938169434376e+04 -1.415041871028116689e-02
1.633000000000000000e+03 3.375523006758998963e+04 -1.383373851218266948e-02
1.634000000000000000e+03 3.377590075348563551e+04 -1.284085781358151879e-02
1.635000000000000000e+03 3.379657143938128138e+04 -1.141663286398669763e-02
1.636000000000000000e+03 3.381724212527692725e+04 -9.894789798286895977e-03
1.637000000000000000e+03 3.383791281117257313e+04 -8.622543476972499565e-03
1.638000000000000000e+03 3.385858349706821900e+04 -7.883798217569515376e-03
1.639000000000000000e+03 3.387925418296386488e+04 -7.837936482657903436e-03
1.640000000000000000e+03 3.389992486885951075e+04 -8.487399899709646700e-03
1.641000000000000000e+03 3.392059555475515663e+04 -9.680650453131989241e-03
1.642000000000000000e+03 3.394126624065080250e+04 -1.114918269514936222e-02
1.643000000000000000e+03 3.396193692654644838e+04 -1.256976160978034995e-02
1.644000000000000000e+03 3.398260761244209425e+04 -1.363759420010474295e-02
1.645000000000000000e+03 3.400327829833774013e+04 -1.413390456892310576e-02
1.646000000000000000e+03 3.402394898423338600e+04 -1.397288055304285632e-02
1.647000000000000000e+03 3.404461967012903187e+04 -1.321784425678851349e-02
1.648000000000000000e+03 3.406529035602467775e+04 -1.206361627015239968e-02
1.649000000000000000e+03 3.408596104192032362e+04 -1.078972612844231183e-02
1.650000000000000000e+03 3.410663172781596950e+04 -9.695599724362402583e-03
1.651000000000000000e+03 3.412730241371161537e+04 -9.032674913559524121e-03
1.652000000000000000e+03 3.414797309960726125e+04 -8.948758527366873494e-03
1.653000000000000000e+03 3.416864378550290712e+04 -9.456861968043406286e-03
1.654000000000000000e+03 3.418931447139855300e+04 -1.043503056143657570e-02
1.655000000000000000e+03 3.420998515729419887e+04 -1.165664238388719465e-02
1.656000000000000000e+03 3.423065584318984475e+04 -1.284384877820266002e-02
1.657000000000000000e+03 3.425132652908549062e+04 -1.373173638822378258e-02
1.658000000000000000e+03 3.427199721498113649e+04 -1.412852523894747581e-02
1.659000000000000000e+03 3.429266790087678237e+04 -1.395818651650182311e-02
1.660000000000000000e+03 3.431333858677242824e+04 -1.327601775941100737e-02
1.661000000000000000e+03 3.433400927266807412e+04 -1.225398304175828734e-02
1.662000000000000000e+03 3.435467995856371999e+04 -1.113955423842050152e-02
1.663000000000000000e+03 3.437535064445936587e+04 -1.019778213386168808e-02
1.664000000000000000e+03 3.439602133035501174e+04 -9.650025042195697900e-03
1.665000000000000000e+03 3.441669201625065762e+04 -9.623360679471670842e-03
1.666000000000000000e+03 3.443736270214630349e+04 -1.012212545028301491e-02
1.667000000000000000e+03 3.445803338804194937e+04 -1.102790161559097371e-02
1.668000000000000000e+03 3.447870407393759524e+04 -1.212777922892271931e-02
1.669000000000000000e+03 3.449937475983324111e+04 -1.316429428618859365e-02
1.670000000000000000e+03 3.452004544572888699e+04 -1.389550592239252591e-02
1.671000000000000000e+03 3.454071613162453286e+04 -1.415134269594797711e-02
1.672000000000000000e+03 3.456138681752017874e+04 -1.387318436305906566e-02
1.673000000000000000e+03 3.458205750341582461e+04 -1.312749497472831539e-02
1.674000000000000000e+03 3.460272818931147049e+04 -1.209031754261657987e-02
1.675000000000000000e+03 3.462339887520711636e+04 -1.100619532445212823e-02
1.676000000000000000e+03 3.464406956110276224e+04 -1.013102630569606699e-02
1.677000000000000000e+03 3.466474024699840811e+04 -9.672098221560343490e-03
1.678000000000000000e+03 3.468541093289405399e+04 -9.739225626361758259e-03
1.679000000000000000e+03 3.470608161878969986e+04 -1.031837813155828121e-02
1.680000000000000000e+03 3.472675230468534573e+04 -1.127404642400281487e-02
1.681000000000000000e+03 3.474742299058099161e+04 -1.238000560759561219e-02
1.682000000000000000e+03 3.476809367647663748e+04 -1.337157400558636362e-02
1.683000000000000000e+03 3.478876436237228336e+04 -1.400741030534541527e-02
1.684000000000000000e+03 3.480943504826792923e+04 -1.412652984936118954e-02
1.685000000000000000e+03 3.483010573416357511e+04 -1.368716050432045028e-02
1.686000000000000000e+03 3.485077642005922098e+04 -1.277814493720813571e-02
1.687000000000000000e+03 3.487144710595486686e+04 -1.159991400759158298e-02
1.688000000000000000e+03 3.489211779185051273e+04 -1.041913788258735929e-02
1.689000000000000000e+03 3.491278847774615861e+04 -9.507340233094241366e-03
1.690000000000000000e+03 3.493345916364180448e+04 -9.077575774999513403e-03
1.691000000000000000e+03 3.495412984953745035e+04 -9.233829115600611370e-03
1.692000000000000000e+03 3.497480053543309623e+04 -9.944978216187505549e-03
1.693000000000000000e+03 3.499547122132874210e+04 -1.104963743858583536e-02
1.694000000000000000e+03 3.501614190722438798e+04 -1.229119566363073845e-02
1.695000000000000000e+03 3.503681259312003385e+04 -1.337544153266762188e-02
1.696000000000000000e+03 3.505748327901567973e+04 -1.403787068259892794e-02
1.697000000000000000e+03 3.507815396491132560e+04 -1.410533769913741194e-02
1.698000000000000000e+03 3.509882465080697148e+04 -1.353777515350751241e-02
1.699000000000000000e+03 3.511949533670261735e+04 -1.244007603146013441e-02
1.700000000000000000e+03 3.514016602259826323e+04 -1.104095503648327981e-02
1.701000000000000000e+03 3.516083670849390910e+04 -9.643133356378896792e-03
1.702000000000000000e+03 3.518150739438955497e+04 -8.555793071077788525e-03
1.703000000000000000e+03 3.520217808028520085e+04 -8.024394124964251418e-03
1.704000000000000000e+03 3.522284876618084672e+04 -8.173690874142769403e-03
1.705000000000000000e+03 3.524351945207649260e+04 -8.976978193388496230e-03
1.706000000000000000e+03 3.526419013797213847e+04 -1.025888563704357992e-02
1.707000000000000000e+03 3.528486082386778435e+04 -1.173166803763603383e-02
1.708000000000000000e+03 3.530553150976343022e+04 -1.305748163073894297e-02
1.709000000000000000e+03 3.532620219565907610e+04 -1.392319593900903478e-02
1.710000000000000000e+03 3.534687288155472197e+04 -1.411122130884811914e-02
1.711000000000000000e+03 3.536754356745036785e+04 -1.355040099405080412e-02
1.712000000000000000e+03 3.538821425334601372e+04 -1.233518715021664214e-02
1.713000000000000000e+03 3.540888493924165959e+04 -1.070821741891242462e-02
1.714000000000000000e+03 3.542955562513730547e+04 -9.009516841313958135e-03
1.715000000000000000e+03 3.545022631103295134e+04 -7.603053927051239835e-03
1.716000000000000000e+03 3.547089699692859722e+04 -6.796575795739945303e-03
1.717000000000000000e+03 3.549156768282424309e+04 -6.772348052168587242e-03
1.718000000000000000e+03 3.551223836871988897e+04 -7.544251925705015328e-03
1.719000000000000000e+03 3.553290905461553484e+04 -8.951135253024711247e-03
1.720000000000000000e+03 3.555357974051118072e+04 -1.068856200264278744e-02
1.721000000000000000e+03 3.557425042640682659e+04 -1.237276029615230755e-02
1.722000000000000000e+03 3.559492111230247247e+04 -1.362337427958271174e-02
1.723000000000000000e+03 3.561559179819811834e+04 -1.414717311367363894e-02
1.724000000000000000e+03 3.563626248409376421e+04 -1.380425403592033806e-02
1.725000000000000000e+03 3.565693316998941009e+04 -1.264176697909480396e-02
1.726000000000000000e+03 3.567760385588505596e+04 -1.088710579626894770e-02
1.727000000000000000e+03 3.569827454178070184e+04 -8.901365313362941123e-03
1.728000000000000000e+03 3.571894522767634771e+04 -7.102690479052654361e-03
1.729000000000000000e+03 3.573961591357199359e+04 -5.875942471713080373e-03
1.730000000000000000e+03 3.576028659946763946e+04 -5.488310714360178366e-03
1.731000000000000000e+03 3.578095728536328534e+04 -6.029383406984889504e-03
1.732000000000000000e+03 3.580162797125893121e+04 -7.389033668947831736e-03
1.733000000000000000e+03 3.582229865715457709e+04 -9.278427498250640948e-03
1.734000000000000000e+03 3.584296934305022296e+04 -1.129019609411524572e-02
1.735000000000000000e+03 3.586364002894586883e+04 -1.298524401188466681e-02
1.736000000000000000e+03 3.588431071484151471e+04 -1.398762744317499918e-02
1.737000000000000000e+03 3.590498140073716058e+04 -1.406685494217879695e-02
1.738000000000000000e+03 3.592565208663280646e+04 -1.318943684093204505e-02
1.739000000000000000e+03 3.594632277252845233e+04 -1.152807984502107752e-02
1.740000000000000000e+03 3.596699345842409821e+04 -9.426153063157916012e-03
1.741000000000000000e+03 3.598766414431974408e+04 -7.324880757981322432e-03
1.742000000000000000e+03 3.600833483021538996e+04 -5.668934091870525549e-03
1.743000000000000000e+03 3.602900551611103583e+04 -4.810840187266296475e-03
1.744000000000000000e+03 3.604967620200668171e+04 -4.934858782788542619e-03
1.745000000000000000e+03 3.607034688790232758e+04 -6.016727716513847746e-03
1.746000000000000000e+03 3.609101757379797345e+04 -7.827973471325577748e-03
1.747000000000000000e+03 3.611168825969361933e+04 -9.983990418125365807e-03
1.748000000000000000e+03 3.613235894558926520e+04 -1.202574966679093027e-02
1.749000000000000000e+03 3.615302963148491108e+04 -1.351772455596023104e-02
1.750000000000000000e+03 3.617370031738055695e+04 -1.414101178081139665e-02
1.751000000000000000e+03 3.619437100327620283e+04 -1.376157096563246363e-02
1.752000000000000000e+03 3.621504168917184870e+04 -1.245886113373417814e-02
1.753000000000000000e+03 3.623571237506749458e+04 -1.050874016395220156e-02
1.754000000000000000e+03 3.625638306096314045e+04 -8.324401454083807383e-03
1.755000000000000000e+03 3.627705374685878633e+04 -6.368166318835244422e-03
1.756000000000000000e+03 3.629772443275443220e+04 -5.053147441316740984e-03
1.757000000000000000e+03 3.631839511865007808e+04 -4.655812752422272549e-03
1.758000000000000000e+03 3.633906580454572395e+04 -5.257954273442722037e-03
1.759000000000000000e+03 3.635973649044136982e+04 -6.730175377912039902e-03
1.760000000000000000e+03 3.638040717633701570e+04 -8.760190326189853938e-03
1.761000000000000000e+03 3.640107786223266157e+04 -1.091979792451808207e-02
1.762000000000000000e+03 3.642174854812830745e+04 -1.275622890818056687e-02
1.763000000000000000e+03 3.644241923402395332e+04 -1.388836576563656777e-02
1.764000000000000000e+03 3.646308991991959920e+04 -1.408727090957006926e-02
1.765000000000000000e+03 3.648376060581524507e+04 -1.332384567125188823e-02
1.766000000000000000e+03 3.650443129171089095e+04 -1.177356600320078606e-02
1.767000000000000000e+03 3.652510197760653682e+04 -9.777529127231732176e-03
1.768000000000000000e+03 3.654577266350218270e+04 -7.768458313982041542e-03
1.769000000000000000e+03 3.656644334939782857e+04 -6.177793441099088678e-03
1.770000000000000000e+03 3.658711403529347444e+04 -5.343912286245255938e-03
1.771000000000000000e+03 3.660778472118912032e+04 -5.441066205993827509e-03
1.772000000000000000e+03 3.662845540708476619e+04 -6.443971682150162472e-03
1.773000000000000000e+03 3.664912609298041207e+04 -8.135275658712637359e-03
1.774000000000000000e+03 3.666979677887605794e+04 -1.015396816587010864e-02
1.775000000000000000e+03 3.669046746477170382e+04 -1.207411447268647020e-02
1.776000000000000000e+03 3.671113815066734969e+04 -1.349680715249812653e-02
1.777000000000000000e+03 3.673180883656299557e+04 -1.413541263270995385e-02
1.778000000000000000e+03 3.675247952245864144e+04 -1.387570478525118611e-02
1.779000000000000000e+03 3.677315020835428732e+04 -1.279805802015637761e-02
1.780000000000000000e+03 3.679382089424993319e+04 -1.115727089214763046e-02
1.781000000000000000e+03 3.681449158014557906e+04 -9.324913245731647482e-03
1.782000000000000000e+03 3.683516226604122494e+04 -7.707243121463480673e-03
1.783000000000000000e+03 3.685583295193687081e+04 -6.656907746460326812e-03
1.784000000000000000e+03 3.687650363783251669e+04 -6.397710199020245625e-03
1.785000000000000000e+03 3.689717432372816256e+04 -6.978546384702023243e-03
1.786000000000000000e+03 3.691784500962380844e+04 -8.266018154505949678e-03
1.787000000000000000e+03 3.693851569551945431e+04 -9.976718343319534998e-03
1.788000000000000000e+03 3.695918638141510019e+04 -1.174158320069734751e-02
1.789000000000000000e+03 3.697985706731074606e+04 -1.318781746528446819e-02
1.790000000000000000e+03 3.700052775320639194e+04 -1.402019998425080294e-02
1.791000000000000000e+03 3.702119843910203781e+04 -1.408391915318668586e-02
1.792000000000000000e+03 3.704186912499768368e+04 -1.339541149492012861e-02
1.793000000000000000e+03 3.706253981089332956e+04 -1.213498333739976287e-02
1.794000000000000000e+03 3.708321049678897543e+04 -1.060358568302011140e-02
1.795000000000000000e+03 3.710388118268462131e+04 -9.154016709349455105e-03
1.796000000000000000e+03 3.712455186858026718e+04 -8.112271766720469124e-03
1.797000000000000000e+03 3.714522255447591306e+04 -7.706577999804120616e-03
1.798000000000000000e+03 3.716589324037155893e+04 -8.019540274171621519e-03
1.799000000000000000e+03 3.718656392626720481e+04 -8.973390127586022835e-03
1.800000000000000000e+03 3.720723461216285068e+04 -1.035086497538406647e-02
1.801000000000000000e+03 3.722790529805849656e+04 -1.184639846345536540e-02
1.802000000000000000e+03 3.724857598395414243e+04 -1.313574313354426426e-02
1.803000000000000000e+03 3.726924666984978830e+04 -1.394827072226378743e-02
1.804000000000000000e+03 3.728991735574543418e+04 -1.412584993727816762e-02
1.805000000000000000e+03 3.731058804164108005e+04 -1.365545588562133532e-02
1.806000000000000000e+03 3.733125872753672593e+04 -1.266875555676727494e-02
1.807000000000000000e+03 3.735192941343237180e+04 -1.140942059137062259e-02
1.808000000000000000e+03 3.737260009932801768e+04 -1.017611913529836709e-02
1.809000000000000000e+03 3.739327078522366355e+04 -9.254414025792134790e-03
1.810000000000000000e+03 3.741394147111930943e+04 -8.852999220592072671e-03
1.811000000000000000e+03 3.743461215701495530e+04 -9.058423828582407022e-03
1.812000000000000000e+03 3.745528284291060118e+04 -9.818066315581963632e-03
1.813000000000000000e+03 3.747595352880624705e+04 -1.095467629218926930e-02
1.814000000000000000e+03 3.749662421470189292e+04 -1.220873524281618216e-02
1.815000000000000000e+03 3.751729490059753880e+04 -1.329872891776617827e-02
1.816000000000000000e+03 3.753796558649318467e+04 -1.398550840948376006e-02
1.817000000000000000e+03 3.755863627238883055e+04 -1.412611853753420466e-02
1.818000000000000000e+03 3.757930695828447642e+04 -1.370498503193662461e-02
1.819000000000000000e+03 3.759997764418012230e+04 -1.283560828259611153e-02
1.820000000000000000e+03 3.762064833007576817e+04 -1.173269932272891225e-02
1.821000000000000000e+03 3.764131901597141405e+04 -1.066144559008308512e-02
1.822000000000000000e+03 3.766198970186705992e+04 -9.875757400990781143e-03
1.823000000000000000e+03 3.768266038776270580e+04 -9.559748918437582788e-03
1.824000000000000000e+03 3.770333107365835167e+04 -9.785833862524628834e-03
1.825000000000000000e+03 3.772400175955399754e+04 -1.049891389787427354e-02
1.826000000000000000e+03 3.774467244544964342e+04 -1.153012633830735600e-02
1.827000000000000000e+03 3.776534313134528929e+04 -1.263685402222930465e-02
1.828000000000000000e+03 3.778601381724093517e+04 -1.355968711091232355e-02
1.829000000000000000e+03 3.780668450313658104e+04 -1.408311885363261289e-02
1.830000000000000000e+03 3.782735518903222692e+04 -1.408587358753715657e-02
1.831000000000000000e+03 3.784802587492787279e+04 -1.356915120082374630e-02
1.832000000000000000e+03 3.786869656082351867e+04 -1.265620393650807030e-02
1.833000000000000000e+03 3.788936724671916454e+04 -1.156334883991022577e-02
1.834000000000000000e+03 3.791003793261481042e+04 -1.054919008356031140e-02
1.835000000000000000e+03 3.793070861851045629e+04 -9.853906683868374206e-03
1.836000000000000000e+03 3.795137930440610216e+04 -9.642762941830362866e-03
1.837000000000000000e+03 3.797204999030174804e+04 -9.967004075775054428e-03
1.838000000000000000e+03 3.799272067619739391e+04 -1.075127130990077839e-02
1.839000000000000000e+03 3.801339136209303979e+04 -1.181055535245406629e-02
1.840000000000000000e+03 3.803406204798868566e+04 -1.289289216836125851e-02
1.841000000000000000e+03 3.805473273388433154e+04 -1.373802226600312308e-02
1.842000000000000000e+03 3.807540341977997741e+04 -1.413845431131538488e-02
1.843000000000000000e+03 3.809607410567562329e+04 -1.398870289641723774e-02
1.844000000000000000e+03 3.811674479157126916e+04 -1.331111341728291597e-02
1.845000000000000000e+03 3.813741547746691504e+04 -1.225206189806765655e-02
1.846000000000000000e+03 3.815808616336256091e+04 -1.104917950005424032e-02
1.847000000000000000e+03 3.817875684925820678e+04 -9.976993491649044365e-03
1.848000000000000000e+03 3.819942753515385266e+04 -9.283418455236280842e-03
1.849000000000000000e+03 3.822009822104949853e+04 -9.131702786886353174e-03
1.850000000000000000e+03 3.824076890694514441e+04 -9.561254448589462385e-03
1.851000000000000000e+03 3.826143959284079028e+04 -1.047653577652163381e-02
1.852000000000000000e+03 3.828211027873643616e+04 -1.166689890932270934e-02
1.853000000000000000e+03 3.830278096463208203e+04 -1.285322721152248882e-02
1.854000000000000000e+03 3.832345165052772791e+04 -1.375109239360772402e-02
1.855000000000000000e+03 3.834412233642337378e+04 -1.413621808100751220e-02
1.856000000000000000e+03 3.836479302231901966e+04 -1.389729345713386355e-02
1.857000000000000000e+03 3.838546370821466553e+04 -1.306384267468785332e-02
1.858000000000000000e+03 3.840613439411031140e+04 -1.180237331449918159e-02
1.859000000000000000e+03 3.842680508000595728e+04 -1.038117002643684783e-02
1.860000000000000000e+03 3.844747576590160315e+04 -9.111245924274757879e-03
1.861000000000000000e+03 3.846814645179724903e+04 -8.276476287140621668e-03
1.862000000000000000e+03 3.848881713769289490e+04 -8.068548321641888510e-03
1.863000000000000000e+03 3.850948782358854078e+04 -8.541473771026930617e-03
1.864000000000000000e+03 3.853015850948418665e+04 -9.596234096045153095e-03
1.865000000000000000e+03 3.855082919537983253e+04 -1.099957626348924133e-02
1.866000000000000000e+03 3.857149988127547840e+04 -1.243344466087159539e-02
1.867000000000000000e+03 3.859217056717112428e+04 -1.356462264770075254e-02
1.868000000000000000e+03 3.861284125306677015e+04 -1.411939139721707544e-02
1.869000000000000000e+03 3.863351193896241602e+04 -1.394652933888085485e-02
1.870000000000000000e+03 3.865418262485806190e+04 -1.305421809101481312e-02
1.871000000000000000e+03 3.867485331075370777e+04 -1.161198510926331195e-02
1.872000000000000000e+03 3.869552399664935365e+04 -9.916508624410291795e-03
1.873000000000000000e+03 3.871619468254499952e+04 -8.328225560370605685e-03
1.874000000000000000e+03 3.873686536844064540e+04 -7.192370789255830843e-03
1.875000000000000000e+03 3.875753605433629127e+04 -6.761786061252662329e-03
1.876000000000000000e+03 3.877820674023193715e+04 -7.138704758839597986e-03
1.877000000000000000e+03 3.879887742612758302e+04 -8.248773248022867044e-03
1.878000000000000000e+03 3.881954811202322890e+04 -9.853677735759180933e-03
1.879000000000000000e+03 3.884021879791887477e+04 -1.160036365938849068e-02
1.880000000000000000e+03 3.886088948381452064e+04 -1.309671484165170208e-02
1.881000000000000000e+03 3.888156016971016652e+04 -1.399746065336388186e-02
1.882000000000000000e+03 3.890223085560581239e+04 -1.408143056072258537e-02
1.883000000000000000e+03 3.892290154150145827e+04 -1.330280543397238668e-02
1.884000000000000000e+03 3.894357222739710414e+04 -1.180449772672848008e-02
1.885000000000000000e+03 3.896424291329275002e+04 -9.890058645472821208e-03
1.886000000000000000e+03 3.898491359918839589e+04 -7.959718916773772523e-03
1.887000000000000000e+03 3.900558428508404177e+04 -6.424231032210681036e-03
1.888000000000000000e+03 3.902625497097968764e+04 -5.615240477755190085e-03
1.889000000000000000e+03 3.904692565687533352e+04 -5.711816075420261818e-03
1.890000000000000000e+03 3.906759634277097939e+04 -6.699351161529532028e-03
1.891000000000000000e+03 3.908826702866662527e+04 -8.370118153144923134e-03
1.892000000000000000e+03 3.910893771456227114e+04 -1.036582261524032766e-02
1.893000000000000000e+03 3.912960840045791701e+04 -1.225340927073648167e-02
1.894000000000000000e+03 3.915027908635356289e+04 -1.361802134784795455e-02
1.895000000000000000e+03 3.917094977224920876e+04 -1.415304269935413473e-02
1.896000000000000000e+03 3.919162045814485464e+04 -1.372754498993322692e-02
1.897000000000000000e+03 3.921229114404050051e+04 -1.241622820264098870e-02
1.898000000000000000e+03 3.923296182993614639e+04 -1.048505653995801534e-02
1.899000000000000000e+03 3.925363251583179226e+04 -8.335451397136650620e-03
1.900000000000000000e+03 3.927430320172743814e+04 -6.418960094589754029e-03
1.901000000000000000e+03 3.929497388762308401e+04 -5.140754945342773663e-03
1.902000000000000000e+03 3.931564457351872989e+04 -4.772710712357020046e-03
1.903000000000000000e+03 3.933631525941437576e+04 -5.394691876981549949e-03
1.904000000000000000e+03 3.935698594531002163e+04 -6.876619383924088315e-03
1.905000000000000000e+03 3.937765663120566751e+04 -8.905240227258415242e-03
1.906000000000000000e+03 3.939832731710131338e+04 -1.105007637726701519e-02
1.907000000000000000e+03 3.941899800299695926e+04 -1.285467807126372541e-02
1.908000000000000000e+03 3.943966868889260513e+04 -1.393379544706951738e-02
1.909000000000000000e+03 3.946033937478825101e+04 -1.405567079044911342e-02
1.910000000000000000e+03 3.948101006068389688e+04 -1.319174602268746721e-02
1.911000000000000000e+03 3.950168074657954276e+04 -1.152304604503989749e-02
1.912000000000000000e+03 3.952235143247518863e+04 -9.401816698388187898e-03
1.913000000000000000e+03 3.954302211837083451e+04 -7.276630981318532587e-03
1.914000000000000000e+03 3.956369280426648038e+04 -5.597025577209924219e-03
1.915000000000000000e+03 3.958436349016212625e+04 -4.718071422055436503e-03
1.916000000000000000e+03 3.960503417605777213e+04 -4.825193493593393779e-03
1.917000000000000000e+03 3.962570486195341800e+04 -5.895139780309255340e-03
1.918000000000000000e+03 3.964637554784906388e+04 -7.701296599672446085e-03
1.919000000000000000e+03 3.966704623374470975e+04 -9.862193599545210354e-03
1.920000000000000000e+03 3.968771691964035563e+04 -1.192291515151300274e-02
1.921000000000000000e+03 3.970838760553600150e+04 -1.345208639996265006e-02
1.922000000000000000e+03 3.972905829143164738e+04 -1.413366997369680522e-02
1.923000000000000000e+03 3.974972897732729325e+04 -1.383384546334143032e-02
1.924000000000000000e+03 3.977039966322293913e+04 -1.262860639044105504e-02
1.925000000000000000e+03 3.979107034911858500e+04 -1.078623932462885460e-02
1.926000000000000000e+03 3.981174103501423087e+04 -8.708658972410909804e-03
1.927000000000000000e+03 3.983241172090987675e+04 -6.844489972760769980e-03
1.928000000000000000e+03 3.985308240680552262e+04 -5.592831236387652005e-03
1.929000000000000000e+03 3.987375309270116850e+04 -5.218482997730866657e-03
1.930000000000000000e+03 3.989442377859681437e+04 -5.796721233185975208e-03
1.931000000000000000e+03 3.991509446449246025e+04 -7.199172690574352253e-03
1.932000000000000000e+03 3.993576515038810612e+04 -9.123459523316779229e-03
1.933000000000000000e+03 3.995643583628375200e+04 -1.115991357452011945e-02
1.934000000000000000e+03 3.997710652217939787e+04 -1.288072690979807922e-02
1.935000000000000000e+03 3.999777720807504375e+04 -1.393209436970660291e-02
1.936000000000000000e+03 4.001844789397068962e+04 -1.410932790525448559e-02
1.937000000000000000e+03 4.003911857986633549e+04 -1.339877583957632678e-02
1.938000000000000000e+03 4.005978926576198137e+04 -1.197780945923226925e-02
1.939000000000000000e+03 4.008045995165762724e+04 -1.017344394273739239e-02
1.940000000000000000e+03 4.010113063755327312e+04 -8.389226724491605225e-03
1.941000000000000000e+03 4.012180132344891899e+04 -7.016823082486856045e-03
1.942000000000000000e+03 4.014247200934456487e+04 -6.351770595797057162e-03
1.943000000000000000e+03 4.016314269524021074e+04 -6.531573701524018283e-03
1.944000000000000000e+03 4.018381338113585662e+04 -7.509095719838931871e-03
1.945000000000000000e+03 4.020448406703150249e+04 -9.066342378172720373e-03
1.946000000000000000e+03 4.022515475292714837e+04 -1.086494998955622737e-02
1.947000000000000000e+03 4.024582543882279424e+04 -1.252182906117738082e-02
1.948000000000000000e+03 4.026649612471844011e+04 -1.369311258756544976e-02
1.949000000000000000e+03 4.028716681061408599e+04 -1.414796966755538232e-02
1.950000000000000000e+03 4.030783749650973186e+04 -1.381633510797619646e-02
1.951000000000000000e+03 4.032850818240537774e+04 -1.280060099442836830e-02
1.952000000000000000e+03 4.034917886830102361e+04 -1.134942435998864685e-02
1.953000000000000000e+03 4.036984955419666949e+04 -9.800170635513638651e-03
1.954000000000000000e+03 4.039052024009231536e+04 -8.503263709548736227e-03
1.955000000000000000e+03 4.041119092598796124e+04 -7.745383980014507695e-03
1.956000000000000000e+03 4.043186161188360711e+04 -7.688313605764884005e-03
1.957000000000000000e+03 4.045253229777925299e+04 -8.336426614783010169e-03
1.958000000000000000e+03 4.047320298367489886e+04 -9.539310377756959891e-03
1.959000000000000000e+03 4.049387366957054473e+04 -1.102825090118642049e-02
1.960000000000000000e+03 4.051454435546619061e+04 -1.247796952927537895e-02
1.961000000000000000e+03 4.053521504136183648e+04 -1.357960481376763173e-02
1.962000000000000000e+03 4.055588572725748236e+04 -1.410864794672739460e-02
1.963000000000000000e+03 4.057655641315312823e+04 -1.397287436681082795e-02
1.964000000000000000e+03 4.059722709904877411e+04 -1.322996831843503696e-02
1.965000000000000000e+03 4.061789778494441998e+04 -1.207144247847313778e-02
1.966000000000000000e+03 4.063856847084006586e+04 -1.077702967290450342e-02
1.967000000000000000e+03 4.065923915673571173e+04 -9.650251655059394196e-03
1.968000000000000000e+03 4.067990984263135761e+04 -8.949894478381681395e-03
1.969000000000000000e+03 4.070058052852700348e+04 -8.832778947329478214e-03
1.970000000000000000e+03 4.072125121442264935e+04 -9.320432834076131101e-03
1.971000000000000000e+03 4.074192190031829523e+04 -1.029674653982981525e-02
1.972000000000000000e+03 4.076259258621394110e+04 -1.153669081191976975e-02
1.973000000000000000e+03 4.078326327210958698e+04 -1.275923093418018794e-02
1.974000000000000000e+03 4.080393395800523285e+04 -1.369219586981623889e-02
1.975000000000000000e+03 4.082460464390087873e+04 -1.413424826928483258e-02
1.976000000000000000e+03 4.084527532979652460e+04 -1.399986430234762165e-02
1.977000000000000000e+03 4.086594601569217048e+04 -1.333721878371224578e-02
1.978000000000000000e+03 4.088661670158781635e+04 -1.231516590486264606e-02
1.979000000000000000e+03 4.090728738748346223e+04 -1.118264171608712720e-02
1.980000000000000000e+03 4.092795807337910810e+04 -1.021012660571246622e-02
1.981000000000000000e+03 4.094862875927475397e+04 -9.626832449456113050e-03
1.982000000000000000e+03 4.096929944517039985e+04 -9.568112430094866117e-03
1.983000000000000000e+03 4.098997013106604572e+04 -1.004509020147442699e-02
1.984000000000000000e+03 4.101064081696169160e+04 -1.094329848998981669e-02
1.985000000000000000e+03 4.103131150285733747e+04 -1.205041935343459381e-02
1.986000000000000000e+03 4.105198218875298335e+04 -1.310653921888721429e-02
1.987000000000000000e+03 4.107265287464862922e+04 -1.386516902698869957e-02
1.988000000000000000e+03 4.109332356054427510e+04 -1.415081605149021149e-02
1.989000000000000000e+03 4.111399424643992097e+04 -1.389972265206068647e-02
1.990000000000000000e+03 4.113466493233556685e+04 -1.317433836996567686e-02
1.991000000000000000e+03 4.115533561823121272e+04 -1.214824496503280615e-02
1.992000000000000000e+03 4.117600630412685859e+04 -1.106515635766364136e-02
1.993000000000000000e+03 4.119667699002250447e+04 -1.018163859071319344e-02
1.994000000000000000e+03 4.121734767591815034e+04 -9.706931801712226360e-03
1.995000000000000000e+03 4.123801836181379622e+04 -9.753860695572380557e-03
1.996000000000000000e+03 4.125868904770944209e+04 -1.031219846610631485e-02
1.997000000000000000e+03 4.127935973360508797e+04 -1.125064892112559445e-02
1.998000000000000000e+03 4.130003041950073384e+04 -1.234703272942894170e-02
1.999000000000000000e+03 4.132070110539637972e+04 -1.333978067860319520e-02
2.000000000000000000e+03 4.134137179129202559e+04 -1.398890126710516935e-02
2.001000000000000000e+03 4.136204247718767147e+04 -1.413233608444475209e-02
2.002000000000000000e+03 4.138271316308331734e+04 -1.372459569007045306e-02
2.003000000000000000e+03 4.140338384897896321e+04 -1.284858923741938330e-02
2.004000000000000000e+03 4.142405453487460909e+04 -1.169771046663470315e-02
2.005000000000000000e+03 4.144472522077025496e+04 -1.053210099921519927e-02
2.006000000000000000e+03 4.146539590666590084e+04 -9.618989884093598342e-03
2.007000000000000000e+03 4.148606659256154671e+04 -9.170723950442660755e-03
2.008000000000000000e+03 4.150673727845719259e+04 -9.294710304507736165e-03
2.009000000000000000e+03 4.152740796435283846e+04 -9.966871482323946818e-03
2.010000000000000000e+03 4.154807865024848434e+04 -1.103497203872916277e-02
2.011000000000000000e+03 4.156874933614413021e+04 -1.225147313065855226e-02
2.012000000000000000e+03 4.158942002203977609e+04 -1.332886697428181666e-02
2.013000000000000000e+03 4.161009070793542196e+04 -1.400521334310367294e-02
2.014000000000000000e+03 4.163076139383106783e+04 -1.410505106234760664e-02
2.015000000000000000e+03 4.165143207972671371e+04 -1.358163905373710456e-02
2.016000000000000000e+03 4.167210276562235958e+04 -1.253049627378011177e-02
2.017000000000000000e+03 4.169277345151800546e+04 -1.117060097779687400e-02
2.018000000000000000e+03 4.171344413741365133e+04 -9.796947219490537151e-03
2.019000000000000000e+03 4.173411482330929721e+04 -8.714763675252479302e-03
2.020000000000000000e+03 4.175478550920494308e+04 -8.170043802927962062e-03
2.021000000000000000e+03 4.177545619510058896e+04 -8.292100078327369062e-03
2.022000000000000000e+03 4.179612688099623483e+04 -9.061384781190007232e-03
2.023000000000000000e+03 4.181679756689188071e+04 -1.031035955110748414e-02
2.024000000000000000e+03 4.183746825278752658e+04 -1.175792378786200132e-02
2.025000000000000000e+03 4.185813893868317246e+04 -1.307037926098669756e-02
2.026000000000000000e+03 4.187880962457881833e+04 -1.393575654209738834e-02
2.027000000000000000e+03 4.189948031047446420e+04 -1.413497927232415692e-02
2.028000000000000000e+03 4.192015099637011008e+04 -1.359366047632898367e-02
2.029000000000000000e+03 4.194082168226575595e+04 -1.240235812773843316e-02
2.030000000000000000e+03 4.196149236816140183e+04 -1.080003159177361782e-02
2.031000000000000000e+03 4.198216305405704770e+04 -9.123700515412724865e-03
2.032000000000000000e+03 4.200283373995269358e+04 -7.735027232196489688e-03
2.033000000000000000e+03 4.202350442584833945e+04 -6.939927805668931991e-03
2.034000000000000000e+03 4.204417511174398533e+04 -6.919105216414089821e-03
2.035000000000000000e+03 4.206484579763963120e+04 -7.685184365746999813e-03
2.036000000000000000e+03 4.208551648353527708e+04 -9.076426568671747130e-03
2.037000000000000000e+03 4.210618716943092295e+04 -1.078905919206868402e-02
2.038000000000000000e+03 4.212685785532656882e+04 -1.244175414468434715e-02
2.039000000000000000e+03 4.214752854122221470e+04 -1.365853806293443329e-02
2.040000000000000000e+03 4.216819922711786057e+04 -1.415204504931349798e-02
2.041000000000000000e+03 4.218886991301350645e+04 -1.378860847127011575e-02
2.042000000000000000e+03 4.220954059890915232e+04 -1.262043669223728015e-02
2.043000000000000000e+03 4.223021128480479820e+04 -1.087725143384210558e-02
2.044000000000000000e+03 4.225088197070044407e+04 -8.918704181867798120e-03
2.045000000000000000e+03 4.227155265659608995e+04 -7.157614017818336727e-03
2.046000000000000000e+03 4.229222334249173582e+04 -5.970608619258799266e-03
2.047000000000000000e+03 4.231289402838738170e+04 -5.615617425240304605e-03
2.048000000000000000e+03 4.233356471428302757e+04 -6.174250893797195161e-03
2.049000000000000000e+03 4.235423540017867344e+04 -7.531782900473737129e-03
2.050000000000000000e+03 4.237490608607431932e+04 -9.399430374692818724e-03
2.051000000000000000e+03 4.239557677196996519e+04 -1.137457427632493356e-02
2.052000000000000000e+03 4.241624745786561107e+04 -1.302634011720227303e-02
2.053000000000000000e+03 4.243691814376125694e+04 -1.398829926884437302e-02
2.054000000000000000e+03 4.245758882965690282e+04 -1.403826607978830854e-02
2.055000000000000000e+03 4.247825951555254869e+04 -1.314774686904796042e-02
2.056000000000000000e+03 4.249893020144819457e+04 -1.149004106979573114e-02
2.057000000000000000e+03 4.251960088734384044e+04 -9.404903714715862062e-03
2.058000000000000000e+03 4.254027157323948632e+04 -7.327100681104926384e-03
2.059000000000000000e+03 4.256094225913513219e+04 -5.694050951350615453e-03
2.060000000000000000e+03 4.258161294503077806e+04 -4.852311715192125785e-03
2.061000000000000000e+03 4.260228363092642394e+04 -4.982931939293944179e-03
2.062000000000000000e+03 4.262295431682206981e+04 -6.061683809175766324e-03
2.063000000000000000e+03 4.264362500271771569e+04 -7.862815577484971730e-03
2.064000000000000000e+03 4.266429568861336156e+04 -1.000581021445606789e-02
2.065000000000000000e+03 4.268496637450900744e+04 -1.203551842990324694e-02
2.066000000000000000e+03 4.270563706040465331e+04 -1.351881347047712012e-02
2.067000000000000000e+03 4.272630774630029919e+04 -1.413716831251421273e-02
2.068000000000000000e+03 4.274697843219594506e+04 -1.375521483288399960e-02
2.069000000000000000e+03 4.276764911809159094e+04 -1.245037077319355312e-02
2.070000000000000000e+03 4.278831980398723681e+04 -1.049695727808153123e-02
2.071000000000000000e+03 4.280899048988288268e+04 -8.308061323510029794e-03
2.072000000000000000e+03 4.282966117577852856e+04 -6.347566634874235447e-03
2.073000000000000000e+03 4.285033186167417443e+04 -5.031248884101335861e-03
2.074000000000000000e+03 4.287100254756982031e+04 -4.638163674938189374e-03
2.075000000000000000e+03 4.289167323346546618e+04 -5.251274864997990122e-03
2.076000000000000000e+03 4.291234391936111206e+04 -6.739964545519394612e-03
2.077000000000000000e+03 4.293301460525675793e+04 -8.788145469937003185e-03
2.078000000000000000e+03 4.295368529115240381e+04 -1.096200902796035104e-02
2.079000000000000000e+03 4.297435597704804968e+04 -1.280294679365795441e-02
2.080000000000000000e+03 4.299502666294369556e+04 -1.392568038289482106e-02
2.081000000000000000e+03 4.301569734883934143e+04 -1.410040847867338569e-02
2.082000000000000000e+03 4.303636803473498730e+04 -1.330121294342784255e-02
2.083000000000000000e+03 4.305703872063063318e+04 -1.171034328333159236e-02
2.084000000000000000e+03 4.307770940652627905e+04 -9.677668509268044783e-03
2.085000000000000000e+03 4.309838009242192493e+04 -7.644376857538104364e-03
2.086000000000000000e+03 4.311905077831757080e+04 -6.047727185723328347e-03
2.087000000000000000e+03 4.313972146421321668e+04 -5.227596424491109950e-03
2.088000000000000000e+03 4.316039215010886255e+04 -5.354906265226722084e-03
2.089000000000000000e+03 4.318106283600450843e+04 -6.397020475775283543e-03
2.090000000000000000e+03 4.320173352190015430e+04 -8.127096016436130554e-03
2.091000000000000000e+03 4.322240420779580018e+04 -1.017492032311562156e-02
2.092000000000000000e+03 4.324307489369144605e+04 -1.210792201420818337e-02
2.093000000000000000e+03 4.326374557958709192e+04 -1.352462961981570899e-02
2.094000000000000000e+03 4.328441626548273780e+04 -1.414027377673621362e-02
2.095000000000000000e+03 4.330508695137838367e+04 -1.384610362137572714e-02
2.096000000000000000e+03 4.332575763727402955e+04 -1.272991692466618474e-02
2.097000000000000000e+03 4.334642832316967542e+04 -1.105392550146711006e-02
2.098000000000000000e+03 4.336709900906532130e+04 -9.195429236096397396e-03
2.099000000000000000e+03 4.338776969496096717e+04 -7.563766475669809509e-03
2.100000000000000000e+03 4.340844038085661305e+04 -6.511900685281901691e-03
2.101000000000000000e+03 4.342911106675225892e+04 -6.261783595409686765e-03
2.102000000000000000e+03 4.344978175264790480e+04 -6.859259119356419208e-03
2.103000000000000000e+03 4.347045243854355067e+04 -8.167619099721024067e-03
2.104000000000000000e+03 4.349112312443919654e+04 -9.900502616030648628e-03
2.105000000000000000e+03 4.351179381033484242e+04 -1.168641868342412682e-02
2.106000000000000000e+03 4.353246449623048829e+04 -1.315049251959465870e-02
2.107000000000000000e+03 4.355313518212613417e+04 -1.399549077917938700e-02
2.108000000000000000e+03 4.357380586802178004e+04 -1.406455738420264896e-02
2.109000000000000000e+03 4.359447655391742592e+04 -1.337231683356632402e-02
2.110000000000000000e+03 4.361514723981307179e+04 -1.209811487261236440e-02
2.111000000000000000e+03 4.363581792570871767e+04 -1.054354978347293859e-02
2.112000000000000000e+03 4.365648861160436354e+04 -9.064223616762678848e-03
2.113000000000000000e+03 4.367715929750000942e+04 -7.991099722118810700e-03
2.114000000000000000e+03 4.369782998339565529e+04 -7.558825984747608029e-03
2.115000000000000000e+03 4.371850066929130116e+04 -7.856519212061874313e-03
2.116000000000000000e+03 4.373917135518694704e+04 -8.811321059115084786e-03
2.117000000000000000e+03 4.375984204108259291e+04 -1.020773672772534724e-02
2.118000000000000000e+03 4.378051272697823879e+04 -1.173794029178487630e-02
2.119000000000000000e+03 4.380118341287388466e+04 -1.307152440014791583e-02
2.120000000000000000e+03 4.382185409876953054e+04 -1.392901700113890855e-02
2.121000000000000000e+03 4.384252478466517641e+04 -1.414281080904910941e-02
2.122000000000000000e+03 4.386319547056082229e+04 -1.369212934402330717e-02
2.123000000000000000e+03 4.388386615645646816e+04 -1.270461935049399527e-02
2.124000000000000000e+03 4.390453684235211404e+04 -1.142474271863797020e-02
2.125000000000000000e+03 4.392520752824775991e+04 -1.015659982598710043e-02
2.126000000000000000e+03 4.394587821414340578e+04 -9.194450449602931119e-03
2.127000000000000000e+03 4.396654890003905166e+04 -8.756747870473147177e-03
2.128000000000000000e+03 4.398721958593469753e+04 -8.938443429385267702e-03
2.129000000000000000e+03 4.400789027183034341e+04 -9.691973227209660369e-03
2.130000000000000000e+03 4.402856095772598928e+04 -1.084074948048979747e-02
2.131000000000000000e+03 4.404923164362163516e+04 -1.212163452557907251e-02
2.132000000000000000e+03 4.406990232951728103e+04 -1.324638828152285841e-02
2.133000000000000000e+03 4.409057301541292691e+04 -1.396788109263963525e-02
2.134000000000000000e+03 4.411124370130857278e+04 -1.413590930011293482e-02
2.135000000000000000e+03 4.413191438720421866e+04 -1.372997653962199083e-02
2.136000000000000000e+03 4.415258507309986453e+04 -1.286182726484935701e-02
2.137000000000000000e+03 4.417325575899551040e+04 -1.174756227342094173e-02
2.138000000000000000e+03 4.419392644489115628e+04 -1.065617005227942338e-02
2.139000000000000000e+03 4.421459713078680215e+04 -9.846639409440693935e-03
2.140000000000000000e+03 4.423526781668244803e+04 -9.508264400083621393e-03
2.141000000000000000e+03 4.425593850257809390e+04 -9.717803915869072107e-03
2.142000000000000000e+03 4.427660918847373978e+04 -1.042311078450808282e-02
2.143000000000000000e+03 4.429727987436938565e+04 -1.145668315461234599e-02
2.144000000000000000e+03 4.431795056026503153e+04 -1.257572653349459113e-02
2.145000000000000000e+03 4.433862124616067740e+04 -1.351927978949974025e-02
2.146000000000000000e+03 4.435929193205632328e+04 -1.406910167214958651e-02
2.147000000000000000e+03 4.437996261795196915e+04 -1.410021870732725002e-02
2.148000000000000000e+03 4.440063330384761503e+04 -1.360949513879283757e-02
2.149000000000000000e+03 4.442130398974326090e+04 -1.271573161862082912e-02
2.150000000000000000e+03 4.444197467563890677e+04 -1.163142413181461610e-02
2.151000000000000000e+03 4.446264536153455265e+04 -1.061286690275253797e-02
2.152000000000000000e+03 4.448331604743019852e+04 -9.900241985102309350e-03
2.153000000000000000e+03 4.450398673332584440e+04 -9.661574709872389199e-03
2.154000000000000000e+03 4.452465741922149027e+04 -9.953472608880131745e-03
2.155000000000000000e+03 4.454532810511713615e+04 -1.070767411524409241e-02
2.156000000000000000e+03 4.456599879101278202e+04 -1.174652455546509877e-02
2.157000000000000000e+03 4.458666947690842790e+04 -1.282389583022214286e-02
2.158000000000000000e+03 4.460734016280407377e+04 -1.368223181671668343e-02
2.159000000000000000e+03 4.462801084869971965e+04 -1.411264245347765116e-02
2.160000000000000000e+03 4.464868153459536552e+04 -1.400416649338787067e-02
2.161000000000000000e+03 4.466935222049101139e+04 -1.337070540054197294e-02
2.162000000000000000e+03 4.469002290638665727e+04 -1.234919026618552795e-02
2.163000000000000000e+03 4.471069359228230314e+04 -1.116913568383381961e-02
2.164000000000000000e+03 4.473136427817794902e+04 -1.010034439030726983e-02
2.165000000000000000e+03 4.475203496407359489e+04 -9.390623210048909542e-03
2.166000000000000000e+03 4.477270564996924077e+04 -9.207770697302941620e-03
2.167000000000000000e+03 4.479337633586488664e+04 -9.599247366176788532e-03
2.168000000000000000e+03 4.481404702176053252e+04 -1.047903807085814876e-02
2.169000000000000000e+03 4.483471770765617839e+04 -1.164513437615621871e-02
2.170000000000000000e+03 4.485538839355182427e+04 -1.282413322488118457e-02
2.171000000000000000e+03 4.487605907944747014e+04 -1.373318656658029102e-02
2.172000000000000000e+03 4.489672976534311601e+04 -1.414536366255642226e-02
2.173000000000000000e+03 4.491740045123876189e+04 -1.394341664206183266e-02
2.174000000000000000e+03 4.493807113713440776e+04 -1.314931012226311369e-02
2.175000000000000000e+03 4.495874182303005364e+04 -1.192222519470770292e-02
2.176000000000000000e+03 4.497941250892569951e+04 -1.052489335531975323e-02
2.177000000000000000e+03 4.500008319482134539e+04 -9.265420920570532903e-03
2.178000000000000000e+03 4.502075388071699126e+04 -8.427523924842306169e-03
2.179000000000000000e+03 4.504142456661263714e+04 -8.204947195207978883e-03
2.180000000000000000e+03 4.506209525250828301e+04 -8.655114384329143373e-03
2.181000000000000000e+03 4.508276593840392889e+04 -9.682911363159629747e-03
2.182000000000000000e+03 4.510343662429957476e+04 -1.105886522975424446e-02
2.183000000000000000e+03 4.512410731019522063e+04 -1.246828640112557229e-02
2.184000000000000000e+03 4.514477799609086651e+04 -1.358086197779356796e-02
2.185000000000000000e+03 4.516544868198651238e+04 -1.412531744769490727e-02
2.186000000000000000e+03 4.518611936788215826e+04 -1.395227871389331797e-02
2.187000000000000000e+03 4.520679005377780413e+04 -1.307081346011290668e-02
2.188000000000000000e+03 4.522746073967345001e+04 -1.164985950041602658e-02
2.189000000000000000e+03 4.524813142556909588e+04 -9.983591370906708118e-03
2.190000000000000000e+03 4.526880211146474176e+04 -8.427949389842370742e-03
2.191000000000000000e+03 4.528947279736038763e+04 -7.322172213173661938e-03
2.192000000000000000e+03 4.531014348325603351e+04 -6.912701166174817224e-03
2.193000000000000000e+03 4.533081416915167938e+04 -7.296462816738792136e-03
2.194000000000000000e+03 4.535148485504732525e+04 -8.396399404425936019e-03
2.195000000000000000e+03 4.537215554094297113e+04 -9.975144822964576719e-03
2.196000000000000000e+03 4.539282622683861700e+04 -1.168443288288156801e-02
2.197000000000000000e+03 4.541349691273426288e+04 -1.313992141609543474e-02
2.198000000000000000e+03 4.543416759862990875e+04 -1.400532539609022908e-02
2.199000000000000000e+03 4.545483828452555463e+04 -1.406740972929376721e-02
2.200000000000000000e+03 4.547550897042120050e+04 -1.328511878704419225e-02
2.201000000000000000e+03 4.549617965631684638e+04 -1.180160871823043855e-02
2.202000000000000000e+03 4.551685034221249225e+04 -9.916013097927334208e-03
2.203000000000000000e+03 4.553752102810813813e+04 -8.020628424722786587e-03
2.204000000000000000e+03 4.555819171400378400e+04 -6.516877314367619523e-03
2.205000000000000000e+03 4.557886239989942987e+04 -5.728169644304614838e-03
2.206000000000000000e+03 4.559953308579507575e+04 -5.828577468493134628e-03
2.207000000000000000e+03 4.562020377169072162e+04 -6.802933409581879420e-03
2.208000000000000000e+03 4.564087445758636750e+04 -8.447321632470250474e-03
2.209000000000000000e+03 4.566154514348201337e+04 -1.041036755373964118e-02
2.210000000000000000e+03 4.568221582937765925e+04 -1.226698836399109371e-02
2.211000000000000000e+03 4.570288651527330512e+04 -1.360913937867713752e-02
2.212000000000000000e+03 4.572355720116895100e+04 -1.413414657832223927e-02
2.213000000000000000e+03 4.574422788706459687e+04 -1.371142533322977641e-02
2.214000000000000000e+03 4.576489857296024275e+04 -1.241281619508716183e-02
2.215000000000000000e+03 4.578556925885588862e+04 -1.049951193304865527e-02
2.216000000000000000e+03 4.580623994475153449e+04 -8.367933793137938281e-03
2.217000000000000000e+03 4.582691063064718037e+04 -6.465883960256491036e-03
2.218000000000000000e+03 4.584758131654282624e+04 -5.196858354597599927e-03
2.219000000000000000e+03 4.586825200243847212e+04 -4.833072700752616413e-03
2.220000000000000000e+03 4.588892268833411799e+04 -5.455960957320371563e-03
2.221000000000000000e+03 4.590959337422976387e+04 -6.937099234454291441e-03
2.222000000000000000e+03 4.593026406012540974e+04 -8.963968628411866923e-03
2.223000000000000000e+03 4.595093474602105562e+04 -1.110545173947752318e-02
2.224000000000000000e+03 4.597160543191670149e+04 -1.290338251567818562e-02
2.225000000000000000e+03 4.599227611781234737e+04 -1.397065778253076158e-02
2.226000000000000000e+03 4.601294680370799324e+04 -1.407473671139919565e-02
2.227000000000000000e+03 4.603361748960363911e+04 -1.318831068664166883e-02
2.228000000000000000e+03 4.605428817549928499e+04 -1.149595084347704299e-02
2.229000000000000000e+03 4.607495886139493086e+04 -9.355099977345793238e-03
2.230000000000000000e+03 4.609562954729057674e+04 -7.219748585113539875e-03
2.231000000000000000e+03 4.611630023318622261e+04 -5.543291531659555460e-03
2.232000000000000000e+03 4.613697091908186849e+04 -4.681565211845595265e-03
2.233000000000000000e+03 4.615764160497751436e+04 -4.816932131772033721e-03
2.234000000000000000e+03 4.617831229087316024e+04 -5.919631495524102505e-03
2.235000000000000000e+03 4.619898297676880611e+04 -7.754568259917382633e-03
2.236000000000000000e+03 4.621965366266445199e+04 -9.932011768244819461e-03
2.237000000000000000e+03 4.624032434856009786e+04 -1.199130112904428502e-02
2.238000000000000000e+03 4.626099503445574373e+04 -1.349953995288061259e-02
2.239000000000000000e+03 4.628166572035138961e+04 -1.414397979652032462e-02
2.240000000000000000e+03 4.630233640624703548e+04 -1.379815687892765874e-02
2.241000000000000000e+03 4.632300709214268136e+04 -1.254761562653250451e-02
2.242000000000000000e+03 4.634367777803832723e+04 -1.066992974969582786e-02
2.243000000000000000e+03 4.636434846393397311e+04 -8.573711156431018665e-03
2.244000000000000000e+03 4.638501914982961898e+04 -6.710152881259424419e-03
2.245000000000000000e+03 4.640568983572526486e+04 -5.476432056649271907e-03
2.246000000000000000e+03 4.642636052162091073e+04 -5.131771203697121919e-03
2.247000000000000000e+03 4.644703120751655661e+04 -5.743909677379366308e-03
2.248000000000000000e+03 4.646770189341220248e+04 -7.176984649137962101e-03
2.249000000000000000e+03 4.648837257930784835e+04 -9.122900583189763601e-03
2.250000000000000000e+03 4.650904326520349423e+04 -1.116904054739353835e-02
2.251000000000000000e+03 4.652971395109914010e+04 -1.288750753193479426e-02
2.252000000000000000e+03 4.655038463699478598e+04 -1.392657781901085468e-02
2.253000000000000000e+03 4.657105532289043185e+04 -1.408471168125391415e-02
2.254000000000000000e+03 4.659172600878607773e+04 -1.335141108103310437e-02
2.255000000000000000e+03 4.661239669468172360e+04 -1.190655770537979441e-02
2.256000000000000000e+03 4.663306738057736948e+04 -1.007894889957755558e-02
2.257000000000000000e+03 4.665373806647301535e+04 -8.273555110209718233e-03
2.258000000000000000e+03 4.667440875236866123e+04 -6.883626178140701303e-03
2.259000000000000000e+03 4.669507943826430710e+04 -6.206763429215167438e-03
2.260000000000000000e+03 4.671575012415995297e+04 -6.382876009921323313e-03
2.261000000000000000e+03 4.673642081005559885e+04 -7.366936038611105776e-03
2.262000000000000000e+03 4.675709149595124472e+04 -8.941819327975053522e-03
2.263000000000000000e+03 4.677776218184689060e+04 -1.076791033744028958e-02
2.264000000000000000e+03 4.679843286774253647e+04 -1.245833026226284002e-02
2.265000000000000000e+03 4.681910355363818235e+04 -1.366323175982320226e-02
2.266000000000000000e+03 4.683977423953382822e+04 -1.414477198267449776e-02
2.267000000000000000e+03 4.686044492542947410e+04 -1.382657128700293114e-02
2.268000000000000000e+03 4.688111561132511997e+04 -1.280722044888071842e-02
2.269000000000000000e+03 4.690178629722076585e+04 -1.133541602478205235e-02
2.270000000000000000e+03 4.692245698311641172e+04 -9.752771078391897497e-03
2.271000000000000000e+03 4.694312766901205759e+04 -8.417370651573774509e-03
2.272000000000000000e+03 4.696379835490770347e+04 -7.625164789169191180e-03
2.273000000000000000e+03 4.698446904080334934e+04 -7.546467146595458274e-03
2.274000000000000000e+03 4.700513972669899522e+04 -8.191204570297871967e-03
2.275000000000000000e+03 4.702581041259464109e+04 -9.410038325434355588e-03
2.276000000000000000e+03 4.704648109849028697e+04 -1.093052343100081591e-02
2.277000000000000000e+03 4.706715178438593284e+04 -1.241979849494861954e-02
2.278000000000000000e+03 4.708782247028157872e+04 -1.355953983811847112e-02
2.279000000000000000e+03 4.710849315617722459e+04 -1.411633616642788032e-02
2.280000000000000000e+03 4.712916384207287047e+04 -1.399184676326575838e-02
2.281000000000000000e+03 4.714983452796851634e+04 -1.324183921272353848e-02
2.282000000000000000e+03 4.717050521386416222e+04 -1.206036543355809565e-02
2.283000000000000000e+03 4.719117589975980809e+04 -1.073325762125815208e-02
2.284000000000000000e+03 4.721184658565545396e+04 -9.571977242219309456e-03
2.285000000000000000e+03 4.723251727155109984e+04 -8.843074561013686274e-03
2.286000000000000000e+03 4.725318795744674571e+04 -8.709200505175485052e-03
2.287000000000000000e+03 4.727385864334239159e+04 -9.194693296047662390e-03
2.288000000000000000e+03 4.729452932923803746e+04 -1.018299878726419694e-02
2.289000000000000000e+03 4.731520001513368334e+04 -1.144592558198803678e-02
2.290000000000000000e+03 4.733587070102932921e+04 -1.269759811871656874e-02
2.291000000000000000e+03 4.735654138692497509e+04 -1.366051195407308461e-02
2.292000000000000000e+03 4.737721207282062096e+04 -1.412852142891479930e-02
2.293000000000000000e+03 4.739788275871626684e+04 -1.401248342942307441e-02
2.294000000000000000e+03 4.741855344461191271e+04 -1.335842983633883652e-02
2.295000000000000000e+03 4.743922413050755858e+04 -1.233456304993441055e-02
2.296000000000000000e+03 4.745989481640320446e+04 -1.119055030403104389e-02
2.297000000000000000e+03 4.748056550229885033e+04 -1.019886306232165030e-02
2.298000000000000000e+03 4.750123618819449621e+04 -9.591840107703974994e-03
2.299000000000000000e+03 4.752190687409014208e+04 -9.508895196811306683e-03
2.300000000000000000e+03 4.754257755998578796e+04 -9.965751497523100966e-03
2.301000000000000000e+03 4.756324824588143383e+04 -1.085241961946592504e-02
2.302000000000000000e+03 4.758391893177707971e+04 -1.196004779018278175e-02
2.303000000000000000e+03 4.760458961767272558e+04 -1.303023047009699287e-02
2.304000000000000000e+03 4.762526030356837146e+04 -1.381530437828659870e-02
2.305000000000000000e+03 4.764593098946401733e+04 -1.413571629123300255e-02
2.306000000000000000e+03 4.766660167535966320e+04 -1.392128012826809869e-02
2.307000000000000000e+03 4.768727236125530908e+04 -1.322689608429628016e-02
2.308000000000000000e+03 4.770794304715095495e+04 -1.221921899551958735e-02
2.309000000000000000e+03 4.772861373304660083e+04 -1.113746678876548213e-02
2.310000000000000000e+03 4.774928441894224670e+04 -1.023750211077978367e-02
2.311000000000000000e+03 4.776995510483789258e+04 -9.732135026765287300e-03
2.312000000000000000e+03 4.779062579073353845e+04 -9.741422024648893618e-03
2.313000000000000000e+03 4.781129647662918433e+04 -1.026441825868662505e-02
2.314000000000000000e+03 4.783196716252483020e+04 -1.117893199074437849e-02
2.315000000000000000e+03 4.785263784842047608e+04 -1.226944432452137246e-02
2.316000000000000000e+03 4.787330853431612195e+04 -1.327690758267174864e-02
2.317000000000000000e+03 4.789397922021176782e+04 -1.395905720085455215e-02
2.318000000000000000e+03 4.791464990610741370e+04 -1.414733429300107925e-02
2.319000000000000000e+03 4.793532059200305957e+04 -1.378715237700689662e-02
2.320000000000000000e+03 4.795599127789870545e+04 -1.295196566203227206e-02
2.321000000000000000e+03 4.797666196379435132e+04 -1.182758819377738302e-02
2.322000000000000000e+03 4.799733264968999720e+04 -1.067009986795586229e-02
2.323000000000000000e+03 4.801800333558564307e+04 -9.746852046009224502e-03
2.324000000000000000e+03 4.803867402148128895e+04 -9.274099336740337929e-03
2.325000000000000000e+03 4.805934470737693482e+04 -9.365689673223764888e-03
2.326000000000000000e+03 4.808001539327258070e+04 -1.000483224774345592e-02
2.327000000000000000e+03 4.810068607916822657e+04 -1.104578556263297040e-02
2.328000000000000000e+03 4.812135676506387244e+04 -1.224552303457610014e-02
2.329000000000000000e+03 4.814202745095951832e+04 -1.331854048647057587e-02
2.330000000000000000e+03 4.816269813685516419e+04 -1.400251511598588246e-02
2.331000000000000000e+03 4.818336882275081007e+04 -1.411979075760333435e-02
2.332000000000000000e+03 4.820403950864645594e+04 -1.362035878272455092e-02
2.333000000000000000e+03 4.822471019454210182e+04 -1.259605041802375203e-02
2.334000000000000000e+03 4.824538088043774769e+04 -1.126217020590308815e-02
2.335000000000000000e+03 4.826605156633339357e+04 -9.910288442918691043e-03
2.336000000000000000e+03 4.828672225222903944e+04 -8.842625511972512786e-03
2.337000000000000000e+03 4.830739293812468532e+04 -8.302823842722573122e-03
2.338000000000000000e+03 4.832806362402033119e+04 -8.418893181534659043e-03
2.339000000000000000e+03 4.834873430991597706e+04 -9.171515329584489784e-03
2.340000000000000000e+03 4.836940499581162294e+04 -1.039530999772808606e-02
2.341000000000000000e+03 4.839007568170726881e+04 -1.181333201716971981e-02
2.342000000000000000e+03 4.841074636760291469e+04 -1.309758119367809837e-02
2.343000000000000000e+03 4.843141705349856056e+04 -1.394230186532130489e-02
2.344000000000000000e+03 4.845208773939420644e+04 -1.413370904879618362e-02
2.345000000000000000e+03 4.847275842528985231e+04 -1.360029280709817816e-02
2.346000000000000000e+03 4.849342911118549819e+04 -1.243198701652048488e-02
2.347000000000000000e+03 4.851409979708114406e+04 -1.086335345797617702e-02
2.348000000000000000e+03 4.853477048297678994e+04 -9.223987622410834142e-03
2.349000000000000000e+03 4.855544116887243581e+04 -7.866769588710686989e-03
2.350000000000000000e+03 4.857611185476808168e+04 -7.089666537257788281e-03
2.351000000000000000e+03 4.859678254066372756e+04 -7.068387542304488402e-03
2.352000000000000000e+03 4.861745322655937343e+04 -7.814958747914768633e-03
2.353000000000000000e+03 4.863812391245501931e+04 -9.171752096760521500e-03
2.354000000000000000e+03 4.865879459835066518e+04 -1.084286545900764454e-02
2.355000000000000000e+03 4.867946528424631106e+04 -1.245661138805487234e-02
2.356000000000000000e+03 4.870013597014195693e+04 -1.364593313340456589e-02
2.357000000000000000e+03 4.872080665603760281e+04 -1.412935904229983830e-02
2.358000000000000000e+03 4.874147734193324868e+04 -1.377464670806538560e-02
2.359000000000000000e+03 4.876214802782889456e+04 -1.263076517630679074e-02
2.360000000000000000e+03 4.878281871372454043e+04 -1.092061683629708124e-02
2.361000000000000000e+03 4.880348939962018630e+04 -8.995452643097368028e-03
2.362000000000000000e+03 4.882416008551583218e+04 -7.260400714971858814e-03
2.363000000000000000e+03 4.884483077141147805e+04 -6.087011587390500633e-03
2.364000000000000000e+03 4.886550145730712393e+04 -5.731751616339264555e-03
2.365000000000000000e+03 4.888617214320276980e+04 -6.278273027045755406e-03
2.366000000000000000e+03 4.890684282909841568e+04 -7.616324883948032663e-03
2.367000000000000000e+03 4.892751351499406155e+04 -9.462426684842095703e-03
2.368000000000000000e+03 4.894818420088970743e+04 -1.141850390555099182e-02
2.369000000000000000e+03 4.896885488678535330e+04 -1.305640241405903179e-02
2.370000000000000000e+03 4.898952557268099918e+04 -1.401032394402779158e-02
2.371000000000000000e+03 4.901019625857664505e+04 -1.405713417703757795e-02
2.372000000000000000e+03 4.903086694447229092e+04 -1.316679352989780227e-02
2.373000000000000000e+03 4.905153763036793680e+04 -1.151144948558668890e-02
2.374000000000000000e+03 4.907220831626358267e+04 -9.430667779300350162e-03
2.375000000000000000e+03 4.909287900215922855e+04 -7.359901319017537503e-03
2.376000000000000000e+03 4.911354968805487442e+04 -5.737445258815809801e-03
2.377000000000000000e+03 4.913422037395052030e+04 -4.909947882371201722e-03
2.378000000000000000e+03 4.915489105984616617e+04 -5.056950445709307296e-03
2.379000000000000000e+03 4.917556174574181205e+04 -6.150873957672109427e-03
2.380000000000000000e+03 4.919623243163745792e+04 -7.961309653801873498e-03
2.381000000000000000e+03 4.921690311753310380e+04 -1.010302515542799151e-02
2.382000000000000000e+03 4.923757380342874967e+04 -1.211770040416110250e-02
2.383000000000000000e+03 4.925824448932439554e+04 -1.357200580847534206e-02
2.384000000000000000e+03 4.927891517522004142e+04 -1.415088362059652161e-02
2.385000000000000000e+03 4.929958586111568729e+04 -1.372574354556960197e-02
2.386000000000000000e+03 4.932025654701133317e+04 -1.238264464984911717e-02
2.387000000000000000e+03 4.934092723290697904e+04 -1.040424000019335438e-02
2.388000000000000000e+03 4.936159791880262492e+04 -8.209360970997670037e-03
2.389000000000000000e+03 4.938226860469827079e+04 -6.263357127487045872e-03
2.390000000000000000e+03 4.940293929059391667e+04 -4.978619881923718182e-03
2.391000000000000000e+03 4.942360997648956254e+04 -4.626715290198202268e-03
2.392000000000000000e+03 4.944428066238520842e+04 -5.280874546408687031e-03
2.393000000000000000e+03 4.946495134828085429e+04 -6.800956352436605436e-03
2.394000000000000000e+03 4.948562203417650016e+04 -8.863909628192501167e-03
2.395000000000000000e+03 4.950629272007214604e+04 -1.103311710599530482e-02
2.396000000000000000e+03 4.952696340596779191e+04 -1.285173711589926437e-02
2.397000000000000000e+03 4.954763409186343779e+04 -1.394001576387271513e-02
2.398000000000000000e+03 4.956830477775908366e+04 -1.407569032232558644e-02
2.399000000000000000e+03 4.958897546365472954e+04 -1.324030384052521381e-02
2.400000000000000000e+03 4.960964614955037541e+04 -1.162169506191668145e-02
2.401000000000000000e+03 4.963031683544602129e+04 -9.572447465290234714e-03
2.402000000000000000e+03 4.965098752134166716e+04 -7.533569033534581738e-03
2.403000000000000000e+03 4.967165820723731304e+04 -5.940056489217748759e-03
2.404000000000000000e+03 4.969232889313295891e+04 -5.128681487936603833e-03
2.405000000000000000e+03 4.971299957902860478e+04 -5.267584750825060613e-03
2.406000000000000000e+03 4.973367026492425066e+04 -6.322364121785384317e-03
2.407000000000000000e+03 4.975434095081989653e+04 -8.065459822138854040e-03
2.408000000000000000e+03 4.977501163671554241e+04 -1.012646134896616479e-02
2.409000000000000000e+03 4.979568232261118828e+04 -1.207233847992272846e-02
2.410000000000000000e+03 4.981635300850683416e+04 -1.350028316740403689e-02
2.411000000000000000e+03 4.983702369440248003e+04 -1.412320353720286810e-02
2.412000000000000000e+03 4.985769438029812591e+04 -1.382957597060219083e-02
2.413000000000000000e+03 4.987836506619377178e+04 -1.270501148930813784e-02
2.414000000000000000e+03 4.989903575208941766e+04 -1.101127652214894947e-02
2.415000000000000000e+03 4.991970643798506353e+04 -9.127760705550214126e-03
2.416000000000000000e+03 4.994037712388070941e+04 -7.468465197961181821e-03
2.417000000000000000e+03 4.996104780977635528e+04 -6.392723185195570146e-03
2.418000000000000000e+03 4.998171849567200115e+04 -6.128961948519084935e-03
2.419000000000000000e+03 5.000238918156764703e+04 -6.727715282906387116e-03
2.420000000000000000e+03 5.002305986746329290e+04 -8.053580711488761423e-03
2.421000000000000000e+03 5.004373055335893878e+04 -9.817351702001930747e-03
2.422000000000000000e+03 5.006440123925458465e+04 -1.164092221742096811e-02
2.423000000000000000e+03 5.008507192515023053e+04 -1.314054340453213454e-02
2.424000000000000000e+03 5.010574261104587640e+04 -1.401011246994071473e-02
2.425000000000000000e+03 5.012641329694152228e+04 -1.408629374926656519e-02
2.426000000000000000e+03 5.014708398283716815e+04 -1.338143175008416237e-02
2.427000000000000000e+03 5.016775466873281403e+04 -1.207748438190331397e-02
2.428000000000000000e+03 5.018842535462845990e+04 -1.048291747371493665e-02
2.429000000000000000e+03 5.020909604052410577e+04 -8.962673677015697837e-03
2.430000000000000000e+03 5.022976672641975165e+04 -7.857118906509252820e-03
2.431000000000000000e+03 5.025043741231539752e+04 -7.408008219554840235e-03
2.432000000000000000e+03 5.027110809821104340e+04 -7.707604290630054589e-03
2.433000000000000000e+03 5.029177878410668927e+04 -8.681669409378478530e-03
2.434000000000000000e+03 5.031244947000233515e+04 -1.010942388063057473e-02
2.435000000000000000e+03 5.033312015589798102e+04 -1.167540657540183657e-02
2.436000000000000000e+03 5.035379084179362690e+04 -1.304122919147160387e-02
2.437000000000000000e+03 5.037446152768927277e+04 -1.392097769908345883e-02
2.438000000000000000e+03 5.039513221358491865e+04 -1.414342725352629726e-02
2.439000000000000000e+03 5.041580289948056452e+04 -1.368743990263326937e-02
2.440000000000000000e+03 5.043647358537621039e+04 -1.268315764416971803e-02
2.441000000000000000e+03 5.045714427127185627e+04 -1.137941919779594802e-02
2.442000000000000000e+03 5.047781495716750214e+04 -1.008540267264723678e-02
2.443000000000000000e+03 5.049848564306314802e+04 -9.100105960660020976e-03
2.444000000000000000e+03 5.051915632895879389e+04 -8.645693369717988297e-03
2.445000000000000000e+03 5.053982701485443977e+04 -8.819504219411911095e-03
2.446000000000000000e+03 5.056049770075008564e+04 -9.575029674202317764e-03
2.447000000000000000e+03 5.058116838664573152e+04 -1.073551179088383378e-02
2.448000000000000000e+03 5.060183907254137739e+04 -1.203650457376981286e-02
2.449000000000000000e+03 5.062250975843702327e+04 -1.318734805361909679e-02
2.450000000000000000e+03 5.064318044433266914e+04 -1.393742224815741788e-02
2.451000000000000000e+03 5.066385113022831501e+04 -1.413216586498766691e-02
2.452000000000000000e+03 5.068452181612396089e+04 -1.374635843670391107e-02
2.453000000000000000e+03 5.070519250201960676e+04 -1.288748520741189729e-02
2.454000000000000000e+03 5.072586318791525264e+04 -1.176888908919204724e-02
2.455000000000000000e+03 5.074653387381089851e+04 -1.065927066690530722e-02
2.456000000000000000e+03 5.076720455970654439e+04 -9.820361997264825948e-03
2.457000000000000000e+03 5.078787524560219026e+04 -9.447100985108536353e-03
2.458000000000000000e+03 5.080854593149783614e+04 -9.623857363811216814e-03
2.459000000000000000e+03 5.082921661739348201e+04 -1.030645394281937133e-02
2.460000000000000000e+03 5.084988730328912789e+04 -1.133379593753180981e-02
2.461000000000000000e+03 5.087055798918477376e+04 -1.246620173775336848e-02
2.462000000000000000e+03 5.089122867508041963e+04 -1.344149628446600353e-02
2.463000000000000000e+03 5.091189936097606551e+04 -1.403591614334320781e-02
2.464000000000000000e+03 5.093257004687171138e+04 -1.411580025768033320e-02
2.465000000000000000e+03 5.095324073276735726e+04 -1.366817653303487035e-02
2.466000000000000000e+03 5.097391141866300313e+04 -1.280323459411714104e-02
2.467000000000000000e+03 5.099458210455864901e+04 -1.172818039793765976e-02
2.468000000000000000e+03 5.101525279045429488e+04 -1.069859010667550958e-02
2.469000000000000000e+03 5.103592347634994076e+04 -9.958578048912980485e-03
2.470000000000000000e+03 5.105659416224558663e+04 -9.683661935672049914e-03
2.471000000000000000e+03 5.107726484814123251e+04 -9.939568280622368412e-03
2.472000000000000000e+03 5.109793553403687838e+04 -1.066654512806214372e-02
2.473000000000000000e+03 5.111860621993252425e+04 -1.169289320910732455e-02
2.474000000000000000e+03 5.113927690582817013e+04 -1.277470999726454393e-02
2.475000000000000000e+03 5.115994759172381600e+04 -1.365276482156035746e-02
2.476000000000000000e+03 5.118061827761946188e+04 -1.411337194575795588e-02
2.477000000000000000e+03 5.120128896351510775e+04 -1.403907280228283705e-02
2.478000000000000000e+03 5.122195964941075363e+04 -1.343718325667403631e-02
2.479000000000000000e+03 5.124263033530639950e+04 -1.243933274958858304e-02
2.480000000000000000e+03 5.126330102120204538e+04 -1.127185581721074081e-02
2.481000000000000000e+03 5.128397170709769125e+04 -1.020371450336604591e-02
2.482000000000000000e+03 5.130464239299333713e+04 -9.483921515703264138e-03
2.483000000000000000e+03 5.132531307888898300e+04 -9.282949994298184127e-03
2.484000000000000000e+03 5.134598376478462887e+04 -9.651776799957823005e-03
2.485000000000000000e+03 5.136665445068027475e+04 -1.050822591990957511e-02
2.486000000000000000e+03 5.138732513657592062e+04 -1.165407632062548382e-02
2.487000000000000000e+03 5.140799582247156650e+04 -1.281936336340133709e-02
2.488000000000000000e+03 5.142866650836721237e+04 -1.372400086724950667e-02
2.489000000000000000e+03 5.144933719426285825e+04 -1.414271840629205239e-02
2.490000000000000000e+03 5.147000788015850412e+04 -1.395834002909540628e-02
2.491000000000000000e+03 5.149067856605415000e+04 -1.319091657218673941e-02
2.492000000000000000e+03 5.151134925194979587e+04 -1.199564057703716990e-02
2.493000000000000000e+03 5.153201993784544175e+04 -1.062959033421018162e-02
2.494000000000000000e+03 5.155269062374108762e+04 -9.394523566934487313e-03
2.495000000000000000e+03 5.157336130963673349e+04 -8.568505279582416811e-03
2.496000000000000000e+03 5.159403199553237937e+04 -8.341819996503185841e-03
2.497000000000000000e+03 5.161470268142802524e+04 -8.771786475446630149e-03
2.498000000000000000e+03 5.163537336732367112e+04 -9.766975048823178795e-03
2.499000000000000000e+03 5.165604405321931699e+04 -1.110485179797737754e-02
2.500000000000000000e+03 5.167671473911496287e+04 -1.247944312323867599e-02
2.501000000000000000e+03 5.169738542501060874e+04 -1.356882605863663112e-02
2.502000000000000000e+03 5.171805611090625462e+04 -1.410760481223138733e-02
2.503000000000000000e+03 5.173872679680190049e+04 -1.394812679509482845e-02
2.504000000000000000e+03 5.175939748269754637e+04 -1.309642502844887701e-02
2.505000000000000000e+03 5.178006816859319224e+04 -1.171431853270965551e-02
2.506000000000000000e+03 5.180073885448883811e+04 -1.008657473997204290e-02
2.507000000000000000e+03 5.182140954038448399e+04 -8.559871533869889415e-03
2.508000000000000000e+03 5.184208022628012986e+04 -7.466718384557868848e-03
2.509000000000000000e+03 5.186275091217577574e+04 -7.051037474725075672e-03
2.510000000000000000e+03 5.188342159807142161e+04 -7.411959838170500102e-03
2.511000000000000000e+03 5.190409228396706749e+04 -8.478598975383722092e-03
2.512000000000000000e+03 5.192476296986271336e+04 -1.002195687792051260e-02
2.513000000000000000e+03 5.194543365575835924e+04 -1.170208464894872957e-02
2.514000000000000000e+03 5.196610434165400511e+04 -1.314083124612730469e-02
2.515000000000000000e+03 5.198677502754965099e+04 -1.400464209265173121e-02
2.516000000000000000e+03 5.200744571344529686e+04 -1.407927430739153163e-02
2.517000000000000000e+03 5.202811639934094273e+04 -1.331967994696992008e-02
2.518000000000000000e+03 5.204878708523658861e+04 -1.186348233458067725e-02
2.519000000000000000e+03 5.206945777113223448e+04 -1.000435319234316278e-02
2.520000000000000000e+03 5.209012845702788036e+04 -8.130461795378796097e-03
2.521000000000000000e+03 5.211079914292352623e+04 -6.641020442959333359e-03
2.522000000000000000e+03 5.213146982881917211e+04 -5.858991553190251445e-03
2.523000000000000000e+03 5.215214051471481798e+04 -5.959085963830546007e-03
2.524000000000000000e+03 5.217281120061046386e+04 -6.927040200550793614e-03
2.525000000000000000e+03 5.219348188650610973e+04 -8.559529863158887864e-03
2.526000000000000000e+03 5.221415257240175561e+04 -1.050537523412703456e-02
2.527000000000000000e+03 5.223482325829740148e+04 -1.233971959179874789e-02
2.528000000000000000e+03 5.225549394419304735e+04 -1.365549381317693496e-02
2.529000000000000000e+03 5.227616463008869323e+04 -1.415237954245623930e-02
2.530000000000000000e+03 5.229683531598433910e+04 -1.370368683360440043e-02
2.531000000000000000e+03 5.231750600187998498e+04 -1.238615198800668837e-02
2.532000000000000000e+03 5.233817668777563085e+04 -1.046567685804317138e-02
2.533000000000000000e+03 5.235884737367127673e+04 -8.341697679000059651e-03
2.534000000000000000e+03 5.237951805956692260e+04 -6.462020031049564572e-03
2.535000000000000000e+03 5.240018874546256848e+04 -5.226511985455539744e-03
2.536000000000000000e+03 5.242085943135821435e+04 -4.900526015632844512e-03
2.537000000000000000e+03 5.244153011725386023e+04 -5.556812186225057459e-03
2.538000000000000000e+03 5.246220080314950610e+04 -7.058546924808229740e-03
2.539000000000000000e+03 5.248287148904515198e+04 -9.087317785427151406e-03
2.540000000000000000e+03 5.250354217494079785e+04 -1.121030711409831682e-02
2.541000000000000000e+03 5.252421286083644372e+04 -1.297246234304250123e-02
2.542000000000000000e+03 5.254488354673208960e+04 -1.399392598635951397e-02
2.543000000000000000e+03 5.256555423262773547e+04 -1.405170672575228874e-02
2.544000000000000000e+03 5.258622491852338135e+04 -1.312788736423720071e-02
2.545000000000000000e+03 5.260689560441902722e+04 -1.141389166162076751e-02
2.546000000000000000e+03 5.262756629031467310e+04 -9.269863628036834058e-03
2.547000000000000000e+03 5.264823697621031897e+04 -7.147937433234552440e-03
2.548000000000000000e+03 5.266890766210596485e+04 -5.495950249541803334e-03
2.549000000000000000e+03 5.268957834800161072e+04 -4.662268949412184948e-03
2.550000000000000000e+03 5.271024903389725660e+04 -4.822008818713141576e-03
2.551000000000000000e+03 5.273091971979290247e+04 -5.940214555053169310e-03
2.552000000000000000e+03 5.275159040568854834e+04 -7.779670969327690845e-03
2.553000000000000000e+03 5.277226109158419422e+04 -9.951596680037921860e-03
2.554000000000000000e+03 5.279293177747984009e+04 -1.199843750854839852e-02
2.555000000000000000e+03 5.281360246337548597e+04 -1.349114497537740043e-02
2.556000000000000000e+03 5.283427314927113184e+04 -1.412018006339299525e-02
2.557000000000000000e+03 5.285494383516677772e+04 -1.376079191787871192e-02
2.558000000000000000e+03 5.287561452106242359e+04 -1.249866017939127438e-02
2.559000000000000000e+03 5.289628520695806947e+04 -1.061055026687479641e-02
2.560000000000000000e+03 5.291695589285371534e+04 -8.504330446511165764e-03
2.561000000000000000e+03 5.293762657874936122e+04 -6.631419146667483222e-03
2.562000000000000000e+03 5.295829726464500709e+04 -5.390566555357245715e-03
2.563000000000000000e+03 5.297896795054065296e+04 -5.043566473417360196e-03
2.564000000000000000e+03 5.299963863643629884e+04 -5.660743616830998803e-03
2.565000000000000000e+03 5.302030932233194471e+04 -7.107571390904565689e-03
2.566000000000000000e+03 5.304098000822759059e+04 -9.074992296236317202e-03
2.567000000000000000e+03 5.306165069412323646e+04 -1.114675166352174784e-02
2.568000000000000000e+03 5.308232138001888234e+04 -1.288918547366690870e-02
2.569000000000000000e+03 5.310299206591452821e+04 -1.394408268796265386e-02
2.570000000000000000e+03 5.312366275181017409e+04 -1.410458555145482906e-02
2.571000000000000000e+03 5.314433343770581996e+04 -1.335782572542837388e-02
2.572000000000000000e+03 5.316500412360146584e+04 -1.188532266141667515e-02
2.573000000000000000e+03 5.318567480949711171e+04 -1.002145171767476750e-02
2.574000000000000000e+03 5.320634549539275758e+04 -8.179443832794563995e-03
2.575000000000000000e+03 5.322701618128840346e+04 -6.761364315895469247e-03
2.576000000000000000e+03 5.324768686718404933e+04 -6.071792797986197421e-03
2.577000000000000000e+03 5.326835755307969521e+04 -6.253821607283382988e-03
2.578000000000000000e+03 5.328902823897534108e+04 -7.260863887990132159e-03
2.579000000000000000e+03 5.330969892487098696e+04 -8.869841922181820326e-03
2.580000000000000000e+03 5.333036961076663283e+04 -1.073234401082273637e-02
2.581000000000000000e+03 5.335104029666227871e+04 -1.245217081379651480e-02
2.582000000000000000e+03 5.337171098255792458e+04 -1.367205637747864917e-02
2.583000000000000000e+03 5.339238166845357046e+04 -1.415049404684137757e-02
2.584000000000000000e+03 5.341305235434921633e+04 -1.381197791374760668e-02
2.585000000000000000e+03 5.343372304024486220e+04 -1.276005873526747658e-02
2.586000000000000000e+03 5.345439372614050808e+04 -1.125099868769147138e-02
2.587000000000000000e+03 5.347506441203615395e+04 -9.634559594767666546e-03
2.588000000000000000e+03 5.349573509793179983e+04 -8.275592393041653061e-03
2.589000000000000000e+03 5.351640578382744570e+04 -7.474037116683152938e-03
2.590000000000000000e+03 5.353707646972309158e+04 -7.400889217515471685e-03
2.591000000000000000e+03 5.355774715561873745e+04 -8.063780414559129639e-03
2.592000000000000000e+03 5.357841784151438333e+04 -9.309053586094795385e-03
2.593000000000000000e+03 5.359908852741002920e+04 -1.085912426853341550e-02
2.594000000000000000e+03 5.361975921330567508e+04 -1.237625164610922646e-02
2.595000000000000000e+03 5.364042989920132095e+04 -1.353820556796803132e-02
2.596000000000000000e+03 5.366110058509696682e+04 -1.410892340083857999e-02
2.597000000000000000e+03 5.368177127099261270e+04 -1.398863029761598931e-02
2.598000000000000000e+03 5.370244195688825857e+04 -1.323272339556758048e-02
2.599000000000000000e+03 5.372311264278390445e+04 -1.203586523495081551e-02
2.600000000000000000e+03 5.374378332867955032e+04 -1.068554196872817386e-02
2.601000000000000000e+03 5.376445401457519620e+04 -9.496045975081968127e-03
2.602000000000000000e+03 5.378512470047084207e+04 -8.737958041936944031e-03
2.603000000000000000e+03 5.380579538636648795e+04 -8.578872896759792699e-03
2.604000000000000000e+03 5.382646607226213382e+04 -9.048282721849709720e-03
2.605000000000000000e+03 5.384713675815777970e+04 -1.003393499284083168e-02
2.606000000000000000e+03 5.386780744405342557e+04 -1.130990195583136959e-02
2.607000000000000000e+03 5.388847812994907144e+04 -1.258958333676762908e-02
2.608000000000000000e+03 5.390914881584471732e+04 -1.359141371812244703e-02
2.609000000000000000e+03 5.392981950174036319e+04 -1.410234548183875170e-02
2.610000000000000000e+03 5.395049018763600907e+04 -1.402483599129999980e-02
2.611000000000000000e+03 5.397116087353165494e+04 -1.339694256636114744e-02
2.612000000000000000e+03 5.399183155942730082e+04 -1.238133211092440344e-02
2.613000000000000000e+03 5.401250224532294669e+04 -1.122611304879761462e-02
2.614000000000000000e+03 5.403317293121859257e+04 -1.020676413230303670e-02
2.615000000000000000e+03 5.405384361711423844e+04 -9.562618387734200809e-03
2.616000000000000000e+03 5.407451430300988432e+04 -9.442432766241681819e-03
2.617000000000000000e+03 5.409518498890553019e+04 -9.871341062088201390e-03
2.618000000000000000e+03 5.411585567480117606e+04 -1.074651044051100346e-02
2.619000000000000000e+03 5.413652636069682194e+04 -1.186224975447330854e-02
2.620000000000000000e+03 5.415719704659246781e+04 -1.295861551605531625e-02
2.621000000000000000e+03 5.417786773248811369e+04 -1.378221327282564031e-02
2.622000000000000000e+03 5.419853841838375956e+04 -1.414511022759040726e-02
2.623000000000000000e+03 5.421920910427940544e+04 -1.396822556142046472e-02
2.624000000000000000e+03 5.423987979017505131e+04 -1.329917857112566937e-02
2.625000000000000000e+03 5.426055047607069719e+04 -1.230052820229637911e-02
2.626000000000000000e+03 5.428122116196634306e+04 -1.121123948465602149e-02
2.627000000000000000e+03 5.430189184786198894e+04 -1.029043911232990771e-02
2.628000000000000000e+03 5.432256253375763481e+04 -9.756612031478095748e-03
2.629000000000000000e+03 5.434323321965328068e+04 -9.736399718090649191e-03
2.630000000000000000e+03 5.436390390554892656e+04 -1.023488687102530603e-02
2.631000000000000000e+03 5.438457459144457243e+04 -1.113426873403516870e-02
2.632000000000000000e+03 5.440524527734021831e+04 -1.222123498007515741e-02
2.633000000000000000e+03 5.442591596323586418e+04 -1.323676859073269485e-02
2.634000000000000000e+03 5.444658664913151006e+04 -1.393683762764691414e-02
2.635000000000000000e+03 5.446725733502715593e+04 -1.414986424975833885e-02
2.636000000000000000e+03 5.448792802092280181e+04 -1.381752782924589029e-02
2.637000000000000000e+03 5.450859870681844768e+04 -1.300928026033171259e-02
2.638000000000000000e+03 5.452926939271409356e+04 -1.190704721623553342e-02
2.639000000000000000e+03 5.454994007860973943e+04 -1.076353201280544347e-02
2.640000000000000000e+03 5.457061076450538530e+04 -9.843696177921579249e-03
2.641000000000000000e+03 5.459128145040103118e+04 -9.362920827260645673e-03
2.642000000000000000e+03 5.461195213629667705e+04 -9.436153566891314348e-03
2.643000000000000000e+03 5.463262282219232293e+04 -1.004986233523863515e-02
2.644000000000000000e+03 5.465329350808796880e+04 -1.106344740035203333e-02
2.645000000000000000e+03 5.467396419398361468e+04 -1.224007775717506075e-02
2.646000000000000000e+03 5.469463487987926055e+04 -1.330019666271853480e-02
2.647000000000000000e+03 5.471530556577490643e+04 -1.398567608633316355e-02
2.648000000000000000e+03 5.473597625167055230e+04 -1.412000170564631403e-02
2.649000000000000000e+03 5.475664693756619818e+04 -1.365058406596431073e-02
2.650000000000000000e+03 5.477731762346184405e+04 -1.266321116294333304e-02
2.651000000000000000e+03 5.479798830935748992e+04 -1.136492184993309618e-02
2.652000000000000000e+03 5.481865899525313580e+04 -1.003876800033159933e-02
2.653000000000000000e+03 5.483932968114878167e+04 -8.980398902169783870e-03
2.654000000000000000e+03 5.486000036704442755e+04 -8.430654311034124770e-03
2.655000000000000000e+03 5.488067105294007342e+04 -8.519416534493340354e-03
2.656000000000000000e+03 5.490134173883571930e+04 -9.233612437399008055e-03
2.657000000000000000e+03 5.492201242473136517e+04 -1.041700710029558330e-02
2.658000000000000000e+03 5.494268311062701105e+04 -1.180243255890867093e-02
2.659000000000000000e+03 5.496335379652265692e+04 -1.306984047356429812e-02
2.660000000000000000e+03 5.498402448241830280e+04 -1.391762708160160233e-02
2.661000000000000000e+03 5.500469516831394867e+04 -1.413140532792989297e-02
2.662000000000000000e+03 5.502536585420959454e+04 -1.363461739254179239e-02
2.663000000000000000e+03 5.504603654010524042e+04 -1.250914618966081360e-02
2.664000000000000000e+03 5.506670722600088629e+04 -1.098062558081824847e-02
2.665000000000000000e+03 5.508737791189653217e+04 -9.371030092545362677e-03
2.666000000000000000e+03 5.510804859779217804e+04 -8.028567836066091701e-03
2.667000000000000000e+03 5.512871928368782392e+04 -7.250191468338051080e-03
2.668000000000000000e+03 5.514938996958346979e+04 -7.213947086988414803e-03
2.669000000000000000e+03 5.517006065547911567e+04 -7.936454417137861483e-03
2.670000000000000000e+03 5.519073134137476154e+04 -9.265481171417788708e-03
2.671000000000000000e+03 5.521140202727040742e+04 -1.090998768978773681e-02
2.672000000000000000e+03 5.523207271316605329e+04 -1.250176869164992821e-02
2.673000000000000000e+03 5.525274339906169917e+04 -1.367566100656586285e-02
2.674000000000000000e+03 5.527341408495734504e+04 -1.415082862014421794e-02
2.675000000000000000e+03 5.529408477085299091e+04 -1.379498697785214167e-02
2.676000000000000000e+03 5.531475545674863679e+04 -1.265686700683116284e-02
2.677000000000000000e+03 5.533542614264428266e+04 -1.095906556851594660e-02
2.678000000000000000e+03 5.535609682853992854e+04 -9.052182996178437246e-03
2.679000000000000000e+03 5.537676751443557441e+04 -7.339837105981794618e-03
2.680000000000000000e+03 5.539743820033122029e+04 -6.190772745043537917e-03
2.681000000000000000e+03 5.541810888622686616e+04 -5.857322162300393487e-03
2.682000000000000000e+03 5.543877957212251204e+04 -6.418233364377634587e-03
2.683000000000000000e+03 5.545945025801815791e+04 -7.758691215361102067e-03
2.684000000000000000e+03 5.548012094391380379e+04 -9.592374182167295871e-03
2.685000000000000000e+03 5.550079162980944966e+04 -1.152130320621586046e-02
2.686000000000000000e+03 5.552146231570509553e+04 -1.312093480302806148e-02
2.687000000000000000e+03 5.554213300160074141e+04 -1.403222176037993707e-02
2.688000000000000000e+03 5.556280368749638728e+04 -1.404055683239679823e-02
2.689000000000000000e+03 5.558347437339203316e+04 -1.312414533509187464e-02
2.690000000000000000e+03 5.560414505928767903e+04 -1.146090592924176033e-02
2.691000000000000000e+03 5.562481574518332491e+04 -9.392032666055150081e-03
2.692000000000000000e+03 5.564548643107897078e+04 -7.349852693359305335e-03
2.693000000000000000e+03 5.566615711697461666e+04 -5.765458645691334816e-03
2.694000000000000000e+03 5.568682780287026253e+04 -4.976026313138037782e-03
2.695000000000000000e+03 5.570749848876590841e+04 -5.151788218783204254e-03
2.696000000000000000e+03 5.572816917466155428e+04 -6.258391598350676599e-03
2.697000000000000000e+03 5.574883986055720015e+04 -8.062829795417336687e-03
2.698000000000000000e+03 5.576951054645284603e+04 -1.018190909655986021e-02
2.699000000000000000e+03 5.579018123234849190e+04 -1.216316476344736497e-02
2.700000000000000000e+03 5.581085191824413778e+04 -1.358112003341449721e-02
2.701000000000000000e+03 5.583152260413978365e+04 -1.412832741626202267e-02
2.702000000000000000e+03 5.585219329003542953e+04 -1.368159338628482935e-02
2.703000000000000000e+03 5.587286397593107540e+04 -1.232903287581904594e-02
2.704000000000000000e+03 5.589353466182672128e+04 -1.035200119750984138e-02
2.705000000000000000e+03 5.591420534772236715e+04 -8.165670990621876069e-03
2.706000000000000000e+03 5.593487603361801303e+04 -6.230938952327125246e-03
2.707000000000000000e+03 5.595554671951365890e+04 -4.956505933136512443e-03
2.708000000000000000e+03 5.597621740540930477e+04 -4.612029048949251031e-03
2.709000000000000000e+03 5.599688809130495065e+04 -5.270801619278231431e-03
2.710000000000000000e+03 5.601755877720059652e+04 -6.794099321713875650e-03
2.711000000000000000e+03 5.603822946309624240e+04 -8.860533887312893597e-03
2.712000000000000000e+03 5.605890014899188827e+04 -1.103427486494357179e-02
2.713000000000000000e+03 5.607957083488753415e+04 -1.285772967796139366e-02
2.714000000000000000e+03 5.610024152078318002e+04 -1.394894644908906134e-02
2.715000000000000000e+03 5.612091220667882590e+04 -1.408285741546700005e-02
2.716000000000000000e+03 5.614158289257447177e+04 -1.323887533727496901e-02
2.717000000000000000e+03 5.616225357847011765e+04 -1.160460194155044089e-02
2.718000000000000000e+03 5.618292426436576352e+04 -9.534917966832257008e-03
2.719000000000000000e+03 5.620359495026140939e+04 -7.475401497180844679e-03
2.720000000000000000e+03 5.622426563615705527e+04 -5.866724239069642799e-03
2.721000000000000000e+03 5.624493632205270114e+04 -5.050693300065134395e-03
2.722000000000000000e+03 5.626560700794834702e+04 -5.198081019212819065e-03
2.723000000000000000e+03 5.628627769384399289e+04 -6.273527059088235269e-03
2.724000000000000000e+03 5.630694837973963877e+04 -8.044759424247427404e-03
2.725000000000000000e+03 5.632761906563528464e+04 -1.013389862296870669e-02
2.726000000000000000e+03 5.634828975153093052e+04 -1.209962342819409509e-02
2.727000000000000000e+03 5.636896043742657639e+04 -1.353234712424272734e-02
2.728000000000000000e+03 5.638963112332222227e+04 -1.414174894129144495e-02
2.729000000000000000e+03 5.641030180921786814e+04 -1.381773088320131619e-02
2.730000000000000000e+03 5.643097249511351401e+04 -1.265179156838641683e-02
2.731000000000000000e+03 5.645164318100915989e+04 -1.091458855342702927e-02
2.732000000000000000e+03 5.647231386690480576e+04 -8.995101804103844412e-03
2.733000000000000000e+03 5.649298455280045164e+04 -7.315143308909032548e-03
2.734000000000000000e+03 5.651365523869609751e+04 -6.238130435983646471e-03
2.735000000000000000e+03 5.653432592459174339e+04 -5.991953697620511221e-03
2.736000000000000000e+03 5.655499661048738926e+04 -6.622338006065264793e-03
2.737000000000000000e+03 5.657566729638303514e+04 -7.986218219285468045e-03
2.738000000000000000e+03 5.659633798227868101e+04 -9.785898685700455957e-03
2.739000000000000000e+03 5.661700866817432689e+04 -1.163599958565242343e-02
2.740000000000000000e+03 5.663767935406997276e+04 -1.314822283104122302e-02
2.741000000000000000e+03 5.665835003996561863e+04 -1.401527724966611203e-02
2.742000000000000000e+03 5.667902072586126451e+04 -1.407571748900249275e-02
2.743000000000000000e+03 5.669969141175691038e+04 -1.334589155541965159e-02
2.744000000000000000e+03 5.672036209765255626e+04 -1.201263095337423703e-02
2.745000000000000000e+03 5.674103278354820213e+04 -1.038904031811671569e-02
2.746000000000000000e+03 5.676170346944384801e+04 -8.843779281013652849e-03
2.747000000000000000e+03 5.678237415533949388e+04 -7.719805777653355496e-03
2.748000000000000000e+03 5.680304484123513976e+04 -7.260488591507352485e-03
2.749000000000000000e+03 5.682371552713078563e+04 -7.558976917028392695e-03
2.750000000000000000e+03 5.684438621302643151e+04 -8.541313575678166625e-03
2.751000000000000000e+03 5.686505689892207738e+04 -9.986268036340784082e-03
2.752000000000000000e+03 5.688572758481772325e+04 -1.157687785074545950e-02
2.753000000000000000e+03 5.690639827071336913e+04 -1.297189230126327697e-02
2.754000000000000000e+03 5.692706895660901500e+04 -1.388113747851260626e-02
2.755000000000000000e+03 5.694773964250466088e+04 -1.412817683825940036e-02
2.756000000000000000e+03 5.696841032840030675e+04 -1.368667575268156696e-02
2.757000000000000000e+03 5.698908101429595263e+04 -1.268290079841905005e-02
2.758000000000000000e+03 5.700975170019159850e+04 -1.136441344745275916e-02
2.759000000000000000e+03 5.703042238608724438e+04 -1.004252020492024666e-02
2.760000000000000000e+03 5.705109307198289025e+04 -9.021736439922878326e-03
2.761000000000000000e+03 5.707176375787853613e+04 -8.532162546321386820e-03
2.762000000000000000e+03 5.709243444377418200e+04 -8.679730837350851935e-03
2.763000000000000000e+03 5.711310512966982787e+04 -9.425056109946150507e-03
2.764000000000000000e+03 5.713377581556547375e+04 -1.059511921580780225e-02
2.765000000000000000e+03 5.715444650146111962e+04 -1.192468087348319550e-02
2.766000000000000000e+03 5.717511718735676550e+04 -1.311774613757143992e-02
2.767000000000000000e+03 5.719578787325241137e+04 -1.391500465048606250e-02
2.768000000000000000e+03 5.721645855914805725e+04 -1.415194497684396820e-02
2.769000000000000000e+03 5.723712924504370312e+04 -1.379458428915864010e-02
2.770000000000000000e+03 5.725779993093934900e+04 -1.294496754993318399e-02
2.771000000000000000e+03 5.727847061683499487e+04 -1.181556741025951984e-02
2.772000000000000000e+03 5.729914130273064075e+04 -1.067883454448242952e-02
2.773000000000000000e+03 5.731981198862628662e+04 -9.803758771356474444e-03
2.774000000000000000e+03 5.734048267452193249e+04 -9.394122046051223140e-03
2.775000000000000000e+03 5.736115336041757837e+04 -9.542546619300928956e-03
2.776000000000000000e+03 5.738182404631322424e+04 -1.021066091304861922e-02
2.777000000000000000e+03 5.740249473220887012e+04 -1.123963750339346257e-02
2.778000000000000000e+03 5.742316541810451599e+04 -1.238839130391583554e-02
2.779000000000000000e+03 5.744383610400016187e+04 -1.339041738783503140e-02
2.780000000000000000e+03 5.746450678989580774e+04 -1.401601180899186838e-02
2.781000000000000000e+03 5.748517747579145362e+04 -1.412543418811645739e-02
2.782000000000000000e+03 5.750584816168709949e+04 -1.370073478517769110e-02
2.783000000000000000e+03 5.752651884758274537e+04 -1.284898894684255444e-02
2.784000000000000000e+03 5.754718953347839124e+04 -1.177637648066404141e-02
2.785000000000000000e+03 5.756786021937403711e+04 -1.073932998114729420e-02
2.786000000000000000e+03 5.758853090526968299e+04 -9.984259253956073721e-03
2.787000000000000000e+03 5.760920159116532886e+04 -9.689918390534235648e-03
2.788000000000000000e+03 5.762987227706097474e+04 -9.925762820253369867e-03
2.789000000000000000e+03 5.765054296295662061e+04 -1.063586841228425506e-02
2.790000000000000000e+03 5.767121364885226649e+04 -1.165206091325410309e-02
2.791000000000000000e+03 5.769188433474791236e+04 -1.273318449748728209e-02
2.792000000000000000e+03 5.771255502064355824e+04 -1.362142617107653386e-02
2.793000000000000000e+03 5.773322570653920411e+04 -1.410266302384088899e-02
2.794000000000000000e+03 5.775389639243484999e+04 -1.405683115328659576e-02
2.795000000000000000e+03 5.777456707833049586e+04 -1.348658119143975043e-02
2.796000000000000000e+03 5.779523776422614173e+04 -1.251748185171241978e-02
2.797000000000000000e+03 5.781590845012178761e+04 -1.136960579009893557e-02
2.798000000000000000e+03 5.783657913601743348e+04 -1.030695356068156432e-02
2.799000000000000000e+03 5.785724982191307936e+04 -9.576304727134887784e-03
2.800000000000000000e+03 5.787792050780872523e+04 -9.349549472435991770e-03
2.801000000000000000e+03 5.789859119370437111e+04 -9.682802537178847313e-03
2.802000000000000000e+03 5.791926187960001698e+04 -1.050183236796053965e-02
2.803000000000000000e+03 5.793993256549566286e+04 -1.161741405604255206e-02
2.804000000000000000e+03 5.796060325139130873e+04 -1.276744279548591710e-02
2.805000000000000000e+03 5.798127393728695461e+04 -1.367650815784493545e-02
2.806000000000000000e+03 5.800194462318260048e+04 -1.411950313385157418e-02
2.807000000000000000e+03 5.802261530907824636e+04 -1.397470283985635664e-02
2.808000000000000000e+03 5.804328599497389223e+04 -1.325392654720314312e-02
2.809000000000000000e+03 5.806395668086953810e+04 -1.210246025741124054e-02
2.810000000000000000e+03 5.808462736676518398e+04 -1.076824706041623614e-02
2.811000000000000000e+03 5.810529805266082985e+04 -9.546898483922650058e-03
2.812000000000000000e+03 5.812596873855647573e+04 -8.714717152872308858e-03
2.813000000000000000e+03 5.814663942445212160e+04 -8.464835233768508438e-03
2.814000000000000000e+03 5.816731011034776748e+04 -8.861081968966622036e-03
2.815000000000000000e+03 5.818798079624341335e+04 -9.820401212847440497e-03
2.816000000000000000e+03 5.820865148213905923e+04 -1.112837886967243950e-02
2.817000000000000000e+03 5.822932216803470510e+04 -1.248505826117052298e-02
2.818000000000000000e+03 5.824999285393035098e+04 -1.357131044025777951e-02
2.819000000000000000e+03 5.827066353982599685e+04 -1.412113108414375477e-02
2.820000000000000000e+03 5.829133422572164272e+04 -1.398353291380877161e-02
2.821000000000000000e+03 5.831200491161728860e+04 -1.315969390896648550e-02
2.822000000000000000e+03 5.833267559751293447e+04 -1.180635585614669969e-02
2.823000000000000000e+03 5.835334628340858035e+04 -1.020398958697793512e-02
2.824000000000000000e+03 5.837401696930422622e+04 -8.696252839689166958e-03
2.825000000000000000e+03 5.839468765519987210e+04 -7.613912923478960426e-03
2.826000000000000000e+03 5.841535834109551797e+04 -7.200130982308039496e-03
2.827000000000000000e+03 5.843602902699116385e+04 -7.553935281959522907e-03
2.828000000000000000e+03 5.845669971288680972e+04 -8.604869062326103712e-03
2.829000000000000000e+03 5.847737039878245560e+04 -1.012504529770769102e-02
2.830000000000000000e+03 5.849804108467810147e+04 -1.177662949089991473e-02
2.831000000000000000e+03 5.851871177057374734e+04 -1.318484634996514027e-02
2.832000000000000000e+03 5.853938245646939322e+04 -1.402070073890065993e-02
2.833000000000000000e+03 5.856005314236503909e+04 -1.407510258590543954e-02
2.834000000000000000e+03 5.858072382826068497e+04 -1.330766746817563240e-02
2.835000000000000000e+03 5.860139451415633084e+04 -1.185886745662095842e-02
2.836000000000000000e+03 5.862206520005197672e+04 -1.002225666707745599e-02
2.837000000000000000e+03 5.864273588594762259e+04 -8.182386026548305047e-03
2.838000000000000000e+03 5.866340657184326847e+04 -6.731732678258217639e-03
2.839000000000000000e+03 5.868407725773891434e+04 -5.984738401711875433e-03
2.840000000000000000e+03 5.870474794363456022e+04 -6.107805576194724750e-03
2.841000000000000000e+03 5.872541862953020609e+04 -7.080715978446838754e-03
2.842000000000000000e+03 5.874608931542585196e+04 -8.698216000118663693e-03
2.843000000000000000e+03 5.876676000132149784e+04 -1.061190415848267676e-02
2.844000000000000000e+03 5.878743068721714371e+04 -1.240384121066406831e-02
2.845000000000000000e+03 5.880810137311278959e+04 -1.367629644296153475e-02
2.846000000000000000e+03 5.882877205900843546e+04 -1.413829677719424804e-02
2.847000000000000000e+03 5.884944274490408134e+04 -1.367007945610487774e-02
2.848000000000000000e+03 5.887011343079972721e+04 -1.235115887831705894e-02
2.849000000000000000e+03 5.889078411669537309e+04 -1.044552704132656329e-02
2.850000000000000000e+03 5.891145480259101896e+04 -8.346805461583117758e-03
2.851000000000000000e+03 5.893212548848666484e+04 -6.494908182740399827e-03
2.852000000000000000e+03 5.895279617438231071e+04 -5.282022285578336085e-03
2.853000000000000000e+03 5.897346686027795658e+04 -4.968079610068343310e-03
2.854000000000000000e+03 5.899413754617360246e+04 -5.623897746103001527e-03
2.855000000000000000e+03 5.901480823206924833e+04 -7.114315788535997311e-03
2.856000000000000000e+03 5.903547891796489421e+04 -9.125225849104412479e-03
2.857000000000000000e+03 5.905614960386054008e+04 -1.122912574429024701e-02
2.858000000000000000e+03 5.907682028975618596e+04 -1.297555294938190773e-02
2.859000000000000000e+03 5.909749097565183183e+04 -1.398724523509131679e-02
2.860000000000000000e+03 5.911816166154747771e+04 -1.404139001494364609e-02
2.861000000000000000e+03 5.913883234744312358e+04 -1.311831989822365152e-02
2.862000000000000000e+03 5.915950303333876946e+04 -1.140690720062254027e-02
2.863000000000000000e+03 5.918017371923441533e+04 -9.265221477048557475e-03
2.864000000000000000e+03 5.920084440513006120e+04 -7.144709383554048721e-03
2.865000000000000000e+03 5.922151509102570708e+04 -5.494097332363279129e-03
2.866000000000000000e+03 5.924218577692135295e+04 -4.663629857364792741e-03
2.867000000000000000e+03 5.926285646281699883e+04 -4.830170996863336619e-03
2.868000000000000000e+03 5.928352714871264470e+04 -5.959197422681139500e-03
2.869000000000000000e+03 5.930419783460829058e+04 -7.811850850259927960e-03
2.870000000000000000e+03 5.932486852050393645e+04 -9.995664961813810478e-03
2.871000000000000000e+03 5.934553920639958233e+04 -1.204827041492112505e-02
2.872000000000000000e+03 5.936620989229522820e+04 -1.353622515012659240e-02
2.873000000000000000e+03 5.938688057819087408e+04 -1.414770812747085001e-02
2.874000000000000000e+03 5.940755126408651995e+04 -1.375902274788703798e-02
2.875000000000000000e+03 5.942822194998216582e+04 -1.246050662986702973e-02
2.876000000000000000e+03 5.944889263587781170e+04 -1.053630228753160702e-02
2.877000000000000000e+03 5.946956332177345757e+04 -8.402526977059843194e-03
2.878000000000000000e+03 5.949023400766910345e+04 -6.517435233262314220e-03
2.879000000000000000e+03 5.951090469356474932e+04 -5.283169779812801892e-03
2.880000000000000000e+03 5.953157537946039520e+04 -4.960328022215687582e-03
2.881000000000000000e+03 5.955224606535604107e+04 -5.613558243865668373e-03
2.882000000000000000e+03 5.957291675125168695e+04 -7.099536149161479216e-03
2.883000000000000000e+03 5.959358743714733282e+04 -9.099521554399969681e-03
2.884000000000000000e+03 5.961425812304297870e+04 -1.118917645876094102e-02
2.885000000000000000e+03 5.963492880893862457e+04 -1.293038322719447519e-02
2.886000000000000000e+03 5.965559949483427044e+04 -1.396511920762666392e-02
2.887000000000000000e+03 5.967627018072991632e+04 -1.409109867160829310e-02
2.888000000000000000e+03 5.969694086662556219e+04 -1.330301375499798149e-02
2.889000000000000000e+03 5.971761155252120807e+04 -1.179086640267734687e-02
2.890000000000000000e+03 5.973828223841685394e+04 -9.896331876360409119e-03
2.891000000000000000e+03 5.975895292431249982e+04 -8.037204404467312990e-03
2.892000000000000000e+03 5.977962361020814569e+04 -6.616734722694195270e-03
2.893000000000000000e+03 5.980029429610379157e+04 -5.937625775813970552e-03
2.894000000000000000e+03 5.982096498199943744e+04 -6.139053500639646277e-03
2.895000000000000000e+03 5.984163566789508332e+04 -7.169777114207131173e-03
2.896000000000000000e+03 5.986230635379072919e+04 -8.802467392731661011e-03
2.897000000000000000e+03 5.988297703968637506e+04 -1.068553161810725793e-02
2.898000000000000000e+03 5.990364772558202094e+04 -1.242076760126631374e-02
2.899000000000000000e+03 5.992431841147766681e+04 -1.364977132089772831e-02
2.900000000000000000e+03 5.994498909737331269e+04 -1.413031923391661060e-02
2.901000000000000000e+03 5.996565978326895856e+04 -1.378634540298062476e-02
2.902000000000000000e+03 5.998633046916460444e+04 -1.272110139146398478e-02
2.903000000000000000e+03 6.000700115506025031e+04 -1.119126434996592367e-02
2.904000000000000000e+03 6.002767184095589619e+04 -9.548304140780727867e-03
2.905000000000000000e+03 6.004834252685154206e+04 -8.160442517207877611e-03
2.906000000000000000e+03 6.006901321274718794e+04 -7.332513055416988411e-03
2.907000000000000000e+03 6.008968389864283381e+04 -7.241147105914669257e-03
2.908000000000000000e+03 6.011035458453847968e+04 -7.899046653896402148e-03
2.909000000000000000e+03 6.013102527043412556e+04 -9.155564275923122608e-03
2.910000000000000000e+03 6.015169595632977143e+04 -1.073285338227991659e-02
2.911000000000000000e+03 6.017236664222541731e+04 -1.228916111848143977e-02
2.912000000000000000e+03 6.019303732812106318e+04 -1.349502002965019716e-02
2.913000000000000000e+03 6.021370801401670906e+04 -1.410540818360506155e-02
2.914000000000000000e+03 6.023437869991235493e+04 -1.401201005586661004e-02
2.915000000000000000e+03 6.025504938580800081e+04 -1.326430478461781970e-02
2.916000000000000000e+03 6.027572007170364668e+04 -1.205529120154591460e-02
2.917000000000000000e+03 6.029639075759929256e+04 -1.067560824641644590e-02
2.918000000000000000e+03 6.031706144349493843e+04 -9.446814349853616122e-03
2.919000000000000000e+03 6.033773212939058430e+04 -8.649072428691395586e-03
2.920000000000000000e+03 6.035840281528623018e+04 -8.459472132888279372e-03
2.921000000000000000e+03 6.037907350118187605e+04 -8.914559892884199588e-03
2.922000000000000000e+03 6.039974418707752193e+04 -9.905023665877921157e-03
2.923000000000000000e+03 6.042041487297316780e+04 -1.120319686444498641e-02
2.924000000000000000e+03 6.044108555886881368e+04 -1.251671273246085514e-02
2.925000000000000000e+03 6.046175624476445955e+04 -1.355585129463748699e-02
2.926000000000000000e+03 6.048242693066010543e+04 -1.409915847463488747e-02
2.927000000000000000e+03 6.050309761655575130e+04 -1.404246674709835885e-02
2.928000000000000000e+03 6.052376830245139718e+04 -1.342039595727689653e-02
2.929000000000000000e+03 6.054443898834704305e+04 -1.239584004679045171e-02
2.930000000000000000e+03 6.056510967424268893e+04 -1.122033726829912981e-02
2.931000000000000000e+03 6.058578036013833480e+04 -1.017484785964933858e-02
2.932000000000000000e+03 6.060645104603398067e+04 -9.504796335097875914e-03
2.933000000000000000e+03 6.062712173192962655e+04 -9.364315238614306924e-03
2.934000000000000000e+03 6.064779241782527242e+04 -9.782279624061807066e-03
2.935000000000000000e+03 6.066846310372091830e+04 -1.065756596877126539e-02
2.936000000000000000e+03 6.068913378961656417e+04 -1.178422508697596349e-02
2.937000000000000000e+03 6.070980447551221005e+04 -1.290044704527693042e-02
2.938000000000000000e+03 6.073047516140785592e+04 -1.374982752430942146e-02
2.939000000000000000e+03 6.075114584730350180e+04 -1.414072211269768072e-02
2.940000000000000000e+03 6.077181653319914767e+04 -1.399002448949304700e-02
2.941000000000000000e+03 6.079248721909479355e+04 -1.334140285090523736e-02
2.942000000000000000e+03 6.081315790499043942e+04 -1.235400748927872883e-02
2.943000000000000000e+03 6.083382859088608529e+04 -1.126451418638174662e-02
2.944000000000000000e+03 6.085449927678173117e+04 -1.033149253106313559e-02
2.945000000000000000e+03 6.087516996267737704e+04 -9.775075242336228598e-03
2.946000000000000000e+03 6.089584064857302292e+04 -9.725866564564977779e-03
2.947000000000000000e+03 6.091651133446866879e+04 -1.019479801337497271e-02
2.948000000000000000e+03 6.093718202036431467e+04 -1.107077996082650451e-02
2.949000000000000000e+03 6.095785270625996054e+04 -1.214663022376916146e-02
2.950000000000000000e+03 6.097852339215560642e+04 -1.316730518677100559e-02
2.951000000000000000e+03 6.099919407805125229e+04 -1.388934495116067591e-02
2.952000000000000000e+03 6.101986476394689817e+04 -1.413782922073403454e-02
2.953000000000000000e+03 6.104053544984254404e+04 -1.384765017379430141e-02
2.954000000000000000e+03 6.106120613573818991e+04 -1.307946150865435531e-02
2.955000000000000000e+03 6.108187682163383579e+04 -1.200646460771659374e-02
2.956000000000000000e+03 6.110254750752948166e+04 -1.087491354973524338e-02
2.957000000000000000e+03 6.112321819342512754e+04 -9.947307659534665447e-03
2.958000000000000000e+03 6.114388887932077341e+04 -9.441282859496524793e-03
2.959000000000000000e+03 6.116455956521641929e+04 -9.478279021233770862e-03
2.960000000000000000e+03 6.118523025111206516e+04 -1.005391437684233225e-02
2.961000000000000000e+03 6.120590093700771104e+04 -1.103713527135463668e-02
2.962000000000000000e+03 6.122657162290335691e+04 -1.219871293207841489e-02
2.963000000000000000e+03 6.124724230879900279e+04 -1.326295338732108586e-02
2.964000000000000000e+03 6.126791299469464866e+04 -1.397106032223627455e-02
2.965000000000000000e+03 6.128858368059029453e+04 -1.414170041552226254e-02
2.966000000000000000e+03 6.130925436648594041e+04 -1.371470063169871918e-02
2.967000000000000000e+03 6.132992505238158628e+04 -1.276745515757710114e-02
2.968000000000000000e+03 6.135059573827723216e+04 -1.149975859632917929e-02
2.969000000000000000e+03 6.137126642417287803e+04 -1.019002340130509277e-02
2.970000000000000000e+03 6.139193711006852391e+04 -9.132506033000808987e-03
2.971000000000000000e+03 6.141260779596416978e+04 -8.569690535549179256e-03
2.972000000000000000e+03 6.143327848185981566e+04 -8.635288952139108520e-03
2.973000000000000000e+03 6.145394916775546153e+04 -9.321104002181168635e-03
2.974000000000000000e+03 6.147461985365110741e+04 -1.047576063586291850e-02
2.975000000000000000e+03 6.149529053954675328e+04 -1.183620519742428767e-02
2.976000000000000000e+03 6.151596122544239915e+04 -1.308543989223526216e-02
2.977000000000000000e+03 6.153663191133804503e+04 -1.392384700082954958e-02
2.978000000000000000e+03 6.155730259723369090e+04 -1.413807996637511839e-02
2.979000000000000000e+03 6.157797328312933678e+04 -1.365171945360638128e-02
2.980000000000000000e+03 6.159864396902498265e+04 -1.254576102754484390e-02
2.981000000000000000e+03 6.161931465492062853e+04 -1.104369573444013986e-02
2.982000000000000000e+03 6.163998534081627440e+04 -9.463954621972636705e-03
2.983000000000000000e+03 6.166065602671192028e+04 -8.149968783798700045e-03
2.984000000000000000e+03 6.168132671260756615e+04 -7.393307760387380669e-03
2.985000000000000000e+03 6.170199739850321203e+04 -7.367092320029411390e-03
2.986000000000000000e+03 6.172266808439885790e+04 -8.084752632826930352e-03
2.987000000000000000e+03 6.174333877029450377e+04 -9.393724850310536389e-03
2.988000000000000000e+03 6.176400945619014965e+04 -1.100605806695731381e-02
2.989000000000000000e+03 6.178468014208579552e+04 -1.255976155753757428e-02
2.990000000000000000e+03 6.180535082798144140e+04 -1.369779619471200860e-02
2.991000000000000000e+03 6.182602151387708727e+04 -1.414744970142434340e-02
2.992000000000000000e+03 6.184669219977273315e+04 -1.378244391336558468e-02
2.993000000000000000e+03 6.186736288566837902e+04 -1.265368551254142382e-02
2.994000000000000000e+03 6.188803357156402490e+04 -1.098135005140155052e-02
2.995000000000000000e+03 6.190870425745967077e+04 -9.109488876484272968e-03
2.996000000000000000e+03 6.192937494335531665e+04 -7.432672017548991317e-03
2.997000000000000000e+03 6.195004562925096252e+04 -6.310452960739454387e-03
2.998000000000000000e+03 6.197071631514660839e+04 -5.988249061656569783e-03
2.999000000000000000e+03 6.199138700104225427e+04 -6.541967672254955790e-03
3.000000000000000000e+03 6.201205768693790014e+04 -7.858696892994843086e-03
3.001000000000000000e+03 6.203272837283354602e+04 -9.658126450939941154e-03
3.002000000000000000e+03 6.205339905872919189e+04 -1.155065636861712930e-02
3.003000000000000000e+03 6.207406974462483777e+04 -1.312016713108243859e-02
3.004000000000000000e+03 6.209474043052048364e+04 -1.401386204064192231e-02
3.005000000000000000e+03 6.211541111641612952e+04 -1.401973807810497075e-02
3.006000000000000000e+03 6.213608180231177539e+04 -1.311462248323491675e-02
3.007000000000000000e+03 6.215675248820742127e+04 -1.147189454458474867e-02
3.008000000000000000e+03 6.217742317410306714e+04 -9.426681076916687552e-03
3.009000000000000000e+03 6.219809385999871301e+04 -7.405581750622003412e-03
3.010000000000000000e+03 6.221876454589435889e+04 -5.835797309267309885e-03
3.011000000000000000e+03 6.223943523179000476e+04 -5.053141778380343396e-03
3.012000000000000000e+03 6.226010591768565064e+04 -5.228786641198635010e-03
3.013000000000000000e+03 6.228077660358129651e+04 -6.330666193303691180e-03
3.014000000000000000e+03 6.230144728947694239e+04 -8.128164632069778683e-03
3.015000000000000000e+03 6.232211797537258826e+04 -1.023954712936614442e-02
3.016000000000000000e+03 6.234278866126823414e+04 -1.221243995460974396e-02
3.017000000000000000e+03 6.236345934716388001e+04 -1.362039722254754226e-02
3.018000000000000000e+03 6.238413003305952589e+04 -1.415483644519793631e-02
3.019000000000000000e+03 6.240480071895517176e+04 -1.369234216465681220e-02
3.020000000000000000e+03 6.242547140485081763e+04 -1.232249039294236459e-02
3.021000000000000000e+03 6.244614209074646351e+04 -1.032985114785583969e-02
3.022000000000000000e+03 6.246681277664210938e+04 -8.133811061364681905e-03
3.023000000000000000e+03 6.248748346253775526e+04 -6.199101660401828973e-03
3.024000000000000000e+03 6.250815414843340113e+04 -4.936340237282954568e-03
3.025000000000000000e+03 6.252882483432904701e+04 -4.614043969061953909e-03
3.026000000000000000e+03 6.254949552022469288e+04 -5.301034737785426110e-03
3.027000000000000000e+03 6.257016620612033876e+04 -6.851571521054865797e-03
3.028000000000000000e+03 6.259083689201598463e+04 -8.936409676648049416e-03
3.029000000000000000e+03 6.261150757791163051e+04 -1.111319235226265745e-02
3.030000000000000000e+03 6.263217826380727638e+04 -1.292112187545474411e-02
3.031000000000000000e+03 6.265284894970292225e+04 -1.397954230878456668e-02
3.032000000000000000e+03 6.267351963559856813e+04 -1.406913635366663362e-02
3.033000000000000000e+03 6.269419032149421400e+04 -1.317820269954367296e-02
3.034000000000000000e+03 6.271486100738985988e+04 -1.150412489206054101e-02
3.035000000000000000e+03 6.273553169328550575e+04 -9.409945636083771880e-03
3.036000000000000000e+03 6.275620237918115163e+04 -7.345723202979105061e-03
3.037000000000000000e+03 6.277687306507679750e+04 -5.751900709893731367e-03
3.038000000000000000e+03 6.279754375097244338e+04 -4.965608818979116990e-03
3.039000000000000000e+03 6.281821443686808925e+04 -5.149905912655072804e-03
3.040000000000000000e+03 6.283888512276373513e+04 -6.260775787878092302e-03
3.041000000000000000e+03 6.285955580865938100e+04 -8.058500051217776239e-03
3.042000000000000000e+03 6.288022649455502687e+04 -1.016057092259503580e-02
3.043000000000000000e+03 6.290089718045067275e+04 -1.212453037492788877e-02
3.044000000000000000e+03 6.292156786634631862e+04 -1.354280536773577563e-02
3.045000000000000000e+03 6.294223855224196450e+04 -1.412912535523624946e-02
3.046000000000000000e+03 6.296290923813761037e+04 -1.377805409267440599e-02
3.047000000000000000e+03 6.298357992403325625e+04 -1.258513385731663270e-02
3.048000000000000000e+03 6.300425060992890212e+04 -1.082378022323887690e-02
3.049000000000000000e+03 6.302492129582454800e+04 -8.884445943478980201e-03
3.050000000000000000e+03 6.304559198172019387e+04 -7.189631045630472637e-03
3.051000000000000000e+03 6.306626266761583975e+04 -6.103308163404708164e-03
3.052000000000000000e+03 6.308693335351148562e+04 -5.854219857954701123e-03
3.053000000000000000e+03 6.310760403940713149e+04 -6.489201609958417105e-03
3.054000000000000000e+03 6.312827472530277737e+04 -7.866030520057465392e-03
3.055000000000000000e+03 6.314894541119842324e+04 -9.686782025637163951e-03
3.056000000000000000e+03 6.316961609709406912e+04 -1.156406525391862061e-02
3.057000000000000000e+03 6.319028678298971499e+04 -1.310555367659027581e-02
3.058000000000000000e+03 6.321095746888536087e+04 -1.399839581524564558e-02
3.059000000000000000e+03 6.323162815478100674e+04 -1.407525117678454230e-02
3.060000000000000000e+03 6.325229884067665262e+04 -1.334785482417266515e-02
3.061000000000000000e+03 6.327296952657229849e+04 -1.200124916731215574e-02
3.062000000000000000e+03 6.329364021246794437e+04 -1.035050356120570392e-02
3.063000000000000000e+03 6.331431089836359024e+04 -8.769927825637124919e-03
3.064000000000000000e+03 6.333498158425923612e+04 -7.610659353789571945e-03
3.065000000000000000e+03 6.335565227015488199e+04 -7.124787238134366006e-03
3.066000000000000000e+03 6.337632295605052786e+04 -7.412433481004065960e-03
3.067000000000000000e+03 6.339699364194617374e+04 -8.402928264599207608e-03
3.068000000000000000e+03 6.341766432784181961e+04 -9.873629011952766987e-03
3.069000000000000000e+03 6.343833501373746549e+04 -1.150169536650097468e-02
3.070000000000000000e+03 6.345900569963311136e+04 -1.293698347985466901e-02
3.071000000000000000e+03 6.347967638552875724e+04 -1.387969255058257856e-02
3.072000000000000000e+03 6.350034707142440311e+04 -1.414550349069737534e-02
3.073000000000000000e+03 6.352101775732004899e+04 -1.370392643257850596e-02
3.074000000000000000e+03 6.354168844321569486e+04 -1.268174985159292723e-02
3.075000000000000000e+03 6.356235912911134074e+04 -1.133142712932816432e-02
3.076000000000000000e+03 6.358302981500698661e+04 -9.972108333957618864e-03
3.077000000000000000e+03 6.360370050090263248e+04 -8.917025808057477132e-03
3.078000000000000000e+03 6.362437118679827836e+04 -8.403733803618751441e-03
3.079000000000000000e+03 6.364504187269392423e+04 -8.542723734166146610e-03
3.080000000000000000e+03 6.366571255858957011e+04 -9.295514801336446364e-03
3.081000000000000000e+03 6.368638324448521598e+04 -1.048653810812288922e-02
3.082000000000000000e+03 6.370705393038086186e+04 -1.184553094706269905e-02
3.083000000000000000e+03 6.372772461627650773e+04 -1.307039718357388969e-02
3.084000000000000000e+03 6.374839530217215361e+04 -1.389604038166630633e-02
3.085000000000000000e+03 6.376906598806779948e+04 -1.415352790079099643e-02
3.086000000000000000e+03 6.378973667396344536e+04 -1.380635716429556847e-02
3.087000000000000000e+03 6.381040735985909123e+04 -1.295599922498813505e-02
3.088000000000000000e+03 6.383107804575473710e+04 -1.181601137906140853e-02
3.089000000000000000e+03 6.385174873165038298e+04 -1.066117278973655047e-02
3.090000000000000000e+03 6.387241941754602885e+04 -9.763656101207329741e-03
3.091000000000000000e+03 6.389309010344167473e+04 -9.330962460280756154e-03
3.092000000000000000e+03 6.391376078933732060e+04 -9.459667711579688998e-03
3.093000000000000000e+03 6.393443147523296648e+04 -1.011520039887892075e-02
3.094000000000000000e+03 6.395510216112861235e+04 -1.114183615866282118e-02
3.095000000000000000e+03 6.397577284702425823e+04 -1.230022495590077369e-02
3.096000000000000000e+03 6.399644353291990410e+04 -1.332358044695391985e-02
3.097000000000000000e+03 6.401711421881554998e+04 -1.397951186970669731e-02
3.098000000000000000e+03 6.403778490471119585e+04 -1.412329653680854946e-02
3.099000000000000000e+03 6.405845559060684172e+04 -1.373045081694013007e-02
3.100000000000000000e+03 6.407912627650248760e+04 -1.290128816340974094e-02
3.101000000000000000e+03 6.409979696239813347e+04 -1.183663334592710559e-02
3.102000000000000000e+03 6.412046764829377935e+04 -1.079048996642018032e-02
3.103000000000000000e+03 6.414113833418942522e+04 -1.001070661528224992e-02
3.104000000000000000e+03 6.416180902008507110e+04 -9.681362531972381724e-03
3.105000000000000000e+03 6.418247970598071697e+04 -9.880114889006530454e-03
3.106000000000000000e+03 6.420315039187636285e+04 -1.056026862851922044e-02
3.107000000000000000e+03 6.422382107777200872e+04 -1.156166411558545715e-02
3.108000000000000000e+03 6.424449176366765460e+04 -1.264790029000306681e-02
3.109000000000000000e+03 6.426516244956330047e+04 -1.356137570701576762e-02
3.110000000000000000e+03 6.428583313545894634e+04 -1.408348876024290153e-02
3.111000000000000000e+03 6.430650382135459222e+04 -1.408605969966802811e-02
3.112000000000000000e+03 6.432717450725023809e+04 -1.356196459579883662e-02
3.113000000000000000e+03 6.434784519314588397e+04 -1.262770668167179089e-02
3.114000000000000000e+03 6.436851587904152984e+04 -1.149712225238475050e-02
3.115000000000000000e+03 6.438918656493717572e+04 -1.043212877812993433e-02
3.116000000000000000e+03 6.440985725083282159e+04 -9.681802327029753741e-03
3.117000000000000000e+03 6.443052793672846747e+04 -9.423855926083024581e-03
3.118000000000000000e+03 6.445119862262411334e+04 -9.722131018237767375e-03
3.119000000000000000e+03 6.447186930851975922e+04 -1.051012376308052554e-02
3.120000000000000000e+03 6.449253999441540509e+04 -1.160466653094099909e-02
3.121000000000000000e+03 6.451321068031105096e+04 -1.274698878823049553e-02
3.122000000000000000e+03 6.453388136620669684e+04 -1.366202408021660770e-02
3.123000000000000000e+03 6.455455205210234271e+04 -1.412246103100017920e-02
3.124000000000000000e+03 6.457522273799798859e+04 -1.400271163284288849e-02
3.125000000000000000e+03 6.459589342389363446e+04 -1.331007587121896089e-02
3.126000000000000000e+03 6.461656410978928034e+04 -1.218549718763067835e-02
3.127000000000000000e+03 6.463723479568492621e+04 -1.087327387487818653e-02
3.128000000000000000e+03 6.465790548158057209e+04 -9.666298640413517607e-03
3.129000000000000000e+03 6.467857616747621796e+04 -8.839148047073808190e-03
3.130000000000000000e+03 6.469924685337186384e+04 -8.584279746131795452e-03
3.131000000000000000e+03 6.471991753926750971e+04 -8.966036907092134189e-03
3.132000000000000000e+03 6.474058822516315558e+04 -9.903249130907065823e-03
3.133000000000000000e+03 6.476125891105880146e+04 -1.118484886860188210e-02
3.134000000000000000e+03 6.478192959695444733e+04 -1.251549528738832295e-02
3.135000000000000000e+03 6.480260028285009321e+04 -1.358133691598461916e-02
3.136000000000000000e+03 6.482327096874573908e+04 -1.412128892320607849e-02
3.137000000000000000e+03 6.484394165464138496e+04 -1.398768170012542993e-02
3.138000000000000000e+03 6.486461234053703083e+04 -1.318228329268411603e-02
3.139000000000000000e+03 6.488528302643267671e+04 -1.185908570456983835e-02
3.140000000000000000e+03 6.490595371232832258e+04 -1.029267752117146717e-02
3.141000000000000000e+03 6.492662439822396846e+04 -8.818814710776945454e-03
3.142000000000000000e+03 6.494729508411961433e+04 -7.760163029985500671e-03
3.143000000000000000e+03 6.496796577001526020e+04 -7.353658719361721996e-03
3.144000000000000000e+03 6.498863645591090608e+04 -7.695737540787618049e-03
3.145000000000000000e+03 6.500930714180655195e+04 -8.717886156205778558e-03
3.146000000000000000e+03 6.502997782770219783e+04 -1.019842868238468592e-02
3.147000000000000000e+03 6.505064851359784370e+04 -1.180857224866838084e-02
3.148000000000000000e+03 6.507131919949348958e+04 -1.318315332185571176e-02
3.149000000000000000e+03 6.509198988538913545e+04 -1.400088250983011484e-02
3.150000000000000000e+03 6.511266057128478133e+04 -1.405647520875474669e-02
3.151000000000000000e+03 6.513333125718042720e+04 -1.330851474426675458e-02
3.152000000000000000e+03 6.515400194307607308e+04 -1.189199037892185729e-02
3.153000000000000000e+03 6.517467262897171895e+04 -1.009210635106244647e-02
3.154000000000000000e+03 6.519534331486736482e+04 -8.284492635302898034e-03
3.155000000000000000e+03 6.521601400076301070e+04 -6.854460716225917703e-03
3.156000000000000000e+03 6.523668468665865657e+04 -6.112737079433883114e-03
3.157000000000000000e+03 6.525735537255430245e+04 -6.226085164308503561e-03
3.158000000000000000e+03 6.527802605844994832e+04 -7.178187593170792802e-03
3.159000000000000000e+03 6.529869674434559420e+04 -8.769788493231733817e-03
3.160000000000000000e+03 6.531936743024124007e+04 -1.065873745069090273e-02
3.161000000000000000e+03 6.534003811613688595e+04 -1.243194180694429107e-02
3.162000000000000000e+03 6.536070880203253182e+04 -1.369412093426303212e-02
3.163000000000000000e+03 6.538137948792817770e+04 -1.415425270111003719e-02
3.164000000000000000e+03 6.540205017382382357e+04 -1.369071738980554009e-02
3.165000000000000000e+03 6.542272085971946944e+04 -1.238048632289323603e-02
3.166000000000000000e+03 6.544339154561511532e+04 -1.048539211786281289e-02
3.167000000000000000e+03 6.546406223151076119e+04 -8.397885142635952427e-03
3.168000000000000000e+03 6.548473291740640707e+04 -6.557645865318706413e-03
3.169000000000000000e+03 6.550540360330205294e+04 -5.356954235611777193e-03
3.170000000000000000e+03 6.552607428919769882e+04 -5.055318669847874702e-03
3.171000000000000000e+03 6.554674497509334469e+04 -5.721969188440367837e-03
3.172000000000000000e+03 6.556741566098899057e+04 -7.218896724676905109e-03
3.173000000000000000e+03 6.558808634688463644e+04 -9.228486311415207144e-03
3.174000000000000000e+03 6.560875703278028232e+04 -1.132023866421544289e-02
3.175000000000000000e+03 6.562942771867592819e+04 -1.304255901606760082e-02
3.176000000000000000e+03 6.565009840457157406e+04 -1.401994747695661965e-02
3.177000000000000000e+03 6.567076909046721994e+04 -1.403449277142981670e-02
3.178000000000000000e+03 6.569143977636286581e+04 -1.307379776204048438e-02
3.179000000000000000e+03 6.571211046225851169e+04 -1.133470108582251834e-02
3.180000000000000000e+03 6.573278114815415756e+04 -9.181801786230292528e-03
3.181000000000000000e+03 6.575345183404980344e+04 -7.069687359483324031e-03
3.182000000000000000e+03 6.577412251994544931e+04 -5.445692841940297235e-03
3.183000000000000000e+03 6.579479320584109519e+04 -4.654203489208308397e-03
3.184000000000000000e+03 6.581546389173674106e+04 -4.863064679804574020e-03
3.185000000000000000e+03 6.583613457763238694e+04 -6.027787393553030171e-03
3.186000000000000000e+03 6.585680526352803281e+04 -7.901103815369792116e-03
3.187000000000000000e+03 6.587747594942367868e+04 -1.008578434503870636e-02
3.188000000000000000e+03 6.589814663531932456e+04 -1.211943188361952473e-02
3.189000000000000000e+03 6.591881732121497043e+04 -1.357310744731010828e-02
3.190000000000000000e+03 6.593948800711061631e+04 -1.414262111198694161e-02
3.191000000000000000e+03 6.596015869300626218e+04 -1.371289034847489319e-02
3.192000000000000000e+03 6.598082937890190806e+04 -1.238162655294905434e-02
3.193000000000000000e+03 6.600150006479755393e+04 -1.043745448515109864e-02
3.194000000000000000e+03 6.602217075069319981e+04 -8.297427993178951855e-03
3.195000000000000000e+03 6.604284143658884568e+04 -6.417611508938991793e-03
3.196000000000000000e+03 6.606351212248449156e+04 -5.196052628706759879e-03
3.197000000000000000e+03 6.608418280838013743e+04 -4.888876937379216248e-03
3.198000000000000000e+03 6.610485349427578331e+04 -5.557183992238534653e-03
3.199000000000000000e+03 6.612552418017142918e+04 -7.055702626281024070e-03
3.200000000000000000e+03 6.614619486606707505e+04 -9.065273788148975331e-03
3.201000000000000000e+03 6.616686555196272093e+04 -1.116199570348114234e-02
3.202000000000000000e+03 6.618753623785836680e+04 -1.290813767461451711e-02
3.203000000000000000e+03 6.620820692375401268e+04 -1.394531679213018016e-02
3.204000000000000000e+03 6.622887760964965855e+04 -1.406998595045172440e-02
3.205000000000000000e+03 6.624954829554530443e+04 -1.327516502279835198e-02
3.206000000000000000e+03 6.627021898144095030e+04 -1.174972283106623383e-02
3.207000000000000000e+03 6.629088966733659618e+04 -9.835747664355354303e-03
3.208000000000000000e+03 6.631156035323224205e+04 -7.953592381844232229e-03
3.209000000000000000e+03 6.633223103912788793e+04 -6.511063341752554301e-03
3.210000000000000000e+03 6.635290172502353380e+04 -5.816443935265702692e-03
3.211000000000000000e+03 6.637357241091917967e+04 -6.013951779212045601e-03
3.212000000000000000e+03 6.639424309681482555e+04 -7.055166027876148306e-03
3.213000000000000000e+03 6.641491378271047142e+04 -8.712114978874141435e-03
3.214000000000000000e+03 6.643558446860611730e+04 -1.062877048976906824e-02
3.215000000000000000e+03 6.645625515450176317e+04 -1.239949298638098885e-02
3.216000000000000000e+03 6.647692584039740905e+04 -1.365721545464743114e-02
3.217000000000000000e+03 6.649759652629305492e+04 -1.415212125882131522e-02
3.218000000000000000e+03 6.651826721218870080e+04 -1.380377113317082793e-02
3.219000000000000000e+03 6.653893789808434667e+04 -1.271561195473619454e-02
3.220000000000000000e+03 6.655960858397999255e+04 -1.114920081271980612e-02
3.221000000000000000e+03 6.658027926987563842e+04 -9.464390920530030282e-03
3.222000000000000000e+03 6.660094995577128429e+04 -8.039138958424840720e-03
3.223000000000000000e+03 6.662162064166693017e+04 -7.186855080351606251e-03
3.224000000000000000e+03 6.664229132756257604e+04 -7.089425731917121422e-03
3.225000000000000000e+03 6.666296201345822192e+04 -7.760254412903455634e-03
3.226000000000000000e+03 6.668363269935386779e+04 -9.044840648356144985e-03
3.227000000000000000e+03 6.670430338524951367e+04 -1.065810514831083688e-02
3.228000000000000000e+03 6.672497407114515954e+04 -1.224965549356932248e-02
3.229000000000000000e+03 6.674564475704080542e+04 -1.348216974994248529e-02
3.230000000000000000e+03 6.676631544293645129e+04 -1.410536573792814559e-02
3.231000000000000000e+03 6.678698612883209717e+04 -1.400924265556741100e-02
3.232000000000000000e+03 6.680765681472774304e+04 -1.324515494998129705e-02
3.233000000000000000e+03 6.682832750062338891e+04 -1.201066404656347952e-02
3.234000000000000000e+03 6.684899818651903479e+04 -1.060228800410756289e-02
3.235000000000000000e+03 6.686966887241468066e+04 -9.347356042488486061e-03
3.236000000000000000e+03 6.689033955831032654e+04 -8.530588264184513214e-03
3.237000000000000000e+03 6.691101024420597241e+04 -8.331830748227075922e-03
3.238000000000000000e+03 6.693168093010161829e+04 -8.788511624836958802e-03
3.239000000000000000e+03 6.695235161599726416e+04 -9.790604148862902534e-03
3.240000000000000000e+03 6.697302230189291004e+04 -1.110853954651935815e-02
3.241000000000000000e+03 6.699369298778855591e+04 -1.244722016088850580e-02
3.242000000000000000e+03 6.701436367368420179e+04 -1.351360553410463350e-02
3.243000000000000000e+03 6.703503435957984766e+04 -1.408250691817869438e-02
3.244000000000000000e+03 6.705570504547549353e+04 -1.404585472844077643e-02
3.245000000000000000e+03 6.707637573137113941e+04 -1.343464494762325323e-02
3.246000000000000000e+03 6.709704641726678528e+04 -1.240910018726837372e-02
3.247000000000000000e+03 6.711771710316243116e+04 -1.121982604129390104e-02
3.248000000000000000e+03 6.713838778905807703e+04 -1.014924094159130874e-02
3.249000000000000000e+03 6.715905847495372291e+04 -9.446845606546794283e-03
3.250000000000000000e+03 6.717972916084936878e+04 -9.273049492908025382e-03
3.251000000000000000e+03 6.720039984674501466e+04 -9.664099385390478858e-03
3.252000000000000000e+03 6.722107053264066053e+04 -1.052572465057088902e-02
3.253000000000000000e+03 6.724174121853630641e+04 -1.165656946097393121e-02
3.254000000000000000e+03 6.726241190443195228e+04 -1.279577401745557452e-02
3.255000000000000000e+03 6.728308259032759815e+04 -1.368365803144888648e-02
3.256000000000000000e+03 6.730375327622324403e+04 -1.412154847849544925e-02
3.257000000000000000e+03 6.732442396211888990e+04 -1.401705245362339092e-02
3.258000000000000000e+03 6.734509464801453578e+04 -1.340446811030970853e-02
3.259000000000000000e+03 6.736576533391018165e+04 -1.243578348934226696e-02
3.260000000000000000e+03 6.738643601980582753e+04 -1.134450505809703191e-02
3.261000000000000000e+03 6.740710670570147340e+04 -1.039081002748598603e-02
3.262000000000000000e+03 6.742777739159711928e+04 -9.800781762097088290e-03
3.263000000000000000e+03 6.744844807749276515e+04 -9.713791307661701069e-03
3.264000000000000000e+03 6.746911876338841103e+04 -1.015015796869378484e-02
3.265000000000000000e+03 6.748978944928405690e+04 -1.100653238024035252e-02
3.266000000000000000e+03 6.751046013517970277e+04 -1.208007543824124452e-02
3.267000000000000000e+03 6.753113082107534865e+04 -1.311588295534543702e-02
3.268000000000000000e+03 6.755180150697099452e+04 -1.386671261097255185e-02
3.269000000000000000e+03 6.757247219286664040e+04 -1.415114918005761120e-02
3.270000000000000000e+03 6.759314287876228627e+04 -1.389661387195323221e-02
3.271000000000000000e+03 6.761381356465793215e+04 -1.315707345864708389e-02
3.272000000000000000e+03 6.763448425055357802e+04 -1.210116270528410753e-02
3.273000000000000000e+03 6.765515493644922390e+04 -1.097333656947480085e-02
3.274000000000000000e+03 6.767582562234486977e+04 -1.003699032944688208e-02
3.275000000000000000e+03 6.769649630824051565e+04 -9.512731999303192243e-03
3.276000000000000000e+03 6.771716699413616152e+04 -9.526167503950244697e-03
3.277000000000000000e+03 6.773783768003180739e+04 -1.007740883180369140e-02
3.278000000000000000e+03 6.775850836592745327e+04 -1.103955703947850919e-02
3.279000000000000000e+03 6.777917905182309914e+04 -1.218678075899753965e-02
3.280000000000000000e+03 6.779984973771874502e+04 -1.324579114625107357e-02
3.281000000000000000e+03 6.782052042361439089e+04 -1.395903900360523364e-02
3.282000000000000000e+03 6.784119110951003677e+04 -1.414510092590864909e-02
3.283000000000000000e+03 6.786186179540568264e+04 -1.374219221770994759e-02
3.284000000000000000e+03 6.788253248130132852e+04 -1.282449392202555938e-02
3.285000000000000000e+03 6.790320316719697439e+04 -1.158717405306575188e-02
3.286000000000000000e+03 6.792387385309262027e+04 -1.030319067257512433e-02
3.287000000000000000e+03 6.794454453898826614e+04 -9.261508472258705993e-03
3.288000000000000000e+03 6.796521522488391201e+04 -8.700715471507192156e-03
3.289000000000000000e+03 6.798588591077955789e+04 -8.753188894588870284e-03
3.290000000000000000e+03 6.800655659667520376e+04 -9.412683043948821826e-03
3.291000000000000000e+03 6.802722728257084964e+04 -1.053303390001814055e-02
3.292000000000000000e+03 6.804789796846649551e+04 -1.185874751716131659e-02
3.293000000000000000e+03 6.806856865436214139e+04 -1.308106410957476928e-02
3.294000000000000000e+03 6.808923934025778726e+04 -1.390723277110039909e-02
3.295000000000000000e+03 6.810991002615343314e+04 -1.412752366908287538e-02
3.296000000000000000e+03 6.813058071204907901e+04 -1.366473701122195017e-02
3.297000000000000000e+03 6.815125139794472489e+04 -1.259466703984535307e-02
3.298000000000000000e+03 6.817192208384037076e+04 -1.113236299808006979e-02
3.299000000000000000e+03 6.819259276973601663e+04 -9.586680496103949789e-03
3.300000000000000000e+03 6.821326345563166251e+04 -8.292808743466884014e-03
3.301000000000000000e+03 6.823393414152730838e+04 -7.537549406803234486e-03
3.302000000000000000e+03 6.825460482742295426e+04 -7.493944077303361408e-03
3.303000000000000000e+03 6.827527551331860013e+04 -8.179989756080086050e-03
3.304000000000000000e+03 6.829594619921424601e+04 -9.451064893581162529e-03
3.305000000000000000e+03 6.831661688510989188e+04 -1.102841384512454059e-02
3.306000000000000000e+03 6.833728757100553776e+04 -1.255812833549230234e-02
3.307000000000000000e+03 6.835795825690118363e+04 -1.368819137855758865e-02
3.308000000000000000e+03 6.837862894279682951e+04 -1.414684047765302211e-02
3.309000000000000000e+03 6.839929962869247538e+04 -1.380481672858768598e-02
3.310000000000000000e+03 6.841997031458812125e+04 -1.270727328520748767e-02
3.311000000000000000e+03 6.844064100048376713e+04 -1.106760004383244844e-02
3.312000000000000000e+03 6.846131168637941300e+04 -9.223784375748445008e-03
3.313000000000000000e+03 6.848198237227505888e+04 -7.566310007347642162e-03
3.314000000000000000e+03 6.850265305817070475e+04 -6.453089917479615245e-03
3.315000000000000000e+03 6.852332374406635063e+04 -6.130031384451783971e-03
3.316000000000000000e+03 6.854399442996199650e+04 -6.674827909318170605e-03
3.317000000000000000e+03 6.856466511585764238e+04 -7.976701477834580167e-03
3.318000000000000000e+03 6.858533580175328825e+04 -9.757147355853590387e-03
3.319000000000000000e+03 6.860600648764893413e+04 -1.162786770249440993e-02
3.320000000000000000e+03 6.862667717354458000e+04 -1.317386011811155777e-02
3.321000000000000000e+03 6.864734785944022588e+04 -1.404383764062960664e-02
3.322000000000000000e+03 6.866801854533587175e+04 -1.402817313899945573e-02
3.323000000000000000e+03 6.868868923123151762e+04 -1.310696662852134375e-02
3.324000000000000000e+03 6.870935991712716350e+04 -1.145719356819235868e-02
3.325000000000000000e+03 6.873003060302280937e+04 -9.416826045545445556e-03
3.326000000000000000e+03 6.875070128891845525e+04 -7.413332752605805709e-03
3.327000000000000000e+03 6.877137197481410112e+04 -5.871904497878555063e-03
3.328000000000000000e+03 6.879204266070974700e+04 -5.123305246026110815e-03
3.329000000000000000e+03 6.881271334660539287e+04 -5.331396508425068070e-03
3.330000000000000000e+03 6.883338403250103875e+04 -6.456156566198245628e-03
3.331000000000000000e+03 6.885405471839668462e+04 -8.260414088381851094e-03
3.332000000000000000e+03 6.887472540429233050e+04 -1.035917354776261234e-02
3.333000000000000000e+03 6.889539609018797637e+04 -1.230124276317690057e-02
3.334000000000000000e+03 6.891606677608362224e+04 -1.366578769243753828e-02
3.335000000000000000e+03 6.893673746197926812e+04 -1.415301731685270070e-02
3.336000000000000000e+03 6.895740814787491399e+04 -1.364930260195706957e-02
3.337000000000000000e+03 6.897807883377055987e+04 -1.225249249700222087e-02
3.338000000000000000e+03 6.899874951966620574e+04 -1.025181181364365202e-02
3.339000000000000000e+03 6.901942020556185162e+04 -8.066593897058993434e-03
3.340000000000000000e+03 6.904009089145749749e+04 -6.157030920153794273e-03
3.341000000000000000e+03 6.906076157735314337e+04 -4.926141849426468600e-03
3.342000000000000000e+03 6.908143226324878924e+04 -4.633954168407006247e-03
3.343000000000000000e+03 6.910210294914443512e+04 -5.342155184586305783e-03
3.344000000000000000e+03 6.912277363504008099e+04 -6.900903258401035710e-03
3.345000000000000000e+03 6.914344432093572686e+04 -8.980559515065433818e-03
3.346000000000000000e+03 6.916411500683137274e+04 -1.114163496863379565e-02
3.347000000000000000e+03 6.918478569272701861e+04 -1.292813950626575670e-02
3.348000000000000000e+03 6.920545637862266449e+04 -1.396446473968482489e-02
3.349000000000000000e+03 6.922612706451831036e+04 -1.403509351138942929e-02
3.350000000000000000e+03 6.924679775041395624e+04 -1.313007460205106725e-02
3.351000000000000000e+03 6.926746843630960211e+04 -1.144656619446587920e-02
3.352000000000000000e+03 6.928813912220524799e+04 -9.346218615121582030e-03
3.353000000000000000e+03 6.930880980810089386e+04 -7.277665525996123395e-03
3.354000000000000000e+03 6.932948049399653974e+04 -5.680850796815406500e-03
3.355000000000000000e+03 6.935015117989218561e+04 -4.893707950148706853e-03
3.356000000000000000e+03 6.937082186578783148e+04 -5.081041092680427251e-03
3.357000000000000000e+03 6.939149255168347736e+04 -6.200571439288538045e-03
3.358000000000000000e+03 6.941216323757912323e+04 -8.013152605538698126e-03
3.359000000000000000e+03 6.943283392347476911e+04 -1.013480848554371150e-02
3.360000000000000000e+03 6.945350460937041498e+04 -1.211939326488498114e-02
3.361000000000000000e+03 6.947417529526606086e+04 -1.355412388545096380e-02
3.362000000000000000e+03 6.949484598116170673e+04 -1.414743281453323398e-02
3.363000000000000000e+03 6.951551666705735261e+04 -1.379024083048519152e-02
3.364000000000000000e+03 6.953618735295299848e+04 -1.257755808445526480e-02
3.365000000000000000e+03 6.955685803884864436e+04 -1.078600845029653588e-02
3.366000000000000000e+03 6.957752872474429023e+04 -8.812497789049356101e-03
3.367000000000000000e+03 6.959819941063993610e+04 -7.087668432161130759e-03
3.368000000000000000e+03 6.961887009653558198e+04 -5.983128919829105996e-03
3.369000000000000000e+03 6.963954078243122785e+04 -5.732559213823762434e-03
3.370000000000000000e+03 6.966021146832687373e+04 -6.383507796779985810e-03
3.371000000000000000e+03 6.968088215422251960e+04 -7.789857491806662093e-03
3.372000000000000000e+03 6.970155284011816548e+04 -9.646088701340371774e-03
3.373000000000000000e+03 6.972222352601381135e+04 -1.155547913760529566e-02
3.374000000000000000e+03 6.974289421190945723e+04 -1.311710869122423295e-02
3.375000000000000000e+03 6.976356489780510310e+04 -1.401254853974015502e-02
3.376000000000000000e+03 6.978423558370074898e+04 -1.407333096367041798e-02
3.377000000000000000e+03 6.980490626959639485e+04 -1.331471314317339560e-02
3.378000000000000000e+03 6.982557695549204072e+04 -1.192885936909598987e-02
3.379000000000000000e+03 6.984624764138768660e+04 -1.023961575611204156e-02
3.380000000000000000e+03 6.986691832728333247e+04 -8.629476930434254456e-03
3.381000000000000000e+03 6.988758901317897835e+04 -7.455259670348767485e-03
3.382000000000000000e+03 6.990825969907462422e+04 -6.971127894666361534e-03
3.383000000000000000e+03 6.992893038497027010e+04 -7.275587070033728843e-03
3.384000000000000000e+03 6.994960107086591597e+04 -8.293474320350213702e-03
3.385000000000000000e+03 6.997027175676156185e+04 -9.796146478912359790e-03
3.386000000000000000e+03 6.999094244265720772e+04 -1.145472799450797385e-02
3.387000000000000000e+03 7.001161312855285360e+04 -1.291417839066855144e-02
3.388000000000000000e+03 7.003228381444849947e+04 -1.387157412704598247e-02
3.389000000000000000e+03 7.005295450034414534e+04 -1.414132519802935306e-02
3.390000000000000000e+03 7.007362518623979122e+04 -1.369321261023803693e-02
3.391000000000000000e+03 7.009429587213543709e+04 -1.265539945457461180e-02
3.392000000000000000e+03 7.011496655803108297e+04 -1.128247740429688672e-02
3.393000000000000000e+03 7.013563724392672884e+04 -9.896352238798256096e-03
3.394000000000000000e+03 7.015630792982237472e+04 -8.813614340376141332e-03
3.395000000000000000e+03 7.017697861571802059e+04 -8.275720565463273726e-03
3.396000000000000000e+03 7.019764930161366647e+04 -8.397321641418431515e-03
3.397000000000000000e+03 7.021831998750931234e+04 -9.143738222910091640e-03
3.398000000000000000e+03 7.023899067340495822e+04 -1.034196640351353613e-02
3.399000000000000000e+03 7.025966135930060409e+04 -1.172215660454389852e-02
3.400000000000000000e+03 7.028033204519624996e+04 -1.297984980550370704e-02
3.401000000000000000e+03 7.030100273109189584e+04 -1.384479141367178645e-02
3.402000000000000000e+03 7.032167341698754171e+04 -1.414085172235668431e-02
3.403000000000000000e+03 7.034234410288318759e+04 -1.382375867652329941e-02
3.404000000000000000e+03 7.036301478877883346e+04 -1.298849954799663475e-02
3.405000000000000000e+03 7.038368547467447934e+04 -1.184518682280955026e-02
3.406000000000000000e+03 7.040435616057012521e+04 -1.066931580248753342e-02
3.407000000000000000e+03 7.042502684646577109e+04 -9.738042182259598611e-03
3.408000000000000000e+03 7.044569753236141696e+04 -9.267098660262540477e-03
3.409000000000000000e+03 7.046636821825706284e+04 -9.362615279924990652e-03
3.410000000000000000e+03 7.048703890415270871e+04 -9.998553024785916676e-03
3.411000000000000000e+03 7.050770959004835458e+04 -1.102455923492484668e-02
3.412000000000000000e+03 7.052838027594400046e+04 -1.220214250504370046e-02
3.413000000000000000e+03 7.054905096183964633e+04 -1.326066674493314723e-02
3.414000000000000000e+03 7.056972164773529221e+04 -1.396019433122003099e-02
3.415000000000000000e+03 7.059039233363093808e+04 -1.414668840852012499e-02
3.416000000000000000e+03 7.061106301952658396e+04 -1.378689295026164392e-02
3.417000000000000000e+03 7.063173370542222983e+04 -1.297495265502840445e-02
3.418000000000000000e+03 7.065240439131787571e+04 -1.190941566068032254e-02
3.419000000000000000e+03 7.067307507721352158e+04 -1.084613855257993142e-02
3.420000000000000000e+03 7.069374576310916746e+04 -1.003817216775132470e-02
3.421000000000000000e+03 7.071441644900481333e+04 -9.676654686749552869e-03
3.422000000000000000e+03 7.073508713490045920e+04 -9.846414771405409549e-03
3.423000000000000000e+03 7.075575782079610508e+04 -1.050651082384052026e-02
3.424000000000000000e+03 7.077642850669175095e+04 -1.150013913785014052e-02
3.425000000000000000e+03 7.079709919258739683e+04 -1.259156266917732525e-02
3.426000000000000000e+03 7.081776987848304270e+04 -1.352146926496172567e-02
3.427000000000000000e+03 7.083844056437868858e+04 -1.406787987092444903e-02
3.428000000000000000e+03 7.085911125027433445e+04 -1.409840044191917711e-02
3.429000000000000000e+03 7.087978193616998033e+04 -1.360159077649775346e-02
3.430000000000000000e+03 7.090045262206562620e+04 -1.269007386411774574e-02
3.431000000000000000e+03 7.092112330796127208e+04 -1.157460014283601124e-02
3.432000000000000000e+03 7.094179399385691795e+04 -1.051505986310918850e-02
3.433000000000000000e+03 7.096246467975256382e+04 -9.759808044768170099e-03
3.434000000000000000e+03 7.098313536564820970e+04 -9.487379470412560245e-03
3.435000000000000000e+03 7.100380605154385557e+04 -9.764119827496253734e-03
3.436000000000000000e+03 7.102447673743950145e+04 -1.052760901604121724e-02
3.437000000000000000e+03 7.104514742333514732e+04 -1.159986323280048914e-02
3.438000000000000000e+03 7.106581810923079320e+04 -1.272750069467831757e-02
3.439000000000000000e+03 7.108648879512643907e+04 -1.363985113309229558e-02
3.440000000000000000e+03 7.110715948102208495e+04 -1.411177779421623861e-02
3.441000000000000000e+03 7.112783016691773082e+04 -1.401675157246240651e-02
3.442000000000000000e+03 7.114850085281337670e+04 -1.335780268491926041e-02
3.443000000000000000e+03 7.116917153870902257e+04 -1.226893920962690565e-02
3.444000000000000000e+03 7.118984222460466844e+04 -1.098634357192862510e-02
3.445000000000000000e+03 7.121051291050031432e+04 -9.795596438539944106e-03
3.446000000000000000e+03 7.123118359639596019e+04 -8.966732299349244872e-03
3.447000000000000000e+03 7.125185428229160607e+04 -8.691821159425849874e-03
3.448000000000000000e+03 7.127252496818725194e+04 -9.039339863792961172e-03
3.449000000000000000e+03 7.129319565408289782e+04 -9.935954661637380614e-03
3.450000000000000000e+03 7.131386633997854369e+04 -1.118029797922959201e-02
3.451000000000000000e+03 7.133453702587418957e+04 -1.248619451875976338e-02
3.452000000000000000e+03 7.135520771176983544e+04 -1.354610877000639313e-02
3.453000000000000000e+03 7.137587839766548132e+04 -1.410082682837232593e-02
3.454000000000000000e+03 7.139654908356112719e+04 -1.399967220310771414e-02
3.455000000000000000e+03 7.141721976945677307e+04 -1.323736913701856199e-02
3.456000000000000000e+03 7.143789045535241894e+04 -1.195868643599173886e-02
3.457000000000000000e+03 7.145856114124806481e+04 -1.042914089272473088e-02
3.458000000000000000e+03 7.147923182714371069e+04 -8.977714865702313141e-03
3.459000000000000000e+03 7.149990251303935656e+04 -7.923994179191873322e-03
3.460000000000000000e+03 7.152057319893500244e+04 -7.505861869921971220e-03
3.461000000000000000e+03 7.154124388483064831e+04 -7.824017357378143522e-03
3.462000000000000000e+03 7.156191457072629419e+04 -8.816090550071709053e-03
3.463000000000000000e+03 7.158258525662194006e+04 -1.026675251695663427e-02
3.464000000000000000e+03 7.160325594251758594e+04 -1.185234418203023887e-02
3.465000000000000000e+03 7.162392662841323181e+04 -1.321081725252010175e-02
3.466000000000000000e+03 7.164459731430887769e+04 -1.402189411899806837e-02
3.467000000000000000e+03 7.166526800020452356e+04 -1.407968757846994601e-02
3.468000000000000000e+03 7.168593868610016943e+04 -1.334130391631566104e-02
3.469000000000000000e+03 7.170660937199581531e+04 -1.194001340648670473e-02
3.470000000000000000e+03 7.172728005789146118e+04 -1.015933864948898036e-02
3.471000000000000000e+03 7.174795074378710706e+04 -8.373151840343651120e-03
3.472000000000000000e+03 7.176862142968275293e+04 -6.964593114748784952e-03
3.473000000000000000e+03 7.178929211557839881e+04 -6.241533884907113361e-03
3.474000000000000000e+03 7.180996280147404468e+04 -6.367274337085060409e-03
3.475000000000000000e+03 7.183063348736969056e+04 -7.321984156409389911e-03
3.476000000000000000e+03 7.185130417326533643e+04 -8.903808712637351075e-03
3.477000000000000000e+03 7.187197485916098231e+04 -1.076999638424952499e-02
3.478000000000000000e+03 7.189264554505662818e+04 -1.250964643486768280e-02
3.479000000000000000e+03 7.191331623095227405e+04 -1.373258571087659918e-02
3.480000000000000000e+03 7.193398691684791993e+04 -1.415505543341949619e-02
3.481000000000000000e+03 7.195465760274356580e+04 -1.366328902438351985e-02
3.482000000000000000e+03 7.197532828863921168e+04 -1.234070189274227847e-02
3.483000000000000000e+03 7.199599897453485755e+04 -1.045230409629627211e-02
3.484000000000000000e+03 7.201666966043050343e+04 -8.389332882910105482e-03
3.485000000000000000e+03 7.203734034632614930e+04 -6.585882106979856765e-03
3.486000000000000000e+03 7.205801103222179518e+04 -5.425502291857231540e-03
3.487000000000000000e+03 7.207868171811744105e+04 -5.157973925553782646e-03
3.488000000000000000e+03 7.209935240401308693e+04 -5.844272625695701162e-03
3.489000000000000000e+03 7.212002308990873280e+04 -7.341712926639599492e-03
3.490000000000000000e+03 7.214069377580437867e+04 -9.332720169555996925e-03
3.491000000000000000e+03 7.216136446170002455e+04 -1.139140136305494266e-02
3.492000000000000000e+03 7.218203514759567042e+04 -1.307394675161088760e-02
3.493000000000000000e+03 7.220270583349131630e+04 -1.401361871077322178e-02
3.494000000000000000e+03 7.222337651938696217e+04 -1.399989613127350374e-02
3.495000000000000000e+03 7.224404720528260805e+04 -1.302460059657872815e-02
3.496000000000000000e+03 7.226471789117825392e+04 -1.128487055334387312e-02
3.497000000000000000e+03 7.228538857707389980e+04 -9.142136719695825864e-03
3.498000000000000000e+03 7.230605926296954567e+04 -7.045756423154470038e-03
3.499000000000000000e+03 7.232672994886519155e+04 -5.437603979732641424e-03
3.500000000000000000e+03 7.234740063476083742e+04 -4.658006026134919875e-03
3.501000000000000000e+03 7.236807132065648329e+04 -4.873082344353296680e-03
3.502000000000000000e+03 7.238874200655212917e+04 -6.038954920597527920e-03
3.503000000000000000e+03 7.240941269244777504e+04 -7.910485197767547216e-03
3.504000000000000000e+03 7.243008337834342092e+04 -1.009283097294211284e-02
3.505000000000000000e+03 7.245075406423906679e+04 -1.212505254379625530e-02
3.506000000000000000e+03 7.247142475013471267e+04 -1.357808684764461211e-02
3.507000000000000000e+03 7.249209543603035854e+04 -1.414617130473905422e-02
3.508000000000000000e+03 7.251276612192600442e+04 -1.371205595570701256e-02
3.509000000000000000e+03 7.253343680782165029e+04 -1.237191000726745038e-02
3.510000000000000000e+03 7.255410749371729617e+04 -1.041451439875717977e-02
3.511000000000000000e+03 7.257477817961294204e+04 -8.259229788135535877e-03
3.512000000000000000e+03 7.259544886550858791e+04 -6.366160299322909388e-03
3.513000000000000000e+03 7.261611955140423379e+04 -5.137915285254868181e-03
3.514000000000000000e+03 7.263679023729987966e+04 -4.834082493203273323e-03
3.515000000000000000e+03 7.265746092319552554e+04 -5.516648570442983512e-03
3.516000000000000000e+03 7.267813160909117141e+04 -7.037868176669292118e-03
3.517000000000000000e+03 7.269880229498681729e+04 -9.072995548721596304e-03
3.518000000000000000e+03 7.271947298088246316e+04 -1.119073658987151942e-02
3.519000000000000000e+03 7.274014366677810904e+04 -1.294619973617833208e-02
3.520000000000000000e+03 7.276081435267375491e+04 -1.397624412592973590e-02
3.521000000000000000e+03 7.278148503856940079e+04 -1.407659122936738560e-02
3.522000000000000000e+03 7.280215572446504666e+04 -1.324408735607346399e-02
3.523000000000000000e+03 7.282282641036069253e+04 -1.167520647208658557e-02
3.524000000000000000e+03 7.284349709625633841e+04 -9.721521293333090785e-03
3.525000000000000000e+03 7.286416778215198428e+04 -7.812271366626434045e-03
3.526000000000000000e+03 7.288483846804763016e+04 -6.361217554268217000e-03
3.527000000000000000e+03 7.290550915394327603e+04 -5.678140654407526355e-03
3.528000000000000000e+03 7.292617983983892191e+04 -5.903992998271712089e-03
3.529000000000000000e+03 7.294685052573456778e+04 -6.983281531254381669e-03
3.530000000000000000e+03 7.296752121163021366e+04 -8.679054854146661668e-03
3.531000000000000000e+03 7.298819189752585953e+04 -1.062667419000817848e-02
3.532000000000000000e+03 7.300886258342150541e+04 -1.241427169781794682e-02
3.533000000000000000e+03 7.302953326931715128e+04 -1.367216086185185815e-02
3.534000000000000000e+03 7.305020395521279715e+04 -1.415169822001616402e-02
3.535000000000000000e+03 7.307087464110844303e+04 -1.377662634139142916e-02
3.536000000000000000e+03 7.309154532700408890e+04 -1.265618459397377382e-02
3.537000000000000000e+03 7.311221601289973478e+04 -1.105781127179716883e-02
3.538000000000000000e+03 7.313288669879538065e+04 -9.346131902628340704e-03
3.539000000000000000e+03 7.315355738469102653e+04 -7.902155708787494959e-03
3.540000000000000000e+03 7.317422807058667240e+04 -7.040617254543024561e-03
3.541000000000000000e+03 7.319489875648231828e+04 -6.943398515004750582e-03
3.542000000000000000e+03 7.321556944237796415e+04 -7.623079001863596570e-03
3.543000000000000000e+03 7.323624012827361003e+04 -8.923866719779793844e-03
3.544000000000000000e+03 7.325691081416925590e+04 -1.055898717982078905e-02
3.545000000000000000e+03 7.327758150006490177e+04 -1.217577571138905856e-02
3.546000000000000000e+03 7.329825218596054765e+04 -1.343385265123864247e-02
3.547000000000000000e+03 7.331892287185619352e+04 -1.407910800263367790e-02
3.548000000000000000e+03 7.333959355775183940e+04 -1.399737330632522259e-02
3.549000000000000000e+03 7.336026424364748527e+04 -1.323635847174520208e-02
3.550000000000000000e+03 7.338093492954313115e+04 -1.199160406405075374e-02
3.551000000000000000e+03 7.340160561543877702e+04 -1.056021001072382504e-02
3.552000000000000000e+03 7.342227630133442290e+04 -9.273149145099801594e-03
3.553000000000000000e+03 7.344294698723006877e+04 -8.421501579312540287e-03
3.554000000000000000e+03 7.346361767312571465e+04 -8.192992272411103727e-03
3.555000000000000000e+03 7.348428835902136052e+04 -8.632629721928908317e-03
3.556000000000000000e+03 7.350495904491700639e+04 -9.635693315059645769e-03
3.557000000000000000e+03 7.352562973081265227e+04 -1.097407399117444893e-02
3.558000000000000000e+03 7.354630041670829814e+04 -1.234961244903831634e-02
3.559000000000000000e+03 7.356697110260394402e+04 -1.346217363720203335e-02
3.560000000000000000e+03 7.358764178849958989e+04 -1.407703154842410154e-02
3.561000000000000000e+03 7.360831247439523577e+04 -1.407643776831307703e-02
3.562000000000000000e+03 7.362898316029088164e+04 -1.348396407175228746e-02
3.563000000000000000e+03 7.364965384618652752e+04 -1.245649659886932659e-02
3.564000000000000000e+03 7.367032453208217339e+04 -1.124616130344519016e-02
3.565000000000000000e+03 7.369099521797781927e+04 -1.014126531850018109e-02
3.566000000000000000e+03 7.371166590387346514e+04 -9.399985427924362202e-03
3.567000000000000000e+03 7.373233658976911101e+04 -9.191983466979525286e-03
3.568000000000000000e+03 7.375300727566475689e+04 -9.561105305585015923e-03
3.569000000000000000e+03 7.377367796156040276e+04 -1.041735636439050650e-02
3.570000000000000000e+03 7.379434864745604864e+04 -1.155961047224957072e-02
3.571000000000000000e+03 7.381501933335169451e+04 -1.272351606824034809e-02
3.572000000000000000e+03 7.383569001924734039e+04 -1.364336462377363501e-02
3.573000000000000000e+03 7.385636070514298626e+04 -1.411356281494419336e-02
3.574000000000000000e+03 7.387703139103863214e+04 -1.403553297782583753e-02
3.575000000000000000e+03 7.389770207693427801e+04 -1.343933135481240049e-02
3.576000000000000000e+03 7.391837276282992389e+04 -1.247521328754269687e-02
3.577000000000000000e+03 7.393904344872556976e+04 -1.137738535293081332e-02
3.578000000000000000e+03 7.395971413462121563e+04 -1.040861290192468536e-02
3.579000000000000000e+03 7.398038482051686151e+04 -9.798697730813266116e-03
3.580000000000000000e+03 7.400105550641250738e+04 -9.691120516257645257e-03
3.581000000000000000e+03 7.402172619230815326e+04 -1.011011515219417678e-02
3.582000000000000000e+03 7.404239687820379913e+04 -1.095563616213024449e-02
3.583000000000000000e+03 7.406306756409944501e+04 -1.202722852964444034e-02
3.584000000000000000e+03 7.408373824999509088e+04 -1.307117122346690419e-02
3.585000000000000000e+03 7.410440893589073676e+04 -1.383992525249755183e-02
3.586000000000000000e+03 7.412507962178638263e+04 -1.415008576124876342e-02
3.587000000000000000e+03 7.414575030768202851e+04 -1.392538309426394512e-02
3.588000000000000000e+03 7.416642099357767438e+04 -1.321474092329544270e-02
3.589000000000000000e+03 7.418709167947332026e+04 -1.218118389226374720e-02
3.590000000000000000e+03 7.420776236536896613e+04 -1.106414420750234662e-02
3.591000000000000000e+03 7.422843305126461200e+04 -1.012387137370374113e-02
3.592000000000000000e+03 7.424910373716025788e+04 -9.580776829896220370e-03
3.593000000000000000e+03 7.426977442305590375e+04 -9.563708364355827385e-03
3.594000000000000000e+03 7.429044510895154963e+04 -1.007911256976423697e-02
3.595000000000000000e+03 7.431111579484719550e+04 -1.100830179347622728e-02
3.596000000000000000e+03 7.433178648074284138e+04 -1.213367015837485408e-02
3.597000000000000000e+03 7.435245716663848725e+04 -1.318810684152016410e-02
3.598000000000000000e+03 7.437312785253413313e+04 -1.391649082225710106e-02
3.599000000000000000e+03 7.439379853842977900e+04 -1.413524207763161566e-02
3.600000000000000000e+03 7.441446922432542488e+04 -1.377616169287410042e-02
3.601000000000000000e+03 7.443513991022107075e+04 -1.290422116660139285e-02
3.602000000000000000e+03 7.445581059611671662e+04 -1.170482105665315853e-02
3.603000000000000000e+03 7.447648128201236250e+04 -1.044301013927517729e-02
3.604000000000000000e+03 7.449715196790800837e+04 -9.403639393073981445e-03
3.605000000000000000e+03 7.451782265380365425e+04 -8.825916482328222123e-03
3.606000000000000000e+03 7.453849333969930012e+04 -8.847278299564664827e-03
3.607000000000000000e+03 7.455916402559494600e+04 -9.469572350478627776e-03
3.608000000000000000e+03 7.457983471149059187e+04 -1.055566237156180254e-02
3.609000000000000000e+03 7.460050539738623775e+04 -1.185781610380642892e-02
3.610000000000000000e+03 7.462117608328188362e+04 -1.307205273561995451e-02
3.611000000000000000e+03 7.464184676917752950e+04 -1.390659755684570120e-02
3.612000000000000000e+03 7.466251745507317537e+04 -1.414909876451581235e-02
3.613000000000000000e+03 7.468318814096882124e+04 -1.371718957020867831e-02
3.614000000000000000e+03 7.470385882686446712e+04 -1.268045262965072917e-02
3.615000000000000000e+03 7.472452951276011299e+04 -1.124815131225437304e-02
3.616000000000000000e+03 7.474520019865575887e+04 -9.724830008656148994e-03
3.617000000000000000e+03 7.476587088455140474e+04 -8.443280303858491376e-03
3.618000000000000000e+03 7.478654157044705062e+04 -7.689694878153019442e-03
3.619000000000000000e+03 7.480721225634269649e+04 -7.637831341333610989e-03
3.620000000000000000e+03 7.482788294223834237e+04 -8.307215768286690949e-03
3.621000000000000000e+03 7.484855362813398824e+04 -9.555239358005229722e-03
3.622000000000000000e+03 7.486922431402963412e+04 -1.110557864357170077e-02
3.623000000000000000e+03 7.488989499992527999e+04 -1.260728888193002328e-02
3.624000000000000000e+03 7.491056568582092586e+04 -1.371192451396691103e-02
3.625000000000000000e+03 7.493123637171657174e+04 -1.415171274273391289e-02
3.626000000000000000e+03 7.495190705761221761e+04 -1.380121614034740367e-02
3.627000000000000000e+03 7.497257774350786349e+04 -1.270831337275163397e-02
3.628000000000000000e+03 7.499324842940350936e+04 -1.108700894904196543e-02
3.629000000000000000e+03 7.501391911529915524e+04 -9.273068289834540678e-03
3.630000000000000000e+03 7.503458980119480111e+04 -7.651838684296197179e-03
3.631000000000000000e+03 7.505526048709044699e+04 -6.573942260527876336e-03
3.632000000000000000e+03 7.507593117298609286e+04 -6.277363176749428675e-03
3.633000000000000000e+03 7.509660185888173874e+04 -6.833176454878130655e-03
3.634000000000000000e+03 7.511727254477738461e+04 -8.127113262875185207e-03
3.635000000000000000e+03 7.513794323067303048e+04 -9.881459891818100694e-03
3.636000000000000000e+03 7.515861391656867636e+04 -1.171306962707785448e-02
3.637000000000000000e+03 7.517928460246432223e+04 -1.321533783564254882e-02
3.638000000000000000e+03 7.519995528835996811e+04 -1.404655723991721401e-02
3.639000000000000000e+03 7.522062597425561398e+04 -1.400539650198029396e-02
3.640000000000000000e+03 7.524129666015125986e+04 -1.307680422459478464e-02
3.641000000000000000e+03 7.526196734604690573e+04 -1.143793337477450045e-02
3.642000000000000000e+03 7.528263803194255161e+04 -9.422340408284768376e-03
3.643000000000000000e+03 7.530330871783819748e+04 -7.449831854983102186e-03
3.644000000000000000e+03 7.532397940373384336e+04 -5.936886998379631297e-03
3.645000000000000000e+03 7.534465008962948923e+04 -5.206892101654092553e-03
3.646000000000000000e+03 7.536532077552513510e+04 -5.419538186982320038e-03
3.647000000000000000e+03 7.538599146142078098e+04 -6.534691238203993446e-03
3.648000000000000000e+03 7.540666214731642685e+04 -8.318770172087541770e-03
3.649000000000000000e+03 7.542733283321207273e+04 -1.039269390147196104e-02
3.650000000000000000e+03 7.544800351910771860e+04 -1.231159101968237746e-02
3.651000000000000000e+03 7.546867420500336448e+04 -1.365952275202386712e-02
3.652000000000000000e+03 7.548934489089901035e+04 -1.413898690492410015e-02
3.653000000000000000e+03 7.551001557679465623e+04 -1.363582523335804715e-02
3.654000000000000000e+03 7.553068626269030210e+04 -1.224526800553105144e-02
3.655000000000000000e+03 7.555135694858594798e+04 -1.025314817162459313e-02
3.656000000000000000e+03 7.557202763448159385e+04 -8.076003766828931951e-03
3.657000000000000000e+03 7.559269832037723972e+04 -6.172738198303995283e-03
3.658000000000000000e+03 7.561336900627288560e+04 -4.946732628025252154e-03
3.659000000000000000e+03 7.563403969216853147e+04 -4.659409158274452345e-03
3.660000000000000000e+03 7.565471037806417735e+04 -5.373796230286664866e-03
3.661000000000000000e+03 7.567538106395982322e+04 -6.940257205199418244e-03
3.662000000000000000e+03 7.569605174985546910e+04 -9.027614715971576942e-03
3.663000000000000000e+03 7.571672243575111497e+04 -1.119326701165157534e-02
3.664000000000000000e+03 7.573739312164676085e+04 -1.297749572403444906e-02
3.665000000000000000e+03 7.575806380754240672e+04 -1.400179952567309760e-02
3.666000000000000000e+03 7.577873449343805260e+04 -1.405002805182447960e-02
3.667000000000000000e+03 7.579940517933369847e+04 -1.311469471713128110e-02
3.668000000000000000e+03 7.582007586522934434e+04 -1.139837856472697419e-02
3.669000000000000000e+03 7.584074655112499022e+04 -9.269916806404154830e-03
3.670000000000000000e+03 7.586141723702063609e+04 -7.184957620852250315e-03
3.671000000000000000e+03 7.588208792291628197e+04 -5.588180394853203836e-03
3.672000000000000000e+03 7.590275860881192784e+04 -4.818367824090508122e-03
3.673000000000000000e+03 7.592342929470757372e+04 -5.036712147829636166e-03
3.674000000000000000e+03 7.594409998060321959e+04 -6.193546535014693433e-03
3.675000000000000000e+03 7.596477066649886547e+04 -8.040353863262517109e-03
3.676000000000000000e+03 7.598544135239451134e+04 -1.018421986715523087e-02
3.677000000000000000e+03 7.600611203829015722e+04 -1.217284674889956841e-02
3.678000000000000000e+03 7.602678272418580309e+04 -1.359169925901643379e-02
3.679000000000000000e+03 7.604745341008144896e+04 -1.415226748941528050e-02
3.680000000000000000e+03 7.606812409597709484e+04 -1.375244576949252728e-02
3.681000000000000000e+03 7.608879478187274071e+04 -1.249622956811025087e-02
3.682000000000000000e+03 7.610946546776838659e+04 -1.066891122789426216e-02
3.683000000000000000e+03 7.613013615366403246e+04 -8.673676196801149985e-03
3.684000000000000000e+03 7.615080683955967834e+04 -6.943798414927647954e-03
3.685000000000000000e+03 7.617147752545532421e+04 -5.849690166170762318e-03
3.686000000000000000e+03 7.619214821135097009e+04 -5.620825675933860399e-03
3.687000000000000000e+03 7.621281889724661596e+04 -6.298988223431611910e-03
3.688000000000000000e+03 7.623348958314226184e+04 -7.732311723035067974e-03
3.689000000000000000e+03 7.625416026903790771e+04 -9.610774078988360003e-03
3.690000000000000000e+03 7.627483095493355358e+04 -1.153498935344210441e-02
3.691000000000000000e+03 7.629550164082919946e+04 -1.310313064499435409e-02
3.692000000000000000e+03 7.631617232672484533e+04 -1.399706789586729720e-02
3.693000000000000000e+03 7.633684301262049121e+04 -1.404916530454824834e-02
3.694000000000000000e+03 7.635751369851613708e+04 -1.327559289266533327e-02
3.695000000000000000e+03 7.637818438441178296e+04 -1.186946808335770376e-02
3.696000000000000000e+03 7.639885507030742883e+04 -1.015596660507250837e-02
3.697000000000000000e+03 7.641952575620307471e+04 -8.519763525113577263e-03
3.698000000000000000e+03 7.644019644209872058e+04 -7.320986698103604251e-03
3.699000000000000000e+03 7.646086712799436646e+04 -6.818049543656223843e-03
3.700000000000000000e+03 7.648153781389001233e+04 -7.113885895054850028e-03
3.701000000000000000e+03 7.650220849978565820e+04 -8.136756749326068405e-03
3.702000000000000000e+03 7.652287918568130408e+04 -9.659181663067561985e-03
3.703000000000000000e+03 7.654354987157694995e+04 -1.135030466055475529e-02
3.704000000000000000e+03 7.656422055747259583e+04 -1.284984588249049597e-02
3.705000000000000000e+03 7.658489124336824170e+04 -1.384721898470386847e-02
3.706000000000000000e+03 7.660556192926388758e+04 -1.414842077492373118e-02
3.707000000000000000e+03 7.662623261515953345e+04 -1.371617138088443433e-02
3.708000000000000000e+03 7.664690330105517933e+04 -1.267486616179736014e-02
3.709000000000000000e+03 7.666757398695082520e+04 -1.127980933619088244e-02
3.710000000000000000e+03 7.668824467284647108e+04 -9.858135035301418547e-03
3.711000000000000000e+03 7.670891535874211695e+04 -8.734994591692801791e-03
3.712000000000000000e+03 7.672958604463776283e+04 -8.161630325556723520e-03
3.713000000000000000e+03 7.675025673053340870e+04 -8.261238816146376784e-03
3.714000000000000000e+03 7.677092741642905457e+04 -9.004300595943981467e-03
3.715000000000000000e+03 7.679159810232470045e+04 -1.021833921661613465e-02
3.716000000000000000e+03 7.681226878822034632e+04 -1.162937919565792955e-02
3.717000000000000000e+03 7.683293947411599220e+04 -1.292536642390212931e-02
3.718000000000000000e+03 7.685361016001163807e+04 -1.382701523517876341e-02
3.719000000000000000e+03 7.687428084590728395e+04 -1.415002889615940562e-02
3.720000000000000000e+03 7.689495153180292982e+04 -1.384476907947957032e-02
3.721000000000000000e+03 7.691562221769857570e+04 -1.300474188332684244e-02
3.722000000000000000e+03 7.693629290359422157e+04 -1.184248383033176255e-02
3.723000000000000000e+03 7.695696358948986745e+04 -1.063888002800023047e-02
3.724000000000000000e+03 7.697763427538551332e+04 -9.677900314285114991e-03
3.725000000000000000e+03 7.699830496128115919e+04 -9.181846821110617451e-03
3.726000000000000000e+03 7.701897564717680507e+04 -9.261813529840734471e-03
3.727000000000000000e+03 7.703964633307245094e+04 -9.894343838965868887e-03
3.728000000000000000e+03 7.706031701896809682e+04 -1.092915978772551755e-02
3.729000000000000000e+03 7.708098770486374269e+04 -1.212573684006740260e-02
3.730000000000000000e+03 7.710165839075938857e+04 -1.320998968491821079e-02
3.731000000000000000e+03 7.712232907665503444e+04 -1.393785518580487222e-02
3.732000000000000000e+03 7.714299976255068032e+04 -1.415111556324377684e-02
3.733000000000000000e+03 7.716367044844632619e+04 -1.381273154243578549e-02
3.734000000000000000e+03 7.718434113434197207e+04 -1.301379973662575296e-02
3.735000000000000000e+03 7.720501182023761794e+04 -1.195086681986412547e-02
3.736000000000000000e+03 7.722568250613326381e+04 -1.087916963930302128e-02
3.737000000000000000e+03 7.724635319202890969e+04 -1.005283795030842420e-02
3.738000000000000000e+03 7.726702387792455556e+04 -9.665953222849910098e-03
3.739000000000000000e+03 7.728769456382020144e+04 -9.807995348008358150e-03
3.740000000000000000e+03 7.730836524971584731e+04 -1.044377849477062803e-02
3.741000000000000000e+03 7.732903593561149319e+04 -1.142231010121430579e-02
3.742000000000000000e+03 7.734970662150713906e+04 -1.251239419264471575e-02
3.743000000000000000e+03 7.737037730740278494e+04 -1.345670781465357901e-02
3.744000000000000000e+03 7.739104799329843081e+04 -1.403186040206116751e-02
3.745000000000000000e+03 7.741171867919407669e+04 -1.410056394684755521e-02
3.746000000000000000e+03 7.743238936508972256e+04 -1.364383886594444477e-02
3.747000000000000000e+03 7.745306005098536843e+04 -1.276576672433460402e-02
3.748000000000000000e+03 7.747373073688101431e+04 -1.166962865921594705e-02
3.749000000000000000e+03 7.749440142277666018e+04 -1.061087667227089693e-02
3.750000000000000000e+03 7.751507210867230606e+04 -9.837744673462989198e-03
3.751000000000000000e+03 7.753574279456795193e+04 -9.533180471717250803e-03
3.752000000000000000e+03 7.755641348046359781e+04 -9.771517835173937350e-03
3.753000000000000000e+03 7.757708416635924368e+04 -1.049998753419612019e-02
3.754000000000000000e+03 7.759775485225488956e+04 -1.154954891969217634e-02
3.755000000000000000e+03 7.761842553815053543e+04 -1.267285636509907221e-02
3.756000000000000000e+03 7.763909622404618131e+04 -1.360092655237055310e-02
3.757000000000000000e+03 7.765976690994182718e+04 -1.410564873625686118e-02
3.758000000000000000e+03 7.768043759583747305e+04 -1.405373010868538053e-02
3.759000000000000000e+03 7.770110828173311893e+04 -1.343942221111898982e-02
3.760000000000000000e+03 7.772177896762876480e+04 -1.238809882356878278e-02
3.761000000000000000e+03 7.774244965352441068e+04 -1.112940322066208187e-02
3.762000000000000000e+03 7.776312033942005655e+04 -9.945727417070948650e-03
3.763000000000000000e+03 7.778379102531570243e+04 -9.107582509646217073e-03
3.764000000000000000e+03 7.780446171121134830e+04 -8.810599060869839239e-03
3.765000000000000000e+03 7.782513239710699418e+04 -9.128707427227877869e-03
3.766000000000000000e+03 7.784580308300264005e+04 -9.994529731585821697e-03
3.767000000000000000e+03 7.786647376889828593e+04 -1.121195835804905672e-02
3.768000000000000000e+03 7.788714445479393180e+04 -1.249863226297914798e-02
3.769000000000000000e+03 7.790781514068957767e+04 -1.354914489068509420e-02
3.770000000000000000e+03 7.792848582658522355e+04 -1.410487780383057506e-02
3.771000000000000000e+03 7.794915651248086942e+04 -1.401453825421622446e-02
3.772000000000000000e+03 7.796982719837651530e+04 -1.327130057410180752e-02
3.773000000000000000e+03 7.799049788427216117e+04 -1.201757624860771978e-02
3.774000000000000000e+03 7.801116857016780705e+04 -1.051573177806969239e-02
3.775000000000000000e+03 7.803183925606345292e+04 -9.090865974926864990e-03
3.776000000000000000e+03 7.805250994195909880e+04 -8.058237159828562923e-03
3.777000000000000000e+03 7.807318062785474467e+04 -7.651580440606320366e-03
3.778000000000000000e+03 7.809385131375039055e+04 -7.968533733228255755e-03
3.779000000000000000e+03 7.811452199964603642e+04 -8.945723253213411219e-03
3.780000000000000000e+03 7.813519268554168229e+04 -1.036958161704326642e-02
3.781000000000000000e+03 7.815586337143732817e+04 -1.192109293436505180e-02
3.782000000000000000e+03 7.817653405733297404e+04 -1.324506254039325981e-02
3.783000000000000000e+03 7.819720474322861992e+04 -1.402885423468613890e-02
3.784000000000000000e+03 7.821787542912426579e+04 -1.407313662440168311e-02
3.785000000000000000e+03 7.823854611501991167e+04 -1.333866499750291368e-02
3.786000000000000000e+03 7.825921680091555754e+04 -1.195824112393195637e-02
3.787000000000000000e+03 7.827988748681120342e+04 -1.021063001315980490e-02
3.788000000000000000e+03 7.830055817270684929e+04 -8.461665839981868942e-03
3.789000000000000000e+03 7.832122885860249517e+04 -7.085143519183823013e-03
3.790000000000000000e+03 7.834189954449814104e+04 -6.380697247401700967e-03
3.791000000000000000e+03 7.836257023039378691e+04 -6.506679857828323588e-03
3.792000000000000000e+03 7.838324091628943279e+04 -7.442928221284283996e-03
3.793000000000000000e+03 7.840391160218507866e+04 -8.991951259847252853e-03
3.794000000000000000e+03 7.842458228808072454e+04 -1.081886420093042256e-02
3.795000000000000000e+03 7.844525297397637041e+04 -1.252200504208278442e-02
3.796000000000000000e+03 7.846592365987201629e+04 -1.371935463747853134e-02
3.797000000000000000e+03 7.848659434576766216e+04 -1.413215087204133802e-02
3.798000000000000000e+03 7.850726503166330804e+04 -1.364736366143282087e-02
3.799000000000000000e+03 7.852793571755895391e+04 -1.234502865928222004e-02
3.800000000000000000e+03 7.854860640345459979e+04 -1.048393510308454069e-02
3.801000000000000000e+03 7.856927708935024566e+04 -8.448206454718276692e-03
3.802000000000000000e+03 7.858994777524589153e+04 -6.665913388695987596e-03
3.803000000000000000e+03 7.861061846114153741e+04 -5.517093587220800455e-03
3.804000000000000000e+03 7.863128914703718328e+04 -5.251011932518978576e-03
3.805000000000000000e+03 7.865195983293282916e+04 -5.930642927592821856e-03
3.806000000000000000e+03 7.867263051882847503e+04 -7.416642131681582505e-03
3.807000000000000000e+03 7.869330120472412091e+04 -9.394736732770914145e-03
3.808000000000000000e+03 7.871397189061976678e+04 -1.144121481098081539e-02
3.809000000000000000e+03 7.873464257651541266e+04 -1.311290707253964793e-02
3.810000000000000000e+03 7.875531326241105853e+04 -1.404250963500197624e-02
3.811000000000000000e+03 7.877598394830670441e+04 -1.401860894691392412e-02
3.812000000000000000e+03 7.879665463420235028e+04 -1.303281105786252558e-02
3.813000000000000000e+03 7.881732532009799615e+04 -1.128336823431602687e-02
3.814000000000000000e+03 7.883799600599364203e+04 -9.134124392159215233e-03
3.815000000000000000e+03 7.885866669188928790e+04 -7.037383767285798619e-03
3.816000000000000000e+03 7.887933737778493378e+04 -5.437253196119984366e-03
3.817000000000000000e+03 7.890000806368057965e+04 -4.674315416400731671e-03
3.818000000000000000e+03 7.892067874957622553e+04 -4.912205628796906254e-03
3.819000000000000000e+03 7.894134943547187140e+04 -6.101922996524344889e-03
3.820000000000000000e+03 7.896202012136751728e+04 -7.991626782038963039e-03
3.821000000000000000e+03 7.898269080726316315e+04 -1.017997181321200761e-02
3.822000000000000000e+03 7.900336149315880903e+04 -1.220170508484991201e-02
3.823000000000000000e+03 7.902403217905445490e+04 -1.362721174738329433e-02
3.824000000000000000e+03 7.904470286495010077e+04 -1.415454267232080059e-02
3.825000000000000000e+03 7.906537355084574665e+04 -1.367398752067178203e-02
3.826000000000000000e+03 7.908604423674139252e+04 -1.229121110567316100e-02
3.827000000000000000e+03 7.910671492263703840e+04 -1.030402449864731285e-02
3.828000000000000000e+03 7.912738560853268427e+04 -8.137981408671723926e-03
3.829000000000000000e+03 7.914805629442833015e+04 -6.254916753734574009e-03
3.830000000000000000e+03 7.916872698032397602e+04 -5.054297045453792769e-03
3.831000000000000000e+03 7.918939766621962190e+04 -4.788590822984550854e-03
3.832000000000000000e+03 7.921006835211526777e+04 -5.510601789214475410e-03
3.833000000000000000e+03 7.923073903801091365e+04 -7.063691168214258909e-03
3.834000000000000000e+03 7.925140972390655952e+04 -9.116630034934569693e-03
3.835000000000000000e+03 7.927208040980220539e+04 -1.123536908863365102e-02
3.836000000000000000e+03 7.929275109569785127e+04 -1.297620073552208098e-02
3.837000000000000000e+03 7.931342178159349714e+04 -1.398025874094954539e-02
3.838000000000000000e+03 7.933409246748914302e+04 -1.404908921291059265e-02
3.839000000000000000e+03 7.935476315338478889e+04 -1.318523083607758828e-02
3.840000000000000000e+03 7.937543383928043477e+04 -1.158942832235398956e-02
3.841000000000000000e+03 7.939610452517608064e+04 -9.615542054071168909e-03
3.842000000000000000e+03 7.941677521107172652e+04 -7.693319374989904258e-03
3.843000000000000000e+03 7.943744589696737239e+04 -6.235973801317851173e-03
3.844000000000000000e+03 7.945811658286301827e+04 -5.552526742781005442e-03
3.845000000000000000e+03 7.947878726875866414e+04 -5.783525723196680790e-03
3.846000000000000000e+03 7.949945795465431002e+04 -6.873482021305832301e-03
3.847000000000000000e+03 7.952012864054995589e+04 -8.585405966720471849e-03
3.848000000000000000e+03 7.954079932644560176e+04 -1.055385760799448791e-02
3.849000000000000000e+03 7.956147001234124764e+04 -1.236479196954642923e-02
3.850000000000000000e+03 7.958214069823689351e+04 -1.364482971005076539e-02
3.851000000000000000e+03 7.960281138413253939e+04 -1.414065639165329458e-02
3.852000000000000000e+03 7.962348207002818526e+04 -1.377152149570248785e-02
3.853000000000000000e+03 7.964415275592383114e+04 -1.264379716966512746e-02
3.854000000000000000e+03 7.966482344181947701e+04 -1.102492629525342327e-02
3.855000000000000000e+03 7.968549412771512289e+04 -9.282966973192086080e-03
3.856000000000000000e+03 7.970616481361076876e+04 -7.805357097507736874e-03
3.857000000000000000e+03 7.972683549950641464e+04 -6.914849474271789198e-03
3.858000000000000000e+03 7.974750618540206051e+04 -6.800892429079108403e-03
3.859000000000000000e+03 7.976817687129770638e+04 -7.481072656188803016e-03
3.860000000000000000e+03 7.978884755719335226e+04 -8.800499630110980576e-03
3.861000000000000000e+03 7.980951824308899813e+04 -1.046870126454602090e-02
3.862000000000000000e+03 7.983018892898464401e+04 -1.212547828216731238e-02
3.863000000000000000e+03 7.985085961488028988e+04 -1.342093330572197325e-02
3.864000000000000000e+03 7.987153030077593576e+04 -1.409190551949762726e-02
3.865000000000000000e+03 7.989220098667158163e+04 -1.401800229171429150e-02
3.866000000000000000e+03 7.991287167256722751e+04 -1.324513763493767593e-02
3.867000000000000000e+03 7.993354235846287338e+04 -1.197188538382937262e-02
3.868000000000000000e+03 7.995421304435851926e+04 -1.050232376057419481e-02
3.869000000000000000e+03 7.997488373025416513e+04 -9.176468984608499024e-03
3.870000000000000000e+03 7.999555441614981100e+04 -8.294192896609431376e-03
3.871000000000000000e+03 8.001622510204545688e+04 -8.049653593451611133e-03
3.872000000000000000e+03 8.003689578794110275e+04 -8.490576362481017103e-03
3.873000000000000000e+03 8.005756647383674863e+04 -9.510919862504574329e-03
3.874000000000000000e+03 8.007823715973239450e+04 -1.087791093566187195e-02
3.875000000000000000e+03 8.009890784562804038e+04 -1.228679917002600819e-02
3.876000000000000000e+03 8.011957853152368625e+04 -1.343061582304599932e-02
3.877000000000000000e+03 8.014024921741933213e+04 -1.406904457115315706e-02
3.878000000000000000e+03 8.016091990331497800e+04 -1.408093833234897070e-02
3.879000000000000000e+03 8.018159058921062388e+04 -1.348894580325560484e-02
3.880000000000000000e+03 8.020226127510626975e+04 -1.245121470551435738e-02
3.881000000000000000e+03 8.022293196100191562e+04 -1.122268452007035844e-02
3.882000000000000000e+03 8.024360264689756150e+04 -1.009531763949356176e-02
3.883000000000000000e+03 8.026427333279320737e+04 -9.331192207650995663e-03
3.884000000000000000e+03 8.028494401868885325e+04 -9.103701550942533416e-03
3.885000000000000000e+03 8.030561470458449912e+04 -9.459963935589121853e-03
3.886000000000000000e+03 8.032628539048014500e+04 -1.031252555193395981e-02
3.887000000000000000e+03 8.034695607637579087e+04 -1.146172821674540376e-02
3.888000000000000000e+03 8.036762676227143675e+04 -1.264321150415315120e-02
3.889000000000000000e+03 8.038829744816708262e+04 -1.358943229473330398e-02
3.890000000000000000e+03 8.040896813406272850e+04 -1.409103794457833292e-02
3.891000000000000000e+03 8.042963881995837437e+04 -1.404410588863447447e-02
3.892000000000000000e+03 8.045030950585402024e+04 -1.347262225664025252e-02
3.893000000000000000e+03 8.047098019174966612e+04 -1.252133403538435719e-02
3.894000000000000000e+03 8.049165087764531199e+04 -1.142093270630406554e-02
3.895000000000000000e+03 8.051232156354095787e+04 -1.043383489136173736e-02
3.896000000000000000e+03 8.053299224943660374e+04 -9.793175998403347293e-03
3.897000000000000000e+03 8.055366293533224962e+04 -9.649056596103156025e-03
3.898000000000000000e+03 8.057433362122789549e+04 -1.003430053496701113e-02
3.899000000000000000e+03 8.059500430712354137e+04 -1.085745342185029383e-02
3.900000000000000000e+03 8.061567499301918724e+04 -1.192451679382844354e-02
3.901000000000000000e+03 8.063634567891483312e+04 -1.298436522383372704e-02
3.902000000000000000e+03 8.065701636481047899e+04 -1.378737713218170131e-02
3.903000000000000000e+03 8.067768705070612486e+04 -1.414374737357348977e-02
3.904000000000000000e+03 8.069835773660177074e+04 -1.396796981287729000e-02
3.905000000000000000e+03 8.071902842249741661e+04 -1.329911970561159680e-02
3.906000000000000000e+03 8.073969910839306249e+04 -1.229213424841579805e-02
3.907000000000000000e+03 8.076036979428870836e+04 -1.118200651310830018e-02
3.908000000000000000e+03 8.078104048018435424e+04 -1.022911062806008964e-02
3.909000000000000000e+03 8.080171116608000011e+04 -9.658289880636106162e-03
3.910000000000000000e+03 8.082238185197564599e+04 -9.605834038613036974e-03
3.911000000000000000e+03 8.084305253787129186e+04 -1.008670969007047225e-02
3.912000000000000000e+03 8.086372322376693774e+04 -1.098980535266530500e-02
3.913000000000000000e+03 8.088439390966258361e+04 -1.210255682730826399e-02
3.914000000000000000e+03 8.090506459555822948e+04 -1.315955362332937861e-02
3.915000000000000000e+03 8.092573528145387536e+04 -1.390411102933081233e-02
3.916000000000000000e+03 8.094640596734952123e+04 -1.414862837830849207e-02
3.917000000000000000e+03 8.096707665324516711e+04 -1.381963362610644404e-02
3.918000000000000000e+03 8.098774733914081298e+04 -1.297679171393090192e-02
3.919000000000000000e+03 8.100841802503645886e+04 -1.180109356846442692e-02
3.920000000000000000e+03 8.102908871093210473e+04 -1.055457743900539702e-02
3.921000000000000000e+03 8.104975939682775061e+04 -9.520592632179580850e-03
3.922000000000000000e+03 8.107043008272339648e+04 -8.938225155183110449e-03
3.923000000000000000e+03 8.109110076861904236e+04 -8.945980370742068200e-03
3.924000000000000000e+03 8.111177145451468823e+04 -9.547825677209520467e-03
3.925000000000000000e+03 8.113244214041033410e+04 -1.060970783725873057e-02
3.926000000000000000e+03 8.115311282630597998e+04 -1.188779962379110655e-02
3.927000000000000000e+03 8.117378351220162585e+04 -1.308251010280198079e-02
3.928000000000000000e+03 8.119445419809727173e+04 -1.390631166548511773e-02
3.929000000000000000e+03 8.121512488399291760e+04 -1.415007053935418702e-02
3.930000000000000000e+03 8.123579556988856348e+04 -1.373265162781323045e-02
3.931000000000000000e+03 8.125646625578420935e+04 -1.272215929765074804e-02
3.932000000000000000e+03 8.127713694167985523e+04 -1.132349850127634117e-02
3.933000000000000000e+03 8.129780762757550110e+04 -9.834564016227176353e-03
3.934000000000000000e+03 8.131847831347114698e+04 -8.580540290583082985e-03
3.935000000000000000e+03 8.133914899936679285e+04 -7.840865078666880983e-03
3.936000000000000000e+03 8.135981968526243872e+04 -7.785213233522548550e-03
3.937000000000000000e+03 8.138049037115808460e+04 -8.432999757855164091e-03
3.938000000000000000e+03 8.140116105705373047e+04 -9.645823615459292455e-03
3.939000000000000000e+03 8.142183174294937635e+04 -1.115509304690731618e-02
3.940000000000000000e+03 8.144250242884502222e+04 -1.261931473074684451e-02
3.941000000000000000e+03 8.146317311474066810e+04 -1.369884411374411304e-02
3.942000000000000000e+03 8.148384380063631397e+04 -1.413176632579449254e-02
3.943000000000000000e+03 8.150451448653195985e+04 -1.379400060193081319e-02
3.944000000000000000e+03 8.152518517242760572e+04 -1.272992211889456549e-02
3.945000000000000000e+03 8.154585585832325160e+04 -1.114613049984553017e-02
3.946000000000000000e+03 8.156652654421889747e+04 -9.369087646045215489e-03
3.947000000000000000e+03 8.158719723011454334e+04 -7.775402490846016444e-03
3.948000000000000000e+03 8.160786791601018922e+04 -6.709740486712189277e-03
3.949000000000000000e+03 8.162853860190583509e+04 -6.408267724153648981e-03
3.950000000000000000e+03 8.164920928780148097e+04 -6.944543056803308655e-03
3.951000000000000000e+03 8.166987997369712684e+04 -8.210083041261695413e-03
3.952000000000000000e+03 8.169055065959277272e+04 -9.934461967089802670e-03
3.953000000000000000e+03 8.171122134548841859e+04 -1.174130067015577428e-02
3.954000000000000000e+03 8.173189203138406447e+04 -1.322859646890439667e-02
3.955000000000000000e+03 8.175256271727971034e+04 -1.405625410990474222e-02
3.956000000000000000e+03 8.177323340317535622e+04 -1.402171038086641279e-02
3.957000000000000000e+03 8.179390408907100209e+04 -1.310677649060898453e-02
3.958000000000000000e+03 8.181457477496664796e+04 -1.148486919489333236e-02
3.959000000000000000e+03 8.183524546086229384e+04 -9.486382126201231557e-03
3.960000000000000000e+03 8.185591614675793971e+04 -7.529176215951728125e-03
3.961000000000000000e+03 8.187658683265358559e+04 -6.028969190849942095e-03
3.962000000000000000e+03 8.189725751854923146e+04 -5.308992355240738092e-03
3.963000000000000000e+03 8.191792820444487734e+04 -5.528609958172836514e-03
3.964000000000000000e+03 8.193859889034052321e+04 -6.646619562334143971e-03
3.965000000000000000e+03 8.195926957623616909e+04 -8.427582863750837650e-03
3.966000000000000000e+03 8.197994026213181496e+04 -1.049034296792478171e-02
3.967000000000000000e+03 8.200061094802746084e+04 -1.238875027757552205e-02
3.968000000000000000e+03 8.202128163392310671e+04 -1.370745891447372640e-02
3.969000000000000000e+03 8.204195231981875258e+04 -1.415209005704204555e-02
3.970000000000000000e+03 8.206262300571439846e+04 -1.361401023300884243e-02
3.971000000000000000e+03 8.208329369161004433e+04 -1.219534028076946219e-02
3.972000000000000000e+03 8.210396437750569021e+04 -1.018843970489463624e-02
3.973000000000000000e+03 8.212463506340133608e+04 -8.014080219044039666e-03
3.974000000000000000e+03 8.214530574929698196e+04 -6.131597495027674150e-03
3.975000000000000000e+03 8.216597643519262783e+04 -4.940445787983027692e-03
3.976000000000000000e+03 8.218664712108827371e+04 -4.694408802773497591e-03
3.977000000000000000e+03 8.220731780698391958e+04 -5.446904723142020899e-03
3.978000000000000000e+03 8.222798849287956546e+04 -7.039093346028257869e-03
3.979000000000000000e+03 8.224865917877521133e+04 -9.133357297065214375e-03
3.980000000000000000e+03 8.226932986467085721e+04 -1.128507845314907776e-02
3.981000000000000000e+03 8.229000055056650308e+04 -1.303742265168483794e-02
3.982000000000000000e+03 8.231067123646214895e+04 -1.401882591448611048e-02
3.983000000000000000e+03 8.233134192235779483e+04 -1.402221458171692969e-02
3.984000000000000000e+03 8.235201260825344070e+04 -1.304891789687023795e-02
3.985000000000000000e+03 8.237268329414908658e+04 -1.130789621343486484e-02
3.986000000000000000e+03 8.239335398004473245e+04 -9.170599300195425574e-03
3.987000000000000000e+03 8.241402466594037833e+04 -7.091343438960838984e-03
3.988000000000000000e+03 8.243469535183602420e+04 -5.510453622688371578e-03
3.989000000000000000e+03 8.245536603773167008e+04 -4.760960798034841179e-03
3.990000000000000000e+03 8.247603672362731595e+04 -4.998662879445336937e-03
3.991000000000000000e+03 8.249670740952296183e+04 -6.170188059869075037e-03
3.992000000000000000e+03 8.251737809541860770e+04 -8.025556016640622570e-03
3.993000000000000000e+03 8.253804878131425357e+04 -1.017234133193395396e-02
3.994000000000000000e+03 8.255871946720989945e+04 -1.215978610575635388e-02
3.995000000000000000e+03 8.257939015310554532e+04 -1.357486296043619589e-02
3.996000000000000000e+03 8.260006083900119120e+04 -1.412973793902294779e-02
3.997000000000000000e+03 8.262073152489683707e+04 -1.372195717328472502e-02
3.998000000000000000e+03 8.264140221079248295e+04 -1.245461726122654156e-02
3.999000000000000000e+03 8.266207289668812882e+04 -1.061246951588634690e-02
4.000000000000000000e+03 8.268274358258377470e+04 -8.599433555040780774e-03
4.001000000000000000e+03 8.270341426847942057e+04 -6.851269382438628618e-03
4.002000000000000000e+03 8.272408495437506645e+04 -5.742372291424380215e-03
4.003000000000000000e+03 8.274475564027071232e+04 -5.506697303899632523e-03
4.004000000000000000e+03 8.276542632616635819e+04 -6.189543879320802411e-03
4.005000000000000000e+03 8.278609701206200407e+04 -7.640156668448860010e-03
4.006000000000000000e+03 8.280676769795764994e+04 -9.546328023314676336e-03
4.007000000000000000e+03 8.282743838385329582e+04 -1.150324083044540480e-02
4.008000000000000000e+03 8.284810906974894169e+04 -1.310149173333075012e-02
4.009000000000000000e+03 8.286877975564458757e+04 -1.401514113835850006e-02
4.010000000000000000e+03 8.288945044154023344e+04 -1.407070279182859318e-02
4.011000000000000000e+03 8.291012112743587932e+04 -1.328226089453304892e-02
4.012000000000000000e+03 8.293079181333152519e+04 -1.184544598043596464e-02
4.013000000000000000e+03 8.295146249922717107e+04 -1.009210426983347952e-02
4.014000000000000000e+03 8.297213318512281694e+04 -8.416104841967253503e-03
4.015000000000000000e+03 8.299280387101846281e+04 -7.186917389817527348e-03
4.016000000000000000e+03 8.301347455691410869e+04 -6.670002624252824308e-03
4.017000000000000000e+03 8.303414524280975456e+04 -6.971227376581790904e-03
4.018000000000000000e+03 8.305481592870540044e+04 -8.016972344458250799e-03
4.019000000000000000e+03 8.307548661460104631e+04 -9.573654252101715390e-03
4.020000000000000000e+03 8.309615730049669219e+04 -1.130177448116426175e-02
4.021000000000000000e+03 8.311682798639233806e+04 -1.283214717071595734e-02
4.022000000000000000e+03 8.313749867228798394e+04 -1.384723990032693704e-02
4.023000000000000000e+03 8.315816935818362981e+04 -1.414963333309132709e-02
4.024000000000000000e+03 8.317884004407927569e+04 -1.370270300961445864e-02
4.025000000000000000e+03 8.319951072997492156e+04 -1.263503446515595874e-02
4.026000000000000000e+03 8.322018141587056743e+04 -1.120830524316285270e-02
4.027000000000000000e+03 8.324085210176621331e+04 -9.756503975246966220e-03
4.028000000000000000e+03 8.326152278766185918e+04 -8.610563854441366516e-03
4.029000000000000000e+03 8.328219347355750506e+04 -8.025405428507936811e-03
4.030000000000000000e+03 8.330286415945315093e+04 -8.125446836151017926e-03
4.031000000000000000e+03 8.332353484534879681e+04 -8.880185273250518208e-03
4.032000000000000000e+03 8.334420553124444268e+04 -1.011457970483120583e-02
4.033000000000000000e+03 8.336487621714008856e+04 -1.155122256234797362e-02
4.034000000000000000e+03 8.338554690303573443e+04 -1.287434339927062688e-02
4.035000000000000000e+03 8.340621758893138031e+04 -1.380102054549670054e-02
4.036000000000000000e+03 8.342688827482702618e+04 -1.414360143039739004e-02
4.037000000000000000e+03 8.344755896072267205e+04 -1.384954970240737104e-02
4.038000000000000000e+03 8.346822964661831793e+04 -1.301022480187552510e-02
4.039000000000000000e+03 8.348890033251396380e+04 -1.183722015116395188e-02
4.040000000000000000e+03 8.350957101840960968e+04 -1.061219416167014096e-02
4.041000000000000000e+03 8.353024170430525555e+04 -9.621965205401539212e-03
4.042000000000000000e+03 8.355091239020090143e+04 -9.093718108927284494e-03
4.043000000000000000e+03 8.357158307609654730e+04 -9.144857063874300973e-03
4.044000000000000000e+03 8.359225376199219318e+04 -9.758496983794107127e-03
4.045000000000000000e+03 8.361292444788783905e+04 -1.078967963477039937e-02
4.046000000000000000e+03 8.363359513378348493e+04 -1.200047010069660303e-02
4.047000000000000000e+03 8.365426581967913080e+04 -1.311564592593306156e-02
4.048000000000000000e+03 8.367493650557477667e+04 -1.388613536884208965e-02
4.049000000000000000e+03 8.369560719147042255e+04 -1.414570632548073359e-02
4.050000000000000000e+03 8.371627787736606842e+04 -1.384804299319297716e-02
4.051000000000000000e+03 8.373694856326171430e+04 -1.307591251479534034e-02
4.052000000000000000e+03 8.375761924915736017e+04 -1.202056999074108123e-02
4.053000000000000000e+03 8.377828993505300605e+04 -1.093638648051620255e-02
4.054000000000000000e+03 8.379896062094865192e+04 -1.008133187668347475e-02
4.055000000000000000e+03 8.381963130684429780e+04 -9.657108292653537873e-03
4.056000000000000000e+03 8.384030199273994367e+04 -9.762706746640814615e-03
4.057000000000000000e+03 8.386097267863558955e+04 -1.037199627740681418e-02
4.058000000000000000e+03 8.388164336453123542e+04 -1.134040545032205527e-02
4.059000000000000000e+03 8.390231405042688129e+04 -1.243908291657996878e-02
4.060000000000000000e+03 8.392298473632252717e+04 -1.340861368895090999e-02
4.061000000000000000e+03 8.394365542221817304e+04 -1.401983939815415470e-02
4.062000000000000000e+03 8.396432610811381892e+04 -1.412764008616879119e-02
4.063000000000000000e+03 8.398499679400946479e+04 -1.370511734617302357e-02
4.064000000000000000e+03 8.400566747990511067e+04 -1.285014641157139481e-02
4.065000000000000000e+03 8.402633816580075654e+04 -1.176269867539564418e-02
4.066000000000000000e+03 8.404700885169640242e+04 -1.069816771510284648e-02
4.067000000000000000e+03 8.406767953759204829e+04 -9.907548933838550287e-03
4.068000000000000000e+03 8.408835022348769417e+04 -9.578402690823162313e-03
4.069000000000000000e+03 8.410902090938334004e+04 -9.790364284348040957e-03
4.070000000000000000e+03 8.412969159527898591e+04 -1.049561676133142774e-02
4.071000000000000000e+03 8.415036228117463179e+04 -1.152900600139167286e-02
4.072000000000000000e+03 8.417103296707027766e+04 -1.264565657646105068e-02
4.073000000000000000e+03 8.419170365296592354e+04 -1.357757127742170722e-02
4.074000000000000000e+03 8.421237433886156941e+04 -1.409621639960906281e-02
4.075000000000000000e+03 8.423304502475721529e+04 -1.406657086444290661e-02
4.076000000000000000e+03 8.425371571065286116e+04 -1.347995709200095100e-02
4.077000000000000000e+03 8.427438639654850704e+04 -1.245779202067581748e-02
4.078000000000000000e+03 8.429505708244415291e+04 -1.122509430855356261e-02
4.079000000000000000e+03 8.431572776833979879e+04 -1.005959769587183583e-02
4.080000000000000000e+03 8.433639845423544466e+04 -9.228009174784723712e-03
4.081000000000000000e+03 8.435706914013109053e+04 -8.923988380370673212e-03
4.082000000000000000e+03 8.437773982602673641e+04 -9.222121975952179973e-03
4.083000000000000000e+03 8.439841051192238228e+04 -1.005861935509844152e-02
4.084000000000000000e+03 8.441908119781802816e+04 -1.124348183447709815e-02
4.085000000000000000e+03 8.443975188371367403e+04 -1.250181782347814519e-02
4.086000000000000000e+03 8.446042256960931991e+04 -1.353533581586962957e-02
4.087000000000000000e+03 8.448109325550496578e+04 -1.409032187507463889e-02
4.088000000000000000e+03 8.450176394140061166e+04 -1.401670390233023152e-02
4.089000000000000000e+03 8.452243462729625753e+04 -1.330457919818872625e-02
4.090000000000000000e+03 8.454310531319190341e+04 -1.208949561387384630e-02
4.091000000000000000e+03 8.456377599908754928e+04 -1.062475089454600896e-02
4.092000000000000000e+03 8.458444668498319515e+04 -9.226438489514710017e-03
4.093000000000000000e+03 8.460511737087884103e+04 -8.203219500682534804e-03
4.094000000000000000e+03 8.462578805677448690e+04 -7.786403869374402230e-03
4.095000000000000000e+03 8.464645874267013278e+04 -8.076055583794150561e-03
4.096000000000000000e+03 8.466712942856577865e+04 -9.015473432869958170e-03
4.097000000000000000e+03 8.468780011446142453e+04 -1.040028429769157547e-02
4.098000000000000000e+03 8.470847080035707040e+04 -1.192082295583662965e-02
4.099000000000000000e+03 8.472914148625271628e+04 -1.322905371611748926e-02
4.100000000000000000e+03 8.474981217214836215e+04 -1.401562080158391503e-02
4.101000000000000000e+03 8.477048285804400803e+04 -1.408000759712457577e-02
4.102000000000000000e+03 8.479115354393965390e+04 -1.337793361351879810e-02
4.103000000000000000e+03 8.481182422983529978e+04 -1.203487581899242986e-02
4.104000000000000000e+03 8.483249491573094565e+04 -1.032197520487931897e-02
4.105000000000000000e+03 8.485316560162659152e+04 -8.598958860090544221e-03
4.106000000000000000e+03 8.487383628752223740e+04 -7.236184952228663647e-03
4.107000000000000000e+03 8.489450697341788327e+04 -6.532781358103312286e-03
4.108000000000000000e+03 8.491517765931352915e+04 -6.648967362803737124e-03
4.109000000000000000e+03 8.493584834520917502e+04 -7.567766647194274811e-03
4.110000000000000000e+03 8.495651903110482090e+04 -9.095083396137848553e-03
4.111000000000000000e+03 8.497718971700046677e+04 -1.089885289757291931e-02
4.112000000000000000e+03 8.499786040289611265e+04 -1.257941119875521929e-02
4.113000000000000000e+03 8.501853108879175852e+04 -1.375617186554240097e-02
4.114000000000000000e+03 8.503920177468740440e+04 -1.415175191844980467e-02
4.115000000000000000e+03 8.505987246058305027e+04 -1.365486045762315248e-02
4.116000000000000000e+03 8.508054314647869614e+04 -1.234764484254430306e-02
4.117000000000000000e+03 8.510121383237434202e+04 -1.049087574720647398e-02
4.118000000000000000e+03 8.512188451826998789e+04 -8.469647361801502239e-03
4.119000000000000000e+03 8.514255520416563377e+04 -6.711078725145646316e-03
4.120000000000000000e+03 8.516322589006127964e+04 -5.591812732330336821e-03
4.121000000000000000e+03 8.518389657595692552e+04 -5.355475152592936716e-03
4.122000000000000000e+03 8.520456726185257139e+04 -6.058173100918273768e-03
4.123000000000000000e+03 8.522523794774821727e+04 -7.554108971124184890e-03
4.124000000000000000e+03 8.524590863364386314e+04 -9.524800674141964407e-03
4.125000000000000000e+03 8.526657931953950902e+04 -1.154602476352106777e-02
4.126000000000000000e+03 8.528725000543515489e+04 -1.317836646683279156e-02
4.127000000000000000e+03 8.530792069133080076e+04 -1.406194700371510460e-02
4.128000000000000000e+03 8.532859137722644664e+04 -1.399476061998250302e-02
4.129000000000000000e+03 8.534926206312209251e+04 -1.297745085181700730e-02
4.130000000000000000e+03 8.536993274901773839e+04 -1.121458366912486682e-02
4.131000000000000000e+03 8.539060343491338426e+04 -9.071932821243855471e-03
4.132000000000000000e+03 8.541127412080903014e+04 -6.998878712792588018e-03
4.133000000000000000e+03 8.543194480670467601e+04 -5.432607630128594156e-03
4.134000000000000000e+03 8.545261549260032189e+04 -4.704702823235484832e-03
4.135000000000000000e+03 8.547328617849596776e+04 -4.970123546574611861e-03
4.136000000000000000e+03 8.549395686439161364e+04 -6.173704474111862961e-03
4.137000000000000000e+03 8.551462755028725951e+04 -8.061316714896127333e-03
4.138000000000000000e+03 8.553529823618290538e+04 -1.023340336532124750e-02
4.139000000000000000e+03 8.555596892207855126e+04 -1.222962993824988631e-02
4.140000000000000000e+03 8.557663960797419713e+04 -1.362670359925732995e-02
4.141000000000000000e+03 8.559731029386984301e+04 -1.412848409568334511e-02
4.142000000000000000e+03 8.561798097976548888e+04 -1.362906637870109176e-02
4.143000000000000000e+03 8.563865166566113476e+04 -1.223528413289004524e-02
4.144000000000000000e+03 8.565932235155678063e+04 -1.024381107075283959e-02
4.145000000000000000e+03 8.567999303745242651e+04 -8.077811118521405209e-03
4.146000000000000000e+03 8.570066372334807238e+04 -6.196777984594781241e-03
4.147000000000000000e+03 8.572133440924371826e+04 -4.998908836701787539e-03
4.148000000000000000e+03 8.574200509513936413e+04 -4.736841674034153460e-03
4.149000000000000000e+03 8.576267578103501000e+04 -5.464596158488543853e-03
4.150000000000000000e+03 8.578334646693065588e+04 -7.026841554748308738e-03
4.151000000000000000e+03 8.580401715282630175e+04 -9.092649341323588708e-03
4.152000000000000000e+03 8.582468783872194763e+04 -1.122650115145451544e-02
4.153000000000000000e+03 8.584535852461759350e+04 -1.298139872863601774e-02
4.154000000000000000e+03 8.586602921051323938e+04 -1.399413581289121744e-02
4.155000000000000000e+03 8.588669989640888525e+04 -1.406226258706300136e-02
4.156000000000000000e+03 8.590737058230453113e+04 -1.318621435962985533e-02
4.157000000000000000e+03 8.592804126820017700e+04 -1.156765737645315539e-02
4.158000000000000000e+03 8.594871195409582288e+04 -9.564646152105837906e-03
4.159000000000000000e+03 8.596938263999146875e+04 -7.613570676633485412e-03
4.160000000000000000e+03 8.599005332588711462e+04 -6.135015695325485297e-03
4.161000000000000000e+03 8.601072401178276050e+04 -5.443977875517536091e-03
4.162000000000000000e+03 8.603139469767840637e+04 -5.683703922523930530e-03
4.163000000000000000e+03 8.605206538357405225e+04 -6.797091941117660262e-03
4.164000000000000000e+03 8.607273606946969812e+04 -8.541395738790036329e-03
4.165000000000000000e+03 8.609340675536534400e+04 -1.054265754126798571e-02
4.166000000000000000e+03 8.611407744126098987e+04 -1.237778872112887951e-02
4.167000000000000000e+03 8.613474812715663575e+04 -1.366629867591534313e-02
4.168000000000000000e+03 8.615541881305228162e+04 -1.415165992108452335e-02
4.169000000000000000e+03 8.617608949894792750e+04 -1.375470406192141719e-02
4.170000000000000000e+03 8.619676018484357337e+04 -1.258775460248456879e-02
4.171000000000000000e+03 8.621743087073921924e+04 -1.092697243809653829e-02
4.172000000000000000e+03 8.623810155663486512e+04 -9.149612329450884651e-03
4.173000000000000000e+03 8.625877224253051099e+04 -7.650483949923736482e-03
4.174000000000000000e+03 8.627944292842615687e+04 -6.756200882443884857e-03
4.175000000000000000e+03 8.630011361432180274e+04 -6.655899567529322859e-03
4.176000000000000000e+03 8.632078430021744862e+04 -7.363125125721014207e-03
4.177000000000000000e+03 8.634145498611309449e+04 -8.716526273608860009e-03
4.178000000000000000e+03 8.636212567200874037e+04 -1.041847749186819438e-02
4.179000000000000000e+03 8.638279635790438624e+04 -1.210256457477554282e-02
4.180000000000000000e+03 8.640346704380003212e+04 -1.341473652343183609e-02
4.181000000000000000e+03 8.642413772969567799e+04 -1.409015525188972440e-02
4.182000000000000000e+03 8.644480841559132386e+04 -1.400898548993556592e-02
4.183000000000000000e+03 8.646547910148696974e+04 -1.321928237894631764e-02
4.184000000000000000e+03 8.648614978738261561e+04 -1.192260792025778837e-02
4.185000000000000000e+03 8.650682047327826149e+04 -1.042631552284789542e-02
4.186000000000000000e+03 8.652749115917390736e+04 -9.073707129470975907e-03
4.187000000000000000e+03 8.654816184506955324e+04 -8.167890574956093719e-03
4.188000000000000000e+03 8.656883253096519911e+04 -7.906183248698350763e-03
4.189000000000000000e+03 8.658950321686084499e+04 -8.339205319564835239e-03
4.190000000000000000e+03 8.661017390275649086e+04 -9.363097172309930993e-03
4.191000000000000000e+03 8.663084458865213674e+04 -1.074590147407084029e-02
4.192000000000000000e+03 8.665151527454778261e+04 -1.218167306666440020e-02
4.193000000000000000e+03 8.667218596044342848e+04 -1.335989819607075017e-02
4.194000000000000000e+03 8.669285664633907436e+04 -1.403459580592059282e-02
4.195000000000000000e+03 8.671352733223472023e+04 -1.407774729476041382e-02
4.196000000000000000e+03 8.673419801813036611e+04 -1.350539942664285946e-02
4.197000000000000000e+03 8.675486870402601198e+04 -1.247105972550077713e-02
4.198000000000000000e+03 8.677553938992165786e+04 -1.122841195401513836e-02
4.199000000000000000e+03 8.679621007581730373e+04 -1.007223141380952924e-02
4.200000000000000000e+03 8.681688076171294961e+04 -9.271132476114218868e-03
4.201000000000000000e+03 8.683755144760859548e+04 -9.007392227248778305e-03
4.202000000000000000e+03 8.685822213350424136e+04 -9.337262448480210253e-03
4.203000000000000000e+03 8.687889281939988723e+04 -1.018039204003151621e-02
4.204000000000000000e+03 8.689956350529553310e+04 -1.134035008578804238e-02
4.205000000000000000e+03 8.692023419119117898e+04 -1.255123880287223326e-02
4.206000000000000000e+03 8.694090487708682485e+04 -1.353954433437337679e-02
4.207000000000000000e+03 8.696157556298247073e+04 -1.408698658544643711e-02
4.208000000000000000e+03 8.698224624887811660e+04 -1.407998130797200043e-02
4.209000000000000000e+03 8.700291693477376248e+04 -1.353447949503189425e-02
4.210000000000000000e+03 8.702358762066940835e+04 -1.259068566387305799e-02
4.211000000000000000e+03 8.704425830656505423e+04 -1.147914219549500681e-02
4.212000000000000000e+03 8.706492899246070010e+04 -1.046626733331462722e-02
4.213000000000000000e+03 8.708559967835634598e+04 -9.792111081409482498e-03
4.214000000000000000e+03 8.710627036425199185e+04 -9.614774499768274918e-03
4.215000000000000000e+03 8.712694105014763772e+04 -9.974274514143510739e-03
4.216000000000000000e+03 8.714761173604328360e+04 -1.078406306344809051e-02
4.217000000000000000e+03 8.716828242193892947e+04 -1.185200427632332465e-02
4.218000000000000000e+03 8.718895310783457535e+04 -1.292582985903129034e-02
4.219000000000000000e+03 8.720962379373022122e+04 -1.375245395149632226e-02
4.220000000000000000e+03 8.723029447962586710e+04 -1.413732179938836930e-02
4.221000000000000000e+03 8.725096516552151297e+04 -1.398995627326854452e-02
4.222000000000000000e+03 8.727163585141715885e+04 -1.334508514662929857e-02
4.223000000000000000e+03 8.729230653731280472e+04 -1.235444058929285882e-02
4.224000000000000000e+03 8.731297722320845060e+04 -1.125117724309193656e-02
4.225000000000000000e+03 8.733364790910409647e+04 -1.029523830649192728e-02
4.226000000000000000e+03 8.735431859499974234e+04 -9.712412117000912559e-03
4.227000000000000000e+03 8.737498928089538822e+04 -9.641250074380658397e-03
4.228000000000000000e+03 8.739565996679103409e+04 -1.010016649018785628e-02
4.229000000000000000e+03 8.741633065268667997e+04 -1.098238094519210506e-02
4.230000000000000000e+03 8.743700133858232584e+04 -1.207997624233614342e-02
4.231000000000000000e+03 8.745767202447797172e+04 -1.313166361925011127e-02
4.232000000000000000e+03 8.747834271037361759e+04 -1.388336215502306188e-02
4.233000000000000000e+03 8.749901339626926347e+04 -1.414766227233043953e-02
4.234000000000000000e+03 8.751968408216490934e+04 -1.384838428947965383e-02
4.235000000000000000e+03 8.754035476806055522e+04 -1.303977226175578874e-02
4.236000000000000000e+03 8.756102545395620109e+04 -1.189563995230480398e-02
4.237000000000000000e+03 8.758169613985184697e+04 -1.067068515262536987e-02
4.238000000000000000e+03 8.760236682574749284e+04 -9.642616818866578399e-03
4.239000000000000000e+03 8.762303751164313871e+04 -9.048209741968904485e-03
4.240000000000000000e+03 8.764370819753878459e+04 -9.027887526963429554e-03
4.241000000000000000e+03 8.766437888343443046e+04 -9.591610912978831838e-03
4.242000000000000000e+03 8.768504956933007634e+04 -1.061414192100051945e-02
4.243000000000000000e+03 8.770572025522572221e+04 -1.186120942387791644e-02
4.244000000000000000e+03 8.772639094112136809e+04 -1.304113733290990229e-02
4.245000000000000000e+03 8.774706162701701396e+04 -1.387063154133005849e-02
4.246000000000000000e+03 8.776773231291265984e+04 -1.413998607459143741e-02
4.247000000000000000e+03 8.778840299880830571e+04 -1.376280738174684437e-02
4.248000000000000000e+03 8.780907368470395159e+04 -1.279859329830279613e-02
4.249000000000000000e+03 8.782974437059959746e+04 -1.144247472581005898e-02
4.250000000000000000e+03 8.785041505649524333e+04 -9.983814537796953381e-03
4.251000000000000000e+03 8.787108574239088921e+04 -8.742485349564121933e-03
4.252000000000000000e+03 8.789175642828653508e+04 -7.996871177374909045e-03
4.253000000000000000e+03 8.791242711418218096e+04 -7.919737920638159068e-03
4.254000000000000000e+03 8.793309780007782683e+04 -8.536600262245119808e-03
4.255000000000000000e+03 8.795376848597347271e+04 -9.716411084751519489e-03
4.256000000000000000e+03 8.797443917186911858e+04 -1.119735349091033338e-02
4.257000000000000000e+03 8.799510985776476446e+04 -1.264272149346129526e-02
4.258000000000000000e+03 8.801578054366041033e+04 -1.371500640017681016e-02
4.259000000000000000e+03 8.803645122955605621e+04 -1.415191102616725205e-02
4.260000000000000000e+03 8.805712191545170208e+04 -1.382717938508343063e-02
4.261000000000000000e+03 8.807779260134734795e+04 -1.278217088127403533e-02
4.262000000000000000e+03 8.809846328724299383e+04 -1.122043426135727051e-02
4.263000000000000000e+03 8.811913397313863970e+04 -9.465763568102414371e-03
4.264000000000000000e+03 8.813980465903428558e+04 -7.892485301037088785e-03
4.265000000000000000e+03 8.816047534492993145e+04 -6.843124772690390746e-03
4.266000000000000000e+03 8.818114603082557733e+04 -6.551636558053630655e-03
4.267000000000000000e+03 8.820181671672122320e+04 -7.089360873452965617e-03
4.268000000000000000e+03 8.822248740261686908e+04 -8.346036724061811629e-03
4.269000000000000000e+03 8.824315808851251495e+04 -1.005063980815751323e-02
4.270000000000000000e+03 8.826382877440816083e+04 -1.182812482079803607e-02
4.271000000000000000e+03 8.828449946030380670e+04 -1.328016534517745262e-02
4.272000000000000000e+03 8.830517014619945257e+04 -1.407244725250839101e-02
4.273000000000000000e+03 8.832584083209509845e+04 -1.400929691058122595e-02
4.274000000000000000e+03 8.834651151799074432e+04 -1.307892906801227939e-02
4.275000000000000000e+03 8.836718220388639020e+04 -1.145890040916452968e-02
4.276000000000000000e+03 8.838785288978203607e+04 -9.480069931538381844e-03
4.277000000000000000e+03 8.840852357567768195e+04 -7.556545000479530927e-03
4.278000000000000000e+03 8.842919426157332782e+04 -6.096660843390444562e-03
4.279000000000000000e+03 8.844986494746897370e+04 -5.414287477134127613e-03
4.280000000000000000e+03 8.847053563336461957e+04 -5.659748976856726621e-03
4.281000000000000000e+03 8.849120631926026545e+04 -6.785444559517794794e-03
4.282000000000000000e+03 8.851187700515591132e+04 -8.553859557163256966e-03
4.283000000000000000e+03 8.853254769105155719e+04 -1.058662541577948257e-02
4.284000000000000000e+03 8.855321837694720307e+04 -1.244447290275119133e-02
4.285000000000000000e+03 8.857388906284284894e+04 -1.372114871490792525e-02
4.286000000000000000e+03 8.859455974873849482e+04 -1.413113702843615642e-02
4.287000000000000000e+03 8.861523043463414069e+04 -1.357215283144164175e-02
4.288000000000000000e+03 8.863590112052978657e+04 -1.214868610722313891e-02
4.289000000000000000e+03 8.865657180642543244e+04 -1.015123490525132732e-02
4.290000000000000000e+03 8.867724249232107832e+04 -7.995442362485671861e-03
4.291000000000000000e+03 8.869791317821672419e+04 -6.134049447248768328e-03
4.292000000000000000e+03 8.871858386411237007e+04 -4.960473398749998264e-03
4.293000000000000000e+03 8.873925455000801594e+04 -4.724626771176743123e-03
4.294000000000000000e+03 8.875992523590366181e+04 -5.478960070326055476e-03
4.295000000000000000e+03 8.878059592179930769e+04 -7.066296170782637720e-03
4.296000000000000000e+03 8.880126660769495356e+04 -9.152226052510481491e-03
4.297000000000000000e+03 8.882193729359059944e+04 -1.129543832838253437e-02
4.298000000000000000e+03 8.884260797948624531e+04 -1.304124102855186429e-02
4.299000000000000000e+03 8.886327866538189119e+04 -1.401841899541700354e-02
4.300000000000000000e+03 8.888394935127753706e+04 -1.401865508697064389e-02
4.301000000000000000e+03 8.890462003717318294e+04 -1.304134528687050931e-02
4.302000000000000000e+03 8.892529072306882881e+04 -1.129402919954092255e-02
4.303000000000000000e+03 8.894596140896447469e+04 -9.148231882177726426e-03
4.304000000000000000e+03 8.896663209486012056e+04 -7.060172359631521587e-03
4.305000000000000000e+03 8.898730278075576643e+04 -5.473405394460062467e-03
4.306000000000000000e+03 8.900797346665141231e+04 -4.724330560382128397e-03
4.307000000000000000e+03 8.902864415254705818e+04 -4.970794342041506830e-03
4.308000000000000000e+03 8.904931483844270406e+04 -6.158966525014242244e-03
4.309000000000000000e+03 8.906998552433834993e+04 -8.035467002707741280e-03
4.310000000000000000e+03 8.909065621023399581e+04 -1.020209690436274519e-02
4.311000000000000000e+03 8.911132689612964168e+04 -1.220143965749459491e-02
4.312000000000000000e+03 8.913199758202528756e+04 -1.361492363678490358e-02
4.313000000000000000e+03 8.915266826792093343e+04 -1.415217346490965644e-02
4.314000000000000000e+03 8.917333895381657931e+04 -1.371233841902136201e-02
4.315000000000000000e+03 8.919400963971222518e+04 -1.240422829844317620e-02
4.316000000000000000e+03 8.921468032560787105e+04 -1.052114080821348052e-02
4.317000000000000000e+03 8.923535101150351693e+04 -8.476189232886344183e-03
4.318000000000000000e+03 8.925602169739916280e+04 -6.712510524729985682e-03
4.319000000000000000e+03 8.927669238329480868e+04 -5.608042992587214393e-03
4.320000000000000000e+03 8.929736306919045455e+04 -5.395467572344436746e-03
4.321000000000000000e+03 8.931803375508610043e+04 -6.114315627085309401e-03
4.322000000000000000e+03 8.933870444098174630e+04 -7.605086350984446852e-03
4.323000000000000000e+03 8.935937512687739218e+04 -9.546109325433760340e-03
4.324000000000000000e+03 8.938004581277303805e+04 -1.152474392173374884e-02
4.325000000000000000e+03 8.940071649866868393e+04 -1.312720504946951472e-02
4.326000000000000000e+03 8.942138718456432980e+04 -1.402740057455809097e-02
4.327000000000000000e+03 8.944205787045997567e+04 -1.405555573382033518e-02
4.328000000000000000e+03 8.946272855635562155e+04 -1.323202541114354425e-02
4.329000000000000000e+03 8.948339924225126742e+04 -1.175949697453604337e-02
4.330000000000000000e+03 8.950406992814691330e+04 -9.975974461885139810e-03
4.331000000000000000e+03 8.952474061404255917e+04 -8.279440745818433811e-03
4.332000000000000000e+03 8.954541129993820505e+04 -7.041044840916056181e-03
4.333000000000000000e+03 8.956608198583385092e+04 -6.525795832994119028e-03
4.334000000000000000e+03 8.958675267172949680e+04 -6.837702650694888785e-03
4.335000000000000000e+03 8.960742335762514267e+04 -7.900671215699872629e-03
4.336000000000000000e+03 8.962809404352078855e+04 -9.478582355237519241e-03
4.337000000000000000e+03 8.964876472941643442e+04 -1.122952676992317045e-02
4.338000000000000000e+03 8.966943541531208029e+04 -1.278191231903869074e-02
4.339000000000000000e+03 8.969010610120772617e+04 -1.381559415464383815e-02
4.340000000000000000e+03 8.971077678710337204e+04 -1.413030111973057057e-02
4.341000000000000000e+03 8.973144747299901792e+04 -1.368664897865778766e-02
4.342000000000000000e+03 8.975211815889466379e+04 -1.261125852079869603e-02
4.343000000000000000e+03 8.977278884479030967e+04 -1.116551137304566677e-02
4.344000000000000000e+03 8.979345953068595554e+04 -9.685468862092649900e-03
4.345000000000000000e+03 8.981413021658160142e+04 -8.506674493696297912e-03
4.346000000000000000e+03 8.983480090247724729e+04 -7.890614479790780678e-03
4.347000000000000000e+03 8.985547158837289317e+04 -7.968914974435858944e-03
4.348000000000000000e+03 8.987614227426853904e+04 -8.717162644264697668e-03
4.349000000000000000e+03 8.989681296016418491e+04 -9.963554154953646602e-03
4.350000000000000000e+03 8.991748364605983079e+04 -1.142989208918110400e-02
4.351000000000000000e+03 8.993815433195547666e+04 -1.279538722371942328e-02
4.352000000000000000e+03 8.995882501785112254e+04 -1.376880187323037234e-02
4.353000000000000000e+03 8.997949570374676841e+04 -1.415276121250685741e-02
4.354000000000000000e+03 9.000016638964241429e+04 -1.388597447880773883e-02
4.355000000000000000e+03 9.002083707553806016e+04 -1.305422547700846314e-02
4.356000000000000000e+03 9.004150776143370604e+04 -1.186813703041572632e-02
4.357000000000000000e+03 9.006217844732935191e+04 -1.061323881730730223e-02
4.358000000000000000e+03 9.008284913322499779e+04 -9.584046037189375422e-03
4.359000000000000000e+03 9.010351981912064366e+04 -9.017289226446789652e-03
4.360000000000000000e+03 9.012419050501628953e+04 -9.039383843187864809e-03
4.361000000000000000e+03 9.014486119091193541e+04 -9.639776393006116439e-03
4.362000000000000000e+03 9.016553187680758128e+04 -1.067580249893568256e-02
4.363000000000000000e+03 9.018620256270322716e+04 -1.190751806198481200e-02
4.364000000000000000e+03 9.020687324859887303e+04 -1.305420697304876532e-02
4.365000000000000000e+03 9.022754393449451891e+04 -1.385942000601142650e-02
4.366000000000000000e+03 9.024821462039016478e+04 -1.414955758834929300e-02
4.367000000000000000e+03 9.026888530628581066e+04 -1.387261440394377265e-02
4.368000000000000000e+03 9.028955599218145653e+04 -1.310839418658765743e-02
4.369000000000000000e+03 9.031022667807710241e+04 -1.204817593094636985e-02
4.370000000000000000e+03 9.033089736397274828e+04 -1.094889241526270096e-02
4.371000000000000000e+03 9.035156804986839416e+04 -1.007270783657671087e-02
4.372000000000000000e+03 9.037223873576404003e+04 -9.626110671543119945e-03
4.373000000000000000e+03 9.039290942165968590e+04 -9.712566135450462212e-03
4.374000000000000000e+03 9.041358010755533178e+04 -1.030948541889331604e-02
4.375000000000000000e+03 9.043425079345097765e+04 -1.127458181937834869e-02
4.376000000000000000e+03 9.045492147934662353e+04 -1.237991408018224160e-02
4.377000000000000000e+03 9.047559216524226940e+04 -1.336558346748406741e-02
4.378000000000000000e+03 9.049626285113791528e+04 -1.400056967334417646e-02
4.379000000000000000e+03 9.051693353703356115e+04 -1.413658493211944478e-02
4.380000000000000000e+03 9.053760422292920703e+04 -1.374248091401542027e-02
4.381000000000000000e+03 9.055827490882485290e+04 -1.291128501464200440e-02
4.382000000000000000e+03 9.057894559472049878e+04 -1.183831112828559462e-02
4.383000000000000000e+03 9.059961628061614465e+04 -1.077549391651655419e-02
4.384000000000000000e+03 9.062028696651179052e+04 -9.972574076314910663e-03
4.385000000000000000e+03 9.064095765240743640e+04 -9.618756289033525420e-03
4.386000000000000000e+03 9.066162833830308227e+04 -9.798310426624157188e-03
4.387000000000000000e+03 9.068229902419872815e+04 -1.047036722191574398e-02
4.388000000000000000e+03 9.070296971009437402e+04 -1.147763431037396309e-02
4.389000000000000000e+03 9.072364039599001990e+04 -1.258217101063163756e-02
4.390000000000000000e+03 9.074431108188566577e+04 -1.352016478516260278e-02
4.391000000000000000e+03 9.076498176778131165e+04 -1.406323043271118060e-02
4.392000000000000000e+03 9.078565245367695752e+04 -1.407212998207141123e-02
4.393000000000000000e+03 9.080632313957260340e+04 -1.353040752302692162e-02
4.394000000000000000e+03 9.082699382546824927e+04 -1.254993184890873525e-02
4.395000000000000000e+03 9.084766451136389514e+04 -1.134673742182279454e-02
4.396000000000000000e+03 9.086833519725954102e+04 -1.019238964327384700e-02
4.397000000000000000e+03 9.088900588315518689e+04 -9.351794979232330718e-03
4.398000000000000000e+03 9.090967656905083277e+04 -9.021606373083579378e-03
4.399000000000000000e+03 9.093034725494647864e+04 -9.283389820291088057e-03
4.400000000000000000e+03 9.095101794084212452e+04 -1.008251539302207345e-02
4.401000000000000000e+03 9.097168862673777039e+04 -1.123803099682807449e-02
4.402000000000000000e+03 9.099235931263341627e+04 -1.248181592585351218e-02
4.403000000000000000e+03 9.101302999852906214e+04 -1.351860853647202272e-02
4.404000000000000000e+03 9.103370068442470802e+04 -1.409355573989407029e-02
4.405000000000000000e+03 9.105437137032035389e+04 -1.405191572688230250e-02
4.406000000000000000e+03 9.107504205621599976e+04 -1.337701622696535475e-02
4.407000000000000000e+03 9.109571274211164564e+04 -1.219728625013688506e-02
4.408000000000000000e+03 9.111638342800729151e+04 -1.076011878303312352e-02
4.409000000000000000e+03 9.113705411390293739e+04 -9.377912431789925396e-03
4.410000000000000000e+03 9.115772479979858326e+04 -8.358121689816255806e-03
4.411000000000000000e+03 9.117839548569422914e+04 -7.932993291966117244e-03
4.412000000000000000e+03 9.119906617158987501e+04 -8.204970836541758406e-03
4.413000000000000000e+03 9.121973685748552089e+04 -9.120437496539512967e-03
4.414000000000000000e+03 9.124040754338116676e+04 -1.047827891517466581e-02
4.415000000000000000e+03 9.126107822927681264e+04 -1.197203004467267684e-02
4.416000000000000000e+03 9.128174891517245851e+04 -1.325678113507738898e-02
4.417000000000000000e+03 9.130241960106810438e+04 -1.402623495386118302e-02
4.418000000000000000e+03 9.132309028696375026e+04 -1.408268944781437999e-02
4.419000000000000000e+03 9.134376097285939613e+04 -1.338396949044390327e-02
4.420000000000000000e+03 9.136443165875504201e+04 -1.205626204174964355e-02
4.421000000000000000e+03 9.138510234465068788e+04 -1.036935290388113495e-02
4.422000000000000000e+03 9.140577303054633376e+04 -8.679217955151807828e-03
4.423000000000000000e+03 9.142644371644197963e+04 -7.350349628447162310e-03
4.424000000000000000e+03 9.144711440233762551e+04 -6.674884540173286161e-03
4.425000000000000000e+03 9.146778508823327138e+04 -6.806469973389406292e-03
4.426000000000000000e+03 9.148845577412891726e+04 -7.723699083540869204e-03
4.427000000000000000e+03 9.150912646002456313e+04 -9.231584606932408121e-03
4.428000000000000000e+03 9.152979714592020900e+04 -1.100131023545880549e-02
4.429000000000000000e+03 9.155046783181585488e+04 -1.264012139600911855e-02
4.430000000000000000e+03 9.157113851771150075e+04 -1.377646634168516911e-02
4.431000000000000000e+03 9.159180920360714663e+04 -1.414188620885936665e-02
4.432000000000000000e+03 9.161247988950279250e+04 -1.363157430249595237e-02
4.433000000000000000e+03 9.163315057539843838e+04 -1.232997767015386881e-02
4.434000000000000000e+03 9.165382126129408425e+04 -1.049535481543450999e-02
4.435000000000000000e+03 9.167449194718973013e+04 -8.506173496903246534e-03
4.436000000000000000e+03 9.169516263308537600e+04 -6.780641913877228678e-03
4.437000000000000000e+03 9.171583331898102188e+04 -5.686634435744852833e-03
4.438000000000000000e+03 9.173650400487666775e+04 -5.461466867743902665e-03
4.439000000000000000e+03 9.175717469077231362e+04 -6.158942895315655530e-03
4.440000000000000000e+03 9.177784537666795950e+04 -7.635335561947230974e-03
4.441000000000000000e+03 9.179851606256360537e+04 -9.577741339585055247e-03
4.442000000000000000e+03 9.181918674845925125e+04 -1.156923433002116086e-02
4.443000000000000000e+03 9.183985743435489712e+04 -1.317727979435745489e-02
4.444000000000000000e+03 9.186052812025054300e+04 -1.404663625143376567e-02
4.445000000000000000e+03 9.188119880614618887e+04 -1.397671004672696067e-02
4.446000000000000000e+03 9.190186949204183475e+04 -1.296642428816507930e-02
4.447000000000000000e+03 9.192254017793748062e+04 -1.121652520091931393e-02
4.448000000000000000e+03 9.194321086383312650e+04 -9.088402629407243971e-03
4.449000000000000000e+03 9.196388154972877237e+04 -7.027952467864694540e-03
4.450000000000000000e+03 9.198455223562441824e+04 -5.470668868804762219e-03
4.451000000000000000e+03 9.200522292152006412e+04 -4.748304733468211580e-03
4.452000000000000000e+03 9.202589360741570999e+04 -5.017162903066085811e-03
4.453000000000000000e+03 9.204656429331135587e+04 -6.223492713216094430e-03
4.454000000000000000e+03 9.206723497920700174e+04 -8.113615678801311404e-03
4.455000000000000000e+03 9.208790566510264762e+04 -1.028693868069463502e-02
4.456000000000000000e+03 9.210857635099829349e+04 -1.228084069425516844e-02
4.457000000000000000e+03 9.212924703689393937e+04 -1.366943615272159240e-02
4.458000000000000000e+03 9.214991772278958524e+04 -1.415499594377905845e-02
4.459000000000000000e+03 9.217058840868523112e+04 -1.363218797259918569e-02
4.460000000000000000e+03 9.219125909458087699e+04 -1.221108234197382236e-02
4.461000000000000000e+03 9.221192978047652286e+04 -1.019380422312882173e-02
4.462000000000000000e+03 9.223260046637216874e+04 -8.009828144637631819e-03
4.463000000000000000e+03 9.225327115226781461e+04 -6.123936444135336110e-03
4.464000000000000000e+03 9.227394183816346049e+04 -4.936784869105204088e-03
4.465000000000000000e+03 9.229461252405910636e+04 -4.699515915819629797e-03
4.466000000000000000e+03 9.231528320995475224e+04 -5.460677442134076465e-03
4.467000000000000000e+03 9.233595389585039811e+04 -7.056656078343492844e-03
4.468000000000000000e+03 9.235662458174604399e+04 -9.147502932638940099e-03
4.469000000000000000e+03 9.237729526764168986e+04 -1.129035069479372710e-02
4.470000000000000000e+03 9.239796595353733574e+04 -1.303456954294129888e-02
4.471000000000000000e+03 9.241863663943298161e+04 -1.401810741947368162e-02
4.472000000000000000e+03 9.243930732532862748e+04 -1.404421414548578939e-02
4.473000000000000000e+03 9.245997801122427336e+04 -1.312208608439757729e-02
4.474000000000000000e+03 9.248064869711991923e+04 -1.146292722129871322e-02
4.475000000000000000e+03 9.250131938301556511e+04 -9.432696266634676974e-03
4.476000000000000000e+03 9.252199006891121098e+04 -7.472204968281270787e-03
4.477000000000000000e+03 9.254266075480685686e+04 -6.002171552069834881e-03
4.478000000000000000e+03 9.256333144070250273e+04 -5.333813997672409712e-03
4.479000000000000000e+03 9.258400212659814861e+04 -5.604026245995430422e-03
4.480000000000000000e+03 9.260467281249379448e+04 -6.748600945400085906e-03
4.481000000000000000e+03 9.262534349838944036e+04 -8.518671405646549566e-03
4.482000000000000000e+03 9.264601418428508623e+04 -1.053632302865414871e-02
4.483000000000000000e+03 9.266668487018073210e+04 -1.237704787276172613e-02
4.484000000000000000e+03 9.268735555607637798e+04 -1.366108381497721513e-02
4.485000000000000000e+03 9.270802624197202385e+04 -1.413391603240021950e-02
4.486000000000000000e+03 9.272869692786766973e+04 -1.371874817895768310e-02
4.487000000000000000e+03 9.274936761376331560e+04 -1.253001808143072715e-02
4.488000000000000000e+03 9.277003829965896148e+04 -1.084561640297393437e-02
4.489000000000000000e+03 9.279070898555460735e+04 -9.044442965517485167e-03
4.490000000000000000e+03 9.281137967145025323e+04 -7.523329099913100837e-03
4.491000000000000000e+03 9.283205035734589910e+04 -6.611568628149322446e-03
4.492000000000000000e+03 9.285272104324154498e+04 -6.501475459897598785e-03
4.493000000000000000e+03 9.287339172913719085e+04 -7.209595026818227392e-03
4.494000000000000000e+03 9.289406241503283673e+04 -8.576377347073893542e-03
4.495000000000000000e+03 9.291473310092848260e+04 -1.030378330856041025e-02
4.496000000000000000e+03 9.293540378682412847e+04 -1.202218176366409708e-02
4.497000000000000000e+03 9.295607447271977435e+04 -1.337167477158607287e-02
4.498000000000000000e+03 9.297674515861542022e+04 -1.407999063180431776e-02
4.499000000000000000e+03 9.299741584451106610e+04 -1.401999869338754756e-02
4.500000000000000000e+03 9.301808653040671197e+04 -1.323455062110889813e-02
4.501000000000000000e+03 9.303875721630235785e+04 -1.192369403607351774e-02
4.502000000000000000e+03 9.305942790219800372e+04 -1.039767017364778834e-02
4.503000000000000000e+03 9.308009858809364960e+04 -9.006611815940979149e-03
4.504000000000000000e+03 9.310076927398929547e+04 -8.062827638582792389e-03
4.505000000000000000e+03 9.312143995988494135e+04 -7.772917755669461748e-03
4.506000000000000000e+03 9.314211064578058722e+04 -8.194485940194118356e-03
4.507000000000000000e+03 9.316278133167623309e+04 -9.226544255268975814e-03
4.508000000000000000e+03 9.318345201757187897e+04 -1.063515739532810978e-02
4.509000000000000000e+03 9.320412270346752484e+04 -1.210809582333832735e-02
4.510000000000000000e+03 9.322479338936317072e+04 -1.332592310554630947e-02
4.511000000000000000e+03 9.324546407525881659e+04 -1.403341644383854225e-02
4.512000000000000000e+03 9.326613476115446247e+04 -1.409531707042493975e-02
4.513000000000000000e+03 9.328680544705010834e+04 -1.352412662560836809e-02
4.514000000000000000e+03 9.330747613294575422e+04 -1.247414881729907998e-02
4.515000000000000000e+03 9.332814681884140009e+04 -1.120370659778685551e-02
4.516000000000000000e+03 9.334881750473704597e+04 -1.001464550955249999e-02
4.517000000000000000e+03 9.336948819063269184e+04 -9.183217151913669607e-03
4.518000000000000000e+03 9.339015887652833771e+04 -8.898118919169195618e-03
4.519000000000000000e+03 9.341082956242398359e+04 -9.219541978249867764e-03
4.520000000000000000e+03 9.343150024831962946e+04 -1.006808341618364855e-02
4.521000000000000000e+03 9.345217093421527534e+04 -1.124550575235921945e-02
4.522000000000000000e+03 9.347284162011092121e+04 -1.248212784955632371e-02
4.523000000000000000e+03 9.349351230600656709e+04 -1.349968809896234627e-02
4.524000000000000000e+03 9.351418299190221296e+04 -1.407514602660170366e-02
4.525000000000000000e+03 9.353485367779785884e+04 -1.409084485561018507e-02
4.526000000000000000e+03 9.355552436369350471e+04 -1.355975330911174219e-02
4.527000000000000000e+03 9.357619504958915059e+04 -1.262036102503649726e-02
4.528000000000000000e+03 9.359686573548479646e+04 -1.150283510111560492e-02
4.529000000000000000e+03 9.361753642138044233e+04 -1.047461057687848474e-02
4.530000000000000000e+03 9.363820710727608821e+04 -9.778175714483805514e-03
4.531000000000000000e+03 9.365887779317173408e+04 -9.575405339221632062e-03
4.532000000000000000e+03 9.367954847906737996e+04 -9.911094507452200553e-03
4.533000000000000000e+03 9.370021916496302583e+04 -1.070381285121269066e-02
4.534000000000000000e+03 9.372088985085867171e+04 -1.176590860733350841e-02
4.535000000000000000e+03 9.374156053675431758e+04 -1.284785525040754717e-02
4.536000000000000000e+03 9.376223122264996346e+04 -1.369661714782566264e-02
4.537000000000000000e+03 9.378290190854560933e+04 -1.411454271389911419e-02
4.538000000000000000e+03 9.380357259444125521e+04 -1.400520378901293217e-02
4.539000000000000000e+03 9.382424328033690108e+04 -1.339562788091686052e-02
4.540000000000000000e+03 9.384491396623254695e+04 -1.242982836428596638e-02
4.541000000000000000e+03 9.386558465212819283e+04 -1.133516640863352354e-02
4.542000000000000000e+03 9.388625533802383870e+04 -1.036934305245473809e-02
4.543000000000000000e+03 9.390692602391948458e+04 -9.760274344928210333e-03
4.544000000000000000e+03 9.392759670981513045e+04 -9.652730022330024973e-03
4.545000000000000000e+03 9.394826739571077633e+04 -1.007406616045103398e-02
4.546000000000000000e+03 9.396893808160642220e+04 -1.092703330019062502e-02
4.547000000000000000e+03 9.398960876750206808e+04 -1.201148289492526278e-02
4.548000000000000000e+03 9.401027945339771395e+04 -1.307019097885264713e-02
4.549000000000000000e+03 9.403095013929335983e+04 -1.384843186936856978e-02
4.550000000000000000e+03 9.405162082518900570e+04 -1.415364125729190632e-02
4.551000000000000000e+03 9.407229151108465157e+04 -1.390131070120004253e-02
4.552000000000000000e+03 9.409296219698029745e+04 -1.313626773197118514e-02
4.553000000000000000e+03 9.411363288287594332e+04 -1.202407560310192469e-02
4.554000000000000000e+03 9.413430356877158920e+04 -1.081416872148266428e-02
4.555000000000000000e+03 9.415497425466723507e+04 -9.782928342163987878e-03
4.556000000000000000e+03 9.417564494056288095e+04 -9.169651177488857829e-03
4.557000000000000000e+03 9.419631562645852682e+04 -9.120149927222154229e-03
4.558000000000000000e+03 9.421698631235417270e+04 -9.651129162523142124e-03
4.559000000000000000e+03 9.423765699824981857e+04 -1.064386759149765771e-02
4.560000000000000000e+03 9.425832768414546445e+04 -1.186914012264278506e-02
4.561000000000000000e+03 9.427899837004111032e+04 -1.303818273544671280e-02
4.562000000000000000e+03 9.429966905593675619e+04 -1.386842357929213287e-02
4.563000000000000000e+03 9.432033974183240207e+04 -1.414908024325050966e-02
4.564000000000000000e+03 9.434101042772804794e+04 -1.379146295199301653e-02
4.565000000000000000e+03 9.436168111362369382e+04 -1.285207850846575850e-02
4.566000000000000000e+03 9.438235179951933969e+04 -1.152271461866266611e-02
4.567000000000000000e+03 9.440302248541498557e+04 -1.008922004003282025e-02
4.568000000000000000e+03 9.442369317131063144e+04 -8.867936093401362907e-03
4.569000000000000000e+03 9.444436385720627732e+04 -8.133982878559931073e-03
4.570000000000000000e+03 9.446503454310192319e+04 -8.057629423701584415e-03
4.571000000000000000e+03 9.448570522899756907e+04 -8.663321243885580003e-03
4.572000000000000000e+03 9.450637591489321494e+04 -9.820995831852474822e-03
4.573000000000000000e+03 9.452704660078886081e+04 -1.127219048965166781e-02
4.574000000000000000e+03 9.454771728668450669e+04 -1.268567902168382666e-02
4.575000000000000000e+03 9.456838797258015256e+04 -1.373064591679118429e-02
4.576000000000000000e+03 9.458905865847579844e+04 -1.415123256078831826e-02
4.577000000000000000e+03 9.460972934437144431e+04 -1.382568255945670899e-02
4.578000000000000000e+03 9.463040003026709019e+04 -1.279649955615880241e-02
4.579000000000000000e+03 9.465107071616273606e+04 -1.126435110455348276e-02
4.580000000000000000e+03 9.467174140205838194e+04 -9.546503346140378099e-03
4.581000000000000000e+03 9.469241208795402781e+04 -8.008537371790636072e-03
4.582000000000000000e+03 9.471308277384967369e+04 -6.984167334839919139e-03
4.583000000000000000e+03 9.473375345974531956e+04 -6.700771625819668120e-03
4.584000000000000000e+03 9.475442414564096543e+04 -7.227148703453366817e-03
4.585000000000000000e+03 9.477509483153661131e+04 -8.455297546002438214e-03
4.586000000000000000e+03 9.479576551743225718e+04 -1.012074078403019106e-02
4.587000000000000000e+03 9.481643620332790306e+04 -1.185758358727978523e-02
4.588000000000000000e+03 9.483710688922354893e+04 -1.327685806484779629e-02
4.589000000000000000e+03 9.485777757511919481e+04 -1.405138463099731005e-02
4.590000000000000000e+03 9.487844826101484068e+04 -1.398862581544057897e-02
4.591000000000000000e+03 9.489911894691048656e+04 -1.307531365886749342e-02
4.592000000000000000e+03 9.491978963280613243e+04 -1.148357735393989998e-02
4.593000000000000000e+03 9.494046031870177831e+04 -9.536616702026046166e-03
4.594000000000000000e+03 9.496113100459742418e+04 -7.640840169210239008e-03
4.595000000000000000e+03 9.498180169049307005e+04 -6.198841410709421407e-03
4.596000000000000000e+03 9.500247237638871593e+04 -5.521941133014018899e-03
4.597000000000000000e+03 9.502314306228436180e+04 -5.761291572930371530e-03
4.598000000000000000e+03 9.504381374818000768e+04 -6.872694393148415237e-03
4.599000000000000000e+03 9.506448443407565355e+04 -8.623183358509645124e-03
4.600000000000000000e+03 9.508515511997129943e+04 -1.063855874254382439e-02
4.601000000000000000e+03 9.510582580586694530e+04 -1.248222946455423976e-02
4.602000000000000000e+03 9.512649649176259118e+04 -1.374875938683251149e-02
4.603000000000000000e+03 9.514716717765823705e+04 -1.415199416531121024e-02
4.604000000000000000e+03 9.516783786355388293e+04 -1.358847632411858131e-02
4.605000000000000000e+03 9.518850854944952880e+04 -1.216198150377001408e-02
4.606000000000000000e+03 9.520917923534517467e+04 -1.016336016284946631e-02
4.607000000000000000e+03 9.522984992124082055e+04 -8.009619881145790821e-03
4.608000000000000000e+03 9.525052060713646642e+04 -6.155165003309370775e-03
4.609000000000000000e+03 9.527119129303211230e+04 -4.994290907411103042e-03
4.610000000000000000e+03 9.529186197892775817e+04 -4.776005832525798134e-03
4.611000000000000000e+03 9.531253266482340405e+04 -5.549618498156827506e-03
4.612000000000000000e+03 9.533320335071904992e+04 -7.152941934814860403e-03
4.613000000000000000e+03 9.535387403661469580e+04 -9.245880824981178581e-03
4.614000000000000000e+03 9.537454472251034167e+04 -1.138246819757410266e-02
4.615000000000000000e+03 9.539521540840598755e+04 -1.310607986904538391e-02
4.616000000000000000e+03 9.541588609430163342e+04 -1.404738184788673246e-02
4.617000000000000000e+03 9.543655678019727929e+04 -1.400379530051248760e-02
4.618000000000000000e+03 9.545722746609292517e+04 -1.298317944025745296e-02
4.619000000000000000e+03 9.547789815198857104e+04 -1.120220703385116368e-02
4.620000000000000000e+03 9.549856883788421692e+04 -9.039800905390249497e-03
4.621000000000000000e+03 9.551923952377986279e+04 -6.955799128995242796e-03
4.622000000000000000e+03 9.553991020967550867e+04 -5.392534922934899555e-03
4.623000000000000000e+03 9.556058089557115454e+04 -4.680589775980847911e-03
4.624000000000000000e+03 9.558125158146680042e+04 -4.968875722862864386e-03
4.625000000000000000e+03 9.560192226736244629e+04 -6.193795517437594711e-03
4.626000000000000000e+03 9.562259295325809217e+04 -8.093802017486662059e-03
4.627000000000000000e+03 9.564326363915373804e+04 -1.026603147599491894e-02
4.628000000000000000e+03 9.566393432504938392e+04 -1.225277192117479874e-02
4.629000000000000000e+03 9.568460501094502979e+04 -1.363917643802492474e-02
4.630000000000000000e+03 9.570527569684067566e+04 -1.414123936577038783e-02
4.631000000000000000e+03 9.572594638273632154e+04 -1.366521593897018771e-02
4.632000000000000000e+03 9.574661706863196741e+04 -1.232593441520180022e-02
4.633000000000000000e+03 9.576728775452761329e+04 -1.042041618929318014e-02
4.634000000000000000e+03 9.578795844042325916e+04 -8.362884653443092287e-03
4.635000000000000000e+03 9.580862912631890504e+04 -6.595486728126320752e-03
4.636000000000000000e+03 9.582929981221455091e+04 -5.494085063601217289e-03
4.637000000000000000e+03 9.584997049811019679e+04 -5.289254920405050964e-03
4.638000000000000000e+03 9.587064118400584266e+04 -6.019078097993568743e-03
4.639000000000000000e+03 9.589131186990148854e+04 -7.523360195951067642e-03
4.640000000000000000e+03 9.591198255579713441e+04 -9.480048943821539620e-03
4.641000000000000000e+03 9.593265324169278028e+04 -1.147571749474640690e-02
4.642000000000000000e+03 9.595332392758842616e+04 -1.309479403433000400e-02
4.643000000000000000e+03 9.597399461348407203e+04 -1.400827829032491416e-02
4.644000000000000000e+03 9.599466529937971791e+04 -1.404288987870650103e-02
4.645000000000000000e+03 9.601533598527536378e+04 -1.321594860927755022e-02
4.646000000000000000e+03 9.603600667117100966e+04 -1.172883654005718590e-02
4.647000000000000000e+03 9.605667735706665553e+04 -9.920948399809614848e-03
4.648000000000000000e+03 9.607734804296230141e+04 -8.194592526937882759e-03
4.649000000000000000e+03 9.609801872885794728e+04 -6.927476163269163933e-03
4.650000000000000000e+03 9.611868941475359316e+04 -6.391859323045867569e-03
4.651000000000000000e+03 9.613936010064923903e+04 -6.697718281727826038e-03
4.652000000000000000e+03 9.616003078654488490e+04 -7.771811432193187485e-03
4.653000000000000000e+03 9.618070147244053078e+04 -9.376652062447421443e-03
4.654000000000000000e+03 9.620137215833617665e+04 -1.116476152714596104e-02
4.655000000000000000e+03 9.622204284423182253e+04 -1.275599545417133163e-02
4.656000000000000000e+03 9.624271353012746840e+04 -1.382080665062207329e-02
4.657000000000000000e+03 9.626338421602311428e+04 -1.415113682570429306e-02
4.658000000000000000e+03 9.628405490191876015e+04 -1.370352305325111923e-02
4.659000000000000000e+03 9.630472558781440603e+04 -1.260532827191723770e-02
4.660000000000000000e+03 9.632539627371005190e+04 -1.112330798291466527e-02
4.661000000000000000e+03 9.634606695960569778e+04 -9.602104213630890950e-03
4.662000000000000000e+03 9.636673764550134365e+04 -8.386811509153269117e-03
4.663000000000000000e+03 9.638740833139698952e+04 -7.747030934148579039e-03
4.664000000000000000e+03 9.640807901729263540e+04 -7.819148086942007136e-03
4.665000000000000000e+03 9.642874970318828127e+04 -8.579202932640972445e-03
4.666000000000000000e+03 9.644942038908392715e+04 -9.851738218478012232e-03
4.667000000000000000e+03 9.647009107497957302e+04 -1.135199776765499768e-02
4.668000000000000000e+03 9.649076176087521890e+04 -1.275152775739679667e-02
4.669000000000000000e+03 9.651143244677086477e+04 -1.375218471178168977e-02
4.670000000000000000e+03 9.653210313266651065e+04 -1.415188689928897903e-02
4.671000000000000000e+03 9.655277381856215652e+04 -1.388754318089818578e-02
4.672000000000000000e+03 9.657344450445780240e+04 -1.304596448277134391e-02
4.673000000000000000e+03 9.659411519035344827e+04 -1.184094126399826141e-02
4.674000000000000000e+03 9.661478587624909414e+04 -1.056233092441405397e-02
4.675000000000000000e+03 9.663545656214474002e+04 -9.509183485952088510e-03
4.676000000000000000e+03 9.665612724804038589e+04 -8.922263807827568449e-03
4.677000000000000000e+03 9.667679793393603177e+04 -8.931122783800260478e-03
4.678000000000000000e+03 9.669746861983167764e+04 -9.527281908575435665e-03
4.679000000000000000e+03 9.671813930572732352e+04 -1.056902820875627036e-02
4.680000000000000000e+03 9.673880999162296939e+04 -1.181616434694465756e-02
4.681000000000000000e+03 9.675948067751861527e+04 -1.298639142283586345e-02
4.682000000000000000e+03 9.678015136341426114e+04 -1.382026398937929827e-02
4.683000000000000000e+03 9.680082204930990702e+04 -1.413988852336733881e-02
4.684000000000000000e+03 9.682149273520555289e+04 -1.388813377412900958e-02
4.685000000000000000e+03 9.684216342110119876e+04 -1.313971064555929935e-02
4.686000000000000000e+03 9.686283410699684464e+04 -1.208198855093012281e-02
4.687000000000000000e+03 9.688350479289249051e+04 -1.097033287843462990e-02
4.688000000000000000e+03 9.690417547878813639e+04 -1.006848597793474909e-02
4.689000000000000000e+03 9.692484616468378226e+04 -9.587778135292324144e-03
4.690000000000000000e+03 9.694551685057942814e+04 -9.639044390704731846e-03
4.691000000000000000e+03 9.696618753647507401e+04 -1.020807910161536380e-02
4.692000000000000000e+03 9.698685822237071989e+04 -1.116002325450471400e-02
4.693000000000000000e+03 9.700752890826636576e+04 -1.227148598975780214e-02
4.694000000000000000e+03 9.702819959416201164e+04 -1.328290761782036089e-02
4.695000000000000000e+03 9.704887028005765751e+04 -1.395906719880357465e-02
4.696000000000000000e+03 9.706954096595330338e+04 -1.414377067302419362e-02
4.697000000000000000e+03 9.709021165184894926e+04 -1.379608299955104034e-02
4.698000000000000000e+03 9.711088233774459513e+04 -1.299971684148415463e-02
4.699000000000000000e+03 9.713155302364024101e+04 -1.194339601798910522e-02
4.700000000000000000e+03 9.715222370953588688e+04 -1.087673836565850038e-02
4.701000000000000000e+03 9.717289439543153276e+04 -1.005188314875549160e-02
4.702000000000000000e+03 9.719356508132717863e+04 -9.664398926066741780e-03
4.703000000000000000e+03 9.721423576722282451e+04 -9.807187456454591334e-03
4.704000000000000000e+03 9.723490645311847038e+04 -1.044812505145115145e-02
4.705000000000000000e+03 9.725557713901411626e+04 -1.143675060611809569e-02
4.706000000000000000e+03 9.727624782490976213e+04 -1.253864636253815279e-02
4.707000000000000000e+03 9.729691851080540800e+04 -1.348974990777490612e-02
4.708000000000000000e+03 9.731758919670105388e+04 -1.405813469470579280e-02
4.709000000000000000e+03 9.733825988259669975e+04 -1.409891386335843273e-02
4.710000000000000000e+03 9.735893056849234563e+04 -1.358935768271491047e-02
4.711000000000000000e+03 9.737960125438799150e+04 -1.263579457440450193e-02
4.712000000000000000e+03 9.740027194028363738e+04 -1.145037705213208801e-02
4.713000000000000000e+03 9.742094262617928325e+04 -1.030282009721478209e-02
4.714000000000000000e+03 9.744161331207492913e+04 -9.458104100649566970e-03
4.715000000000000000e+03 9.746228399797057500e+04 -9.114486196747206836e-03
4.716000000000000000e+03 9.748295468386622088e+04 -9.356200072637654852e-03
4.717000000000000000e+03 9.750362536976186675e+04 -1.013195198167221589e-02
4.718000000000000000e+03 9.752429605565751262e+04 -1.126449986805005965e-02
4.719000000000000000e+03 9.754496674155315850e+04 -1.248953780282152648e-02
4.720000000000000000e+03 9.756563742744880437e+04 -1.351536332625952186e-02
4.721000000000000000e+03 9.758630811334445025e+04 -1.408990032804064048e-02
4.722000000000000000e+03 9.760697879924009612e+04 -1.405974416109340326e-02
4.723000000000000000e+03 9.762764948513574200e+04 -1.340749741754254654e-02
4.724000000000000000e+03 9.764832017103138787e+04 -1.225846737413305299e-02
4.725000000000000000e+03 9.766899085692703375e+04 -1.085472498560091648e-02
4.726000000000000000e+03 9.768966154282267962e+04 -9.501990821687011923e-03
4.727000000000000000e+03 9.771033222871832550e+04 -8.501088239665333113e-03
4.728000000000000000e+03 9.773100291461397137e+04 -8.079335344017501974e-03
4.729000000000000000e+03 9.775167360050961724e+04 -8.337408293261128200e-03
4.730000000000000000e+03 9.777234428640526312e+04 -9.223885195685621596e-03
4.731000000000000000e+03 9.779301497230090899e+04 -1.054363050873441399e-02
4.732000000000000000e+03 9.781368565819655487e+04 -1.199871919335826487e-02
4.733000000000000000e+03 9.783435634409220074e+04 -1.325331949488650629e-02
4.734000000000000000e+03 9.785502702998784662e+04 -1.400843624049630427e-02
4.735000000000000000e+03 9.787569771588349249e+04 -1.406993092396791045e-02
4.736000000000000000e+03 9.789636840177913837e+04 -1.339442435073368021e-02
4.737000000000000000e+03 9.791703908767478424e+04 -1.210236946601239705e-02
4.738000000000000000e+03 9.793770977357043012e+04 -1.045475884141561229e-02
4.739000000000000000e+03 9.795838045946607599e+04 -8.798017258109969152e-03
4.740000000000000000e+03 9.797905114536172186e+04 -7.488808634362909000e-03
4.741000000000000000e+03 9.799972183125736774e+04 -6.815124310490305003e-03
4.742000000000000000e+03 9.802039251715301361e+04 -6.931058023300240567e-03
4.743000000000000000e+03 9.804106320304865949e+04 -7.819885750417421288e-03
4.744000000000000000e+03 9.806173388894430536e+04 -9.294078671052252716e-03
4.745000000000000000e+03 9.808240457483995124e+04 -1.103295555976002706e-02
4.746000000000000000e+03 9.810307526073559711e+04 -1.265046415826376336e-02
4.747000000000000000e+03 9.812374594663124299e+04 -1.377879887468380637e-02
4.748000000000000000e+03 9.814441663252688886e+04 -1.414973711750511058e-02
4.749000000000000000e+03 9.816508731842253474e+04 -1.365567284205493337e-02
4.750000000000000000e+03 9.818575800431818061e+04 -1.237645147097488074e-02
4.751000000000000000e+03 9.820642869021382648e+04 -1.056543525359776581e-02
4.752000000000000000e+03 9.822709937610947236e+04 -8.597164400190537847e-03
4.753000000000000000e+03 9.824777006200511823e+04 -6.887537856540504322e-03
4.754000000000000000e+03 9.826844074790076411e+04 -5.803671161383361365e-03
4.755000000000000000e+03 9.828911143379640998e+04 -5.583060135949113878e-03
4.756000000000000000e+03 9.830978211969205586e+04 -6.279833892046893240e-03
4.757000000000000000e+03 9.833045280558770173e+04 -7.750160424145557947e-03
4.758000000000000000e+03 9.835112349148334761e+04 -9.680523947600272461e-03
4.759000000000000000e+03 9.837179417737899348e+04 -1.165335677309781159e-02
4.760000000000000000e+03 9.839246486327463936e+04 -1.323628719545105747e-02
4.761000000000000000e+03 9.841313554917028523e+04 -1.407584949146650950e-02
4.762000000000000000e+03 9.843380623506593111e+04 -1.397519592629054182e-02
4.763000000000000000e+03 9.845447692096157698e+04 -1.293858111828211088e-02
4.764000000000000000e+03 9.847514760685722285e+04 -1.117251823940262900e-02
4.765000000000000000e+03 9.849581829275286873e+04 -9.042967591601558386e-03
4.766000000000000000e+03 9.851648897864851460e+04 -6.997596556744366779e-03
4.767000000000000000e+03 9.853715966454416048e+04 -5.469863148879539061e-03
4.768000000000000000e+03 9.855783035043980635e+04 -4.785676595683074908e-03
4.769000000000000000e+03 9.857850103633545223e+04 -5.092809560343192210e-03
4.770000000000000000e+03 9.859917172223109810e+04 -6.328295822394802705e-03
4.771000000000000000e+03 9.861984240812674398e+04 -8.230906484053890360e-03
4.772000000000000000e+03 9.864051309402238985e+04 -1.039619446906647759e-02
4.773000000000000000e+03 9.866118377991803573e+04 -1.236248523097860375e-02
4.774000000000000000e+03 9.868185446581368160e+04 -1.370946127352412613e-02
4.775000000000000000e+03 9.870252515170932747e+04 -1.414814418090637460e-02
4.776000000000000000e+03 9.872319583760497335e+04 -1.358284474734028358e-02
4.777000000000000000e+03 9.874386652350061922e+04 -1.213169737963404327e-02
4.778000000000000000e+03 9.876453720939626510e+04 -1.010137957701950917e-02
4.779000000000000000e+03 9.878520789529191097e+04 -7.921543019597743207e-03
4.780000000000000000e+03 9.880587858118755685e+04 -6.053161896817871312e-03
4.781000000000000000e+03 9.882654926708320272e+04 -4.890532338108488641e-03
4.782000000000000000e+03 9.884721995297884860e+04 -4.677852865139053851e-03
4.783000000000000000e+03 9.886789063887449447e+04 -5.458014087228846289e-03
4.784000000000000000e+03 9.888856132477014035e+04 -7.064264667979436307e-03
4.785000000000000000e+03 9.890923201066578622e+04 -9.156336402330655933e-03
4.786000000000000000e+03 9.892990269656143209e+04 -1.129325504151451609e-02
4.787000000000000000e+03 9.895057338245707797e+04 -1.302730630733228701e-02
4.788000000000000000e+03 9.897124406835272384e+04 -1.399909750507311035e-02
4.789000000000000000e+03 9.899191475424836972e+04 -1.401340081096247303e-02
4.790000000000000000e+03 9.901258544014401559e+04 -1.307961409433477940e-02
4.791000000000000000e+03 9.903325612603966147e+04 -1.140833844068545044e-02
4.792000000000000000e+03 9.905392681193530734e+04 -9.365056820149486594e-03
4.793000000000000000e+03 9.907459749783095322e+04 -7.391126209031429785e-03
4.794000000000000000e+03 9.909526818372659909e+04 -5.909251013298588706e-03
4.795000000000000000e+03 9.911593886962224497e+04 -5.233777145206175430e-03
4.796000000000000000e+03 9.913660955551789084e+04 -5.504892357837909422e-03
4.797000000000000000e+03 9.915728024141353671e+04 -6.660516017181872250e-03
4.798000000000000000e+03 9.917795092730918259e+04 -8.451538998239471745e-03
4.799000000000000000e+03 9.919862161320482846e+04 -1.049685279776724212e-02
4.800000000000000000e+03 9.921929229910047434e+04 -1.236615608844482406e-02
4.801000000000000000e+03 9.923996298499612021e+04 -1.367259289973887619e-02
4.802000000000000000e+03 9.926063367089176609e+04 -1.415517858853082567e-02
4.803000000000000000e+03 9.928130435678741196e+04 -1.373324968911632422e-02
4.804000000000000000e+03 9.930197504268305784e+04 -1.252137240536260743e-02
4.805000000000000000e+03 9.932264572857870371e+04 -1.080187605446775168e-02
4.806000000000000000e+03 9.934331641447434959e+04 -8.961476534958212614e-03
4.807000000000000000e+03 9.936398710036999546e+04 -7.406239097545786777e-03
4.808000000000000000e+03 9.938465778626564133e+04 -6.473670174744872163e-03
4.809000000000000000e+03 9.940532847216128721e+04 -6.361057329556718543e-03
4.810000000000000000e+03 9.942599915805693308e+04 -7.085322597538412648e-03
4.811000000000000000e+03 9.944666984395257896e+04 -8.482583106019958574e-03
4.812000000000000000e+03 9.946734052984822483e+04 -1.024691682419848204e-02
4.813000000000000000e+03 9.948801121574387071e+04 -1.199935435440507847e-02
4.814000000000000000e+03 9.950868190163951658e+04 -1.337163481655273718e-02
4.815000000000000000e+03 9.952935258753516246e+04 -1.408618262196120741e-02
4.816000000000000000e+03 9.955002327343080833e+04 -1.401479951231526626e-02
4.817000000000000000e+03 9.957069395932645421e+04 -1.320350678377307796e-02
4.818000000000000000e+03 9.959136464522210008e+04 -1.185867174819571490e-02
4.819000000000000000e+03 9.961203533111774595e+04 -1.029822423693804723e-02
4.820000000000000000e+03 9.963270601701339183e+04 -8.879432248444674158e-03
4.821000000000000000e+03 9.965337670290903770e+04 -7.919649197004940966e-03
4.822000000000000000e+03 9.967404738880468358e+04 -7.627620807819202042e-03
4.823000000000000000e+03 9.969471807470032945e+04 -8.060199377762145012e-03
4.824000000000000000e+03 9.971538876059597533e+04 -9.113398907256708981e-03
4.825000000000000000e+03 9.973605944649162120e+04 -1.054902362963816564e-02
4.826000000000000000e+03 9.975673013238726708e+04 -1.205029848448224694e-02
4.827000000000000000e+03 9.977740081828291295e+04 -1.329367748525755837e-02
4.828000000000000000e+03 9.979807150417855883e+04 -1.402064042420736456e-02
4.829000000000000000e+03 9.981874219007420470e+04 -1.409354824578512577e-02
4.830000000000000000e+03 9.983941287596985057e+04 -1.352344401804650431e-02
4.831000000000000000e+03 9.986008356186549645e+04 -1.246416402579653138e-02
4.832000000000000000e+03 9.988075424776114232e+04 -1.117475493991593183e-02
4.833000000000000000e+03 9.990142493365678820e+04 -9.959232258810901683e-03
4.834000000000000000e+03 9.992209561955243407e+04 -9.097587209857482815e-03
4.835000000000000000e+03 9.994276630544807995e+04 -8.783607854274289028e-03
4.836000000000000000e+03 9.996343699134372582e+04 -9.083239221404804109e-03
4.837000000000000000e+03 9.998410767723937170e+04 -9.922376130897692104e-03
4.838000000000000000e+03 1.000047783631350176e+05 -1.110629778906846443e-02
4.839000000000000000e+03 1.000254490490306634e+05 -1.236589472814431101e-02
4.840000000000000000e+03 1.000461197349263093e+05 -1.341992783762624430e-02
4.841000000000000000e+03 1.000667904208219552e+05 -1.403907912722368589e-02
4.842000000000000000e+03 1.000874611067176011e+05 -1.409728430775569578e-02
4.843000000000000000e+03 1.001081317926132469e+05 -1.359885093654078503e-02
4.844000000000000000e+03 1.001288024785088928e+05 -1.267547661639201184e-02
4.845000000000000000e+03 1.001494731644045387e+05 -1.155419485015751757e-02
4.846000000000000000e+03 1.001701438503001846e+05 -1.050389718377198189e-02
4.847000000000000000e+03 1.001908145361958304e+05 -9.772891235285907641e-03
4.848000000000000000e+03 1.002114852220914763e+05 -9.531870077850612688e-03
4.849000000000000000e+03 1.002321559079871222e+05 -9.835290827372444866e-03
4.850000000000000000e+03 1.002528265938827681e+05 -1.060985313958950904e-02
4.851000000000000000e+03 1.002734972797784139e+05 -1.167253822982611267e-02
4.852000000000000000e+03 1.002941679656740598e+05 -1.277391509358399846e-02
4.853000000000000000e+03 1.003148386515697057e+05 -1.365664198312882549e-02
4.854000000000000000e+03 1.003355093374653516e+05 -1.411559313487847737e-02
4.855000000000000000e+03 1.003561800233609974e+05 -1.404565146393105257e-02
4.856000000000000000e+03 1.003768507092566433e+05 -1.346605784125914917e-02
4.857000000000000000e+03 1.003975213951522892e+05 -1.251566054982317100e-02
4.858000000000000000e+03 1.004181920810479351e+05 -1.142019641664476781e-02
4.859000000000000000e+03 1.004388627669435809e+05 -1.043926148998458592e-02
4.860000000000000000e+03 1.004595334528392268e+05 -9.805356505146189949e-03
4.861000000000000000e+03 1.004802041387348727e+05 -9.669217769743665425e-03
4.862000000000000000e+03 1.005008748246305186e+05 -1.006416540170990137e-02
4.863000000000000000e+03 1.005215455105261644e+05 -1.089779362459225576e-02
4.864000000000000000e+03 1.005422161964218103e+05 -1.197302085005530481e-02
4.865000000000000000e+03 1.005628868823174562e+05 -1.303373774511878969e-02
4.866000000000000000e+03 1.005835575682131021e+05 -1.382456536427284499e-02
4.867000000000000000e+03 1.006042282541087479e+05 -1.415088052861041175e-02
4.868000000000000000e+03 1.006248989400043938e+05 -1.392509549326764740e-02
4.869000000000000000e+03 1.006455696259000397e+05 -1.318828066354776896e-02
4.870000000000000000e+03 1.006662403117956856e+05 -1.210189858998261814e-02
4.871000000000000000e+03 1.006869109976913314e+05 -1.091135421680278217e-02
4.872000000000000000e+03 1.007075816835869773e+05 -9.889633131406005973e-03
4.873000000000000000e+03 1.007282523694826232e+05 -9.273956562459773068e-03
4.874000000000000000e+03 1.007489230553782691e+05 -9.210050354133469952e-03
4.875000000000000000e+03 1.007695937412739149e+05 -9.716942786185400749e-03
4.876000000000000000e+03 1.007902644271695608e+05 -1.068058659985449133e-02
4.877000000000000000e+03 1.008109351130652067e+05 -1.187809605004475078e-02
4.878000000000000000e+03 1.008316057989608526e+05 -1.302743652398374863e-02
4.879000000000000000e+03 1.008522764848564984e+05 -1.385153478467793416e-02
4.880000000000000000e+03 1.008729471707521443e+05 -1.414232413147786804e-02
4.881000000000000000e+03 1.008936178566477902e+05 -1.381003620746656946e-02
4.882000000000000000e+03 1.009142885425434361e+05 -1.290621092538979386e-02
4.883000000000000000e+03 1.009349592284390819e+05 -1.161474400755568848e-02
4.884000000000000000e+03 1.009556299143347278e+05 -1.021251536347539401e-02
4.885000000000000000e+03 1.009763006002303737e+05 -9.008095208863531322e-03
4.886000000000000000e+03 1.009969712861260195e+05 -8.272111478551058550e-03
4.887000000000000000e+03 1.010176419720216654e+05 -8.174911963382214264e-03
4.888000000000000000e+03 1.010383126579173113e+05 -8.745705157290950549e-03
4.889000000000000000e+03 1.010589833438129572e+05 -9.862747547912831259e-03
4.890000000000000000e+03 1.010796540297086030e+05 -1.127736972163806417e-02
4.891000000000000000e+03 1.011003247156042489e+05 -1.266713957903908838e-02
4.892000000000000000e+03 1.011209954014998948e+05 -1.370684903451602210e-02
4.893000000000000000e+03 1.011416660873955407e+05 -1.414175487484115035e-02
4.894000000000000000e+03 1.011623367732911865e+05 -1.384663622791548754e-02
4.895000000000000000e+03 1.011830074591868324e+05 -1.285705618787635895e-02
4.896000000000000000e+03 1.012036781450824783e+05 -1.136518977764067184e-02
4.897000000000000000e+03 1.012243488309781242e+05 -9.680413571092061353e-03
4.898000000000000000e+03 1.012450195168737700e+05 -8.162794237960846466e-03
4.899000000000000000e+03 1.012656902027694159e+05 -7.143850086613778849e-03
4.900000000000000000e+03 1.012863608886650618e+05 -6.852043029679454576e-03
4.901000000000000000e+03 1.013070315745607077e+05 -7.359670190402289001e-03
4.902000000000000000e+03 1.013277022604563535e+05 -8.563341190796824876e-03
4.903000000000000000e+03 1.013483729463519994e+05 -1.020302557467189786e-02
4.904000000000000000e+03 1.013690436322476453e+05 -1.191624991901801822e-02
4.905000000000000000e+03 1.013897143181432912e+05 -1.331617887020569713e-02
4.906000000000000000e+03 1.014103850040389370e+05 -1.407674711662515454e-02
4.907000000000000000e+03 1.014310556899345829e+05 -1.400604887043249876e-02
4.908000000000000000e+03 1.014517263758302288e+05 -1.309141489610360365e-02
4.909000000000000000e+03 1.014723970617258747e+05 -1.150562507355695763e-02
4.910000000000000000e+03 1.014930677476215205e+05 -9.572219724573616251e-03
4.911000000000000000e+03 1.015137384335171664e+05 -7.696982422850052498e-03
4.912000000000000000e+03 1.015344091194128123e+05 -6.280296572151344847e-03
4.913000000000000000e+03 1.015550798053084582e+05 -5.629468406860849150e-03
4.914000000000000000e+03 1.015757504912041040e+05 -5.890261731665735745e-03
4.915000000000000000e+03 1.015964211770997499e+05 -7.012812765829878024e-03
4.916000000000000000e+03 1.016170918629953958e+05 -8.759732226754302076e-03
4.917000000000000000e+03 1.016377625488910417e+05 -1.075513523416748995e-02
4.918000000000000000e+03 1.016584332347866875e+05 -1.256444163767861388e-02
4.919000000000000000e+03 1.016791039206823334e+05 -1.378793666517080796e-02
4.920000000000000000e+03 1.016997746065779793e+05 -1.414782626045740614e-02
4.921000000000000000e+03 1.017204452924736252e+05 -1.354969831349273242e-02
4.922000000000000000e+03 1.017411159783692710e+05 -1.210473627153341170e-02
4.923000000000000000e+03 1.017617866642649169e+05 -1.010754328257612578e-02
4.924000000000000000e+03 1.017824573501605628e+05 -7.974130041800475688e-03
4.925000000000000000e+03 1.018031280360562087e+05 -6.153338267147145935e-03
4.926000000000000000e+03 1.018237987219518545e+05 -5.030767315675699347e-03
4.927000000000000000e+03 1.018444694078475004e+05 -4.845869661730561884e-03
4.928000000000000000e+03 1.018651400937431463e+05 -5.639999655935257206e-03
4.929000000000000000e+03 1.018858107796387922e+05 -7.246568235295625972e-03
4.930000000000000000e+03 1.019064814655344380e+05 -9.325536069582696097e-03
4.931000000000000000e+03 1.019271521514300839e+05 -1.143509325133690302e-02
4.932000000000000000e+03 1.019478228373257298e+05 -1.312541565388491982e-02
4.933000000000000000e+03 1.019684935232213757e+05 -1.403454343752719158e-02
4.934000000000000000e+03 1.019891642091170215e+05 -1.396582674505075956e-02
4.935000000000000000e+03 1.020098348950126674e+05 -1.293024988068852688e-02
4.936000000000000000e+03 1.020305055809083133e+05 -1.114446695862097991e-02
4.937000000000000000e+03 1.020511762668039592e+05 -8.984912985152415654e-03
4.938000000000000000e+03 1.020718469526996050e+05 -6.907813611490899210e-03
4.939000000000000000e+03 1.020925176385952509e+05 -5.352237430915895988e-03
4.940000000000000000e+03 1.021131883244908968e+05 -4.646913469513458406e-03
4.941000000000000000e+03 1.021338590103865426e+05 -4.940627833580901740e-03
4.942000000000000000e+03 1.021545296962821885e+05 -6.170906656107255639e-03
4.943000000000000000e+03 1.021752003821778344e+05 -8.077562121158621267e-03
4.944000000000000000e+03 1.021958710680734803e+05 -1.025822626703876139e-02
4.945000000000000000e+03 1.022165417539691261e+05 -1.225411311607949028e-02
4.946000000000000000e+03 1.022372124398647720e+05 -1.364775084208269540e-02
4.947000000000000000e+03 1.022578831257604179e+05 -1.415175571103910457e-02
4.948000000000000000e+03 1.022785538116560638e+05 -1.366956969951027556e-02
4.949000000000000000e+03 1.022992244975517096e+05 -1.231512295359116216e-02
4.950000000000000000e+03 1.023198951834473555e+05 -1.038729531191029398e-02
4.951000000000000000e+03 1.023405658693430014e+05 -8.304867538100668689e-03
4.952000000000000000e+03 1.023612365552386473e+05 -6.516201903277396568e-03
4.953000000000000000e+03 1.023819072411342931e+05 -5.403275960039422010e-03
4.954000000000000000e+03 1.024025779270299390e+05 -5.200737287840428991e-03
4.955000000000000000e+03 1.024232486129255849e+05 -5.947198554006272175e-03
4.956000000000000000e+03 1.024439192988212308e+05 -7.478916248250032893e-03
4.957000000000000000e+03 1.024645899847168766e+05 -9.466870465220378339e-03
4.958000000000000000e+03 1.024852606706125225e+05 -1.148898563217709556e-02
4.959000000000000000e+03 1.025059313565081684e+05 -1.312170649090665941e-02
4.960000000000000000e+03 1.025266020424038143e+05 -1.403098963470889027e-02
4.961000000000000000e+03 1.025472727282994601e+05 -1.404297016093064565e-02
4.962000000000000000e+03 1.025679434141951060e+05 -1.317913397434072875e-02
4.963000000000000000e+03 1.025886141000907519e+05 -1.164874675818322602e-02
4.964000000000000000e+03 1.026092847859863978e+05 -9.800750453791307049e-03
4.965000000000000000e+03 1.026299554718820436e+05 -8.046194715528254271e-03
4.966000000000000000e+03 1.026506261577776895e+05 -6.768545404587156256e-03
4.967000000000000000e+03 1.026712968436733354e+05 -6.241542705499258936e-03
4.968000000000000000e+03 1.026919675295689813e+05 -6.572248423321935817e-03
4.969000000000000000e+03 1.027126382154646271e+05 -7.681118076774296789e-03
4.970000000000000000e+03 1.027333089013602730e+05 -9.322736370059092614e-03
4.971000000000000000e+03 1.027539795872559189e+05 -1.114204648071481785e-02
4.972000000000000000e+03 1.027746502731515648e+05 -1.275331759635223161e-02
4.973000000000000000e+03 1.027953209590472106e+05 -1.382432348831807989e-02
4.974000000000000000e+03 1.028159916449428565e+05 -1.414729570665384899e-02
4.975000000000000000e+03 1.028366623308385024e+05 -1.368138375442262515e-02
4.976000000000000000e+03 1.028573330167341483e+05 -1.255786946737402765e-02
4.977000000000000000e+03 1.028780037026297941e+05 -1.104773279908566330e-02
4.978000000000000000e+03 1.028986743885254400e+05 -9.499446988433302153e-03
4.979000000000000000e+03 1.029193450744210859e+05 -8.261247343436639579e-03
4.980000000000000000e+03 1.029400157603167318e+05 -7.605197377631045530e-03
4.981000000000000000e+03 1.029606864462123776e+05 -7.669577402141969369e-03
4.982000000000000000e+03 1.029813571321080235e+05 -8.431747532108568866e-03
4.983000000000000000e+03 1.030020278180036694e+05 -9.716757681338228370e-03
4.984000000000000000e+03 1.030226985038993153e+05 -1.123912238823532306e-02
4.985000000000000000e+03 1.030433691897949611e+05 -1.266801087876423537e-02
4.986000000000000000e+03 1.030640398756906070e+05 -1.370112723331151465e-02
4.987000000000000000e+03 1.030847105615862529e+05 -1.413084440148615513e-02
4.988000000000000000e+03 1.031053812474818988e+05 -1.388809415022585099e-02
4.989000000000000000e+03 1.031260519333775446e+05 -1.305466311806191548e-02
4.990000000000000000e+03 1.031467226192731905e+05 -1.184171969300840122e-02
4.991000000000000000e+03 1.031673933051688364e+05 -1.053995751551750626e-02
4.992000000000000000e+03 1.031880639910644823e+05 -9.452981639481605747e-03
4.993000000000000000e+03 1.032087346769601281e+05 -8.829098711302441060e-03
4.994000000000000000e+03 1.032294053628557740e+05 -8.806759189004975674e-03
4.995000000000000000e+03 1.032500760487514199e+05 -9.385596261124562467e-03
4.996000000000000000e+03 1.032707467346470658e+05 -1.042912351556968265e-02
4.997000000000000000e+03 1.032914174205427116e+05 -1.169802535207176142e-02
4.998000000000000000e+03 1.033120881064383575e+05 -1.290615605250722275e-02
4.999000000000000000e+03 1.033327587923340034e+05 -1.378633602194795360e-02
5.000000000000000000e+03 1.033534294782296492e+05 -1.415091858965994605e-02
5.001000000000000000e+03 1.033741001641252951e+05 -1.393339940592402959e-02
5.002000000000000000e+03 1.033947708500209410e+05 -1.320177545496387106e-02
5.003000000000000000e+03 1.034154415359165869e+05 -1.214091058482907881e-02
5.004000000000000000e+03 1.034361122218122327e+05 -1.100830322943496808e-02
5.005000000000000000e+03 1.034567829077078786e+05 -1.007371756789215977e-02
5.006000000000000000e+03 1.034774535936035245e+05 -9.556732069875228941e-03
5.007000000000000000e+03 1.034981242794991704e+05 -9.576578199366581057e-03
5.008000000000000000e+03 1.035187949653948162e+05 -1.012566769062311911e-02
5.009000000000000000e+03 1.035394656512904621e+05 -1.107267438065245857e-02
5.010000000000000000e+03 1.035601363371861080e+05 -1.219422662931518575e-02
5.011000000000000000e+03 1.035808070230817539e+05 -1.322770891928254366e-02
5.012000000000000000e+03 1.036014777089773997e+05 -1.393283749729040503e-02
5.013000000000000000e+03 1.036221483948730456e+05 -1.414767701266556217e-02
5.014000000000000000e+03 1.036428190807686915e+05 -1.382609051080768703e-02
5.015000000000000000e+03 1.036634897666643374e+05 -1.304797540749697005e-02
5.016000000000000000e+03 1.036841604525599832e+05 -1.200001335808259517e-02
5.017000000000000000e+03 1.037048311384556291e+05 -1.093154578195748572e-02
5.018000000000000000e+03 1.037255018243512750e+05 -1.009595620907721703e-02
5.019000000000000000e+03 1.037461725102469209e+05 -9.691251305613324263e-03
5.020000000000000000e+03 1.037668431961425667e+05 -9.813642469845729188e-03
5.021000000000000000e+03 1.037875138820382126e+05 -1.043486300248264165e-02
5.022000000000000000e+03 1.038081845679338585e+05 -1.140845955499314446e-02
5.023000000000000000e+03 1.038288552538295044e+05 -1.250363330603188050e-02
5.024000000000000000e+03 1.038495259397251502e+05 -1.345886812627772322e-02
5.025000000000000000e+03 1.038701966256207961e+05 -1.404299302844480742e-02
5.026000000000000000e+03 1.038908673115164420e+05 -1.410954545021814339e-02
5.027000000000000000e+03 1.039115379974120879e+05 -1.363177406269222569e-02
5.028000000000000000e+03 1.039322086833077337e+05 -1.271003506767443003e-02
5.029000000000000000e+03 1.039528793692033796e+05 -1.154968519722099352e-02
5.030000000000000000e+03 1.039735500550990255e+05 -1.041438780894232696e-02
5.031000000000000000e+03 1.039942207409946714e+05 -9.565445138928319047e-03
5.032000000000000000e+03 1.040148914268903172e+05 -9.201034074247160799e-03
5.033000000000000000e+03 1.040355621127859631e+05 -9.409315926408867714e-03
5.034000000000000000e+03 1.040562327986816090e+05 -1.014631380699426710e-02
5.035000000000000000e+03 1.040769034845772549e+05 -1.124391244396993894e-02
5.036000000000000000e+03 1.040975741704729007e+05 -1.244655831128582690e-02
5.037000000000000000e+03 1.041182448563685466e+05 -1.346869931523020543e-02
5.038000000000000000e+03 1.041389155422641925e+05 -1.406015184503384141e-02
5.039000000000000000e+03 1.041595862281598384e+05 -1.406454782477295669e-02
5.040000000000000000e+03 1.041802569140554842e+05 -1.345733104321056306e-02
5.041000000000000000e+03 1.042009275999511301e+05 -1.235421589804430731e-02
5.042000000000000000e+03 1.042215982858467760e+05 -1.098763059622620553e-02
5.043000000000000000e+03 1.042422689717424219e+05 -9.655954422666090942e-03
5.044000000000000000e+03 1.042629396576380677e+05 -8.656654677771324913e-03
5.045000000000000000e+03 1.042836103435337136e+05 -8.218270397374216607e-03
5.046000000000000000e+03 1.043042810294293595e+05 -8.446678037639432368e-03
5.047000000000000000e+03 1.043249517153250054e+05 -9.298088462719178438e-03
5.048000000000000000e+03 1.043456224012206512e+05 -1.058542158213882090e-02
5.049000000000000000e+03 1.043662930871162971e+05 -1.201733365576218571e-02
5.050000000000000000e+03 1.043869637730119430e+05 -1.326180791574077533e-02
5.051000000000000000e+03 1.044076344589075889e+05 -1.402047865141714707e-02
5.052000000000000000e+03 1.044283051448032347e+05 -1.409708567738582330e-02
5.053000000000000000e+03 1.044489758306988806e+05 -1.344439074216402519e-02
5.054000000000000000e+03 1.044696465165945265e+05 -1.217843242848654084e-02
5.055000000000000000e+03 1.044903172024901723e+05 -1.055619395555768003e-02
5.056000000000000000e+03 1.045109878883858182e+05 -8.921001273378859064e-03
5.057000000000000000e+03 1.045316585742814641e+05 -7.627368037054826043e-03
5.058000000000000000e+03 1.045523292601771100e+05 -6.961834253207899170e-03
5.059000000000000000e+03 1.045729999460727558e+05 -7.077475524276232409e-03
5.060000000000000000e+03 1.045936706319684017e+05 -7.956935954854971182e-03
5.061000000000000000e+03 1.046143413178640476e+05 -9.412705354687578296e-03
5.062000000000000000e+03 1.046350120037596935e+05 -1.112525197735642069e-02
5.063000000000000000e+03 1.046556826896553393e+05 -1.271124942334339591e-02
5.064000000000000000e+03 1.046763533755509852e+05 -1.380729748722081714e-02
5.065000000000000000e+03 1.046970240614466311e+05 -1.415078901980054704e-02
5.066000000000000000e+03 1.047176947473422770e+05 -1.363986745479967011e-02
5.067000000000000000e+03 1.047383654332379228e+05 -1.235879464128003535e-02
5.068000000000000000e+03 1.047590361191335687e+05 -1.056257978048613655e-02
5.069000000000000000e+03 1.047797068050292146e+05 -8.623729766226717608e-03
5.070000000000000000e+03 1.048003774909248605e+05 -6.952435104799259413e-03
5.071000000000000000e+03 1.048210481768205063e+05 -5.907479835618345554e-03
5.072000000000000000e+03 1.048417188627161522e+05 -5.717306357565954400e-03
5.073000000000000000e+03 1.048623895486117981e+05 -6.428534847374156591e-03
5.074000000000000000e+03 1.048830602345074440e+05 -7.893368918211907115e-03
5.075000000000000000e+03 1.049037309204030898e+05 -9.799014231589908697e-03
5.076000000000000000e+03 1.049244016062987357e+05 -1.173322159746426063e-02
5.077000000000000000e+03 1.049450722921943816e+05 -1.327219263895718093e-02
5.078000000000000000e+03 1.049657429780900275e+05 -1.407204701403808045e-02
5.079000000000000000e+03 1.049864136639856733e+05 -1.394402856312415562e-02
5.080000000000000000e+03 1.050070843498813192e+05 -1.289694929116991240e-02
5.081000000000000000e+03 1.050277550357769651e+05 -1.113735736606508153e-02
5.082000000000000000e+03 1.050484257216726110e+05 -9.027045053315252421e-03
5.083000000000000000e+03 1.050690964075682568e+05 -7.006781971436282230e-03
5.084000000000000000e+03 1.050897670934639027e+05 -5.502524314910994807e-03
5.085000000000000000e+03 1.051104377793595486e+05 -4.834179223057122332e-03
5.086000000000000000e+03 1.051311084652551945e+05 -5.146475392010685379e-03
5.087000000000000000e+03 1.051517791511508403e+05 -6.376792956845289684e-03
5.088000000000000000e+03 1.051724498370464862e+05 -8.267009264238345256e-03
5.089000000000000000e+03 1.051931205229421321e+05 -1.041714832106549471e-02
5.090000000000000000e+03 1.052137912088377780e+05 -1.236973428591370272e-02
5.091000000000000000e+03 1.052344618947334238e+05 -1.370706619696848531e-02
5.092000000000000000e+03 1.052551325806290697e+05 -1.414064095772171736e-02
5.093000000000000000e+03 1.052758032665247156e+05 -1.357342688389318042e-02
5.094000000000000000e+03 1.052964739524203615e+05 -1.212140315745591224e-02
5.095000000000000000e+03 1.053171446383160073e+05 -1.008951596692286845e-02
5.096000000000000000e+03 1.053378153242116532e+05 -7.907055686452335586e-03
5.097000000000000000e+03 1.053584860101072991e+05 -6.036267818443130651e-03
5.098000000000000000e+03 1.053791566960029450e+05 -4.873815505178957785e-03
5.099000000000000000e+03 1.053998273818985908e+05 -4.666223983606387904e-03
5.100000000000000000e+03 1.054204980677942367e+05 -5.457375141439735344e-03
5.101000000000000000e+03 1.054411687536898826e+05 -7.079239526489922163e-03
5.102000000000000000e+03 1.054618394395855285e+05 -9.187845016768614315e-03
5.103000000000000000e+03 1.054825101254811743e+05 -1.133686864768573832e-02
5.104000000000000000e+03 1.055031808113768202e+05 -1.307315040260043082e-02
5.105000000000000000e+03 1.055238514972724661e+05 -1.403360272612980131e-02
5.106000000000000000e+03 1.055445221831681120e+05 -1.402258203120471114e-02
5.107000000000000000e+03 1.055651928690637578e+05 -1.305299525625441825e-02
5.108000000000000000e+03 1.055858635549594037e+05 -1.134233873366946588e-02
5.109000000000000000e+03 1.056065342408550496e+05 -9.264733394948987399e-03
5.110000000000000000e+03 1.056272049267506954e+05 -7.269618733754090734e-03
5.111000000000000000e+03 1.056478756126463413e+05 -5.784952330058601433e-03
5.112000000000000000e+03 1.056685462985419872e+05 -5.125940955364449714e-03
5.113000000000000000e+03 1.056892169844376331e+05 -5.428863962389396391e-03
5.114000000000000000e+03 1.057098876703332789e+05 -6.623892930699204484e-03
5.115000000000000000e+03 1.057305583562289248e+05 -8.452306451275148902e-03
5.116000000000000000e+03 1.057512290421245707e+05 -1.052397808056260153e-02
5.117000000000000000e+03 1.057718997280202166e+05 -1.240243183893896539e-02
5.118000000000000000e+03 1.057925704139158624e+05 -1.369889873177621183e-02
5.119000000000000000e+03 1.058132410998115083e+05 -1.415497033783674752e-02
5.120000000000000000e+03 1.058339117857071542e+05 -1.369609222849077490e-02
5.121000000000000000e+03 1.058545824716028001e+05 -1.244468930282427444e-02
5.122000000000000000e+03 1.058752531574984459e+05 -1.069066398986395772e-02
5.123000000000000000e+03 1.058959238433940918e+05 -8.826325468107909522e-03
5.124000000000000000e+03 1.059165945292897377e+05 -7.260420560881387410e-03
5.125000000000000000e+03 1.059372652151853836e+05 -6.330190444585714893e-03
5.126000000000000000e+03 1.059579359010810294e+05 -6.230412800768470039e-03
5.127000000000000000e+03 1.059786065869766753e+05 -6.974334099648260565e-03
5.128000000000000000e+03 1.059992772728723212e+05 -8.394272538069624812e-03
5.129000000000000000e+03 1.060199479587679671e+05 -1.018107094266995638e-02
5.130000000000000000e+03 1.060406186446636129e+05 -1.195329597277805522e-02
5.131000000000000000e+03 1.060612893305592588e+05 -1.334081384588003960e-02
5.132000000000000000e+03 1.060819600164549047e+05 -1.406444976493770316e-02
5.133000000000000000e+03 1.061026307023505506e+05 -1.399451469167434237e-02
5.134000000000000000e+03 1.061233013882461964e+05 -1.317582711741072110e-02
5.135000000000000000e+03 1.061439720741418423e+05 -1.181436431397819842e-02
5.136000000000000000e+03 1.061646427600374882e+05 -1.022914395841473256e-02
5.137000000000000000e+03 1.061853134459331341e+05 -8.780473447676351295e-03
5.138000000000000000e+03 1.062059841318287799e+05 -7.790659283294309144e-03
5.139000000000000000e+03 1.062266548177244258e+05 -7.474597515930214708e-03
5.140000000000000000e+03 1.062473255036200717e+05 -7.895166393682040429e-03
5.141000000000000000e+03 1.062679961895157176e+05 -8.952669960710091246e-03
5.142000000000000000e+03 1.062886668754113634e+05 -1.041003732225198597e-02
5.143000000000000000e+03 1.063093375613070093e+05 -1.194769010757135153e-02
5.144000000000000000e+03 1.063300082472026552e+05 -1.323558715520478657e-02
5.145000000000000000e+03 1.063506789330983011e+05 -1.400631041637700851e-02
5.146000000000000000e+03 1.063713496189939469e+05 -1.411298992683573776e-02
5.147000000000000000e+03 1.063920203048895928e+05 -1.355941698496121624e-02
5.148000000000000000e+03 1.064126909907852387e+05 -1.249606211522058530e-02
5.149000000000000000e+03 1.064333616766808846e+05 -1.118343588257997290e-02
5.150000000000000000e+03 1.064540323625765304e+05 -9.931537265387202496e-03
5.151000000000000000e+03 1.064747030484721763e+05 -9.029367093809748113e-03
5.152000000000000000e+03 1.064953737343678222e+05 -8.680481631538172760e-03
5.153000000000000000e+03 1.065160444202634681e+05 -8.958932872791092183e-03
5.154000000000000000e+03 1.065367151061591139e+05 -9.795137819796406742e-03
5.155000000000000000e+03 1.065573857920547598e+05 -1.099437680671805362e-02
5.156000000000000000e+03 1.065780564779504057e+05 -1.228327346824825694e-02
5.157000000000000000e+03 1.065987271638460516e+05 -1.337336404833827652e-02
5.158000000000000000e+03 1.066193978497416974e+05 -1.402710137084201003e-02
5.159000000000000000e+03 1.066400685356373433e+05 -1.411122085714305863e-02
5.160000000000000000e+03 1.066607392215329892e+05 -1.362543535997501158e-02
5.161000000000000000e+03 1.066814099074286351e+05 -1.270021808005489250e-02
5.162000000000000000e+03 1.067020805933242809e+05 -1.156461355665289181e-02
5.163000000000000000e+03 1.067227512792199268e+05 -1.049189711028558625e-02
5.164000000000000000e+03 1.067434219651155727e+05 -9.735883455036009604e-03
5.165000000000000000e+03 1.067640926510112185e+05 -9.472639369895119454e-03
5.166000000000000000e+03 1.067847633369068644e+05 -9.760894375814455071e-03
5.167000000000000000e+03 1.068054340228025103e+05 -1.052998105557956254e-02
5.168000000000000000e+03 1.068261047086981562e+05 -1.159774595049489765e-02
5.169000000000000000e+03 1.068467753945938020e+05 -1.271400912460074473e-02
5.170000000000000000e+03 1.068674460804894479e+05 -1.361934430190314856e-02
5.171000000000000000e+03 1.068881167663850938e+05 -1.410550230450924314e-02
5.172000000000000000e+03 1.069087874522807397e+05 -1.406350111614817870e-02
5.173000000000000000e+03 1.069294581381763855e+05 -1.350833490048985834e-02
5.174000000000000000e+03 1.069501288240720314e+05 -1.257472943069137816e-02
5.175000000000000000e+03 1.069707995099676773e+05 -1.148510575990102645e-02
5.176000000000000000e+03 1.069914701958633232e+05 -1.049733083487769392e-02
5.177000000000000000e+03 1.070121408817589690e+05 -9.844446432154208004e-03
5.178000000000000000e+03 1.070328115676546149e+05 -9.680332174310857241e-03
5.179000000000000000e+03 1.070534822535502608e+05 -1.004381275868493351e-02
5.180000000000000000e+03 1.070741529394459067e+05 -1.084944424836842281e-02
5.181000000000000000e+03 1.070948236253415525e+05 -1.190710518696214137e-02
5.182000000000000000e+03 1.071154943112371984e+05 -1.296594185021737733e-02
5.183000000000000000e+03 1.071361649971328443e+05 -1.377262786579891429e-02
5.184000000000000000e+03 1.071568356830284902e+05 -1.413055514501071301e-02
5.185000000000000000e+03 1.071775063689241360e+05 -1.394626513121266509e-02
5.186000000000000000e+03 1.071981770548197819e+05 -1.325227059640132765e-02
5.187000000000000000e+03 1.072188477407154278e+05 -1.220078904364119143e-02
5.188000000000000000e+03 1.072395184266110737e+05 -1.102958809659770889e-02
5.189000000000000000e+03 1.072601891125067195e+05 -1.000759297880537968e-02
5.190000000000000000e+03 1.072808597984023654e+05 -9.372631803308495435e-03
5.191000000000000000e+03 1.073015304842980113e+05 -9.275600345148515835e-03
5.192000000000000000e+03 1.073222011701936572e+05 -9.743978999278257724e-03
5.193000000000000000e+03 1.073428718560893030e+05 -1.067334285561882812e-02
5.194000000000000000e+03 1.073635425419849489e+05 -1.184922765093388008e-02
5.195000000000000000e+03 1.073842132278805948e+05 -1.299482277961583332e-02
5.196000000000000000e+03 1.074048839137762407e+05 -1.383397368484173828e-02
5.197000000000000000e+03 1.074255545996718865e+05 -1.415525705506054388e-02
5.198000000000000000e+03 1.074462252855675324e+05 -1.386235962775777923e-02
5.199000000000000000e+03 1.074668959714631783e+05 -1.299885994384147869e-02
5.200000000000000000e+03 1.074875666573588242e+05 -1.174119906883513975e-02
5.201000000000000000e+03 1.075082373432544700e+05 -1.036086293622057175e-02
5.202000000000000000e+03 1.075289080291501159e+05 -9.163922440117489021e-03
5.203000000000000000e+03 1.075495787150457618e+05 -8.421421007245022405e-03
5.204000000000000000e+03 1.075702494009414077e+05 -8.306399884983772797e-03
5.205000000000000000e+03 1.075909200868370535e+05 -8.852064373615464721e-03
5.206000000000000000e+03 1.076115907727326994e+05 -9.941009827121816134e-03
5.207000000000000000e+03 1.076322614586283453e+05 -1.132855921892222950e-02
5.208000000000000000e+03 1.076529321445239912e+05 -1.269560284001453043e-02
5.209000000000000000e+03 1.076736028304196370e+05 -1.371954558038574086e-02
5.210000000000000000e+03 1.076942735163152829e+05 -1.414760008766074821e-02
5.211000000000000000e+03 1.077149442022109288e+05 -1.385578946187299154e-02
5.212000000000000000e+03 1.077356148881065747e+05 -1.287994797655328538e-02
5.213000000000000000e+03 1.077562855740022205e+05 -1.141114359859279892e-02
5.214000000000000000e+03 1.077769562598978664e+05 -9.755925209077698224e-03
5.215000000000000000e+03 1.077976269457935123e+05 -8.269797286591273888e-03
5.216000000000000000e+03 1.078182976316891582e+05 -7.278494420941195031e-03
5.217000000000000000e+03 1.078389683175848040e+05 -7.004536254381799054e-03
5.218000000000000000e+03 1.078596390034804499e+05 -7.515535774420323278e-03
5.219000000000000000e+03 1.078803096893760958e+05 -8.706069359685986164e-03
5.220000000000000000e+03 1.079009803752717417e+05 -1.031764313638128261e-02
5.221000000000000000e+03 1.079216510611673875e+05 -1.199296040283048814e-02
5.222000000000000000e+03 1.079423217470630334e+05 -1.335306591500085016e-02
5.223000000000000000e+03 1.079629924329586793e+05 -1.408067853375472023e-02
5.224000000000000000e+03 1.079836631188543251e+05 -1.399135842692889042e-02
5.225000000000000000e+03 1.080043338047499710e+05 -1.307656007201640769e-02
5.226000000000000000e+03 1.080250044906456169e+05 -1.150863199287954775e-02
5.227000000000000000e+03 1.080456751765412628e+05 -9.606128113894940590e-03
5.228000000000000000e+03 1.080663458624369086e+05 -7.766550667324179091e-03
5.229000000000000000e+03 1.080870165483325545e+05 -6.380891111341491229e-03
5.230000000000000000e+03 1.081076872342282004e+05 -5.748442346112325740e-03
5.231000000000000000e+03 1.081283579201238463e+05 -6.010417028003700590e-03
5.232000000000000000e+03 1.081490286060194921e+05 -7.116955348651143008e-03
5.233000000000000000e+03 1.081696992919151380e+05 -8.835040819555384228e-03
5.234000000000000000e+03 1.081903699778107839e+05 -1.079615175554587969e-02
5.235000000000000000e+03 1.082110406637064298e+05 -1.257392477469154723e-02
5.236000000000000000e+03 1.082317113496020756e+05 -1.377546974536558722e-02
5.237000000000000000e+03 1.082523820354977215e+05 -1.412673501205563738e-02
5.238000000000000000e+03 1.082730527213933674e+05 -1.353330206106939659e-02
5.239000000000000000e+03 1.082937234072890133e+05 -1.210307937164967207e-02
5.240000000000000000e+03 1.083143940931846591e+05 -1.012550343647411477e-02
5.241000000000000000e+03 1.083350647790803050e+05 -8.011278076495043088e-03
5.242000000000000000e+03 1.083557354649759509e+05 -6.205322202415652910e-03
5.243000000000000000e+03 1.083764061508715968e+05 -5.091522080556187824e-03
5.244000000000000000e+03 1.083970768367672426e+05 -4.909764340003563987e-03
5.245000000000000000e+03 1.084177475226628885e+05 -5.703170163377624391e-03
5.246000000000000000e+03 1.084384182085585344e+05 -7.307074463926089593e-03
5.247000000000000000e+03 1.084590888944541803e+05 -9.382477691349810911e-03
5.248000000000000000e+03 1.084797595803498261e+05 -1.148723862118050665e-02
5.249000000000000000e+03 1.085004302662454720e+05 -1.317009230435983724e-02
5.250000000000000000e+03 1.085211009521411179e+05 -1.406743174655261490e-02
5.251000000000000000e+03 1.085417716380367638e+05 -1.398192313893337375e-02
5.252000000000000000e+03 1.085624423239324096e+05 -1.292575904966891676e-02
5.253000000000000000e+03 1.085831130098280555e+05 -1.111893909875932840e-02
5.254000000000000000e+03 1.086037836957237014e+05 -8.942741495316541833e-03
5.255000000000000000e+03 1.086244543816193473e+05 -6.858342625485457610e-03
5.256000000000000000e+03 1.086451250675149931e+05 -5.308162229434310042e-03
5.257000000000000000e+03 1.086657957534106390e+05 -4.621241703231415698e-03
5.258000000000000000e+03 1.086864664393062849e+05 -4.943002002599672373e-03
5.259000000000000000e+03 1.087071371252019308e+05 -6.204385027759995452e-03
5.260000000000000000e+03 1.087278078110975766e+05 -8.136911323167239640e-03
5.261000000000000000e+03 1.087484784969932225e+05 -1.033039394747253814e-02
5.262000000000000000e+03 1.087691491828888684e+05 -1.232092668388734547e-02
5.263000000000000000e+03 1.087898198687845143e+05 -1.369021209599369238e-02
5.264000000000000000e+03 1.088104905546801601e+05 -1.415478626600813472e-02
5.265000000000000000e+03 1.088311612405758060e+05 -1.362588442841789101e-02
5.266000000000000000e+03 1.088518319264714519e+05 -1.222713763758487282e-02
5.267000000000000000e+03 1.088725026123670978e+05 -1.026654274478888684e-02
5.268000000000000000e+03 1.088931732982627436e+05 -8.169120575691635189e-03
5.269000000000000000e+03 1.089138439841583895e+05 -6.385148963497733199e-03
5.270000000000000000e+03 1.089345146700540354e+05 -5.293962904162952121e-03
5.271000000000000000e+03 1.089551853559496813e+05 -5.123979268804035314e-03
5.272000000000000000e+03 1.089758560418453271e+05 -5.905805078968651145e-03
5.273000000000000000e+03 1.089965267277409730e+05 -7.467997914656465674e-03
5.274000000000000000e+03 1.090171974136366189e+05 -9.475894361987147185e-03
5.275000000000000000e+03 1.090378680995322648e+05 -1.150479888370181669e-02
5.276000000000000000e+03 1.090585387854279106e+05 -1.313157860853919612e-02
5.277000000000000000e+03 1.090792094713235565e+05 -1.402486823556936546e-02
5.278000000000000000e+03 1.090998801572192024e+05 -1.401453079869663387e-02
5.279000000000000000e+03 1.091205508431148482e+05 -1.312567934923480895e-02
5.280000000000000000e+03 1.091412215290104941e+05 -1.157039309522017723e-02
5.281000000000000000e+03 1.091618922149061400e+05 -9.699494179906731350e-03
5.282000000000000000e+03 1.091825629008017859e+05 -7.925343060394218764e-03
5.283000000000000000e+03 1.092032335866974317e+05 -6.632689679071990252e-03
5.284000000000000000e+03 1.092239042725930776e+05 -6.096894795687701762e-03
5.285000000000000000e+03 1.092445749584887235e+05 -6.426903619915436128e-03
5.286000000000000000e+03 1.092652456443843694e+05 -7.544758183279764996e-03
5.287000000000000000e+03 1.092859163302800152e+05 -9.205471223266148417e-03
5.288000000000000000e+03 1.093065870161756611e+05 -1.105244693163598413e-02
5.289000000000000000e+03 1.093272577020713070e+05 -1.269608913913855552e-02
5.290000000000000000e+03 1.093479283879669529e+05 -1.379835205133927989e-02
5.291000000000000000e+03 1.093685990738625987e+05 -1.414483888549811046e-02
5.292000000000000000e+03 1.093892697597582446e+05 -1.368893416626304482e-02
5.293000000000000000e+03 1.094099404456538905e+05 -1.255873923265116154e-02
5.294000000000000000e+03 1.094306111315495364e+05 -1.102584884785984265e-02
5.295000000000000000e+03 1.094512818174451822e+05 -9.443397377528639502e-03
5.296000000000000000e+03 1.094719525033408281e+05 -8.167443078484382113e-03
5.297000000000000000e+03 1.094926231892364740e+05 -7.479187468051318177e-03
5.298000000000000000e+03 1.095132938751321199e+05 -7.525035444816975151e-03
5.299000000000000000e+03 1.095339645610277657e+05 -8.287294385737498104e-03
5.300000000000000000e+03 1.095546352469234116e+05 -9.591404622659949197e-03
5.301000000000000000e+03 1.095753059328190575e+05 -1.114752878203478792e-02
5.302000000000000000e+03 1.095959766187147034e+05 -1.261682528966062700e-02
5.303000000000000000e+03 1.096166473046103492e+05 -1.368739159177384708e-02
5.304000000000000000e+03 1.096373179905059951e+05 -1.414286711935203167e-02
5.305000000000000000e+03 1.096579886764016410e+05 -1.390851082771998870e-02
5.306000000000000000e+03 1.096786593622972869e+05 -1.306481163597533746e-02
5.307000000000000000e+03 1.096993300481929327e+05 -1.182613633270040987e-02
5.308000000000000000e+03 1.097200007340885786e+05 -1.048983654108331942e-02
5.309000000000000000e+03 1.097406714199842245e+05 -9.367800152460137308e-03
5.310000000000000000e+03 1.097613421058798704e+05 -8.716160293878616461e-03
5.311000000000000000e+03 1.097820127917755162e+05 -8.678974691542495901e-03
5.312000000000000000e+03 1.098026834776711621e+05 -9.258233856462017020e-03
5.313000000000000000e+03 1.098233541635668080e+05 -1.031642368254742648e-02
5.314000000000000000e+03 1.098440248494624539e+05 -1.161047696305111954e-02
5.315000000000000000e+03 1.098646955353580997e+05 -1.284893281748739069e-02
5.316000000000000000e+03 1.098853662212537456e+05 -1.375901391575146127e-02
5.317000000000000000e+03 1.099060369071493915e+05 -1.414826105091665509e-02
5.318000000000000000e+03 1.099267075930450374e+05 -1.394680352212623875e-02
5.319000000000000000e+03 1.099473782789406832e+05 -1.322095197369854702e-02
5.320000000000000000e+03 1.099680489648363291e+05 -1.215548658863685461e-02
5.321000000000000000e+03 1.099887196507319750e+05 -1.100920426068929814e-02
5.322000000000000000e+03 1.100093903366276209e+05 -1.005431530209999202e-02
5.323000000000000000e+03 1.100300610225232667e+05 -9.513778091225666422e-03
5.324000000000000000e+03 1.100507317084189126e+05 -9.510883718051532654e-03
5.325000000000000000e+03 1.100714023943145585e+05 -1.004238423676406811e-02
5.326000000000000000e+03 1.100920730802102044e+05 -1.098095857822412036e-02
5.327000000000000000e+03 1.101127437661058502e+05 -1.210610129302258642e-02
5.328000000000000000e+03 1.101334144520014961e+05 -1.315609109998117088e-02
5.329000000000000000e+03 1.101540851378971420e+05 -1.388896238656966986e-02
5.330000000000000000e+03 1.101747558237927879e+05 -1.413842156592826256e-02
5.331000000000000000e+03 1.101954265096884337e+05 -1.385188159380157380e-02
5.332000000000000000e+03 1.102160971955840796e+05 -1.310195827185733908e-02
5.333000000000000000e+03 1.102367678814797255e+05 -1.206891835128021118e-02
5.334000000000000000e+03 1.102574385673753713e+05 -1.099826672242076864e-02
5.335000000000000000e+03 1.102781092532710172e+05 -1.014336020553219253e-02
5.336000000000000000e+03 1.102987799391666631e+05 -9.706332285308261199e-03
5.337000000000000000e+03 1.103194506250623090e+05 -9.790948303586399781e-03
5.338000000000000000e+03 1.103401213109579548e+05 -1.037824270092801981e-02
5.339000000000000000e+03 1.103607919968536007e+05 -1.133057622137356724e-02
5.340000000000000000e+03 1.103814626827492466e+05 -1.242326801889115373e-02
5.341000000000000000e+03 1.104021333686448925e+05 -1.339663927222434214e-02
5.342000000000000000e+03 1.104228040545405383e+05 -1.401656039960252724e-02
5.343000000000000000e+03 1.104434747404361842e+05 -1.412952224787222821e-02
5.344000000000000000e+03 1.104641454263318301e+05 -1.369938046851248981e-02
5.345000000000000000e+03 1.104848161122274760e+05 -1.281704776494430043e-02
5.346000000000000000e+03 1.105054867981231218e+05 -1.168061277786291985e-02
5.347000000000000000e+03 1.105261574840187677e+05 -1.055022047783160666e-02
5.348000000000000000e+03 1.105468281699144136e+05 -9.687957315508866074e-03
5.349000000000000000e+03 1.105674988558100595e+05 -9.296555347515444989e-03
5.350000000000000000e+03 1.105881695417057053e+05 -9.471123844532580716e-03
5.351000000000000000e+03 1.106088402276013512e+05 -1.017524493901417193e-02
5.352000000000000000e+03 1.106295109134969971e+05 -1.124728807103975159e-02
5.353000000000000000e+03 1.106501815993926430e+05 -1.243592866715564904e-02
5.354000000000000000e+03 1.106708522852882888e+05 -1.345711907939511724e-02
5.355000000000000000e+03 1.106915229711839347e+05 -1.405967417895864942e-02
5.356000000000000000e+03 1.107121936570795806e+05 -1.408440709925168170e-02
5.357000000000000000e+03 1.107328643429752265e+05 -1.350297812484785309e-02
5.358000000000000000e+03 1.107535350288708723e+05 -1.242709707851358258e-02
5.359000000000000000e+03 1.107742057147665182e+05 -1.108545592058968188e-02
5.360000000000000000e+03 1.107948764006621641e+05 -9.773212613137072236e-03
5.361000000000000000e+03 1.108155470865578100e+05 -8.785258098779669123e-03
5.362000000000000000e+03 1.108362177724534558e+05 -8.348365825169568044e-03
5.363000000000000000e+03 1.108568884583491017e+05 -8.567744201894655909e-03
5.364000000000000000e+03 1.108775591442447476e+05 -9.400402402631846677e-03
5.365000000000000000e+03 1.108982298301403935e+05 -1.066181527953957708e-02
5.366000000000000000e+03 1.109189005160360393e+05 -1.206494210295938618e-02
5.367000000000000000e+03 1.109395712019316852e+05 -1.328332951069899348e-02
5.368000000000000000e+03 1.109602418878273311e+05 -1.402442912872237275e-02
5.369000000000000000e+03 1.109809125737229770e+05 -1.409668686461307448e-02
5.370000000000000000e+03 1.110015832596186228e+05 -1.345508110507931225e-02
5.371000000000000000e+03 1.110222539455142687e+05 -1.221442370727909843e-02
5.372000000000000000e+03 1.110429246314099146e+05 -1.062687977337906098e-02
5.373000000000000000e+03 1.110635953173055605e+05 -9.028200699081501135e-03
5.374000000000000000e+03 1.110842660032012063e+05 -7.764268699661402984e-03
5.375000000000000000e+03 1.111049366890968522e+05 -7.114093204186267005e-03
5.376000000000000000e+03 1.111256073749924981e+05 -7.226350415793170168e-03
5.377000000000000000e+03 1.111462780608881440e+05 -8.083727708902477271e-03
5.378000000000000000e+03 1.111669487467837898e+05 -9.503376984095923685e-03
5.379000000000000000e+03 1.111876194326794357e+05 -1.117398024677468404e-02
5.380000000000000000e+03 1.112082901185750816e+05 -1.272191543103329270e-02
5.381000000000000000e+03 1.112289608044707275e+05 -1.379247429676799808e-02
5.382000000000000000e+03 1.112496314903663733e+05 -1.412848674771460984e-02
5.383000000000000000e+03 1.112703021762620192e+05 -1.362893730650804880e-02
5.384000000000000000e+03 1.112909728621576651e+05 -1.237427052736772559e-02
5.385000000000000000e+03 1.113116435480533110e+05 -1.061222749418239131e-02
5.386000000000000000e+03 1.113323142339489568e+05 -8.706683796859293611e-03
5.387000000000000000e+03 1.113529849198446027e+05 -7.060162419194881099e-03
5.388000000000000000e+03 1.113736556057402486e+05 -6.026628441539172432e-03
5.389000000000000000e+03 1.113943262916358944e+05 -5.833489183737217143e-03
5.390000000000000000e+03 1.114149969775315403e+05 -6.529912752948008325e-03
5.391000000000000000e+03 1.114356676634271862e+05 -7.973065120548739060e-03
5.392000000000000000e+03 1.114563383493228321e+05 -9.855839012061107240e-03
5.393000000000000000e+03 1.114770090352184779e+05 -1.177075486326417675e-02
5.394000000000000000e+03 1.114976797211141238e+05 -1.329677670726270300e-02
5.395000000000000000e+03 1.115183504070097697e+05 -1.409052116586750891e-02
5.396000000000000000e+03 1.115390210929054156e+05 -1.396200573945238776e-02
5.397000000000000000e+03 1.115596917788010614e+05 -1.291811959789179731e-02
5.398000000000000000e+03 1.115803624646967073e+05 -1.116383372930085383e-02
5.399000000000000000e+03 1.116010331505923532e+05 -9.060330135625127568e-03
5.400000000000000000e+03 1.116217038364879991e+05 -7.048700999418011648e-03
5.401000000000000000e+03 1.116423745223836449e+05 -5.555520480600151245e-03
5.402000000000000000e+03 1.116630452082792908e+05 -4.900677649969154004e-03
5.403000000000000000e+03 1.116837158941749367e+05 -5.227462184643871801e-03
5.404000000000000000e+03 1.117043865800705826e+05 -6.470156645567604059e-03
5.405000000000000000e+03 1.117250572659662284e+05 -8.366398928107476873e-03
5.406000000000000000e+03 1.117457279518618743e+05 -1.051202757542141208e-02
5.407000000000000000e+03 1.117663986377575202e+05 -1.244695853657590279e-02
5.408000000000000000e+03 1.117870693236531661e+05 -1.375378529081722201e-02
5.409000000000000000e+03 1.118077400095488119e+05 -1.414780673539001166e-02
5.410000000000000000e+03 1.118284106954444578e+05 -1.353885833989448839e-02
5.411000000000000000e+03 1.118490813813401037e+05 -1.205136941125523053e-02
5.412000000000000000e+03 1.118697520672357496e+05 -9.998165007812143124e-03
5.413000000000000000e+03 1.118904227531313954e+05 -7.813640905942720316e-03
5.414000000000000000e+03 1.119110934390270413e+05 -5.960803214329901678e-03
5.415000000000000000e+03 1.119317641249226872e+05 -4.832297290365050735e-03
5.416000000000000000e+03 1.119524348108183331e+05 -4.666722651506471919e-03
5.417000000000000000e+03 1.119731054967139789e+05 -5.498075907040211874e-03
5.418000000000000000e+03 1.119937761826096248e+05 -7.148964220184628182e-03
5.419000000000000000e+03 1.120144468685052707e+05 -9.268890624049119786e-03
5.420000000000000000e+03 1.120351175544009166e+05 -1.140935237160400906e-02
5.421000000000000000e+03 1.120557882402965624e+05 -1.311964965891432300e-02
5.422000000000000000e+03 1.120764589261922083e+05 -1.404284371178876611e-02
5.423000000000000000e+03 1.120971296120878542e+05 -1.399127177724457383e-02
5.424000000000000000e+03 1.121178002979835001e+05 -1.298549278022764764e-02
5.425000000000000000e+03 1.121384709838791459e+05 -1.124851589958320019e-02
5.426000000000000000e+03 1.121591416697747918e+05 -9.156867528780698873e-03
5.427000000000000000e+03 1.121798123556704377e+05 -7.159336514141411388e-03
5.428000000000000000e+03 1.122004830415660836e+05 -5.681075824609360669e-03
5.429000000000000000e+03 1.122211537274617294e+05 -5.033661798009514410e-03
5.430000000000000000e+03 1.122418244133573753e+05 -5.350160795029867966e-03
5.431000000000000000e+03 1.122624950992530212e+05 -6.558693687820638107e-03
5.432000000000000000e+03 1.122831657851486671e+05 -8.399713980888845466e-03
5.433000000000000000e+03 1.123038364710443129e+05 -1.048297024289562840e-02
5.434000000000000000e+03 1.123245071569399588e+05 -1.237176544919804666e-02
5.435000000000000000e+03 1.123451778428356047e+05 -1.367636286702444970e-02
5.436000000000000000e+03 1.123658485287312506e+05 -1.413648384151899862e-02
5.437000000000000000e+03 1.123865192146268964e+05 -1.367527826991221662e-02
5.438000000000000000e+03 1.124071899005225423e+05 -1.241341978846610683e-02
5.439000000000000000e+03 1.124278605864181882e+05 -1.064069108322995838e-02
5.440000000000000000e+03 1.124485312723138341e+05 -8.751646727173212348e-03
5.441000000000000000e+03 1.124692019582094799e+05 -7.159642889783325061e-03
5.442000000000000000e+03 1.124898726441051258e+05 -6.208022167201954211e-03
5.443000000000000000e+03 1.125105433300007717e+05 -6.097589341823583808e-03
5.444000000000000000e+03 1.125312140158964175e+05 -6.845725745234676474e-03
5.445000000000000000e+03 1.125518847017920634e+05 -8.285495423868360909e-03
5.446000000000000000e+03 1.125725553876877093e+05 -1.010444252002029586e-02
5.447000000000000000e+03 1.125932260735833552e+05 -1.191427056307581278e-02
5.448000000000000000e+03 1.126138967594790010e+05 -1.333598998960788817e-02
5.449000000000000000e+03 1.126345674453746469e+05 -1.408184778842641593e-02
5.450000000000000000e+03 1.126552381312702928e+05 -1.401618505617091386e-02
5.451000000000000000e+03 1.126759088171659387e+05 -1.318216194687321652e-02
5.452000000000000000e+03 1.126965795030615845e+05 -1.178896582717275932e-02
5.453000000000000000e+03 1.127172501889572304e+05 -1.016292283930181339e-02
5.454000000000000000e+03 1.127379208748528763e+05 -8.673865572925543166e-03
5.455000000000000000e+03 1.127585915607485222e+05 -7.653389293112489167e-03
5.456000000000000000e+03 1.127792622466441680e+05 -7.323109322719899804e-03
5.457000000000000000e+03 1.127999329325398139e+05 -7.748472002111983503e-03
5.458000000000000000e+03 1.128206036184354598e+05 -8.827759221869346806e-03
5.459000000000000000e+03 1.128412743043311057e+05 -1.031804561108767837e-02
5.460000000000000000e+03 1.128619449902267515e+05 -1.189174310620039199e-02
5.461000000000000000e+03 1.128826156761223974e+05 -1.321072953410390438e-02
5.462000000000000000e+03 1.129032863620180433e+05 -1.400133923252505630e-02
5.463000000000000000e+03 1.129239570479136892e+05 -1.411353091154671224e-02
5.464000000000000000e+03 1.129446277338093350e+05 -1.355133838192507101e-02
5.465000000000000000e+03 1.129652984197049809e+05 -1.246836527677558371e-02
5.466000000000000000e+03 1.129859691056006268e+05 -1.113004378002468986e-02
5.467000000000000000e+03 1.130066397914962727e+05 -9.851797688428032274e-03
5.468000000000000000e+03 1.130273104773919185e+05 -8.927451995944468699e-03
5.469000000000000000e+03 1.130479811632875644e+05 -8.564086711598806190e-03
5.470000000000000000e+03 1.130686518491832103e+05 -8.837719759878237547e-03
5.471000000000000000e+03 1.130893225350788562e+05 -9.679246845850308922e-03
5.472000000000000000e+03 1.131099932209745020e+05 -1.089315433829129987e-02
5.473000000000000000e+03 1.131306639068701479e+05 -1.220420039224523467e-02
5.474000000000000000e+03 1.131513345927657938e+05 -1.332111239690625566e-02
5.475000000000000000e+03 1.131720052786614397e+05 -1.400270357628829836e-02
5.476000000000000000e+03 1.131926759645570855e+05 -1.411147118569711090e-02
5.477000000000000000e+03 1.132133466504527314e+05 -1.364277311953998595e-02
5.478000000000000000e+03 1.132340173363483773e+05 -1.272337716030935706e-02
5.479000000000000000e+03 1.132546880222440232e+05 -1.158020749947907824e-02
5.480000000000000000e+03 1.132753587081396690e+05 -1.048685325920895028e-02
5.481000000000000000e+03 1.132960293940353149e+05 -9.700321955861956891e-03
5.482000000000000000e+03 1.133167000799309608e+05 -9.402531336715702626e-03
5.483000000000000000e+03 1.133373707658266067e+05 -9.659741026013968224e-03
5.484000000000000000e+03 1.133580414517222525e+05 -1.040889515891829653e-02
5.485000000000000000e+03 1.133787121376178984e+05 -1.147367711545232982e-02
5.486000000000000000e+03 1.133993828235135443e+05 -1.260634846909636231e-02
5.487000000000000000e+03 1.134200535094091902e+05 -1.354563120991925107e-02
5.488000000000000000e+03 1.134407241953048360e+05 -1.407728142142383732e-02
5.489000000000000000e+03 1.134613948812004819e+05 -1.408342274387819511e-02
5.490000000000000000e+03 1.134820655670961278e+05 -1.356931874225664018e-02
5.491000000000000000e+03 1.135027362529917737e+05 -1.266148379691733883e-02
5.492000000000000000e+03 1.135234069388874195e+05 -1.157766156530259938e-02
5.493000000000000000e+03 1.135440776247830654e+05 -1.057570053585132897e-02
5.494000000000000000e+03 1.135647483106787113e+05 -9.893217451676816765e-03
5.495000000000000000e+03 1.135854189965743572e+05 -9.692039134519880861e-03
5.496000000000000000e+03 1.136060896824700030e+05 -1.002028533830712220e-02
5.497000000000000000e+03 1.136267603683656489e+05 -1.080088619550018114e-02
5.498000000000000000e+03 1.136474310542612948e+05 -1.184925913958728705e-02
5.499000000000000000e+03 1.136681017401569407e+05 -1.291616516942356574e-02
5.500000000000000000e+03 1.136887724260525865e+05 -1.374592195208762524e-02
5.501000000000000000e+03 1.137094431119482324e+05 -1.413650849581632278e-02
5.502000000000000000e+03 1.137301137978438783e+05 -1.398753400553781612e-02
5.503000000000000000e+03 1.137507844837395241e+05 -1.332475169332197722e-02
5.504000000000000000e+03 1.137714551696351700e+05 -1.229519005145834898e-02
5.505000000000000000e+03 1.137921258555308159e+05 -1.113380626995869038e-02
5.506000000000000000e+03 1.138127965414264618e+05 -1.010923489721243795e-02
5.507000000000000000e+03 1.138334672273221076e+05 -9.461133014171341227e-03
5.508000000000000000e+03 1.138541379132177535e+05 -9.343649659521557904e-03
5.509000000000000000e+03 1.138748085991133994e+05 -9.788209418280235941e-03
5.510000000000000000e+03 1.138954792850090453e+05 -1.069442659692670938e-02
5.511000000000000000e+03 1.139161499709046911e+05 -1.185156230713174663e-02
5.512000000000000000e+03 1.139368206568003370e+05 -1.298593427842792414e-02
5.513000000000000000e+03 1.139574913426959829e+05 -1.382365178688044205e-02
5.514000000000000000e+03 1.139781620285916288e+05 -1.415436164668332220e-02
5.515000000000000000e+03 1.139988327144872746e+05 -1.388125474446039176e-02
5.516000000000000000e+03 1.140195034003829205e+05 -1.304556280760171827e-02
5.517000000000000000e+03 1.140401740862785664e+05 -1.181952839804978339e-02
5.518000000000000000e+03 1.140608447721742123e+05 -1.046904323464559194e-02
5.519000000000000000e+03 1.140815154580698581e+05 -9.294149766574388849e-03
5.520000000000000000e+03 1.141021861439655040e+05 -8.560759652601723779e-03
5.521000000000000000e+03 1.141228568298611499e+05 -8.439066931320682308e-03
5.522000000000000000e+03 1.141435275157567958e+05 -8.962751154553694199e-03
5.523000000000000000e+03 1.141641982016524416e+05 -1.001851321722446730e-02
5.524000000000000000e+03 1.141848688875480875e+05 -1.136878392681317518e-02
5.525000000000000000e+03 1.142055395734437334e+05 -1.270304325444782112e-02
5.526000000000000000e+03 1.142262102593393793e+05 -1.370668448487399882e-02
5.527000000000000000e+03 1.142468809452350251e+05 -1.413220334533293876e-02
5.528000000000000000e+03 1.142675516311306710e+05 -1.385668108563853536e-02
5.529000000000000000e+03 1.142882223170263169e+05 -1.291233023421467507e-02
5.530000000000000000e+03 1.143088930029219628e+05 -1.148271779149734328e-02
5.531000000000000000e+03 1.143295636888176086e+05 -9.864891624276006521e-03
5.532000000000000000e+03 1.143502343747132545e+05 -8.405307244900905861e-03
5.533000000000000000e+03 1.143709050606089004e+05 -7.423442731703200348e-03
5.534000000000000000e+03 1.143915757465045463e+05 -7.139928036376808063e-03
5.535000000000000000e+03 1.144122464324001921e+05 -7.625234808931014019e-03
5.536000000000000000e+03 1.144329171182958380e+05 -8.780657350654474946e-03
5.537000000000000000e+03 1.144535878041914839e+05 -1.035640389585334997e-02
5.538000000000000000e+03 1.144742584900871298e+05 -1.200355873602776402e-02
5.539000000000000000e+03 1.144949291759827756e+05 -1.334915039512551971e-02
5.540000000000000000e+03 1.145155998618784215e+05 -1.407820259700076626e-02
5.541000000000000000e+03 1.145362705477740674e+05 -1.400471527780633441e-02
5.542000000000000000e+03 1.145569412336697133e+05 -1.311557903668225666e-02
5.543000000000000000e+03 1.145776119195653591e+05 -1.157712014832801284e-02
5.544000000000000000e+03 1.145982826054610050e+05 -9.702100370573174537e-03
5.545000000000000000e+03 1.146189532913566509e+05 -7.883766456317720106e-03
5.546000000000000000e+03 1.146396239772522968e+05 -6.510980695938806129e-03
5.547000000000000000e+03 1.146602946631479426e+05 -5.882855327081215613e-03
5.548000000000000000e+03 1.146809653490435885e+05 -6.141647074401457296e-03
5.549000000000000000e+03 1.147016360349392344e+05 -7.238881747639202245e-03
5.550000000000000000e+03 1.147223067208348803e+05 -8.942623484335276984e-03
5.551000000000000000e+03 1.147429774067305261e+05 -1.088497335691979151e-02
5.552000000000000000e+03 1.147636480926261720e+05 -1.264009835254714664e-02
5.553000000000000000e+03 1.147843187785218179e+05 -1.381621476966138351e-02
5.554000000000000000e+03 1.148049894644174638e+05 -1.414155328984862021e-02
5.555000000000000000e+03 1.148256601503131096e+05 -1.352530788093159186e-02
5.556000000000000000e+03 1.148463308362087555e+05 -1.207981938668639676e-02
5.557000000000000000e+03 1.148670015221044014e+05 -1.009865135869586483e-02
5.558000000000000000e+03 1.148876722080000472e+05 -7.994914565747635038e-03
5.559000000000000000e+03 1.149083428938956931e+05 -6.213006113326313695e-03
5.560000000000000000e+03 1.149290135797913390e+05 -5.132845990138412695e-03
5.561000000000000000e+03 1.149496842656869849e+05 -4.987381785239941578e-03
5.562000000000000000e+03 1.149703549515826307e+05 -5.811266862612574080e-03
5.563000000000000000e+03 1.149910256374782766e+05 -7.431917665818632557e-03
5.564000000000000000e+03 1.150116963233739225e+05 -9.505106658069806258e-03
5.565000000000000000e+03 1.150323670092695684e+05 -1.158772055871870599e-02
5.566000000000000000e+03 1.150530376951652142e+05 -1.323225931876703676e-02
5.567000000000000000e+03 1.150737083810608601e+05 -1.408280858007704417e-02
5.568000000000000000e+03 1.150943790669565060e+05 -1.395173943091299225e-02
5.569000000000000000e+03 1.151150497528521519e+05 -1.286047328653505684e-02
5.570000000000000000e+03 1.151357204387477977e+05 -1.103542155247916323e-02
5.571000000000000000e+03 1.151563911246434436e+05 -8.859939580806552861e-03
5.572000000000000000e+03 1.151770618105390895e+05 -6.792666957610772084e-03
5.573000000000000000e+03 1.151977324964347354e+05 -5.269858044506026129e-03
5.574000000000000000e+03 1.152184031823303812e+05 -4.612654245568392763e-03
5.575000000000000000e+03 1.152390738682260271e+05 -4.959037410539102186e-03
5.576000000000000000e+03 1.152597445541216730e+05 -6.234813069347311387e-03
5.577000000000000000e+03 1.152804152400173189e+05 -8.169655030544953345e-03
5.578000000000000000e+03 1.153010859259129647e+05 -1.035474542068498538e-02
5.579000000000000000e+03 1.153217566118086106e+05 -1.232976537088531499e-02
5.580000000000000000e+03 1.153424272977042565e+05 -1.368072362093319949e-02
5.581000000000000000e+03 1.153630979835999024e+05 -1.412773611663009805e-02
5.582000000000000000e+03 1.153837686694955482e+05 -1.358399369559626368e-02
5.583000000000000000e+03 1.154044393553911941e+05 -1.217336252526934892e-02
5.584000000000000000e+03 1.154251100412868400e+05 -1.020299213136183214e-02
5.585000000000000000e+03 1.154457807271824859e+05 -8.096997562169250262e-03
5.586000000000000000e+03 1.154664514130781317e+05 -6.305620478403717311e-03
5.587000000000000000e+03 1.154871220989737776e+05 -5.209438818959133410e-03
5.588000000000000000e+03 1.155077927848694235e+05 -5.039081273184697896e-03
5.589000000000000000e+03 1.155284634707650694e+05 -5.827398968597408135e-03
5.590000000000000000e+03 1.155491341566607152e+05 -7.404015535045328257e-03
5.591000000000000000e+03 1.155698048425563611e+05 -9.433157827835825238e-03
5.592000000000000000e+03 1.155904755284520070e+05 -1.148650690603081337e-02
5.593000000000000000e+03 1.156111462143476529e+05 -1.313535556483180766e-02
5.594000000000000000e+03 1.156318169002432987e+05 -1.404220485989937650e-02
5.595000000000000000e+03 1.156524875861389446e+05 -1.403205944598528987e-02
5.596000000000000000e+03 1.156731582720345905e+05 -1.312814055440397754e-02
5.597000000000000000e+03 1.156938289579302364e+05 -1.154455934073184142e-02
5.598000000000000000e+03 1.157144996438258822e+05 -9.637930410203665588e-03
5.599000000000000000e+03 1.157351703297215281e+05 -7.828846689934443326e-03
5.600000000000000000e+03 1.157558410156171740e+05 -6.510591741860305426e-03
5.601000000000000000e+03 1.157765117015128199e+05 -5.965015272649587530e-03
5.602000000000000000e+03 1.157971823874084657e+05 -6.303644761210702718e-03
5.603000000000000000e+03 1.158178530733041116e+05 -7.446376487088290919e-03
5.604000000000000000e+03 1.158385237591997575e+05 -9.141825520943835937e-03
5.605000000000000000e+03 1.158591944450954034e+05 -1.102440117365027783e-02
5.606000000000000000e+03 1.158798651309910492e+05 -1.269528595533603310e-02
5.607000000000000000e+03 1.159005358168866951e+05 -1.380940048150664130e-02
5.608000000000000000e+03 1.159212065027823410e+05 -1.414927877156796354e-02
5.609000000000000000e+03 1.159418771886779869e+05 -1.366985951254834353e-02
5.610000000000000000e+03 1.159625478745736327e+05 -1.250482736872132739e-02
5.611000000000000000e+03 1.159832185604692786e+05 -1.093377958580860065e-02
5.612000000000000000e+03 1.160038892463649245e+05 -9.318162093777337951e-03
5.613000000000000000e+03 1.160245599322605703e+05 -8.020659331705815021e-03
5.614000000000000000e+03 1.160452306181562162e+05 -7.326054321182939866e-03
5.615000000000000000e+03 1.160659013040518621e+05 -7.380842180653046647e-03
5.616000000000000000e+03 1.160865719899475080e+05 -8.164378384420412083e-03
5.617000000000000000e+03 1.161072426758431538e+05 -9.497188816734114525e-03
5.618000000000000000e+03 1.161279133617387997e+05 -1.108387126169940728e-02
5.619000000000000000e+03 1.161485840476344456e+05 -1.258052452051749981e-02
5.620000000000000000e+03 1.161692547335300915e+05 -1.367143153857875056e-02
5.621000000000000000e+03 1.161899254194257373e+05 -1.413792171694394813e-02
5.622000000000000000e+03 1.162105961053213832e+05 -1.390434452648858961e-02
5.623000000000000000e+03 1.162312667912170291e+05 -1.305143059329005872e-02
5.624000000000000000e+03 1.162519374771126750e+05 -1.179474821878989665e-02
5.625000000000000000e+03 1.162726081630083208e+05 -1.043376865686129751e-02
5.626000000000000000e+03 1.162932788489039667e+05 -9.283468606205713680e-03
5.627000000000000000e+03 1.163139495347996126e+05 -8.604014208609178649e-03
5.628000000000000000e+03 1.163346202206952585e+05 -8.544149932356137622e-03
5.629000000000000000e+03 1.163552909065909043e+05 -9.110544906589745917e-03
5.630000000000000000e+03 1.163759615924865502e+05 -1.016937427347391898e-02
5.631000000000000000e+03 1.163966322783821961e+05 -1.147919394687069161e-02
5.632000000000000000e+03 1.164173029642778420e+05 -1.274726825302185951e-02
5.633000000000000000e+03 1.164379736501734878e+05 -1.369640635722524369e-02
5.634000000000000000e+03 1.164586443360691337e+05 -1.412716661048374345e-02
5.635000000000000000e+03 1.164793150219647796e+05 -1.396149538315261118e-02
5.636000000000000000e+03 1.164999857078604255e+05 -1.325820967697732833e-02
5.637000000000000000e+03 1.165206563937560713e+05 -1.219721213990709874e-02
5.638000000000000000e+03 1.165413270796517172e+05 -1.103644947941484489e-02
5.639000000000000000e+03 1.165619977655473631e+05 -1.005175820758708038e-02
5.640000000000000000e+03 1.165826684514430090e+05 -9.473495162169331962e-03
5.641000000000000000e+03 1.166033391373386548e+05 -9.434401335819408985e-03
5.642000000000000000e+03 1.166240098232343007e+05 -9.940425917699280411e-03
5.643000000000000000e+03 1.166446805091299466e+05 -1.087091342301182983e-02
5.644000000000000000e+03 1.166653511950255925e+05 -1.200785033875162444e-02
5.645000000000000000e+03 1.166860218809212383e+05 -1.308726733498494221e-02
5.646000000000000000e+03 1.167066925668168842e+05 -1.386086024432714447e-02
5.647000000000000000e+03 1.167273632527125301e+05 -1.415357235391662138e-02
5.648000000000000000e+03 1.167480339386081760e+05 -1.390383452205573404e-02
5.649000000000000000e+03 1.167687046245038218e+05 -1.317719965001179494e-02
5.650000000000000000e+03 1.167893753103994677e+05 -1.215030791557675238e-02
5.651000000000000000e+03 1.168100459962951136e+05 -1.106902846730345447e-02
5.652000000000000000e+03 1.168307166821907595e+05 -1.019061778144753072e-02
5.653000000000000000e+03 1.168513873680864053e+05 -9.723410452843361806e-03
5.654000000000000000e+03 1.168720580539820512e+05 -9.778072706934259894e-03
5.655000000000000000e+03 1.168927287398776971e+05 -1.034171846101333836e-02
5.656000000000000000e+03 1.169133994257733430e+05 -1.128087789473702918e-02
5.657000000000000000e+03 1.169340701116689888e+05 -1.237264457454517741e-02
5.658000000000000000e+03 1.169547407975646347e+05 -1.335681136368011002e-02
5.659000000000000000e+03 1.169754114834602806e+05 -1.399691143755637905e-02
5.660000000000000000e+03 1.169960821693559265e+05 -1.413594960832481595e-02
5.661000000000000000e+03 1.170167528552515723e+05 -1.373377494667821219e-02
5.662000000000000000e+03 1.170374235411472182e+05 -1.287727315625758484e-02
5.663000000000000000e+03 1.170580942270428641e+05 -1.176087236285056070e-02
5.664000000000000000e+03 1.170787649129385100e+05 -1.064177700828372597e-02
5.665000000000000000e+03 1.170994355988341558e+05 -9.780242518922510619e-03
5.666000000000000000e+03 1.171201062847298017e+05 -9.378698268261986826e-03
5.667000000000000000e+03 1.171407769706254476e+05 -9.533820809317417044e-03
5.668000000000000000e+03 1.171614476565210934e+05 -1.021271805773049657e-02
5.669000000000000000e+03 1.171821183424167393e+05 -1.125890774050331000e-02
5.670000000000000000e+03 1.172027890283123852e+05 -1.242699762901944283e-02
5.671000000000000000e+03 1.172234597142080311e+05 -1.343840016240194224e-02
5.672000000000000000e+03 1.172441304001036769e+05 -1.404550751667066333e-02
5.673000000000000000e+03 1.172648010859993228e+05 -1.408965232683001556e-02
5.674000000000000000e+03 1.172854717718949687e+05 -1.353941812698489233e-02
5.675000000000000000e+03 1.173061424577906146e+05 -1.250021091192010658e-02
5.676000000000000000e+03 1.173268131436862604e+05 -1.119249301945612896e-02
5.677000000000000000e+03 1.173474838295819063e+05 -9.903234992759524236e-03
5.678000000000000000e+03 1.173681545154775522e+05 -8.921316580105809191e-03
5.679000000000000000e+03 1.173888252013731981e+05 -8.471380816347073850e-03
5.680000000000000000e+03 1.174094958872688439e+05 -8.661151761410301742e-03
5.681000000000000000e+03 1.174301665731644898e+05 -9.454361847825609733e-03
5.682000000000000000e+03 1.174508372590601357e+05 -1.067584381514752323e-02
5.683000000000000000e+03 1.174715079449557816e+05 -1.204823666464538423e-02
5.684000000000000000e+03 1.174921786308514274e+05 -1.325265316877100030e-02
5.685000000000000000e+03 1.175128493167470733e+05 -1.400010589458577925e-02
5.686000000000000000e+03 1.175335200026427192e+05 -1.409776805092100189e-02
5.687000000000000000e+03 1.175541906885383651e+05 -1.349495958428214952e-02
5.688000000000000000e+03 1.175748613744340109e+05 -1.229801388913009941e-02
5.689000000000000000e+03 1.175955320603296568e+05 -1.075000427235939249e-02
5.690000000000000000e+03 1.176162027462253027e+05 -9.179184576847965182e-03
5.691000000000000000e+03 1.176368734321209486e+05 -7.927141694281547579e-03
5.692000000000000000e+03 1.176575441180165944e+05 -7.272420144534553522e-03
5.693000000000000000e+03 1.176782148039122403e+05 -7.366648747420322628e-03
5.694000000000000000e+03 1.176988854898078862e+05 -8.197678306263944670e-03
5.695000000000000000e+03 1.177195561757035321e+05 -9.588484022566845510e-03
5.696000000000000000e+03 1.177402268615991779e+05 -1.123282892397586830e-02
5.697000000000000000e+03 1.177608975474948238e+05 -1.276055390699998293e-02
5.698000000000000000e+03 1.177815682333904697e+05 -1.381859722400941015e-02
5.699000000000000000e+03 1.178022389192861156e+05 -1.414999262308719134e-02
5.700000000000000000e+03 1.178229096051817614e+05 -1.365313348223623491e-02
5.701000000000000000e+03 1.178435802910774073e+05 -1.240764188915627342e-02
5.702000000000000000e+03 1.178642509769730532e+05 -1.066042026342656213e-02
5.703000000000000000e+03 1.178849216628686991e+05 -8.774293337948713134e-03
5.704000000000000000e+03 1.179055923487643449e+05 -7.150072958783726396e-03
5.705000000000000000e+03 1.179262630346599908e+05 -6.138957640467568311e-03
5.706000000000000000e+03 1.179469337205556367e+05 -5.964505118747909229e-03
5.707000000000000000e+03 1.179676044064512826e+05 -6.671474727947380480e-03
5.708000000000000000e+03 1.179882750923469284e+05 -8.113101868977179443e-03
5.709000000000000000e+03 1.180089457782425743e+05 -9.980107810648342070e-03
5.710000000000000000e+03 1.180296164641382202e+05 -1.186569755943739368e-02
5.711000000000000000e+03 1.180502871500338661e+05 -1.335284423404520422e-02
5.712000000000000000e+03 1.180709578359295119e+05 -1.410504173709675735e-02
5.713000000000000000e+03 1.180916285218251578e+05 -1.394065540199873610e-02
5.714000000000000000e+03 1.181122992077208037e+05 -1.287436081529103049e-02
5.715000000000000000e+03 1.181329698936164496e+05 -1.111624651912845874e-02
5.716000000000000000e+03 1.181536405795120954e+05 -9.028400445601492130e-03
5.717000000000000000e+03 1.181743112654077413e+05 -7.048139712175104619e-03
5.718000000000000000e+03 1.181949819513033872e+05 -5.594385594703155107e-03
5.719000000000000000e+03 1.182156526371990331e+05 -4.977385580688331590e-03
5.720000000000000000e+03 1.182363233230946789e+05 -5.331255143495916560e-03
5.721000000000000000e+03 1.182569940089903248e+05 -6.583901234677835834e-03
5.722000000000000000e+03 1.182776646948859707e+05 -8.470934121800499650e-03
5.723000000000000000e+03 1.182983353807816165e+05 -1.059085118597846709e-02
5.724000000000000000e+03 1.183190060666772624e+05 -1.248996804146418338e-02
5.725000000000000000e+03 1.183396767525729083e+05 -1.375909807561170699e-02
5.726000000000000000e+03 1.183603474384685542e+05 -1.412128454027627988e-02
5.727000000000000000e+03 1.183810181243642000e+05 -1.349165951822817351e-02
5.728000000000000000e+03 1.184016888102598459e+05 -1.199642090470715017e-02
5.729000000000000000e+03 1.184223594961554918e+05 -9.946699579323536877e-03
5.730000000000000000e+03 1.184430301820511377e+05 -7.772813501270070535e-03
5.731000000000000000e+03 1.184637008679467835e+05 -5.932949305576029619e-03
5.732000000000000000e+03 1.184843715538424294e+05 -4.815799086450189836e-03
5.733000000000000000e+03 1.185050422397380753e+05 -4.657918935097649094e-03
5.734000000000000000e+03 1.185257129256337212e+05 -5.493362080259467373e-03
5.735000000000000000e+03 1.185463836115293670e+05 -7.146260415174465752e-03
5.736000000000000000e+03 1.185670542974250129e+05 -9.267976037962588620e-03
5.737000000000000000e+03 1.185877249833206588e+05 -1.141104969746253861e-02
5.738000000000000000e+03 1.186083956692163047e+05 -1.312431910864242379e-02
5.739000000000000000e+03 1.186290663551119505e+05 -1.404893784333227646e-02
5.740000000000000000e+03 1.186497370410075964e+05 -1.399469700483768793e-02
5.741000000000000000e+03 1.186704077269032423e+05 -1.298021478521127481e-02
5.742000000000000000e+03 1.186910784127988882e+05 -1.122834438183228922e-02
5.743000000000000000e+03 1.187117490986945340e+05 -9.117850093360302388e-03
5.744000000000000000e+03 1.187324197845901799e+05 -7.101878360423753180e-03
5.745000000000000000e+03 1.187530904704858258e+05 -5.610908062730457502e-03
5.746000000000000000e+03 1.187737611563814717e+05 -4.961114980622127746e-03
5.747000000000000000e+03 1.187944318422771175e+05 -5.287751361085057944e-03
5.748000000000000000e+03 1.188151025281727634e+05 -6.517615447249935912e-03
5.749000000000000000e+03 1.188357732140684093e+05 -8.386251100767183608e-03
5.750000000000000000e+03 1.188564438999640552e+05 -1.049596737132113544e-02
5.751000000000000000e+03 1.188771145858597010e+05 -1.240204871018918409e-02
5.752000000000000000e+03 1.188977852717553469e+05 -1.370845747367349828e-02
5.753000000000000000e+03 1.189184559576509928e+05 -1.415228005511176557e-02
5.754000000000000000e+03 1.189391266435466387e+05 -1.365867845360985156e-02
5.755000000000000000e+03 1.189597973294422845e+05 -1.235466263964052347e-02
5.756000000000000000e+03 1.189804680153379304e+05 -1.053911227411413742e-02
5.757000000000000000e+03 1.190011387012335763e+05 -8.616081804347086592e-03
5.758000000000000000e+03 1.190218093871292222e+05 -7.006363596512077407e-03
5.759000000000000000e+03 1.190424800730248680e+05 -6.056800542740159443e-03
5.760000000000000000e+03 1.190631507589205139e+05 -5.966987529911205179e-03
5.761000000000000000e+03 1.190838214448161598e+05 -6.748872751546786987e-03
5.762000000000000000e+03 1.191044921307118057e+05 -8.227409061773549581e-03
5.763000000000000000e+03 1.191251628166074515e+05 -1.008146842579027425e-02
5.764000000000000000e+03 1.191458335025030974e+05 -1.191559783825291152e-02
5.765000000000000000e+03 1.191665041883987433e+05 -1.334664988925771123e-02
5.766000000000000000e+03 1.191871748742943892e+05 -1.408626881037566662e-02
5.767000000000000000e+03 1.192078455601900350e+05 -1.400135096234711440e-02
5.768000000000000000e+03 1.192285162460856809e+05 -1.313967929345694063e-02
5.769000000000000000e+03 1.192491869319813268e+05 -1.171577784745236883e-02
5.770000000000000000e+03 1.192698576178769727e+05 -1.006084122246220236e-02
5.771000000000000000e+03 1.192905283037726185e+05 -8.548381960751694209e-03
5.772000000000000000e+03 1.193111989896682644e+05 -7.512296437543197758e-03
5.773000000000000000e+03 1.193318696755639103e+05 -7.175322481381362326e-03
5.774000000000000000e+03 1.193525403614595562e+05 -7.603185190171168895e-03
5.775000000000000000e+03 1.193732110473552020e+05 -8.693822840436571386e-03
5.776000000000000000e+03 1.193938817332508479e+05 -1.020332015237584988e-02
5.777000000000000000e+03 1.194145524191464938e+05 -1.180222180623768935e-02
5.778000000000000000e+03 1.194352231050421397e+05 -1.314941226555732534e-02
5.779000000000000000e+03 1.194558937909377855e+05 -1.396709598834566801e-02
5.780000000000000000e+03 1.194765644768334314e+05 -1.410039556084985261e-02
5.781000000000000000e+03 1.194972351627290773e+05 -1.354871245279987146e-02
5.782000000000000000e+03 1.195179058486247231e+05 -1.246243592756546281e-02
5.783000000000000000e+03 1.195385765345203690e+05 -1.110636450093516192e-02
5.784000000000000000e+03 1.195592472204160149e+05 -9.798559287645280946e-03
5.785000000000000000e+03 1.195799179063116608e+05 -8.838639184901353474e-03
5.786000000000000000e+03 1.196005885922073066e+05 -8.441606485709352015e-03
5.787000000000000000e+03 1.196212592781029525e+05 -8.691764434420434782e-03
5.788000000000000000e+03 1.196419299639985984e+05 -9.526584782738711787e-03
5.789000000000000000e+03 1.196626006498942443e+05 -1.075360857560325734e-02
5.790000000000000000e+03 1.196832713357898901e+05 -1.209611397825005596e-02
5.791000000000000000e+03 1.197039420216855360e+05 -1.325694207905225852e-02
5.792000000000000000e+03 1.197246127075811819e+05 -1.398591248278441279e-02
5.793000000000000000e+03 1.197452833934768278e+05 -1.413557918635693911e-02
5.794000000000000000e+03 1.197659540793724736e+05 -1.369285126686287102e-02
5.795000000000000000e+03 1.197866247652681195e+05 -1.277960742053302345e-02
5.796000000000000000e+03 1.198072954511637654e+05 -1.162257110410608307e-02
5.797000000000000000e+03 1.198279661370594113e+05 -1.049972649705893657e-02
5.798000000000000000e+03 1.198486368229550571e+05 -9.675824430965429546e-03
5.799000000000000000e+03 1.198693075088507030e+05 -9.341854819607420257e-03
5.800000000000000000e+03 1.198899781947463489e+05 -9.572258919969101054e-03
5.801000000000000000e+03 1.199106488806419948e+05 -1.030943837674597185e-02
5.802000000000000000e+03 1.199313195665376406e+05 -1.137879735080088439e-02
5.803000000000000000e+03 1.199519902524332865e+05 -1.253056677992020473e-02
5.804000000000000000e+03 1.199726609383289324e+05 -1.349856264628063011e-02
5.805000000000000000e+03 1.199933316242245783e+05 -1.406219296667960035e-02
5.806000000000000000e+03 1.200140023101202241e+05 -1.409734271278201279e-02
5.807000000000000000e+03 1.200346729960158700e+05 -1.360441343657253777e-02
5.808000000000000000e+03 1.200553436819115159e+05 -1.270716653488662695e-02
5.809000000000000000e+03 1.200760143678071618e+05 -1.162284923413553495e-02
5.810000000000000000e+03 1.200966850537028076e+05 -1.061075638728353754e-02
5.811000000000000000e+03 1.201173557395984535e+05 -9.911333003757627491e-03
5.812000000000000000e+03 1.201380264254940994e+05 -9.690013864936952714e-03
5.813000000000000000e+03 1.201586971113897453e+05 -9.998786378371371519e-03
5.814000000000000000e+03 1.201793677972853911e+05 -1.076428803626150454e-02
5.815000000000000000e+03 1.202000384831810370e+05 -1.180510517365096490e-02
5.816000000000000000e+03 1.202207091690766829e+05 -1.287422300102014638e-02
5.817000000000000000e+03 1.202413798549723288e+05 -1.371679052697094732e-02
5.818000000000000000e+03 1.202620505408679746e+05 -1.412981628212450769e-02
5.819000000000000000e+03 1.202827212267636205e+05 -1.400993274704542824e-02
5.820000000000000000e+03 1.203033919126592664e+05 -1.337809741542239465e-02
5.821000000000000000e+03 1.203240625985549123e+05 -1.237542037523309268e-02
5.822000000000000000e+03 1.203447332844505581e+05 -1.123098829829960454e-02
5.823000000000000000e+03 1.203654039703462040e+05 -1.020903788807359103e-02
5.824000000000000000e+03 1.203860746562418499e+05 -9.547613594961035233e-03
5.825000000000000000e+03 1.204067453421374958e+05 -9.402828235905769105e-03
5.826000000000000000e+03 1.204274160280331416e+05 -9.811598836320656325e-03
5.827000000000000000e+03 1.204480867139287875e+05 -1.068156593030755719e-02
5.828000000000000000e+03 1.204687573998244334e+05 -1.181077111487227604e-02
5.829000000000000000e+03 1.204894280857200793e+05 -1.293291736727497643e-02
5.830000000000000000e+03 1.205100987716157251e+05 -1.377815162519568926e-02
5.831000000000000000e+03 1.205307694575113710e+05 -1.413561598412138576e-02
5.832000000000000000e+03 1.205514401434070169e+05 -1.390339724346245469e-02
5.833000000000000000e+03 1.205721108293026628e+05 -1.311417427333005925e-02
5.834000000000000000e+03 1.205927815151983086e+05 -1.193026713406286632e-02
5.835000000000000000e+03 1.206134522010939545e+05 -1.060872778270316452e-02
5.836000000000000000e+03 1.206341228869896004e+05 -9.443999268703651140e-03
5.837000000000000000e+03 1.206547935728852462e+05 -8.700917264336638368e-03
5.838000000000000000e+03 1.206754642587808921e+05 -8.553211256586146227e-03
5.839000000000000000e+03 1.206961349446765380e+05 -9.041625404006214950e-03
5.840000000000000000e+03 1.207168056305721839e+05 -1.006154953763072069e-02
5.841000000000000000e+03 1.207374763164678297e+05 -1.138355539592517118e-02
5.842000000000000000e+03 1.207581470023634756e+05 -1.270286911368756488e-02
5.843000000000000000e+03 1.207788176882591215e+05 -1.370717256187442556e-02
5.844000000000000000e+03 1.207994883741547674e+05 -1.414771074083703666e-02
5.845000000000000000e+03 1.208201590600504132e+05 -1.389756883865583825e-02
5.846000000000000000e+03 1.208408297459460591e+05 -1.298353834242521598e-02
5.847000000000000000e+03 1.208615004318417050e+05 -1.158373048758604140e-02
5.848000000000000000e+03 1.208821711177373509e+05 -9.990762042690060074e-03
5.849000000000000000e+03 1.209028418036329967e+05 -8.548193000422255050e-03
5.850000000000000000e+03 1.209235124895286426e+05 -7.574117188060836003e-03
5.851000000000000000e+03 1.209441831754242885e+05 -7.288933742187031495e-03
5.852000000000000000e+03 1.209648538613199344e+05 -7.763627745362489119e-03
5.853000000000000000e+03 1.209855245472155802e+05 -8.900526236231998123e-03
5.854000000000000000e+03 1.210061952331112261e+05 -1.045144027422478805e-02
5.855000000000000000e+03 1.210268659190068720e+05 -1.206986680411475943e-02
5.856000000000000000e+03 1.210475366049025179e+05 -1.338626089952493770e-02
5.857000000000000000e+03 1.210682072907981637e+05 -1.408999392862847304e-02
5.858000000000000000e+03 1.210888779766938096e+05 -1.399977325662909999e-02
5.859000000000000000e+03 1.211095486625894555e+05 -1.310654604459698946e-02
5.860000000000000000e+03 1.211302193484851014e+05 -1.157882462602793927e-02
5.861000000000000000e+03 1.211508900343807472e+05 -9.728657146231500796e-03
5.862000000000000000e+03 1.211715607202763931e+05 -7.945258327536453002e-03
5.863000000000000000e+03 1.211922314061720390e+05 -6.610608142964213840e-03
5.864000000000000000e+03 1.212129020920676849e+05 -6.015450697768098820e-03
5.865000000000000000e+03 1.212335727779633307e+05 -6.294159555852552046e-03
5.866000000000000000e+03 1.212542434638589766e+05 -7.392921008217646396e-03
5.867000000000000000e+03 1.212749141497546225e+05 -9.078552227397285179e-03
5.868000000000000000e+03 1.212955848356502684e+05 -1.098654341983751337e-02
5.869000000000000000e+03 1.213162555215459142e+05 -1.269839388504345745e-02
5.870000000000000000e+03 1.213369262074415601e+05 -1.383179386231336849e-02
5.871000000000000000e+03 1.213575968933372060e+05 -1.412415341176031895e-02
5.872000000000000000e+03 1.213782675792328519e+05 -1.349117056816206799e-02
5.873000000000000000e+03 1.213989382651284977e+05 -1.204738303895269702e-02
5.874000000000000000e+03 1.214196089510241436e+05 -1.008383410613394870e-02
5.875000000000000000e+03 1.214402796369197895e+05 -8.007307455825618536e-03
5.876000000000000000e+03 1.214609503228154354e+05 -6.253990856862345904e-03
5.877000000000000000e+03 1.214816210087110812e+05 -5.196047060396280504e-03
5.878000000000000000e+03 1.215022916946067271e+05 -5.061161031773619978e-03
5.879000000000000000e+03 1.215229623805023730e+05 -5.882392550684845123e-03
5.880000000000000000e+03 1.215436330663980189e+05 -7.489257832817008097e-03
5.881000000000000000e+03 1.215643037522936647e+05 -9.542277651651998038e-03
5.882000000000000000e+03 1.215849744381893106e+05 -1.160402384231618012e-02
5.883000000000000000e+03 1.216056451240849565e+05 -1.323182709769277210e-02
5.884000000000000000e+03 1.216263158099806024e+05 -1.407245817390201381e-02
5.885000000000000000e+03 1.216469864958762482e+05 -1.393841453864630257e-02
5.886000000000000000e+03 1.216676571817718941e+05 -1.284920230150810028e-02
5.887000000000000000e+03 1.216883278676675400e+05 -1.102844174226602636e-02
5.888000000000000000e+03 1.217089985535631859e+05 -8.857137022075689536e-03
5.889000000000000000e+03 1.217296692394588317e+05 -6.792959203574144844e-03
5.890000000000000000e+03 1.217503399253544776e+05 -5.272795385629192033e-03
5.891000000000000000e+03 1.217710106112501235e+05 -4.619460066742187010e-03
5.892000000000000000e+03 1.217916812971457693e+05 -4.972558606740840048e-03
5.893000000000000000e+03 1.218123519830414152e+05 -6.258308058040396027e-03
5.894000000000000000e+03 1.218330226689370611e+05 -8.204841836484955131e-03
5.895000000000000000e+03 1.218536933548327070e+05 -1.039988685701309645e-02
5.896000000000000000e+03 1.218743640407283528e+05 -1.237864757233569923e-02
5.897000000000000000e+03 1.218950347266239987e+05 -1.372314122210976928e-02
5.898000000000000000e+03 1.219157054125196446e+05 -1.415159710194385800e-02
5.899000000000000000e+03 1.219363760984152905e+05 -1.357856426484099592e-02
5.900000000000000000e+03 1.219570467843109363e+05 -1.213269915168563307e-02
5.901000000000000000e+03 1.219777174702065822e+05 -1.012843560601489612e-02
5.902000000000000000e+03 1.219983881561022281e+05 -7.997812083001043515e-03
5.903000000000000000e+03 1.220190588419978740e+05 -6.197394147921420071e-03
5.904000000000000000e+03 1.220397295278935198e+05 -5.110547315923530398e-03
5.905000000000000000e+03 1.220604002137891657e+05 -4.966128256832846866e-03
5.906000000000000000e+03 1.220810708996848116e+05 -5.790888785486947299e-03
5.907000000000000000e+03 1.221017415855804575e+05 -7.405482014758879572e-03
5.908000000000000000e+03 1.221224122714761033e+05 -9.464578340127371980e-03
5.909000000000000000e+03 1.221430829573717492e+05 -1.153218846977860368e-02
5.910000000000000000e+03 1.221637536432673951e+05 -1.317577762277039044e-02
5.911000000000000000e+03 1.221844243291630410e+05 -1.405875346867629938e-02
5.912000000000000000e+03 1.222050950150586868e+05 -1.401136132499736231e-02
5.913000000000000000e+03 1.222257657009543327e+05 -1.306487084089436035e-02
5.914000000000000000e+03 1.222464363868499786e+05 -1.144209081130176386e-02
5.915000000000000000e+03 1.222671070727456245e+05 -9.506842941912951872e-03
5.916000000000000000e+03 1.222877777586412703e+05 -7.683908517567394035e-03
5.917000000000000000e+03 1.223084484445369162e+05 -6.367176823223408277e-03
5.918000000000000000e+03 1.223291191304325621e+05 -5.835946323852536644e-03
5.919000000000000000e+03 1.223497898163282080e+05 -6.197178289166493936e-03
5.920000000000000000e+03 1.223704605022238538e+05 -7.365597605210549847e-03
5.921000000000000000e+03 1.223911311881194997e+05 -9.085261411086564820e-03
5.922000000000000000e+03 1.224118018740151456e+05 -1.098734205468487879e-02
5.923000000000000000e+03 1.224324725599107915e+05 -1.267121113167513080e-02
5.924000000000000000e+03 1.224531432458064373e+05 -1.379105073005026938e-02
5.925000000000000000e+03 1.224738139317020832e+05 -1.412921673826838913e-02
5.926000000000000000e+03 1.224944846175977291e+05 -1.364068102687177216e-02
5.927000000000000000e+03 1.225151553034933750e+05 -1.245938711221772355e-02
5.928000000000000000e+03 1.225358259893890208e+05 -1.086578612235239438e-02
5.929000000000000000e+03 1.225564966752846667e+05 -9.223283478993871132e-03
5.930000000000000000e+03 1.225771673611803126e+05 -7.897955532734923789e-03
5.931000000000000000e+03 1.225978380470759585e+05 -7.179260495517925111e-03
5.932000000000000000e+03 1.226185087329716043e+05 -7.218901052680247975e-03
5.933000000000000000e+03 1.226391794188672502e+05 -8.000731514945569334e-03
5.934000000000000000e+03 1.226598501047628961e+05 -9.347669225318044894e-03
5.935000000000000000e+03 1.226805207906585420e+05 -1.096349600212775943e-02
5.936000000000000000e+03 1.227011914765541878e+05 -1.249991588165377809e-02
5.937000000000000000e+03 1.227218621624498337e+05 -1.363384360033070668e-02
5.938000000000000000e+03 1.227425328483454796e+05 -1.413780566673094978e-02
5.939000000000000000e+03 1.227632035342411255e+05 -1.392803319766733328e-02
5.940000000000000000e+03 1.227838742201367713e+05 -1.307994897591502337e-02
5.941000000000000000e+03 1.228045449060324172e+05 -1.180813440173167361e-02
5.942000000000000000e+03 1.228252155919280631e+05 -1.041581753583986636e-02
5.943000000000000000e+03 1.228458862778237090e+05 -9.225645163359996737e-03
5.944000000000000000e+03 1.228665569637193548e+05 -8.507483215356881345e-03
5.945000000000000000e+03 1.228872276496150007e+05 -8.419376248748555724e-03
5.946000000000000000e+03 1.229078983355106466e+05 -8.974580354063232956e-03
5.947000000000000000e+03 1.229285690214062924e+05 -1.004156914459314320e-02
5.948000000000000000e+03 1.229492397073019383e+05 -1.137647767590804770e-02
5.949000000000000000e+03 1.229699103931975842e+05 -1.268022464281931549e-02
5.950000000000000000e+03 1.229905810790932301e+05 -1.366710839176626772e-02
5.951000000000000000e+03 1.230112517649888759e+05 -1.412921830696906023e-02
5.952000000000000000e+03 1.230319224508845218e+05 -1.398211389414788335e-02
5.953000000000000000e+03 1.230525931367801677e+05 -1.328165603043546250e-02
5.954000000000000000e+03 1.230732638226758136e+05 -1.220859249131239777e-02
5.955000000000000000e+03 1.230939345085714594e+05 -1.102492348840283798e-02
5.956000000000000000e+03 1.231146051944671053e+05 -1.001246915298875662e-02
5.957000000000000000e+03 1.231352758803627512e+05 -9.407961105613760200e-03
5.958000000000000000e+03 1.231559465662583971e+05 -9.349530839676767346e-03
5.959000000000000000e+03 1.231766172521540429e+05 -9.846620871938938091e-03
5.960000000000000000e+03 1.231972879380496888e+05 -1.077983137375621014e-02
5.961000000000000000e+03 1.232179586239453347e+05 -1.193032719895553706e-02
5.962000000000000000e+03 1.232386293098409806e+05 -1.303171397398900089e-02
5.963000000000000000e+03 1.232592999957366264e+05 -1.383223569786284739e-02
5.964000000000000000e+03 1.232799706816322723e+05 -1.415288583654317374e-02
5.965000000000000000e+03 1.233006413675279182e+05 -1.392808178021209820e-02
5.966000000000000000e+03 1.233213120534235641e+05 -1.321968503804360484e-02
5.967000000000000000e+03 1.233419827393192099e+05 -1.220138344209942272e-02
5.968000000000000000e+03 1.233626534252148558e+05 -1.111731953755323854e-02
5.969000000000000000e+03 1.233833241111105017e+05 -1.022474894904856768e-02
5.970000000000000000e+03 1.234039947970061476e+05 -9.734090150898655480e-03
5.971000000000000000e+03 1.234246654829017934e+05 -9.760195627923962114e-03
5.972000000000000000e+03 1.234453361687974393e+05 -1.029598469551518125e-02
5.973000000000000000e+03 1.234660068546930852e+05 -1.121439592834228005e-02
5.974000000000000000e+03 1.234866775405887311e+05 -1.229813258680156896e-02
5.975000000000000000e+03 1.235073482264843769e+05 -1.329033000665535806e-02
5.976000000000000000e+03 1.235280189123800228e+05 -1.395447679737127356e-02
5.977000000000000000e+03 1.235486895982756687e+05 -1.412976232697171763e-02
5.978000000000000000e+03 1.235693602841713146e+05 -1.376902346341557504e-02
5.979000000000000000e+03 1.235900309700669604e+05 -1.295042638058063744e-02
5.980000000000000000e+03 1.236107016559626063e+05 -1.186005011379653862e-02
5.981000000000000000e+03 1.236313723418582522e+05 -1.074925111414315460e-02
5.982000000000000000e+03 1.236520430277538981e+05 -9.876530039258368809e-03
5.983000000000000000e+03 1.236727137136495439e+05 -9.447240911656940021e-03
5.984000000000000000e+03 1.236933843995451898e+05 -9.565047896605394229e-03
5.985000000000000000e+03 1.237140550854408357e+05 -1.020642896500956187e-02
5.986000000000000000e+03 1.237347257713364816e+05 -1.122434772728486685e-02
5.987000000000000000e+03 1.237553964572321274e+05 -1.238061524089295595e-02
5.988000000000000000e+03 1.237760671431277733e+05 -1.339989091339433003e-02
5.989000000000000000e+03 1.237967378290234192e+05 -1.403319082045340060e-02
5.990000000000000000e+03 1.238174085149190651e+05 -1.411636971213192475e-02
5.991000000000000000e+03 1.238380792008147109e+05 -1.360994493853201308e-02
5.992000000000000000e+03 1.238587498867103568e+05 -1.261071061222679424e-02
5.993000000000000000e+03 1.238794205726060027e+05 -1.133196464540991988e-02
5.994000000000000000e+03 1.239000912585016486e+05 -1.005639097937355286e-02
5.995000000000000000e+03 1.239207619443972944e+05 -9.072027589226483446e-03
5.996000000000000000e+03 1.239414326302929403e+05 -8.605803592556415804e-03
5.997000000000000000e+03 1.239621033161885862e+05 -8.769886467203502622e-03
5.998000000000000000e+03 1.239827740020842321e+05 -9.533361168491960580e-03
5.999000000000000000e+03 1.240034446879798779e+05 -1.072617886366417084e-02
6.000000000000000000e+03 1.240241153738755238e+05 -1.207509217672914081e-02
6.001000000000000000e+03 1.240447860597711697e+05 -1.326400847898340229e-02
6.002000000000000000e+03 1.240654567456668156e+05 -1.400546213162717768e-02
6.003000000000000000e+03 1.240861274315624614e+05 -1.410707564050134311e-02
6.004000000000000000e+03 1.241067981174581073e+05 -1.351769174952560833e-02
6.005000000000000000e+03 1.241274688033537532e+05 -1.234222387904632123e-02
6.006000000000000000e+03 1.241481394892493990e+05 -1.082124851485261052e-02
6.007000000000000000e+03 1.241688101751450449e+05 -9.279367853428699409e-03
6.008000000000000000e+03 1.241894808610406908e+05 -8.053555108160304066e-03
6.009000000000000000e+03 1.242101515469363367e+05 -7.417383542482448334e-03
6.010000000000000000e+03 1.242308222328319825e+05 -7.518146869587517302e-03
6.011000000000000000e+03 1.242514929187276284e+05 -8.341168336120974303e-03
6.012000000000000000e+03 1.242721636046232743e+05 -9.709700828515299698e-03
6.013000000000000000e+03 1.242928342905189202e+05 -1.132103334503198333e-02
6.014000000000000000e+03 1.243135049764145660e+05 -1.281139652984553123e-02
6.015000000000000000e+03 1.243341756623102119e+05 -1.383572545233014046e-02
6.016000000000000000e+03 1.243548463482058578e+05 -1.414476875137427210e-02
6.017000000000000000e+03 1.243755170341015037e+05 -1.364231645807989675e-02
6.018000000000000000e+03 1.243961877199971495e+05 -1.240948100427441414e-02
6.019000000000000000e+03 1.244168584058927954e+05 -1.069012511587297265e-02
6.020000000000000000e+03 1.244375290917884413e+05 -8.840101055431648369e-03
6.021000000000000000e+03 1.244581997776840872e+05 -7.251028077682020179e-03
6.022000000000000000e+03 1.244788704635797330e+05 -6.265068568625464795e-03
6.023000000000000000e+03 1.244995411494753789e+05 -6.099276816787624345e-03
6.024000000000000000e+03 1.245202118353710248e+05 -6.796142576275754354e-03
6.025000000000000000e+03 1.245408825212666707e+05 -8.211409046458728600e-03
6.026000000000000000e+03 1.245615532071623165e+05 -1.004231927663640223e-02
6.027000000000000000e+03 1.245822238930579624e+05 -1.189077243223807256e-02
6.028000000000000000e+03 1.246028945789536083e+05 -1.334823134040019621e-02
6.029000000000000000e+03 1.246235652648492542e+05 -1.408426043326138806e-02
6.030000000000000000e+03 1.246442359507449000e+05 -1.391946027921253659e-02
6.031000000000000000e+03 1.246649066366405459e+05 -1.286666272686587398e-02
6.032000000000000000e+03 1.246855773225361918e+05 -1.113095776091310718e-02
6.033000000000000000e+03 1.247062480084318377e+05 -9.068002908262817741e-03
6.034000000000000000e+03 1.247269186943274835e+05 -7.109179233919682428e-03
6.035000000000000000e+03 1.247475893802231294e+05 -5.669482955718174733e-03
6.036000000000000000e+03 1.247682600661187753e+05 -5.057928428268909649e-03
6.037000000000000000e+03 1.247889307520144212e+05 -5.409822449832013547e-03
6.038000000000000000e+03 1.248096014379100670e+05 -6.655684687917550434e-03
6.039000000000000000e+03 1.248302721238057129e+05 -8.533863057459178947e-03
6.040000000000000000e+03 1.248509428097013588e+05 -1.064463520862968249e-02
6.041000000000000000e+03 1.248716134955970047e+05 -1.253466608449715913e-02
6.042000000000000000e+03 1.248922841814926505e+05 -1.379396620539952156e-02
6.043000000000000000e+03 1.249129548673882964e+05 -1.414449586842331415e-02
6.044000000000000000e+03 1.249336255532839423e+05 -1.350108738341920626e-02
6.045000000000000000e+03 1.249542962391795882e+05 -1.199118606697663347e-02
6.046000000000000000e+03 1.249749669250752340e+05 -9.928798434025554176e-03
6.047000000000000000e+03 1.249956376109708799e+05 -7.748025414625713501e-03
6.048000000000000000e+03 1.250163082968665258e+05 -5.910424164505934108e-03
6.049000000000000000e+03 1.250369789827621717e+05 -4.806183669085584143e-03
6.050000000000000000e+03 1.250576496686578175e+05 -4.670428977197604858e-03
6.051000000000000000e+03 1.250783203545534634e+05 -5.532650424837748382e-03
6.052000000000000000e+03 1.250989910404491093e+05 -7.210112394889778287e-03
6.053000000000000000e+03 1.251196617263447552e+05 -9.346707967492318136e-03
6.054000000000000000e+03 1.251403324122404010e+05 -1.148902530917123022e-02
6.055000000000000000e+03 1.251610030981360469e+05 -1.318336086247534622e-02
6.056000000000000000e+03 1.251816737840316928e+05 -1.407279284962409394e-02
6.057000000000000000e+03 1.252023444699273387e+05 -1.397332848099436253e-02
6.058000000000000000e+03 1.252230151558229845e+05 -1.291267324091055491e-02
6.059000000000000000e+03 1.252436858417186304e+05 -1.112334992741859097e-02
6.060000000000000000e+03 1.252643565276142763e+05 -8.991874982251624182e-03
6.061000000000000000e+03 1.252850272135099221e+05 -6.975246267182710902e-03
6.062000000000000000e+03 1.253056978994055680e+05 -5.502989730290619441e-03
6.063000000000000000e+03 1.253263685853012139e+05 -4.885924847558453799e-03
6.064000000000000000e+03 1.253470392711968598e+05 -5.251081282922509530e-03
6.065000000000000000e+03 1.253677099570925056e+05 -6.516352690197346753e-03
6.066000000000000000e+03 1.253883806429881515e+05 -8.409883030603859666e-03
6.067000000000000000e+03 1.254090513288837974e+05 -1.052967272754046224e-02
6.068000000000000000e+03 1.254297220147794433e+05 -1.243039040487092795e-02
6.069000000000000000e+03 1.254503927006750891e+05 -1.371863041631682378e-02
6.070000000000000000e+03 1.254710633865707350e+05 -1.413613236028787856e-02
6.071000000000000000e+03 1.254917340724663809e+05 -1.361320869336235702e-02
6.072000000000000000e+03 1.255124047583620268e+05 -1.228121809346449655e-02
6.073000000000000000e+03 1.255330754442576726e+05 -1.044188647963822936e-02
6.074000000000000000e+03 1.255537461301533185e+05 -8.500614387397076310e-03
6.075000000000000000e+03 1.255744168160489644e+05 -6.878571516990616974e-03
6.076000000000000000e+03 1.255950875019446103e+05 -5.922713667464829523e-03
6.077000000000000000e+03 1.256157581878402561e+05 -5.832979920775971383e-03
6.078000000000000000e+03 1.256364288737359020e+05 -6.621928411976341078e-03
6.079000000000000000e+03 1.256570995596315479e+05 -8.114932888600379091e-03
6.080000000000000000e+03 1.256777702455271938e+05 -9.990358134171872795e-03
6.081000000000000000e+03 1.256984409314228396e+05 -1.185065246684302576e-02
6.082000000000000000e+03 1.257191116173184855e+05 -1.330876636273392415e-02
6.083000000000000000e+03 1.257397823032141314e+05 -1.407111605797805969e-02
6.084000000000000000e+03 1.257604529891097773e+05 -1.399919790293835398e-02
6.085000000000000000e+03 1.257811236750054231e+05 -1.313676318784862129e-02
6.086000000000000000e+03 1.258017943609010690e+05 -1.169711346962698517e-02
6.087000000000000000e+03 1.258224650467967149e+05 -1.001385208796845561e-02
6.088000000000000000e+03 1.258431357326923608e+05 -8.466370420422308918e-03
6.089000000000000000e+03 1.258638064185880066e+05 -7.396701869602950730e-03
6.090000000000000000e+03 1.258844771044836525e+05 -7.035987893418194083e-03
6.091000000000000000e+03 1.259051477903792984e+05 -7.456389076283319838e-03
6.092000000000000000e+03 1.259258184762749443e+05 -8.558475152546596298e-03
6.093000000000000000e+03 1.259464891621705901e+05 -1.009627551304714821e-02
6.094000000000000000e+03 1.259671598480662360e+05 -1.173395976913410577e-02
6.095000000000000000e+03 1.259878305339618819e+05 -1.312127464350437700e-02
6.096000000000000000e+03 1.260085012198575278e+05 -1.397085965938343888e-02
6.097000000000000000e+03 1.260291719057531736e+05 -1.412031069356473045e-02
6.098000000000000000e+03 1.260498425916488195e+05 -1.356544579466906209e-02
6.099000000000000000e+03 1.260705132775444654e+05 -1.245783839769704082e-02
6.100000000000000000e+03 1.260911839634401113e+05 -1.106778760353593904e-02
6.101000000000000000e+03 1.261118546493357571e+05 -9.721623588087535683e-03
6.102000000000000000e+03 1.261325253352314030e+05 -8.727837912736624570e-03
6.103000000000000000e+03 1.261531960211270489e+05 -8.308746284496681955e-03
6.104000000000000000e+03 1.261738667070226948e+05 -8.552811607436205943e-03
6.105000000000000000e+03 1.261945373929183406e+05 -9.397841875797896538e-03
6.106000000000000000e+03 1.262152080788139865e+05 -1.064821436245794173e-02
6.107000000000000000e+03 1.262358787647096324e+05 -1.202165311890451838e-02
6.108000000000000000e+03 1.262565494506052783e+05 -1.321455947690391985e-02
6.109000000000000000e+03 1.262772201365009241e+05 -1.397088711116895206e-02
6.110000000000000000e+03 1.262978908223965700e+05 -1.413895989287633492e-02
6.111000000000000000e+03 1.263185615082922159e+05 -1.370358663184384485e-02
6.112000000000000000e+03 1.263392321941878618e+05 -1.278663337867591565e-02
6.113000000000000000e+03 1.263599028800835076e+05 -1.161649905556838558e-02
6.114000000000000000e+03 1.263805735659791535e+05 -1.047400097958339771e-02
6.115000000000000000e+03 1.264012442518747994e+05 -9.627393600651568129e-03
6.116000000000000000e+03 1.264219149377704452e+05 -9.271460749199489371e-03
6.117000000000000000e+03 1.264425856236660911e+05 -9.484409892259182406e-03
6.118000000000000000e+03 1.264632563095617370e+05 -1.021202598538961670e-02
6.119000000000000000e+03 1.264839269954573829e+05 -1.128224567343671936e-02
6.120000000000000000e+03 1.265045976813530287e+05 -1.244641619734965232e-02
6.121000000000000000e+03 1.265252683672486746e+05 -1.343752228055416879e-02
6.122000000000000000e+03 1.265459390531443205e+05 -1.403191158285699291e-02
6.123000000000000000e+03 1.265666097390399664e+05 -1.410036668464664800e-02
6.124000000000000000e+03 1.265872804249356122e+05 -1.363691930782662265e-02
6.125000000000000000e+03 1.266079511108312581e+05 -1.275899299314342539e-02
6.126000000000000000e+03 1.266286217967269040e+05 -1.167908695932451391e-02
6.127000000000000000e+03 1.266492924826225499e+05 -1.065474049947268131e-02
6.128000000000000000e+03 1.266699631685181957e+05 -9.928443576968870588e-03
6.129000000000000000e+03 1.266906338544138416e+05 -9.671371637034908986e-03
6.130000000000000000e+03 1.267113045403094875e+05 -9.943851665405567530e-03
6.131000000000000000e+03 1.267319752262051334e+05 -1.068157870980956936e-02
6.132000000000000000e+03 1.267526459121007792e+05 -1.171070436875143450e-02
6.133000000000000000e+03 1.267733165979964251e+05 -1.278833100535847755e-02
6.134000000000000000e+03 1.267939872838920710e+05 -1.365912340178732087e-02
6.135000000000000000e+03 1.268146579697877169e+05 -1.411500112122421324e-02
6.136000000000000000e+03 1.268353286556833627e+05 -1.404408249718835933e-02
6.137000000000000000e+03 1.268559993415790086e+05 -1.345744591310371781e-02
6.138000000000000000e+03 1.268766700274746545e+05 -1.248734472723922462e-02
6.139000000000000000e+03 1.268973407133703004e+05 -1.135710519787802575e-02
6.140000000000000000e+03 1.269180113992659462e+05 -1.032952354521843308e-02
6.141000000000000000e+03 1.269386820851615921e+05 -9.645617653934790425e-03
6.142000000000000000e+03 1.269593527710572380e+05 -9.467898649089145913e-03
6.143000000000000000e+03 1.269800234569528839e+05 -9.841372401267090009e-03
6.144000000000000000e+03 1.270006941428485297e+05 -1.068148910662830575e-02
6.145000000000000000e+03 1.270213648287441756e+05 -1.179213871924361667e-02
6.146000000000000000e+03 1.270420355146398215e+05 -1.290990415781018141e-02
6.147000000000000000e+03 1.270627062005354674e+05 -1.376466737203846206e-02
6.148000000000000000e+03 1.270833768864311132e+05 -1.414271954518947667e-02
6.149000000000000000e+03 1.271040475723267591e+05 -1.393772056238945511e-02
6.150000000000000000e+03 1.271247182582224050e+05 -1.317745057525449015e-02
6.151000000000000000e+03 1.271453889441180509e+05 -1.201975776253122463e-02
6.152000000000000000e+03 1.271660596300136967e+05 -1.071819005321567042e-02
6.153000000000000000e+03 1.271867303159093426e+05 -9.564854724482818593e-03
6.154000000000000000e+03 1.272074010018049885e+05 -8.823416695677377408e-03
6.155000000000000000e+03 1.272280716877006344e+05 -8.667558428048616204e-03
6.156000000000000000e+03 1.272487423735962802e+05 -9.139124464009829030e-03
6.157000000000000000e+03 1.272694130594919261e+05 -1.013582875062563060e-02
6.158000000000000000e+03 1.272900837453875720e+05 -1.143179778427177995e-02
6.159000000000000000e+03 1.273107544312832179e+05 -1.272680996542202569e-02
6.160000000000000000e+03 1.273314251171788637e+05 -1.371349742392519340e-02
6.161000000000000000e+03 1.273520958030745096e+05 -1.414749270352622101e-02
6.162000000000000000e+03 1.273727664889701555e+05 -1.390456295412467735e-02
6.163000000000000000e+03 1.273934371748658014e+05 -1.301147538292235506e-02
6.164000000000000000e+03 1.274141078607614472e+05 -1.164312316706517247e-02
6.165000000000000000e+03 1.274347785466570931e+05 -1.008601639133299699e-02
6.166000000000000000e+03 1.274554492325527390e+05 -8.675881116710693064e-03
6.167000000000000000e+03 1.274761199184483849e+05 -7.723056579802213030e-03
6.168000000000000000e+03 1.274967906043440307e+05 -7.442269947769308835e-03
6.169000000000000000e+03 1.275174612902396766e+05 -7.902554834561092978e-03
6.170000000000000000e+03 1.275381319761353225e+05 -9.008773406978309861e-03
6.171000000000000000e+03 1.275588026620309683e+05 -1.051936265597341880e-02
6.172000000000000000e+03 1.275794733479266142e+05 -1.209700908871313985e-02
6.173000000000000000e+03 1.276001440338222601e+05 -1.338162891811745143e-02
6.174000000000000000e+03 1.276208147197179060e+05 -1.406988481812654172e-02
6.175000000000000000e+03 1.276414854056135518e+05 -1.398370520929237415e-02
6.176000000000000000e+03 1.276621560915091977e+05 -1.311238156697935864e-02
6.177000000000000000e+03 1.276828267774048436e+05 -1.161841780615824327e-02
6.178000000000000000e+03 1.277034974633004895e+05 -9.805195108611719501e-03
6.179000000000000000e+03 1.277241681491961353e+05 -8.052958951024369316e-03
6.180000000000000000e+03 1.277448388350917812e+05 -6.736743499636321797e-03
6.181000000000000000e+03 1.277655095209874271e+05 -6.144008910302589666e-03
6.182000000000000000e+03 1.277861802068830730e+05 -6.410037144021607514e-03
6.183000000000000000e+03 1.278068508927787188e+05 -7.485467695449887771e-03
6.184000000000000000e+03 1.278275215786743647e+05 -9.143569914316307390e-03
6.185000000000000000e+03 1.278481922645700106e+05 -1.102636577491156178e-02
6.186000000000000000e+03 1.278688629504656565e+05 -1.272027094453886953e-02
6.187000000000000000e+03 1.278895336363613023e+05 -1.384528830639486507e-02
6.188000000000000000e+03 1.279102043222569482e+05 -1.413847199120077565e-02
6.189000000000000000e+03 1.279308750081525941e+05 -1.351324609181214949e-02
6.190000000000000000e+03 1.279515456940482400e+05 -1.208114547202943090e-02
6.191000000000000000e+03 1.279722163799438858e+05 -1.013061628464417829e-02
6.192000000000000000e+03 1.279928870658395317e+05 -8.066911564138190549e-03
6.193000000000000000e+03 1.280135577517351776e+05 -6.325749099182265134e-03
6.194000000000000000e+03 1.280342284376308235e+05 -5.279302862678525443e-03
6.195000000000000000e+03 1.280548991235264693e+05 -5.154923493611240914e-03
6.196000000000000000e+03 1.280755698094221152e+05 -5.984340109350116954e-03
6.197000000000000000e+03 1.280962404953177611e+05 -7.594620684712949377e-03
6.198000000000000000e+03 1.281169111812134070e+05 -9.643273972461618992e-03
6.199000000000000000e+03 1.281375818671090528e+05 -1.169039582848391268e-02
6.200000000000000000e+03 1.281582525530046987e+05 -1.329264802068647056e-02
6.201000000000000000e+03 1.281789232389003446e+05 -1.409888243327556134e-02
6.202000000000000000e+03 1.281995939247959905e+05 -1.392659935847456905e-02
6.203000000000000000e+03 1.282202646106916363e+05 -1.280241915421415078e-02
6.204000000000000000e+03 1.282409352965872822e+05 -1.095752207258254840e-02
6.205000000000000000e+03 1.282616059824829281e+05 -8.778845251380840153e-03
6.206000000000000000e+03 1.282822766683785740e+05 -6.726519530761199128e-03
6.207000000000000000e+03 1.283029473542742198e+05 -5.235405536275883343e-03
6.208000000000000000e+03 1.283236180401698657e+05 -4.621996374152947951e-03
6.209000000000000000e+03 1.283442887260655116e+05 -5.016684877451660363e-03
6.210000000000000000e+03 1.283649594119611575e+05 -6.335839406399368379e-03
6.211000000000000000e+03 1.283856300978568033e+05 -8.299592176456593862e-03
6.212000000000000000e+03 1.284063007837524492e+05 -1.049152794032137681e-02
6.213000000000000000e+03 1.284269714696480951e+05 -1.244753542460086404e-02
6.214000000000000000e+03 1.284476421555437410e+05 -1.375479868584028424e-02
6.215000000000000000e+03 1.284683128414393868e+05 -1.413966783782694310e-02
6.216000000000000000e+03 1.284889835273350327e+05 -1.352553655805910186e-02
6.217000000000000000e+03 1.285096542132306786e+05 -1.204837800442748463e-02
6.218000000000000000e+03 1.285303248991263245e+05 -1.002679300659825579e-02
6.219000000000000000e+03 1.285509955850219703e+05 -7.893258286063076223e-03
6.220000000000000000e+03 1.285716662709176162e+05 -6.101568180741756553e-03
6.221000000000000000e+03 1.285923369568132621e+05 -5.030432086402913949e-03
6.222000000000000000e+03 1.286130076427089080e+05 -4.903780948406655238e-03
6.223000000000000000e+03 1.286336783286045538e+05 -5.744530319978291555e-03
6.224000000000000000e+03 1.286543490145001997e+05 -7.371292413803799161e-03
6.225000000000000000e+03 1.286750197003958456e+05 -9.438414748878465321e-03
6.226000000000000000e+03 1.286956903862914914e+05 -1.151060201331360888e-02
6.227000000000000000e+03 1.287163610721871373e+05 -1.315608104871790474e-02
6.228000000000000000e+03 1.287370317580827832e+05 -1.403833753986671873e-02
6.229000000000000000e+03 1.287577024439784291e+05 -1.398680123246864859e-02
6.230000000000000000e+03 1.287783731298740749e+05 -1.303146726377002462e-02
6.231000000000000000e+03 1.287990438157697208e+05 -1.139430819999842637e-02
6.232000000000000000e+03 1.288197145016653667e+05 -9.439708888803077791e-03
6.233000000000000000e+03 1.288403851875610126e+05 -7.594980798820371269e-03
6.234000000000000000e+03 1.288610558734566584e+05 -6.258353350184209241e-03
6.235000000000000000e+03 1.288817265593523043e+05 -5.714325260449459876e-03
6.236000000000000000e+03 1.289023972452479502e+05 -6.074409773706435089e-03
6.237000000000000000e+03 1.289230679311435961e+05 -7.255635082609845909e-03
6.238000000000000000e+03 1.289437386170392419e+05 -9.000969462826913237e-03
6.239000000000000000e+03 1.289644093029348878e+05 -1.093686702711582637e-02
6.240000000000000000e+03 1.289850799888305337e+05 -1.265521117439805110e-02
6.241000000000000000e+03 1.290057506747261796e+05 -1.380172665860485148e-02
6.242000000000000000e+03 1.290264213606218254e+05 -1.415160774902351863e-02
6.243000000000000000e+03 1.290470920465174713e+05 -1.365602614703959050e-02
6.244000000000000000e+03 1.290677627324131172e+05 -1.244971387604559832e-02
6.245000000000000000e+03 1.290884334183087631e+05 -1.081848319950112769e-02
6.246000000000000000e+03 1.291091041042044089e+05 -9.134381129859814319e-03
6.247000000000000000e+03 1.291297747901000548e+05 -7.773191500304144075e-03
6.248000000000000000e+03 1.291504454759957007e+05 -7.032636882263687550e-03
6.249000000000000000e+03 1.291711161618913466e+05 -7.069142535220228861e-03
6.250000000000000000e+03 1.291917868477869924e+05 -7.866624889097229012e-03
6.251000000000000000e+03 1.292124575336826383e+05 -9.243539451839033472e-03
6.252000000000000000e+03 1.292331282195782842e+05 -1.089598897792337651e-02
6.253000000000000000e+03 1.292537989054739301e+05 -1.246685136856401366e-02
6.254000000000000000e+03 1.292744695913695759e+05 -1.362530140532819400e-02
6.255000000000000000e+03 1.292951402772652218e+05 -1.413899715402194834e-02
6.256000000000000000e+03 1.293158109631608677e+05 -1.392307076999549538e-02
6.257000000000000000e+03 1.293364816490565136e+05 -1.305547904819676086e-02
6.258000000000000000e+03 1.293571523349521594e+05 -1.175596310500842678e-02
6.259000000000000000e+03 1.293778230208478053e+05 -1.033404820363481580e-02
6.260000000000000000e+03 1.293984937067434512e+05 -9.118312839089703914e-03
6.261000000000000000e+03 1.294191643926390971e+05 -8.383058191040348994e-03
6.262000000000000000e+03 1.294398350785347429e+05 -8.288709116538672816e-03
6.263000000000000000e+03 1.294605057644303888e+05 -8.848847941290483021e-03
6.264000000000000000e+03 1.294811764503260347e+05 -9.930604186138114464e-03
6.265000000000000000e+03 1.295018471362216806e+05 -1.128762353674506169e-02
6.266000000000000000e+03 1.295225178221173264e+05 -1.261765504230094592e-02
6.267000000000000000e+03 1.295431885080129723e+05 -1.363146447149155005e-02
6.268000000000000000e+03 1.295638591939086182e+05 -1.411745842006839613e-02
6.269000000000000000e+03 1.295845298798042641e+05 -1.398760076366123428e-02
6.270000000000000000e+03 1.296052005656999099e+05 -1.329463492505189581e-02
6.271000000000000000e+03 1.296258712515955558e+05 -1.221725278829588479e-02
6.272000000000000000e+03 1.296465419374912017e+05 -1.101713395549208663e-02
6.273000000000000000e+03 1.296672126233868476e+05 -9.978050885573686024e-03
6.274000000000000000e+03 1.296878833092824934e+05 -9.341091992006333999e-03
6.275000000000000000e+03 1.297085539951781393e+05 -9.250674784036017062e-03
6.276000000000000000e+03 1.297292246810737852e+05 -9.723343491843228215e-03
6.277000000000000000e+03 1.297498953669694311e+05 -1.064604828609461151e-02
6.278000000000000000e+03 1.297705660528650769e+05 -1.180390514837059701e-02
6.279000000000000000e+03 1.297912367387607228e+05 -1.293081288637587534e-02
6.280000000000000000e+03 1.298119074246563687e+05 -1.377119998858456103e-02
6.281000000000000000e+03 1.298325781105520146e+05 -1.413872190843579353e-02
6.282000000000000000e+03 1.298532487964476604e+05 -1.395849883427713323e-02
6.283000000000000000e+03 1.298739194823433063e+05 -1.328331846008190542e-02
6.284000000000000000e+03 1.298945901682389522e+05 -1.228025321415360249e-02
6.285000000000000000e+03 1.299152608541345980e+05 -1.119096397304808477e-02
6.286000000000000000e+03 1.299359315400302439e+05 -1.027500206539333494e-02
6.287000000000000000e+03 1.299566022259258898e+05 -9.749284297479343664e-03
6.288000000000000000e+03 1.299772729118215357e+05 -9.737725874862990239e-03
6.289000000000000000e+03 1.299979435977171815e+05 -1.024261917804336619e-02
6.290000000000000000e+03 1.300186142836128274e+05 -1.114432282650784645e-02
6.291000000000000000e+03 1.300392849695084733e+05 -1.222932473276555632e-02
6.292000000000000000e+03 1.300599556554041192e+05 -1.324021774365075066e-02
6.293000000000000000e+03 1.300806263412997650e+05 -1.393604028687039920e-02
6.294000000000000000e+03 1.301012970271954109e+05 -1.414896476611088132e-02
6.295000000000000000e+03 1.301219677130910568e+05 -1.382407935723101340e-02
6.296000000000000000e+03 1.301426383989867027e+05 -1.303287674105862992e-02
6.297000000000000000e+03 1.301633090848823485e+05 -1.195716202033064723e-02
6.298000000000000000e+03 1.301839797707779944e+05 -1.084699905697500411e-02
6.299000000000000000e+03 1.302046504566736403e+05 -9.962401219523353557e-03
6.300000000000000000e+03 1.302253211425692862e+05 -9.512301142822032762e-03
6.301000000000000000e+03 1.302459918284649320e+05 -9.605011003724184260e-03
6.302000000000000000e+03 1.302666625143605779e+05 -1.022177223609294083e-02
6.303000000000000000e+03 1.302873332002562238e+05 -1.121971447516273424e-02
6.304000000000000000e+03 1.303080038861518697e+05 -1.236380181258261990e-02
6.305000000000000000e+03 1.303286745720475155e+05 -1.338064906071640033e-02
6.306000000000000000e+03 1.303493452579431614e+05 -1.402195281411150463e-02
6.307000000000000000e+03 1.303700159438388073e+05 -1.412290474073591047e-02
6.308000000000000000e+03 1.303906866297344532e+05 -1.364194343920016768e-02
6.309000000000000000e+03 1.304113573156300990e+05 -1.267238189457936537e-02
6.310000000000000000e+03 1.304320280015257449e+05 -1.142287840364930585e-02
6.311000000000000000e+03 1.304526986874213908e+05 -1.017091079792353803e-02
6.312000000000000000e+03 1.304733693733170367e+05 -9.199688593767851863e-03
6.313000000000000000e+03 1.304940400592126825e+05 -8.732831717217948153e-03
6.314000000000000000e+03 1.305147107451083284e+05 -8.881763604630776854e-03
6.315000000000000000e+03 1.305353814310039743e+05 -9.617991532228309381e-03
6.316000000000000000e+03 1.305560521168996202e+05 -1.077692548366926406e-02
6.317000000000000000e+03 1.305767228027952660e+05 -1.209284311403191481e-02
6.318000000000000000e+03 1.305973934886909119e+05 -1.325757120155879321e-02
6.319000000000000000e+03 1.306180641745865578e+05 -1.398996826740572623e-02
6.320000000000000000e+03 1.306387348604822037e+05 -1.410061786816918690e-02
6.321000000000000000e+03 1.306594055463778495e+05 -1.353695306585367408e-02
6.322000000000000000e+03 1.306800762322734954e+05 -1.239822028990711367e-02
6.323000000000000000e+03 1.307007469181691413e+05 -1.091635527142353901e-02
6.324000000000000000e+03 1.307214176040647872e+05 -9.406497502266242261e-03
6.325000000000000000e+03 1.307420882899604330e+05 -8.197779142782912754e-03
6.326000000000000000e+03 1.307627589758560789e+05 -7.559608582502208574e-03
6.327000000000000000e+03 1.307834296617517248e+05 -7.639877839973385765e-03
6.328000000000000000e+03 1.308041003476473707e+05 -8.429088476909096794e-03
6.329000000000000000e+03 1.308247710335430165e+05 -9.758858053394825482e-03
6.330000000000000000e+03 1.308454417194386624e+05 -1.133582351171535940e-02
6.331000000000000000e+03 1.308661124053343083e+05 -1.280415833859371855e-02
6.332000000000000000e+03 1.308867830912299542e+05 -1.382342582696627180e-02
6.333000000000000000e+03 1.309074537771256000e+05 -1.414476376817008774e-02
6.334000000000000000e+03 1.309281244630212459e+05 -1.366836972388740801e-02
6.335000000000000000e+03 1.309487951489168918e+05 -1.246905722287394713e-02
6.336000000000000000e+03 1.309694658348125377e+05 -1.078351991487980222e-02
6.337000000000000000e+03 1.309901365207081835e+05 -8.961382464571898687e-03
6.338000000000000000e+03 1.310108072066038294e+05 -7.390248268228982731e-03
6.339000000000000000e+03 1.310314778924994753e+05 -6.410917880913635791e-03
6.340000000000000000e+03 1.310521485783951211e+05 -6.241366261164560392e-03
6.341000000000000000e+03 1.310728192642907670e+05 -6.926378129091137481e-03
6.342000000000000000e+03 1.310934899501864274e+05 -8.324337921238211813e-03
6.343000000000000000e+03 1.311141606360820879e+05 -1.013472554424604821e-02
6.344000000000000000e+03 1.311348313219777483e+05 -1.196103600062908834e-02
6.345000000000000000e+03 1.311555020078734087e+05 -1.339596223377842454e-02
6.346000000000000000e+03 1.311761726937690692e+05 -1.411048978064127941e-02
6.347000000000000000e+03 1.311968433796647296e+05 -1.392730879348452917e-02
6.348000000000000000e+03 1.312175140655603900e+05 -1.286207100674924275e-02
6.349000000000000000e+03 1.312381847514560504e+05 -1.112290197776050205e-02
6.350000000000000000e+03 1.312588554373517109e+05 -9.067719477901359237e-03
6.351000000000000000e+03 1.312795261232473713e+05 -7.128261981905970046e-03
6.352000000000000000e+03 1.313001968091430317e+05 -5.717173526208707557e-03
6.353000000000000000e+03 1.313208674950386921e+05 -5.138319647823186287e-03
6.354000000000000000e+03 1.313415381809343526e+05 -5.519876280639213206e-03
6.355000000000000000e+03 1.313622088668300130e+05 -6.784847821113104693e-03
6.356000000000000000e+03 1.313828795527256734e+05 -8.665661168176796991e-03
6.357000000000000000e+03 1.314035502386213338e+05 -1.076005143243286000e-02
6.358000000000000000e+03 1.314242209245169943e+05 -1.261653365636961066e-02
6.359000000000000000e+03 1.314448916104126547e+05 -1.383121921652419144e-02
6.360000000000000000e+03 1.314655622963083151e+05 -1.413507135962299884e-02
6.361000000000000000e+03 1.314862329822039756e+05 -1.345259996812320225e-02
6.362000000000000000e+03 1.315069036680996360e+05 -1.191911745441232018e-02
6.363000000000000000e+03 1.315275743539952964e+05 -9.852666799492482141e-03
6.364000000000000000e+03 1.315482450398909568e+05 -7.686590680763716321e-03
6.365000000000000000e+03 1.315689157257866173e+05 -5.877253234097545853e-03
6.366000000000000000e+03 1.315895864116822777e+05 -4.806762280274157195e-03
6.367000000000000000e+03 1.316102570975779381e+05 -4.701518624686984449e-03
6.368000000000000000e+03 1.316309277834735985e+05 -5.583915252769300341e-03
6.369000000000000000e+03 1.316515984693692590e+05 -7.267394925862423992e-03
6.370000000000000000e+03 1.316722691552649194e+05 -9.395904665979226689e-03
6.371000000000000000e+03 1.316929398411605798e+05 -1.151942112534226625e-02
6.372000000000000000e+03 1.317136105270562402e+05 -1.318954272462036226e-02
6.373000000000000000e+03 1.317342812129519007e+05 -1.405478354375000460e-02
6.374000000000000000e+03 1.317549518988475611e+05 -1.393518529427084825e-02
6.375000000000000000e+03 1.317756225847432215e+05 -1.286027101918690851e-02
6.376000000000000000e+03 1.317962932706388819e+05 -1.106225418539991123e-02
6.377000000000000000e+03 1.318169639565345424e+05 -8.926056142521343606e-03
6.378000000000000000e+03 1.318376346424302028e+05 -6.906968093951137110e-03
6.379000000000000000e+03 1.318583053283258632e+05 -5.433695058975340775e-03
6.380000000000000000e+03 1.318789760142215237e+05 -4.817536119255672045e-03
6.381000000000000000e+03 1.318996467001171841e+05 -5.186978802546871048e-03
6.382000000000000000e+03 1.319203173860128445e+05 -6.461437945235182223e-03
6.383000000000000000e+03 1.319409880719085049e+05 -8.369518651503260465e-03
6.384000000000000000e+03 1.319616587578041654e+05 -1.050777418078507885e-02
6.385000000000000000e+03 1.319823294436998258e+05 -1.242735098859026888e-02
6.386000000000000000e+03 1.320030001295954862e+05 -1.372993360972363242e-02
6.387000000000000000e+03 1.320236708154911466e+05 -1.415236139180819745e-02
6.388000000000000000e+03 1.320443415013868071e+05 -1.362173108954412015e-02
6.389000000000000000e+03 1.320650121872824675e+05 -1.226924203846446737e-02
6.390000000000000000e+03 1.320856828731781279e+05 -1.040006003350124608e-02
6.391000000000000000e+03 1.321063535590737883e+05 -8.426062611455509277e-03
6.392000000000000000e+03 1.321270242449694488e+05 -6.776351750397370012e-03
6.393000000000000000e+03 1.321476949308651092e+05 -5.805100459845169425e-03
6.394000000000000000e+03 1.321683656167607696e+05 -5.716632979504310264e-03
6.395000000000000000e+03 1.321890363026564301e+05 -6.523645465049465741e-03
6.396000000000000000e+03 1.322097069885520905e+05 -8.047143107865195599e-03
6.397000000000000000e+03 1.322303776744477509e+05 -9.957631176378212157e-03
6.398000000000000000e+03 1.322510483603434113e+05 -1.184824091387132183e-02
6.399000000000000000e+03 1.322717190462390718e+05 -1.332363259207097923e-02
6.400000000000000000e+03 1.322923897321347322e+05 -1.408518292529498291e-02
6.401000000000000000e+03 1.323130604180303926e+05 -1.399392388484071818e-02
6.402000000000000000e+03 1.323337311039260530e+05 -1.309777687192287265e-02
6.403000000000000000e+03 1.323544017898217135e+05 -1.161766054601781617e-02
6.404000000000000000e+03 1.323750724757173739e+05 -9.896193208709547218e-03
6.405000000000000000e+03 1.323957431616130343e+05 -8.320884434213748904e-03
6.406000000000000000e+03 1.324164138475086947e+05 -7.239092831448412646e-03
6.407000000000000000e+03 1.324370845334043552e+05 -6.883468673653414527e-03
6.408000000000000000e+03 1.324577552193000156e+05 -7.323893921319268863e-03
6.409000000000000000e+03 1.324784259051956760e+05 -8.455817841867219187e-03
6.410000000000000000e+03 1.324990965910913364e+05 -1.002679618665192063e-02
6.411000000000000000e+03 1.325197672769869969e+05 -1.169473082283201126e-02
6.412000000000000000e+03 1.325404379628826573e+05 -1.310451746957674857e-02
6.413000000000000000e+03 1.325611086487783177e+05 -1.396598121203163241e-02
6.414000000000000000e+03 1.325817793346739782e+05 -1.411595522613851190e-02
6.415000000000000000e+03 1.326024500205696386e+05 -1.355114073175944962e-02
6.416000000000000000e+03 1.326231207064652990e+05 -1.242509174144434958e-02
6.417000000000000000e+03 1.326437913923609594e+05 -1.101073923948447941e-02
6.418000000000000000e+03 1.326644620782566199e+05 -9.637465400118228054e-03
6.419000000000000000e+03 1.326851327641522803e+05 -8.617167779247980608e-03
6.420000000000000000e+03 1.327058034500479407e+05 -8.175854879971911071e-03
6.421000000000000000e+03 1.327264741359436011e+05 -8.405715174610806084e-03
6.422000000000000000e+03 1.327471448218392616e+05 -9.247772767187301124e-03
6.423000000000000000e+03 1.327678155077349220e+05 -1.050833311458904129e-02
6.424000000000000000e+03 1.327884861936305824e+05 -1.190495754561549102e-02
6.425000000000000000e+03 1.328091568795262428e+05 -1.313127579063499972e-02
6.426000000000000000e+03 1.328298275654219033e+05 -1.392592261443448449e-02
6.427000000000000000e+03 1.328504982513175637e+05 -1.413015093220526541e-02
6.428000000000000000e+03 1.328711689372132241e+05 -1.372139957565599033e-02
6.429000000000000000e+03 1.328918396231088846e+05 -1.281565670528206358e-02
6.430000000000000000e+03 1.329125103090045450e+05 -1.163857803809631442e-02
6.431000000000000000e+03 1.329331809949002054e+05 -1.047236013155627976e-02
6.432000000000000000e+03 1.329538516807958658e+05 -9.590734162789105177e-03
6.433000000000000000e+03 1.329745223666915263e+05 -9.196939736106912733e-03
6.434000000000000000e+03 1.329951930525871867e+05 -9.378645971507948431e-03
6.435000000000000000e+03 1.330158637384828471e+05 -1.008977731884364015e-02
6.436000000000000000e+03 1.330365344243785075e+05 -1.116302658711854079e-02
6.437000000000000000e+03 1.330572051102741680e+05 -1.234988560184424600e-02
6.438000000000000000e+03 1.330778757961698284e+05 -1.337882174932053525e-02
6.439000000000000000e+03 1.330985464820654888e+05 -1.401814980191823379e-02
6.440000000000000000e+03 1.331192171679611492e+05 -1.412912975378083358e-02
6.441000000000000000e+03 1.331398878538568097e+05 -1.369712649667825799e-02
6.442000000000000000e+03 1.331605585397524701e+05 -1.283378417509911662e-02
6.443000000000000000e+03 1.331812292256481305e+05 -1.174990998632979844e-02
6.444000000000000000e+03 1.332018999115437909e+05 -1.070554997464573388e-02
6.445000000000000000e+03 1.332225705974394514e+05 -9.948983547130529903e-03
6.446000000000000000e+03 1.332432412833351118e+05 -9.658848717045864785e-03
6.447000000000000000e+03 1.332639119692307722e+05 -9.902788531135187089e-03
6.448000000000000000e+03 1.332845826551264327e+05 -1.062211622744185791e-02
6.449000000000000000e+03 1.333052533410220931e+05 -1.164596002833478972e-02
6.450000000000000000e+03 1.333259240269177535e+05 -1.273154630698297707e-02
6.451000000000000000e+03 1.333465947128134139e+05 -1.362124135682868387e-02
6.452000000000000000e+03 1.333672653987090744e+05 -1.410307114942693785e-02
6.453000000000000000e+03 1.333879360846047348e+05 -1.406059759679029013e-02
6.454000000000000000e+03 1.334086067705003952e+05 -1.350048078300808418e-02
6.455000000000000000e+03 1.334292774563960556e+05 -1.255125002863249906e-02
6.456000000000000000e+03 1.334499481422917161e+05 -1.143352791034984994e-02
6.457000000000000000e+03 1.334706188281873765e+05 -1.040861561161376958e-02
6.458000000000000000e+03 1.334912895140830369e+05 -9.717386987139198240e-03
6.459000000000000000e+03 1.335119601999786973e+05 -9.523682163931401767e-03
6.460000000000000000e+03 1.335326308858743578e+05 -9.875346340235013898e-03
6.461000000000000000e+03 1.335533015717700182e+05 -1.069200593256303122e-02
6.462000000000000000e+03 1.335739722576656786e+05 -1.178256044286218884e-02
6.463000000000000000e+03 1.335946429435613391e+05 -1.288856889264389238e-02
6.464000000000000000e+03 1.336153136294569995e+05 -1.374373592826072521e-02
6.465000000000000000e+03 1.336359843153526599e+05 -1.413590639487449785e-02
6.466000000000000000e+03 1.336566550012483203e+05 -1.395725827045501792e-02
6.467000000000000000e+03 1.336773256871439808e+05 -1.323095690360709398e-02
6.468000000000000000e+03 1.336979963730396412e+05 -1.210784392598529546e-02
6.469000000000000000e+03 1.337186670589353016e+05 -1.083357576465604488e-02
6.470000000000000000e+03 1.337393377448309620e+05 -9.693425923327336768e-03
6.471000000000000000e+03 1.337600084307266225e+05 -8.947151851696200087e-03
6.472000000000000000e+03 1.337806791166222829e+05 -8.768706341346244049e-03
6.473000000000000000e+03 1.338013498025179433e+05 -9.204609306620870068e-03
6.474000000000000000e+03 1.338220204884136037e+05 -1.016072057111999660e-02
6.475000000000000000e+03 1.338426911743092642e+05 -1.142087578964434691e-02
6.476000000000000000e+03 1.338633618602049246e+05 -1.269372413498270902e-02
6.477000000000000000e+03 1.338840325461005850e+05 -1.367767637591099823e-02
6.478000000000000000e+03 1.339047032319962454e+05 -1.412956987202762527e-02
6.479000000000000000e+03 1.339253739178919059e+05 -1.392151102549621204e-02
6.480000000000000000e+03 1.339460446037875663e+05 -1.307271841095802856e-02
6.481000000000000000e+03 1.339667152896832267e+05 -1.174860874843497438e-02
6.482000000000000000e+03 1.339873859755788872e+05 -1.022666579182207602e-02
6.483000000000000000e+03 1.340080566614745476e+05 -8.836170444530111467e-03
6.484000000000000000e+03 1.340287273473702080e+05 -7.884921795486166118e-03
6.485000000000000000e+03 1.340493980332658684e+05 -7.589235668626681530e-03
6.486000000000000000e+03 1.340700687191615289e+05 -8.023030530668107119e-03
6.487000000000000000e+03 1.340907394050571893e+05 -9.097800123787580517e-03
6.488000000000000000e+03 1.341114100909528497e+05 -1.057860164160362437e-02
6.489000000000000000e+03 1.341320807768485101e+05 -1.213327342707321010e-02
6.490000000000000000e+03 1.341527514627441706e+05 -1.340461511318341396e-02
6.491000000000000000e+03 1.341734221486398310e+05 -1.408986528813277635e-02
6.492000000000000000e+03 1.341940928345354914e+05 -1.400978493047938533e-02
6.493000000000000000e+03 1.342147635204311518e+05 -1.315158510423303229e-02
6.494000000000000000e+03 1.342354342063268123e+05 -1.167550123746169399e-02
6.495000000000000000e+03 1.342561048922224727e+05 -9.882820123468361029e-03
6.496000000000000000e+03 1.342767755781181331e+05 -8.151817160196028755e-03
6.497000000000000000e+03 1.342974462640137936e+05 -6.855379652834392434e-03
6.498000000000000000e+03 1.343181169499094540e+05 -6.278376672267826919e-03
6.499000000000000000e+03 1.343387876358051144e+05 -6.553096664193125420e-03
6.500000000000000000e+03 1.343594583217007748e+05 -7.627273560379010942e-03
6.501000000000000000e+03 1.343801290075964353e+05 -9.272228232727608432e-03
6.502000000000000000e+03 1.344007996934920957e+05 -1.112996634492074977e-02
6.503000000000000000e+03 1.344214703793877561e+05 -1.278951042451853537e-02
6.504000000000000000e+03 1.344421410652834165e+05 -1.387613436427564961e-02
6.505000000000000000e+03 1.344628117511790770e+05 -1.413402761660237546e-02
6.506000000000000000e+03 1.344834824370747374e+05 -1.348406124461426492e-02
6.507000000000000000e+03 1.345041531229703978e+05 -1.204359903891139005e-02
6.508000000000000000e+03 1.345248238088660582e+05 -1.010355483765212892e-02
6.509000000000000000e+03 1.345454944947617187e+05 -8.067301588314479410e-03
6.510000000000000000e+03 1.345661651806573791e+05 -6.364477194789608383e-03
6.511000000000000000e+03 1.345868358665530395e+05 -5.358301963349076935e-03
6.512000000000000000e+03 1.346075065524486999e+05 -5.266482377644376989e-03
6.513000000000000000e+03 1.346281772383443604e+05 -6.112860129708241885e-03
6.514000000000000000e+03 1.346488479242400208e+05 -7.720394939671137990e-03
6.515000000000000000e+03 1.346695186101356812e+05 -9.747284107448739299e-03
6.516000000000000000e+03 1.346901892960313417e+05 -1.175882424393603909e-02
6.517000000000000000e+03 1.347108599819270021e+05 -1.331988561054198161e-02
6.518000000000000000e+03 1.347315306678226625e+05 -1.408826029279508507e-02
6.519000000000000000e+03 1.347522013537183229e+05 -1.388875433591729540e-02
6.520000000000000000e+03 1.347728720396139834e+05 -1.275190073821952375e-02
6.521000000000000000e+03 1.347935427255096438e+05 -1.090873502212058588e-02
6.522000000000000000e+03 1.348142134114053042e+05 -8.742544695457932225e-03
6.523000000000000000e+03 1.348348840973009646e+05 -6.707807292480828278e-03
6.524000000000000000e+03 1.348555547831966251e+05 -5.233626672299596105e-03
6.525000000000000000e+03 1.348762254690922855e+05 -4.632302150500422488e-03
6.526000000000000000e+03 1.348968961549879459e+05 -5.032526291256222972e-03
6.527000000000000000e+03 1.349175668408836063e+05 -6.351437725414299518e-03
6.528000000000000000e+03 1.349382375267792668e+05 -8.311549386952832297e-03
6.529000000000000000e+03 1.349589082126749272e+05 -1.049913103008370818e-02
6.530000000000000000e+03 1.349795788985705876e+05 -1.245183051777087879e-02
6.531000000000000000e+03 1.350002495844662481e+05 -1.375697985933821248e-02
6.532000000000000000e+03 1.350209202703619085e+05 -1.413957268563925673e-02
6.533000000000000000e+03 1.350415909562575689e+05 -1.352097389809636847e-02
6.534000000000000000e+03 1.350622616421532293e+05 -1.203565600933531599e-02
6.535000000000000000e+03 1.350829323280488898e+05 -1.000230441635130418e-02
6.536000000000000000e+03 1.351036030139445502e+05 -7.855511422932059951e-03
6.537000000000000000e+03 1.351242736998402106e+05 -6.052811468397312211e-03
6.538000000000000000e+03 1.351449443857358710e+05 -4.977102489790996565e-03
6.539000000000000000e+03 1.351656150716315315e+05 -4.855388542876704072e-03
6.540000000000000000e+03 1.351862857575271919e+05 -5.711140337970599390e-03
6.541000000000000000e+03 1.352069564434228523e+05 -7.360295368816550422e-03
6.542000000000000000e+03 1.352276271293185127e+05 -9.451603847966061345e-03
6.543000000000000000e+03 1.352482978152141732e+05 -1.154258351517095660e-02
6.544000000000000000e+03 1.352689685011098336e+05 -1.319470270897932229e-02
6.545000000000000000e+03 1.352896391870054940e+05 -1.406722136591781469e-02
6.546000000000000000e+03 1.353103098729011544e+05 -1.398939415126848607e-02
6.547000000000000000e+03 1.353309805587968149e+05 -1.299550086175976782e-02
6.548000000000000000e+03 1.353516512446924753e+05 -1.131536980365716039e-02
6.549000000000000000e+03 1.353723219305881357e+05 -9.322844951218989262e-03
6.550000000000000000e+03 1.353929926164837962e+05 -7.453815365861427879e-03
6.551000000000000000e+03 1.354136633023794566e+05 -6.111928400591382093e-03
6.552000000000000000e+03 1.354343339882751170e+05 -5.582524232924379604e-03
6.553000000000000000e+03 1.354550046741707774e+05 -5.973210868175038435e-03
6.554000000000000000e+03 1.354756753600664379e+05 -7.193453354380041631e-03
6.555000000000000000e+03 1.354963460459620983e+05 -8.977000965499581930e-03
6.556000000000000000e+03 1.355170167318577587e+05 -1.094176032575766566e-02
6.557000000000000000e+03 1.355376874177534191e+05 -1.267374058489034727e-02
6.558000000000000000e+03 1.355583581036490796e+05 -1.381662090421620186e-02
6.559000000000000000e+03 1.355790287895447400e+05 -1.414744857064720307e-02
6.560000000000000000e+03 1.355996994754404004e+05 -1.362223152118491321e-02
6.561000000000000000e+03 1.356203701613360608e+05 -1.238200207119222185e-02
6.562000000000000000e+03 1.356410408472317213e+05 -1.071872685561048311e-02
6.563000000000000000e+03 1.356617115331273817e+05 -9.009222611846001705e-03
6.564000000000000000e+03 1.356823822190230421e+05 -7.632056534049413976e-03
6.565000000000000000e+03 1.357030529049187026e+05 -6.885793451843203773e-03
6.566000000000000000e+03 1.357237235908143630e+05 -6.926244805262660176e-03
6.567000000000000000e+03 1.357443942767100234e+05 -7.735868761220731325e-03
6.568000000000000000e+03 1.357650649626056838e+05 -9.131272560160941243e-03
6.569000000000000000e+03 1.357857356485013443e+05 -1.080647226274222827e-02
6.570000000000000000e+03 1.358064063343970047e+05 -1.240190829837184427e-02
6.571000000000000000e+03 1.358270770202926651e+05 -1.358378509553636974e-02
6.572000000000000000e+03 1.358477477061883255e+05 -1.411626093457840625e-02
6.573000000000000000e+03 1.358684183920839860e+05 -1.391081971625296627e-02
6.574000000000000000e+03 1.358890890779796464e+05 -1.304240328302996854e-02
6.575000000000000000e+03 1.359097597638753068e+05 -1.172936878883890088e-02
6.576000000000000000e+03 1.359304304497709672e+05 -1.028235806026767118e-02
6.577000000000000000e+03 1.359511011356666277e+05 -9.033928193988072231e-03
6.578000000000000000e+03 1.359717718215622881e+05 -8.264809339231793395e-03
6.579000000000000000e+03 1.359924425074579485e+05 -8.143088230138317840e-03
6.580000000000000000e+03 1.360131131933536089e+05 -8.689458145264894462e-03
6.581000000000000000e+03 1.360337838792492694e+05 -9.775716676197254706e-03
6.582000000000000000e+03 1.360544545651449298e+05 -1.115628282037239849e-02
6.583000000000000000e+03 1.360751252510405902e+05 -1.252524385218289904e-02
6.584000000000000000e+03 1.360957959369362507e+05 -1.358587878211270361e-02
6.585000000000000000e+03 1.361164666228319111e+05 -1.411695479423158602e-02
6.586000000000000000e+03 1.361371373087275715e+05 -1.402096750894737780e-02
6.587000000000000000e+03 1.361578079946232319e+05 -1.334371584352750384e-02
6.588000000000000000e+03 1.361784786805188924e+05 -1.226120242717604336e-02
6.589000000000000000e+03 1.361991493664145528e+05 -1.103730436725486319e-02
6.590000000000000000e+03 1.362198200523102132e+05 -9.962246835976185100e-03
6.591000000000000000e+03 1.362404907382058736e+05 -9.286128068443921801e-03
6.592000000000000000e+03 1.362611614241015341e+05 -9.162655095096672309e-03
6.593000000000000000e+03 1.362818321099971945e+05 -9.615709113744486114e-03
6.594000000000000000e+03 1.363025027958928549e+05 -1.053601508085505456e-02
6.595000000000000000e+03 1.363231734817885153e+05 -1.170828715168553691e-02
6.596000000000000000e+03 1.363438441676841758e+05 -1.286230464240417648e-02
6.597000000000000000e+03 1.363645148535798362e+05 -1.373597406974719042e-02
6.598000000000000000e+03 1.363851855394754966e+05 -1.413576992017356870e-02
6.599000000000000000e+03 1.364058562253711571e+05 -1.398064799457826579e-02
6.600000000000000000e+03 1.364265269112668175e+05 -1.331944430261339067e-02
6.601000000000000000e+03 1.364471975971624779e+05 -1.231799314638898357e-02
6.602000000000000000e+03 1.364678682830581383e+05 -1.121925023616715533e-02
6.603000000000000000e+03 1.364885389689537988e+05 -1.028592932367472512e-02
6.604000000000000000e+03 1.365092096548494592e+05 -9.739106526724661261e-03
6.605000000000000000e+03 1.365298803407451196e+05 -9.707030023238805150e-03
6.606000000000000000e+03 1.365505510266407800e+05 -1.019587216004236296e-02
6.607000000000000000e+03 1.365712217125364405e+05 -1.108901263911077351e-02
6.608000000000000000e+03 1.365918923984321009e+05 -1.217484991166473129e-02
6.609000000000000000e+03 1.366125630843277613e+05 -1.319658980748672494e-02
6.610000000000000000e+03 1.366332337702234217e+05 -1.391242049579544116e-02
6.611000000000000000e+03 1.366539044561190822e+05 -1.415209873961409404e-02
6.612000000000000000e+03 1.366745751420147426e+05 -1.385681078142664280e-02
6.613000000000000000e+03 1.366952458279104030e+05 -1.309305611398081659e-02
6.614000000000000000e+03 1.367159165138060634e+05 -1.203733482389668374e-02
6.615000000000000000e+03 1.367365871997017239e+05 -1.093518998199094483e-02
6.616000000000000000e+03 1.367572578855973843e+05 -1.004408716293259118e-02
6.617000000000000000e+03 1.367779285714930447e+05 -9.573332620396168835e-03
6.618000000000000000e+03 1.367985992573887052e+05 -9.634901271627249741e-03
6.619000000000000000e+03 1.368192699432843656e+05 -1.021654706454522277e-02
6.620000000000000000e+03 1.368399406291800260e+05 -1.118350064920603515e-02
6.621000000000000000e+03 1.368606113150756864e+05 -1.230856759488418994e-02
6.622000000000000000e+03 1.368812820009713469e+05 -1.332395640155992385e-02
6.623000000000000000e+03 1.369019526868670073e+05 -1.398312624860964526e-02
6.624000000000000000e+03 1.369226233727626677e+05 -1.411850589083951668e-02
6.625000000000000000e+03 1.369432940586583281e+05 -1.368170444793592733e-02
6.626000000000000000e+03 1.369639647445539886e+05 -1.275669446505656168e-02
6.627000000000000000e+03 1.369846354304496490e+05 -1.154255359493383537e-02
6.628000000000000000e+03 1.370053061163453094e+05 -1.030932029524844751e-02
6.629000000000000000e+03 1.370259768022409698e+05 -9.336748575242803661e-03
6.630000000000000000e+03 1.370466474881366303e+05 -8.849790849155825256e-03
6.631000000000000000e+03 1.370673181740322907e+05 -8.965554430775846129e-03
6.632000000000000000e+03 1.370879888599279511e+05 -9.664052441370807323e-03
6.633000000000000000e+03 1.371086595458236116e+05 -1.078984539323812886e-02
6.634000000000000000e+03 1.371293302317192720e+05 -1.208478609819185756e-02
6.635000000000000000e+03 1.371500009176149324e+05 -1.324502578639463746e-02
6.636000000000000000e+03 1.371706716035105928e+05 -1.398976814437585814e-02
6.637000000000000000e+03 1.371913422894062533e+05 -1.412628847287705769e-02
6.638000000000000000e+03 1.372120129753019137e+05 -1.359623718167885138e-02
6.639000000000000000e+03 1.372326836611975741e+05 -1.249221076464052116e-02
6.640000000000000000e+03 1.372533543470932345e+05 -1.104016783991340622e-02
6.641000000000000000e+03 1.372740250329888950e+05 -9.551016434900583274e-03
6.642000000000000000e+03 1.372946957188845554e+05 -8.351819471083377078e-03
6.643000000000000000e+03 1.373153664047802158e+05 -7.711891631030420857e-03
6.644000000000000000e+03 1.373360370906758762e+05 -7.780453871664649856e-03
6.645000000000000000e+03 1.373567077765715367e+05 -8.550145205519610325e-03
6.646000000000000000e+03 1.373773784624671971e+05 -9.855100039072584028e-03
6.647000000000000000e+03 1.373980491483628575e+05 -1.140470454873371287e-02
6.648000000000000000e+03 1.374187198342585179e+05 -1.284617219178679770e-02
6.649000000000000000e+03 1.374393905201541784e+05 -1.384245769919628666e-02
6.650000000000000000e+03 1.374600612060498388e+05 -1.414827795280143401e-02
6.651000000000000000e+03 1.374807318919454992e+05 -1.366707641788405918e-02
6.652000000000000000e+03 1.375014025778411597e+05 -1.247574906002141271e-02
6.653000000000000000e+03 1.375220732637368201e+05 -1.081100833866582844e-02
6.654000000000000000e+03 1.375427439496324805e+05 -9.019820625511210110e-03
6.655000000000000000e+03 1.375634146355281409e+05 -7.484463334592628136e-03
6.656000000000000000e+03 1.375840853214238014e+05 -6.538546309515447241e-03
6.657000000000000000e+03 1.376047560073194618e+05 -6.392498182351102898e-03
6.658000000000000000e+03 1.376254266932151222e+05 -7.085069856519464991e-03
6.659000000000000000e+03 1.376460973791107826e+05 -8.471834951456869156e-03
6.660000000000000000e+03 1.376667680650064431e+05 -1.025370491915988946e-02
6.661000000000000000e+03 1.376874387509021035e+05 -1.203979699022583727e-02
6.662000000000000000e+03 1.377081094367977639e+05 -1.343140655656771543e-02
6.663000000000000000e+03 1.377287801226934243e+05 -1.410899576433721769e-02
6.664000000000000000e+03 1.377494508085890848e+05 -1.390316493702492551e-02
6.665000000000000000e+03 1.377701214944847452e+05 -1.283383289615225298e-02
6.666000000000000000e+03 1.377907921803804056e+05 -1.110865292457685616e-02
6.667000000000000000e+03 1.378114628662760661e+05 -9.080546992315585708e-03
6.668000000000000000e+03 1.378321335521717265e+05 -7.173196740031640740e-03
6.669000000000000000e+03 1.378528042380673869e+05 -5.790394248324892690e-03
6.670000000000000000e+03 1.378734749239630473e+05 -5.228751101303774629e-03
6.671000000000000000e+03 1.378941456098587078e+05 -5.612615106451002145e-03
6.672000000000000000e+03 1.379148162957543682e+05 -6.865353430565768189e-03
6.673000000000000000e+03 1.379354869816500286e+05 -8.723486537275337849e-03
6.674000000000000000e+03 1.379561576675456890e+05 -1.079109594702881703e-02
6.675000000000000000e+03 1.379768283534413495e+05 -1.262330383796039790e-02
6.676000000000000000e+03 1.379974990393370099e+05 -1.382122178260280880e-02
6.677000000000000000e+03 1.380181697252326703e+05 -1.411803040296355331e-02
6.678000000000000000e+03 1.380388404111283307e+05 -1.343750024639445151e-02
6.679000000000000000e+03 1.380595110970239912e+05 -1.191203164810639148e-02
6.680000000000000000e+03 1.380801817829196516e+05 -9.855956517059949462e-03
6.681000000000000000e+03 1.381008524688153120e+05 -7.699525508705119294e-03
6.682000000000000000e+03 1.381215231547109724e+05 -5.897574414943207444e-03
6.683000000000000000e+03 1.381421938406066329e+05 -4.832412857103784987e-03
6.684000000000000000e+03 1.381628645265022933e+05 -4.731768141381986759e-03
6.685000000000000000e+03 1.381835352123979537e+05 -5.619405668638943752e-03
6.686000000000000000e+03 1.382042058982936142e+05 -7.309105543111815706e-03
6.687000000000000000e+03 1.382248765841892746e+05 -9.443503629879890227e-03
6.688000000000000000e+03 1.382455472700849350e+05 -1.156976810619503304e-02
6.689000000000000000e+03 1.382662179559805954e+05 -1.323611601594859577e-02
6.690000000000000000e+03 1.382868886418762559e+05 -1.408850579014825355e-02
6.691000000000000000e+03 1.383075593277719163e+05 -1.394660820312171312e-02
6.692000000000000000e+03 1.383282300136675767e+05 -1.284253149438957520e-02
6.693000000000000000e+03 1.383489006995632371e+05 -1.101383846220199692e-02
6.694000000000000000e+03 1.383695713854588976e+05 -8.852357603733651548e-03
6.695000000000000000e+03 1.383902420713545580e+05 -6.819936464958376021e-03
6.696000000000000000e+03 1.384109127572502184e+05 -5.349454433135281128e-03
6.697000000000000000e+03 1.384315834431458788e+05 -4.752503404558239275e-03
6.698000000000000000e+03 1.384522541290415393e+05 -5.153524568830336605e-03
6.699000000000000000e+03 1.384729248149371997e+05 -6.464332414165441243e-03
6.700000000000000000e+03 1.384935955008328601e+05 -8.404231381042848170e-03
6.701000000000000000e+03 1.385142661867285206e+05 -1.056119327063681501e-02
6.702000000000000000e+03 1.385349368726241810e+05 -1.248079926598094636e-02
6.703000000000000000e+03 1.385556075585198414e+05 -1.376368968178926129e-02
6.704000000000000000e+03 1.385762782444155018e+05 -1.415045197411407552e-02
6.705000000000000000e+03 1.385969489303111623e+05 -1.357569141545322995e-02
6.706000000000000000e+03 1.386176196162068227e+05 -1.217986587529884535e-02
6.707000000000000000e+03 1.386382903021024831e+05 -1.027676970079072216e-02
6.708000000000000000e+03 1.386589609879981435e+05 -8.284219813455173664e-03
6.709000000000000000e+03 1.386796316738938040e+05 -6.633380581709813484e-03
6.710000000000000000e+03 1.387003023597894644e+05 -5.676541994699246807e-03
6.711000000000000000e+03 1.387209730456851248e+05 -5.613145121498464007e-03
6.712000000000000000e+03 1.387416437315807852e+05 -6.449570174996144267e-03
6.713000000000000000e+03 1.387623144174764457e+05 -8.000737041117256254e-03
6.714000000000000000e+03 1.387829851033721061e+05 -9.932571565582248851e-03
6.715000000000000000e+03 1.388036557892677665e+05 -1.183572239559804729e-02
6.716000000000000000e+03 1.388243264751634269e+05 -1.331433859738129048e-02
6.717000000000000000e+03 1.388449971610590874e+05 -1.407063203352776522e-02
6.718000000000000000e+03 1.388656678469547478e+05 -1.396705473445902963e-02
6.719000000000000000e+03 1.388863385328504082e+05 -1.305299079647892491e-02
6.720000000000000000e+03 1.389070092187460687e+05 -1.155074378116333067e-02
6.721000000000000000e+03 1.389276799046417291e+05 -9.804513902489653265e-03
6.722000000000000000e+03 1.389483505905373895e+05 -8.204027243244926826e-03
6.723000000000000000e+03 1.389690212764330499e+05 -7.099766110318318259e-03
6.724000000000000000e+03 1.389896919623287104e+05 -6.728244673055827629e-03
6.725000000000000000e+03 1.390103626482243708e+05 -7.163246364437159119e-03
6.726000000000000000e+03 1.390310333341200312e+05 -8.303059215020558437e-03
6.727000000000000000e+03 1.390517040200156916e+05 -9.895856885405063252e-03
6.728000000000000000e+03 1.390723747059113521e+05 -1.159715514289338945e-02
6.729000000000000000e+03 1.390930453918070125e+05 -1.304642507621389669e-02
6.730000000000000000e+03 1.391137160777026729e+05 -1.394591011666368278e-02
6.731000000000000000e+03 1.391343867635983333e+05 -1.412437500239771548e-02
6.732000000000000000e+03 1.391550574494939938e+05 -1.357201218157699611e-02
6.733000000000000000e+03 1.391757281353896542e+05 -1.243926478731205432e-02
6.734000000000000000e+03 1.391963988212853146e+05 -1.100040779740263375e-02
6.735000000000000000e+03 1.392170695071809751e+05 -9.590527249170421875e-03
6.736000000000000000e+03 1.392377401930766355e+05 -8.530299402355834282e-03
6.737000000000000000e+03 1.392584108789722959e+05 -8.055428664432429109e-03
6.738000000000000000e+03 1.392790815648679563e+05 -8.266267189339870924e-03
6.739000000000000000e+03 1.392997522507636168e+05 -9.108400923597270715e-03
6.740000000000000000e+03 1.393204229366592772e+05 -1.038797207007419177e-02
6.741000000000000000e+03 1.393410936225549376e+05 -1.181777653149368446e-02
6.742000000000000000e+03 1.393617643084505980e+05 -1.308339420568255251e-02
6.743000000000000000e+03 1.393824349943462585e+05 -1.391425254718509259e-02
6.744000000000000000e+03 1.394031056802419189e+05 -1.414357259885584868e-02
6.745000000000000000e+03 1.394237763661375793e+05 -1.374383872094492483e-02
6.746000000000000000e+03 1.394444470520332397e+05 -1.283015312242224981e-02
6.747000000000000000e+03 1.394651177379289002e+05 -1.163124480716254405e-02
6.748000000000000000e+03 1.394857884238245606e+05 -1.043526725653504128e-02
6.749000000000000000e+03 1.395064591097202210e+05 -9.523137011207161162e-03
6.750000000000000000e+03 1.395271297956158814e+05 -9.104769511312837960e-03
6.751000000000000000e+03 1.395478004815115419e+05 -9.272626965164121327e-03
6.752000000000000000e+03 1.395684711674072023e+05 -9.982811861621920801e-03
6.753000000000000000e+03 1.395891418533028627e+05 -1.106754260699321923e-02
6.754000000000000000e+03 1.396098125391985232e+05 -1.227569888408991394e-02
6.755000000000000000e+03 1.396304832250941836e+05 -1.333180753615609282e-02
6.756000000000000000e+03 1.396511539109898440e+05 -1.399975163747285874e-02
6.757000000000000000e+03 1.396718245968855044e+05 -1.413654824974375050e-02
6.758000000000000000e+03 1.396924952827811649e+05 -1.372397148799597844e-02
6.759000000000000000e+03 1.397131659686768253e+05 -1.287102494253089535e-02
6.760000000000000000e+03 1.397338366545724857e+05 -1.178705579914107737e-02
6.761000000000000000e+03 1.397545073404681461e+05 -1.073205824565881539e-02
6.762000000000000000e+03 1.397751780263638066e+05 -9.955871220878154126e-03
6.763000000000000000e+03 1.397958487122594670e+05 -9.640371016836457585e-03
6.764000000000000000e+03 1.398165193981551274e+05 -9.857897375208146684e-03
6.765000000000000000e+03 1.398371900840507878e+05 -1.055529891870166104e-02
6.766000000000000000e+03 1.398578607699464483e+05 -1.156706464461010331e-02
6.767000000000000000e+03 1.398785314558421087e+05 -1.265436468317149288e-02
6.768000000000000000e+03 1.398992021417377691e+05 -1.356092623221361038e-02
6.769000000000000000e+03 1.399198728276334296e+05 -1.407283168958761883e-02
6.770000000000000000e+03 1.399405435135290900e+05 -1.406842610133085709e-02
6.771000000000000000e+03 1.399612141994247504e+05 -1.354679065606912043e-02
6.772000000000000000e+03 1.399818848853204108e+05 -1.262817491880630083e-02
6.773000000000000000e+03 1.400025555712160713e+05 -1.152625003166751760e-02
6.774000000000000000e+03 1.400232262571117317e+05 -1.049855268553678833e-02
6.775000000000000000e+03 1.400438969430073921e+05 -9.786529914785346840e-03
6.776000000000000000e+03 1.400645676289030525e+05 -9.559007895382110043e-03
6.777000000000000000e+03 1.400852383147987130e+05 -9.872153632084490482e-03
6.778000000000000000e+03 1.401059090006943734e+05 -1.065526957846163469e-02
6.779000000000000000e+03 1.401265796865900338e+05 -1.172590911786985934e-02
6.780000000000000000e+03 1.401472503724856942e+05 -1.283112259565466484e-02
6.781000000000000000e+03 1.401679210583813547e+05 -1.370561255673807821e-02
6.782000000000000000e+03 1.401885917442770151e+05 -1.413355668384108817e-02
6.783000000000000000e+03 1.402092624301726755e+05 -1.399981084660828490e-02
6.784000000000000000e+03 1.402299331160683359e+05 -1.331844652573399568e-02
6.785000000000000000e+03 1.402506038019639964e+05 -1.223165547968518840e-02
6.786000000000000000e+03 1.402712744878596568e+05 -1.097883398666921195e-02
6.787000000000000000e+03 1.402919451737553172e+05 -9.842578044572503071e-03
6.788000000000000000e+03 1.403126158596509777e+05 -9.083760604304658148e-03
6.789000000000000000e+03 1.403332865455466381e+05 -8.880537677794231310e-03
6.790000000000000000e+03 1.403539572314422985e+05 -9.285409654010423619e-03
6.791000000000000000e+03 1.403746279173379589e+05 -1.021050976649001685e-02
6.792000000000000000e+03 1.403952986032336194e+05 -1.144498892076811769e-02
6.793000000000000000e+03 1.404159692891292798e+05 -1.270109894247867244e-02
6.794000000000000000e+03 1.404366399750249402e+05 -1.367894329962165978e-02
6.795000000000000000e+03 1.404573106609206006e+05 -1.413537402099091130e-02
6.796000000000000000e+03 1.404779813468162611e+05 -1.394125927767514428e-02
6.797000000000000000e+03 1.404986520327119215e+05 -1.311371383469966956e-02
6.798000000000000000e+03 1.405193227186075819e+05 -1.181540886015558511e-02
6.799000000000000000e+03 1.405399934045032423e+05 -1.032052545975908897e-02
6.800000000000000000e+03 1.405606640903989028e+05 -8.954575160092959063e-03
6.801000000000000000e+03 1.405813347762945632e+05 -8.021394666085535086e-03
6.802000000000000000e+03 1.406020054621902236e+05 -7.733706835471587659e-03
6.803000000000000000e+03 1.406226761480858841e+05 -8.163015671838635967e-03
6.804000000000000000e+03 1.406433468339815445e+05 -9.220432073152262653e-03
6.805000000000000000e+03 1.406640175198772049e+05 -1.067325163726651205e-02
6.806000000000000000e+03 1.406846882057728653e+05 -1.219419385603437433e-02
6.807000000000000000e+03 1.407053588916685258e+05 -1.343285906746727321e-02
6.808000000000000000e+03 1.407260295775641862e+05 -1.409378769714064554e-02
6.809000000000000000e+03 1.407467002634598466e+05 -1.400373342876970288e-02
6.810000000000000000e+03 1.407673709493555070e+05 -1.315288140761228242e-02
6.811000000000000000e+03 1.407880416352511675e+05 -1.170034982098866472e-02
6.812000000000000000e+03 1.408087123211468279e+05 -9.942179644561455198e-03
6.813000000000000000e+03 1.408293830070424883e+05 -8.248380714560687998e-03
6.814000000000000000e+03 1.408500536929381487e+05 -6.982571317076525542e-03
6.815000000000000000e+03 1.408707243788338092e+05 -6.421739996479602919e-03
6.816000000000000000e+03 1.408913950647294696e+05 -6.693782065807452053e-03
6.817000000000000000e+03 1.409120657506251300e+05 -7.746727522361884777e-03
6.818000000000000000e+03 1.409327364365207904e+05 -9.356829080315487435e-03
6.819000000000000000e+03 1.409534071224164509e+05 -1.117434872652606215e-02
6.820000000000000000e+03 1.409740778083121113e+05 -1.279768275983750314e-02
6.821000000000000000e+03 1.409947484942077717e+05 -1.386012276477499756e-02
6.822000000000000000e+03 1.410154191801034322e+05 -1.411049102555639485e-02
6.823000000000000000e+03 1.410360898659990926e+05 -1.346989526324415820e-02
6.824000000000000000e+03 1.410567605518947530e+05 -1.205179844080306317e-02
6.825000000000000000e+03 1.410774312377904134e+05 -1.014046093629683565e-02
6.826000000000000000e+03 1.410981019236860739e+05 -8.131878093942834784e-03
6.827000000000000000e+03 1.411187726095817343e+05 -6.449606778510863503e-03
6.828000000000000000e+03 1.411394432954773947e+05 -5.453494864345820314e-03
6.829000000000000000e+03 1.411601139813730551e+05 -5.361028273640100483e-03
6.830000000000000000e+03 1.411807846672687156e+05 -6.198432356720684488e-03
6.831000000000000000e+03 1.412014553531643760e+05 -7.792411728081649613e-03
6.832000000000000000e+03 1.412221260390600364e+05 -9.804825084997026430e-03
6.833000000000000000e+03 1.412427967249556968e+05 -1.180341752003311040e-02
6.834000000000000000e+03 1.412634674108513573e+05 -1.335384580566245476e-02
6.835000000000000000e+03 1.412841380967470177e+05 -1.411334812987863514e-02
6.836000000000000000e+03 1.413048087826426781e+05 -1.390571736951667914e-02
6.837000000000000000e+03 1.413254794685383386e+05 -1.276102782563165450e-02
6.838000000000000000e+03 1.413461501544339990e+05 -1.091108427697107253e-02
6.839000000000000000e+03 1.413668208403296594e+05 -8.741175824411140383e-03
6.840000000000000000e+03 1.413874915262253198e+05 -6.708298276329349719e-03
6.841000000000000000e+03 1.414081622121209803e+05 -5.243405951929958064e-03
6.842000000000000000e+03 1.414288328980166407e+05 -4.658787657217167144e-03
6.843000000000000000e+03 1.414495035839123011e+05 -5.080561097568159212e-03
6.844000000000000000e+03 1.414701742698079615e+05 -6.420866361449673043e-03
6.845000000000000000e+03 1.414908449557036220e+05 -8.395856283237412843e-03
6.846000000000000000e+03 1.415115156415992824e+05 -1.058581875255731886e-02
6.847000000000000000e+03 1.415321863274949428e+05 -1.252470844501935021e-02
6.848000000000000000e+03 1.415528570133906032e+05 -1.379991411394260181e-02
6.849000000000000000e+03 1.415735276992862637e+05 -1.414071912299458278e-02
6.850000000000000000e+03 1.415941983851819241e+05 -1.347626799857876145e-02
6.851000000000000000e+03 1.416148690710775845e+05 -1.195047122753450930e-02
6.852000000000000000e+03 1.416355397569732449e+05 -9.890688035247174881e-03
6.853000000000000000e+03 1.416562104428689054e+05 -7.737111541373797863e-03
6.854000000000000000e+03 1.416768811287645658e+05 -5.948292708427893594e-03
6.855000000000000000e+03 1.416975518146602262e+05 -4.903289934877541612e-03
6.856000000000000000e+03 1.417182225005558867e+05 -4.821443394218638545e-03
6.857000000000000000e+03 1.417388931864515471e+05 -5.716749477295945958e-03
6.858000000000000000e+03 1.417595638723472075e+05 -7.396262982180545030e-03
6.859000000000000000e+03 1.417802345582428679e+05 -9.502552326999036403e-03
6.860000000000000000e+03 1.418009052441385284e+05 -1.159090469391843570e-02
6.861000000000000000e+03 1.418215759300341888e+05 -1.322461321729917483e-02
6.862000000000000000e+03 1.418422466159298492e+05 -1.406784706549057788e-02
6.863000000000000000e+03 1.418629173018255096e+05 -1.395620254890383993e-02
6.864000000000000000e+03 1.418835879877211701e+05 -1.292997175658239239e-02
6.865000000000000000e+03 1.419042586736168305e+05 -1.122333957786270098e-02
6.866000000000000000e+03 1.419249293595124909e+05 -9.212294781692775825e-03
6.867000000000000000e+03 1.419456000454081513e+05 -7.332902356266213229e-03
6.868000000000000000e+03 1.419662707313038118e+05 -5.987803779872458154e-03
6.869000000000000000e+03 1.419869414171994722e+05 -5.461067823664345067e-03
6.870000000000000000e+03 1.420076121030951326e+05 -5.859406245245779576e-03
6.871000000000000000e+03 1.420282827889907931e+05 -7.091884822580662127e-03
6.872000000000000000e+03 1.420489534748864535e+05 -8.891953301755128880e-03
6.873000000000000000e+03 1.420696241607821139e+05 -1.087663524937881876e-02
6.874000000000000000e+03 1.420902948466777743e+05 -1.262987577742447076e-02
6.875000000000000000e+03 1.421109655325734348e+05 -1.379196018909023547e-02
6.876000000000000000e+03 1.421316362184690952e+05 -1.413571364233567711e-02
6.877000000000000000e+03 1.421523069043647556e+05 -1.361318723460980262e-02
6.878000000000000000e+03 1.421729775902604160e+05 -1.236308573538402733e-02
6.879000000000000000e+03 1.421936482761560765e+05 -1.067782910845371802e-02
6.880000000000000000e+03 1.422143189620517369e+05 -8.937936593054862655e-03
6.881000000000000000e+03 1.422349896479473973e+05 -7.528433252423917012e-03
6.882000000000000000e+03 1.422556603338430577e+05 -6.755671407530861039e-03
6.883000000000000000e+03 1.422763310197387182e+05 -6.782570259440512395e-03
6.884000000000000000e+03 1.422970017056343786e+05 -7.595989626133059502e-03
6.885000000000000000e+03 1.423176723915300390e+05 -9.012801818059523740e-03
6.886000000000000000e+03 1.423383430774256994e+05 -1.072278694341688432e-02
6.887000000000000000e+03 1.423590137633213599e+05 -1.235852502965789634e-02
6.888000000000000000e+03 1.423796844492170203e+05 -1.357666297364140857e-02
6.889000000000000000e+03 1.424003551351126807e+05 -1.413256735369222694e-02
6.890000000000000000e+03 1.424210258210083412e+05 -1.393200260919241588e-02
6.891000000000000000e+03 1.424416965069040016e+05 -1.304875583462866695e-02
6.892000000000000000e+03 1.424623671927996620e+05 -1.170485475380872442e-02
6.893000000000000000e+03 1.424830378786953224e+05 -1.021841404692974686e-02
6.894000000000000000e+03 1.425037085645909829e+05 -8.931280343588865467e-03
6.895000000000000000e+03 1.425243792504866433e+05 -8.132923888210685792e-03
6.896000000000000000e+03 1.425450499363823037e+05 -7.997531276227098918e-03
6.897000000000000000e+03 1.425657206222779641e+05 -8.547973651441942433e-03
6.898000000000000000e+03 1.425863913081736246e+05 -9.654101215224974997e-03
6.899000000000000000e+03 1.426070619940692850e+05 -1.106508850207416073e-02
6.900000000000000000e+03 1.426277326799649454e+05 -1.246801935490210456e-02
6.901000000000000000e+03 1.426484033658606058e+05 -1.355917896955432904e-02
6.902000000000000000e+03 1.426690740517562663e+05 -1.411186612563081026e-02
6.903000000000000000e+03 1.426897447376519267e+05 -1.402555281126732778e-02
6.904000000000000000e+03 1.427104154235475871e+05 -1.334566363492600653e-02
6.905000000000000000e+03 1.427310861094432476e+05 -1.225007358641927446e-02
6.906000000000000000e+03 1.427517567953389080e+05 -1.100602529633065707e-02
6.907000000000000000e+03 1.427724274812345684e+05 -9.907785908125466001e-03
6.908000000000000000e+03 1.427930981671302288e+05 -9.209503448091904687e-03
6.909000000000000000e+03 1.428137688530258893e+05 -9.068499248729211537e-03
6.910000000000000000e+03 1.428344395389215497e+05 -9.511566086549017029e-03
6.911000000000000000e+03 1.428551102248172101e+05 -1.043143178001526561e-02
6.912000000000000000e+03 1.428757809107128705e+05 -1.161366248691353409e-02
6.913000000000000000e+03 1.428964515966085310e+05 -1.278744873173853769e-02
6.914000000000000000e+03 1.429171222825041914e+05 -1.368842780784684798e-02
6.915000000000000000e+03 1.429377929683998518e+05 -1.411911017600797624e-02
6.916000000000000000e+03 1.429584636542955122e+05 -1.399317575539338332e-02
6.917000000000000000e+03 1.429791343401911727e+05 -1.335372634392728575e-02
6.918000000000000000e+03 1.429998050260868331e+05 -1.236163214069752048e-02
6.919000000000000000e+03 1.430204757119824935e+05 -1.125698504553029888e-02
6.920000000000000000e+03 1.430411463978781539e+05 -1.030278249743787899e-02
6.921000000000000000e+03 1.430618170837738144e+05 -9.723921818171721299e-03
6.922000000000000000e+03 1.430824877696694748e+05 -9.655513679122984527e-03
6.923000000000000000e+03 1.431031584555651352e+05 -1.011226504171491847e-02
6.924000000000000000e+03 1.431238291414607957e+05 -1.098579994655135561e-02
6.925000000000000000e+03 1.431444998273564561e+05 -1.207040170231510334e-02
6.926000000000000000e+03 1.431651705132521165e+05 -1.311118949941980638e-02
6.927000000000000000e+03 1.431858411991477769e+05 -1.386361585785655937e-02
6.928000000000000000e+03 1.432065118850434374e+05 -1.415054926165681959e-02
6.929000000000000000e+03 1.432271825709390978e+05 -1.390371914678079079e-02
6.930000000000000000e+03 1.432478532568347582e+05 -1.317987047774349385e-02
6.931000000000000000e+03 1.432685239427304186e+05 -1.214780415864813445e-02
6.932000000000000000e+03 1.432891946286260791e+05 -1.104922516613338068e-02
6.933000000000000000e+03 1.433098653145217395e+05 -1.014241250439740227e-02
6.934000000000000000e+03 1.433305360004173999e+05 -9.641739800145154859e-03
6.935000000000000000e+03 1.433512066863130603e+05 -9.667078819421193181e-03
6.936000000000000000e+03 1.433718773722087208e+05 -1.021488947950749404e-02
6.937000000000000000e+03 1.433925480581043812e+05 -1.115786294131032585e-02
6.938000000000000000e+03 1.434132187440000416e+05 -1.227345664074536158e-02
6.939000000000000000e+03 1.434338894298957021e+05 -1.329499583402654617e-02
6.940000000000000000e+03 1.434545601157913625e+05 -1.397371439311262571e-02
6.941000000000000000e+03 1.434752308016870229e+05 -1.413740793938528251e-02
6.942000000000000000e+03 1.434959014875826833e+05 -1.373196284738104067e-02
6.943000000000000000e+03 1.435165721734783438e+05 -1.283583804629578884e-02
6.944000000000000000e+03 1.435372428593740042e+05 -1.164376981638309827e-02
6.945000000000000000e+03 1.435579135452696646e+05 -1.042311181201699410e-02
6.946000000000000000e+03 1.435785842311653250e+05 -9.452636179789031257e-03
6.947000000000000000e+03 1.435992549170609855e+05 -8.957790954403133110e-03
6.948000000000000000e+03 1.436199256029566459e+05 -9.057354012996288173e-03
6.949000000000000000e+03 1.436405962888523063e+05 -9.733936004195975489e-03
6.950000000000000000e+03 1.436612669747479667e+05 -1.083544652788076545e-02
6.951000000000000000e+03 1.436819376606436272e+05 -1.210764837176897535e-02
6.952000000000000000e+03 1.437026083465392876e+05 -1.325082411730410525e-02
6.953000000000000000e+03 1.437232790324349480e+05 -1.398794934220709725e-02
6.954000000000000000e+03 1.437439497183306084e+05 -1.412891468259452714e-02
6.955000000000000000e+03 1.437646204042262689e+05 -1.361598855609868867e-02
6.956000000000000000e+03 1.437852910901219293e+05 -1.253978667499333621e-02
6.957000000000000000e+03 1.438059617760175897e+05 -1.112162125486837461e-02
6.958000000000000000e+03 1.438266324619132502e+05 -9.665739148591478980e-03
6.959000000000000000e+03 1.438473031478089106e+05 -8.491866475772491540e-03
6.960000000000000000e+03 1.438679738337045710e+05 -7.863061078102751011e-03
6.961000000000000000e+03 1.438886445196002314e+05 -7.925083395245224871e-03
6.962000000000000000e+03 1.439093152054958919e+05 -8.671076050538850666e-03
6.963000000000000000e+03 1.439299858913915523e+05 -9.939856196057972326e-03
6.964000000000000000e+03 1.439506565772872127e+05 -1.144877275519740056e-02
6.965000000000000000e+03 1.439713272631828731e+05 -1.285442481401444237e-02
6.966000000000000000e+03 1.439919979490785336e+05 -1.382821726109018101e-02
6.967000000000000000e+03 1.440126686349741940e+05 -1.413016455832716289e-02
6.968000000000000000e+03 1.440333393208698544e+05 -1.366442009728585476e-02
6.969000000000000000e+03 1.440540100067655148e+05 -1.250378554982478629e-02
6.970000000000000000e+03 1.440746806926611753e+05 -1.087716182009063060e-02
6.971000000000000000e+03 1.440953513785568357e+05 -9.122073805185537676e-03
6.972000000000000000e+03 1.441160220644524961e+05 -7.612214369308423212e-03
6.973000000000000000e+03 1.441366927503481566e+05 -6.675641681300247508e-03
6.974000000000000000e+03 1.441573634362438170e+05 -6.521531344547637499e-03
6.975000000000000000e+03 1.441780341221394774e+05 -7.191724549270805955e-03
6.976000000000000000e+03 1.441987048080351378e+05 -8.548108614472638145e-03
6.977000000000000000e+03 1.442193754939307983e+05 -1.029923671311439026e-02
6.978000000000000000e+03 1.442400461798264587e+05 -1.206111672737697482e-02
6.979000000000000000e+03 1.442607168657221191e+05 -1.343953042021917010e-02
6.980000000000000000e+03 1.442813875516177795e+05 -1.411623421955443547e-02
6.981000000000000000e+03 1.443020582375134400e+05 -1.392014509814565315e-02
6.982000000000000000e+03 1.443227289234091004e+05 -1.286754224051200879e-02
6.983000000000000000e+03 1.443433996093047608e+05 -1.116187065665630307e-02
6.984000000000000000e+03 1.443640702952004212e+05 -9.152514695037416992e-03
6.985000000000000000e+03 1.443847409810960817e+05 -7.260979996283055925e-03
6.986000000000000000e+03 1.444054116669917421e+05 -5.890236650527680418e-03
6.987000000000000000e+03 1.444260823528874025e+05 -5.336855484259661608e-03
6.988000000000000000e+03 1.444467530387830629e+05 -5.725131370817093668e-03
6.989000000000000000e+03 1.444674237246787234e+05 -6.977763155871507215e-03
6.990000000000000000e+03 1.444880944105743838e+05 -8.829890378677374141e-03
6.991000000000000000e+03 1.445087650964700442e+05 -1.088400733630773276e-02
6.992000000000000000e+03 1.445294357823657047e+05 -1.269438608686485059e-02
6.993000000000000000e+03 1.445501064682613651e+05 -1.386302508718223470e-02
6.994000000000000000e+03 1.445707771541570255e+05 -1.412632567631216807e-02
6.995000000000000000e+03 1.445914478400526859e+05 -1.341344656146631516e-02
6.996000000000000000e+03 1.446121185259483464e+05 -1.186330932450679887e-02
6.997000000000000000e+03 1.446327892118440068e+05 -9.796217762197023671e-03
6.998000000000000000e+03 1.446534598977396672e+05 -7.646006962244600302e-03
6.999000000000000000e+03 1.446741305836353276e+05 -5.867320438268985860e-03
7.000000000000000000e+03 1.446948012695309881e+05 -4.838064411985198987e-03
7.001000000000000000e+03 1.447154719554266485e+05 -4.778099320078443846e-03
7.002000000000000000e+03 1.447361426413223089e+05 -5.701653615016066823e-03
7.003000000000000000e+03 1.447568133272179693e+05 -7.413673540602516709e-03
7.004000000000000000e+03 1.447774840131136298e+05 -9.550955661668303343e-03
7.005000000000000000e+03 1.447981546990092902e+05 -1.165936964669200826e-02
7.006000000000000000e+03 1.448188253849049506e+05 -1.329071228627831842e-02
7.007000000000000000e+03 1.448394960708006111e+05 -1.409841760186525406e-02
7.008000000000000000e+03 1.448601667566962715e+05 -1.391151358344122624e-02
7.009000000000000000e+03 1.448808374425919319e+05 -1.277090265827018900e-02
7.010000000000000000e+03 1.449015081284875923e+05 -1.092022375183732130e-02
7.011000000000000000e+03 1.449221788143832528e+05 -8.753402400047682885e-03
7.012000000000000000e+03 1.449428495002789132e+05 -6.730335902498441047e-03
7.013000000000000000e+03 1.449635201861745736e+05 -5.278944271964902679e-03
7.014000000000000000e+03 1.449841908720702340e+05 -4.704577238312135368e-03
7.015000000000000000e+03 1.450048615579658945e+05 -5.125975470966215308e-03
7.016000000000000000e+03 1.450255322438615549e+05 -6.451157177836897016e-03
7.017000000000000000e+03 1.450462029297572153e+05 -8.398079696615601275e-03
7.018000000000000000e+03 1.450668736156528757e+05 -1.055548881300266695e-02
7.019000000000000000e+03 1.450875443015485362e+05 -1.247090206214179764e-02
7.020000000000000000e+03 1.451082149874441966e+05 -1.374691104267444612e-02
7.021000000000000000e+03 1.451288856733398570e+05 -1.412520893012303262e-02
7.022000000000000000e+03 1.451495563592355174e+05 -1.354041775975023398e-02
7.023000000000000000e+03 1.451702270451311779e+05 -1.213235622768571442e-02
7.024000000000000000e+03 1.451908977310268383e+05 -1.021440195192957479e-02
7.025000000000000000e+03 1.452115684169224987e+05 -8.205076234006514202e-03
7.026000000000000000e+03 1.452322391028181592e+05 -6.537842321059861295e-03
7.027000000000000000e+03 1.452529097887138196e+05 -5.568646022468815016e-03
7.028000000000000000e+03 1.452735804746094800e+05 -5.500983513784141188e-03
7.029000000000000000e+03 1.452942511605051404e+05 -6.344291197204698918e-03
7.030000000000000000e+03 1.453149218464008009e+05 -7.914184843362814803e-03
7.031000000000000000e+03 1.453355925322964613e+05 -9.874116714050806820e-03
7.032000000000000000e+03 1.453562632181921217e+05 -1.180921015045588440e-02
7.033000000000000000e+03 1.453769339040877821e+05 -1.331617243555482943e-02
7.034000000000000000e+03 1.453976045899834426e+05 -1.408975852696853215e-02
7.035000000000000000e+03 1.454182752758791030e+05 -1.398707976466001535e-02
7.036000000000000000e+03 1.454389459617747634e+05 -1.305599902529447354e-02
7.037000000000000000e+03 1.454596166476704238e+05 -1.152182951813457423e-02
7.038000000000000000e+03 1.454802873335660843e+05 -9.735755443417926092e-03
7.039000000000000000e+03 1.455009580194617447e+05 -8.096748907623296798e-03
7.040000000000000000e+03 1.455216287053574051e+05 -6.964403166197953056e-03
7.041000000000000000e+03 1.455422993912530656e+05 -6.581808025080293501e-03
7.042000000000000000e+03 1.455629700771487260e+05 -7.025064460582652881e-03
7.043000000000000000e+03 1.455836407630443864e+05 -8.189951698054531715e-03
7.044000000000000000e+03 1.456043114489400468e+05 -9.818035292663840341e-03
7.045000000000000000e+03 1.456249821348357073e+05 -1.155591832941177399e-02
7.046000000000000000e+03 1.456456528207313677e+05 -1.303419341056660796e-02
7.047000000000000000e+03 1.456663235066270281e+05 -1.394848074623428191e-02
7.048000000000000000e+03 1.456869941925226885e+05 -1.412468049238707613e-02
7.049000000000000000e+03 1.457076648784183490e+05 -1.355430523819028954e-02
7.050000000000000000e+03 1.457283355643140094e+05 -1.239262839371452207e-02
7.051000000000000000e+03 1.457490062502096698e+05 -1.092078428211706864e-02
7.052000000000000000e+03 1.457696769361053302e+05 -9.480951203911236469e-03
7.053000000000000000e+03 1.457903476220009907e+05 -8.399535358864507195e-03
7.054000000000000000e+03 1.458110183078966511e+05 -7.915594338827713905e-03
7.055000000000000000e+03 1.458316889937923115e+05 -8.130171679660902484e-03
7.056000000000000000e+03 1.458523596796879719e+05 -8.987238548366693891e-03
7.057000000000000000e+03 1.458730303655836324e+05 -1.028975887673566625e-02
7.058000000000000000e+03 1.458937010514792928e+05 -1.174661273022004071e-02
7.059000000000000000e+03 1.459143717373749532e+05 -1.303939557701994101e-02
7.060000000000000000e+03 1.459350424232706137e+05 -1.389389168302690263e-02
7.061000000000000000e+03 1.459557131091662741e+05 -1.414021831143363710e-02
7.062000000000000000e+03 1.459763837950619345e+05 -1.374842607547721585e-02
7.063000000000000000e+03 1.459970544809575949e+05 -1.283206322258967358e-02
7.064000000000000000e+03 1.460177251668532554e+05 -1.161953019714623281e-02
7.065000000000000000e+03 1.460383958527489158e+05 -1.040027846954827417e-02
7.066000000000000000e+03 1.460590665386445762e+05 -9.458410266245886877e-03
7.067000000000000000e+03 1.460797372245402366e+05 -9.008807480249736432e-03
7.068000000000000000e+03 1.461004079104358971e+05 -9.150051998782771090e-03
7.069000000000000000e+03 1.461210785963315575e+05 -9.844382744336355184e-03
7.070000000000000000e+03 1.461417492822272179e+05 -1.092873528962623464e-02
7.071000000000000000e+03 1.461624199681228783e+05 -1.215392106443535791e-02
7.072000000000000000e+03 1.461830906540185388e+05 -1.324274410922532397e-02
7.073000000000000000e+03 1.462037613399141992e+05 -1.395368396107976409e-02
7.074000000000000000e+03 1.462244320258098596e+05 -1.413562400756396276e-02
7.075000000000000000e+03 1.462451027117055201e+05 -1.376124976850645436e-02
7.076000000000000000e+03 1.462657733976011805e+05 -1.293169983887521024e-02
7.077000000000000000e+03 1.462864440834968409e+05 -1.185168173297901362e-02
7.078000000000000000e+03 1.463071147693925013e+05 -1.078103308138633754e-02
7.079000000000000000e+03 1.463277854552881618e+05 -9.974055621453814524e-03
7.080000000000000000e+03 1.463484561411838222e+05 -9.620655360626395591e-03
7.081000000000000000e+03 1.463691268270794826e+05 -9.802795462082625200e-03
7.082000000000000000e+03 1.463897975129751430e+05 -1.047617287289781540e-02
7.083000000000000000e+03 1.464104681988708035e+05 -1.148121568032250961e-02
7.084000000000000000e+03 1.464311388847664639e+05 -1.258078052809802339e-02
7.085000000000000000e+03 1.464518095706621243e+05 -1.351580277940350912e-02
7.086000000000000000e+03 1.464724802565577847e+05 -1.406599632423716391e-02
7.087000000000000000e+03 1.464931509424534452e+05 -1.410149013478450945e-02
7.088000000000000000e+03 1.465138216283491056e+05 -1.361334926136975772e-02
7.089000000000000000e+03 1.465344923142447660e+05 -1.271581657949055755e-02
7.090000000000000000e+03 1.465551630001404264e+05 -1.161970068849355053e-02
7.091000000000000000e+03 1.465758336860360869e+05 -1.058307844428524325e-02
7.092000000000000000e+03 1.465965043719317473e+05 -9.850786670047850802e-03
7.093000000000000000e+03 1.466171750578274077e+05 -9.596799609497719263e-03
7.094000000000000000e+03 1.466378457437230682e+05 -9.882928396622470135e-03
7.095000000000000000e+03 1.466585164296187286e+05 -1.064351728930307273e-02
7.096000000000000000e+03 1.466791871155143890e+05 -1.169983212019837238e-02
7.097000000000000000e+03 1.466998578014100494e+05 -1.280099532277018115e-02
7.098000000000000000e+03 1.467205284873057099e+05 -1.368215468319805388e-02
7.099000000000000000e+03 1.467411991732013703e+05 -1.412648858386961019e-02
7.100000000000000000e+03 1.467618698590970307e+05 -1.401662601978931333e-02
7.101000000000000000e+03 1.467825405449926911e+05 -1.336338665777420109e-02
7.102000000000000000e+03 1.468032112308883516e+05 -1.230492340650585215e-02
7.103000000000000000e+03 1.468238819167840120e+05 -1.107618522919551207e-02
7.104000000000000000e+03 1.468445526026796724e+05 -9.955514234264439821e-03
7.105000000000000000e+03 1.468652232885753328e+05 -9.200532438563668869e-03
7.106000000000000000e+03 1.468858939744709933e+05 -8.988016576192525697e-03
7.107000000000000000e+03 1.469065646603666537e+05 -9.371632216408576355e-03
7.108000000000000000e+03 1.469272353462623141e+05 -1.026741784336937524e-02
7.109000000000000000e+03 1.469479060321579746e+05 -1.147068789457417193e-02
7.110000000000000000e+03 1.469685767180536350e+05 -1.270093455949261596e-02
7.111000000000000000e+03 1.469892474039492954e+05 -1.366490240871476303e-02
7.112000000000000000e+03 1.470099180898449558e+05 -1.412372204608425448e-02
7.113000000000000000e+03 1.470305887757406163e+05 -1.394883383997969073e-02
7.114000000000000000e+03 1.470512594616362767e+05 -1.315374343576614091e-02
7.115000000000000000e+03 1.470719301475319371e+05 -1.189395992859820783e-02
7.116000000000000000e+03 1.470926008334275975e+05 -1.043459913269945138e-02
7.117000000000000000e+03 1.471132715193232580e+05 -9.092475239099673257e-03
7.118000000000000000e+03 1.471339422052189184e+05 -8.165376346993158396e-03
7.119000000000000000e+03 1.471546128911145788e+05 -7.864273477701522186e-03
7.120000000000000000e+03 1.471752835770102392e+05 -8.263753310542243380e-03
7.121000000000000000e+03 1.471959542629058997e+05 -9.282103185260959233e-03
7.122000000000000000e+03 1.472166249488015601e+05 -1.069606227658037589e-02
7.123000000000000000e+03 1.472372956346972205e+05 -1.218764873785249669e-02
7.124000000000000000e+03 1.472579663205928809e+05 -1.341328572665312358e-02
7.125000000000000000e+03 1.472786370064885414e+05 -1.408024960059028885e-02
7.126000000000000000e+03 1.472993076923842018e+05 -1.401347196393764975e-02
7.127000000000000000e+03 1.473199783782798622e+05 -1.319750219775250866e-02
7.128000000000000000e+03 1.473406490641755227e+05 -1.178368496917014951e-02
7.129000000000000000e+03 1.473613197500711831e+05 -1.006021708385651525e-02
7.130000000000000000e+03 1.473819904359668435e+05 -8.391038105365900002e-03
7.131000000000000000e+03 1.474026611218625039e+05 -7.136602724321815770e-03
7.132000000000000000e+03 1.474233318077581644e+05 -6.573842539115415384e-03
7.133000000000000000e+03 1.474440024936538248e+05 -6.833060467448915688e-03
7.134000000000000000e+03 1.474646731795494852e+05 -7.866014004263677251e-03
7.135000000000000000e+03 1.474853438654451456e+05 -9.452806059645157966e-03
7.136000000000000000e+03 1.475060145513408061e+05 -1.124682074853228242e-02
7.137000000000000000e+03 1.475266852372364665e+05 -1.284855960160263821e-02
7.138000000000000000e+03 1.475473559231321269e+05 -1.389264498027658994e-02
7.139000000000000000e+03 1.475680266090277873e+05 -1.412898035449600131e-02
7.140000000000000000e+03 1.475886972949234478e+05 -1.347995703646581896e-02
7.141000000000000000e+03 1.476093679808191082e+05 -1.206059726465685822e-02
7.142000000000000000e+03 1.476300386667147686e+05 -1.015657247091555915e-02
7.143000000000000000e+03 1.476507093526104291e+05 -8.164349599474707286e-03
7.144000000000000000e+03 1.476713800385060895e+05 -6.506193120746961434e-03
7.145000000000000000e+03 1.476920507244017499e+05 -5.538442817914157601e-03
7.146000000000000000e+03 1.477127214102974103e+05 -5.473094976971792924e-03
7.147000000000000000e+03 1.477333920961930708e+05 -6.329910458314991217e-03
7.148000000000000000e+03 1.477540627820887312e+05 -7.929740109908323120e-03
7.149000000000000000e+03 1.477747334679843916e+05 -9.930931111492902197e-03
7.150000000000000000e+03 1.477954041538800520e+05 -1.190138906613336101e-02
7.151000000000000000e+03 1.478160748397757125e+05 -1.341104427493044864e-02
7.152000000000000000e+03 1.478367455256713729e+05 -1.412482204143772520e-02
7.153000000000000000e+03 1.478574162115670333e+05 -1.387587176210702822e-02
7.154000000000000000e+03 1.478780868974626937e+05 -1.270294712359465450e-02
7.155000000000000000e+03 1.478987575833583542e+05 -1.084357171435734735e-02
7.156000000000000000e+03 1.479194282692540146e+05 -8.684251726303049423e-03
7.157000000000000000e+03 1.479400989551496750e+05 -6.678369641993310048e-03
7.158000000000000000e+03 1.479607696410453354e+05 -5.249424480540720861e-03
7.159000000000000000e+03 1.479814403269409959e+05 -4.700419427238589076e-03
7.160000000000000000e+03 1.480021110128366563e+05 -5.148797616508493658e-03
7.161000000000000000e+03 1.480227816987323167e+05 -6.500803458852233430e-03
7.162000000000000000e+03 1.480434523846279772e+05 -8.470767155553449168e-03
7.163000000000000000e+03 1.480641230705236376e+05 -1.064132356148833614e-02
7.164000000000000000e+03 1.480847937564192980e+05 -1.255188527304040846e-02
7.165000000000000000e+03 1.481054644423149584e+05 -1.379658655891013823e-02
7.166000000000000000e+03 1.481261351282106189e+05 -1.411076570913993682e-02
7.167000000000000000e+03 1.481468058141062793e+05 -1.342742283889497568e-02
7.168000000000000000e+03 1.481674765000019397e+05 -1.189151267741034301e-02
7.169000000000000000e+03 1.481881471858976001e+05 -9.829004502008686917e-03
7.170000000000000000e+03 1.482088178717932606e+05 -7.677378394025879092e-03
7.171000000000000000e+03 1.482294885576889210e+05 -5.892504791003172482e-03
7.172000000000000000e+03 1.482501592435845814e+05 -4.851862124907235785e-03
7.173000000000000000e+03 1.482708299294802418e+05 -4.774711501398687385e-03
7.174000000000000000e+03 1.482915006153759023e+05 -5.676102652228454115e-03
7.175000000000000000e+03 1.483121713012715627e+05 -7.364338152039573426e-03
7.176000000000000000e+03 1.483328419871672231e+05 -9.482338707396009703e-03
7.177000000000000000e+03 1.483535126730628836e+05 -1.158408793770704381e-02
7.178000000000000000e+03 1.483741833589585440e+05 -1.322985660640618732e-02
7.179000000000000000e+03 1.483948540448542044e+05 -1.407981700942096022e-02
7.180000000000000000e+03 1.484155247307498648e+05 -1.396593984587057857e-02
7.181000000000000000e+03 1.484361954166455253e+05 -1.292674663690651649e-02
7.182000000000000000e+03 1.484568661025411857e+05 -1.119756765445045765e-02
7.183000000000000000e+03 1.484775367884368461e+05 -9.158638896903936732e-03
7.184000000000000000e+03 1.484982074743325065e+05 -7.252516552024080611e-03
7.185000000000000000e+03 1.485188781602281670e+05 -5.888865450576763472e-03
7.186000000000000000e+03 1.485395488461238274e+05 -5.357239326995388851e-03
7.187000000000000000e+03 1.485602195320194878e+05 -5.766508379499657444e-03
7.188000000000000000e+03 1.485808902179151482e+05 -7.023646026043216771e-03
7.189000000000000000e+03 1.486015609038108087e+05 -8.856036111528908794e-03
7.190000000000000000e+03 1.486222315897064691e+05 -1.087212431987799599e-02
7.191000000000000000e+03 1.486429022756021295e+05 -1.264703102585512662e-02
7.192000000000000000e+03 1.486635729614977899e+05 -1.381439646413801410e-02
7.193000000000000000e+03 1.486842436473934504e+05 -1.414445610439313099e-02
7.194000000000000000e+03 1.487049143332891108e+05 -1.359149357442462729e-02
7.195000000000000000e+03 1.487255850191847712e+05 -1.230070209873551645e-02
7.196000000000000000e+03 1.487462557050804317e+05 -1.057352599559630013e-02
7.197000000000000000e+03 1.487669263909760921e+05 -8.799689708979929748e-03
7.198000000000000000e+03 1.487875970768717525e+05 -7.371298871133414622e-03
7.199000000000000000e+03 1.488082677627674129e+05 -6.598037397335665410e-03
7.200000000000000000e+03 1.488289384486630734e+05 -6.641855296974141787e-03
7.201000000000000000e+03 1.488496091345587338e+05 -7.484918488406156790e-03
7.202000000000000000e+03 1.488702798204543942e+05 -8.937119786794345266e-03
7.203000000000000000e+03 1.488909505063500546e+05 -1.068079953195255616e-02
7.204000000000000000e+03 1.489116211922457151e+05 -1.234231949782516047e-02
7.205000000000000000e+03 1.489322918781413755e+05 -1.357444700236032538e-02
7.206000000000000000e+03 1.489529625640370359e+05 -1.413136472349896255e-02
7.207000000000000000e+03 1.489736332499326963e+05 -1.392001091309302829e-02
7.208000000000000000e+03 1.489943039358283568e+05 -1.301693913472878883e-02
7.209000000000000000e+03 1.490149746217240172e+05 -1.164768863179976854e-02
7.210000000000000000e+03 1.490356453076196776e+05 -1.013398137240384411e-02
7.211000000000000000e+03 1.490563159935153381e+05 -8.821036017812033947e-03
7.212000000000000000e+03 1.490769866794109985e+05 -8.001386529295106964e-03
7.213000000000000000e+03 1.490976573653066589e+05 -7.851977656246622583e-03
7.214000000000000000e+03 1.491183280512023193e+05 -8.398012491892148379e-03
7.215000000000000000e+03 1.491389987370979798e+05 -9.510892328978670651e-03
7.216000000000000000e+03 1.491596694229936402e+05 -1.094001610205563857e-02
7.217000000000000000e+03 1.491803401088893006e+05 -1.237082394256694418e-02
7.218000000000000000e+03 1.492010107947849610e+05 -1.349583222583849995e-02
7.219000000000000000e+03 1.492216814806806215e+05 -1.408272340991434390e-02
7.220000000000000000e+03 1.492423521665762819e+05 -1.402441934991693895e-02
7.221000000000000000e+03 1.492630228524719423e+05 -1.336028789118903770e-02
7.222000000000000000e+03 1.492836935383676027e+05 -1.226423905051921004e-02
7.223000000000000000e+03 1.493043642242632632e+05 -1.100294174245219914e-02
7.224000000000000000e+03 1.493250349101589236e+05 -9.874034762034411550e-03
7.225000000000000000e+03 1.493457055960545840e+05 -9.138527315161848463e-03
7.226000000000000000e+03 1.493663762819502444e+05 -8.962648368289860557e-03
7.227000000000000000e+03 1.493870469678459049e+05 -9.382038426681393872e-03
7.228000000000000000e+03 1.494077176537415653e+05 -1.029598623044170047e-02
7.229000000000000000e+03 1.494283883396372257e+05 -1.149259397363533441e-02
7.230000000000000000e+03 1.494490590255328862e+05 -1.269881284818430434e-02
7.231000000000000000e+03 1.494697297114285466e+05 -1.364373897457532396e-02
7.232000000000000000e+03 1.494904003973242070e+05 -1.412063179001460562e-02
7.233000000000000000e+03 1.495110710832198674e+05 -1.403349577366836028e-02
7.234000000000000000e+03 1.495317417691155279e+05 -1.341769043773383130e-02
7.235000000000000000e+03 1.495524124550111883e+05 -1.243007499354326084e-02
7.236000000000000000e+03 1.495730831409068487e+05 -1.131124567618696508e-02
7.237000000000000000e+03 1.495937538268025091e+05 -1.032883803003764589e-02
7.238000000000000000e+03 1.496144245126981696e+05 -9.715152600273502248e-03
7.239000000000000000e+03 1.496350951985938300e+05 -9.613545384854427223e-03
7.240000000000000000e+03 1.496557658844894904e+05 -1.004587471834011980e-02
7.241000000000000000e+03 1.496764365703851508e+05 -1.090835971922093917e-02
7.242000000000000000e+03 1.496971072562808113e+05 -1.199663663236377742e-02
7.243000000000000000e+03 1.497177779421764717e+05 -1.305408297803495321e-02
7.244000000000000000e+03 1.497384486280721321e+05 -1.383212322816335105e-02
7.245000000000000000e+03 1.497591193139677926e+05 -1.414846122550078578e-02
7.246000000000000000e+03 1.497797899998634530e+05 -1.392967004347950288e-02
7.247000000000000000e+03 1.498004606857591134e+05 -1.322822486601288317e-02
7.248000000000000000e+03 1.498211313716547738e+05 -1.221004335475922575e-02
7.249000000000000000e+03 1.498418020575504343e+05 -1.111549169376929713e-02
7.250000000000000000e+03 1.498624727434460947e+05 -1.020299555986892148e-02
7.251000000000000000e+03 1.498831434293417551e+05 -9.688414935680622619e-03
7.252000000000000000e+03 1.499038141152374155e+05 -9.694281121307546378e-03
7.253000000000000000e+03 1.499244848011330760e+05 -1.022067638003076873e-02
7.254000000000000000e+03 1.499451554870287364e+05 -1.114453687764715983e-02
7.255000000000000000e+03 1.499658261729243968e+05 -1.224763321400668126e-02
7.256000000000000000e+03 1.499864968588200572e+05 -1.326689284859983164e-02
7.257000000000000000e+03 1.500071675447157177e+05 -1.395554916998498381e-02
7.258000000000000000e+03 1.500278382306113781e+05 -1.414102121224025503e-02
7.259000000000000000e+03 1.500485089165070385e+05 -1.376607464958989890e-02
7.260000000000000000e+03 1.500691796024026989e+05 -1.290357904866645811e-02
7.261000000000000000e+03 1.500898502882983594e+05 -1.174121109588621703e-02
7.262000000000000000e+03 1.501105209741940198e+05 -1.053936940138688882e-02
7.263000000000000000e+03 1.501311916600896802e+05 -9.571762796355964831e-03
7.264000000000000000e+03 1.501518623459853407e+05 -9.062177434907614515e-03
7.265000000000000000e+03 1.501725330318810011e+05 -9.131893746839481185e-03
7.266000000000000000e+03 1.501932037177766615e+05 -9.769909135003584932e-03
7.267000000000000000e+03 1.502138744036723219e+05 -1.083306382497584153e-02
7.268000000000000000e+03 1.502345450895679824e+05 -1.207648502757874276e-02
7.269000000000000000e+03 1.502552157754636428e+05 -1.320790810872518595e-02
7.270000000000000000e+03 1.502758864613593032e+05 -1.395390543554664471e-02
7.271000000000000000e+03 1.502965571472549636e+05 -1.412311875839544761e-02
7.272000000000000000e+03 1.503172278331506241e+05 -1.365198539728229576e-02
7.273000000000000000e+03 1.503378985190462845e+05 -1.262216716977015984e-02
7.274000000000000000e+03 1.503585692049419449e+05 -1.124515202036913131e-02
7.275000000000000000e+03 1.503792398908376053e+05 -9.816909717560884374e-03
7.276000000000000000e+03 1.503999105767332658e+05 -8.652358911313995371e-03
7.277000000000000000e+03 1.504205812626289262e+05 -8.014153398436252296e-03
7.278000000000000000e+03 1.504412519485245866e+05 -8.051810812591986277e-03
7.279000000000000000e+03 1.504619226344202471e+05 -8.765129516747682814e-03
7.280000000000000000e+03 1.504825933203159075e+05 -1.000062639633969575e-02
7.281000000000000000e+03 1.505032640062115679e+05 -1.148250401774397744e-02
7.282000000000000000e+03 1.505239346921072283e+05 -1.287195465246143700e-02
7.283000000000000000e+03 1.505446053780028888e+05 -1.384209432753275189e-02
7.284000000000000000e+03 1.505652760638985492e+05 -1.415197908127857618e-02
7.285000000000000000e+03 1.505859467497942096e+05 -1.370295892333678496e-02
7.286000000000000000e+03 1.506066174356898700e+05 -1.256424145388551628e-02
7.287000000000000000e+03 1.506272881215855305e+05 -1.096123768410534050e-02
7.288000000000000000e+03 1.506479588074811909e+05 -9.228570681754366678e-03
7.289000000000000000e+03 1.506686294933768513e+05 -7.737656709296214519e-03
7.290000000000000000e+03 1.506893001792725117e+05 -6.814659280686308218e-03
7.291000000000000000e+03 1.507099708651681722e+05 -6.666992210077549164e-03
7.292000000000000000e+03 1.507306415510638326e+05 -7.334865024000325473e-03
7.293000000000000000e+03 1.507513122369594930e+05 -8.679021130084285662e-03
7.294000000000000000e+03 1.507719829228551534e+05 -1.040799323032076673e-02
7.295000000000000000e+03 1.507926536087508139e+05 -1.213954690933322089e-02
7.296000000000000000e+03 1.508133242946464743e+05 -1.348333100923509997e-02
7.297000000000000000e+03 1.508339949805421347e+05 -1.412679791310750103e-02
7.298000000000000000e+03 1.508546656664377952e+05 -1.390539759843917311e-02
7.299000000000000000e+03 1.508753363523334556e+05 -1.284124096988775721e-02
7.300000000000000000e+03 1.508960070382291160e+05 -1.114122723918853364e-02
7.301000000000000000e+03 1.509166777241247764e+05 -9.154535535047969574e-03
7.302000000000000000e+03 1.509373484100204369e+05 -7.298393304635664158e-03
7.303000000000000000e+03 1.509580190959160973e+05 -5.968113505260497220e-03
7.304000000000000000e+03 1.509786897818117577e+05 -5.450934808026164369e-03
7.305000000000000000e+03 1.509993604677074181e+05 -5.862436249297386937e-03
7.306000000000000000e+03 1.510200311536030786e+05 -7.119468858839962146e-03
7.307000000000000000e+03 1.510407018394987390e+05 -8.955757658724694537e-03
7.308000000000000000e+03 1.510613725253943994e+05 -1.097722180882487741e-02
7.309000000000000000e+03 1.510820432112900598e+05 -1.274549589693330098e-02
7.310000000000000000e+03 1.511027138971857203e+05 -1.387190607716415336e-02
7.311000000000000000e+03 1.511233845830813807e+05 -1.410166910504451199e-02
7.312000000000000000e+03 1.511440552689770411e+05 -1.336998950658330187e-02
7.313000000000000000e+03 1.511647259548727015e+05 -1.181768116769871257e-02
7.314000000000000000e+03 1.511853966407683620e+05 -9.762646524269447124e-03
7.315000000000000000e+03 1.512060673266640224e+05 -7.633102095989162915e-03
7.316000000000000000e+03 1.512267380125596828e+05 -5.876745940897654119e-03
7.317000000000000000e+03 1.512474086984553433e+05 -4.865285435944499692e-03
7.318000000000000000e+03 1.512680793843510037e+05 -4.814743134642529565e-03
7.319000000000000000e+03 1.512887500702466641e+05 -5.738577378526621420e-03
7.320000000000000000e+03 1.513094207561423245e+05 -7.443704411382368047e-03
7.321000000000000000e+03 1.513300914420379850e+05 -9.570481284851217740e-03
7.322000000000000000e+03 1.513507621279336454e+05 -1.166842216407881772e-02
7.323000000000000000e+03 1.513714328138293058e+05 -1.329174416452361118e-02
7.324000000000000000e+03 1.513921034997249662e+05 -1.409442138550442980e-02
7.325000000000000000e+03 1.514127741856206267e+05 -1.390433107888711106e-02
7.326000000000000000e+03 1.514334448715162871e+05 -1.276043484750699619e-02
7.327000000000000000e+03 1.514541155574119475e+05 -1.090484609783060055e-02
7.328000000000000000e+03 1.514747862433076079e+05 -8.731370725382880948e-03
7.329000000000000000e+03 1.514954569292032684e+05 -6.701538005637330819e-03
7.330000000000000000e+03 1.515161276150989288e+05 -5.246177659940842730e-03
7.331000000000000000e+03 1.515367983009945892e+05 -4.673680092665000174e-03
7.332000000000000000e+03 1.515574689868902497e+05 -5.104552440040488470e-03
7.333000000000000000e+03 1.515781396727859101e+05 -6.446176229267575053e-03
7.334000000000000000e+03 1.515988103586815705e+05 -8.413084617265753629e-03
7.335000000000000000e+03 1.516194810445772309e+05 -1.058840765842855580e-02
7.336000000000000000e+03 1.516401517304728914e+05 -1.251333806925297720e-02
7.337000000000000000e+03 1.516608224163685518e+05 -1.378538619965591350e-02
7.338000000000000000e+03 1.516814931022642122e+05 -1.414421110233260448e-02
7.339000000000000000e+03 1.517021637881598726e+05 -1.352648180231291568e-02
7.340000000000000000e+03 1.517228344740555331e+05 -1.207800437370093460e-02
7.341000000000000000e+03 1.517435051599511935e+05 -1.012073028079824022e-02
7.342000000000000000e+03 1.517641758458468539e+05 -8.082129851168240453e-03
7.343000000000000000e+03 1.517848465317425143e+05 -6.402562875098660733e-03
7.344000000000000000e+03 1.518055172176381748e+05 -5.440893986747630251e-03
7.345000000000000000e+03 1.518261879035338352e+05 -5.398704683798993820e-03
7.346000000000000000e+03 1.518468585894294956e+05 -6.279140786722536838e-03
7.347000000000000000e+03 1.518675292753251560e+05 -7.888780705009201810e-03
7.348000000000000000e+03 1.518881999612208165e+05 -9.881618816479642575e-03
7.349000000000000000e+03 1.519088706471164769e+05 -1.183526170630055940e-02
7.350000000000000000e+03 1.519295413330121373e+05 -1.334258557175083300e-02
7.351000000000000000e+03 1.519502120189077978e+05 -1.409887878944604545e-02
7.352000000000000000e+03 1.519708827048034582e+05 -1.396565061365528937e-02
7.353000000000000000e+03 1.519915533906991186e+05 -1.299759001494704691e-02
7.354000000000000000e+03 1.520122240765947790e+05 -1.142739035573536732e-02
7.355000000000000000e+03 1.520328947624904395e+05 -9.612432371292500832e-03
7.356000000000000000e+03 1.520535654483860999e+05 -7.955558480847391145e-03
7.357000000000000000e+03 1.520742361342817603e+05 -6.817567819362380967e-03
7.358000000000000000e+03 1.520949068201774207e+05 -6.440483674849117879e-03
7.359000000000000000e+03 1.521155775060730812e+05 -6.897899624099312899e-03
7.360000000000000000e+03 1.521362481919687416e+05 -8.082542683731042121e-03
7.361000000000000000e+03 1.521569188778644020e+05 -9.733027311648434488e-03
7.362000000000000000e+03 1.521775895637600624e+05 -1.149335432600151474e-02
7.363000000000000000e+03 1.521982602496557229e+05 -1.299176754022679514e-02
7.364000000000000000e+03 1.522189309355513833e+05 -1.392156911756281534e-02
7.365000000000000000e+03 1.522396016214470437e+05 -1.410629179911681956e-02
7.366000000000000000e+03 1.522602723073427042e+05 -1.353528781570933863e-02
7.367000000000000000e+03 1.522809429932383646e+05 -1.236248644810711284e-02
7.368000000000000000e+03 1.523016136791340250e+05 -1.086926739824367605e-02
7.369000000000000000e+03 1.523222843650296854e+05 -9.400251156962025068e-03
7.370000000000000000e+03 1.523429550509253459e+05 -8.286583561705362921e-03
7.371000000000000000e+03 1.523636257368210063e+05 -7.773747118107132703e-03
7.372000000000000000e+03 1.523842964227166667e+05 -7.969599962004192406e-03
7.373000000000000000e+03 1.524049671086123271e+05 -8.823621829368688552e-03
7.374000000000000000e+03 1.524256377945079876e+05 -1.014134998765003903e-02
7.375000000000000000e+03 1.524463084804036480e+05 -1.163025223641378503e-02
7.376000000000000000e+03 1.524669791662993084e+05 -1.296644796834522939e-02
7.377000000000000000e+03 1.524876498521949688e+05 -1.386720842397992648e-02
7.378000000000000000e+03 1.525083205380906293e+05 -1.415303683987967180e-02
7.379000000000000000e+03 1.525289912239862897e+05 -1.378562497466317982e-02
7.380000000000000000e+03 1.525496619098819501e+05 -1.287354876597934794e-02
7.381000000000000000e+03 1.525703325957776105e+05 -1.164492373016129401e-02
7.382000000000000000e+03 1.525910032816732710e+05 -1.039369640894011182e-02
7.383000000000000000e+03 1.526116739675689314e+05 -9.412096654616897151e-03
7.384000000000000000e+03 1.526323446534645918e+05 -8.924700567406296248e-03
7.385000000000000000e+03 1.526530153393602523e+05 -9.038938935170104383e-03
7.386000000000000000e+03 1.526736860252559127e+05 -9.722946418586009276e-03
7.387000000000000000e+03 1.526943567111515731e+05 -1.081533755263192065e-02
7.388000000000000000e+03 1.527150273970472335e+05 -1.206425150191109408e-02
7.389000000000000000e+03 1.527356980829428940e+05 -1.318642641059569742e-02
7.390000000000000000e+03 1.527563687688385544e+05 -1.393260023753700554e-02
7.391000000000000000e+03 1.527770394547342148e+05 -1.414420378812014656e-02
7.392000000000000000e+03 1.527977101406298752e+05 -1.378843748204921886e-02
7.393000000000000000e+03 1.528183808265255357e+05 -1.296392072886837221e-02
7.394000000000000000e+03 1.528390515124211961e+05 -1.187597196838957592e-02
7.395000000000000000e+03 1.528597221983168565e+05 -1.078759813878166218e-02
7.396000000000000000e+03 1.528803928842125169e+05 -9.957801597014370731e-03
7.397000000000000000e+03 1.529010635701081774e+05 -9.581582179659597909e-03
7.398000000000000000e+03 1.529217342560038378e+05 -9.745430223568163353e-03
7.399000000000000000e+03 1.529424049418994982e+05 -1.040837853941078972e-02
7.400000000000000000e+03 1.529630756277951587e+05 -1.141271981909031119e-02
7.401000000000000000e+03 1.529837463136908191e+05 -1.252167283305360979e-02
7.402000000000000000e+03 1.530044169995864795e+05 -1.347512325365063379e-02
7.403000000000000000e+03 1.530250876854821399e+05 -1.405045194995502289e-02
7.404000000000000000e+03 1.530457583713778004e+05 -1.411433829530683859e-02
7.405000000000000000e+03 1.530664290572734608e+05 -1.365356275752227337e-02
7.406000000000000000e+03 1.530870997431691212e+05 -1.277774235736128805e-02
7.407000000000000000e+03 1.531077704290647816e+05 -1.169346499856349642e-02
7.408000000000000000e+03 1.531284411149604421e+05 -1.065591389033193614e-02
7.409000000000000000e+03 1.531491118008561025e+05 -9.909249998725555564e-03
7.410000000000000000e+03 1.531697824867517629e+05 -9.629563445758937412e-03
7.411000000000000000e+03 1.531904531726474233e+05 -9.883562006728685567e-03
7.412000000000000000e+03 1.532111238585430838e+05 -1.061252835825710061e-02
7.413000000000000000e+03 1.532317945444387442e+05 -1.164530220677895134e-02
7.414000000000000000e+03 1.532524652303344046e+05 -1.273742525699017580e-02
7.415000000000000000e+03 1.532731359162300650e+05 -1.362758813935294189e-02
7.416000000000000000e+03 1.532938066021257255e+05 -1.409848178165784560e-02
7.417000000000000000e+03 1.533144772880213859e+05 -1.402802412542736299e-02
7.418000000000000000e+03 1.533351479739170463e+05 -1.341901404606460346e-02
7.419000000000000000e+03 1.533558186598127068e+05 -1.240012416919389349e-02
7.420000000000000000e+03 1.533764893457083672e+05 -1.119769044221852194e-02
7.421000000000000000e+03 1.533971600316040276e+05 -1.008448902965886074e-02
7.422000000000000000e+03 1.534178307174996880e+05 -9.317053378112283291e-03
7.423000000000000000e+03 1.534385014033953485e+05 -9.075830477266899621e-03
7.424000000000000000e+03 1.534591720892910089e+05 -9.421970691219638816e-03
7.425000000000000000e+03 1.534798427751866693e+05 -1.028090699931516472e-02
7.426000000000000000e+03 1.535005134610823297e+05 -1.145691849418817299e-02
7.427000000000000000e+03 1.535211841469779902e+05 -1.267589026490467674e-02
7.428000000000000000e+03 1.535418548328736506e+05 -1.364700065771174038e-02
7.429000000000000000e+03 1.535625255187693110e+05 -1.412954553967066262e-02
7.430000000000000000e+03 1.535831962046649714e+05 -1.398963422855387280e-02
7.431000000000000000e+03 1.536038668905606319e+05 -1.323349734418494128e-02
7.432000000000000000e+03 1.536245375764562923e+05 -1.200926242410588207e-02
7.433000000000000000e+03 1.536452082623519527e+05 -1.057615883425960801e-02
7.434000000000000000e+03 1.536658789482476132e+05 -9.247591698227919377e-03
7.435000000000000000e+03 1.536865496341432736e+05 -8.320636596821973097e-03
7.436000000000000000e+03 1.537072203200389340e+05 -8.007812202984576633e-03
7.437000000000000000e+03 1.537278910059345944e+05 -8.386705385572790217e-03
7.438000000000000000e+03 1.537485616918302549e+05 -9.379213240606143476e-03
7.439000000000000000e+03 1.537692323777259153e+05 -1.076567707254511008e-02
7.440000000000000000e+03 1.537899030636215757e+05 -1.223142055856901722e-02
7.441000000000000000e+03 1.538105737495172361e+05 -1.343584288339810806e-02
7.442000000000000000e+03 1.538312444354128966e+05 -1.408889784335293043e-02
7.443000000000000000e+03 1.538519151213085570e+05 -1.401778164452444249e-02
7.444000000000000000e+03 1.538725858072042174e+05 -1.320852243674802695e-02
7.445000000000000000e+03 1.538932564930998778e+05 -1.181258048862626753e-02
7.446000000000000000e+03 1.539139271789955383e+05 -1.011634333602978719e-02
7.447000000000000000e+03 1.539345978648911987e+05 -8.479773367320309063e-03
7.448000000000000000e+03 1.539552685507868591e+05 -7.257510905448016914e-03
7.449000000000000000e+03 1.539759392366825195e+05 -6.719823184614948965e-03
7.450000000000000000e+03 1.539966099225781800e+05 -6.990988028258815490e-03
7.451000000000000000e+03 1.540172806084738404e+05 -8.018998492553830459e-03
7.452000000000000000e+03 1.540379512943695008e+05 -9.583723241689545702e-03
7.453000000000000000e+03 1.540586219802651613e+05 -1.134231242658689798e-02
7.454000000000000000e+03 1.540792926661608217e+05 -1.290244868368006781e-02
7.455000000000000000e+03 1.540999633520564821e+05 -1.390775696603097078e-02
7.456000000000000000e+03 1.541206340379521425e+05 -1.411673449151007627e-02
7.457000000000000000e+03 1.541413047238478030e+05 -1.345769807345243048e-02
7.458000000000000000e+03 1.541619754097434634e+05 -1.204730211941973383e-02
7.459000000000000000e+03 1.541826460956391238e+05 -1.016807121810392456e-02
7.460000000000000000e+03 1.542033167815347842e+05 -8.209374803762437001e-03
7.461000000000000000e+03 1.542239874674304447e+05 -6.584349109990228488e-03
7.462000000000000000e+03 1.542446581533261051e+05 -5.640632642315013268e-03
7.463000000000000000e+03 1.542653288392217655e+05 -5.584232430576430151e-03
7.464000000000000000e+03 1.542859995251174259e+05 -6.433098166294837217e-03
7.465000000000000000e+03 1.543066702110130864e+05 -8.010703786757444878e-03
7.466000000000000000e+03 1.543273408969087468e+05 -9.981472354297526994e-03
7.467000000000000000e+03 1.543480115828044072e+05 -1.192095474652815623e-02
7.468000000000000000e+03 1.543686822687000677e+05 -1.340610472999126390e-02
7.469000000000000000e+03 1.543893529545957281e+05 -1.410641766409170828e-02
7.470000000000000000e+03 1.544100236404913885e+05 -1.385621491581234994e-02
7.471000000000000000e+03 1.544306943263870489e+05 -1.269218384697334834e-02
7.472000000000000000e+03 1.544513650122827094e+05 -1.084765327180459149e-02
7.473000000000000000e+03 1.544720356981783698e+05 -8.704409410048463691e-03
7.474000000000000000e+03 1.544927063840740302e+05 -6.712101277525195364e-03
7.475000000000000000e+03 1.545133770699696906e+05 -5.292398896643124573e-03
7.476000000000000000e+03 1.545340477558653511e+05 -4.748455393401407321e-03
7.477000000000000000e+03 1.545547184417610115e+05 -5.199146231513296357e-03
7.478000000000000000e+03 1.545753891276566719e+05 -6.552310958732987523e-03
7.479000000000000000e+03 1.545960598135523323e+05 -8.522981032308640792e-03
7.480000000000000000e+03 1.546167304994479928e+05 -1.069305085520289023e-02
7.481000000000000000e+03 1.546374011853436532e+05 -1.259995589892737300e-02
7.482000000000000000e+03 1.546580718712393136e+05 -1.383552155232975478e-02
7.483000000000000000e+03 1.546787425571349740e+05 -1.413370866515578465e-02
7.484000000000000000e+03 1.546994132430306345e+05 -1.342818015855101917e-02
7.485000000000000000e+03 1.547200839289262949e+05 -1.186705523641412574e-02
7.486000000000000000e+03 1.547407546148219553e+05 -9.781503934195023842e-03
7.487000000000000000e+03 1.547614253007176158e+05 -7.614906037490710468e-03
7.488000000000000000e+03 1.547820959866132762e+05 -5.827907854860425729e-03
7.489000000000000000e+03 1.548027666725089366e+05 -4.799922675000400929e-03
7.490000000000000000e+03 1.548234373584045970e+05 -4.748287198056533320e-03
7.491000000000000000e+03 1.548441080443002575e+05 -5.682342752936331287e-03
7.492000000000000000e+03 1.548647787301959179e+05 -7.402131431373915917e-03
7.493000000000000000e+03 1.548854494160915783e+05 -9.541852391096117270e-03
7.494000000000000000e+03 1.549061201019872387e+05 -1.164867658136020667e-02
7.495000000000000000e+03 1.549267907878828992e+05 -1.327992393813709482e-02
7.496000000000000000e+03 1.549474614737785596e+05 -1.409761615895671789e-02
7.497000000000000000e+03 1.549681321596742200e+05 -1.393999385106209528e-02
7.498000000000000000e+03 1.549888028455698804e+05 -1.285466784997035816e-02
7.499000000000000000e+03 1.550094735314655409e+05 -1.108652470294047010e-02
7.500000000000000000e+03 1.550301442173612013e+05 -9.023410146369092999e-03
7.501000000000000000e+03 1.550508149032568617e+05 -7.111755204269099885e-03
7.502000000000000000e+03 1.550714855891525222e+05 -5.760667649814199542e-03
7.503000000000000000e+03 1.550921562750481826e+05 -5.255220323046594366e-03
7.504000000000000000e+03 1.551128269609438430e+05 -5.697344110735746980e-03
7.505000000000000000e+03 1.551334976468395034e+05 -6.986534939151133571e-03
7.506000000000000000e+03 1.551541683327351639e+05 -8.843952889306283538e-03
7.507000000000000000e+03 1.551748390186308243e+05 -1.087425543781417314e-02
7.508000000000000000e+03 1.551955097045264847e+05 -1.265153970148369389e-02
7.509000000000000000e+03 1.552161803904221451e+05 -1.381071845536851854e-02
7.510000000000000000e+03 1.552368510763178056e+05 -1.412463539095942973e-02
7.511000000000000000e+03 1.552575217622134660e+05 -1.355049778158912144e-02
7.512000000000000000e+03 1.552781924481091264e+05 -1.223604041320369706e-02
7.513000000000000000e+03 1.552988631340047868e+05 -1.048468333810909092e-02
7.514000000000000000e+03 1.553195338199004473e+05 -8.687831164497394898e-03
7.515000000000000000e+03 1.553402045057961077e+05 -7.239434322470261751e-03
7.516000000000000000e+03 1.553608751916917681e+05 -6.451495114427940880e-03
7.517000000000000000e+03 1.553815458775874285e+05 -6.488646987835522406e-03
7.518000000000000000e+03 1.554022165634830890e+05 -7.335503727529280038e-03
7.519000000000000000e+03 1.554228872493787494e+05 -8.803235171638446044e-03
7.520000000000000000e+03 1.554435579352744098e+05 -1.057336004394726636e-02
7.521000000000000000e+03 1.554642286211700703e+05 -1.226880726325185744e-02
7.522000000000000000e+03 1.554848993070657307e+05 -1.353652239154079506e-02
7.523000000000000000e+03 1.555055699929613911e+05 -1.412353012076150716e-02
7.524000000000000000e+03 1.555262406788570515e+05 -1.392996184781380986e-02
7.525000000000000000e+03 1.555469113647527120e+05 -1.302778640250368269e-02
7.526000000000000000e+03 1.555675820506483724e+05 -1.164166223864993022e-02
7.527000000000000000e+03 1.555882527365440328e+05 -1.009672146804696524e-02
7.528000000000000000e+03 1.556089234224396932e+05 -8.745314791211322714e-03
7.529000000000000000e+03 1.556295941083353537e+05 -7.889188927936108264e-03
7.530000000000000000e+03 1.556502647942310141e+05 -7.714284437484121050e-03
7.531000000000000000e+03 1.556709354801266745e+05 -8.252255374805561594e-03
7.532000000000000000e+03 1.556916061660223349e+05 -9.376702409256532089e-03
7.533000000000000000e+03 1.557122768519179954e+05 -1.083437225874400722e-02
7.534000000000000000e+03 1.557329475378136558e+05 -1.230388493968598285e-02
7.535000000000000000e+03 1.557536182237093162e+05 -1.346854925272505943e-02
7.536000000000000000e+03 1.557742889096049767e+05 -1.408683036537755791e-02
7.537000000000000000e+03 1.557949595955006371e+05 -1.404473472630979498e-02
7.538000000000000000e+03 1.558156302813962975e+05 -1.337863586029258874e-02
7.539000000000000000e+03 1.558363009672919579e+05 -1.226389510447195574e-02
7.540000000000000000e+03 1.558569716531876184e+05 -1.097243923476393102e-02
7.541000000000000000e+03 1.558776423390832788e+05 -9.809431109472244170e-03
7.542000000000000000e+03 1.558983130249789392e+05 -9.043717165170550576e-03
7.543000000000000000e+03 1.559189837108745996e+05 -8.847860065972767973e-03
7.544000000000000000e+03 1.559396543967702601e+05 -9.261093814008358738e-03
7.545000000000000000e+03 1.559603250826659205e+05 -1.018312930027059915e-02
7.546000000000000000e+03 1.559809957685615809e+05 -1.139966894199767600e-02
7.547000000000000000e+03 1.560016664544572413e+05 -1.263334328378301619e-02
7.548000000000000000e+03 1.560223371403529018e+05 -1.360812772788883018e-02
7.549000000000000000e+03 1.560430078262485622e+05 -1.411238541917997184e-02
7.550000000000000000e+03 1.560636785121442226e+05 -1.404617341414843290e-02
7.551000000000000000e+03 1.560843491980398830e+05 -1.344222724018773185e-02
7.552000000000000000e+03 1.561050198839355435e+05 -1.245620983865802778e-02
7.553000000000000000e+03 1.561256905698312039e+05 -1.132891790408852017e-02
7.554000000000000000e+03 1.561463612557268643e+05 -1.032952277996490587e-02
7.555000000000000000e+03 1.561670319416225248e+05 -9.693122223783601221e-03
7.556000000000000000e+03 1.561877026275181852e+05 -9.566971437288018798e-03
7.557000000000000000e+03 1.562083733134138456e+05 -9.977569193941882020e-03
7.558000000000000000e+03 1.562290439993095060e+05 -1.082587202213547428e-02
7.559000000000000000e+03 1.562497146852051665e+05 -1.191144551255207684e-02
7.560000000000000000e+03 1.562703853711008269e+05 -1.297978410546529737e-02
7.561000000000000000e+03 1.562910560569964873e+05 -1.378178966130116923e-02
7.562000000000000000e+03 1.563117267428921477e+05 -1.413166501224771658e-02
7.563000000000000000e+03 1.563323974287878082e+05 -1.394988415850073604e-02
7.564000000000000000e+03 1.563530681146834686e+05 -1.328136891311837431e-02
7.565000000000000000e+03 1.563737388005791290e+05 -1.228473950190023256e-02
7.566000000000000000e+03 1.563944094864747894e+05 -1.119518629075300087e-02
7.567000000000000000e+03 1.564150801723704499e+05 -1.026958533198973900e-02
7.568000000000000000e+03 1.564357508582661103e+05 -9.726551805616989732e-03
7.569000000000000000e+03 1.564564215441617707e+05 -9.695268831940162535e-03
7.570000000000000000e+03 1.564770922300574312e+05 -1.018490942631389284e-02
7.571000000000000000e+03 1.564977629159530916e+05 -1.108177261319576168e-02
7.572000000000000000e+03 1.565184336018487520e+05 -1.217494519230810646e-02
7.573000000000000000e+03 1.565391042877444124e+05 -1.320477450740764613e-02
7.574000000000000000e+03 1.565597749736400729e+05 -1.392314390715321260e-02
7.575000000000000000e+03 1.565804456595357333e+05 -1.415169631495194480e-02
7.576000000000000000e+03 1.566011163454313937e+05 -1.382445667453968685e-02
7.577000000000000000e+03 1.566217870313270541e+05 -1.300475572228654286e-02
7.578000000000000000e+03 1.566424577172227146e+05 -1.187220614058881463e-02
7.579000000000000000e+03 1.566631284031183750e+05 -1.068239456823849576e-02
7.580000000000000000e+03 1.566837990890140354e+05 -9.708323118565509446e-03
7.581000000000000000e+03 1.567044697749096958e+05 -9.176965216087018540e-03
7.582000000000000000e+03 1.567251404608053563e+05 -9.215571015881718342e-03
7.583000000000000000e+03 1.567458111467010167e+05 -9.820269428671035694e-03
7.584000000000000000e+03 1.567664818325966771e+05 -1.085454373839728204e-02
7.585000000000000000e+03 1.567871525184923375e+05 -1.207841440095219765e-02
7.586000000000000000e+03 1.568078232043879980e+05 -1.320213052005064780e-02
7.587000000000000000e+03 1.568284938902836584e+05 -1.395241969662158743e-02
7.588000000000000000e+03 1.568491645761793188e+05 -1.413621619909738447e-02
7.589000000000000000e+03 1.568698352620749793e+05 -1.368707938945318281e-02
7.590000000000000000e+03 1.568905059479706397e+05 -1.268325035565248671e-02
7.591000000000000000e+03 1.569111766338663001e+05 -1.133267173359581159e-02
7.592000000000000000e+03 1.569318473197619605e+05 -9.927860993443060611e-03
7.593000000000000000e+03 1.569525180056576210e+05 -8.780522193913953277e-03
7.594000000000000000e+03 1.569731886915532814e+05 -8.150563038235858482e-03
7.595000000000000000e+03 1.569938593774489418e+05 -8.185632733604064626e-03
7.596000000000000000e+03 1.570145300633446022e+05 -8.885086915490392201e-03
7.597000000000000000e+03 1.570352007492402627e+05 -1.009693596437866159e-02
7.598000000000000000e+03 1.570558714351359231e+05 -1.154903037355625717e-02
7.599000000000000000e+03 1.570765421210315835e+05 -1.290806029983826431e-02
7.600000000000000000e+03 1.570972128069272439e+05 -1.385356794994241532e-02
7.601000000000000000e+03 1.571178834928229044e+05 -1.415054251531155938e-02
7.602000000000000000e+03 1.571385541787185648e+05 -1.370418646215387781e-02
7.603000000000000000e+03 1.571592248646142252e+05 -1.258419186846015947e-02
7.604000000000000000e+03 1.571798955505098857e+05 -1.101255124167654920e-02
7.605000000000000000e+03 1.572005662364055461e+05 -9.317056303677073714e-03
7.606000000000000000e+03 1.572212369223012065e+05 -7.860370491168833240e-03
7.607000000000000000e+03 1.572419076081968669e+05 -6.960133082183960450e-03
7.608000000000000000e+03 1.572625782940925274e+05 -6.817697872325945152e-03
7.609000000000000000e+03 1.572832489799881878e+05 -7.471364517922685945e-03
7.610000000000000000e+03 1.573039196658838482e+05 -8.784747318031527197e-03
7.611000000000000000e+03 1.573245903517795086e+05 -1.047338568644368140e-02
7.612000000000000000e+03 1.573452610376751691e+05 -1.216440896101400604e-02
7.613000000000000000e+03 1.573659317235708295e+05 -1.347675185355279477e-02
7.614000000000000000e+03 1.573866024094664899e+05 -1.410466777930508009e-02
7.615000000000000000e+03 1.574072730953621503e+05 -1.388623107221864661e-02
7.616000000000000000e+03 1.574279437812578108e+05 -1.284149858550875933e-02
7.617000000000000000e+03 1.574486144671534712e+05 -1.117143656535790619e-02
7.618000000000000000e+03 1.574692851530491316e+05 -9.217228027397494916e-03
7.619000000000000000e+03 1.574899558389447920e+05 -7.388291827834347902e-03
7.620000000000000000e+03 1.575106265248404525e+05 -6.074323187161334570e-03
7.621000000000000000e+03 1.575312972107361129e+05 -5.560327818130705868e-03
7.622000000000000000e+03 1.575519678966317733e+05 -5.963148271497964448e-03
7.623000000000000000e+03 1.575726385825274338e+05 -7.203505332606496836e-03
7.624000000000000000e+03 1.575933092684230942e+05 -9.020089310837309249e-03
7.625000000000000000e+03 1.576139799543187546e+05 -1.102329080235431302e-02
7.626000000000000000e+03 1.576346506402144150e+05 -1.277757353977881927e-02
7.627000000000000000e+03 1.576553213261100755e+05 -1.389507011595092316e-02
7.628000000000000000e+03 1.576759920120057359e+05 -1.412019858717306064e-02
7.629000000000000000e+03 1.576966626979013963e+05 -1.338670866263824699e-02
7.630000000000000000e+03 1.577173333837970567e+05 -1.183433159851599026e-02
7.631000000000000000e+03 1.577380040696927172e+05 -9.780910489177729872e-03
7.632000000000000000e+03 1.577586747555883776e+05 -7.655619491882759142e-03
7.633000000000000000e+03 1.577793454414840380e+05 -5.907471751452897379e-03
7.634000000000000000e+03 1.578000161273796984e+05 -4.908817674505017159e-03
7.635000000000000000e+03 1.578206868132753589e+05 -4.874701243168022557e-03
7.636000000000000000e+03 1.578413574991710193e+05 -5.815555891040546932e-03
7.637000000000000000e+03 1.578620281850666797e+05 -7.533599076198993494e-03
7.638000000000000000e+03 1.578826988709623402e+05 -9.663975951520409335e-03
7.639000000000000000e+03 1.579033695568580006e+05 -1.175211688413985156e-02
7.640000000000000000e+03 1.579240402427536610e+05 -1.335088115661458956e-02
7.641000000000000000e+03 1.579447109286493214e+05 -1.411659230609413167e-02
7.642000000000000000e+03 1.579653816145449819e+05 -1.388312754521553449e-02
7.643000000000000000e+03 1.579860523004406423e+05 -1.269789886932554124e-02
7.644000000000000000e+03 1.580067229863363027e+05 -1.081185014112023834e-02
7.645000000000000000e+03 1.580273936722319631e+05 -8.625638173834437872e-03
7.646000000000000000e+03 1.580480643581276236e+05 -6.603720594121287313e-03
7.647000000000000000e+03 1.580687350440232840e+05 -5.175004924299897446e-03
7.648000000000000000e+03 1.580894057299189444e+05 -4.641490672470549583e-03
7.649000000000000000e+03 1.581100764158146048e+05 -5.114417277122140781e-03
7.650000000000000000e+03 1.581307471017102653e+05 -6.491368229505467546e-03
7.651000000000000000e+03 1.581514177876059257e+05 -8.478982640602428233e-03
7.652000000000000000e+03 1.581720884735015861e+05 -1.065624411941268335e-02
7.653000000000000000e+03 1.581927591593972465e+05 -1.256470817839805409e-02
7.654000000000000000e+03 1.582134298452929070e+05 -1.380627869630057791e-02
7.655000000000000000e+03 1.582341005311885674e+05 -1.412753992323523451e-02
7.656000000000000000e+03 1.582547712170842278e+05 -1.347261591467208142e-02
7.657000000000000000e+03 1.582754419029798883e+05 -1.199342756856014436e-02
7.658000000000000000e+03 1.582961125888755487e+05 -1.001549734732926078e-02
7.659000000000000000e+03 1.583167832747712091e+05 -7.967049592029040728e-03
7.660000000000000000e+03 1.583374539606668695e+05 -6.286967557667166862e-03
7.661000000000000000e+03 1.583581246465625300e+05 -5.331507322551665151e-03
7.662000000000000000e+03 1.583787953324581904e+05 -5.299646398075064102e-03
7.663000000000000000e+03 1.583994660183538508e+05 -6.192685259937047437e-03
7.664000000000000000e+03 1.584201367042495112e+05 -7.816264416682539018e-03
7.665000000000000000e+03 1.584408073901451717e+05 -9.823930779086997855e-03
7.666000000000000000e+03 1.584614780760408321e+05 -1.179262286078630595e-02
7.667000000000000000e+03 1.584821487619364925e+05 -1.331371588888163870e-02
7.668000000000000000e+03 1.585028194478321529e+05 -1.408000744790638414e-02
7.669000000000000000e+03 1.585234901337278134e+05 -1.394999586908329987e-02
7.670000000000000000e+03 1.585441608196234738e+05 -1.297583760106146844e-02
7.671000000000000000e+03 1.585648315055191342e+05 -1.138935256625606129e-02
7.672000000000000000e+03 1.585855021914147947e+05 -9.549596669457760534e-03
7.673000000000000000e+03 1.586061728773104551e+05 -7.863814821020054247e-03
7.674000000000000000e+03 1.586268435632061155e+05 -6.699205889877046793e-03
7.675000000000000000e+03 1.586475142491017759e+05 -6.304664894344114145e-03
7.676000000000000000e+03 1.586681849349974364e+05 -6.759212808374436519e-03
7.677000000000000000e+03 1.586888556208930968e+05 -7.957825628129078233e-03
7.678000000000000000e+03 1.587095263067887572e+05 -9.637200738264795064e-03
7.679000000000000000e+03 1.587301969926844176e+05 -1.143538847182468121e-02
7.680000000000000000e+03 1.587508676785800781e+05 -1.297195341391094159e-02
7.681000000000000000e+03 1.587715383644757385e+05 -1.393095749065492717e-02
7.682000000000000000e+03 1.587922090503713989e+05 -1.412856971261516707e-02
7.683000000000000000e+03 1.588128797362670593e+05 -1.355066063898197233e-02
7.684000000000000000e+03 1.588335504221627198e+05 -1.235254312329264748e-02
7.685000000000000000e+03 1.588542211080583802e+05 -1.082151535707503998e-02
7.686000000000000000e+03 1.588748917939540406e+05 -9.311106152191162000e-03
7.687000000000000000e+03 1.588955624798497010e+05 -8.162051641274092884e-03
7.688000000000000000e+03 1.589162331657453615e+05 -7.627693062181195582e-03
7.689000000000000000e+03 1.589369038516410219e+05 -7.820154028089276732e-03
7.690000000000000000e+03 1.589575745375366823e+05 -8.688743857186265185e-03
7.691000000000000000e+03 1.589782452234323428e+05 -1.003472701506241682e-02
7.692000000000000000e+03 1.589989159093280032e+05 -1.155853057993921906e-02
7.693000000000000000e+03 1.590195865952236636e+05 -1.292836575206762761e-02
7.694000000000000000e+03 1.590402572811193240e+05 -1.385464222931703793e-02
7.695000000000000000e+03 1.590609279670149845e+05 -1.415347642566772146e-02
7.696000000000000000e+03 1.590815986529106449e+05 -1.378528661852024273e-02
7.697000000000000000e+03 1.591022693388063053e+05 -1.286030019141409797e-02
7.698000000000000000e+03 1.591229400247019657e+05 -1.161039640322292232e-02
7.699000000000000000e+03 1.591436107105976262e+05 -1.033430112564615033e-02
7.700000000000000000e+03 1.591642813964932866e+05 -9.329001106988310532e-03
7.701000000000000000e+03 1.591849520823889470e+05 -8.823059931071464135e-03
7.702000000000000000e+03 1.592056227682846074e+05 -8.926739555285334582e-03
7.703000000000000000e+03 1.592262934541802679e+05 -9.609746366677218710e-03
7.704000000000000000e+03 1.592469641400759283e+05 -1.071103781709759062e-02
7.705000000000000000e+03 1.592676348259715887e+05 -1.197789823168082801e-02
7.706000000000000000e+03 1.592883055118672492e+05 -1.312499904649144788e-02
7.707000000000000000e+03 1.593089761977629096e+05 -1.389980595399364915e-02
7.708000000000000000e+03 1.593296468836585700e+05 -1.413944117307741610e-02
7.709000000000000000e+03 1.593503175695542304e+05 -1.380623257592661184e-02
7.710000000000000000e+03 1.593709882554498909e+05 -1.299418516756911668e-02
7.711000000000000000e+03 1.593916589413455513e+05 -1.190532463499438531e-02
7.712000000000000000e+03 1.594123296272412117e+05 -1.080172992079009298e-02
7.713000000000000000e+03 1.594330003131368721e+05 -9.944519635695536763e-03
7.714000000000000000e+03 1.594536709990325326e+05 -9.533864567878136409e-03
7.715000000000000000e+03 1.594743416849281930e+05 -9.663675824529538438e-03
7.716000000000000000e+03 1.594950123708238534e+05 -1.030112665931681715e-02
7.717000000000000000e+03 1.595156830567195138e+05 -1.129544438336005374e-02
7.718000000000000000e+03 1.595363537426151743e+05 -1.241375021829305147e-02
7.719000000000000000e+03 1.595570244285108347e+05 -1.339559600205375567e-02
7.720000000000000000e+03 1.595776951144064951e+05 -1.401360263801454571e-02
7.721000000000000000e+03 1.595983658003021555e+05 -1.412621518183765530e-02
7.722000000000000000e+03 1.596190364861978160e+05 -1.371040169473147774e-02
7.723000000000000000e+03 1.596397071720934764e+05 -1.286674896188189088e-02
7.724000000000000000e+03 1.596603778579891368e+05 -1.179579176544109931e-02
7.725000000000000000e+03 1.596810485438847973e+05 -1.075107493988691765e-02
7.726000000000000000e+03 1.597017192297804577e+05 -9.979838022741494008e-03
7.727000000000000000e+03 1.597223899156761181e+05 -9.665077794363319263e-03
7.728000000000000000e+03 1.597430606015717785e+05 -9.882430802795050262e-03
7.729000000000000000e+03 1.597637312874674390e+05 -1.058191928828727812e-02
7.730000000000000000e+03 1.597844019733630994e+05 -1.159891021903342034e-02
7.731000000000000000e+03 1.598050726592587598e+05 -1.269193056964584843e-02
7.732000000000000000e+03 1.598257433451544202e+05 -1.359875905761659572e-02
7.733000000000000000e+03 1.598464140310500807e+05 -1.409788978965748237e-02
7.734000000000000000e+03 1.598670847169457411e+05 -1.406106864782436135e-02
7.735000000000000000e+03 1.598877554028414015e+05 -1.348452589260734462e-02
7.736000000000000000e+03 1.599084260887370619e+05 -1.249137672778116714e-02
7.737000000000000000e+03 1.599290967746327224e+05 -1.130433160678684379e-02
7.738000000000000000e+03 1.599497674605283828e+05 -1.019479181065024997e-02
7.739000000000000000e+03 1.599704381464240432e+05 -9.419966758566544751e-03
7.740000000000000000e+03 1.599911088323197037e+05 -9.162523271834810412e-03
7.741000000000000000e+03 1.600117795182153641e+05 -9.486795665484992757e-03
7.742000000000000000e+03 1.600324502041110245e+05 -1.032187651350585655e-02
7.743000000000000000e+03 1.600531208900066849e+05 -1.147582757563031519e-02
7.744000000000000000e+03 1.600737915759023454e+05 -1.267815830704460689e-02
7.745000000000000000e+03 1.600944622617980058e+05 -1.364118888955029134e-02
7.746000000000000000e+03 1.601151329476936662e+05 -1.412642679694592340e-02
7.747000000000000000e+03 1.601358036335893266e+05 -1.400071351533710429e-02
7.748000000000000000e+03 1.601564743194849871e+05 -1.326902839564858549e-02
7.749000000000000000e+03 1.601771450053806475e+05 -1.207603597783846183e-02
7.750000000000000000e+03 1.601978156912763079e+05 -1.067555896936345228e-02
7.751000000000000000e+03 1.602184863771719683e+05 -9.374517669195836511e-03
7.752000000000000000e+03 1.602391570630676288e+05 -8.463791578491197676e-03
7.753000000000000000e+03 1.602598277489632892e+05 -8.151559992250478892e-03
7.754000000000000000e+03 1.602804984348589496e+05 -8.514263554049605887e-03
7.755000000000000000e+03 1.603011691207546100e+05 -9.476515632864779271e-03
7.756000000000000000e+03 1.603218398066502705e+05 -1.082494403183498211e-02
7.757000000000000000e+03 1.603425104925459309e+05 -1.225343567516179455e-02
7.758000000000000000e+03 1.603631811784415913e+05 -1.343019578831350369e-02
7.759000000000000000e+03 1.603838518643372518e+05 -1.407196716677316939e-02
7.760000000000000000e+03 1.604045225502329122e+05 -1.400886434396386888e-02
7.761000000000000000e+03 1.604251932361285726e+05 -1.322507419600149614e-02
7.762000000000000000e+03 1.604458639220242330e+05 -1.186583311942379648e-02
7.763000000000000000e+03 1.604665346079198935e+05 -1.020849900302761570e-02
7.764000000000000000e+03 1.604872052938155539e+05 -8.603548813823691521e-03
7.765000000000000000e+03 1.605078759797112143e+05 -7.398143679128220927e-03
7.766000000000000000e+03 1.605285466656068747e+05 -6.858959812320375438e-03
7.767000000000000000e+03 1.605492173515025352e+05 -7.111362048426605152e-03
7.768000000000000000e+03 1.605698880373981956e+05 -8.108622049326108527e-03
7.769000000000000000e+03 1.605905587232938560e+05 -9.638502228289325124e-03
7.770000000000000000e+03 1.606112294091895164e+05 -1.136648498015346842e-02
7.771000000000000000e+03 1.606319000950851769e+05 -1.290688811689699733e-02
7.772000000000000000e+03 1.606525707809808373e+05 -1.390677838107579056e-02
7.773000000000000000e+03 1.606732414668764977e+05 -1.412441785065154942e-02
7.774000000000000000e+03 1.606939121527721582e+05 -1.348478019213727834e-02
7.775000000000000000e+03 1.607145828386678186e+05 -1.209939987560038066e-02
7.776000000000000000e+03 1.607352535245634790e+05 -1.024549538329222464e-02
7.777000000000000000e+03 1.607559242104591394e+05 -8.308263901606993684e-03
7.778000000000000000e+03 1.607765948963547999e+05 -6.698479189134131338e-03
7.779000000000000000e+03 1.607972655822504603e+05 -5.763156719773010472e-03
7.780000000000000000e+03 1.608179362681461207e+05 -5.708781841370136334e-03
7.781000000000000000e+03 1.608386069540417811e+05 -6.554045634007521492e-03
7.782000000000000000e+03 1.608592776399374416e+05 -8.122793092049107599e-03
7.783000000000000000e+03 1.608799483258331020e+05 -1.007930644661664266e-02
7.784000000000000000e+03 1.609006190117287624e+05 -1.199889478448684654e-02
7.785000000000000000e+03 1.609212896976244228e+05 -1.345894090701388150e-02
7.786000000000000000e+03 1.609419603835200833e+05 -1.413079714930093496e-02
7.787000000000000000e+03 1.609626310694157437e+05 -1.385239761758599863e-02
7.788000000000000000e+03 1.609833017553114041e+05 -1.266541497636480829e-02
7.789000000000000000e+03 1.610039724412070645e+05 -1.080842518921804052e-02
7.790000000000000000e+03 1.610246431271027250e+05 -8.667169276085961993e-03
7.791000000000000000e+03 1.610453138129983854e+05 -6.692462530529797761e-03
7.792000000000000000e+03 1.610659844988940458e+05 -5.303459519245823373e-03
7.793000000000000000e+03 1.610866551847897063e+05 -4.797216116301572519e-03
7.794000000000000000e+03 1.611073258706853667e+05 -5.284110908422623432e-03
7.795000000000000000e+03 1.611279965565810271e+05 -6.663095130344466079e-03
7.796000000000000000e+03 1.611486672424766875e+05 -8.642219595194733373e-03
7.797000000000000000e+03 1.611693379283723480e+05 -1.080023458919421309e-02
7.798000000000000000e+03 1.611900086142680084e+05 -1.267623729748168504e-02
7.799000000000000000e+03 1.612106793001636688e+05 -1.386820260376941776e-02
7.800000000000000000e+03 1.612313499860593292e+05 -1.411917669439921759e-02
7.801000000000000000e+03 1.612520206719549897e+05 -1.337249206210433701e-02
7.802000000000000000e+03 1.612726913578506501e+05 -1.178405452491482208e-02
7.803000000000000000e+03 1.612933620437463105e+05 -9.689069633869173970e-03
7.804000000000000000e+03 1.613140327296419709e+05 -7.530447653626259029e-03
7.805000000000000000e+03 1.613347034155376314e+05 -5.764376857831654544e-03
7.806000000000000000e+03 1.613553741014332918e+05 -4.763373999789710656e-03
7.807000000000000000e+03 1.613760447873289522e+05 -4.737491697415718850e-03
7.808000000000000000e+03 1.613967154732246127e+05 -5.690310354105887480e-03
7.809000000000000000e+03 1.614173861591202731e+05 -7.418860750670830395e-03
7.810000000000000000e+03 1.614380568450159335e+05 -9.557335059627358742e-03
7.811000000000000000e+03 1.614587275309115939e+05 -1.165522552681702573e-02
7.812000000000000000e+03 1.614793982168072544e+05 -1.327323354011189505e-02
7.813000000000000000e+03 1.615000689027029148e+05 -1.407647255691024668e-02
7.814000000000000000e+03 1.615207395885985752e+05 -1.390505045668399831e-02
7.815000000000000000e+03 1.615414102744942356e+05 -1.280700324027972403e-02
7.816000000000000000e+03 1.615620809603898961e+05 -1.102670081871720553e-02
7.817000000000000000e+03 1.615827516462855565e+05 -8.951459374603454311e-03
7.818000000000000000e+03 1.616034223321812169e+05 -7.028069770231570000e-03
7.819000000000000000e+03 1.616240930180768773e+05 -5.667329425127876075e-03
7.820000000000000000e+03 1.616447637039725378e+05 -5.157065988061482198e-03
7.821000000000000000e+03 1.616654343898681982e+05 -5.602103851983342153e-03
7.822000000000000000e+03 1.616861050757638586e+05 -6.903699422482589831e-03
7.823000000000000000e+03 1.617067757616595190e+05 -8.782503712274181140e-03
7.824000000000000000e+03 1.617274464475551795e+05 -1.083987148756615504e-02
7.825000000000000000e+03 1.617481171334508399e+05 -1.264419241148584394e-02
7.826000000000000000e+03 1.617687878193465003e+05 -1.382356846642318615e-02
7.827000000000000000e+03 1.617894585052421608e+05 -1.414481374262238633e-02
7.828000000000000000e+03 1.618101291911378212e+05 -1.356178541790370451e-02
7.829000000000000000e+03 1.618307998770334816e+05 -1.222283331311641019e-02
7.830000000000000000e+03 1.618514705629291420e+05 -1.043616168150135470e-02
7.831000000000000000e+03 1.618721412488248025e+05 -8.601108540714941242e-03
7.832000000000000000e+03 1.618928119347204629e+05 -7.120707307766704908e-03
7.833000000000000000e+03 1.619134826206161233e+05 -6.314773133767159763e-03
7.834000000000000000e+03 1.619341533065117837e+05 -6.352341252374604785e-03
7.835000000000000000e+03 1.619548239924074442e+05 -7.217776241901063816e-03
7.836000000000000000e+03 1.619754946783031046e+05 -8.717369676210229290e-03
7.837000000000000000e+03 1.619961653641987650e+05 -1.052441379813690014e-02
7.838000000000000000e+03 1.620168360500944254e+05 -1.225243831594563515e-02
7.839000000000000000e+03 1.620375067359900859e+05 -1.354026789521550755e-02
7.840000000000000000e+03 1.620581774218857463e+05 -1.413012202238878023e-02
7.841000000000000000e+03 1.620788481077814067e+05 -1.392171643197998195e-02
7.842000000000000000e+03 1.620995187936770672e+05 -1.299085812814154695e-02
7.843000000000000000e+03 1.621201894795727276e+05 -1.156907171064808226e-02
7.844000000000000000e+03 1.621408601654683880e+05 -9.989492098059771230e-03
7.845000000000000000e+03 1.621615308513640484e+05 -8.611627994465353986e-03
7.846000000000000000e+03 1.621822015372597089e+05 -7.742003803204998945e-03
7.847000000000000000e+03 1.622028722231553693e+05 -7.568207431773887883e-03
7.848000000000000000e+03 1.622235429090510297e+05 -8.120512967241144686e-03
7.849000000000000000e+03 1.622442135949466901e+05 -9.268886172685064651e-03
7.850000000000000000e+03 1.622648842808423506e+05 -1.075528723195240399e-02
7.851000000000000000e+03 1.622855549667380110e+05 -1.225347001525478596e-02
7.852000000000000000e+03 1.623062256526336714e+05 -1.344257277348726021e-02
7.853000000000000000e+03 1.623268963385293318e+05 -1.407796775074643403e-02
7.854000000000000000e+03 1.623475670244249923e+05 -1.404370981581592841e-02
7.855000000000000000e+03 1.623682377103206527e+05 -1.337528744433691408e-02
7.856000000000000000e+03 1.623889083962163131e+05 -1.224820968428796952e-02
7.857000000000000000e+03 1.624095790821119735e+05 -1.093567401068984424e-02
7.858000000000000000e+03 1.624302497680076340e+05 -9.745393707353167123e-03
7.859000000000000000e+03 1.624509204539032944e+05 -8.950098380360593797e-03
7.860000000000000000e+03 1.624715911397989548e+05 -8.727318165202280209e-03
7.861000000000000000e+03 1.624922618256946153e+05 -9.121668249710890297e-03
7.862000000000000000e+03 1.625129325115902757e+05 -1.003759814652488425e-02
7.863000000000000000e+03 1.625336031974859361e+05 -1.126368100250163540e-02
7.864000000000000000e+03 1.625542738833815965e+05 -1.252250608659877251e-02
7.865000000000000000e+03 1.625749445692772570e+05 -1.353461023297797099e-02
7.866000000000000000e+03 1.625956152551729174e+05 -1.408186471594885351e-02
7.867000000000000000e+03 1.626162859410685778e+05 -1.405600179475419154e-02
7.868000000000000000e+03 1.626369566269642382e+05 -1.348146845902198354e-02
7.869000000000000000e+03 1.626576273128598987e+05 -1.250773175483832489e-02
7.870000000000000000e+03 1.626782979987555591e+05 -1.137315997897470066e-02
7.871000000000000000e+03 1.626989686846512195e+05 -1.034905529646434896e-02
7.872000000000000000e+03 1.627196393705468799e+05 -9.676842035678756559e-03
7.873000000000000000e+03 1.627403100564425404e+05 -9.512830307257247320e-03
7.874000000000000000e+03 1.627609807423382008e+05 -9.893098473525263614e-03
7.875000000000000000e+03 1.627816514282338612e+05 -1.072634818786755151e-02
7.876000000000000000e+03 1.628023221141295217e+05 -1.181616940755969569e-02
7.877000000000000000e+03 1.628229928000251821e+05 -1.290744421456541113e-02
7.878000000000000000e+03 1.628436634859208425e+05 -1.374610518842317441e-02
7.879000000000000000e+03 1.628643341718165029e+05 -1.413839537678213132e-02
7.880000000000000000e+03 1.628850048577121634e+05 -1.399588537754187061e-02
7.881000000000000000e+03 1.629056755436078238e+05 -1.335580237725092489e-02
7.882000000000000000e+03 1.629263462295034842e+05 -1.237197162082587232e-02
7.883000000000000000e+03 1.629470169153991446e+05 -1.127852367380316467e-02
7.884000000000000000e+03 1.629676876012948051e+05 -1.033486924210097468e-02
7.885000000000000000e+03 1.629883582871904655e+05 -9.764793621952871927e-03
7.886000000000000000e+03 1.630090289730861259e+05 -9.703864330036726660e-03
7.887000000000000000e+03 1.630296996589817863e+05 -1.016739227952628832e-02
7.888000000000000000e+03 1.630503703448774468e+05 -1.104642363237023917e-02
7.889000000000000000e+03 1.630710410307731072e+05 -1.213277179934718619e-02
7.890000000000000000e+03 1.630917117166687676e+05 -1.316738750764573362e-02
7.891000000000000000e+03 1.631123824025644280e+05 -1.390092285698890477e-02
7.892000000000000000e+03 1.631330530884600885e+05 -1.415243224694867803e-02
7.893000000000000000e+03 1.631537237743557489e+05 -1.385248418623369338e-02
7.894000000000000000e+03 1.631743944602514093e+05 -1.306050170033384861e-02
7.895000000000000000e+03 1.631950651461470698e+05 -1.195210293746323815e-02
7.896000000000000000e+03 1.632157358320427302e+05 -1.077918851342973827e-02
7.897000000000000000e+03 1.632364065179383906e+05 -9.811879416834812240e-03
7.898000000000000000e+03 1.632570772038340510e+05 -9.275658139996423301e-03
7.899000000000000000e+03 1.632777478897297115e+05 -9.298225307530993966e-03
7.900000000000000000e+03 1.632984185756253719e+05 -9.878412799757096963e-03
7.901000000000000000e+03 1.633190892615210323e+05 -1.088451681292079698e-02
7.902000000000000000e+03 1.633397599474166927e+05 -1.208275942243397516e-02
7.903000000000000000e+03 1.633604306333123532e+05 -1.318972419546182717e-02
7.904000000000000000e+03 1.633811013192080136e+05 -1.393705912443188484e-02
7.905000000000000000e+03 1.634017720051036740e+05 -1.413376855023795731e-02
7.906000000000000000e+03 1.634224426909993344e+05 -1.371175517048084380e-02
7.907000000000000000e+03 1.634431133768949949e+05 -1.274390789919377376e-02
7.908000000000000000e+03 1.634637840627906553e+05 -1.143017195107687289e-02
7.909000000000000000e+03 1.634844547486863157e+05 -1.005429821329467677e-02
7.910000000000000000e+03 1.635051254345819762e+05 -8.920690555318244730e-03
7.911000000000000000e+03 1.635257961204776366e+05 -8.285406137802986404e-03
7.912000000000000000e+03 1.635464668063732970e+05 -8.296850169254910146e-03
7.913000000000000000e+03 1.635671374922689574e+05 -8.959711664721148328e-03
7.914000000000000000e+03 1.635878081781646179e+05 -1.013066445053667497e-02
7.915000000000000000e+03 1.636084788640602783e+05 -1.154740025376632673e-02
7.916000000000000000e+03 1.636291495499559387e+05 -1.288514757129743948e-02
7.917000000000000000e+03 1.636498202358515991e+05 -1.382855379600222978e-02
7.918000000000000000e+03 1.636704909217472596e+05 -1.414308305498856999e-02
7.919000000000000000e+03 1.636911616076429200e+05 -1.372982896888985671e-02
7.920000000000000000e+03 1.637118322935385804e+05 -1.265102499150250193e-02
7.921000000000000000e+03 1.637325029794342408e+05 -1.111987775191158878e-02
7.922000000000000000e+03 1.637531736653299013e+05 -9.456268982051319050e-03
7.923000000000000000e+03 1.637738443512255617e+05 -8.017592377332460885e-03
7.924000000000000000e+03 1.637945150371212221e+05 -7.119744010834816450e-03
7.925000000000000000e+03 1.638151857230168825e+05 -6.965731097765991663e-03
7.926000000000000000e+03 1.638358564089125430e+05 -7.597934641624171093e-03
7.927000000000000000e+03 1.638565270948082034e+05 -8.885076000827885068e-03
7.928000000000000000e+03 1.638771977807038638e+05 -1.054747345829665228e-02
7.929000000000000000e+03 1.638978684665995243e+05 -1.221579785934506779e-02
7.930000000000000000e+03 1.639185391524951847e+05 -1.351101186357867023e-02
7.931000000000000000e+03 1.639392098383908451e+05 -1.412817377769864761e-02
7.932000000000000000e+03 1.639598805242865055e+05 -1.390552250734783217e-02
7.933000000000000000e+03 1.639805512101821660e+05 -1.286315599365889240e-02
7.934000000000000000e+03 1.640012218960778264e+05 -1.120212307083029435e-02
7.935000000000000000e+03 1.640218925819734868e+05 -9.263453644723862457e-03
7.936000000000000000e+03 1.640425632678691472e+05 -7.455602378108771265e-03
7.937000000000000000e+03 1.640632339537648077e+05 -6.165931893162501787e-03
7.938000000000000000e+03 1.640839046396604681e+05 -5.675560887692387979e-03
7.939000000000000000e+03 1.641045753255561285e+05 -6.096314275242820102e-03
7.940000000000000000e+03 1.641252460114517889e+05 -7.343812348488687469e-03
7.941000000000000000e+03 1.641459166973474494e+05 -9.152993906749729014e-03
7.942000000000000000e+03 1.641665873832431098e+05 -1.113322868760141526e-02
7.943000000000000000e+03 1.641872580691387702e+05 -1.285152727923549731e-02
7.944000000000000000e+03 1.642079287550344307e+05 -1.392604620149734407e-02
7.945000000000000000e+03 1.642285994409300911e+05 -1.410956756055914418e-02
7.946000000000000000e+03 1.642492701268257515e+05 -1.334458283849127187e-02
7.947000000000000000e+03 1.642699408127214119e+05 -1.177767406859175914e-02
7.948000000000000000e+03 1.642906114986170724e+05 -9.729733942919982503e-03
7.949000000000000000e+03 1.643112821845127328e+05 -7.628228916756297530e-03
7.950000000000000000e+03 1.643319528704083932e+05 -5.916029592432425765e-03
7.951000000000000000e+03 1.643526235563040536e+05 -4.956449645096283607e-03
7.952000000000000000e+03 1.643732942421997141e+05 -4.954931435675768991e-03
7.953000000000000000e+03 1.643939649280953745e+05 -5.914196868130716656e-03
7.954000000000000000e+03 1.644146356139910349e+05 -7.632529375082464096e-03
7.955000000000000000e+03 1.644353062998866953e+05 -9.745718459251484500e-03
7.956000000000000000e+03 1.644559769857823558e+05 -1.180393767016640894e-02
7.957000000000000000e+03 1.644766476716780162e+05 -1.336731741226393488e-02
7.958000000000000000e+03 1.644973183575736766e+05 -1.409983262080283239e-02
7.959000000000000000e+03 1.645179890434693370e+05 -1.384134260514535697e-02
7.960000000000000000e+03 1.645386597293649975e+05 -1.264223220439192330e-02
7.961000000000000000e+03 1.645593304152606579e+05 -1.075312488775131969e-02
7.962000000000000000e+03 1.645800011011563183e+05 -8.571812401513778656e-03
7.963000000000000000e+03 1.646006717870519788e+05 -6.558760172157562796e-03
7.964000000000000000e+03 1.646213424729476392e+05 -5.139287066322550945e-03
7.965000000000000000e+03 1.646420131588432996e+05 -4.613309468535164992e-03
7.966000000000000000e+03 1.646626838447389600e+05 -5.091821327164736122e-03
7.967000000000000000e+03 1.646833545306346205e+05 -6.473523349891763257e-03
7.968000000000000000e+03 1.647040252165302809e+05 -8.466513245119822173e-03
7.969000000000000000e+03 1.647246959024259413e+05 -1.065046069877839674e-02
7.970000000000000000e+03 1.647453665883216017e+05 -1.256610898736731929e-02
7.971000000000000000e+03 1.647660372742172622e+05 -1.381304429998075900e-02
7.972000000000000000e+03 1.647867079601129226e+05 -1.413479028632180778e-02
7.973000000000000000e+03 1.648073786460085830e+05 -1.347293994298037582e-02
7.974000000000000000e+03 1.648280493319042434e+05 -1.197871063343391995e-02
7.975000000000000000e+03 1.648487200177999039e+05 -9.979540602507386282e-03
7.976000000000000000e+03 1.648693907036955643e+05 -7.908098708907296270e-03
7.977000000000000000e+03 1.648900613895912247e+05 -6.209197894389562045e-03
7.978000000000000000e+03 1.649107320754868852e+05 -5.244786128934753044e-03
7.979000000000000000e+03 1.649314027613825456e+05 -5.217424401031456327e-03
7.980000000000000000e+03 1.649520734472782060e+05 -6.128484931908317890e-03
7.981000000000000000e+03 1.649727441331738664e+05 -7.779730094429670138e-03
7.982000000000000000e+03 1.649934148190695269e+05 -9.817622991684815670e-03
7.983000000000000000e+03 1.650140855049651873e+05 -1.181059387033595032e-02
7.984000000000000000e+03 1.650347561908608477e+05 -1.334242126746915287e-02
7.985000000000000000e+03 1.650554268767565081e+05 -1.410142472298986198e-02
7.986000000000000000e+03 1.650760975626521686e+05 -1.394614725178583425e-02
7.987000000000000000e+03 1.650967682485478290e+05 -1.293346903935582715e-02
7.988000000000000000e+03 1.651174389344434894e+05 -1.130345467484467070e-02
7.989000000000000000e+03 1.651381096203391498e+05 -9.424787829819203377e-03
7.990000000000000000e+03 1.651587803062348103e+05 -7.713232500764165799e-03
7.991000000000000000e+03 1.651794509921304707e+05 -6.541265348610547647e-03
7.992000000000000000e+03 1.652001216780261311e+05 -6.158621606412006955e-03
7.993000000000000000e+03 1.652207923639217915e+05 -6.640740325729477256e-03
7.994000000000000000e+03 1.652414630498174520e+05 -7.875734949312596100e-03
7.995000000000000000e+03 1.652621337357131124e+05 -9.592033561965251920e-03
7.996000000000000000e+03 1.652828044216087728e+05 -1.142005176338900529e-02
7.997000000000000000e+03 1.653034751075044333e+05 -1.297400245565571986e-02
7.998000000000000000e+03 1.653241457934000937e+05 -1.393574419566479157e-02
7.999000000000000000e+03 1.653448164792957541e+05 -1.412235723771537721e-02
8.000000000000000000e+03 1.653654871651914145e+05 -1.352297308362038208e-02
8.001000000000000000e+03 1.653861578510870750e+05 -1.229738100153410230e-02
8.002000000000000000e+03 1.654068285369827354e+05 -1.073747372030275926e-02
8.003000000000000000e+03 1.654274992228783958e+05 -9.200734009007005554e-03
8.004000000000000000e+03 1.654481699087740562e+05 -8.030898065468916602e-03
8.005000000000000000e+03 1.654688405946697167e+05 -7.483393059009303162e-03
8.006000000000000000e+03 1.654895112805653771e+05 -7.671690013461296420e-03
8.007000000000000000e+03 1.655101819664610375e+05 -8.545791707093075562e-03
8.008000000000000000e+03 1.655308526523566979e+05 -9.906867340180924852e-03
8.009000000000000000e+03 1.655515233382523584e+05 -1.145413695584895919e-02
8.010000000000000000e+03 1.655721940241480188e+05 -1.285316378821443895e-02
8.011000000000000000e+03 1.655928647100436792e+05 -1.381019132533267690e-02
8.012000000000000000e+03 1.656135353959393397e+05 -1.413604359691145174e-02
8.013000000000000000e+03 1.656342060818350001e+05 -1.378564564825912608e-02
8.014000000000000000e+03 1.656548767677306605e+05 -1.286483712894148645e-02
8.015000000000000000e+03 1.656755474536263209e+05 -1.160355443821692312e-02
8.016000000000000000e+03 1.656962181395219814e+05 -1.030195790456645000e-02
8.017000000000000000e+03 1.657168888254176418e+05 -9.261992437849198012e-03
8.018000000000000000e+03 1.657375595113133022e+05 -8.719890422419829257e-03
8.019000000000000000e+03 1.657582301972089626e+05 -8.794634515693844357e-03
8.020000000000000000e+03 1.657789008831046231e+05 -9.463587913402404794e-03
8.021000000000000000e+03 1.657995715690002835e+05 -1.057028951464444866e-02
8.022000000000000000e+03 1.658202422548959439e+05 -1.186219635003116224e-02
8.023000000000000000e+03 1.658409129407916043e+05 -1.304950216113964778e-02
8.024000000000000000e+03 1.658615836266872648e+05 -1.387151396254965134e-02
8.025000000000000000e+03 1.658822543125829252e+05 -1.415546879847279053e-02
8.026000000000000000e+03 1.659029249984785856e+05 -1.385450636538615443e-02
8.027000000000000000e+03 1.659235956843742460e+05 -1.305637651196128735e-02
8.028000000000000000e+03 1.659442663702699065e+05 -1.196123102132656824e-02
8.029000000000000000e+03 1.659649370561655669e+05 -1.083395055243879801e-02
8.030000000000000000e+03 1.659856077420612273e+05 -9.942240641726496353e-03
8.031000000000000000e+03 1.660062784279568878e+05 -9.494866721614647620e-03
8.032000000000000000e+03 1.660269491138525482e+05 -9.594197960091477295e-03
8.033000000000000000e+03 1.660476197997482086e+05 -1.021379648253800676e-02
8.034000000000000000e+03 1.660682904856438690e+05 -1.120595840512533803e-02
8.035000000000000000e+03 1.660889611715395295e+05 -1.233722611949977788e-02
8.036000000000000000e+03 1.661096318574351899e+05 -1.334348991775141657e-02
8.037000000000000000e+03 1.661303025433308503e+05 -1.399181897420182126e-02
8.038000000000000000e+03 1.661509732292265107e+05 -1.413464211207365873e-02
8.039000000000000000e+03 1.661716439151221712e+05 -1.374371565814941527e-02
8.040000000000000000e+03 1.661923146010178316e+05 -1.291606314618382045e-02
8.041000000000000000e+03 1.662129852869134920e+05 -1.185063603529606935e-02
8.042000000000000000e+03 1.662336559728091524e+05 -1.080127429044192011e-02
8.043000000000000000e+03 1.662543266587048129e+05 -1.001703182762808675e-02
8.044000000000000000e+03 1.662749973446004733e+05 -9.683800070472314836e-03
8.045000000000000000e+03 1.662956680304961337e+05 -9.880778945510204636e-03
8.046000000000000000e+03 1.663163387163917942e+05 -1.056184870629794936e-02
8.047000000000000000e+03 1.663370094022874546e+05 -1.156613103245274221e-02
8.048000000000000000e+03 1.663576800881831150e+05 -1.265531261242214267e-02
8.049000000000000000e+03 1.663783507740787754e+05 -1.356914201762426941e-02
8.050000000000000000e+03 1.663990214599744359e+05 -1.408628932242494969e-02
8.051000000000000000e+03 1.664196921458700963e+05 -1.407645957296133066e-02
8.052000000000000000e+03 1.664403628317657567e+05 -1.353160855706736498e-02
8.053000000000000000e+03 1.664610335176614171e+05 -1.256889575747199839e-02
8.054000000000000000e+03 1.664817042035570776e+05 -1.140452438786498934e-02
8.055000000000000000e+03 1.665023748894527380e+05 -1.030434997767337713e-02
8.056000000000000000e+03 1.665230455753483984e+05 -9.522524433919543618e-03
8.057000000000000000e+03 1.665437162612440588e+05 -9.242239949771635654e-03
8.058000000000000000e+03 1.665643869471397193e+05 -9.532219305069700166e-03
8.059000000000000000e+03 1.665850576330353797e+05 -1.032908612198346621e-02
8.060000000000000000e+03 1.666057283189310401e+05 -1.144994496222395686e-02
8.061000000000000000e+03 1.666263990048267005e+05 -1.263268680640194930e-02
8.062000000000000000e+03 1.666470696907223610e+05 -1.359519798535080426e-02
8.063000000000000000e+03 1.666677403766180214e+05 -1.410020250228194438e-02
8.064000000000000000e+03 1.666884110625136818e+05 -1.401095455699730326e-02
8.065000000000000000e+03 1.667090817484093423e+05 -1.332483734618317150e-02
8.066000000000000000e+03 1.667297524343050027e+05 -1.217676647599297279e-02
8.067000000000000000e+03 1.667504231202006631e+05 -1.081108134352926076e-02
8.068000000000000000e+03 1.667710938060963235e+05 -9.527802822805075955e-03
8.069000000000000000e+03 1.667917644919919840e+05 -8.615087223723283394e-03
8.070000000000000000e+03 1.668124351778876444e+05 -8.283030404775848510e-03
8.071000000000000000e+03 1.668331058637833048e+05 -8.613894719493031538e-03
8.072000000000000000e+03 1.668537765496789652e+05 -9.540355570217817771e-03
8.073000000000000000e+03 1.668744472355746257e+05 -1.085725652754365722e-02
8.074000000000000000e+03 1.668951179214702861e+05 -1.226493403605344312e-02
8.075000000000000000e+03 1.669157886073659465e+05 -1.343501642232608484e-02
8.076000000000000000e+03 1.669364592932616069e+05 -1.408430157687140701e-02
8.077000000000000000e+03 1.669571299791572674e+05 -1.404013116439156716e-02
8.078000000000000000e+03 1.669778006650529278e+05 -1.328221769636689364e-02
8.079000000000000000e+03 1.669984713509485882e+05 -1.195090408793259007e-02
8.080000000000000000e+03 1.670191420368442487e+05 -1.031926926199816519e-02
8.081000000000000000e+03 1.670398127227399091e+05 -8.734668958732039190e-03
8.082000000000000000e+03 1.670604834086355695e+05 -7.542337987242853092e-03
8.083000000000000000e+03 1.670811540945312299e+05 -7.007933865633864112e-03
8.084000000000000000e+03 1.671018247804268904e+05 -7.256376112147633339e-03
8.085000000000000000e+03 1.671224954663225508e+05 -8.240927521606156159e-03
8.086000000000000000e+03 1.671431661522182112e+05 -9.749943038443176224e-03
8.087000000000000000e+03 1.671638368381138716e+05 -1.145048471266657542e-02
8.088000000000000000e+03 1.671845075240095321e+05 -1.295980722010942054e-02
8.089000000000000000e+03 1.672051782099051925e+05 -1.392933161205639654e-02
8.090000000000000000e+03 1.672258488958008529e+05 -1.412262194263663728e-02
8.091000000000000000e+03 1.672465195816965133e+05 -1.346987203728827742e-02
8.092000000000000000e+03 1.672671902675921738e+05 -1.208637703473197655e-02
8.093000000000000000e+03 1.672878609534878342e+05 -1.025033909200911975e-02
8.094000000000000000e+03 1.673085316393834946e+05 -8.344377906942868073e-03
8.095000000000000000e+03 1.673292023252791550e+05 -6.773241795131501597e-03
8.096000000000000000e+03 1.673498730111748155e+05 -5.875590130935859356e-03
8.097000000000000000e+03 1.673705436970704759e+05 -5.849129520809848160e-03
8.098000000000000000e+03 1.673912143829661363e+05 -6.705561926729108890e-03
8.099000000000000000e+03 1.674118850688617968e+05 -8.265428193243495869e-03
8.100000000000000000e+03 1.674325557547574572e+05 -1.019439839872826603e-02
8.101000000000000000e+03 1.674532264406531176e+05 -1.207363681674344935e-02
8.102000000000000000e+03 1.674738971265487780e+05 -1.348939869401777347e-02
8.103000000000000000e+03 1.674945678124444385e+05 -1.412262811407394118e-02
8.104000000000000000e+03 1.675152384983400989e+05 -1.381907439143204019e-02
8.105000000000000000e+03 1.675359091842357593e+05 -1.262447981617753623e-02
8.106000000000000000e+03 1.675565798701314197e+05 -1.077686954030582234e-02
8.107000000000000000e+03 1.675772505560270802e+05 -8.657259126787553161e-03
8.108000000000000000e+03 1.675979212419227406e+05 -6.709146577828895008e-03
8.109000000000000000e+03 1.676185919278184010e+05 -5.343972777993644119e-03
8.110000000000000000e+03 1.676392626137140614e+05 -4.852807044560758509e-03
8.111000000000000000e+03 1.676599332996097219e+05 -5.343199385392682910e-03
8.112000000000000000e+03 1.676806039855053823e+05 -6.714800345684001324e-03
8.113000000000000000e+03 1.677012746714010427e+05 -8.679177967005735628e-03
8.114000000000000000e+03 1.677219453572967032e+05 -1.081994413112391529e-02
8.115000000000000000e+03 1.677426160431923636e+05 -1.268070274151567034e-02
8.116000000000000000e+03 1.677632867290880240e+05 -1.386223441106226861e-02
8.117000000000000000e+03 1.677839574149836844e+05 -1.410812144370521097e-02
8.118000000000000000e+03 1.678046281008793449e+05 -1.336029723139364918e-02
8.119000000000000000e+03 1.678252987867750053e+05 -1.177236040922058358e-02
8.120000000000000000e+03 1.678459694726706657e+05 -9.677563239044784105e-03
8.121000000000000000e+03 1.678666401585663261e+05 -7.518187963563627285e-03
8.122000000000000000e+03 1.678873108444619866e+05 -5.751409216973812910e-03
8.123000000000000000e+03 1.679079815303576470e+05 -4.751838318021173180e-03
8.124000000000000000e+03 1.679286522162533074e+05 -4.731630966109734437e-03
8.125000000000000000e+03 1.679493229021489678e+05 -5.695223355660306019e-03
8.126000000000000000e+03 1.679699935880446283e+05 -7.438356578408743779e-03
8.127000000000000000e+03 1.679906642739402887e+05 -9.591654010318251267e-03
8.128000000000000000e+03 1.680113349598359491e+05 -1.169954057673922021e-02
8.129000000000000000e+03 1.680320056457316095e+05 -1.331766807748330401e-02
8.130000000000000000e+03 1.680526763316272700e+05 -1.410790180511584113e-02
8.131000000000000000e+03 1.680733470175229304e+05 -1.391034223449966190e-02
8.132000000000000000e+03 1.680940177034185908e+05 -1.277680881610593344e-02
8.133000000000000000e+03 1.681146883893142513e+05 -1.095862876299985578e-02
8.134000000000000000e+03 1.681353590752099117e+05 -8.851568162253575789e-03
8.135000000000000000e+03 1.681560297611055721e+05 -6.910079692936221818e-03
8.136000000000000000e+03 1.681767004470012325e+05 -5.549633827819033804e-03
8.137000000000000000e+03 1.681973711328968930e+05 -5.058294003650098958e-03
8.138000000000000000e+03 1.682180418187925534e+05 -5.536436755047335900e-03
8.139000000000000000e+03 1.682387125046882138e+05 -6.877234719242397709e-03
8.140000000000000000e+03 1.682593831905838742e+05 -8.791673282545264811e-03
8.141000000000000000e+03 1.682800538764795347e+05 -1.087234065655451332e-02
8.142000000000000000e+03 1.683007245623751951e+05 -1.268196613829525310e-02
8.143000000000000000e+03 1.683213952482708555e+05 -1.384741753544632865e-02
8.144000000000000000e+03 1.683420659341665159e+05 -1.413879485514013545e-02
8.145000000000000000e+03 1.683627366200621764e+05 -1.351666553364894337e-02
8.146000000000000000e+03 1.683834073059578368e+05 -1.213761624393538963e-02
8.147000000000000000e+03 1.684040779918534972e+05 -1.031751262974889283e-02
8.148000000000000000e+03 1.684247486777491577e+05 -8.461076150907742566e-03
8.149000000000000000e+03 1.684454193636448181e+05 -6.973561576063103985e-03
8.150000000000000000e+03 1.684660900495404785e+05 -6.173898277851752603e-03
8.151000000000000000e+03 1.684867607354361389e+05 -6.227943236925936876e-03
8.152000000000000000e+03 1.685074314213317994e+05 -7.115782767351641613e-03
8.153000000000000000e+03 1.685281021072274598e+05 -8.639468323982490983e-03
8.154000000000000000e+03 1.685487727931231202e+05 -1.046884169600914571e-02
8.155000000000000000e+03 1.685694434790187806e+05 -1.221500468707348297e-02
8.156000000000000000e+03 1.685901141649144411e+05 -1.351518237151283670e-02
8.157000000000000000e+03 1.686107848508101015e+05 -1.411045715695991021e-02
8.158000000000000000e+03 1.686314555367057619e+05 -1.389963100622648717e-02
8.159000000000000000e+03 1.686521262226014223e+05 -1.295791105943611132e-02
8.160000000000000000e+03 1.686727969084970828e+05 -1.151696782765654348e-02
8.161000000000000000e+03 1.686934675943927432e+05 -9.911407807871530640e-03
8.162000000000000000e+03 1.687141382802884036e+05 -8.503945432244919278e-03
8.163000000000000000e+03 1.687348089661840640e+05 -7.605973763716912008e-03
8.164000000000000000e+03 1.687554796520797245e+05 -7.410902902819038740e-03
8.165000000000000000e+03 1.687761503379753849e+05 -7.954511031327271553e-03
8.166000000000000000e+03 1.687968210238710453e+05 -9.110426095050527806e-03
8.167000000000000000e+03 1.688174917097667058e+05 -1.062111183161673633e-02
8.168000000000000000e+03 1.688381623956623662e+05 -1.215702212932090465e-02
8.169000000000000000e+03 1.688588330815580266e+05 -1.339052875600343917e-02
8.170000000000000000e+03 1.688795037674536870e+05 -1.406812118160038864e-02
8.171000000000000000e+03 1.689001744533493475e+05 -1.406492992276253684e-02
8.172000000000000000e+03 1.689208451392450079e+05 -1.340973397637423847e-02
8.173000000000000000e+03 1.689415158251406683e+05 -1.227534692797105365e-02
8.174000000000000000e+03 1.689621865110363287e+05 -1.093709049511326636e-02
8.175000000000000000e+03 1.689828571969319892e+05 -9.709173516879054944e-03
8.176000000000000000e+03 1.690035278828276496e+05 -8.873591018682014386e-03
8.177000000000000000e+03 1.690241985687233100e+05 -8.617587149008953951e-03
8.178000000000000000e+03 1.690448692546189704e+05 -8.993531893286832446e-03
8.179000000000000000e+03 1.690655399405146309e+05 -9.909821705483656817e-03
8.180000000000000000e+03 1.690862106264102913e+05 -1.115435413594539904e-02
8.181000000000000000e+03 1.691068813123059517e+05 -1.244481557291826634e-02
8.182000000000000000e+03 1.691275519982016122e+05 -1.349405512488882804e-02
8.183000000000000000e+03 1.691482226840972726e+05 -1.407551815625801561e-02
8.184000000000000000e+03 1.691688933699929330e+05 -1.407384127489546936e-02
8.185000000000000000e+03 1.691895640558885934e+05 -1.350925328527724512e-02
8.186000000000000000e+03 1.692102347417842539e+05 -1.253055991221446730e-02
8.187000000000000000e+03 1.692309054276799143e+05 -1.137876939695597889e-02
8.188000000000000000e+03 1.692515761135755747e+05 -1.033013296723311880e-02
8.189000000000000000e+03 1.692722467994712351e+05 -9.631972237771069256e-03
8.190000000000000000e+03 1.692929174853668956e+05 -9.446113814753853699e-03
8.191000000000000000e+03 1.693135881712625560e+05 -9.812782911857220736e-03
8.192000000000000000e+03 1.693342588571582164e+05 -1.064295245501661880e-02
8.193000000000000000e+03 1.693549295430538768e+05 -1.174055738299301099e-02
8.194000000000000000e+03 1.693756002289495373e+05 -1.284915843855322093e-02
8.195000000000000000e+03 1.693962709148451977e+05 -1.371209417549124066e-02
8.196000000000000000e+03 1.694169416007408581e+05 -1.413213898688814307e-02
8.197000000000000000e+03 1.694376122866365185e+05 -1.401688616337348758e-02
8.198000000000000000e+03 1.694582829725321790e+05 -1.339945960127420128e-02
8.199000000000000000e+03 1.694789536584278394e+05 -1.242993388167246138e-02
8.200000000000000000e+03 1.694996243443234998e+05 -1.133965098703382246e-02
8.201000000000000000e+03 1.695202950302191603e+05 -1.038686954305423349e-02
8.202000000000000000e+03 1.695409657161148207e+05 -9.796424809713766280e-03
8.203000000000000000e+03 1.695616364020104811e+05 -9.707361290644755947e-03
8.204000000000000000e+03 1.695823070879061415e+05 -1.014057836818849090e-02
8.205000000000000000e+03 1.696029777738018020e+05 -1.099389233889747075e-02
8.206000000000000000e+03 1.696236484596974624e+05 -1.206563943684846318e-02
8.207000000000000000e+03 1.696443191455931228e+05 -1.310142521689716677e-02
8.208000000000000000e+03 1.696649898314887832e+05 -1.385330990034461252e-02
8.209000000000000000e+03 1.696856605173844437e+05 -1.413780896686533776e-02
8.210000000000000000e+03 1.697063312032801041e+05 -1.387927687542478243e-02
8.211000000000000000e+03 1.697270018891757645e+05 -1.312852626144778156e-02
8.212000000000000000e+03 1.697476725750714249e+05 -1.205218791779938403e-02
8.213000000000000000e+03 1.697683432609670854e+05 -1.089504725196455137e-02
8.214000000000000000e+03 1.697890139468627458e+05 -9.923848162238124715e-03
8.215000000000000000e+03 1.698096846327584062e+05 -9.365385973365225603e-03
8.216000000000000000e+03 1.698303553186540667e+05 -9.353116007794759490e-03
8.217000000000000000e+03 1.698510260045497271e+05 -9.894667151912006631e-03
8.218000000000000000e+03 1.698716966904453875e+05 -1.086799392566717426e-02
8.219000000000000000e+03 1.698923673763410479e+05 -1.204746125168387749e-02
8.220000000000000000e+03 1.699130380622367084e+05 -1.315434150390260015e-02
8.221000000000000000e+03 1.699337087481323688e+05 -1.392051837325347825e-02
8.222000000000000000e+03 1.699543794340280292e+05 -1.415094470395561466e-02
8.223000000000000000e+03 1.699750501199236896e+05 -1.377040567006942995e-02
8.224000000000000000e+03 1.699957208058193501e+05 -1.284348385760208933e-02
8.225000000000000000e+03 1.700163914917150105e+05 -1.156260983587292790e-02
8.226000000000000000e+03 1.700370621776106709e+05 -1.020636664654611669e-02
8.227000000000000000e+03 1.700577328635063313e+05 -9.077119662596333516e-03
8.228000000000000000e+03 1.700784035494019918e+05 -8.431946065025341941e-03
8.229000000000000000e+03 1.700990742352976522e+05 -8.422580863685469321e-03
8.230000000000000000e+03 1.701197449211933126e+05 -9.058265540886678568e-03
8.231000000000000000e+03 1.701404156070889730e+05 -1.020039318530602257e-02
8.232000000000000000e+03 1.701610862929846335e+05 -1.159079076848584799e-02
8.233000000000000000e+03 1.701817569788802939e+05 -1.290789319244883826e-02
8.234000000000000000e+03 1.702024276647759543e+05 -1.383860780420470386e-02
8.235000000000000000e+03 1.702230983506716148e+05 -1.414982522809965504e-02
8.236000000000000000e+03 1.702437690365672752e+05 -1.374326736290337747e-02
8.237000000000000000e+03 1.702644397224629356e+05 -1.268084260188401258e-02
8.238000000000000000e+03 1.702851104083585960e+05 -1.117417906337386801e-02
8.239000000000000000e+03 1.703057810942542565e+05 -9.540071524426652072e-03
8.240000000000000000e+03 1.703264517801499169e+05 -8.131357455672172385e-03
8.241000000000000000e+03 1.703471224660455773e+05 -7.258426979033894000e-03
8.242000000000000000e+03 1.703677931519412377e+05 -7.118850452803805219e-03
8.243000000000000000e+03 1.703884638378368982e+05 -7.750968470659368691e-03
8.244000000000000000e+03 1.704091345237325586e+05 -9.022131589247472938e-03
8.245000000000000000e+03 1.704298052096282190e+05 -1.065474778261943367e-02
8.246000000000000000e+03 1.704504758955238794e+05 -1.228499700550378382e-02
8.247000000000000000e+03 1.704711465814195399e+05 -1.354176293416908816e-02
8.248000000000000000e+03 1.704918172673152003e+05 -1.412862484067556497e-02
8.249000000000000000e+03 1.705124879532108607e+05 -1.389077156868956386e-02
8.250000000000000000e+03 1.705331586391065212e+05 -1.285176226942774669e-02
8.251000000000000000e+03 1.705538293250021816e+05 -1.121154406521607250e-02
8.252000000000000000e+03 1.705745000108978420e+05 -9.305621788983864384e-03
8.253000000000000000e+03 1.705951706967935024e+05 -7.533870128488884266e-03
8.254000000000000000e+03 1.706158413826891629e+05 -6.274254261856626602e-03
8.255000000000000000e+03 1.706365120685848233e+05 -5.800155186581668065e-03
8.256000000000000000e+03 1.706571827544804837e+05 -6.219332350715645052e-03
8.257000000000000000e+03 1.706778534403761441e+05 -7.447994304817294985e-03
8.258000000000000000e+03 1.706985241262718046e+05 -9.226009650498967485e-03
8.259000000000000000e+03 1.707191948121674650e+05 -1.117052829770553979e-02
8.260000000000000000e+03 1.707398654980631254e+05 -1.285697879259461995e-02
8.261000000000000000e+03 1.707605361839587858e+05 -1.391030376633672731e-02
8.262000000000000000e+03 1.707812068698544463e+05 -1.408677906056199358e-02
8.263000000000000000e+03 1.708018775557501067e+05 -1.332850218240178020e-02
8.264000000000000000e+03 1.708225482416457671e+05 -1.177834541501865395e-02
8.265000000000000000e+03 1.708432189275414275e+05 -9.751641588900961111e-03
8.266000000000000000e+03 1.708638896134370880e+05 -7.670265904574647721e-03
8.267000000000000000e+03 1.708845602993327484e+05 -5.973026720156926483e-03
8.268000000000000000e+03 1.709052309852284088e+05 -5.021535118142628207e-03
8.269000000000000000e+03 1.709259016711240693e+05 -5.021808822431639285e-03
8.270000000000000000e+03 1.709465723570197297e+05 -5.978574702751759951e-03
8.271000000000000000e+03 1.709672430429153901e+05 -7.692335737752743242e-03
8.272000000000000000e+03 1.709879137288110505e+05 -9.800235086617203883e-03
8.273000000000000000e+03 1.710085844147067110e+05 -1.185241102727718765e-02
8.274000000000000000e+03 1.710292551006023714e+05 -1.340779788496992975e-02
8.275000000000000000e+03 1.710499257864980318e+05 -1.412888461640854181e-02
8.276000000000000000e+03 1.710705964723936922e+05 -1.385489340144524344e-02
8.277000000000000000e+03 1.710912671582893527e+05 -1.263732493265473655e-02
8.278000000000000000e+03 1.711119378441850131e+05 -1.072990627799913499e-02
8.279000000000000000e+03 1.711326085300806735e+05 -8.534895335513437153e-03
8.280000000000000000e+03 1.711532792159763339e+05 -6.517241287285147067e-03
8.281000000000000000e+03 1.711739499018719944e+05 -5.105131235526694233e-03
8.282000000000000000e+03 1.711946205877676548e+05 -4.598386085557959468e-03
8.283000000000000000e+03 1.712152912736633152e+05 -5.104391097738636418e-03
8.284000000000000000e+03 1.712359619595589756e+05 -6.515250435112696081e-03
8.285000000000000000e+03 1.712566326454546361e+05 -8.531016085411013972e-03
8.286000000000000000e+03 1.712773033313502965e+05 -1.072401911365622462e-02
8.287000000000000000e+03 1.712979740172459569e+05 -1.263052166930361819e-02
8.288000000000000000e+03 1.713186447031416174e+05 -1.384996565260171626e-02
8.289000000000000000e+03 1.713393153890372778e+05 -1.413038346855926934e-02
8.290000000000000000e+03 1.713599860749329382e+05 -1.342153521875094450e-02
8.291000000000000000e+03 1.713806567608285986e+05 -1.188441622707880896e-02
8.292000000000000000e+03 1.714013274467242591e+05 -9.855341394324979021e-03
8.293000000000000000e+03 1.714219981326199195e+05 -7.772707660906541527e-03
8.294000000000000000e+03 1.714426688185155799e+05 -6.082561209177939077e-03
8.295000000000000000e+03 1.714633395044112403e+05 -5.143487909867627828e-03
8.296000000000000000e+03 1.714840101903069008e+05 -5.151196917006495291e-03
8.297000000000000000e+03 1.715046808762025612e+05 -6.098642927860331575e-03
8.298000000000000000e+03 1.715253515620982216e+05 -7.779752871168499340e-03
8.299000000000000000e+03 1.715460222479938820e+05 -9.835496650602126856e-03
8.300000000000000000e+03 1.715666929338895425e+05 -1.183207985043388533e-02
8.301000000000000000e+03 1.715873636197852029e+05 -1.335426042966303406e-02
8.302000000000000000e+03 1.716080343056808633e+05 -1.409364984764238660e-02
8.303000000000000000e+03 1.716287049915765238e+05 -1.391308495713228059e-02
8.304000000000000000e+03 1.716493756774721842e+05 -1.287350486212068823e-02
8.305000000000000000e+03 1.716700463633678446e+05 -1.121802844044267333e-02
8.306000000000000000e+03 1.716907170492635050e+05 -9.317245190630429885e-03
8.307000000000000000e+03 1.717113877351591655e+05 -7.588047228400063293e-03
8.308000000000000000e+03 1.717320584210548259e+05 -6.403837733883588346e-03
8.309000000000000000e+03 1.717527291069504863e+05 -6.015494737386217761e-03
8.310000000000000000e+03 1.717733997928461467e+05 -6.499812503584834200e-03
8.311000000000000000e+03 1.717940704787418072e+05 -7.745990138115777836e-03
8.312000000000000000e+03 1.718147411646374676e+05 -9.482487383033089134e-03
8.313000000000000000e+03 1.718354118505331280e+05 -1.133795557270411702e-02
8.314000000000000000e+03 1.718560825364287884e+05 -1.292273352309825096e-02
8.315000000000000000e+03 1.718767532223244489e+05 -1.391308219593345719e-02
8.316000000000000000e+03 1.718974239082201093e+05 -1.411988173846290273e-02
8.317000000000000000e+03 1.719180945941157697e+05 -1.352706863879993282e-02
8.318000000000000000e+03 1.719387652800114301e+05 -1.229186561544126643e-02
8.319000000000000000e+03 1.719594359659070906e+05 -1.070732296819598695e-02
8.320000000000000000e+03 1.719801066518027510e+05 -9.135946315647403004e-03
8.321000000000000000e+03 1.720007773376984114e+05 -7.929395569098551810e-03
8.322000000000000000e+03 1.720214480235940719e+05 -7.352045628852388326e-03
8.323000000000000000e+03 1.720421187094897323e+05 -7.525040062371536088e-03
8.324000000000000000e+03 1.720627893953853927e+05 -8.402700173315458265e-03
8.325000000000000000e+03 1.720834600812810531e+05 -9.785905172251418982e-03
8.326000000000000000e+03 1.721041307671767136e+05 -1.136893086692619681e-02
8.327000000000000000e+03 1.721248014530723740e+05 -1.280895000217913138e-02
8.328000000000000000e+03 1.721454721389680344e+05 -1.380251330841214714e-02
8.329000000000000000e+03 1.721661428248636948e+05 -1.415193637435790963e-02
8.330000000000000000e+03 1.721868135107593553e+05 -1.380695697622130735e-02
8.331000000000000000e+03 1.722074841966550157e+05 -1.287275541739957285e-02
8.332000000000000000e+03 1.722281548825506761e+05 -1.158311828173957947e-02
8.333000000000000000e+03 1.722488255684463365e+05 -1.024538993621765259e-02
8.334000000000000000e+03 1.722694962543419970e+05 -9.170090392506990984e-03
8.335000000000000000e+03 1.722901669402376574e+05 -8.601282221089967539e-03
8.336000000000000000e+03 1.723108376261333178e+05 -8.663278284250564010e-03
8.337000000000000000e+03 1.723315083120289783e+05 -9.335307197354925091e-03
8.338000000000000000e+03 1.723521789979246387e+05 -1.045928159765524557e-02
8.339000000000000000e+03 1.723728496838202991e+05 -1.177832858347455103e-02
8.340000000000000000e+03 1.723935203697159595e+05 -1.299688790459668786e-02
8.341000000000000000e+03 1.724141910556116200e+05 -1.384845712239352045e-02
8.342000000000000000e+03 1.724348617415072804e+05 -1.415551547650634005e-02
8.343000000000000000e+03 1.724555324274029408e+05 -1.386814249034812319e-02
8.344000000000000000e+03 1.724762031132986012e+05 -1.307289497638530751e-02
8.345000000000000000e+03 1.724968737991942617e+05 -1.197042198155984227e-02
8.346000000000000000e+03 1.725175444850899221e+05 -1.082745633866444290e-02
8.347000000000000000e+03 1.725382151709855825e+05 -9.914567738126378593e-03
8.348000000000000000e+03 1.725588858568812429e+05 -9.444101599304866035e-03
8.349000000000000000e+03 1.725795565427769034e+05 -9.522427673216982136e-03
8.350000000000000000e+03 1.726002272286725638e+05 -1.012713764405503980e-02
8.351000000000000000e+03 1.726208979145682242e+05 -1.111402529902494329e-02
8.352000000000000000e+03 1.726415686004638846e+05 -1.225188863502302272e-02
8.353000000000000000e+03 1.726622392863595451e+05 -1.327691416536891378e-02
8.354000000000000000e+03 1.726829099722552055e+05 -1.395402081483432082e-02
8.355000000000000000e+03 1.727035806581508659e+05 -1.413103640672230821e-02
8.356000000000000000e+03 1.727242513440465264e+05 -1.377330514800534367e-02
8.357000000000000000e+03 1.727449220299421868e+05 -1.297088873008889198e-02
8.358000000000000000e+03 1.727655927158378472e+05 -1.191686933113889069e-02
8.359000000000000000e+03 1.727862634017335076e+05 -1.086191781148104774e-02
8.360000000000000000e+03 1.728069340876291681e+05 -1.005571835995611174e-02
8.361000000000000000e+03 1.728276047735248285e+05 -9.688802343961078201e-03
8.362000000000000000e+03 1.728482754594204889e+05 -9.848186434602057560e-03
8.363000000000000000e+03 1.728689461453161493e+05 -1.049700786675167308e-02
8.364000000000000000e+03 1.728896168312118098e+05 -1.148285722731767766e-02
8.365000000000000000e+03 1.729102875171074702e+05 -1.257296137990226992e-02
8.366000000000000000e+03 1.729309582030031306e+05 -1.350821342227537074e-02
8.367000000000000000e+03 1.729516288888987910e+05 -1.406365966907685561e-02
8.368000000000000000e+03 1.729722995747944515e+05 -1.410145820335772897e-02
8.369000000000000000e+03 1.729929702606901119e+05 -1.360393835301221266e-02
8.370000000000000000e+03 1.730136409465857723e+05 -1.267889494834462116e-02
8.371000000000000000e+03 1.730343116324814328e+05 -1.153563406599467100e-02
8.372000000000000000e+03 1.730549823183770932e+05 -1.043707615433087099e-02
8.373000000000000000e+03 1.730756530042727536e+05 -9.638832262697905051e-03
8.374000000000000000e+03 1.730963236901684140e+05 -9.329280845652654364e-03
8.375000000000000000e+03 1.731169943760640745e+05 -9.584557302879492813e-03
8.376000000000000000e+03 1.731376650619597349e+05 -1.034905601039765033e-02
8.377000000000000000e+03 1.731583357478553953e+05 -1.144628957765309041e-02
8.378000000000000000e+03 1.731790064337510557e+05 -1.261803301273373146e-02
8.379000000000000000e+03 1.731996771196467162e+05 -1.358313361678081810e-02
8.380000000000000000e+03 1.732203478055423766e+05 -1.410267611298260393e-02
8.381000000000000000e+03 1.732410184914380370e+05 -1.403648212235458596e-02
8.382000000000000000e+03 1.732616891773336974e+05 -1.337767210801005073e-02
8.383000000000000000e+03 1.732823598632293579e+05 -1.225689655186773530e-02
8.384000000000000000e+03 1.733030305491250183e+05 -1.091476112939365750e-02
8.385000000000000000e+03 1.733237012350206787e+05 -9.648329207653294493e-03
8.386000000000000000e+03 1.733443719209163391e+05 -8.743658674742305070e-03
8.387000000000000000e+03 1.733650426068119996e+05 -8.409687140947308404e-03
8.388000000000000000e+03 1.733857132927076600e+05 -8.728637336451294804e-03
8.389000000000000000e+03 1.734063839786033204e+05 -9.634518712013984132e-03
8.390000000000000000e+03 1.734270546644989809e+05 -1.092507336054998612e-02
8.391000000000000000e+03 1.734477253503946413e+05 -1.230502529138627343e-02
8.392000000000000000e+03 1.734683960362903017e+05 -1.345137132775103654e-02
8.393000000000000000e+03 1.734890667221859621e+05 -1.408628473049244705e-02
8.394000000000000000e+03 1.735097374080816226e+05 -1.404120624643634234e-02
8.395000000000000000e+03 1.735304080939772830e+05 -1.329741094725145345e-02
8.396000000000000000e+03 1.735510787798729434e+05 -1.199344528565338130e-02
8.397000000000000000e+03 1.735717494657686038e+05 -1.039720210312611304e-02
8.398000000000000000e+03 1.735924201516642643e+05 -8.848373609007920138e-03
8.399000000000000000e+03 1.736130908375599247e+05 -7.683771841357045496e-03
8.400000000000000000e+03 1.736337615234555851e+05 -7.161984931641496299e-03
8.401000000000000000e+03 1.736544322093512455e+05 -7.404147281768136413e-03
8.402000000000000000e+03 1.736751028952469060e+05 -8.364200172973623726e-03
8.403000000000000000e+03 1.736957735811425664e+05 -9.835680360961773783e-03
8.404000000000000000e+03 1.737164442670382268e+05 -1.149415663475839011e-02
8.405000000000000000e+03 1.737371149529338873e+05 -1.296659292561974652e-02
8.406000000000000000e+03 1.737577856388295477e+05 -1.391282202981536376e-02
8.407000000000000000e+03 1.737784563247252081e+05 -1.410134647772342924e-02
8.408000000000000000e+03 1.737991270106208685e+05 -1.346259882206113367e-02
8.409000000000000000e+03 1.738197976965165290e+05 -1.210748519780668886e-02
8.410000000000000000e+03 1.738404683824121894e+05 -1.030652076699239972e-02
8.411000000000000000e+03 1.738611390683078498e+05 -8.433510252259635021e-03
8.412000000000000000e+03 1.738818097542035102e+05 -6.885612682946351537e-03
8.413000000000000000e+03 1.739024804400991707e+05 -5.996978627121507532e-03
8.414000000000000000e+03 1.739231511259948311e+05 -5.964747221393451593e-03
8.415000000000000000e+03 1.739438218118904915e+05 -6.803694767680723565e-03
8.416000000000000000e+03 1.739644924977861519e+05 -8.339809087957616995e-03
8.417000000000000000e+03 1.739851631836818124e+05 -1.024480706892871851e-02
8.418000000000000000e+03 1.740058338695774728e+05 -1.210480527629309577e-02
8.419000000000000000e+03 1.740265045554731332e+05 -1.350881090579802817e-02
8.420000000000000000e+03 1.740471752413687936e+05 -1.413807836205427382e-02
8.421000000000000000e+03 1.740678459272644541e+05 -1.383680838259515426e-02
8.422000000000000000e+03 1.740885166131601145e+05 -1.264841553790196915e-02
8.423000000000000000e+03 1.741091872990557749e+05 -1.080891645471238061e-02
8.424000000000000000e+03 1.741298579849514354e+05 -8.698312865441426567e-03
8.425000000000000000e+03 1.741505286708470958e+05 -6.760099548660414293e-03
8.426000000000000000e+03 1.741711993567427562e+05 -5.406131176041384379e-03
8.427000000000000000e+03 1.741918700426384166e+05 -4.927410470099036210e-03
8.428000000000000000e+03 1.742125407285340771e+05 -5.430174253323039046e-03
8.429000000000000000e+03 1.742332114144297375e+05 -6.811272979040384513e-03
8.430000000000000000e+03 1.742538821003253979e+05 -8.778475566067311942e-03
8.431000000000000000e+03 1.742745527862210583e+05 -1.091173525980376757e-02
8.432000000000000000e+03 1.742952234721167188e+05 -1.275258071076396105e-02
8.433000000000000000e+03 1.743158941580123792e+05 -1.390253171935201815e-02
8.434000000000000000e+03 1.743365648439080396e+05 -1.410923753095166822e-02
8.435000000000000000e+03 1.743572355298037000e+05 -1.332151579604906599e-02
8.436000000000000000e+03 1.743779062156993605e+05 -1.170115961707646202e-02
8.437000000000000000e+03 1.743985769015950209e+05 -9.588801888908538018e-03
8.438000000000000000e+03 1.744192475874906813e+05 -7.431173903789777511e-03
8.439000000000000000e+03 1.744399182733863418e+05 -5.685519884696899062e-03
8.440000000000000000e+03 1.744605889592820022e+05 -4.721843684737825342e-03
8.441000000000000000e+03 1.744812596451776626e+05 -4.744005350764468609e-03
8.442000000000000000e+03 1.745019303310733230e+05 -5.746480734197589868e-03
8.443000000000000000e+03 1.745226010169689835e+05 -7.515883437411385003e-03
8.444000000000000000e+03 1.745432717028646439e+05 -9.676812463945028142e-03
8.445000000000000000e+03 1.745639423887603043e+05 -1.177217853563983230e-02
8.446000000000000000e+03 1.745846130746559647e+05 -1.336079299438508623e-02
8.447000000000000000e+03 1.746052837605516252e+05 -1.411126874089574552e-02
8.448000000000000000e+03 1.746259544464472856e+05 -1.387207759358033421e-02
8.449000000000000000e+03 1.746466251323429460e+05 -1.270281323920829930e-02
8.450000000000000000e+03 1.746672958182386064e+05 -1.086016587906857289e-02
8.451000000000000000e+03 1.746879665041342669e+05 -8.741931821637793920e-03
8.452000000000000000e+03 1.747086371900299273e+05 -6.801394090263201964e-03
8.453000000000000000e+03 1.747293078759255877e+05 -5.450652150833124043e-03
8.454000000000000000e+03 1.747499785618212481e+05 -4.973617485431958141e-03
8.455000000000000000e+03 1.747706492477169086e+05 -5.467051243453091569e-03
8.456000000000000000e+03 1.747913199336125690e+05 -6.821840578931148702e-03
8.457000000000000000e+03 1.748119906195082294e+05 -8.748099090066407957e-03
8.458000000000000000e+03 1.748326613054038899e+05 -1.083842576890620135e-02
8.459000000000000000e+03 1.748533319912995503e+05 -1.265562020358412809e-02
8.460000000000000000e+03 1.748740026771952107e+05 -1.382598690561465289e-02
8.461000000000000000e+03 1.748946733630908711e+05 -1.411822012923036329e-02
8.462000000000000000e+03 1.749153440489865316e+05 -1.349105606247125166e-02
8.463000000000000000e+03 1.749360147348821920e+05 -1.209973076598924724e-02
8.464000000000000000e+03 1.749566854207778524e+05 -1.026026511811750641e-02
8.465000000000000000e+03 1.749773561066735128e+05 -8.379724152961398609e-03
8.466000000000000000e+03 1.749980267925691733e+05 -6.867864507556720177e-03
8.467000000000000000e+03 1.750186974784648337e+05 -6.049407786405502918e-03
8.468000000000000000e+03 1.750393681643604941e+05 -6.095769206143408780e-03
8.469000000000000000e+03 1.750600388502561545e+05 -6.990618678119341588e-03
8.470000000000000000e+03 1.750807095361518150e+05 -8.536221019316725389e-03
8.471000000000000000e+03 1.751013802220474754e+05 -1.039871237216782873e-02
8.472000000000000000e+03 1.751220509079431358e+05 -1.218213982149851660e-02
8.473000000000000000e+03 1.751427215938387963e+05 -1.351494717324325419e-02
8.474000000000000000e+03 1.751633922797344567e+05 -1.412997482415651040e-02
8.475000000000000000e+03 1.751840629656301171e+05 -1.392058920486433267e-02
8.476000000000000000e+03 1.752047336515257775e+05 -1.296095980003869608e-02
8.477000000000000000e+03 1.752254043374214380e+05 -1.148653848152220158e-02
8.478000000000000000e+03 1.752460750233170984e+05 -9.839633926137680842e-03
8.479000000000000000e+03 1.752667457092127588e+05 -8.392611997247556577e-03
8.480000000000000000e+03 1.752874163951084192e+05 -7.465982864365118023e-03
8.481000000000000000e+03 1.753080870810040797e+05 -7.259442129731231465e-03
8.482000000000000000e+03 1.753287577668997401e+05 -7.810733478530840213e-03
8.483000000000000000e+03 1.753494284527954005e+05 -8.990821138104176935e-03
8.484000000000000000e+03 1.753700991386910609e+05 -1.053577200185612517e-02
8.485000000000000000e+03 1.753907698245867214e+05 -1.210770377295794509e-02
8.486000000000000000e+03 1.754114405104823818e+05 -1.337086640874168841e-02
8.487000000000000000e+03 1.754321111963780422e+05 -1.406575462255971187e-02
8.488000000000000000e+03 1.754527818822737026e+05 -1.406481951161892181e-02
8.489000000000000000e+03 1.754734525681693631e+05 -1.339770993890360314e-02
8.490000000000000000e+03 1.754941232540650235e+05 -1.224100663299060310e-02
8.491000000000000000e+03 1.755147939399606839e+05 -1.087546744717515779e-02
8.492000000000000000e+03 1.755354646258563444e+05 -9.621022580885041364e-03
8.493000000000000000e+03 1.755561353117520048e+05 -8.764516746826434002e-03
8.494000000000000000e+03 1.755768059976476652e+05 -8.496472300446589188e-03
8.495000000000000000e+03 1.755974766835433256e+05 -8.870758845993309549e-03
8.496000000000000000e+03 1.756181473694389861e+05 -9.795653817970984001e-03
8.497000000000000000e+03 1.756388180553346465e+05 -1.105764292262201298e-02
8.498000000000000000e+03 1.756594887412303069e+05 -1.237202216541888333e-02
8.499000000000000000e+03 1.756801594271259673e+05 -1.344849524543800801e-02
8.500000000000000000e+03 1.757008301130216278e+05 -1.405678109199659520e-02
8.501000000000000000e+03 1.757215007989172882e+05 -1.407745792371972726e-02
8.502000000000000000e+03 1.757421714848129486e+05 -1.352681510665687710e-02
8.503000000000000000e+03 1.757628421707086090e+05 -1.255053000379624528e-02
8.504000000000000000e+03 1.757835128566042695e+05 -1.138812343383932557e-02
8.505000000000000000e+03 1.758041835424999299e+05 -1.031673023232848596e-02
8.506000000000000000e+03 1.758248542283955903e+05 -9.587261059939511387e-03
8.507000000000000000e+03 1.758455249142912508e+05 -9.367535914607982850e-03
8.508000000000000000e+03 1.758661956001869112e+05 -9.705165537152504740e-03
8.509000000000000000e+03 1.758868662860825716e+05 -1.051832512194295077e-02
8.510000000000000000e+03 1.759075369719782320e+05 -1.161618808143738413e-02
8.511000000000000000e+03 1.759282076578738925e+05 -1.274408537657778506e-02
8.512000000000000000e+03 1.759488783437695529e+05 -1.364289448069255957e-02
8.513000000000000000e+03 1.759695490296652133e+05 -1.410897401688060437e-02
8.514000000000000000e+03 1.759902197155608737e+05 -1.404088091866528831e-02
8.515000000000000000e+03 1.760108904014565342e+05 -1.346217972790997135e-02
8.516000000000000000e+03 1.760315610873521946e+05 -1.251518690453956584e-02
8.517000000000000000e+03 1.760522317732478550e+05 -1.142721117327361036e-02
8.518000000000000000e+03 1.760729024591435154e+05 -1.045719581651216590e-02
8.519000000000000000e+03 1.760935731450391759e+05 -9.835168929553272932e-03
8.520000000000000000e+03 1.761142438309348363e+05 -9.708529048257363847e-03
8.521000000000000000e+03 1.761349145168304967e+05 -1.010758513075127318e-02
8.522000000000000000e+03 1.761555852027261571e+05 -1.093832900843944023e-02
8.523000000000000000e+03 1.761762558886218176e+05 -1.200416720747837784e-02
8.524000000000000000e+03 1.761969265745174780e+05 -1.305167815341529147e-02
8.525000000000000000e+03 1.762175972604131384e+05 -1.382988073134533424e-02
8.526000000000000000e+03 1.762382679463087989e+05 -1.414928388155672900e-02
8.527000000000000000e+03 1.762589386322044593e+05 -1.392692102339304454e-02
8.528000000000000000e+03 1.762796093181001197e+05 -1.320673040561698430e-02
8.529000000000000000e+03 1.763002800039957801e+05 -1.215032660270981557e-02
8.530000000000000000e+03 1.763209506898914406e+05 -1.100010333845841126e-02
8.531000000000000000e+03 1.763416213757871010e+05 -1.002309226326619784e-02
8.532000000000000000e+03 1.763622920616827614e+05 -9.448542976050966491e-03
8.533000000000000000e+03 1.763829627475784218e+05 -9.413718507835622251e-03
8.534000000000000000e+03 1.764036334334740823e+05 -9.930573992232905045e-03
8.535000000000000000e+03 1.764243041193697427e+05 -1.088124498670756113e-02
8.536000000000000000e+03 1.764449748052654031e+05 -1.204370053352349368e-02
8.537000000000000000e+03 1.764656454911610635e+05 -1.314198280471140512e-02
8.538000000000000000e+03 1.764863161770567240e+05 -1.390971328781948069e-02
8.539000000000000000e+03 1.765069868629523844e+05 -1.415232289249618303e-02
8.540000000000000000e+03 1.765276575488480448e+05 -1.379355790434805273e-02
8.541000000000000000e+03 1.765483282347437053e+05 -1.289526752902669937e-02
8.542000000000000000e+03 1.765689989206393657e+05 -1.164553278109370371e-02
8.543000000000000000e+03 1.765896696065350261e+05 -1.031746095461449908e-02
8.544000000000000000e+03 1.766103402924306865e+05 -9.207757188292475803e-03
8.545000000000000000e+03 1.766310109783263470e+05 -8.568913185603821425e-03
8.546000000000000000e+03 1.766516816642220074e+05 -8.550430547765719425e-03
8.547000000000000000e+03 1.766723523501176678e+05 -9.162578587446068568e-03
8.548000000000000000e+03 1.766930230360133282e+05 -1.027123047182210147e-02
8.549000000000000000e+03 1.767136937219089887e+05 -1.162543183158648574e-02
8.550000000000000000e+03 1.767343644078046491e+05 -1.291202328707963254e-02
8.551000000000000000e+03 1.767550350937003095e+05 -1.382545361222930862e-02
8.552000000000000000e+03 1.767757057795959699e+05 -1.413727707229917203e-02
8.553000000000000000e+03 1.767963764654916304e+05 -1.374961308198041632e-02
8.554000000000000000e+03 1.768170471513872908e+05 -1.272018974034483385e-02
8.555000000000000000e+03 1.768377178372829512e+05 -1.125280020383112589e-02
8.556000000000000000e+03 1.768583885231786116e+05 -9.654701907690188545e-03
8.557000000000000000e+03 1.768790592090742721e+05 -8.269951779347806120e-03
8.558000000000000000e+03 1.768997298949699325e+05 -7.403197200658240273e-03
8.559000000000000000e+03 1.769204005808655929e+05 -7.250767355767073763e-03
8.560000000000000000e+03 1.769410712667612534e+05 -7.854509030199297026e-03
8.561000000000000000e+03 1.769617419526569138e+05 -9.089006221655204776e-03
8.562000000000000000e+03 1.769824126385525742e+05 -1.068565326510295677e-02
8.563000000000000000e+03 1.770030833244482346e+05 -1.228901583453900770e-02
8.564000000000000000e+03 1.770237540103438951e+05 -1.353369703343543229e-02
8.565000000000000000e+03 1.770444246962395555e+05 -1.412511129852456367e-02
8.566000000000000000e+03 1.770650953821352159e+05 -1.390631202438774583e-02
8.567000000000000000e+03 1.770857660680308763e+05 -1.289572600048016771e-02
8.568000000000000000e+03 1.771064367539265368e+05 -1.128681745120907465e-02
8.569000000000000000e+03 1.771271074398221972e+05 -9.409018489721865386e-03
8.570000000000000000e+03 1.771477781257178576e+05 -7.657882435179620174e-03
8.571000000000000000e+03 1.771684488116135180e+05 -6.409390838094775056e-03
8.572000000000000000e+03 1.771891194975091785e+05 -5.937066264604107246e-03
8.573000000000000000e+03 1.772097901834048389e+05 -6.350154432773202906e-03
8.574000000000000000e+03 1.772304608693004993e+05 -7.566743047601964811e-03
8.575000000000000000e+03 1.772511315551961598e+05 -9.328254736805319247e-03
8.576000000000000000e+03 1.772718022410918202e+05 -1.125284865193815209e-02
8.577000000000000000e+03 1.772924729269874806e+05 -1.291672720901654303e-02
8.578000000000000000e+03 1.773131436128831410e+05 -1.394599972822413436e-02
8.579000000000000000e+03 1.773338142987788015e+05 -1.409908199306780796e-02
8.580000000000000000e+03 1.773544849846744619e+05 -1.332134569135318310e-02
8.581000000000000000e+03 1.773751556705701223e+05 -1.175959861792047478e-02
8.582000000000000000e+03 1.773958263564657827e+05 -9.732714013200804981e-03
8.583000000000000000e+03 1.774164970423614432e+05 -7.664391677886350784e-03
8.584000000000000000e+03 1.774371677282571036e+05 -5.992445166115301092e-03
8.585000000000000000e+03 1.774578384141527640e+05 -5.074250972335492271e-03
8.586000000000000000e+03 1.774785091000484244e+05 -5.108888209997886065e-03
8.587000000000000000e+03 1.774991797859440849e+05 -6.092901457024568757e-03
8.588000000000000000e+03 1.775198504718397453e+05 -7.819407411680856512e-03
8.589000000000000000e+03 1.775405211577354057e+05 -9.921010650156603106e-03
8.590000000000000000e+03 1.775611918436310661e+05 -1.194759818995871914e-02
8.591000000000000000e+03 1.775818625295267266e+05 -1.346248331914545911e-02
8.592000000000000000e+03 1.776025332154223870e+05 -1.413623395359153538e-02
8.593000000000000000e+03 1.776232039013180474e+05 -1.381785953944503209e-02
8.594000000000000000e+03 1.776438745872137079e+05 -1.256785460763776285e-02
8.595000000000000000e+03 1.776645452731093683e+05 -1.064585788927596699e-02
8.596000000000000000e+03 1.776852159590050287e+05 -8.455544067856646251e-03
8.597000000000000000e+03 1.777058866449006891e+05 -6.458637165579428352e-03
8.598000000000000000e+03 1.777265573307963496e+05 -5.076571938428309227e-03
8.599000000000000000e+03 1.777472280166920100e+05 -4.600883479946638044e-03
8.600000000000000000e+03 1.777678987025876704e+05 -5.131386223181821915e-03
8.601000000000000000e+03 1.777885693884833308e+05 -6.555171168491524814e-03
8.602000000000000000e+03 1.778092400743789913e+05 -8.570775876562686246e-03
8.603000000000000000e+03 1.778299107602746517e+05 -1.075236326024547884e-02
8.604000000000000000e+03 1.778505814461703121e+05 -1.264028384208110145e-02
8.605000000000000000e+03 1.778712521320659725e+05 -1.383873929795931094e-02
8.606000000000000000e+03 1.778919228179616330e+05 -1.409968460644095423e-02
8.607000000000000000e+03 1.779125935038572934e+05 -1.337503308650656031e-02
8.608000000000000000e+03 1.779332641897529538e+05 -1.182606081397657993e-02
8.609000000000000000e+03 1.779539348756486143e+05 -9.788141948784689905e-03
8.610000000000000000e+03 1.779746055615442747e+05 -7.698559668866621596e-03
8.611000000000000000e+03 1.779952762474399351e+05 -6.003032159882459862e-03
8.612000000000000000e+03 1.780159469333355955e+05 -5.061047981143096397e-03
8.613000000000000000e+03 1.780366176192312560e+05 -5.070179965947330114e-03
8.614000000000000000e+03 1.780572883051269164e+05 -6.025316404563330064e-03
8.615000000000000000e+03 1.780779589910225768e+05 -7.721225093511141502e-03
8.616000000000000000e+03 1.780986296769182372e+05 -9.797670160952121066e-03
8.617000000000000000e+03 1.781193003628138977e+05 -1.181729773710282760e-02
8.618000000000000000e+03 1.781399710487095581e+05 -1.335952287839703434e-02
8.619000000000000000e+03 1.781606417346052185e+05 -1.411019780191724582e-02
8.620000000000000000e+03 1.781813124205008789e+05 -1.392775916382715806e-02
8.621000000000000000e+03 1.782019831063965394e+05 -1.287170894037537039e-02
8.622000000000000000e+03 1.782226537922921998e+05 -1.118755021434147956e-02
8.623000000000000000e+03 1.782433244781878602e+05 -9.251827252684807767e-03
8.624000000000000000e+03 1.782639951640835206e+05 -7.489584456022990722e-03
8.625000000000000000e+03 1.782846658499791811e+05 -6.282434987089247080e-03
8.626000000000000000e+03 1.783053365358748415e+05 -5.887233472701258741e-03
8.627000000000000000e+03 1.783260072217705019e+05 -6.382756109268084010e-03
8.628000000000000000e+03 1.783466779076661624e+05 -7.655493882455954857e-03
8.629000000000000000e+03 1.783673485935618228e+05 -9.427108677990736485e-03
8.630000000000000000e+03 1.783880192794574832e+05 -1.131711346017288955e-02
8.631000000000000000e+03 1.784086899653531436e+05 -1.292678056930024466e-02
8.632000000000000000e+03 1.784293606512488041e+05 -1.392576692148178585e-02
8.633000000000000000e+03 1.784500313371444645e+05 -1.412250180550639334e-02
8.634000000000000000e+03 1.784707020230401249e+05 -1.350315357487480439e-02
8.635000000000000000e+03 1.784913727089357853e+05 -1.223112217454930262e-02
8.636000000000000000e+03 1.785120433948314458e+05 -1.060784638133321911e-02
8.637000000000000000e+03 1.785327140807271062e+05 -9.004243679032186698e-03
8.638000000000000000e+03 1.785533847666227666e+05 -7.778398556052223967e-03
8.639000000000000000e+03 1.785740554525184270e+05 -7.197809840159052897e-03
8.640000000000000000e+03 1.785947261384140875e+05 -7.383093205995172603e-03
8.641000000000000000e+03 1.786153968243097479e+05 -8.284962826076047726e-03
8.642000000000000000e+03 1.786360675102054083e+05 -9.698817337184473253e-03
8.643000000000000000e+03 1.786567381961010688e+05 -1.131299562817300597e-02
8.644000000000000000e+03 1.786774088819967292e+05 -1.277949768159014621e-02
8.645000000000000000e+03 1.786980795678923896e+05 -1.379122016701517413e-02
8.646000000000000000e+03 1.787187502537880500e+05 -1.414856700814337565e-02
8.647000000000000000e+03 1.787394209396837105e+05 -1.380092600739557356e-02
8.648000000000000000e+03 1.787600916255793709e+05 -1.285433734032781494e-02
8.649000000000000000e+03 1.787807623114750313e+05 -1.154435587165003607e-02
8.650000000000000000e+03 1.788014329973706917e+05 -1.018086136353946181e-02
8.651000000000000000e+03 1.788221036832663522e+05 -9.077654004249702258e-03
8.652000000000000000e+03 1.788427743691620126e+05 -8.482760965580926626e-03
8.653000000000000000e+03 1.788634450550576730e+05 -8.524862483019368664e-03
8.654000000000000000e+03 1.788841157409533334e+05 -9.187347998379669090e-03
8.655000000000000000e+03 1.789047864268489939e+05 -1.031519195419822177e-02
8.656000000000000000e+03 1.789254571127446543e+05 -1.165251880971418519e-02
8.657000000000000000e+03 1.789461277986403147e+05 -1.290198501768025086e-02
8.658000000000000000e+03 1.789667984845359751e+05 -1.379238256763481996e-02
8.659000000000000000e+03 1.789874691704316356e+05 -1.413919573855704388e-02
8.660000000000000000e+03 1.790081398563272960e+05 -1.388460045803874450e-02
8.661000000000000000e+03 1.790288105422229564e+05 -1.310818664981205917e-02
8.662000000000000000e+03 1.790494812281186169e+05 -1.200640430763488808e-02
8.663000000000000000e+03 1.790701519140142773e+05 -1.084583638131508820e-02
8.664000000000000000e+03 1.790908225999099377e+05 -9.901262552388656601e-03
8.665000000000000000e+03 1.791114932858055981e+05 -9.392776175175643338e-03
8.666000000000000000e+03 1.791321639717012586e+05 -9.436240113698590726e-03
8.667000000000000000e+03 1.791528346575969190e+05 -1.001816985530556980e-02
8.668000000000000000e+03 1.791735053434925794e+05 -1.100048922327034884e-02
8.669000000000000000e+03 1.791941760293882398e+05 -1.215379875765165707e-02
8.670000000000000000e+03 1.792148467152839003e+05 -1.321133392842915866e-02
8.671000000000000000e+03 1.792355174011795607e+05 -1.393110106502698335e-02
8.672000000000000000e+03 1.792561880870752211e+05 -1.415183406169734197e-02
8.673000000000000000e+03 1.792768587729708815e+05 -1.382986910299705170e-02
8.674000000000000000e+03 1.792975294588665420e+05 -1.304848068508374093e-02
8.675000000000000000e+03 1.793182001447622024e+05 -1.199763615044752152e-02
8.676000000000000000e+03 1.793388708306578628e+05 -1.092900653185530091e-02
8.677000000000000000e+03 1.793595415165535233e+05 -1.009680283716812843e-02
8.678000000000000000e+03 1.793802122024491837e+05 -9.698250048746637209e-03
8.679000000000000000e+03 1.794008828883448441e+05 -9.827529547494939788e-03
8.680000000000000000e+03 1.794215535742405045e+05 -1.045384808706245616e-02
8.681000000000000000e+03 1.794422242601361650e+05 -1.142869246272865125e-02
8.682000000000000000e+03 1.794628949460318254e+05 -1.252058946912210091e-02
8.683000000000000000e+03 1.794835656319274858e+05 -1.346932794636074120e-02
8.684000000000000000e+03 1.795042363178231462e+05 -1.404705667423739035e-02
8.685000000000000000e+03 1.795249070037188067e+05 -1.411201445166871023e-02
8.686000000000000000e+03 1.795455776896144671e+05 -1.364230241683767053e-02
8.687000000000000000e+03 1.795662483755101275e+05 -1.274172087815200749e-02
8.688000000000000000e+03 1.795869190614057879e+05 -1.161619494667393004e-02
8.689000000000000000e+03 1.796075897473014484e+05 -1.052617631084873384e-02
8.690000000000000000e+03 1.796282604331971088e+05 -9.726016487795918763e-03
8.691000000000000000e+03 1.796489311190927692e+05 -9.404349468908224097e-03
8.692000000000000000e+03 1.796696018049884296e+05 -9.639310628645425538e-03
8.693000000000000000e+03 1.796902724908840901e+05 -1.037903737673828708e-02
8.694000000000000000e+03 1.797109431767797505e+05 -1.145214293102003733e-02
8.695000000000000000e+03 1.797316138626754109e+05 -1.260602419765766147e-02
8.696000000000000000e+03 1.797522845485710714e+05 -1.356447106630076331e-02
8.697000000000000000e+03 1.797729552344667318e+05 -1.409152166386762328e-02
8.698000000000000000e+03 1.797936259203623922e+05 -1.404691379769085376e-02
8.699000000000000000e+03 1.798142966062580526e+05 -1.342023606281150978e-02
8.700000000000000000e+03 1.798349672921537131e+05 -1.233562865709603162e-02
8.701000000000000000e+03 1.798556379780493735e+05 -1.102555970070218105e-02
8.702000000000000000e+03 1.798763086639450339e+05 -9.779281969129638430e-03
8.703000000000000000e+03 1.798969793498406943e+05 -8.877427720529740274e-03
8.704000000000000000e+03 1.799176500357363548e+05 -8.527476116417742613e-03
8.705000000000000000e+03 1.799383207216320152e+05 -8.814781883346778368e-03
8.706000000000000000e+03 1.799589914075276756e+05 -9.680507574621299849e-03
8.707000000000000000e+03 1.799796620934233360e+05 -1.093190490949758065e-02
8.708000000000000000e+03 1.800003327793189965e+05 -1.228321874981264106e-02
8.709000000000000000e+03 1.800210034652146569e+05 -1.341857649029498667e-02
8.710000000000000000e+03 1.800416741511103173e+05 -1.406309325378707169e-02
8.711000000000000000e+03 1.800623448370059778e+05 -1.404626609752634980e-02
8.712000000000000000e+03 1.800830155229016382e+05 -1.334312912636182076e-02
8.713000000000000000e+03 1.801036862087972986e+05 -1.208337435338868726e-02
8.714000000000000000e+03 1.801243568946929590e+05 -1.052570452098600118e-02
8.715000000000000000e+03 1.801450275805886195e+05 -9.002505223180690130e-03
8.716000000000000000e+03 1.801656982664842799e+05 -7.846726925161084942e-03
8.717000000000000000e+03 1.801863689523799403e+05 -7.317078818541488359e-03
8.718000000000000000e+03 1.802070396382756007e+05 -7.538272620867147999e-03
8.719000000000000000e+03 1.802277103241712612e+05 -8.469963093440502355e-03
8.720000000000000000e+03 1.802483810100669216e+05 -9.911892498795205064e-03
8.721000000000000000e+03 1.802690516959625820e+05 -1.154486613256311411e-02
8.722000000000000000e+03 1.802897223818582424e+05 -1.299922172121387165e-02
8.723000000000000000e+03 1.803103930677539029e+05 -1.393612662420412596e-02
8.724000000000000000e+03 1.803310637536495633e+05 -1.412380682057850882e-02
8.725000000000000000e+03 1.803517344395452237e+05 -1.349153074092651790e-02
8.726000000000000000e+03 1.803724051254408841e+05 -1.214880265454215680e-02
8.727000000000000000e+03 1.803930758113365446e+05 -1.036479931519890263e-02
8.728000000000000000e+03 1.804137464972322050e+05 -8.511930866143047059e-03
8.729000000000000000e+03 1.804344171831278654e+05 -6.985514565975792234e-03
8.730000000000000000e+03 1.804550878690235259e+05 -6.117045417906141758e-03
8.731000000000000000e+03 1.804757585549191863e+05 -6.100158559848356532e-03
8.732000000000000000e+03 1.804964292408148467e+05 -6.945756482894748472e-03
8.733000000000000000e+03 1.805170999267105071e+05 -8.476540960476952602e-03
8.734000000000000000e+03 1.805377706126061676e+05 -1.036270707555914106e-02
8.735000000000000000e+03 1.805584412985018280e+05 -1.219159749228854173e-02
8.736000000000000000e+03 1.805791119843974884e+05 -1.355655979790831682e-02
8.737000000000000000e+03 1.805997826702931488e+05 -1.414577695374102939e-02
8.738000000000000000e+03 1.806204533561888093e+05 -1.381154880611950957e-02
8.739000000000000000e+03 1.806411240420844697e+05 -1.260456620384853288e-02
8.740000000000000000e+03 1.806617947279801301e+05 -1.076528497892692560e-02
8.741000000000000000e+03 1.806824654138757905e+05 -8.673896714804008035e-03
8.742000000000000000e+03 1.807031360997714510e+05 -6.769507493774584717e-03
8.743000000000000000e+03 1.807238067856671114e+05 -5.455926792330423325e-03
8.744000000000000000e+03 1.807444774715627718e+05 -5.014416338789073890e-03
8.745000000000000000e+03 1.807651481574584323e+05 -5.542242235023475683e-03
8.746000000000000000e+03 1.807858188433540927e+05 -6.930333954017597886e-03
8.747000000000000000e+03 1.808064895292497531e+05 -8.885037723853073111e-03
8.748000000000000000e+03 1.808271602151454135e+05 -1.098959334565985380e-02
8.749000000000000000e+03 1.808478309010410740e+05 -1.279245351901969752e-02
8.750000000000000000e+03 1.808685015869367344e+05 -1.390368223339955023e-02
8.751000000000000000e+03 1.808891722728323948e+05 -1.407875021562532587e-02
8.752000000000000000e+03 1.809098429587280552e+05 -1.327161114187669355e-02
8.753000000000000000e+03 1.809305136446237157e+05 -1.164548606326093472e-02
8.754000000000000000e+03 1.809511843305193761e+05 -9.538879426325308497e-03
8.755000000000000000e+03 1.809718550164150365e+05 -7.394008422429376726e-03
8.756000000000000000e+03 1.809925257023106969e+05 -5.662935969114213375e-03
8.757000000000000000e+03 1.810131963882063574e+05 -4.711474455209530010e-03
8.758000000000000000e+03 1.810338670741020178e+05 -4.741345098110805178e-03
8.759000000000000000e+03 1.810545377599976782e+05 -5.747121430527635244e-03
8.760000000000000000e+03 1.810752084458933386e+05 -7.517095630293068285e-03
8.761000000000000000e+03 1.810958791317889991e+05 -9.677960010594066631e-03
8.762000000000000000e+03 1.811165498176846595e+05 -1.177394926516450724e-02
8.763000000000000000e+03 1.811372205035803199e+05 -1.336370667608177687e-02
8.764000000000000000e+03 1.811578911894759804e+05 -1.411421541710400351e-02
8.765000000000000000e+03 1.811785618753716408e+05 -1.387163170079352970e-02
8.766000000000000000e+03 1.811992325612673012e+05 -1.269375882674683709e-02
8.767000000000000000e+03 1.812199032471629616e+05 -1.083716898526421168e-02
8.768000000000000000e+03 1.812405739330586221e+05 -8.701797988438508824e-03
8.769000000000000000e+03 1.812612446189542825e+05 -6.745046362489848235e-03
8.770000000000000000e+03 1.812819153048499429e+05 -5.383979910029146332e-03
8.771000000000000000e+03 1.813025859907456033e+05 -4.906682751997570868e-03
8.772000000000000000e+03 1.813232566766412638e+05 -5.411684135878558344e-03
8.773000000000000000e+03 1.813439273625369242e+05 -6.788226376354456783e-03
8.774000000000000000e+03 1.813645980484325846e+05 -8.741365291903502310e-03
8.775000000000000000e+03 1.813852687343282450e+05 -1.085633716490058687e-02
8.776000000000000000e+03 1.814059394202239055e+05 -1.268823154351855775e-02
8.777000000000000000e+03 1.814266101061195659e+05 -1.385754640237818469e-02
8.778000000000000000e+03 1.814472807920152263e+05 -1.413092732593462797e-02
8.779000000000000000e+03 1.814679514779108868e+05 -1.346967682417860024e-02
8.780000000000000000e+03 1.814886221638065472e+05 -1.203576393486810447e-02
8.781000000000000000e+03 1.815092928497022076e+05 -1.015444962731265610e-02
8.782000000000000000e+03 1.815299635355978680e+05 -8.242146882489753690e-03
8.783000000000000000e+03 1.815506342214935285e+05 -6.715625795223667538e-03
8.784000000000000000e+03 1.815713049073891889e+05 -5.902499382186343624e-03
8.785000000000000000e+03 1.815919755932848493e+05 -5.972303350577190528e-03
8.786000000000000000e+03 1.816126462791805097e+05 -6.902682343507215122e-03
8.787000000000000000e+03 1.816333169650761702e+05 -8.487397030862431357e-03
8.788000000000000000e+03 1.816539876509718306e+05 -1.038379775677211736e-02
8.789000000000000000e+03 1.816746583368674910e+05 -1.218896321406337524e-02
8.790000000000000000e+03 1.816953290227631514e+05 -1.352763012515678653e-02
8.791000000000000000e+03 1.817159997086588119e+05 -1.413265858875578651e-02
8.792000000000000000e+03 1.817366703945544723e+05 -1.390064268853241809e-02
8.793000000000000000e+03 1.817573410804501327e+05 -1.291097061981039129e-02
8.794000000000000000e+03 1.817780117663457931e+05 -1.140484403441699435e-02
8.795000000000000000e+03 1.817986824522414536e+05 -9.729602117634184033e-03
8.796000000000000000e+03 1.818193531381371140e+05 -8.261180503191023483e-03
8.797000000000000000e+03 1.818400238240327744e+05 -7.322033786126558308e-03
8.798000000000000000e+03 1.818606945099284349e+05 -7.112441975101912138e-03
8.799000000000000000e+03 1.818813651958240953e+05 -7.669799861402981644e-03
8.800000000000000000e+03 1.819020358817197557e+05 -8.864114320376204059e-03
8.801000000000000000e+03 1.819227065676154161e+05 -1.042996193164141827e-02
8.802000000000000000e+03 1.819433772535110766e+05 -1.202728709253275685e-02
8.803000000000000000e+03 1.819640479394067370e+05 -1.331728572992085628e-02
8.804000000000000000e+03 1.819847186253023974e+05 -1.403652067137572783e-02
8.805000000000000000e+03 1.820053893111980578e+05 -1.405303593228457611e-02
8.806000000000000000e+03 1.820260599970937183e+05 -1.339244172507958464e-02
8.807000000000000000e+03 1.820467306829893787e+05 -1.222876551958784752e-02
8.808000000000000000e+03 1.820674013688850391e+05 -1.084274602202095483e-02
8.809000000000000000e+03 1.820880720547806995e+05 -9.557407046267951678e-03
8.810000000000000000e+03 1.821087427406763600e+05 -8.665597355351217779e-03
8.811000000000000000e+03 1.821294134265720204e+05 -8.365680248731077739e-03
8.812000000000000000e+03 1.821500841124676808e+05 -8.719446701558664081e-03
8.813000000000000000e+03 1.821707547983633413e+05 -9.641167933692962322e-03
8.814000000000000000e+03 1.821914254842590017e+05 -1.091969343315546404e-02
8.815000000000000000e+03 1.822120961701546621e+05 -1.226817475413954917e-02
8.816000000000000000e+03 1.822327668560503225e+05 -1.338992489400259167e-02
8.817000000000000000e+03 1.822534375419459830e+05 -1.404542845578316164e-02
8.818000000000000000e+03 1.822741082278416434e+05 -1.410539333639465771e-02
8.819000000000000000e+03 1.822947789137373038e+05 -1.357803045475464154e-02
8.820000000000000000e+03 1.823154495996329642e+05 -1.260471606414542700e-02
8.821000000000000000e+03 1.823361202855286247e+05 -1.142544977149911878e-02
8.822000000000000000e+03 1.823567909714242851e+05 -1.032238829533665969e-02
8.823000000000000000e+03 1.823774616573199455e+05 -9.554629077050125208e-03
8.824000000000000000e+03 1.823981323432156059e+05 -9.299235132605276899e-03
8.825000000000000000e+03 1.824188030291112664e+05 -9.611867019818254310e-03
8.826000000000000000e+03 1.824394737150069268e+05 -1.041575672596034563e-02
8.827000000000000000e+03 1.824601444009025872e+05 -1.152121773139530569e-02
8.828000000000000000e+03 1.824808150867982476e+05 -1.267091392634062119e-02
8.829000000000000000e+03 1.825014857726939081e+05 -1.360025751956445150e-02
8.830000000000000000e+03 1.825221564585895685e+05 -1.409889048876894480e-02
8.831000000000000000e+03 1.825428271444852289e+05 -1.405902423562815917e-02
8.832000000000000000e+03 1.825634978303808894e+05 -1.349953163818168322e-02
8.833000000000000000e+03 1.825841685162765498e+05 -1.256038285832267176e-02
8.834000000000000000e+03 1.826048392021722102e+05 -1.146894655982738653e-02
8.835000000000000000e+03 1.826255098880678706e+05 -1.048620491361279550e-02
8.836000000000000000e+03 1.826461805739635311e+05 -9.845525434370616669e-03
8.837000000000000000e+03 1.826668512598591915e+05 -9.698245280288508852e-03
8.838000000000000000e+03 1.826875219457548519e+05 -1.007862857490537944e-02
8.839000000000000000e+03 1.827081926316505123e+05 -1.089620361392906744e-02
8.840000000000000000e+03 1.827288633175461728e+05 -1.195715101991579044e-02
8.841000000000000000e+03 1.827495340034418332e+05 -1.300973249943215837e-02
8.842000000000000000e+03 1.827702046893374936e+05 -1.380321802318995594e-02
8.843000000000000000e+03 1.827908753752331540e+05 -1.414664242593765935e-02
8.844000000000000000e+03 1.828115460611288145e+05 -1.395373829382517798e-02
8.845000000000000000e+03 1.828322167470244749e+05 -1.326357271614686528e-02
8.846000000000000000e+03 1.828528874329201353e+05 -1.223203535326711222e-02
8.847000000000000000e+03 1.828735581188157958e+05 -1.109607708470583542e-02
8.848000000000000000e+03 1.828942288047114562e+05 -1.011890883767230243e-02
8.849000000000000000e+03 1.829148994906071166e+05 -9.528775450252768842e-03
8.850000000000000000e+03 1.829355701765027770e+05 -9.465413782152043431e-03
8.851000000000000000e+03 1.829562408623984375e+05 -9.946572229157291112e-03
8.852000000000000000e+03 1.829769115482940979e+05 -1.086243404169895399e-02
8.853000000000000000e+03 1.829975822341897583e+05 -1.199947820654656550e-02
8.854000000000000000e+03 1.830182529200854187e+05 -1.308861919551496111e-02
8.855000000000000000e+03 1.830389236059810792e+05 -1.386686432704476064e-02
8.856000000000000000e+03 1.830595942918767396e+05 -1.413848584918819817e-02
8.857000000000000000e+03 1.830802649777724000e+05 -1.382161065614073703e-02
8.858000000000000000e+03 1.831009356636680604e+05 -1.296927180872164964e-02
8.859000000000000000e+03 1.831216063495637209e+05 -1.175967675396727419e-02
8.860000000000000000e+03 1.831422770354593813e+05 -1.045744751444976917e-02
8.861000000000000000e+03 1.831629477213550417e+05 -9.354278217787448391e-03
8.862000000000000000e+03 1.831836184072507021e+05 -8.702286927784186332e-03
8.863000000000000000e+03 1.832042890931463626e+05 -8.655185599064085800e-03
8.864000000000000000e+03 1.832249597790420230e+05 -9.230822771904789725e-03
8.865000000000000000e+03 1.832456304649376834e+05 -1.030401710538830784e-02
8.866000000000000000e+03 1.832663011508333439e+05 -1.163190896751920000e-02
8.867000000000000000e+03 1.832869718367290043e+05 -1.290675125249773902e-02
8.868000000000000000e+03 1.833076425226246647e+05 -1.382472888460301030e-02
8.869000000000000000e+03 1.833283132085203251e+05 -1.415548134568961509e-02
8.870000000000000000e+03 1.833489838944159856e+05 -1.379647824950685879e-02
8.871000000000000000e+03 1.833696545803116460e+05 -1.279949667855834194e-02
8.872000000000000000e+03 1.833903252662073064e+05 -1.136255360010879345e-02
8.873000000000000000e+03 1.834109959521029668e+05 -9.788410693799598494e-03
8.874000000000000000e+03 1.834316666379986273e+05 -8.418423057905799478e-03
8.875000000000000000e+03 1.834523373238942877e+05 -7.556267614117595510e-03
8.876000000000000000e+03 1.834730080097899481e+05 -7.398605569770511960e-03
8.877000000000000000e+03 1.834936786956856085e+05 -7.988416705835554854e-03
8.878000000000000000e+03 1.835143493815812690e+05 -9.201893997331789254e-03
8.879000000000000000e+03 1.835350200674769294e+05 -1.077247396159480841e-02
8.880000000000000000e+03 1.835556907533725898e+05 -1.234736388886409353e-02
8.881000000000000000e+03 1.835763614392682503e+05 -1.356457008185612927e-02
8.882000000000000000e+03 1.835970321251639107e+05 -1.413357673261145253e-02
8.883000000000000000e+03 1.836177028110595711e+05 -1.390165287101058182e-02
8.884000000000000000e+03 1.836383734969552315e+05 -1.289065640762382392e-02
8.885000000000000000e+03 1.836590441828508920e+05 -1.129558773678024375e-02
8.886000000000000000e+03 1.836797148687465524e+05 -9.444611169811323315e-03
8.887000000000000000e+03 1.837003855546422128e+05 -7.728897570789873030e-03
8.888000000000000000e+03 1.837210562405378732e+05 -6.517472214776387496e-03
8.889000000000000000e+03 1.837417269264335337e+05 -6.075712013138834244e-03
8.890000000000000000e+03 1.837623976123291941e+05 -6.505459229245280639e-03
8.891000000000000000e+03 1.837830682982248545e+05 -7.720106846513031564e-03
8.892000000000000000e+03 1.838037389841205149e+05 -9.460512815422039701e-03
8.893000000000000000e+03 1.838244096700161754e+05 -1.134880755187162027e-02
8.894000000000000000e+03 1.838450803559118358e+05 -1.296888907635507238e-02
8.895000000000000000e+03 1.838657510418074962e+05 -1.395641215781073981e-02
8.896000000000000000e+03 1.838864217277031566e+05 -1.407874200950198773e-02
8.897000000000000000e+03 1.839070924135988171e+05 -1.328727917852079443e-02
8.898000000000000000e+03 1.839277630994944775e+05 -1.173041602421176499e-02
8.899000000000000000e+03 1.839484337853901379e+05 -9.723889495375337422e-03
8.900000000000000000e+03 1.839691044712857984e+05 -7.684579047948447705e-03
8.901000000000000000e+03 1.839897751571814588e+05 -6.041809566352862593e-03
8.902000000000000000e+03 1.840104458430771192e+05 -5.145173445775974574e-03
8.903000000000000000e+03 1.840311165289727796e+05 -5.188695809169863171e-03
8.904000000000000000e+03 1.840517872148684401e+05 -6.167709228448392533e-03
8.905000000000000000e+03 1.840724579007641005e+05 -7.877894757082171129e-03
8.906000000000000000e+03 1.840931285866597609e+05 -9.957056995090474150e-03
8.907000000000000000e+03 1.841137992725554213e+05 -1.196112550644068406e-02
8.908000000000000000e+03 1.841344699584510818e+05 -1.345845568729919783e-02
8.909000000000000000e+03 1.841551406443467422e+05 -1.412235004373818548e-02
8.910000000000000000e+03 1.841758113302424026e+05 -1.380184839485909531e-02
8.911000000000000000e+03 1.841964820161380630e+05 -1.255532591529595621e-02
8.912000000000000000e+03 1.842171527020337235e+05 -1.063936317098990170e-02
8.913000000000000000e+03 1.842378233879293839e+05 -8.454995880580185030e-03
8.914000000000000000e+03 1.842584940738250443e+05 -6.462705788457978606e-03
8.915000000000000000e+03 1.842791647597207048e+05 -5.084328390568160216e-03
8.916000000000000000e+03 1.842998354456163652e+05 -4.612905163735692149e-03
8.917000000000000000e+03 1.843205061315120256e+05 -5.149793853517437014e-03
8.918000000000000000e+03 1.843411768174076860e+05 -6.582521295445564746e-03
8.919000000000000000e+03 1.843618475033033465e+05 -8.608224209719961273e-03
8.920000000000000000e+03 1.843825181891990069e+05 -1.079786229340606862e-02
8.921000000000000000e+03 1.844031888750946673e+05 -1.268765090017270891e-02
8.922000000000000000e+03 1.844238595609903277e+05 -1.387818425348202704e-02
8.923000000000000000e+03 1.844445302468859882e+05 -1.411988861634599912e-02
8.924000000000000000e+03 1.844652009327816486e+05 -1.336628788697652621e-02
8.925000000000000000e+03 1.844858716186773090e+05 -1.178352328649762137e-02
8.926000000000000000e+03 1.845065423045729694e+05 -9.714107435867369578e-03
8.927000000000000000e+03 1.845272129904686299e+05 -7.602882750700479253e-03
8.928000000000000000e+03 1.845478836763642903e+05 -5.901363012519977858e-03
8.929000000000000000e+03 1.845685543622599507e+05 -4.971229773575558397e-03
8.930000000000000000e+03 1.845892250481556111e+05 -5.007744192541796480e-03
8.931000000000000000e+03 1.846098957340512716e+05 -5.999328327158881535e-03
8.932000000000000000e+03 1.846305664199469320e+05 -7.731673282748817953e-03
8.933000000000000000e+03 1.846512371058425924e+05 -9.835178738098415696e-03
8.934000000000000000e+03 1.846719077917382529e+05 -1.186528645930945425e-02
8.935000000000000000e+03 1.846925784776339133e+05 -1.339824003207651382e-02
8.936000000000000000e+03 1.847132491635295737e+05 -1.412151735776373540e-02
8.937000000000000000e+03 1.847339198494252341e+05 -1.389943508244417814e-02
8.938000000000000000e+03 1.847545905353208946e+05 -1.279997686022049663e-02
8.939000000000000000e+03 1.847752612212165550e+05 -1.107748813735398574e-02
8.940000000000000000e+03 1.847959319071122154e+05 -9.115553977405377317e-03
8.941000000000000000e+03 1.848166025930078758e+05 -7.342968877252387117e-03
8.942000000000000000e+03 1.848372732789035363e+05 -6.141330181544168987e-03
8.943000000000000000e+03 1.848579439647991967e+05 -5.764253714660050321e-03
8.944000000000000000e+03 1.848786146506948571e+05 -6.285317641074483763e-03
8.945000000000000000e+03 1.848992853365905175e+05 -7.585369831722865719e-03
8.946000000000000000e+03 1.849199560224861780e+05 -9.381273260911981993e-03
8.947000000000000000e+03 1.849406267083818384e+05 -1.128932168076246523e-02
8.948000000000000000e+03 1.849612973942774988e+05 -1.290923757397821614e-02
8.949000000000000000e+03 1.849819680801731593e+05 -1.391039155225048778e-02
8.950000000000000000e+03 1.850026387660688197e+05 -1.410160095452073041e-02
8.951000000000000000e+03 1.850233094519644801e+05 -1.346965833957680658e-02
8.952000000000000000e+03 1.850439801378601405e+05 -1.217874941426921875e-02
8.953000000000000000e+03 1.850646508237558010e+05 -1.053155112570641760e-02
8.954000000000000000e+03 1.850853215096514614e+05 -8.901123133667254717e-03
8.955000000000000000e+03 1.851059921955471218e+05 -7.648891717049133288e-03
8.956000000000000000e+03 1.851266628814427822e+05 -7.046751003278062253e-03
8.957000000000000000e+03 1.851473335673384427e+05 -7.220054505395035772e-03
8.958000000000000000e+03 1.851680042532341031e+05 -8.123429548435645575e-03
8.959000000000000000e+03 1.851886749391297635e+05 -9.554063208549345987e-03
8.960000000000000000e+03 1.852093456250254239e+05 -1.119896649166296498e-02
8.961000000000000000e+03 1.852300163109210844e+05 -1.270542302217725350e-02
8.962000000000000000e+03 1.852506869968167448e+05 -1.375889969566279451e-02
8.963000000000000000e+03 1.852713576827124052e+05 -1.415121891392512321e-02
8.964000000000000000e+03 1.852920283686080656e+05 -1.382412122450893573e-02
8.965000000000000000e+03 1.853126990545037261e+05 -1.287897294492723610e-02
8.966000000000000000e+03 1.853333697403993865e+05 -1.155101375345579662e-02
8.967000000000000000e+03 1.853540404262950469e+05 -1.015445182817387160e-02
8.968000000000000000e+03 1.853747111121907074e+05 -9.011108598351080801e-03
8.969000000000000000e+03 1.853953817980863678e+05 -8.378766014080274438e-03
8.970000000000000000e+03 1.854160524839820282e+05 -8.395149433070181466e-03
8.971000000000000000e+03 1.854367231698776886e+05 -9.049721957282763629e-03
8.972000000000000000e+03 1.854573938557733491e+05 -1.018909125171968411e-02
8.973000000000000000e+03 1.854780645416690095e+05 -1.155428254215323802e-02
8.974000000000000000e+03 1.854987352275646699e+05 -1.284105675262764423e-02
8.975000000000000000e+03 1.855194059134603303e+05 -1.376938712712377950e-02
8.976000000000000000e+03 1.855400765993559908e+05 -1.414628342437390489e-02
8.977000000000000000e+03 1.855607472852516512e+05 -1.390782613259994305e-02
8.978000000000000000e+03 1.855814179711473116e+05 -1.313116900049920988e-02
8.979000000000000000e+03 1.856020886570429720e+05 -1.201424111712462439e-02
8.980000000000000000e+03 1.856227593429386325e+05 -1.082829278778724147e-02
8.981000000000000000e+03 1.856434300288342929e+05 -9.854556379082224371e-03
8.982000000000000000e+03 1.856641007147299533e+05 -9.319734245055111277e-03
8.983000000000000000e+03 1.856847714006256138e+05 -9.345039977322333602e-03
8.984000000000000000e+03 1.857054420865212742e+05 -9.920185609906650992e-03
8.985000000000000000e+03 1.857261127724169346e+05 -1.090786415123240483e-02
8.986000000000000000e+03 1.857467834583125950e+05 -1.207728109231770430e-02
8.987000000000000000e+03 1.857674541442082555e+05 -1.315870372713484615e-02
8.988000000000000000e+03 1.857881248301039159e+05 -1.390628242187635748e-02
8.989000000000000000e+03 1.858087955159995763e+05 -1.415461563988407168e-02
8.990000000000000000e+03 1.858294662018952367e+05 -1.385609470205540102e-02
8.991000000000000000e+03 1.858501368877908972e+05 -1.309061122363008867e-02
8.992000000000000000e+03 1.858708075736865576e+05 -1.204566730353917592e-02
8.993000000000000000e+03 1.858914782595822180e+05 -1.097177623489264953e-02
8.994000000000000000e+03 1.859121489454778784e+05 -1.012368458862267229e-02
8.995000000000000000e+03 1.859328196313735389e+05 -9.701095363444545150e-03
8.996000000000000000e+03 1.859534903172691993e+05 -9.802544092409992693e-03
8.997000000000000000e+03 1.859741610031648597e+05 -1.040294358151161447e-02
8.998000000000000000e+03 1.859948316890605201e+05 -1.135983382854299784e-02
8.999000000000000000e+03 1.860155023749561806e+05 -1.244680381777474310e-02
9.000000000000000000e+03 1.860361730608518410e+05 -1.340635036629989063e-02
9.001000000000000000e+03 1.860568437467475014e+05 -1.400998396959829244e-02
9.002000000000000000e+03 1.860775144326431619e+05 -1.411169990158522673e-02
9.003000000000000000e+03 1.860981851185388223e+05 -1.368242001754149846e-02
9.004000000000000000e+03 1.861188558044344827e+05 -1.281736293408586302e-02
9.005000000000000000e+03 1.861395264903301431e+05 -1.171452813495232892e-02
9.006000000000000000e+03 1.861601971762258036e+05 -1.062914790515989694e-02
9.007000000000000000e+03 1.861808678621214640e+05 -9.814527048341403770e-03
9.008000000000000000e+03 1.862015385480171244e+05 -9.462867530049101639e-03
9.009000000000000000e+03 1.862222092339127848e+05 -9.659739018499258201e-03
9.010000000000000000e+03 1.862428799198084453e+05 -1.036280729344329909e-02
9.011000000000000000e+03 1.862635506057041057e+05 -1.140996896960833062e-02
9.012000000000000000e+03 1.862842212915997661e+05 -1.255537440826715034e-02
9.013000000000000000e+03 1.863048919774954265e+05 -1.352541541435681345e-02
9.014000000000000000e+03 1.863255626633910870e+05 -1.408204474793928358e-02
9.015000000000000000e+03 1.863462333492867474e+05 -1.407889062729439367e-02
9.016000000000000000e+03 1.863669040351824078e+05 -1.349704396945572600e-02
9.017000000000000000e+03 1.863875747210780683e+05 -1.245188071384722983e-02
9.018000000000000000e+03 1.864082454069737287e+05 -1.116885248484461579e-02
9.019000000000000000e+03 1.864289160928693891e+05 -9.933336082176003057e-03
9.020000000000000000e+03 1.864495867787650495e+05 -9.025709710587748180e-03
9.021000000000000000e+03 1.864702574646607100e+05 -8.656388949185023218e-03
9.022000000000000000e+03 1.864909281505563704e+05 -8.915764183625218831e-03
9.023000000000000000e+03 1.865115988364520308e+05 -9.750779343243698438e-03
9.024000000000000000e+03 1.865322695223476912e+05 -1.097399740650523148e-02
9.025000000000000000e+03 1.865529402082433517e+05 -1.230370436931321754e-02
9.026000000000000000e+03 1.865736108941390121e+05 -1.342650145568463627e-02
9.027000000000000000e+03 1.865942815800346725e+05 -1.406851531818847922e-02
9.028000000000000000e+03 1.866149522659303329e+05 -1.405908226217772450e-02
9.029000000000000000e+03 1.866356229518259934e+05 -1.337215514809947381e-02
9.030000000000000000e+03 1.866562936377216538e+05 -1.213551321818101547e-02
9.031000000000000000e+03 1.866769643236173142e+05 -1.060506889253970408e-02
9.032000000000000000e+03 1.866976350095129746e+05 -9.109517835028835275e-03
9.033000000000000000e+03 1.867183056954086351e+05 -7.977426488759542522e-03
9.034000000000000000e+03 1.867389763813042955e+05 -7.462995280513528250e-03
9.035000000000000000e+03 1.867596470671999559e+05 -7.687216974915033439e-03
9.036000000000000000e+03 1.867803177530956164e+05 -8.607877695409049679e-03
9.037000000000000000e+03 1.868009884389912768e+05 -1.002557563050920919e-02
9.038000000000000000e+03 1.868216591248869372e+05 -1.162502657390029892e-02
9.039000000000000000e+03 1.868423298107825976e+05 -1.304306911127051105e-02
9.040000000000000000e+03 1.868630004966782581e+05 -1.394867717555525917e-02
9.041000000000000000e+03 1.868836711825739185e+05 -1.411733303306894442e-02
9.042000000000000000e+03 1.869043418684695789e+05 -1.348306499548768134e-02
9.043000000000000000e+03 1.869250125543652393e+05 -1.215618273235630209e-02
9.044000000000000000e+03 1.869456832402608998e+05 -1.040223203556833731e-02
9.045000000000000000e+03 1.869663539261565602e+05 -8.586274653264003298e-03
9.046000000000000000e+03 1.869870246120522206e+05 -7.094348343048950678e-03
9.047000000000000000e+03 1.870076952979478810e+05 -6.249123703858605605e-03
9.048000000000000000e+03 1.870283659838435415e+05 -6.238188022711310676e-03
9.049000000000000000e+03 1.870490366697392019e+05 -7.070768954690443732e-03
9.050000000000000000e+03 1.870697073556348623e+05 -8.572679770021796042e-03
9.051000000000000000e+03 1.870903780415305228e+05 -1.042112308125625608e-02
9.052000000000000000e+03 1.871110487274261832e+05 -1.221240730998202073e-02
9.053000000000000000e+03 1.871317194133218436e+05 -1.354838213129117008e-02
9.054000000000000000e+03 1.871523900992175040e+05 -1.412306847563038481e-02
9.055000000000000000e+03 1.871730607851131645e+05 -1.379059088054201791e-02
9.056000000000000000e+03 1.871937314710088249e+05 -1.259930798033259691e-02
9.057000000000000000e+03 1.872144021569044853e+05 -1.078421756551939392e-02
9.058000000000000000e+03 1.872350728428001457e+05 -8.718739229039373928e-03
9.059000000000000000e+03 1.872557435286958062e+05 -6.835873284896599490e-03
9.060000000000000000e+03 1.872764142145914666e+05 -5.535519690523516001e-03
9.061000000000000000e+03 1.872970849004871270e+05 -5.097885478972552509e-03
9.062000000000000000e+03 1.873177555863827874e+05 -5.621722785876248629e-03
9.063000000000000000e+03 1.873384262722784479e+05 -7.000927253350109659e-03
9.064000000000000000e+03 1.873590969581741083e+05 -8.944938197517626755e-03
9.065000000000000000e+03 1.873797676440697687e+05 -1.103908509615925126e-02
9.066000000000000000e+03 1.874004383299654291e+05 -1.283239753967013730e-02
9.067000000000000000e+03 1.874211090158610896e+05 -1.393425820096017009e-02
9.068000000000000000e+03 1.874417797017567500e+05 -1.409905535314343039e-02
9.069000000000000000e+03 1.874624503876524104e+05 -1.328031507758048457e-02
9.070000000000000000e+03 1.874831210735480709e+05 -1.164225230025256463e-02
9.071000000000000000e+03 1.875037917594437313e+05 -9.525885610254913871e-03
9.072000000000000000e+03 1.875244624453393917e+05 -7.376784049560658474e-03
9.073000000000000000e+03 1.875451331312350521e+05 -5.649940166009947973e-03
9.074000000000000000e+03 1.875658038171307126e+05 -4.712287598873765582e-03
9.075000000000000000e+03 1.875864745030263730e+05 -4.763882931144380883e-03
9.076000000000000000e+03 1.876071451889220334e+05 -5.794706907299218557e-03
9.077000000000000000e+03 1.876278158748176938e+05 -7.586388422511859166e-03
9.078000000000000000e+03 1.876484865607133543e+05 -9.758576759843762272e-03
9.079000000000000000e+03 1.876691572466090147e+05 -1.185014248382215696e-02
9.080000000000000000e+03 1.876898279325046751e+05 -1.341783820203162891e-02
9.081000000000000000e+03 1.877104986184003355e+05 -1.413116026144262127e-02
9.082000000000000000e+03 1.877311693042959960e+05 -1.384288535962613191e-02
9.083000000000000000e+03 1.877518399901916564e+05 -1.262003319122800837e-02
9.084000000000000000e+03 1.877725106760873168e+05 -1.072866263433769340e-02
9.085000000000000000e+03 1.877931813619829773e+05 -8.575995399492497562e-03
9.086000000000000000e+03 1.878138520478786377e+05 -6.622622882411999257e-03
9.087000000000000000e+03 1.878345227337742981e+05 -5.283932413704395259e-03
9.088000000000000000e+03 1.878551934196699585e+05 -4.842001798417205904e-03
9.089000000000000000e+03 1.878758641055656190e+05 -5.386685016601555631e-03
9.090000000000000000e+03 1.878965347914612794e+05 -6.798143747189788755e-03
9.091000000000000000e+03 1.879172054773569398e+05 -8.774157618212874432e-03
9.092000000000000000e+03 1.879378761632526002e+05 -1.089604263509114102e-02
9.093000000000000000e+03 1.879585468491482607e+05 -1.271884200770878603e-02
9.094000000000000000e+03 1.879792175350439211e+05 -1.386632432329859554e-02
9.095000000000000000e+03 1.879998882209395815e+05 -1.411038043923384944e-02
9.096000000000000000e+03 1.880205589068352419e+05 -1.341791236561163010e-02
9.097000000000000000e+03 1.880412295927309024e+05 -1.195548167547733076e-02
9.098000000000000000e+03 1.880619002786265628e+05 -1.005121155095661800e-02
9.099000000000000000e+03 1.880825709645222232e+05 -8.122662977406769347e-03
9.100000000000000000e+03 1.881032416504178836e+05 -6.586613694001985930e-03
9.101000000000000000e+03 1.881239123363135441e+05 -5.770309902949521952e-03
9.102000000000000000e+03 1.881445830222092045e+05 -5.843113436453661880e-03
9.103000000000000000e+03 1.881652537081048649e+05 -6.782796194413298618e-03
9.104000000000000000e+03 1.881859243940005254e+05 -8.383160899388009124e-03
9.105000000000000000e+03 1.882065950798961858e+05 -1.030083195754999403e-02
9.106000000000000000e+03 1.882272657657918462e+05 -1.213076801712120734e-02
9.107000000000000000e+03 1.882479364516875066e+05 -1.349399174698928498e-02
9.108000000000000000e+03 1.882686071375831671e+05 -1.411851439847100487e-02
9.109000000000000000e+03 1.882892778234788275e+05 -1.389604936935662054e-02
9.110000000000000000e+03 1.883099485093744879e+05 -1.290253223004578231e-02
9.111000000000000000e+03 1.883306191952701483e+05 -1.137848087706960776e-02
9.112000000000000000e+03 1.883512898811658088e+05 -9.674039146852941862e-03
9.113000000000000000e+03 1.883719605670614692e+05 -8.171190889674551094e-03
9.114000000000000000e+03 1.883926312529571296e+05 -7.200426026462647400e-03
9.115000000000000000e+03 1.884133019388527900e+05 -6.970063350590249840e-03
9.116000000000000000e+03 1.884339726247484505e+05 -7.523367750571718915e-03
9.117000000000000000e+03 1.884546433106441109e+05 -8.732318924385196190e-03
9.118000000000000000e+03 1.884753139965397713e+05 -1.032881796027940169e-02
9.119000000000000000e+03 1.884959846824354318e+05 -1.196598156690703574e-02
9.120000000000000000e+03 1.885166553683310922e+05 -1.329568050850410584e-02
9.121000000000000000e+03 1.885373260542267526e+05 -1.404503291522857245e-02
9.122000000000000000e+03 1.885579967401224130e+05 -1.407495928445084976e-02
9.123000000000000000e+03 1.885786674260180735e+05 -1.340808476806903786e-02
9.124000000000000000e+03 1.885993381119137339e+05 -1.222028341591158140e-02
9.125000000000000000e+03 1.886200087978093943e+05 -1.079837686722201484e-02
9.126000000000000000e+03 1.886406794837050547e+05 -9.474036181402800683e-03
9.127000000000000000e+03 1.886613501696007152e+05 -8.549079963205141741e-03
9.128000000000000000e+03 1.886820208554963756e+05 -8.228986749296229863e-03
9.129000000000000000e+03 1.887026915413920360e+05 -8.579262483588478982e-03
9.130000000000000000e+03 1.887233622272876964e+05 -9.513922825270249017e-03
9.131000000000000000e+03 1.887440329131833569e+05 -1.081804222957344352e-02
9.132000000000000000e+03 1.887647035990790173e+05 -1.219871610315653720e-02
9.133000000000000000e+03 1.887853742849746777e+05 -1.335252786754931482e-02
9.134000000000000000e+03 1.888060449708703381e+05 -1.403407523035798965e-02
9.135000000000000000e+03 1.888267156567659986e+05 -1.411008401700714066e-02
9.136000000000000000e+03 1.888473863426616590e+05 -1.358712781985976781e-02
9.137000000000000000e+03 1.888680570285573194e+05 -1.260715270349732631e-02
9.138000000000000000e+03 1.888887277144529799e+05 -1.141241935034298383e-02
9.139000000000000000e+03 1.889093984003486403e+05 -1.028839189946717525e-02
9.140000000000000000e+03 1.889300690862443007e+05 -9.497942981261942030e-03
9.141000000000000000e+03 1.889507397721399611e+05 -9.221946189440610731e-03
9.142000000000000000e+03 1.889714104580356216e+05 -9.519585706502908806e-03
9.143000000000000000e+03 1.889920811439312820e+05 -1.031701877976143322e-02
9.144000000000000000e+03 1.890127518298269424e+05 -1.142650187561677910e-02
9.145000000000000000e+03 1.890334225157226028e+05 -1.259120382226774915e-02
9.146000000000000000e+03 1.890540932016182633e+05 -1.354518819412664499e-02
9.147000000000000000e+03 1.890747638875139237e+05 -1.407471433494211950e-02
9.148000000000000000e+03 1.890954345734095841e+05 -1.406683104080530544e-02
9.149000000000000000e+03 1.891161052593052445e+05 -1.353426178193250888e-02
9.150000000000000000e+03 1.891367759452009050e+05 -1.261110415962329867e-02
9.151000000000000000e+03 1.891574466310965654e+05 -1.152060333138416048e-02
9.152000000000000000e+03 1.891781173169922258e+05 -1.052264908965683254e-02
9.153000000000000000e+03 1.891987880028878863e+05 -9.853223767146257472e-03
9.154000000000000000e+03 1.892194586887835467e+05 -9.669765280890807446e-03
9.155000000000000000e+03 1.892401293746792071e+05 -1.001495141384378673e-02
9.156000000000000000e+03 1.892608000605748675e+05 -1.080713689187506876e-02
9.157000000000000000e+03 1.892814707464705280e+05 -1.185957454587349691e-02
9.158000000000000000e+03 1.893021414323661884e+05 -1.292398661395821602e-02
9.159000000000000000e+03 1.893228121182618488e+05 -1.374847281393853926e-02
9.160000000000000000e+03 1.893434828041575092e+05 -1.413640571728846940e-02
9.161000000000000000e+03 1.893641534900531697e+05 -1.399266275994548274e-02
9.162000000000000000e+03 1.893848241759488301e+05 -1.334639403941961788e-02
9.163000000000000000e+03 1.894054948618444905e+05 -1.234490445175984163e-02
9.164000000000000000e+03 1.894261655477401509e+05 -1.121990803084471633e-02
9.165000000000000000e+03 1.894468362336358114e+05 -1.023384078742173298e-02
9.166000000000000000e+03 1.894675069195314718e+05 -9.618591994970282499e-03
9.167000000000000000e+03 1.894881776054271322e+05 -9.520838775383122510e-03
9.168000000000000000e+03 1.895088482913227926e+05 -9.966725937650633416e-03
9.169000000000000000e+03 1.895295189772184531e+05 -1.085426313563292444e-02
9.170000000000000000e+03 1.895501896631141135e+05 -1.197550533596797306e-02
9.171000000000000000e+03 1.895708603490097739e+05 -1.306374293357154270e-02
9.172000000000000000e+03 1.895915310349054344e+05 -1.385508272748653576e-02
9.173000000000000000e+03 1.896122017208010948e+05 -1.415030093250130294e-02
9.174000000000000000e+03 1.896328724066967552e+05 -1.386256263597901439e-02
9.175000000000000000e+03 1.896535430925924156e+05 -1.303967333996053357e-02
9.176000000000000000e+03 1.896742137784880761e+05 -1.185530167985310301e-02
9.177000000000000000e+03 1.896948844643837365e+05 -1.057076849883603620e-02
9.178000000000000000e+03 1.897155551502793969e+05 -9.475864959825830436e-03
9.179000000000000000e+03 1.897362258361750573e+05 -8.822121529282023200e-03
9.180000000000000000e+03 1.897568965220707178e+05 -8.763831231734686700e-03
9.181000000000000000e+03 1.897775672079663782e+05 -9.320502777059258559e-03
9.182000000000000000e+03 1.897982378938620386e+05 -1.036966862937288569e-02
9.183000000000000000e+03 1.898189085797576990e+05 -1.167217102576662002e-02
9.184000000000000000e+03 1.898395792656533595e+05 -1.292469012282732033e-02
9.185000000000000000e+03 1.898602499515490199e+05 -1.382798438375792971e-02
9.186000000000000000e+03 1.898809206374446803e+05 -1.415552122658064738e-02
9.187000000000000000e+03 1.899015913233403408e+05 -1.380681625034774207e-02
9.188000000000000000e+03 1.899222620092360012e+05 -1.283303502898391901e-02
9.189000000000000000e+03 1.899429326951316616e+05 -1.142855712302370819e-02
9.190000000000000000e+03 1.899636033810273220e+05 -9.889873840113194703e-03
9.191000000000000000e+03 1.899842740669229825e+05 -8.550634470484874683e-03
9.192000000000000000e+03 1.900049447528186429e+05 -7.707156137565230637e-03
9.193000000000000000e+03 1.900256154387143033e+05 -7.551007132525322518e-03
9.194000000000000000e+03 1.900462861246099637e+05 -8.123856410245600124e-03
9.195000000000000000e+03 1.900669568105056242e+05 -9.304997274397930340e-03
9.196000000000000000e+03 1.900876274964012846e+05 -1.083485975523057476e-02
9.197000000000000000e+03 1.901082981822969450e+05 -1.236993014873688512e-02
9.198000000000000000e+03 1.901289688681926054e+05 -1.355746717203021139e-02
9.199000000000000000e+03 1.901496395540882659e+05 -1.411378577330635146e-02
9.200000000000000000e+03 1.901703102399839263e+05 -1.388876661644011801e-02
9.201000000000000000e+03 1.901909809258795867e+05 -1.290198927079933000e-02
9.202000000000000000e+03 1.902116516117752471e+05 -1.134194600653165574e-02
9.203000000000000000e+03 1.902323222976709076e+05 -9.527862388233498958e-03
9.204000000000000000e+03 1.902529929835665680e+05 -7.841947025157447460e-03
9.205000000000000000e+03 1.902736636694622284e+05 -6.646553491774731537e-03
9.206000000000000000e+03 1.902943343553578889e+05 -6.204248956087676792e-03
9.207000000000000000e+03 1.903150050412535493e+05 -6.618355020543142953e-03
9.208000000000000000e+03 1.903356757271492097e+05 -7.807270418214606010e-03
9.209000000000000000e+03 1.903563464130448701e+05 -9.518736592570853361e-03
9.210000000000000000e+03 1.903770170989405306e+05 -1.138165429287496533e-02
9.211000000000000000e+03 1.903976877848361910e+05 -1.298485430729601209e-02
9.212000000000000000e+03 1.904183584707318514e+05 -1.396611175534367977e-02
9.213000000000000000e+03 1.904390291566275118e+05 -1.409208271482775832e-02
9.214000000000000000e+03 1.904596998425231723e+05 -1.331144742456480574e-02
9.215000000000000000e+03 1.904803705284188327e+05 -1.176912867302348786e-02
9.216000000000000000e+03 1.905010412143144931e+05 -9.777845686258612723e-03
9.217000000000000000e+03 1.905217119002101535e+05 -7.752626662293149451e-03
9.218000000000000000e+03 1.905423825861058140e+05 -6.122144633736947839e-03
9.219000000000000000e+03 1.905630532720014744e+05 -5.235982855512855139e-03
9.220000000000000000e+03 1.905837239578971348e+05 -5.287979055390912286e-03
9.221000000000000000e+03 1.906043946437927953e+05 -6.272436610135434520e-03
9.222000000000000000e+03 1.906250653296884557e+05 -7.983011699112196879e-03
9.223000000000000000e+03 1.906457360155841161e+05 -1.005498967222590023e-02
9.224000000000000000e+03 1.906664067014797765e+05 -1.204231657107918130e-02
9.225000000000000000e+03 1.906870773873754370e+05 -1.351309071343437078e-02
9.226000000000000000e+03 1.907077480732710974e+05 -1.414294770646279398e-02
9.227000000000000000e+03 1.907284187591667578e+05 -1.378595995631853866e-02
9.228000000000000000e+03 1.907490894450624182e+05 -1.250739603499356756e-02
9.229000000000000000e+03 1.907697601309580787e+05 -1.057094351672777099e-02
9.230000000000000000e+03 1.907904308168537391e+05 -8.382954906442696696e-03
9.231000000000000000e+03 1.908111015027493995e+05 -6.405702146513148065e-03
9.232000000000000000e+03 1.908317721886450599e+05 -5.058400488478831392e-03
9.233000000000000000e+03 1.908524428745407204e+05 -4.627372365820447975e-03
9.234000000000000000e+03 1.908731135604363808e+05 -5.204645954237641092e-03
9.235000000000000000e+03 1.908937842463320412e+05 -6.668092721093143993e-03
9.236000000000000000e+03 1.909144549322277016e+05 -8.707319538985180962e-03
9.237000000000000000e+03 1.909351256181233621e+05 -1.088980413826656779e-02
9.238000000000000000e+03 1.909557963040190225e+05 -1.275316673351956087e-02
9.239000000000000000e+03 1.909764669899146829e+05 -1.390380900026278073e-02
9.240000000000000000e+03 1.909971376758103434e+05 -1.410071750892461125e-02
9.241000000000000000e+03 1.910178083617060038e+05 -1.330642327808151393e-02
9.242000000000000000e+03 1.910384790476016642e+05 -1.169425331433293636e-02
9.243000000000000000e+03 1.910591497334973246e+05 -9.610504779019368726e-03
9.244000000000000000e+03 1.910798204193929851e+05 -7.499910299096746759e-03
9.245000000000000000e+03 1.911004911052886455e+05 -5.810606380292571149e-03
9.246000000000000000e+03 1.911211617911843059e+05 -4.899060307706093464e-03
9.247000000000000000e+03 1.911418324770799663e+05 -4.955182633087196198e-03
9.248000000000000000e+03 1.911625031629756268e+05 -5.963321157676004791e-03
9.249000000000000000e+03 1.911831738488712872e+05 -7.707093367891715285e-03
9.250000000000000000e+03 1.912038445347669476e+05 -9.816734687168426898e-03
9.251000000000000000e+03 1.912245152206626080e+05 -1.184869213936240451e-02
9.252000000000000000e+03 1.912451859065582685e+05 -1.338038141949149384e-02
9.253000000000000000e+03 1.912658565924539289e+05 -1.409980941825172973e-02
9.254000000000000000e+03 1.912865272783495893e+05 -1.387091123956862848e-02
9.255000000000000000e+03 1.913071979642452498e+05 -1.276076017599259149e-02
9.256000000000000000e+03 1.913278686501409102e+05 -1.102311303603320525e-02
9.257000000000000000e+03 1.913485393360365706e+05 -9.042211735069360934e-03
9.258000000000000000e+03 1.913692100219322310e+05 -7.249298753665089912e-03
9.259000000000000000e+03 1.913898807078278915e+05 -6.030054307413434955e-03
9.260000000000000000e+03 1.914105513937235519e+05 -5.642891764171209523e-03
9.261000000000000000e+03 1.914312220796192123e+05 -6.165452256591374969e-03
9.262000000000000000e+03 1.914518927655148727e+05 -7.480394181590078496e-03
9.263000000000000000e+03 1.914725634514105332e+05 -9.303088174142826183e-03
9.264000000000000000e+03 1.914932341373061936e+05 -1.124488136763801549e-02
9.265000000000000000e+03 1.915139048232018540e+05 -1.289801330696194182e-02
9.266000000000000000e+03 1.915345755090975144e+05 -1.392365007389911868e-02
9.267000000000000000e+03 1.915552461949931749e+05 -1.412390782452949134e-02
9.268000000000000000e+03 1.915759168808888353e+05 -1.348235689863958205e-02
9.269000000000000000e+03 1.915965875667844957e+05 -1.216454400165772887e-02
9.270000000000000000e+03 1.916172582526801561e+05 -1.047894602269688891e-02
9.271000000000000000e+03 1.916379289385758166e+05 -8.807466646198969240e-03
9.272000000000000000e+03 1.916585996244714770e+05 -7.521154029838494903e-03
9.273000000000000000e+03 1.916792703103671374e+05 -6.899805469521458345e-03
9.274000000000000000e+03 1.916999409962627979e+05 -7.072934432408029860e-03
9.275000000000000000e+03 1.917206116821584583e+05 -7.994585748327842634e-03
9.276000000000000000e+03 1.917412823680541187e+05 -9.456896771640910249e-03
9.277000000000000000e+03 1.917619530539497791e+05 -1.113879624145158731e-02
9.278000000000000000e+03 1.917826237398454396e+05 -1.267861209289572466e-02
9.279000000000000000e+03 1.918032944257411000e+05 -1.375424518083484537e-02
9.280000000000000000e+03 1.918239651116367604e+05 -1.415309077913279312e-02
9.281000000000000000e+03 1.918446357975324208e+05 -1.381640602292438617e-02
9.282000000000000000e+03 1.918653064834280813e+05 -1.284875263439028137e-02
9.283000000000000000e+03 1.918859771693237417e+05 -1.149110250736101735e-02
9.284000000000000000e+03 1.919066478552194021e+05 -1.006433206408341441e-02
9.285000000000000000e+03 1.919273185411150625e+05 -8.896295405607546058e-03
9.286000000000000000e+03 1.919479892270107230e+05 -8.249027018053856075e-03
9.287000000000000000e+03 1.919686599129063834e+05 -8.262207053326808825e-03
9.288000000000000000e+03 1.919893305988020438e+05 -8.925041326856120172e-03
9.289000000000000000e+03 1.920100012846977042e+05 -1.008216302055131575e-02
9.290000000000000000e+03 1.920306719705933647e+05 -1.147154733142152772e-02
9.291000000000000000e+03 1.920513426564890251e+05 -1.278539594127969803e-02
9.292000000000000000e+03 1.920720133423846855e+05 -1.373999984908014227e-02
9.293000000000000000e+03 1.920926840282803460e+05 -1.413880164114434020e-02
9.294000000000000000e+03 1.921133547141760064e+05 -1.391464536392050810e-02
9.295000000000000000e+03 1.921340254000716668e+05 -1.314210528169545977e-02
9.296000000000000000e+03 1.921546960859673272e+05 -1.201767416967070012e-02
9.297000000000000000e+03 1.921753667718629877e+05 -1.081286945279769096e-02
9.298000000000000000e+03 1.921960374577586481e+05 -9.811321557625929390e-03
9.299000000000000000e+03 1.922167081436543085e+05 -9.244306714955297100e-03
9.300000000000000000e+03 1.922373788295499689e+05 -9.239266890696706813e-03
9.301000000000000000e+03 1.922580495154456294e+05 -9.792688325108989122e-03
9.302000000000000000e+03 1.922787202013412898e+05 -1.077307368903857032e-02
9.303000000000000000e+03 1.922993908872369502e+05 -1.195292704564121511e-02
9.304000000000000000e+03 1.923200615731326106e+05 -1.306217073145121699e-02
9.305000000000000000e+03 1.923407322590282711e+05 -1.385064450805861824e-02
9.306000000000000000e+03 1.923614029449239315e+05 -1.414536105482000483e-02
9.307000000000000000e+03 1.923820736308195919e+05 -1.388947086553182775e-02
9.308000000000000000e+03 1.924027443167152524e+05 -1.315414744764131783e-02
9.309000000000000000e+03 1.924234150026109128e+05 -1.212086492635611190e-02
9.310000000000000000e+03 1.924440856885065732e+05 -1.103835663290519964e-02
9.311000000000000000e+03 1.924647563744022336e+05 -1.016433810246930580e-02
9.312000000000000000e+03 1.924854270602978941e+05 -9.705517958090825736e-03
9.313000000000000000e+03 1.925060977461935545e+05 -9.769732648133855335e-03
9.314000000000000000e+03 1.925267684320892149e+05 -1.034118976616149599e-02
9.315000000000000000e+03 1.925474391179848753e+05 -1.128447228387730039e-02
9.316000000000000000e+03 1.925681098038805358e+05 -1.237635641342321735e-02
9.317000000000000000e+03 1.925887804897761962e+05 -1.335810101558260014e-02
9.318000000000000000e+03 1.926094511756718566e+05 -1.399611301745146141e-02
9.319000000000000000e+03 1.926301218615675170e+05 -1.413688781954597178e-02
9.320000000000000000e+03 1.926507925474631775e+05 -1.374337658602936552e-02
9.321000000000000000e+03 1.926714632333588379e+05 -1.290419877113030411e-02
9.322000000000000000e+03 1.926921339192544983e+05 -1.181342635768839466e-02
9.323000000000000000e+03 1.927128046051501587e+05 -1.072554144768406159e-02
9.324000000000000000e+03 1.927334752910458192e+05 -9.895989303165320106e-03
9.325000000000000000e+03 1.927541459769414796e+05 -9.521141135734378924e-03
9.326000000000000000e+03 1.927748166628371400e+05 -9.691657131708109052e-03
9.327000000000000000e+03 1.927954873487328005e+05 -1.037018111814086430e-02
9.328000000000000000e+03 1.928161580346284609e+05 -1.139872718210815927e-02
9.329000000000000000e+03 1.928368287205241213e+05 -1.253430160001373084e-02
9.330000000000000000e+03 1.928574994064197817e+05 -1.350476671970862914e-02
9.331000000000000000e+03 1.928781700923154422e+05 -1.407217872906724350e-02
9.332000000000000000e+03 1.928988407782111026e+05 -1.408894605893845631e-02
9.333000000000000000e+03 1.929195114641067630e+05 -1.353365362730202422e-02
9.334000000000000000e+03 1.929401821500024234e+05 -1.251798365629380738e-02
9.335000000000000000e+03 1.929608528358980839e+05 -1.126279489219161878e-02
9.336000000000000000e+03 1.929815235217937443e+05 -1.004855835479612214e-02
9.337000000000000000e+03 1.930021942076894047e+05 -9.151320942257124003e-03
9.338000000000000000e+03 1.930228648935850651e+05 -8.778784788763482894e-03
9.339000000000000000e+03 1.930435355794807256e+05 -9.021169391777439373e-03
9.340000000000000000e+03 1.930642062653763860e+05 -9.828271344838213075e-03
9.341000000000000000e+03 1.930848769512720464e+05 -1.101830541511361616e-02
9.342000000000000000e+03 1.931055476371677069e+05 -1.231699000904551422e-02
9.343000000000000000e+03 1.931262183230633673e+05 -1.341847809292995124e-02
9.344000000000000000e+03 1.931468890089590277e+05 -1.405464790475163990e-02
9.345000000000000000e+03 1.931675596948546881e+05 -1.405713666182340123e-02
9.346000000000000000e+03 1.931882303807503486e+05 -1.339788025338850379e-02
9.347000000000000000e+03 1.932089010666460090e+05 -1.219856892083059918e-02
9.348000000000000000e+03 1.932295717525416694e+05 -1.070633146084248866e-02
9.349000000000000000e+03 1.932502424384373298e+05 -9.240570199873510138e-03
9.350000000000000000e+03 1.932709131243329903e+05 -8.122456695202673327e-03
9.351000000000000000e+03 1.932915838102286507e+05 -7.602654202512325841e-03
9.352000000000000000e+03 1.933122544961243111e+05 -7.803430305449887694e-03
9.353000000000000000e+03 1.933329251820199715e+05 -8.688334330184954712e-03
9.354000000000000000e+03 1.933535958679156320e+05 -1.006670425421041237e-02
9.355000000000000000e+03 1.933742665538112924e+05 -1.163269751224038639e-02
9.356000000000000000e+03 1.933949372397069528e+05 -1.303089649450794862e-02
9.357000000000000000e+03 1.934156079256026132e+05 -1.393446106105677984e-02
9.358000000000000000e+03 1.934362786114982737e+05 -1.411867413928835635e-02
9.359000000000000000e+03 1.934569492973939341e+05 -1.351335809748277494e-02
9.360000000000000000e+03 1.934776199832895945e+05 -1.222200344186652465e-02
9.361000000000000000e+03 1.934982906691852550e+05 -1.050265127301663881e-02
9.362000000000000000e+03 1.935189613550809154e+05 -8.714034373542345335e-03
9.363000000000000000e+03 1.935396320409765758e+05 -7.238311008448961893e-03
9.364000000000000000e+03 1.935603027268722362e+05 -6.397126798783348001e-03
9.365000000000000000e+03 1.935809734127678967e+05 -6.379460790545410376e-03
9.366000000000000000e+03 1.936016440986635571e+05 -7.197359809621328708e-03
9.367000000000000000e+03 1.936223147845592175e+05 -8.679773152435732442e-03
9.368000000000000000e+03 1.936429854704548779e+05 -1.050653272967744245e-02
9.369000000000000000e+03 1.936636561563505384e+05 -1.227577735374024703e-02
9.370000000000000000e+03 1.936843268422461988e+05 -1.359062989723330839e-02
9.371000000000000000e+03 1.937049975281418592e+05 -1.414637447910333141e-02
9.372000000000000000e+03 1.937256682140375196e+05 -1.379888175112126136e-02
9.373000000000000000e+03 1.937463388999331801e+05 -1.259884203070221753e-02
9.374000000000000000e+03 1.937670095858288405e+05 -1.078372098757990338e-02
9.375000000000000000e+03 1.937876802717245009e+05 -8.728636341307105528e-03
9.376000000000000000e+03 1.938083509576201614e+05 -6.866483773799280342e-03
9.377000000000000000e+03 1.938290216435158218e+05 -5.594536932030935716e-03
9.378000000000000000e+03 1.938496923294114822e+05 -5.187830445354868480e-03
9.379000000000000000e+03 1.938703630153071426e+05 -5.738234144576193074e-03
9.380000000000000000e+03 1.938910337012028031e+05 -7.132621086707202629e-03
9.381000000000000000e+03 1.939117043870984635e+05 -9.075169657393411526e-03
9.382000000000000000e+03 1.939323750729941239e+05 -1.114937968867402152e-02
9.383000000000000000e+03 1.939530457588897843e+05 -1.290676411206292951e-02
9.384000000000000000e+03 1.939737164447854448e+05 -1.396323624736850282e-02
9.385000000000000000e+03 1.939943871306811052e+05 -1.408232614683324613e-02
9.386000000000000000e+03 1.940150578165767656e+05 -1.322705543835023256e-02
9.387000000000000000e+03 1.940357285024724260e+05 -1.156903946371568015e-02
9.388000000000000000e+03 1.940563991883680865e+05 -9.452676841560037069e-03
9.389000000000000000e+03 1.940770698742637469e+05 -7.322064040225062520e-03
9.390000000000000000e+03 1.940977405601594073e+05 -5.626366994475662242e-03
9.391000000000000000e+03 1.941184112460550677e+05 -4.724000322641475069e-03
9.392000000000000000e+03 1.941390819319507282e+05 -4.806123148005159162e-03
9.393000000000000000e+03 1.941597526178463886e+05 -5.855722864477719281e-03
9.394000000000000000e+03 1.941804233037420490e+05 -7.650946530698365944e-03
9.395000000000000000e+03 1.942010939896377095e+05 -9.811990230160605453e-03
9.396000000000000000e+03 1.942217646755333699e+05 -1.188165513909161808e-02
9.397000000000000000e+03 1.942424353614290303e+05 -1.342248586056682576e-02
9.398000000000000000e+03 1.942631060473246907e+05 -1.410977459581397309e-02
9.399000000000000000e+03 1.942837767332203512e+05 -1.380052071113757606e-02
9.400000000000000000e+03 1.943044474191160116e+05 -1.256357345186603913e-02
9.401000000000000000e+03 1.943251181050116720e+05 -1.066454309467140815e-02
9.402000000000000000e+03 1.943457887909073324e+05 -8.508807189668232684e-03
9.403000000000000000e+03 1.943664594768029929e+05 -6.554937913416603035e-03
9.404000000000000000e+03 1.943871301626986533e+05 -5.217169513054897845e-03
9.405000000000000000e+03 1.944078008485943137e+05 -4.777746751928824143e-03
9.406000000000000000e+03 1.944284715344899741e+05 -5.327723115794602560e-03
9.407000000000000000e+03 1.944491422203856346e+05 -6.748608549342727247e-03
9.408000000000000000e+03 1.944698129062812950e+05 -8.738582855035148533e-03
9.409000000000000000e+03 1.944904835921769554e+05 -1.087758417227135954e-02
9.410000000000000000e+03 1.945111542780726159e+05 -1.271733734731306242e-02
9.411000000000000000e+03 1.945318249639682763e+05 -1.387702286839453958e-02
9.412000000000000000e+03 1.945524956498639367e+05 -1.412402891636666165e-02
9.413000000000000000e+03 1.945731663357595971e+05 -1.342244879490994865e-02
9.414000000000000000e+03 1.945938370216552576e+05 -1.193901959237253507e-02
9.415000000000000000e+03 1.946145077075509180e+05 -1.000548734761297354e-02
9.416000000000000000e+03 1.946351783934465784e+05 -8.045863996360980153e-03
9.417000000000000000e+03 1.946558490793422388e+05 -6.484608103892841591e-03
9.418000000000000000e+03 1.946765197652378993e+05 -5.655739849044882916e-03
9.419000000000000000e+03 1.946971904511335597e+05 -5.732451471413324562e-03
9.420000000000000000e+03 1.947178611370292201e+05 -6.692098373450084715e-03
9.421000000000000000e+03 1.947385318229248805e+05 -8.323680461808591335e-03
9.422000000000000000e+03 1.947592025088205410e+05 -1.027575045393996911e-02
9.423000000000000000e+03 1.947798731947162014e+05 -1.213401882083081640e-02
9.424000000000000000e+03 1.948005438806118618e+05 -1.351156712187323583e-02
9.425000000000000000e+03 1.948212145665075222e+05 -1.413193186729727602e-02
9.426000000000000000e+03 1.948418852524031827e+05 -1.388702661566215690e-02
9.427000000000000000e+03 1.948625559382988431e+05 -1.285757999422615372e-02
9.428000000000000000e+03 1.948832266241945035e+05 -1.129217451227942925e-02
9.429000000000000000e+03 1.949038973100901640e+05 -9.550145696754663849e-03
9.430000000000000000e+03 1.949245679959858244e+05 -8.021465655821735652e-03
9.431000000000000000e+03 1.949452386818814848e+05 -7.041542590833227422e-03
9.432000000000000000e+03 1.949659093677771452e+05 -6.819606397669097930e-03
9.433000000000000000e+03 1.949865800536728057e+05 -7.395977115410956593e-03
9.434000000000000000e+03 1.950072507395684661e+05 -8.636911415919046320e-03
9.435000000000000000e+03 1.950279214254641265e+05 -1.026741357324800763e-02
9.436000000000000000e+03 1.950485921113597869e+05 -1.193416615913200918e-02
9.437000000000000000e+03 1.950692627972554474e+05 -1.328430497683685818e-02
9.438000000000000000e+03 1.950899334831511078e+05 -1.404250364942649480e-02
9.439000000000000000e+03 1.951106041690467682e+05 -1.406946949257592561e-02
9.440000000000000000e+03 1.951312748549424286e+05 -1.338933631137007030e-02
9.441000000000000000e+03 1.951519455408380891e+05 -1.218054719897232463e-02
9.442000000000000000e+03 1.951726162267337495e+05 -1.073300422192491332e-02
9.443000000000000000e+03 1.951932869126294099e+05 -9.381662353382336228e-03
9.444000000000000000e+03 1.952139575985250704e+05 -8.431722222498494457e-03
9.445000000000000000e+03 1.952346282844207308e+05 -8.092078958774673314e-03
9.446000000000000000e+03 1.952552989703163912e+05 -8.431481407139618245e-03
9.447000000000000000e+03 1.952759696562120516e+05 -9.366553171480329620e-03
9.448000000000000000e+03 1.952966403421077121e+05 -1.068366716412061379e-02
9.449000000000000000e+03 1.953173110280033725e+05 -1.208921555268138714e-02
9.450000000000000000e+03 1.953379817138990329e+05 -1.327665827234447704e-02
9.451000000000000000e+03 1.953586523997946933e+05 -1.399518105755581839e-02
9.452000000000000000e+03 1.953793230856903538e+05 -1.410463087409274778e-02
9.453000000000000000e+03 1.953999937715860142e+05 -1.360466294370110685e-02
9.454000000000000000e+03 1.954206644574816746e+05 -1.263198003093968236e-02
9.455000000000000000e+03 1.954413351433773350e+05 -1.142680141737739685e-02
9.456000000000000000e+03 1.954620058292729955e+05 -1.027660561286702912e-02
9.457000000000000000e+03 1.954826765151686559e+05 -9.450185202405592122e-03
9.458000000000000000e+03 1.955033472010643163e+05 -9.137030785690947177e-03
9.459000000000000000e+03 1.955240178869599767e+05 -9.405632347088355161e-03
9.460000000000000000e+03 1.955446885728556372e+05 -1.018984224324626098e-02
9.461000000000000000e+03 1.955653592587512976e+05 -1.130602784925160975e-02
9.462000000000000000e+03 1.955860299446469580e+05 -1.249678621298022652e-02
9.463000000000000000e+03 1.956067006305426185e+05 -1.349102140022656604e-02
9.464000000000000000e+03 1.956273713164382789e+05 -1.406652185497797580e-02
9.465000000000000000e+03 1.956480420023339393e+05 -1.410066631673750903e-02
9.466000000000000000e+03 1.956687126882295997e+05 -1.359767864411670461e-02
9.467000000000000000e+03 1.956893833741252602e+05 -1.268631646754087017e-02
9.468000000000000000e+03 1.957100540600209206e+05 -1.158874616052901763e-02
9.469000000000000000e+03 1.957307247459165810e+05 -1.056801977372440193e-02
9.470000000000000000e+03 1.957513954318122414e+05 -9.866471119718112082e-03
9.471000000000000000e+03 1.957720661177079019e+05 -9.649357581011430707e-03
9.472000000000000000e+03 1.957927368036035623e+05 -9.966758810321774131e-03
9.473000000000000000e+03 1.958134074894992227e+05 -1.074245347860630639e-02
9.474000000000000000e+03 1.958340781753948831e+05 -1.179224431957487385e-02
9.475000000000000000e+03 1.958547488612905436e+05 -1.286741108987327076e-02
9.476000000000000000e+03 1.958754195471862040e+05 -1.371316672926941975e-02
9.477000000000000000e+03 1.958960902330818644e+05 -1.412849920601039200e-02
9.478000000000000000e+03 1.959167609189775249e+05 -1.401343255667336467e-02
9.479000000000000000e+03 1.959374316048731853e+05 -1.339265204215672744e-02
9.480000000000000000e+03 1.959581022907688457e+05 -1.240994891612939854e-02
9.481000000000000000e+03 1.959787729766645061e+05 -1.129475743686719769e-02
9.482000000000000000e+03 1.959994436625601666e+05 -1.030857165350029803e-02
9.483000000000000000e+03 1.960201143484558270e+05 -9.683709946741947405e-03
9.484000000000000000e+03 1.960407850343514874e+05 -9.568658252812833886e-03
9.485000000000000000e+03 1.960614557202471478e+05 -9.992690835846751440e-03
9.486000000000000000e+03 1.960821264061428083e+05 -1.085803314587796553e-02
9.487000000000000000e+03 1.961027970920384687e+05 -1.196152576856046590e-02
9.488000000000000000e+03 1.961234677779341291e+05 -1.304098676726661576e-02
9.489000000000000000e+03 1.961441384638297895e+05 -1.383575807995696128e-02
9.490000000000000000e+03 1.961648091497254500e+05 -1.414755967472980380e-02
9.491000000000000000e+03 1.961854798356211104e+05 -1.388756819554692878e-02
9.492000000000000000e+03 1.962061505215167708e+05 -1.309867986087387415e-02
9.493000000000000000e+03 1.962268212074124312e+05 -1.194754179937185246e-02
9.494000000000000000e+03 1.962474918933080917e+05 -1.068785756290924205e-02
9.495000000000000000e+03 1.962681625792037521e+05 -9.603095399424055323e-03
9.496000000000000000e+03 1.962888332650994125e+05 -8.941520911615430389e-03
9.497000000000000000e+03 1.963095039509950730e+05 -8.858336592450777314e-03
9.498000000000000000e+03 1.963301746368907334e+05 -9.378225774808568449e-03
9.499000000000000000e+03 1.963508453227863938e+05 -1.038711799754377108e-02
9.500000000000000000e+03 1.963715160086820542e+05 -1.165551147864074544e-02
9.501000000000000000e+03 1.963921866945777147e+05 -1.288860804457592213e-02
9.502000000000000000e+03 1.964128573804733751e+05 -1.379237219604600995e-02
9.503000000000000000e+03 1.964335280663690355e+05 -1.414080130573391880e-02
9.504000000000000000e+03 1.964541987522646959e+05 -1.382911643967643482e-02
9.505000000000000000e+03 1.964748694381603564e+05 -1.290047523017212594e-02
9.506000000000000000e+03 1.964955401240560168e+05 -1.153959006273774790e-02
9.507000000000000000e+03 1.965162108099516772e+05 -1.003403919371070874e-02
9.508000000000000000e+03 1.965368814958473376e+05 -8.711415588028570411e-03
9.509000000000000000e+03 1.965575521817429981e+05 -7.866077746409683158e-03
9.510000000000000000e+03 1.965782228676386585e+05 -7.691839945236368138e-03
9.511000000000000000e+03 1.965988935535343189e+05 -8.235863581591784666e-03
9.512000000000000000e+03 1.966195642394299794e+05 -9.384521575989790421e-03
9.513000000000000000e+03 1.966402349253256398e+05 -1.088507754119893978e-02
9.514000000000000000e+03 1.966609056112213002e+05 -1.239911874923965707e-02
9.515000000000000000e+03 1.966815762971169606e+05 -1.357648972657904581e-02
9.516000000000000000e+03 1.967022469830126211e+05 -1.413359435499311756e-02
9.517000000000000000e+03 1.967229176689082815e+05 -1.391855356461518638e-02
9.518000000000000000e+03 1.967435883548039419e+05 -1.294826427723366757e-02
9.519000000000000000e+03 1.967642590406996023e+05 -1.140843056931689636e-02
9.520000000000000000e+03 1.967849297265952628e+05 -9.615824492881286378e-03
9.521000000000000000e+03 1.968056004124909232e+05 -7.950540729703636789e-03
9.522000000000000000e+03 1.968262710983865836e+05 -6.772881997982815871e-03
9.523000000000000000e+03 1.968469417842822440e+05 -6.343150467142177895e-03
9.524000000000000000e+03 1.968676124701779045e+05 -6.762185648641560153e-03
9.525000000000000000e+03 1.968882831560735649e+05 -7.946101822831230788e-03
9.526000000000000000e+03 1.969089538419692253e+05 -9.641325271753486970e-03
9.527000000000000000e+03 1.969296245278648857e+05 -1.147728024611432973e-02
9.528000000000000000e+03 1.969502952137605462e+05 -1.304575369632515747e-02
9.529000000000000000e+03 1.969709658996562066e+05 -1.398988045545862535e-02
9.530000000000000000e+03 1.969916365855518670e+05 -1.408325303767804342e-02
9.531000000000000000e+03 1.970123072714475275e+05 -1.328153819793015389e-02
9.532000000000000000e+03 1.970329779573431879e+05 -1.173484443781391828e-02
9.533000000000000000e+03 1.970536486432388483e+05 -9.757651976098458135e-03
9.534000000000000000e+03 1.970743193291345087e+05 -7.762475281269165528e-03
9.535000000000000000e+03 1.970949900150301692e+05 -6.171471409529671881e-03
9.536000000000000000e+03 1.971156607009258296e+05 -5.325116150417974481e-03
9.537000000000000000e+03 1.971363313868214900e+05 -5.407757949225877603e-03
9.538000000000000000e+03 1.971570020727171504e+05 -6.406239225838716855e-03
9.539000000000000000e+03 1.971776727586128109e+05 -8.110714030825083576e-03
9.540000000000000000e+03 1.971983434445084713e+05 -1.015781500435830598e-02
9.541000000000000000e+03 1.972190141304041317e+05 -1.210726543744766737e-02
9.542000000000000000e+03 1.972396848162997921e+05 -1.353575341367374563e-02
9.543000000000000000e+03 1.972603555021954526e+05 -1.412797482982397490e-02
9.544000000000000000e+03 1.972810261880911130e+05 -1.374516104433087631e-02
9.545000000000000000e+03 1.973016968739867734e+05 -1.245613148294866246e-02
9.546000000000000000e+03 1.973223675598824339e+05 -1.052394459725264353e-02
9.547000000000000000e+03 1.973430382457780943e+05 -8.350803575115361976e-03
9.548000000000000000e+03 1.973637089316737547e+05 -6.392908447835743413e-03
9.549000000000000000e+03 1.973843796175694151e+05 -5.063446599467835707e-03
9.550000000000000000e+03 1.974050503034650756e+05 -4.644451269550320394e-03
9.551000000000000000e+03 1.974257209893607360e+05 -5.226322758184742678e-03
9.552000000000000000e+03 1.974463916752563964e+05 -6.687908188181158377e-03
9.553000000000000000e+03 1.974670623611520568e+05 -8.721484062565176831e-03
9.554000000000000000e+03 1.974877330470477173e+05 -1.089753349210120792e-02
9.555000000000000000e+03 1.975084037329433777e+05 -1.275574234125043116e-02
9.556000000000000000e+03 1.975290744188390381e+05 -1.390291888139982834e-02
9.557000000000000000e+03 1.975497451047346985e+05 -1.409688071173676067e-02
9.558000000000000000e+03 1.975704157906303590e+05 -1.329823014271103339e-02
9.559000000000000000e+03 1.975910864765260194e+05 -1.167879348896505576e-02
9.560000000000000000e+03 1.976117571624216798e+05 -9.584843726263891917e-03
9.561000000000000000e+03 1.976324278483173402e+05 -7.463011999224500315e-03
9.562000000000000000e+03 1.976530985342130007e+05 -5.764865880675817955e-03
9.563000000000000000e+03 1.976737692201086611e+05 -4.850697261717606956e-03
9.564000000000000000e+03 1.976944399060043215e+05 -4.913127780475368134e-03
9.565000000000000000e+03 1.977151105918999820e+05 -5.936769041768430455e-03
9.566000000000000000e+03 1.977357812777956424e+05 -7.702410629559675037e-03
9.567000000000000000e+03 1.977564519636913028e+05 -9.834725862408855157e-03
9.568000000000000000e+03 1.977771226495869632e+05 -1.188321570722866705e-02
9.569000000000000000e+03 1.977977933354826237e+05 -1.341895733085080034e-02
9.570000000000000000e+03 1.978184640213782841e+05 -1.412625883570834025e-02
9.571000000000000000e+03 1.978391347072739445e+05 -1.386940758800675293e-02
9.572000000000000000e+03 1.978598053931696049e+05 -1.272017082951476530e-02
9.573000000000000000e+03 1.978804760790652654e+05 -1.094035105032392652e-02
9.574000000000000000e+03 1.979011467649609258e+05 -8.923562805154217070e-03
9.575000000000000000e+03 1.979218174508565862e+05 -7.109267265772767352e-03
9.576000000000000000e+03 1.979424881367522466e+05 -5.887997660766863817e-03
9.577000000000000000e+03 1.979631588226479071e+05 -5.518352081560928823e-03
9.578000000000000000e+03 1.979838295085435675e+05 -6.073454195375416198e-03
9.579000000000000000e+03 1.980045001944392279e+05 -7.427960272710087963e-03
9.580000000000000000e+03 1.980251708803348884e+05 -9.287850034733535765e-03
9.581000000000000000e+03 1.980458415662305488e+05 -1.125605723482570042e-02
9.582000000000000000e+03 1.980665122521262092e+05 -1.291936281502303885e-02
9.583000000000000000e+03 1.980871829380218696e+05 -1.393750198789622807e-02
9.584000000000000000e+03 1.981078536239175301e+05 -1.411513603703962172e-02
9.585000000000000000e+03 1.981285243098131905e+05 -1.344130722343173101e-02
9.586000000000000000e+03 1.981491949957088509e+05 -1.208832394638070795e-02
9.587000000000000000e+03 1.981698656816045113e+05 -1.037102488174967974e-02
9.588000000000000000e+03 1.981905363675001718e+05 -8.676007510310612680e-03
9.589000000000000000e+03 1.982112070533958322e+05 -7.376766257684796990e-03
9.590000000000000000e+03 1.982318777392914926e+05 -6.753407961004709303e-03
9.591000000000000000e+03 1.982525484251871530e+05 -6.934198454302820114e-03
9.592000000000000000e+03 1.982732191110828135e+05 -7.871095790222770727e-03
9.593000000000000000e+03 1.982938897969784739e+05 -9.353867122067704987e-03
9.594000000000000000e+03 1.983145604828741343e+05 -1.105902059363605971e-02
9.595000000000000000e+03 1.983352311687697947e+05 -1.262235151936641486e-02
9.596000000000000000e+03 1.983559018546654552e+05 -1.371894781581828142e-02
9.597000000000000000e+03 1.983765725405611156e+05 -1.413309054080558180e-02
9.598000000000000000e+03 1.983972432264567760e+05 -1.380294282556970842e-02
9.599000000000000000e+03 1.984179139123524365e+05 -1.283068707712642365e-02
9.600000000000000000e+03 1.984385845982480969e+05 -1.145652443583755620e-02
9.601000000000000000e+03 1.984592552841437573e+05 -1.000293356471748663e-02
9.602000000000000000e+03 1.984799259700394177e+05 -8.802016821946867520e-03
9.603000000000000000e+03 1.985005966559350782e+05 -8.122236946964123128e-03
9.604000000000000000e+03 1.985212673418307386e+05 -8.110657642836804904e-03
9.605000000000000000e+03 1.985419380277263990e+05 -8.763084371039453480e-03
9.606000000000000000e+03 1.985626087136220594e+05 -9.928165342494410517e-03
9.607000000000000000e+03 1.985832793995177199e+05 -1.134397717364932223e-02
9.608000000000000000e+03 1.986039500854133803e+05 -1.269850081983003864e-02
9.609000000000000000e+03 1.986246207713090407e+05 -1.370020841564634044e-02
9.610000000000000000e+03 1.986452914572047011e+05 -1.414286853820678758e-02
9.611000000000000000e+03 1.986659621431003616e+05 -1.395012978805532100e-02
9.612000000000000000e+03 1.986866328289960220e+05 -1.319014681210811668e-02
9.613000000000000000e+03 1.987073035148916824e+05 -1.205739017518875356e-02
9.614000000000000000e+03 1.987279742007873429e+05 -1.082624316985675295e-02
9.615000000000000000e+03 1.987486448866830033e+05 -9.787317941436668445e-03
9.616000000000000000e+03 1.987693155725786637e+05 -9.181180507805974944e-03
9.617000000000000000e+03 1.987899862584743241e+05 -9.144537824708753870e-03
9.618000000000000000e+03 1.988106569443699846e+05 -9.680893594640360700e-03
9.619000000000000000e+03 1.988313276302656450e+05 -1.066198200468831958e-02
9.620000000000000000e+03 1.988519983161613054e+05 -1.185925511748625594e-02
9.621000000000000000e+03 1.988726690020569658e+05 -1.299789585619531840e-02
9.622000000000000000e+03 1.988933396879526263e+05 -1.382076036024620924e-02
9.623000000000000000e+03 1.989140103738482867e+05 -1.414746881628653474e-02
9.624000000000000000e+03 1.989346810597439471e+05 -1.391508322978146639e-02
9.625000000000000000e+03 1.989553517456396075e+05 -1.319116571607475974e-02
9.626000000000000000e+03 1.989760224315352680e+05 -1.215648095106874882e-02
9.627000000000000000e+03 1.989966931174309284e+05 -1.106166301184968725e-02
9.628000000000000000e+03 1.990173638033265888e+05 -1.016815041119883967e-02
9.629000000000000000e+03 1.990380344892222492e+05 -9.687216610996085553e-03
9.630000000000000000e+03 1.990587051751179097e+05 -9.731205213040550195e-03
9.631000000000000000e+03 1.990793758610135701e+05 -1.028811684982222641e-02
9.632000000000000000e+03 1.991000465469092305e+05 -1.122522861615293799e-02
9.633000000000000000e+03 1.991207172328048910e+05 -1.232072730813460471e-02
9.634000000000000000e+03 1.991413879187005514e+05 -1.331591183143154833e-02
9.635000000000000000e+03 1.991620586045962118e+05 -1.397580705826173726e-02
9.636000000000000000e+03 1.991827292904918722e+05 -1.414410877738547616e-02
9.637000000000000000e+03 1.992033999763875327e+05 -1.377970876855816318e-02
9.638000000000000000e+03 1.992240706622831931e+05 -1.296633717725625967e-02
9.639000000000000000e+03 1.992447413481788535e+05 -1.189310895822881520e-02
9.640000000000000000e+03 1.992654120340745139e+05 -1.081050995397858649e-02
9.641000000000000000e+03 1.992860827199701744e+05 -9.972032804658192973e-03
9.642000000000000000e+03 1.993067534058658348e+05 -9.574964499854399236e-03
9.643000000000000000e+03 1.993274240917614952e+05 -9.714000900727826071e-03
9.644000000000000000e+03 1.993480947776571556e+05 -1.035841779570600973e-02
9.645000000000000000e+03 1.993687654635528161e+05 -1.135816263126332437e-02
9.646000000000000000e+03 1.993894361494484765e+05 -1.247765442614179321e-02
9.647000000000000000e+03 1.994101068353441369e+05 -1.344974209230054285e-02
9.648000000000000000e+03 1.994307775212397974e+05 -1.403758301063695417e-02
9.649000000000000000e+03 1.994514482071354578e+05 -1.409024728116481211e-02
9.650000000000000000e+03 1.994721188930311182e+05 -1.357912687828788378e-02
9.651000000000000000e+03 1.994927895789267786e+05 -1.260649527709223339e-02
9.652000000000000000e+03 1.995134602648224391e+05 -1.138387832591569726e-02
9.653000000000000000e+03 1.995341309507180995e+05 -1.018482464940195786e-02
9.654000000000000000e+03 1.995548016366137599e+05 -9.282607573634304998e-03
9.655000000000000000e+03 1.995754723225094203e+05 -8.886970102782276726e-03
9.656000000000000000e+03 1.995961430084050808e+05 -9.094407805733339956e-03
9.657000000000000000e+03 1.996168136943007412e+05 -9.863582113398772222e-03
9.658000000000000000e+03 1.996374843801964016e+05 -1.102191587883083468e-02
9.659000000000000000e+03 1.996581550660920620e+05 -1.230245172996657921e-02
9.660000000000000000e+03 1.996788257519877225e+05 -1.340316135086072613e-02
9.661000000000000000e+03 1.996994964378833829e+05 -1.405560910384245910e-02
9.662000000000000000e+03 1.997201671237790433e+05 -1.408743852357935596e-02
9.663000000000000000e+03 1.997408378096747037e+05 -1.346421714855133844e-02
9.664000000000000000e+03 1.997615084955703642e+05 -1.230060076368039157e-02
9.665000000000000000e+03 1.997821791814660246e+05 -1.083761783259523659e-02
9.666000000000000000e+03 1.998028498673616850e+05 -9.390588860971493812e-03
9.667000000000000000e+03 1.998235205532573455e+05 -8.279003620670299934e-03
9.668000000000000000e+03 1.998441912391530059e+05 -7.753984437939676934e-03
9.669000000000000000e+03 1.998648619250486663e+05 -7.939749787175431894e-03
9.670000000000000000e+03 1.998855326109443267e+05 -8.802573531676960439e-03
9.671000000000000000e+03 1.999062032968399872e+05 -1.015476646088459001e-02
9.672000000000000000e+03 1.999268739827356476e+05 -1.169348554916432859e-02
9.673000000000000000e+03 1.999475446686313080e+05 -1.306635578345954896e-02
9.674000000000000000e+03 1.999682153545269684e+05 -1.394968048429884311e-02
9.675000000000000000e+03 1.999888860404226289e+05 -1.412186084269534576e-02
9.676000000000000000e+03 2.000095567263182893e+05 -1.351536600231145573e-02
9.677000000000000000e+03 2.000302274122139497e+05 -1.223513316671948070e-02
9.678000000000000000e+03 2.000508980981096101e+05 -1.053866340405446023e-02
9.679000000000000000e+03 2.000715687840052706e+05 -8.781654802895499934e-03
9.680000000000000000e+03 2.000922394699009310e+05 -7.340822149843440926e-03
9.681000000000000000e+03 2.001129101557965914e+05 -6.530791603881369589e-03
9.682000000000000000e+03 2.001335808416922519e+05 -6.533430144673113560e-03
9.683000000000000000e+03 2.001542515275879123e+05 -7.355369264875899482e-03
9.684000000000000000e+03 2.001749222134835727e+05 -8.823432054839708272e-03
9.685000000000000000e+03 2.001955928993792331e+05 -1.061949768841996544e-02
9.686000000000000000e+03 2.002162635852748936e+05 -1.234774932079518717e-02
9.687000000000000000e+03 2.002369342711705540e+05 -1.362005354708628602e-02
9.688000000000000000e+03 2.002576049570662144e+05 -1.414100260899209260e-02
9.689000000000000000e+03 2.002782756429618748e+05 -1.377393679699945479e-02
9.690000000000000000e+03 2.002989463288575353e+05 -1.257319758548214317e-02
9.691000000000000000e+03 2.003196170147531957e+05 -1.077512011687808968e-02
9.692000000000000000e+03 2.003402877006488561e+05 -8.749263704403487107e-03
9.693000000000000000e+03 2.003609583865445165e+05 -6.920111126650307053e-03
9.694000000000000000e+03 2.003816290724401770e+05 -5.675994625512659209e-03
9.695000000000000000e+03 2.004022997583358374e+05 -5.284871685147962683e-03
9.696000000000000000e+03 2.004229704442314978e+05 -5.835171584514686760e-03
9.697000000000000000e+03 2.004436411301271582e+05 -7.214634652054574548e-03
9.698000000000000000e+03 2.004643118160228187e+05 -9.132045030558921805e-03
9.699000000000000000e+03 2.004849825019184791e+05 -1.117766834585814939e-02
9.700000000000000000e+03 2.005056531878141395e+05 -1.290988009254434576e-02
9.701000000000000000e+03 2.005263238737098000e+05 -1.394965590591423603e-02
9.702000000000000000e+03 2.005469945596054604e+05 -1.406262551432269081e-02
9.703000000000000000e+03 2.005676652455011208e+05 -1.321082006319429514e-02
9.704000000000000000e+03 2.005883359313967812e+05 -1.156262094047277866e-02
9.705000000000000000e+03 2.006090066172924417e+05 -9.458385367832389257e-03
9.706000000000000000e+03 2.006296773031881021e+05 -7.338829051868112074e-03
9.707000000000000000e+03 2.006503479890837625e+05 -5.651375580347561822e-03
9.708000000000000000e+03 2.006710186749794229e+05 -4.754519821717151373e-03
9.709000000000000000e+03 2.006916893608750834e+05 -4.840724939955132200e-03
9.710000000000000000e+03 2.007123600467707438e+05 -5.894426924459850170e-03
9.711000000000000000e+03 2.007330307326664042e+05 -7.694279119609292138e-03
9.712000000000000000e+03 2.007537014185620646e+05 -9.859415716132469143e-03
9.713000000000000000e+03 2.007743721044577251e+05 -1.193013670967535411e-02
9.714000000000000000e+03 2.007950427903533855e+05 -1.346593485608543923e-02
9.715000000000000000e+03 2.008157134762490459e+05 -1.413984808943574527e-02
9.716000000000000000e+03 2.008363841621447064e+05 -1.380871767157282326e-02
9.717000000000000000e+03 2.008570548480403668e+05 -1.254404342589460208e-02
9.718000000000000000e+03 2.008777255339360272e+05 -1.061666199363181518e-02
9.719000000000000000e+03 2.008983962198316876e+05 -8.438540235762237440e-03
9.720000000000000000e+03 2.009190669057273481e+05 -6.474331522805742978e-03
9.721000000000000000e+03 2.009397375916230085e+05 -5.141891670142451076e-03
9.722000000000000000e+03 2.009604082775186689e+05 -4.723235135217329628e-03
9.723000000000000000e+03 2.009810789634143293e+05 -5.304987667539062812e-03
9.724000000000000000e+03 2.010017496493099898e+05 -6.760910728639491808e-03
9.725000000000000000e+03 2.010224203352056502e+05 -8.780017812643536868e-03
9.726000000000000000e+03 2.010430910211013106e+05 -1.093407519024675034e-02
9.727000000000000000e+03 2.010637617069969710e+05 -1.276986055717405089e-02
9.728000000000000000e+03 2.010844323928926315e+05 -1.390622143382164166e-02
9.729000000000000000e+03 2.011051030787882919e+05 -1.411495809899371290e-02
9.730000000000000000e+03 2.011257737646839523e+05 -1.336815503447885689e-02
9.731000000000000000e+03 2.011464444505796127e+05 -1.184201193339817770e-02
9.732000000000000000e+03 2.011671151364752732e+05 -9.876789812968134186e-03
9.733000000000000000e+03 2.011877858223709336e+05 -7.902034939248681056e-03
9.734000000000000000e+03 2.012084565082665940e+05 -6.343654726901681862e-03
9.735000000000000000e+03 2.012291271941622545e+05 -5.533083702536689685e-03
9.736000000000000000e+03 2.012497978800579149e+05 -5.637968868354548135e-03
9.737000000000000000e+03 2.012704685659535753e+05 -6.628842851888250287e-03
9.738000000000000000e+03 2.012911392518492357e+05 -8.288348694346914236e-03
9.739000000000000000e+03 2.013118099377448962e+05 -1.026045731252867022e-02
9.740000000000000000e+03 2.013324806236405566e+05 -1.212864900404142521e-02
9.741000000000000000e+03 2.013531513095362170e+05 -1.350594567145513292e-02
9.742000000000000000e+03 2.013738219954318774e+05 -1.411728655729915967e-02
9.743000000000000000e+03 2.013944926813275379e+05 -1.385659494253166368e-02
9.744000000000000000e+03 2.014151633672231983e+05 -1.280658400875300806e-02
9.745000000000000000e+03 2.014358340531188587e+05 -1.121760042963088067e-02
9.746000000000000000e+03 2.014565047390145191e+05 -9.450745845498265130e-03
9.747000000000000000e+03 2.014771754249101796e+05 -7.898172649633827813e-03
9.748000000000000000e+03 2.014978461108058400e+05 -6.898160919074858288e-03
9.749000000000000000e+03 2.015185167967015004e+05 -6.663372941592083688e-03
9.750000000000000000e+03 2.015391874825971609e+05 -7.237483533935328527e-03
9.751000000000000000e+03 2.015598581684928213e+05 -8.489012457820244162e-03
9.752000000000000000e+03 2.015805288543884817e+05 -1.014307393797886370e-02
9.753000000000000000e+03 2.016011995402841421e+05 -1.184361651835563745e-02
9.754000000000000000e+03 2.016218702261798026e+05 -1.323223455313071728e-02
9.755000000000000000e+03 2.016425409120754630e+05 -1.402616809737155905e-02
9.756000000000000000e+03 2.016632115979711234e+05 -1.407845426459630733e-02
9.757000000000000000e+03 2.016838822838667838e+05 -1.340730073536411208e-02
9.758000000000000000e+03 2.017045529697624443e+05 -1.218869896117791285e-02
9.759000000000000000e+03 2.017252236556581047e+05 -1.071450080342417621e-02
9.760000000000000000e+03 2.017458943415537651e+05 -9.325792388557352375e-03
9.761000000000000000e+03 2.017665650274494255e+05 -8.336709720305868210e-03
9.762000000000000000e+03 2.017872357133450860e+05 -7.965692334246821105e-03
9.763000000000000000e+03 2.018079063992407464e+05 -8.289219720795992785e-03
9.764000000000000000e+03 2.018285770851364068e+05 -9.227849100797269610e-03
9.765000000000000000e+03 2.018492477710320672e+05 -1.056709542058237306e-02
9.766000000000000000e+03 2.018699184569277277e+05 -1.200796845202006802e-02
9.767000000000000000e+03 2.018905891428233881e+05 -1.323546768926459061e-02
9.768000000000000000e+03 2.019112598287190485e+05 -1.398945162152226418e-02
9.769000000000000000e+03 2.019319305146147090e+05 -1.412192701810704824e-02
9.770000000000000000e+03 2.019526012005103694e+05 -1.362805125525628873e-02
9.771000000000000000e+03 2.019732718864060298e+05 -1.264426018342607039e-02
9.772000000000000000e+03 2.019939425723016902e+05 -1.141449367672248139e-02
9.773000000000000000e+03 2.020146132581973507e+05 -1.023272731094754251e-02
9.774000000000000000e+03 2.020352839440930111e+05 -9.375264166853469749e-03
9.775000000000000000e+03 2.020559546299886715e+05 -9.038321629169454585e-03
9.776000000000000000e+03 2.020766253158843319e+05 -9.294958622489579714e-03
9.777000000000000000e+03 2.020972960017799924e+05 -1.008076101108862366e-02
9.778000000000000000e+03 2.021179666876756528e+05 -1.121105397463656450e-02
9.779000000000000000e+03 2.021386373735713132e+05 -1.242525018653756197e-02
9.780000000000000000e+03 2.021593080594669736e+05 -1.344785292528977161e-02
9.781000000000000000e+03 2.021799787453626341e+05 -1.405196192579577508e-02
9.782000000000000000e+03 2.022006494312582945e+05 -1.411070823947230268e-02
9.783000000000000000e+03 2.022213201171539549e+05 -1.362497096984061247e-02
9.784000000000000000e+03 2.022419908030496154e+05 -1.272131347793659106e-02
9.785000000000000000e+03 2.022626614889452758e+05 -1.162099945506156473e-02
9.786000000000000000e+03 2.022833321748409362e+05 -1.058758661947356572e-02
9.787000000000000000e+03 2.023040028607365966e+05 -9.865414413884554534e-03
9.788000000000000000e+03 2.023246735466322571e+05 -9.623221882058774490e-03
9.789000000000000000e+03 2.023453442325279175e+05 -9.915772696771907313e-03
9.790000000000000000e+03 2.023660149184235779e+05 -1.067210772746840508e-02
9.791000000000000000e+03 2.023866856043192383e+05 -1.171290343599296069e-02
9.792000000000000000e+03 2.024073562902148988e+05 -1.279277303343351324e-02
9.793000000000000000e+03 2.024280269761105592e+05 -1.365767557079233981e-02
9.794000000000000000e+03 2.024486976620062196e+05 -1.410416080336740485e-02
9.795000000000000000e+03 2.024693683479018800e+05 -1.402676685647474657e-02
9.796000000000000000e+03 2.024900390337975405e+05 -1.344261993257656225e-02
9.797000000000000000e+03 2.025107097196932009e+05 -1.248754585343725410e-02
9.798000000000000000e+03 2.025313804055888613e+05 -1.138458033002165415e-02
9.799000000000000000e+03 2.025520510914845217e+05 -1.039213664668214854e-02
9.800000000000000000e+03 2.025727217773801822e+05 -9.743783218748136576e-03
9.801000000000000000e+03 2.025933924632758426e+05 -9.593523374735291043e-03
9.802000000000000000e+03 2.026140631491715030e+05 -9.979228991597421938e-03
9.803000000000000000e+03 2.026347338350671635e+05 -1.081276382298668182e-02
9.804000000000000000e+03 2.026554045209628239e+05 -1.189927754703734575e-02
9.805000000000000000e+03 2.026760752068584843e+05 -1.298149770243561818e-02
9.806000000000000000e+03 2.026967458927541447e+05 -1.379906424615251308e-02
9.807000000000000000e+03 2.027174165786498052e+05 -1.414935485013813117e-02
9.808000000000000000e+03 2.027380872645454656e+05 -1.393570960602374953e-02
9.809000000000000000e+03 2.027587579504411260e+05 -1.319167753603367466e-02
9.810000000000000000e+03 2.027794286363367864e+05 -1.207530853770444335e-02
9.811000000000000000e+03 2.028000993222324469e+05 -1.083438674839143356e-02
9.812000000000000000e+03 2.028207700081281073e+05 -9.750257641501280936e-03
9.813000000000000000e+03 2.028414406940237677e+05 -9.072958368844141752e-03
9.814000000000000000e+03 2.028621113799194281e+05 -8.962524646912994886e-03
9.815000000000000000e+03 2.028827820658150886e+05 -9.450106890465048703e-03
9.816000000000000000e+03 2.029034527517107490e+05 -1.042816476826152750e-02
9.817000000000000000e+03 2.029241234376064094e+05 -1.167249683823473605e-02
9.818000000000000000e+03 2.029447941235020699e+05 -1.289162928912385153e-02
9.819000000000000000e+03 2.029654648093977303e+05 -1.379273220038618360e-02
9.820000000000000000e+03 2.029861354952933907e+05 -1.414921113179950889e-02
9.821000000000000000e+03 2.030068061811890511e+05 -1.385443105723799424e-02
9.822000000000000000e+03 2.030274768670847116e+05 -1.294892483388515592e-02
9.823000000000000000e+03 2.030481475529803720e+05 -1.161432647220989045e-02
9.824000000000000000e+03 2.030688182388760324e+05 -1.013482660756875875e-02
9.825000000000000000e+03 2.030894889247716928e+05 -8.834429701657098288e-03
9.826000000000000000e+03 2.031101596106673533e+05 -8.003950627027855980e-03
9.827000000000000000e+03 2.031308302965630137e+05 -7.834196450043462434e-03
9.828000000000000000e+03 2.031515009824586741e+05 -8.370563726494917312e-03
9.829000000000000000e+03 2.031721716683543345e+05 -9.499637696864904335e-03
9.830000000000000000e+03 2.031928423542499950e+05 -1.097134849242442645e-02
9.831000000000000000e+03 2.032135130401456554e+05 -1.245234021816443715e-02
9.832000000000000000e+03 2.032341837260413158e+05 -1.359914147271035212e-02
9.833000000000000000e+03 2.032548544119369762e+05 -1.413506565828925865e-02
9.834000000000000000e+03 2.032755250978326367e+05 -1.391363174225745958e-02
9.835000000000000000e+03 2.032961957837282971e+05 -1.295403136659201149e-02
9.836000000000000000e+03 2.033168664696239575e+05 -1.144022574268688253e-02
9.837000000000000000e+03 2.033375371555196180e+05 -9.683298390166461544e-03
9.838000000000000000e+03 2.033582078414152784e+05 -8.054909211849259343e-03
9.839000000000000000e+03 2.033788785273109388e+05 -6.906227343249249362e-03
9.840000000000000000e+03 2.033995492132065992e+05 -6.490079582620433829e-03
9.841000000000000000e+03 2.034202198991022597e+05 -6.903495053632469937e-03
9.842000000000000000e+03 2.034408905849979201e+05 -8.063516463961251102e-03
9.843000000000000000e+03 2.034615612708935805e+05 -9.722048399479266134e-03
9.844000000000000000e+03 2.034822319567892409e+05 -1.151711833913021676e-02
9.845000000000000000e+03 2.035029026426849014e+05 -1.304996733649110841e-02
9.846000000000000000e+03 2.035235733285805618e+05 -1.397155573125596906e-02
9.847000000000000000e+03 2.035442440144762222e+05 -1.405969905291648732e-02
9.848000000000000000e+03 2.035649147003718826e+05 -1.326977356891589910e-02
9.849000000000000000e+03 2.035855853862675431e+05 -1.174746203532250899e-02
9.850000000000000000e+03 2.036062560721632035e+05 -9.800178208703658189e-03
9.851000000000000000e+03 2.036269267580588639e+05 -7.832833795482774253e-03
9.852000000000000000e+03 2.036475974439545244e+05 -6.261496867945359757e-03
9.853000000000000000e+03 2.036682681298501848e+05 -5.423462994041672314e-03
9.854000000000000000e+03 2.036889388157458452e+05 -5.503199569764138932e-03
9.855000000000000000e+03 2.037096095016415056e+05 -6.490346985448369743e-03
9.856000000000000000e+03 2.037302801875371661e+05 -8.179217779266001465e-03
9.857000000000000000e+03 2.037509508734328265e+05 -1.021045393984321148e-02
9.858000000000000000e+03 2.037716215593284869e+05 -1.214646377739903027e-02
9.859000000000000000e+03 2.037922922452241473e+05 -1.356482300459249668e-02
9.860000000000000000e+03 2.038129629311198078e+05 -1.414963447537653796e-02
9.861000000000000000e+03 2.038336336170154682e+05 -1.376094615040102283e-02
9.862000000000000000e+03 2.038543043029111286e+05 -1.246683651562796591e-02
9.863000000000000000e+03 2.038749749888067890e+05 -1.053076710056322085e-02
9.864000000000000000e+03 2.038956456747024495e+05 -8.356531427958113767e-03
9.865000000000000000e+03 2.039163163605981099e+05 -6.402442468679825360e-03
9.866000000000000000e+03 2.039369870464937703e+05 -5.083199263923643407e-03
9.867000000000000000e+03 2.039576577323894307e+05 -4.680614450971565255e-03
9.868000000000000000e+03 2.039783284182850912e+05 -5.282483668414772460e-03
9.869000000000000000e+03 2.039989991041807516e+05 -6.762833907016596591e-03
9.870000000000000000e+03 2.040196697900764120e+05 -8.807961836947264533e-03
9.871000000000000000e+03 2.040403404759720725e+05 -1.098290469108337275e-02
9.872000000000000000e+03 2.040610111618677329e+05 -1.282426301406242031e-02
9.873000000000000000e+03 2.040816818477633933e+05 -1.393947161036773741e-02
9.874000000000000000e+03 2.041023525336590537e+05 -1.409105423856698951e-02
9.875000000000000000e+03 2.041230232195547142e+05 -1.324756138338517575e-02
9.876000000000000000e+03 2.041436939054503746e+05 -1.159012878693760351e-02
9.877000000000000000e+03 2.041643645913460350e+05 -9.473289184374511507e-03
9.878000000000000000e+03 2.041850352772416954e+05 -7.348648324258189035e-03
9.879000000000000000e+03 2.042057059631373559e+05 -5.668072340866636694e-03
9.880000000000000000e+03 2.042263766490330163e+05 -4.787344530960968569e-03
9.881000000000000000e+03 2.042470473349286767e+05 -4.890932451546148307e-03
9.882000000000000000e+03 2.042677180208243371e+05 -5.953754245232589781e-03
9.883000000000000000e+03 2.042883887067199976e+05 -7.747805473323987613e-03
9.884000000000000000e+03 2.043090593926156580e+05 -9.891949568722635533e-03
9.885000000000000000e+03 2.043297300785113184e+05 -1.193403280232285812e-02
9.886000000000000000e+03 2.043504007644069789e+05 -1.344762127387966189e-02
9.887000000000000000e+03 2.043710714503026393e+05 -1.412255876048140561e-02
9.888000000000000000e+03 2.043917421361982997e+05 -1.382995365678274351e-02
9.889000000000000000e+03 2.044124128220939601e+05 -1.264784530972662413e-02
9.890000000000000000e+03 2.044330835079896206e+05 -1.084240651812284906e-02
9.891000000000000000e+03 2.044537541938852810e+05 -8.809181687715328390e-03
9.892000000000000000e+03 2.044744248797809414e+05 -6.987415626240223165e-03
9.893000000000000000e+03 2.044950955656766018e+05 -5.766137744283084121e-03
9.894000000000000000e+03 2.045157662515722623e+05 -5.402150006255823644e-03
9.895000000000000000e+03 2.045364369374679227e+05 -5.967203672128273961e-03
9.896000000000000000e+03 2.045571076233635831e+05 -7.335192141440461701e-03
9.897000000000000000e+03 2.045777783092592435e+05 -9.211591870621871347e-03
9.898000000000000000e+03 2.045984489951549040e+05 -1.119843677431536788e-02
9.899000000000000000e+03 2.046191196810505644e+05 -1.288061853628552633e-02
9.900000000000000000e+03 2.046397903669462248e+05 -1.391482551260447842e-02
9.901000000000000000e+03 2.046604610528418852e+05 -1.410197231450771582e-02
9.902000000000000000e+03 2.046811317387375457e+05 -1.342768171691188783e-02
9.903000000000000000e+03 2.047018024246332061e+05 -1.206245010897954995e-02
9.904000000000000000e+03 2.047224731105288665e+05 -1.032197344643592807e-02
9.905000000000000000e+03 2.047431437964245270e+05 -8.596764436395676334e-03
9.906000000000000000e+03 2.047638144823201874e+05 -7.266745465273948511e-03
9.907000000000000000e+03 2.047844851682158478e+05 -6.619530000436912864e-03
9.908000000000000000e+03 2.048051558541115082e+05 -6.790001185254746809e-03
9.909000000000000000e+03 2.048258265400071687e+05 -7.733905495924452665e-03
9.910000000000000000e+03 2.048464972259028291e+05 -9.240656742528718937e-03
9.911000000000000000e+03 2.048671679117984895e+05 -1.098202918196478084e-02
9.912000000000000000e+03 2.048878385976941499e+05 -1.258568715277513794e-02
9.913000000000000000e+03 2.049085092835898104e+05 -1.371718044701469852e-02
9.914000000000000000e+03 2.049291799694854708e+05 -1.415230883728785423e-02
9.915000000000000000e+03 2.049498506553811312e+05 -1.382405350540955036e-02
9.916000000000000000e+03 2.049705213412767916e+05 -1.283409066336599347e-02
9.917000000000000000e+03 2.049911920271724521e+05 -1.142690966467668767e-02
9.918000000000000000e+03 2.050118627130681125e+05 -9.932913837686296876e-03
9.919000000000000000e+03 2.050325333989637729e+05 -8.693684133213974707e-03
9.920000000000000000e+03 2.050532040848594334e+05 -7.986311953958213916e-03
9.921000000000000000e+03 2.050738747707550938e+05 -7.963577139053878984e-03
9.922000000000000000e+03 2.050945454566507542e+05 -8.622893083905569522e-03
9.923000000000000000e+03 2.051152161425464146e+05 -9.810328584138050534e-03
9.924000000000000000e+03 2.051358868284420751e+05 -1.125815682009617680e-02
9.925000000000000000e+03 2.051565575143377355e+05 -1.264698686743120914e-02
9.926000000000000000e+03 2.051772282002333959e+05 -1.367819436850198529e-02
9.927000000000000000e+03 2.051978988861290563e+05 -1.414026067821688715e-02
9.928000000000000000e+03 2.052185695720247168e+05 -1.395423477362961635e-02
9.929000000000000000e+03 2.052392402579203772e+05 -1.318847449978860498e-02
9.930000000000000000e+03 2.052599109438160376e+05 -1.203993634747269059e-02
9.931000000000000000e+03 2.052805816297116980e+05 -1.078689758149797839e-02
9.932000000000000000e+03 2.053012523156073585e+05 -9.724354091055875671e-03
9.933000000000000000e+03 2.053219230015030189e+05 -9.097012967415718521e-03
9.934000000000000000e+03 2.053425936873986793e+05 -9.045020453932406390e-03
9.935000000000000000e+03 2.053632643732943397e+05 -9.574384115822898167e-03
9.936000000000000000e+03 2.053839350591900002e+05 -1.055827656337637865e-02
9.937000000000000000e+03 2.054046057450856606e+05 -1.176838518171330339e-02
9.938000000000000000e+03 2.054252764309813210e+05 -1.292874972550794865e-02
9.939000000000000000e+03 2.054459471168769815e+05 -1.377956945981462407e-02
9.940000000000000000e+03 2.054666178027726419e+05 -1.413635507412669239e-02
9.941000000000000000e+03 2.054872884886683023e+05 -1.393102140799584547e-02
9.942000000000000000e+03 2.055079591745639627e+05 -1.322578035153798570e-02
9.943000000000000000e+03 2.055286298604596232e+05 -1.219700329002149086e-02
9.944000000000000000e+03 2.055493005463552836e+05 -1.109311111087041279e-02
9.945000000000000000e+03 2.055699712322509440e+05 -1.017643027711101489e-02
9.946000000000000000e+03 2.055906419181466044e+05 -9.662492666181798917e-03
9.947000000000000000e+03 2.056113126040422649e+05 -9.670684082237923640e-03
9.948000000000000000e+03 2.056319832899379253e+05 -1.019742123496902853e-02
9.949000000000000000e+03 2.056526539758335857e+05 -1.111782762651147838e-02
9.950000000000000000e+03 2.056733246617292461e+05 -1.221537409567519106e-02
9.951000000000000000e+03 2.056939953476249066e+05 -1.323258948518180045e-02
9.952000000000000000e+03 2.057146660335205670e+05 -1.393113721042838100e-02
9.953000000000000000e+03 2.057353367194162274e+05 -1.414738741987053849e-02
9.954000000000000000e+03 2.057560074053118879e+05 -1.383061908856075828e-02
9.955000000000000000e+03 2.057766780912075483e+05 -1.305496735695532706e-02
9.956000000000000000e+03 2.057973487771032087e+05 -1.200229055466017769e-02
9.957000000000000000e+03 2.058180194629988691e+05 -1.091987003552674640e-02
9.958000000000000000e+03 2.058386901488945296e+05 -1.006270543181519983e-02
9.959000000000000000e+03 2.058593608347901900e+05 -9.633762932668377132e-03
9.960000000000000000e+03 2.058800315206858504e+05 -9.736042775801312388e-03
9.961000000000000000e+03 2.059007022065815108e+05 -1.034765096638196047e-02
9.962000000000000000e+03 2.059213728924771713e+05 -1.132581560722317748e-02
9.963000000000000000e+03 2.059420435783728317e+05 -1.243916343548073788e-02
9.964000000000000000e+03 2.059627142642684921e+05 -1.342104245176839461e-02
9.965000000000000000e+03 2.059833849501641525e+05 -1.403171569064004705e-02
9.966000000000000000e+03 2.060040556360598130e+05 -1.411502807775150310e-02
9.967000000000000000e+03 2.060247263219554734e+05 -1.363624331595042656e-02
9.968000000000000000e+03 2.060453970078511338e+05 -1.269197314240483321e-02
9.969000000000000000e+03 2.060660676937467942e+05 -1.148953245364187081e-02
9.970000000000000000e+03 2.060867383796424547e+05 -1.030016399075300848e-02
9.971000000000000000e+03 2.061074090655381151e+05 -9.396712857244360340e-03
9.972000000000000000e+03 2.061280797514337755e+05 -8.990042826647892671e-03
9.973000000000000000e+03 2.061487504373294360e+05 -9.178902520118936703e-03
9.974000000000000000e+03 2.061694211232250964e+05 -9.924985306977662791e-03
9.975000000000000000e+03 2.061900918091207568e+05 -1.105927085169672308e-02
9.976000000000000000e+03 2.062107624950164172e+05 -1.231865479279409259e-02
9.977000000000000000e+03 2.062314331809120777e+05 -1.340492849832214221e-02
9.978000000000000000e+03 2.062521038668077381e+05 -1.405291931057855818e-02
9.979000000000000000e+03 2.062727745527033985e+05 -1.409227595343803818e-02
9.980000000000000000e+03 2.062934452385990589e+05 -1.348859060663643028e-02
9.981000000000000000e+03 2.063141159244947194e+05 -1.235407975374325229e-02
9.982000000000000000e+03 2.063347866103903798e+05 -1.092489618896541614e-02
9.983000000000000000e+03 2.063554572962860402e+05 -9.509749290676827727e-03
9.984000000000000000e+03 2.063761279821817006e+05 -8.421114543645913386e-03
9.985000000000000000e+03 2.063967986680773611e+05 -7.904388032278331089e-03
9.986000000000000000e+03 2.064174693539730215e+05 -8.080956650102111283e-03
9.987000000000000000e+03 2.064381400398686819e+05 -8.918192432587290774e-03
9.988000000000000000e+03 2.064588107257643424e+05 -1.023352115810449714e-02
9.989000000000000000e+03 2.064794814116600028e+05 -1.173223680984303297e-02
9.990000000000000000e+03 2.065001520975556632e+05 -1.307122475404476347e-02
9.991000000000000000e+03 2.065208227834513236e+05 -1.393483743777512544e-02
9.992000000000000000e+03 2.065414934693469841e+05 -1.410618246334061077e-02
9.993000000000000000e+03 2.065621641552426445e+05 -1.351778676699499915e-02
9.994000000000000000e+03 2.065828348411383049e+05 -1.226992323189279865e-02
9.995000000000000000e+03 2.066035055270339653e+05 -1.061191699155711321e-02
9.996000000000000000e+03 2.066241762129296258e+05 -8.889941537989554110e-03
9.997000000000000000e+03 2.066448468988252862e+05 -7.472337039697463101e-03
9.998000000000000000e+03 2.066655175847209466e+05 -6.668629271144699278e-03
9.999000000000000000e+03 2.066861882706166070e+05 -6.660024823516742278e-03
1.000000000000000000e+04 2.067068589565122675e+05 -7.456855749558066737e-03
