-3.335641066167240933e+04 4.203662487715714713e-01
-3.334974004660158243e+04 4.203662913657923994e-01
-3.334306943153074826e+04 4.203663765542862696e-01
-3.333639881645992136e+04 4.203665043386774491e-01
-3.332972820138909447e+04 4.203666747158908423e-01
-3.332305758631826029e+04 4.203668876888514983e-01
-3.331638697124743339e+04 4.203671432558564458e-01
-3.330971635617660650e+04 4.203674414180907926e-01
-3.330304574110577232e+04 4.203677821744606358e-01
-3.329637512603494542e+04 4.203681655257279215e-01
-3.328970451096411853e+04 4.203685914732347984e-01
-3.328303389589328435e+04 4.203690600164395330e-01
-3.327636328082246473e+04 4.203695711561599713e-01
-3.326969266575163783e+04 4.203701248907011356e-01
-3.326302205068080366e+04 4.203707212221612921e-01
-3.325635143560997676e+04 4.203713601484140305e-01
-3.324968082053914986e+04 4.203720416760171052e-01
-3.324301020546831569e+04 4.203727657986491839e-01
-3.323633959039748879e+04 4.203735325170249171e-01
-3.322966897532666189e+04 4.203743418355948003e-01
-3.322299836025582772e+04 4.203751937525462279e-01
-3.321632774518500082e+04 4.203760882686850553e-01
-3.320965713011417392e+04 4.203770253828947312e-01
-3.320298651504333975e+04 4.203780051000972628e-01
-3.319631589997251285e+04 4.203790274151246176e-01
-3.318964528490169323e+04 4.203800923316899918e-01
-3.318297466983085906e+04 4.203811998507600012e-01
-3.317630405476003216e+04 4.203823499710094280e-01
-3.316963343968920526e+04 4.203835426937155839e-01
-3.316296282461837109e+04 4.203847780199601036e-01
-3.315629220954754419e+04 4.203860559518838858e-01
-3.314962159447671729e+04 4.203873764845421079e-01
-3.314295097940588312e+04 4.203887396267597110e-01
-3.313628036433505622e+04 4.203901453739507521e-01
-3.312960974926422932e+04 4.203915937273708381e-01
-3.312293913419339515e+04 4.203930846857009684e-01
-3.311626851912256825e+04 4.203946182550360455e-01
-3.310959790405174135e+04 4.203961944321861766e-01
-3.310292728898091445e+04 4.203978132204342355e-01
-3.309625667391008756e+04 4.203994746194083532e-01
-3.308958605883926066e+04 4.204011786300117515e-01
-3.308291544376842648e+04 4.204029252512908599e-01
-3.307624482869759959e+04 4.204047144872736230e-01
-3.306957421362677269e+04 4.204065463377749667e-01
-3.306290359855593852e+04 4.204084208032631276e-01
-3.305623298348511162e+04 4.204103378843835892e-01
-3.304956236841428472e+04 4.204122975823994524e-01
-3.304289175334345055e+04 4.204142999010752613e-01
-3.303622113827262365e+04 4.204163448364909295e-01
-3.302955052320179675e+04 4.204184323923988997e-01
-3.302287990813096258e+04 4.204205625698890780e-01
-3.301620929306014295e+04 4.204227353710171533e-01
-3.300953867798931606e+04 4.204249507942423025e-01
-3.300286806291848188e+04 4.204272088441760036e-01
-3.299619744784765498e+04 4.204295095177212893e-01
-3.298952683277682809e+04 4.204318528186841153e-01
-3.298285621770599391e+04 4.204342387476810439e-01
-3.297618560263516702e+04 4.204366673077252203e-01
-3.296951498756434012e+04 4.204391384969334289e-01
-3.296284437249350594e+04 4.204416523198535316e-01
-3.295617375742267905e+04 4.204442087755874691e-01
-3.294950314235185215e+04 4.204468078645298146e-01
-3.294283252728101797e+04 4.204494495923379871e-01
-3.293616191221019108e+04 4.204521339568493277e-01
-3.292949129713936418e+04 4.204548609588595887e-01
-3.292282068206853728e+04 4.204576306022627663e-01
-3.291615006699771038e+04 4.204604428846137609e-01
-3.290947945192688348e+04 4.204632978122738729e-01
-3.290280883685604931e+04 4.204661953852853462e-01
-3.289613822178522241e+04 4.204691356026584170e-01
-3.288946760671439552e+04 4.204721184692369329e-01
-3.288279699164356134e+04 4.204751439832328797e-01
-3.287612637657273444e+04 4.204782121487506963e-01
-3.286945576150190755e+04 4.204813229658331264e-01
-3.286278514643107337e+04 4.204844764391153511e-01
-3.285611453136024647e+04 4.204876725656070957e-01
-3.284944391628941958e+04 4.204909113511257623e-01
-3.284277330121859268e+04 4.204941927931584722e-01
-3.283610268614776578e+04 4.204975168964106835e-01
-3.282943207107693161e+04 4.205008836635430458e-01
-3.282276145600610471e+04 4.205042930936436774e-01
-3.281609084093527781e+04 4.205077451873776018e-01
-3.280942022586445091e+04 4.205112399532330292e-01
-3.280274961079361674e+04 4.205147773851582449e-01
-3.279607899572278984e+04 4.205183574889740372e-01
-3.278940838065196294e+04 4.205219802659496131e-01
-3.278273776558112877e+04 4.205256457184030627e-01
-3.277606715051030187e+04 4.205293538462110958e-01
-3.276939653543947497e+04 4.205331046540060624e-01
-3.276272592036864444e+04 4.205368981437291875e-01
-3.275605530529782118e+04 4.205407343145590726e-01
-3.274938469022699064e+04 4.205446131686842448e-01
-3.274271407515616011e+04 4.205485347105202831e-01
-3.273604346008533321e+04 4.205524989412254278e-01
-3.272937284501450267e+04 4.205565058627334096e-01
-3.272270222994367214e+04 4.205605554779369704e-01
-3.271603161487284524e+04 4.205646477878610123e-01
-3.270936099980201470e+04 4.205687827937532042e-01
-3.270269038473118417e+04 4.205729604980420477e-01
-3.269601976966035727e+04 4.205771809056331190e-01
-3.268934915458952673e+04 4.205814440154764244e-01
-3.268267853951869620e+04 4.205857498309675258e-01
-3.267600792444786930e+04 4.205900983549595296e-01
-3.266933730937704604e+04 4.205944895900358138e-01
-3.266266669430621550e+04 4.205989235357276979e-01
-3.265599607923538861e+04 4.206034001961675983e-01
-3.264932546416455807e+04 4.206079195749111155e-01
-3.264265484909372753e+04 4.206124816737687455e-01
-3.263598423402290064e+04 4.206170864920821817e-01
-3.262931361895207010e+04 4.206217340358374690e-01
-3.262264300388123957e+04 4.206264243071090592e-01
-3.261597238881041267e+04 4.206311573044745900e-01
-3.260930177373958213e+04 4.206359330363798610e-01
-3.260263115866875160e+04 4.206407515002308362e-01
-3.259596054359792470e+04 4.206456127018376456e-01
-3.258928992852709416e+04 4.206505166415703267e-01
-3.258261931345627090e+04 4.206554633229596107e-01
-3.257594869838544037e+04 4.206604527479935185e-01
-3.256927808331461347e+04 4.206654849207048796e-01
-3.256260746824378293e+04 4.206705598414176572e-01
-3.255593685317295603e+04 4.206756775156559880e-01
-3.254926623810212550e+04 4.206808379426560940e-01
-3.254259562303129496e+04 4.206860411271817757e-01
-3.253592500796046806e+04 4.206912870707688046e-01
-3.252925439288963753e+04 4.206965757777181847e-01
-3.252258377781880699e+04 4.207019072501528290e-01
-3.251591316274798010e+04 4.207072814918833004e-01
-3.250924254767714956e+04 4.207126985017343168e-01
-3.250257193260631902e+04 4.207181582870648806e-01
-3.249590131753549576e+04 4.207236608493532537e-01
-3.248923070246466887e+04 4.207292061907058067e-01
-3.248256008739383833e+04 4.207347943135952839e-01
-3.247588947232300779e+04 4.207404252209034912e-01
-3.246921885725218090e+04 4.207460989192388645e-01
-3.246254824218135036e+04 4.207518154059368132e-01
-3.245587762711052346e+04 4.207575746870519939e-01
-3.244920701203969293e+04 4.207633767653811141e-01
-3.244253639696886239e+04 4.207692216426264786e-01
-3.243586578189803549e+04 4.207751093235770901e-01
-3.242919516682720496e+04 4.207810398118543294e-01
-3.242252455175637442e+04 4.207870131071885789e-01
-3.241585393668554752e+04 4.207930292149796858e-01
-3.240918332161472426e+04 4.207990881399211180e-01
-3.240251270654389373e+04 4.208051898812065206e-01
-3.239584209147306319e+04 4.208113344467613315e-01
-3.238917147640223629e+04 4.208175218335704071e-01
-3.238250086133140576e+04 4.208237520503875784e-01
-3.237583024626057522e+04 4.208300250973835976e-01
-3.236915963118974832e+04 4.208363409808349997e-01
-3.236248901611891779e+04 4.208426997010721315e-01
-3.235581840104809089e+04 4.208491012606647708e-01
-3.234914778597726036e+04 4.208555456660270089e-01
-3.234247717090642982e+04 4.208620329191589127e-01
-3.233580655583560292e+04 4.208685630246378762e-01
-3.232913594076477239e+04 4.208751359826266580e-01
-3.232246532569394913e+04 4.208817517985781187e-01
-3.231579471062311859e+04 4.208884104782631974e-01
-3.230912409555229169e+04 4.208951120196959272e-01
-3.230245348048146116e+04 4.209018564300705534e-01
-3.229578286541063062e+04 4.209086437127138036e-01
-3.228911225033980372e+04 4.209154738716778255e-01
-3.228244163526897319e+04 4.209223469071018409e-01
-3.227577102019814265e+04 4.209292628252687685e-01
-3.226910040512731575e+04 4.209362216312291793e-01
-3.226242979005648522e+04 4.209432233256525935e-01
-3.225575917498565832e+04 4.209502679115769141e-01
-3.224908855991482778e+04 4.209573553964321979e-01
-3.224241794484399725e+04 4.209644857808079732e-01
-3.223574732977317399e+04 4.209716590717226259e-01
-3.222907671470234709e+04 4.209788752671539958e-01
-3.222240609963151655e+04 4.209861343763048880e-01
-3.221573548456068602e+04 4.209934364009283447e-01
-3.220906486948985912e+04 4.210007813452223968e-01
-3.220239425441902858e+04 4.210081692096817596e-01
-3.219572363934819805e+04 4.210156000026784029e-01
-3.218905302427737115e+04 4.210230737291965064e-01
-3.218238240920654061e+04 4.210305903858166388e-01
-3.217571179413571008e+04 4.210381499845966546e-01
-3.216904117906488318e+04 4.210457525228637476e-01
-3.216237056399405265e+04 4.210533980081868077e-01
-3.215569994892322939e+04 4.210610864461626357e-01
-3.214902933385240249e+04 4.210688178357277489e-01
-3.214235871878157195e+04 4.210765921852948068e-01
-3.213568810371074142e+04 4.210844094966267881e-01
-3.212901748863991452e+04 4.210922697750613675e-01
-3.212234687356908398e+04 4.211001730241337171e-01
-3.211567625849825345e+04 4.211081192466513134e-01
-3.210900564342742655e+04 4.211161084485438577e-01
-3.210233502835659601e+04 4.211241406334403914e-01
-3.209566441328576548e+04 4.211322158035836760e-01
-3.208899379821493858e+04 4.211403339694159698e-01
-3.208232318314410804e+04 4.211484951258066545e-01
-3.207565256807327751e+04 4.211566992851377145e-01
-3.206898195300245789e+04 4.211649464491896144e-01
-3.206231133793162735e+04 4.211732366178225218e-01
-3.205564072286079681e+04 4.211815698012891795e-01
-3.204897010778996992e+04 4.211899460019019048e-01
-3.204229949271913938e+04 4.211983652224107755e-01
-3.203562887764830884e+04 4.212068274706746163e-01
-3.202895826257748195e+04 4.212153327477384246e-01
-3.202228764750665141e+04 4.212238810580966608e-01
-3.201561703243582087e+04 4.212324724098294726e-01
-3.200894641736499398e+04 4.212411068025950778e-01
-3.200227580229416344e+04 4.212497842435502515e-01
-3.199560518722333290e+04 4.212585047388106574e-01
-3.198893457215250601e+04 4.212672682898279120e-01
-3.198226395708168275e+04 4.212760749021815521e-01
-3.197559334201085221e+04 4.212849245822475885e-01
-3.196892272694002531e+04 4.212938173301340461e-01
-3.196225211186919478e+04 4.213027531554431881e-01
-3.195558149679836424e+04 4.213117320591024395e-01
-3.194891088172753734e+04 4.213207540462182155e-01
-3.194224026665670681e+04 4.213298191259329806e-01
-3.193556965158587627e+04 4.213389272971388433e-01
-3.192889903651504937e+04 4.213480785695541964e-01
-3.192222842144421884e+04 4.213572729424040486e-01
-3.191555780637338830e+04 4.213665104236985481e-01
-3.190888719130256140e+04 4.213757910204064538e-01
-3.190221657623173087e+04 4.213851147338010805e-01
-3.189554596116090761e+04 4.213944815706529012e-01
-3.188887534609007707e+04 4.214038915343649161e-01
-3.188220473101925018e+04 4.214133446284411000e-01
-3.187553411594841964e+04 4.214228408615465216e-01
-3.186886350087759274e+04 4.214323802390220197e-01
-3.186219288580676221e+04 4.214419627624587106e-01
-3.185552227073593167e+04 4.214515884375230059e-01
-3.184885165566510477e+04 4.214612572710138005e-01
-3.184218104059427424e+04 4.214709692662398921e-01
-3.183551042552344370e+04 4.214807244289496269e-01
-3.182883981045261680e+04 4.214905227642000152e-01
-3.182216919538178627e+04 4.215003642768062053e-01
-3.181549858031095573e+04 4.215102489718651202e-01
-3.180882796524013247e+04 4.215201768545195904e-01
-3.180215735016930557e+04 4.215301479317175581e-01
-3.179548673509847504e+04 4.215401622048162156e-01
-3.178881612002764450e+04 4.215502196826584891e-01
-3.178214550495681760e+04 4.215603203705365343e-01
-3.177547488988598707e+04 4.215704642713984374e-01
-3.176880427481516017e+04 4.215806513902377040e-01
-3.176213365974432963e+04 4.215908817349391380e-01
-3.175546304467349910e+04 4.216011553067617323e-01
-3.174879242960267220e+04 4.216114721147892763e-01
-3.174212181453184166e+04 4.216218321657565493e-01
-3.173545119946101113e+04 4.216322354622775159e-01
-3.172878058439018423e+04 4.216426820078512661e-01
-3.172210996931936097e+04 4.216531718122226158e-01
-3.171543935424853044e+04 4.216637048772947094e-01
-3.170876873917769990e+04 4.216742812110899075e-01
-3.170209812410687300e+04 4.216849008202163129e-01
-3.169542750903604247e+04 4.216955637063292128e-01
-3.168875689396521193e+04 4.217062698743791471e-01
-3.168208627889438503e+04 4.217170193346773677e-01
-3.167541566382355450e+04 4.217278120914227380e-01
-3.166874504875272760e+04 4.217386481470635773e-01
-3.166207443368189706e+04 4.217495275113850584e-01
-3.165540381861106653e+04 4.217604501870635958e-01
-3.164873320354023963e+04 4.217714161808865381e-01
-3.164206258846940909e+04 4.217824254990661381e-01
-3.163539197339858583e+04 4.217934781475318751e-01
-3.162872135832775530e+04 4.218045741294952355e-01
-3.162205074325692840e+04 4.218157134543495945e-01
-3.161538012818609786e+04 4.218268961256677052e-01
-3.160870951311526733e+04 4.218381221506097289e-01
-3.160203889804444043e+04 4.218493915321046561e-01
-3.159536828297360989e+04 4.218607042802537399e-01
-3.158869766790277936e+04 4.218720603978750594e-01
-3.158202705283195246e+04 4.218834598914170675e-01
-3.157535643776112192e+04 4.218949027697219689e-01
-3.156868582269029503e+04 4.219063890321320676e-01
-3.156201520761946449e+04 4.219179186924846281e-01
-3.155534459254863395e+04 4.219294917530944100e-01
-3.154867397747781069e+04 4.219411082191010798e-01
-3.154200336240698380e+04 4.219527680952546156e-01
-3.153533274733615326e+04 4.219644713926148927e-01
-3.152866213226532273e+04 4.219762181153816072e-01
-3.152199151719449583e+04 4.219880082670062205e-01
-3.151532090212366529e+04 4.219998418558223441e-01
-3.150865028705283476e+04 4.220117188876874037e-01
-3.150197967198200786e+04 4.220236393680428799e-01
-3.149530905691117732e+04 4.220356033069718182e-01
-3.148863844184034679e+04 4.220476107045230685e-01
-3.148196782676951989e+04 4.220596615703816612e-01
-3.147529721169868935e+04 4.220717559116544115e-01
-3.146862659662786245e+04 4.220838937326029661e-01
-3.146195598155703919e+04 4.220960750415091445e-01
-3.145528536648620866e+04 4.221082998425937927e-01
-3.144861475141537812e+04 4.221205681442435353e-01
-3.144194413634455123e+04 4.221328799513832664e-01
-3.143527352127372069e+04 4.221452352716751899e-01
-3.142860290620289015e+04 4.221576341108620456e-01
-3.142193229113206326e+04 4.221700764753513746e-01
-3.141526167606123272e+04 4.221825623715654285e-01
-3.140859106099040218e+04 4.221950918075435544e-01
-3.140192044591957529e+04 4.222076647872466393e-01
-3.139524983084874475e+04 4.222202813192348914e-01
-3.138857921577791421e+04 4.222329414089254773e-01
-3.138190860070708732e+04 4.222456450634836655e-01
-3.137523798563626406e+04 4.222583922902451992e-01
-3.136856737056543352e+04 4.222711830944054223e-01
-3.136189675549460662e+04 4.222840174833167315e-01
-3.135522614042377609e+04 4.222968954653597007e-01
-3.134855552535294555e+04 4.223098170428856157e-01
-3.134188491028211865e+04 4.223227822275770205e-01
-3.133521429521128812e+04 4.223357910247384495e-01
-3.132854368014045758e+04 4.223488434388024126e-01
-3.132187306506963068e+04 4.223619394781943925e-01
-3.131520244999880015e+04 4.223750791520121672e-01
-3.130853183492796961e+04 4.223882624631060678e-01
-3.130186121985714271e+04 4.224014894208052984e-01
-3.129519060478631218e+04 4.224147600322078477e-01
-3.128851998971548892e+04 4.224280743021024409e-01
-3.128184937464465838e+04 4.224414322385847687e-01
-3.127517875957383148e+04 4.224548338501136757e-01
-3.126850814450300095e+04 4.224682791441867757e-01
-3.126183752943217405e+04 4.224817681243330236e-01
-3.125516691436134352e+04 4.224953008005732924e-01
-3.124849629929051298e+04 4.225088771769068829e-01
-3.124182568421968608e+04 4.225224972634225029e-01
-3.123515506914885555e+04 4.225361610660247624e-01
-3.122848445407802501e+04 4.225498685936302512e-01
-3.122181383900719811e+04 4.225636198504066909e-01
-3.121514322393636758e+04 4.225774148441817091e-01
-3.120847260886553704e+04 4.225912535873795894e-01
-3.120180199379471378e+04 4.226051360777623445e-01
-3.119513137872388688e+04 4.226190623306187444e-01
-3.118846076365305635e+04 4.226330323507835329e-01
-3.118179014858222581e+04 4.226470461440656745e-01
-3.117511953351139891e+04 4.226611037185833419e-01
-3.116844891844056838e+04 4.226752050829344354e-01
-3.116177830336974148e+04 4.226893502439242334e-01
-3.115510768829891094e+04 4.227035392089825150e-01
-3.114843707322808041e+04 4.227177719824358193e-01
-3.114176645815725351e+04 4.227320485782367632e-01
-3.113509584308642297e+04 4.227463689972988936e-01
-3.112842522801559244e+04 4.227607332511471583e-01
-3.112175461294476554e+04 4.227751413463977093e-01
-3.111508399787394228e+04 4.227895932902679399e-01
-3.110841338280311174e+04 4.228040890916936467e-01
-3.110174276773228121e+04 4.228186287543308497e-01
-3.109507215266145431e+04 4.228332122914255087e-01
-3.108840153759062378e+04 4.228478397064633909e-01
-3.108173092251979324e+04 4.228625110089958006e-01
-3.107506030744896634e+04 4.228772262057006182e-01
-3.106838969237813581e+04 4.228919853032547249e-01
-3.106171907730730891e+04 4.229067883127519689e-01
-3.105504846223647837e+04 4.229216352386698796e-01
-3.104837784716564784e+04 4.229365260935131765e-01
-3.104170723209482094e+04 4.229514608782978802e-01
-3.103503661702399040e+04 4.229664396054986231e-01
-3.102836600195316714e+04 4.229814622822106740e-01
-3.102169538688233661e+04 4.229965289155049324e-01
-3.101502477181150971e+04 4.230116395137640262e-01
-3.100835415674067917e+04 4.230267940857034281e-01
-3.100168354166984864e+04 4.230419926385076690e-01
-3.099501292659902174e+04 4.230572351776451523e-01
-3.098834231152819120e+04 4.230725217152715434e-01
-3.098167169645736067e+04 4.230878522586252743e-01
-3.097500108138653377e+04 4.231032268141560748e-01
-3.096833046631570323e+04 4.231186453912686440e-01
-3.096165985124487634e+04 4.231341079970988850e-01
-3.095498923617404580e+04 4.231496146394632674e-01
-3.094831862110321526e+04 4.231651653271684688e-01
-3.094164800603239200e+04 4.231807600697818916e-01
-3.093497739096156511e+04 4.231963988740494176e-01
-3.092830677589073457e+04 4.232120817460687801e-01
-3.092163616081990403e+04 4.232278087000601596e-01
-3.091496554574907714e+04 4.232435797374214936e-01
-3.090829493067824660e+04 4.232593948707407683e-01
-3.090162431560741607e+04 4.232752541079339292e-01
-3.089495370053658917e+04 4.232911574559568013e-01
-3.088828308546575863e+04 4.233071049240826333e-01
-3.088161247039492810e+04 4.233230965195182161e-01
-3.087494185532410120e+04 4.233391322512888855e-01
-3.086827124025327066e+04 4.233552121288835512e-01
-3.086160062518244376e+04 4.233713361603570480e-01
-3.085493001011162050e+04 4.233875043540843985e-01
-3.084825939504078997e+04 4.234037167167855054e-01
-3.084158877996995943e+04 4.234199732601587884e-01
-3.083491816489913253e+04 4.234362739905417339e-01
-3.082824754982830200e+04 4.234526189183399070e-01
-3.082157693475747146e+04 4.234690080497538478e-01
-3.081490631968664457e+04 4.234854413944533214e-01
-3.080823570461581403e+04 4.235019189611478607e-01
-3.080156508954498349e+04 4.235184407580478427e-01
-3.079489447447415660e+04 4.235350067964450682e-01
-3.078822385940332606e+04 4.235516170809082714e-01
-3.078155324433249552e+04 4.235682716234226430e-01
-3.077488262926166863e+04 4.235849704328843446e-01
-3.076821201419084537e+04 4.236017135155669688e-01
-3.076154139912001483e+04 4.236185008813463382e-01
-3.075487078404918793e+04 4.236353325395448288e-01
-3.074820016897835740e+04 4.236522084993505910e-01
-3.074152955390752686e+04 4.236691287679710816e-01
-3.073485893883669996e+04 4.236860933563618148e-01
-3.072818832376586943e+04 4.237031022728849905e-01
-3.072151770869503889e+04 4.237201555260231012e-01
-3.071484709362421199e+04 4.237372531241210272e-01
-3.070817647855338146e+04 4.237543950790175762e-01
-3.070150586348255092e+04 4.237715813956390853e-01
-3.069483524841172402e+04 4.237888120846372009e-01
-3.068816463334089349e+04 4.238060871590222378e-01
-3.068149401827007023e+04 4.238234066220915031e-01
-3.067482340319923969e+04 4.238407704869448511e-01
-3.066815278812841279e+04 4.238581787605700812e-01
-3.066148217305758226e+04 4.238756314534561920e-01
-3.065481155798675536e+04 4.238931285724935050e-01
-3.064814094291592482e+04 4.239106701300808244e-01
-3.064147032784509429e+04 4.239282561319552278e-01
-3.063479971277426739e+04 4.239458865923774744e-01
-3.062812909770343686e+04 4.239635615166010285e-01
-3.062145848263260632e+04 4.239812809122514570e-01
-3.061478786756177942e+04 4.239990447966873188e-01
-3.060811725249094889e+04 4.240168531718249700e-01
-3.060144663742011835e+04 4.240347060487814623e-01
-3.059477602234929509e+04 4.240526034380232567e-01
-3.058810540727846819e+04 4.240705453497984334e-01
-3.058143479220763766e+04 4.240885317915322750e-01
-3.057476417713680712e+04 4.241065627728903831e-01
-3.056809356206598022e+04 4.241246383045123580e-01
-3.056142294699514969e+04 4.241427583963658932e-01
-3.055475233192432279e+04 4.241609230562532473e-01
-3.054808171685349225e+04 4.241791322950751453e-01
-3.054141110178266172e+04 4.241973861224605513e-01
-3.053474048671183482e+04 4.242156845462543013e-01
-3.052806987164100428e+04 4.242340275794109772e-01
-3.052139925657017375e+04 4.242524152290007566e-01
-3.051472864149934685e+04 4.242708475073946328e-01
-3.050805802642852359e+04 4.242893244201451086e-01
-3.050138741135769305e+04 4.243078459796289503e-01
-3.049471679628686252e+04 4.243264121962966318e-01
-3.048804618121603562e+04 4.243450230801241174e-01
-3.048137556614520508e+04 4.243636786386755788e-01
-3.047470495107437455e+04 4.243823788828861576e-01
-3.046803433600354765e+04 4.244011238223698301e-01
-3.046136372093271711e+04 4.244199134714123911e-01
-3.045469310586189022e+04 4.244387478315978512e-01
-3.044802249079105968e+04 4.244576269181224992e-01
-3.044135187572022915e+04 4.244765507418046258e-01
-3.043468126064940225e+04 4.244955193105759417e-01
-3.042801064557857171e+04 4.245145326357831483e-01
-3.042134003050774845e+04 4.245335907272868026e-01
-3.041466941543691792e+04 4.245526935921049017e-01
-3.040799880036609102e+04 4.245718412458526769e-01
-3.040132818529526048e+04 4.245910336932730011e-01
-3.039465757022442995e+04 4.246102709474759984e-01
-3.038798695515360305e+04 4.246295530188410883e-01
-3.038131634008277251e+04 4.246488799184405249e-01
-3.037464572501194198e+04 4.246682516532804263e-01
-3.036797510994111508e+04 4.246876682360324340e-01
-3.036130449487028454e+04 4.247071296765574933e-01
-3.035463387979945765e+04 4.247266359841598282e-01
-3.034796326472862711e+04 4.247461871701737057e-01
-3.034129264965780385e+04 4.247657832463415106e-01
-3.033462203458697331e+04 4.247854242189040841e-01
-3.032795141951614642e+04 4.248051101043009981e-01
-3.032128080444531588e+04 4.248248409071580523e-01
-3.031461018937448534e+04 4.248446166407579550e-01
-3.030793957430365845e+04 4.248644373160931909e-01
-3.030126895923282791e+04 4.248843029436297214e-01
-3.029459834416199737e+04 4.249042135301529521e-01
-3.028792772909117048e+04 4.249241690907567537e-01
-3.028125711402033994e+04 4.249441696354026021e-01
-3.027458649894950941e+04 4.249642151740739560e-01
-3.026791588387868251e+04 4.249843057156859616e-01
-3.026124526880785197e+04 4.250044412736459498e-01
-3.025457465373702871e+04 4.250246218569698753e-01
-3.024790403866620181e+04 4.250448474761941431e-01
-3.024123342359537128e+04 4.250651181454747629e-01
-3.023456280852454074e+04 4.250854338698532575e-01
-3.022789219345371384e+04 4.251057946639462126e-01
-3.022122157838288331e+04 4.251262005364591090e-01
-3.021455096331205277e+04 4.251466515012926051e-01
-3.020788034824122587e+04 4.251671475682711754e-01
-3.020120973317039534e+04 4.251876887460304677e-01
-3.019453911809956480e+04 4.252082750473554773e-01
-3.018786850302873790e+04 4.252289064833095211e-01
-3.018119788795790737e+04 4.252495830629018370e-01
-3.017452727288707683e+04 4.252703048006315489e-01
-3.016785665781625721e+04 4.252910717044814937e-01
-3.016118604274542668e+04 4.253118837878083203e-01
-3.015451542767459614e+04 4.253327410584459845e-01
-3.014784481260376924e+04 4.253536435325362963e-01
-3.014117419753293871e+04 4.253745912160773468e-01
-3.013450358246210817e+04 4.253955841224031365e-01
-3.012783296739128127e+04 4.254166222636416861e-01
-3.012116235232045074e+04 4.254377056502351984e-01
-3.011449173724962020e+04 4.254588342927314026e-01
-3.010782112217879330e+04 4.254800082022458518e-01
-3.010115050710796277e+04 4.255012273911263354e-01
-3.009447989203713223e+04 4.255224918698538028e-01
-3.008780927696630533e+04 4.255438016504817789e-01
-3.008113866189548207e+04 4.255651567447515382e-01
-3.007446804682465154e+04 4.255865571630365052e-01
-3.006779743175382464e+04 4.256080029157994771e-01
-3.006112681668299410e+04 4.256294940182877573e-01
-3.005445620161216357e+04 4.256510304773136744e-01
-3.004778558654133667e+04 4.256726123079585533e-01
-3.004111497147050613e+04 4.256942395192380157e-01
-3.003444435639967560e+04 4.257159121233431986e-01
-3.002777374132884870e+04 4.257376301327573387e-01
-3.002110312625801816e+04 4.257593935586179712e-01
-3.001443251118718763e+04 4.257812024125507411e-01
-3.000776189611636073e+04 4.258030567059457039e-01
-3.000109128104553020e+04 4.258249564506899620e-01
-2.999442066597470694e+04 4.258469016602365875e-01
-2.998775005090387640e+04 4.258688923404622129e-01
-2.998107943583304950e+04 4.258909285102837061e-01
-2.997440882076221897e+04 4.259130101762807485e-01
-2.996773820569139207e+04 4.259351373548655451e-01
-2.996106759062056153e+04 4.259573100523793010e-01
-2.995439697554973100e+04 4.259795282860069365e-01
-2.994772636047890410e+04 4.260017920636671174e-01
-2.994105574540807356e+04 4.260241013995056392e-01
-2.993438513033724303e+04 4.260464563034996321e-01
-2.992771451526641613e+04 4.260688567918719527e-01
-2.992104390019558559e+04 4.260913028706856953e-01
-2.991437328512475506e+04 4.261137945552607720e-01
-2.990770267005393180e+04 4.261363318579795001e-01
-2.990103205498310490e+04 4.261589147915876286e-01
-2.989436143991227436e+04 4.261815433638011519e-01
-2.988769082484144383e+04 4.262042175925383480e-01
-2.988102020977061693e+04 4.262269374840262359e-01
-2.987434959469978639e+04 4.262497030548905164e-01
-2.986767897962895586e+04 4.262725143171493536e-01
-2.986100836455812896e+04 4.262953712808024709e-01
-2.985433774948729842e+04 4.263182739582376812e-01
-2.984766713441647153e+04 4.263412223626821818e-01
-2.984099651934564099e+04 4.263642165074613688e-01
-2.983432590427481045e+04 4.263872564013965194e-01
-2.982765528920398356e+04 4.264103420604732908e-01
-2.982098467413316030e+04 4.264334734968293628e-01
-2.981431405906232976e+04 4.264566507210028612e-01
-2.980764344399149923e+04 4.264798737464478573e-01
-2.980097282892067233e+04 4.265031425851477098e-01
-2.979430221384984179e+04 4.265264572484862571e-01
-2.978763159877901126e+04 4.265498177503046495e-01
-2.978096098370818436e+04 4.265732241056773844e-01
-2.977429036863735382e+04 4.265966763226665126e-01
-2.976761975356652329e+04 4.266201744155628250e-01
-2.976094913849569639e+04 4.266437183968973534e-01
-2.975427852342486585e+04 4.266673082811613393e-01
-2.974760790835403895e+04 4.266909440779142471e-01
-2.974093729328320842e+04 4.267146258024402949e-01
-2.973426667821238516e+04 4.267383534656591371e-01
-2.972759606314155462e+04 4.267621270817498202e-01
-2.972092544807072773e+04 4.267859466623091791e-01
-2.971425483299989719e+04 4.268098122196488098e-01
-2.970758421792906665e+04 4.268337237688221153e-01
-2.970091360285823976e+04 4.268576813201389042e-01
-2.969424298778740922e+04 4.268816848899407157e-01
-2.968757237271657868e+04 4.269057344869401360e-01
-2.968090175764575179e+04 4.269298301254163541e-01
-2.967423114257492125e+04 4.269539718216198709e-01
-2.966756052750409071e+04 4.269781595832855547e-01
-2.966088991243326382e+04 4.270023934270785748e-01
-2.965421929736243328e+04 4.270266733642688606e-01
-2.964754868229161002e+04 4.270509994101473472e-01
-2.964087806722078312e+04 4.270753715740311929e-01
-2.963420745214995259e+04 4.270997898732126763e-01
-2.962753683707912205e+04 4.271242543161460903e-01
-2.962086622200829515e+04 4.271487649220560567e-01
-2.961419560693746462e+04 4.271733216988625736e-01
-2.960752499186663408e+04 4.271979246616930403e-01
-2.960085437679580718e+04 4.272225738232266479e-01
-2.959418376172497665e+04 4.272472691993660643e-01
-2.958751314665414611e+04 4.272720107993578931e-01
-2.958084253158331921e+04 4.272967986380096783e-01
-2.957417191651248868e+04 4.273216327308191897e-01
-2.956750130144165814e+04 4.273465130887256214e-01
-2.956083068637083852e+04 4.273714397263422837e-01
-2.955416007130000798e+04 4.273964126566930366e-01
-2.954748945622917745e+04 4.274214318945375179e-01
-2.954081884115835055e+04 4.274464974494610048e-01
-2.953414822608752002e+04 4.274716093392143534e-01
-2.952747761101668948e+04 4.274967675745218743e-01
-2.952080699594586258e+04 4.275219721721743582e-01
-2.951413638087503205e+04 4.275472231426330483e-01
-2.950746576580420151e+04 4.275725204986627337e-01
-2.950079515073337461e+04 4.275978642578445177e-01
-2.949412453566254408e+04 4.276232544328800733e-01
-2.948745392059171354e+04 4.276486910342730541e-01
-2.948078330552088664e+04 4.276741740798666869e-01
-2.947411269045006338e+04 4.276997035791632040e-01
-2.946744207537923285e+04 4.277252795510386174e-01
-2.946077146030840595e+04 4.277509020045892618e-01
-2.945410084523757541e+04 4.277765709546708095e-01
-2.944743023016674488e+04 4.278022864189465757e-01
-2.944075961509591798e+04 4.278280484066100398e-01
-2.943408900002508744e+04 4.278538569343328102e-01
-2.942741838495425691e+04 4.278797120146670685e-01
-2.942074776988343001e+04 4.279056136625232210e-01
-2.941407715481259947e+04 4.279315618914864561e-01
-2.940740653974176894e+04 4.279575567147677062e-01
-2.940073592467094204e+04 4.279835981484591545e-01
-2.939406530960011150e+04 4.280096862041449790e-01
-2.938739469452928824e+04 4.280358208985496349e-01
-2.938072407945845771e+04 4.280620022429891258e-01
-2.937405346438763081e+04 4.280882302548501550e-01
-2.936738284931680028e+04 4.281145049462428687e-01
-2.936071223424597338e+04 4.281408263301055839e-01
-2.935404161917514284e+04 4.281671944248542916e-01
-2.934737100410431231e+04 4.281936092406954941e-01
-2.934070038903348541e+04 4.282200707936636985e-01
-2.933402977396265487e+04 4.282465790967165398e-01
-2.932735915889182434e+04 4.282731341671061065e-01
-2.932068854382099744e+04 4.282997360153716904e-01
-2.931401792875016690e+04 4.283263846602334279e-01
-2.930734731367933637e+04 4.283530801136493094e-01
-2.930067669860851311e+04 4.283798223904046187e-01
-2.929400608353768621e+04 4.284066115041019196e-01
-2.928733546846685567e+04 4.284334474720782882e-01
-2.928066485339602514e+04 4.284603303051505718e-01
-2.927399423832519824e+04 4.284872600195435699e-01
-2.926732362325436770e+04 4.285142366310107365e-01
-2.926065300818354081e+04 4.285412601543920896e-01
-2.925398239311271027e+04 4.285683306006450866e-01
-2.924731177804187973e+04 4.285954479873703704e-01
-2.924064116297105284e+04 4.286226123325843629e-01
-2.923397054790022230e+04 4.286498236421715791e-01
-2.922729993282939176e+04 4.286770819401696797e-01
-2.922062931775856487e+04 4.287043872342031769e-01
-2.921395870268774161e+04 4.287317395439341761e-01
-2.920728808761691107e+04 4.287591388829246064e-01
-2.920061747254608053e+04 4.287865852646445819e-01
-2.919394685747525364e+04 4.288140787056066161e-01
-2.918727624240442310e+04 4.288416192192860410e-01
-2.918060562733359257e+04 4.288692068230047227e-01
-2.917393501226276567e+04 4.288968415298167747e-01
-2.916726439719193513e+04 4.289245233544283220e-01
-2.916059378212110823e+04 4.289522523137631049e-01
-2.915392316705027770e+04 4.289800284213485804e-01
-2.914725255197944716e+04 4.290078516924732965e-01
-2.914058193690862026e+04 4.290357221431035373e-01
-2.913391132183778973e+04 4.290636397863845097e-01
-2.912724070676696647e+04 4.290916046406498263e-01
-2.912057009169613593e+04 4.291196167207004253e-01
-2.911389947662530903e+04 4.291476760380439903e-01
-2.910722886155447850e+04 4.291757826121955777e-01
-2.910055824648364796e+04 4.292039364544730784e-01
-2.909388763141282107e+04 4.292321375845307707e-01
-2.908721701634199053e+04 4.292603860147002903e-01
-2.908054640127115999e+04 4.292886817627717400e-01
-2.907387578620033310e+04 4.293170248421624979e-01
-2.906720517112950256e+04 4.293454152681904779e-01
-2.906053455605867566e+04 4.293738530587201674e-01
-2.905386394098784513e+04 4.294023382278251422e-01
-2.904719332591701459e+04 4.294308707875139630e-01
-2.904052271084619133e+04 4.294594507593794130e-01
-2.903385209577536443e+04 4.294880781566144390e-01
-2.902718148070453390e+04 4.295167529930261074e-01
-2.902051086563370336e+04 4.295454752860675685e-01
-2.901384025056287646e+04 4.295742450499278053e-01
-2.900716963549204593e+04 4.296030623033564866e-01
-2.900049902042121539e+04 4.296319270611968499e-01
-2.899382840535038849e+04 4.296608393357878031e-01
-2.898715779027955796e+04 4.296897991481081758e-01
-2.898048717520872742e+04 4.297188065088968778e-01
-2.897381656013790052e+04 4.297478614372470251e-01
-2.896714594506706999e+04 4.297769639475480519e-01
-2.896047532999624309e+04 4.298061140586372786e-01
-2.895380471492541983e+04 4.298353117814523450e-01
-2.894713409985458929e+04 4.298645571361025541e-01
-2.894046348478375876e+04 4.298938501367026155e-01
-2.893379286971293186e+04 4.299231907993961710e-01
-2.892712225464210132e+04 4.299525791412702747e-01
-2.892045163957127079e+04 4.299820151769008225e-01
-2.891378102450044389e+04 4.300114989235004348e-01
-2.890711040942961336e+04 4.300410303970977344e-01
-2.890043979435878282e+04 4.300706096139139678e-01
-2.889376917928795592e+04 4.301002365890819745e-01
-2.888709856421712539e+04 4.301299113401294005e-01
-2.888042794914629485e+04 4.301596338822583632e-01
-2.887375733407546795e+04 4.301894042332688461e-01
-2.886708671900464469e+04 4.302192224068453474e-01
-2.886041610393381416e+04 4.302490884221120138e-01
-2.885374548886298726e+04 4.302790022951017423e-01
-2.884707487379215672e+04 4.303089640402859573e-01
-2.884040425872132619e+04 4.303389736745996119e-01
-2.883373364365049929e+04 4.303690312172613330e-01
-2.882706302857966875e+04 4.303991366803969765e-01
-2.882039241350883822e+04 4.304292900828610713e-01
-2.881372179843801132e+04 4.304594914437905318e-01
-2.880705118336718078e+04 4.304897407754244565e-01
-2.880038056829635025e+04 4.305200380948127625e-01
-2.879370995322552335e+04 4.305503834211883429e-01
-2.878703933815469281e+04 4.305807767692943488e-01
-2.878036872308386955e+04 4.306112181549649476e-01
-2.877369810801303902e+04 4.306417075962346019e-01
-2.876702749294221212e+04 4.306722451151844266e-01
-2.876035687787138158e+04 4.307028307182557691e-01
-2.875368626280055469e+04 4.307334644270873758e-01
-2.874701564772972415e+04 4.307641462602381233e-01
-2.874034503265889362e+04 4.307948762335705450e-01
-2.873367441758806672e+04 4.308256543622194235e-01
-2.872700380251723618e+04 4.308564806643599976e-01
-2.872033318744640565e+04 4.308873551585292172e-01
-2.871366257237557875e+04 4.309182778591865715e-01
-2.870699195730474821e+04 4.309492487843474273e-01
-2.870032134223391768e+04 4.309802679516160917e-01
-2.869365072716309442e+04 4.310113353757773491e-01
-2.868698011209226752e+04 4.310424510782786545e-01
-2.868030949702143698e+04 4.310736150712372594e-01
-2.867363888195060645e+04 4.311048273745538562e-01
-2.866696826687977955e+04 4.311360880061750334e-01
-2.866029765180894901e+04 4.311673969816376406e-01
-2.865362703673812211e+04 4.311987543192332129e-01
-2.864695642166729158e+04 4.312301600343830810e-01
-2.864028580659646104e+04 4.312616141464712394e-01
-2.863361519152563415e+04 4.312931166717203224e-01
-2.862694457645480361e+04 4.313246676301145666e-01
-2.862027396138397307e+04 4.313562670333592197e-01
-2.861360334631314618e+04 4.313879149045342642e-01
-2.860693273124232292e+04 4.314196112572725728e-01
-2.860026211617149238e+04 4.314513561132133912e-01
-2.859359150110066184e+04 4.314831494852950367e-01
-2.858692088602983495e+04 4.315149913944721916e-01
-2.858025027095900441e+04 4.315468818577784527e-01
-2.857357965588817387e+04 4.315788208920027791e-01
-2.856690904081734698e+04 4.316108085132225325e-01
-2.856023842574651644e+04 4.316428447415052161e-01
-2.855356781067568954e+04 4.316749295938323017e-01
-2.854689719560485901e+04 4.317070630878830362e-01
-2.854022658053402847e+04 4.317392452419285820e-01
-2.853355596546320157e+04 4.317714760735764656e-01
-2.852688535039237831e+04 4.318037555986480314e-01
-2.852021473532154778e+04 4.318360838384704969e-01
-2.851354412025071724e+04 4.318684608083512289e-01
-2.850687350517989034e+04 4.319008865270625996e-01
-2.850020289010905981e+04 4.319333610144459046e-01
-2.849353227503822927e+04 4.319658842827973633e-01
-2.848686165996740237e+04 4.319984563561983237e-01
-2.848019104489657184e+04 4.320310772497512608e-01
-2.847352042982574130e+04 4.320637469827391386e-01
-2.846684981475491441e+04 4.320964655722597803e-01
-2.846017919968408387e+04 4.321292330369254087e-01
-2.845350858461325697e+04 4.321620493946697894e-01
-2.844683796954242644e+04 4.321949146646403839e-01
-2.844016735447160318e+04 4.322278288618135456e-01
-2.843349673940077264e+04 4.322607920107084944e-01
-2.842682612432994574e+04 4.322938041216634608e-01
-2.842015550925911521e+04 4.323268652209832363e-01
-2.841348489418828467e+04 4.323599753199754980e-01
-2.840681427911745777e+04 4.323931344403812438e-01
-2.840014366404662724e+04 4.324263426033532198e-01
-2.839347304897579670e+04 4.324595998207919068e-01
-2.838680243390496980e+04 4.324929061174068723e-01
-2.838013181883413927e+04 4.325262615055818216e-01
-2.837346120376330873e+04 4.325596660094289669e-01
-2.836679058869248183e+04 4.325931196459419370e-01
-2.836011997362165130e+04 4.326266224335774124e-01
-2.835344935855082804e+04 4.326601743883268236e-01
-2.834677874348000114e+04 4.326937755326836776e-01
-2.834010812840917060e+04 4.327274258815630437e-01
-2.833343751333834007e+04 4.327611254571150923e-01
-2.832676689826751317e+04 4.327948742772484425e-01
-2.832009628319668263e+04 4.328286723613689602e-01
-2.831342566812585210e+04 4.328625197237643829e-01
-2.830675505305502520e+04 4.328964163880044125e-01
-2.830008443798419466e+04 4.329303623697843273e-01
-2.829341382291336413e+04 4.329643576933016047e-01
-2.828674320784253723e+04 4.329984023723855158e-01
-2.828007259277170670e+04 4.330324964268065790e-01
-2.827340197770087616e+04 4.330666398795523508e-01
-2.826673136263005290e+04 4.331008327422996018e-01
-2.826006074755922600e+04 4.331350750404411865e-01
-2.825339013248839547e+04 4.331693667910339052e-01
-2.824671951741756857e+04 4.332037080116434291e-01
-2.824004890234673803e+04 4.332380987228472979e-01
-2.823337828727590750e+04 4.332725389455936993e-01
-2.822670767220508060e+04 4.333070286960509776e-01
-2.822003705713425006e+04 4.333415679932992037e-01
-2.821336644206341953e+04 4.333761568599315828e-01
-2.820669582699259263e+04 4.334107953119930023e-01
-2.820002521192176209e+04 4.334454833731841705e-01
-2.819335459685093156e+04 4.334802210546781498e-01
-2.818668398178010466e+04 4.335150083835805912e-01
-2.818001336670928140e+04 4.335498453784896178e-01
-2.817334275163845086e+04 4.335847320551423079e-01
-2.816667213656762033e+04 4.336196684367227827e-01
-2.816000152149679343e+04 4.336546545406706477e-01
-2.815333090642596289e+04 4.336896903851389373e-01
-2.814666029135513600e+04 4.337247759929132029e-01
-2.813998967628430546e+04 4.337599113820701513e-01
-2.813331906121347492e+04 4.337950965718362917e-01
-2.812664844614264803e+04 4.338303315834333151e-01
-2.811997783107181749e+04 4.338656164342315491e-01
-2.811330721600098695e+04 4.339009511473815861e-01
-2.810663660093016006e+04 4.339363357395363274e-01
-2.809996598585932952e+04 4.339717702319642045e-01
-2.809329537078850626e+04 4.340072546430205902e-01
-2.808662475571767573e+04 4.340427889939406092e-01
-2.807995414064684883e+04 4.340783733061895910e-01
-2.807328352557601829e+04 4.341140075960286948e-01
-2.806661291050518776e+04 4.341496918880888289e-01
-2.805994229543436086e+04 4.341854261972689644e-01
-2.805327168036353032e+04 4.342212105468594152e-01
-2.804660106529270342e+04 4.342570449550267608e-01
-2.803993045022187289e+04 4.342929294439819010e-01
-2.803325983515104235e+04 4.343288640317143345e-01
-2.802658922008021545e+04 4.343648487398351077e-01
-2.801991860500938492e+04 4.344008835893482523e-01
-2.801324798993855438e+04 4.344369685995058128e-01
-2.800657737486773112e+04 4.344731037886875868e-01
-2.799990675979690423e+04 4.345092891787157852e-01
-2.799323614472607369e+04 4.345455247928586839e-01
-2.798656552965524315e+04 4.345818106482360887e-01
-2.797989491458441626e+04 4.346181467622035610e-01
-2.797322429951358572e+04 4.346545331617183705e-01
-2.796655368444275518e+04 4.346909698622125617e-01
-2.795988306937192829e+04 4.347274568884302304e-01
-2.795321245430109775e+04 4.347639942563625848e-01
-2.794654183923027085e+04 4.348005819902987512e-01
-2.793987122415944032e+04 4.348372201106064372e-01
-2.793320060908860978e+04 4.348739086341306126e-01
-2.792652999401778288e+04 4.349106475848939501e-01
-2.791985937894695962e+04 4.349474369835863441e-01
-2.791318876387612909e+04 4.349842768491924416e-01
-2.790651814880529855e+04 4.350211672043057809e-01
-2.789984753373447165e+04 4.350581080678800339e-01
-2.789317691866364112e+04 4.350950994633944191e-01
-2.788650630359281058e+04 4.351321414075122740e-01
-2.787983568852198368e+04 4.351692339252754560e-01
-2.787316507345115315e+04 4.352063770346734639e-01
-2.786649445838032261e+04 4.352435707576260415e-01
-2.785982384330949571e+04 4.352808151168044981e-01
-2.785315322823866518e+04 4.353181101325300228e-01
-2.784648261316783828e+04 4.353554558232011762e-01
-2.783981199809700774e+04 4.353928522139459689e-01
-2.783314138302618449e+04 4.354302993210001915e-01
-2.782647076795535395e+04 4.354677971703317940e-01
-2.781980015288452705e+04 4.355053457788177207e-01
-2.781312953781369652e+04 4.355429451717844902e-01
-2.780645892274286598e+04 4.355805953699006805e-01
-2.779978830767203908e+04 4.356182963903106886e-01
-2.779311769260120855e+04 4.356560482578373250e-01
-2.778644707753037801e+04 4.356938509946883253e-01
-2.777977646245955111e+04 4.357317046203268429e-01
-2.777310584738872058e+04 4.357696091563883489e-01
-2.776643523231789004e+04 4.358075646234648159e-01
-2.775976461724706314e+04 4.358455710444250619e-01
-2.775309400217623261e+04 4.358836284414339124e-01
-2.774642338710540935e+04 4.359217368337002796e-01
-2.773975277203458245e+04 4.359598962443139158e-01
-2.773308215696375191e+04 4.359981066958358298e-01
-2.772641154189292138e+04 4.360363682084368864e-01
-2.771974092682209448e+04 4.360746808048865386e-01
-2.771307031175126394e+04 4.361130445044753001e-01
-2.770639969668043341e+04 4.361514593325919176e-01
-2.769972908160960651e+04 4.361899253078989069e-01
-2.769305846653877597e+04 4.362284424536674865e-01
-2.768638785146794544e+04 4.362670107924901952e-01
-2.767971723639711854e+04 4.363056303432925609e-01
-2.767304662132628800e+04 4.363443011307371333e-01
-2.766637600625545747e+04 4.363830231759706080e-01
-2.765970539118463785e+04 4.364217965016560785e-01
-2.765303477611380731e+04 4.364606211301152450e-01
-2.764636416104297678e+04 4.364994970808299679e-01
-2.763969354597214988e+04 4.365384243777444828e-01
-2.763302293090131934e+04 4.365774030455561450e-01
-2.762635231583048881e+04 4.366164330994339871e-01
-2.761968170075966191e+04 4.366555145671219829e-01
-2.761301108568883137e+04 4.366946474711150827e-01
-2.760634047061800084e+04 4.367338318308879863e-01
-2.759966985554717394e+04 4.367730676709495885e-01
-2.759299924047634340e+04 4.368123550117402054e-01
-2.758632862540551287e+04 4.368516938765180657e-01
-2.757965801033468597e+04 4.368910842887614443e-01
-2.757298739526386271e+04 4.369305262675866053e-01
-2.756631678019303217e+04 4.369700198400318647e-01
-2.755964616512220528e+04 4.370095650248139729e-01
-2.755297555005137474e+04 4.370491618473988371e-01
-2.754630493498054420e+04 4.370888103275863967e-01
-2.753963431990971731e+04 4.371285104893177786e-01
-2.753296370483888677e+04 4.371682623550354752e-01
-2.752629308976805623e+04 4.372080659489845367e-01
-2.751962247469722934e+04 4.372479212926507208e-01
-2.751295185962639880e+04 4.372878284058308584e-01
-2.750628124455556826e+04 4.373277873163002316e-01
-2.749961062948474137e+04 4.373677980441333379e-01
-2.749294001441391083e+04 4.374078606120946899e-01
-2.748626939934308757e+04 4.374479750456998217e-01
-2.747959878427225703e+04 4.374881413636836358e-01
-2.747292816920143014e+04 4.375283595911612089e-01
-2.746625755413059960e+04 4.375686297517407120e-01
-2.745958693905977270e+04 4.376089518682202972e-01
-2.745291632398894217e+04 4.376493259651137446e-01
-2.744624570891811163e+04 4.376897520595027791e-01
-2.743957509384728473e+04 4.377302301822311170e-01
-2.743290447877645420e+04 4.377707603516043378e-01
-2.742623386370562366e+04 4.378113425919419321e-01
-2.741956324863479676e+04 4.378519769264553330e-01
-2.741289263356396987e+04 4.378926633794666956e-01
-2.740622201849313933e+04 4.379334019720865778e-01
-2.739955140342231243e+04 4.379741927303542615e-01
-2.739288078835148190e+04 4.380150356752113283e-01
-2.738621017328065136e+04 4.380559308334772695e-01
-2.737953955820982446e+04 4.380968782248192972e-01
-2.737286894313899757e+04 4.381378778736851332e-01
-2.736619832806816703e+04 4.381789298051266268e-01
-2.735952771299734013e+04 4.382200340395195348e-01
-2.735285709792650960e+04 4.382611906052514827e-01
-2.734618648285567906e+04 4.383023995215708513e-01
-2.733951586778485216e+04 4.383436608151805580e-01
-2.733284525271402526e+04 4.383849745082046279e-01
-2.732617463764319473e+04 4.384263406240362926e-01
-2.731950402257236419e+04 4.384677591871616875e-01
-2.731283340750153729e+04 4.385092302203337788e-01
-2.730616279243070676e+04 4.385507537514375942e-01
-2.729949217735987986e+04 4.385923297984464786e-01
-2.729282156228905296e+04 4.386339583890678795e-01
-2.728615094721822243e+04 4.386756395472678483e-01
-2.727948033214739189e+04 4.387173732938531301e-01
-2.727280971707656499e+04 4.387591596553920281e-01
-2.726613910200573446e+04 4.388009986571487775e-01
-2.725946848693490756e+04 4.388428903192416186e-01
-2.725279787186407702e+04 4.388848346698133729e-01
-2.724612725679325013e+04 4.389268317318321677e-01
-2.723945664172241959e+04 4.389688815280716194e-01
-2.723278602665159269e+04 4.390109840844180766e-01
-2.722611541158076216e+04 4.390531394231911300e-01
-2.721944479650993162e+04 4.390953475704403863e-01
-2.721277418143910472e+04 4.391376085511970451e-01
-2.720610356636827782e+04 4.391799223870382907e-01
-2.719943295129744729e+04 4.392222891056726253e-01
-2.719276233622662039e+04 4.392647087290704189e-01
-2.718609172115578986e+04 4.393071812825250499e-01
-2.717942110608495932e+04 4.393497067900359876e-01
-2.717275049101413242e+04 4.393922852769923670e-01
-2.716607987594330552e+04 4.394349167688297864e-01
-2.715940926087247499e+04 4.394776012875891702e-01
-2.715273864580164809e+04 4.395203388609525419e-01
-2.714606803073081755e+04 4.395631295109323489e-01
-2.713939741565998702e+04 4.396059732652652374e-01
-2.713272680058916012e+04 4.396488701447096581e-01
-2.712605618551832958e+04 4.396918201782288316e-01
-2.711938557044750269e+04 4.397348233863833111e-01
-2.711271495537667579e+04 4.397778797986576782e-01
-2.710604434030584525e+04 4.398209894360127770e-01
-2.709937372523501472e+04 4.398641523258841057e-01
-2.709270311016418782e+04 4.399073684917477189e-01
-2.708603249509335728e+04 4.399506379599649186e-01
-2.707936188002253039e+04 4.399939607562257105e-01
-2.707269126495170349e+04 4.400373369034005777e-01
-2.706602064988087295e+04 4.400807664280854681e-01
-2.705935003481004242e+04 4.401242493558434332e-01
-2.705267941973921552e+04 4.401677857100440017e-01
-2.704600880466838498e+04 4.402113755180228627e-01
-2.703933818959755445e+04 4.402550188043970469e-01
-2.703266757452673119e+04 4.402987155932237551e-01
-2.702599695945590065e+04 4.403424659101796146e-01
-2.701932634438507012e+04 4.403862697818365368e-01
-2.701265572931424322e+04 4.404301272336199058e-01
-2.700598511424341268e+04 4.404740382917590735e-01
-2.699931449917258215e+04 4.405180029789248497e-01
-2.699264388410175889e+04 4.405620213241913663e-01
-2.698597326903092835e+04 4.406060933505593913e-01
-2.697930265396009781e+04 4.406502190837970345e-01
-2.697263203888927092e+04 4.406943985510268225e-01
-2.696596142381844038e+04 4.407386317766925354e-01
-2.695929080874760984e+04 4.407829187857805198e-01
-2.695262019367678295e+04 4.408272596086325046e-01
-2.694594957860595605e+04 4.408716542646158310e-01
-2.693927896353512551e+04 4.409161027841729252e-01
-2.693260834846429861e+04 4.409606051913124714e-01
-2.692593773339346808e+04 4.410051615150256121e-01
-2.691926711832263754e+04 4.410497717759893077e-01
-2.691259650325181065e+04 4.410944360019299348e-01
-2.690592588818098375e+04 4.411391542237718677e-01
-2.689925527311015321e+04 4.411839264597254839e-01
-2.689258465803932631e+04 4.412287527419844202e-01
-2.688591404296849578e+04 4.412736330937005458e-01
-2.687924342789766524e+04 4.413185675434222466e-01
-2.687257281282683834e+04 4.413635561158142373e-01
-2.686590219775600781e+04 4.414085988370822777e-01
-2.685923158268518091e+04 4.414536957341494428e-01
-2.685256096761435401e+04 4.414988468321266457e-01
-2.684589035254352348e+04 4.415440521577439492e-01
-2.683921973747269294e+04 4.415893117400390699e-01
-2.683254912240186604e+04 4.416346256033633622e-01
-2.682587850733103551e+04 4.416799937733541515e-01
-2.681920789226020861e+04 4.417254162774618687e-01
-2.681253727718937807e+04 4.417708931434451425e-01
-2.680586666211855118e+04 4.418164243962829363e-01
-2.679919604704772064e+04 4.418620100641449944e-01
-2.679252543197689374e+04 4.419076501709264804e-01
-2.678585481690606321e+04 4.419533447459214059e-01
-2.677918420183523267e+04 4.419990938155857196e-01
-2.677251358676440577e+04 4.420448974072184178e-01
-2.676584297169357887e+04 4.420907555460336646e-01
-2.675917235662274834e+04 4.421366682605288312e-01
-2.675250174155192144e+04 4.421826355761393490e-01
-2.674583112648109091e+04 4.422286575205852666e-01
-2.673916051141026037e+04 4.422747341222689199e-01
-2.673248989633943347e+04 4.423208654048812472e-01
-2.672581928126860657e+04 4.423670513974414797e-01
-2.671914866619777604e+04 4.424132921284809616e-01
-2.671247805112694550e+04 4.424595876225294599e-01
-2.670580743605611860e+04 4.425059379090038880e-01
-2.669913682098528807e+04 4.425523430151100945e-01
-2.669246620591446117e+04 4.425988029663301404e-01
-2.668579559084363427e+04 4.426453177917754056e-01
-2.667912497577280374e+04 4.426918875183797342e-01
-2.667245436070197320e+04 4.427385121727123174e-01
-2.666578374563114630e+04 4.427851917825246786e-01
-2.665911313056031577e+04 4.428319263745746359e-01
-2.665244251548948887e+04 4.428787159797342721e-01
-2.664577190041866197e+04 4.429255606191446204e-01
-2.663910128534783144e+04 4.429724603292635177e-01
-2.663243067027700090e+04 4.430194151306302563e-01
-2.662576005520617400e+04 4.430664250538297599e-01
-2.661908944013534347e+04 4.431134901245957769e-01
-2.661241882506451293e+04 4.431606103723611523e-01
-2.660574820999368603e+04 4.432077858246778468e-01
-2.659907759492285913e+04 4.432550165106965978e-01
-2.659240697985202860e+04 4.433023024568278903e-01
-2.658573636478120170e+04 4.433496436903243132e-01
-2.657906574971037116e+04 4.433970402398703659e-01
-2.657239513463954063e+04 4.434444921338191459e-01
-2.656572451956871373e+04 4.434919993996305765e-01
-2.655905390449788683e+04 4.435395620661642946e-01
-2.655238328942705630e+04 4.435871801613964216e-01
-2.654571267435622940e+04 4.436348537129901071e-01
-2.653904205928539886e+04 4.436825827506901687e-01
-2.653237144421456833e+04 4.437303672996892323e-01
-2.652570082914374143e+04 4.437782073911570868e-01
-2.651903021407291089e+04 4.438261030491827963e-01
-2.651235959900208400e+04 4.438740543089694790e-01
-2.650568898393125710e+04 4.439220611947624073e-01
-2.649901836886042656e+04 4.439701237340013540e-01
-2.649234775378959603e+04 4.440182419575045003e-01
-2.648567713871876913e+04 4.440664158934452543e-01
-2.647900652364793859e+04 4.441146455690502259e-01
-2.647233590857711170e+04 4.441629310132542141e-01
-2.646566529350628480e+04 4.442112722575780603e-01
-2.645899467843545426e+04 4.442596693263010099e-01
-2.645232406336462373e+04 4.443081222508602490e-01
-2.644565344829379683e+04 4.443566310585602697e-01
-2.643898283322296629e+04 4.444051957810906672e-01
-2.643231221815213576e+04 4.444538164448191830e-01
-2.642564160308131250e+04 4.445024930790595907e-01
-2.641897098801048196e+04 4.445512257134414669e-01
-2.641230037293965142e+04 4.446000143745432176e-01
-2.640562975786882453e+04 4.446488590936978347e-01
-2.639895914279799399e+04 4.446977598997551295e-01
-2.639228852772716345e+04 4.447467168221447831e-01
-2.638561791265634020e+04 4.447957298890543032e-01
-2.637894729758550966e+04 4.448447991302917348e-01
-2.637227668251467912e+04 4.448939245749080063e-01
-2.636560606744385223e+04 4.449431062520258773e-01
-2.635893545237302169e+04 4.449923441904257704e-01
-2.635226483730219115e+04 4.450416384202123266e-01
-2.634559422223136426e+04 4.450909889713596801e-01
-2.633892360716053736e+04 4.451403958729042154e-01
-2.633225299208970682e+04 4.451898591530799587e-01
-2.632558237701887992e+04 4.452393788421401544e-01
-2.631891176194804939e+04 4.452889549705158490e-01
-2.631224114687721885e+04 4.453385875673565031e-01
-2.630557053180639195e+04 4.453882766623617484e-01
-2.629889991673556506e+04 4.454380222853198679e-01
-2.629222930166473452e+04 4.454878244650471442e-01
-2.628555868659390762e+04 4.455376832316124136e-01
-2.627888807152307709e+04 4.455875986149198664e-01
-2.627221745645224655e+04 4.456375706472238685e-01
-2.626554684138141965e+04 4.456875993533767066e-01
-2.625887622631059276e+04 4.457376847671209452e-01
-2.625220561123976222e+04 4.457878269170709729e-01
-2.624553499616893532e+04 4.458380258349784464e-01
-2.623886438109810479e+04 4.458882815481612916e-01
-2.623219376602727425e+04 4.459385940901953171e-01
-2.622552315095644735e+04 4.459889634894620980e-01
-2.621885253588561682e+04 4.460393897752552572e-01
-2.621218192081478992e+04 4.460898729773453697e-01
-2.620551130574396302e+04 4.461404131294016695e-01
-2.619884069067313249e+04 4.461910102578757198e-01
-2.619217007560230195e+04 4.462416643952669681e-01
-2.618549946053147505e+04 4.462923755718952723e-01
-2.617882884546064452e+04 4.463431438184511379e-01
-2.617215823038981762e+04 4.463939691635838702e-01
-2.616548761531898708e+04 4.464448516390853161e-01
-2.615881700024816018e+04 4.464957912742645307e-01
-2.615214638517732965e+04 4.465467881027276875e-01
-2.614547577010650275e+04 4.465978421552062594e-01
-2.613880515503567221e+04 4.466489534601949529e-01
-2.613213453996484168e+04 4.467001220484691504e-01
-2.612546392489401478e+04 4.467513479493184780e-01
-2.611879330982318788e+04 4.468026311959451546e-01
-2.611212269475235735e+04 4.468539718222189761e-01
-2.610545207968153045e+04 4.469053698522426066e-01
-2.609878146461069991e+04 4.469568253205872810e-01
-2.609211084953986938e+04 4.470083382615171463e-01
-2.608544023446904248e+04 4.470599086990947879e-01
-2.607876961939821558e+04 4.471115366700411098e-01
-2.607209900432738505e+04 4.471632222026538095e-01
-2.606542838925655451e+04 4.472149653281341508e-01
-2.605875777418572761e+04 4.472667660803048562e-01
-2.605208715911489708e+04 4.473186244888634477e-01
-2.604541654404407018e+04 4.473705405826891579e-01
-2.603874592897324328e+04 4.474225143968501572e-01
-2.603207531390241274e+04 4.474745459627849087e-01
-2.602540469883158221e+04 4.475266353095264660e-01
-2.601873408376075531e+04 4.475787824694347772e-01
-2.601206346868992478e+04 4.476309874753173768e-01
-2.600539285361909788e+04 4.476832503558815235e-01
-2.599872223854827098e+04 4.477355711447986164e-01
-2.599205162347744044e+04 4.477879498746549780e-01
-2.598538100840660991e+04 4.478403865757836777e-01
-2.597871039333578301e+04 4.478928812789019220e-01
-2.597203977826495247e+04 4.479454340173560922e-01
-2.596536916319412194e+04 4.479980448222505296e-01
-2.595869854812329504e+04 4.480507137271044216e-01
-2.595202793305246814e+04 4.481034407640347994e-01
-2.594535731798163761e+04 4.481562259618261934e-01
-2.593868670291081071e+04 4.482090693546834093e-01
-2.593201608783998017e+04 4.482619709739658065e-01
-2.592534547276914964e+04 4.483149308527534238e-01
-2.591867485769832274e+04 4.483679490235476517e-01
-2.591200424262749584e+04 4.484210255155965386e-01
-2.590533362755666531e+04 4.484741603659017639e-01
-2.589866301248583841e+04 4.485273536014581230e-01
-2.589199239741500787e+04 4.485806052579434100e-01
-2.588532178234417734e+04 4.486339153685023895e-01
-2.587865116727335044e+04 4.486872839632985444e-01
-2.587198055220251990e+04 4.487407110757800632e-01
-2.586530993713169300e+04 4.487941967384023179e-01
-2.585863932206086611e+04 4.488477409840563315e-01
-2.585196870699003557e+04 4.489013438436420533e-01
-2.584529809191920504e+04 4.489550053515158345e-01
-2.583862747684837814e+04 4.490087255408550249e-01
-2.583195686177754760e+04 4.490625044434203850e-01
-2.582528624670672070e+04 4.491163420935179174e-01
-2.581861563163589381e+04 4.491702385198750314e-01
-2.581194501656506327e+04 4.492241937604104507e-01
-2.580527440149423273e+04 4.492782078440586968e-01
-2.579860378642340584e+04 4.493322808071468777e-01
-2.579193317135257530e+04 4.493864126814514082e-01
-2.578526255628174476e+04 4.494406034974760544e-01
-2.577859194121092150e+04 4.494948532931528629e-01
-2.577192132614009097e+04 4.495491620987962511e-01
-2.576525071106926043e+04 4.496035299452691425e-01
-2.575858009599843353e+04 4.496579568706080554e-01
-2.575190948092760300e+04 4.497124429055213701e-01
-2.574523886585677246e+04 4.497669880834854750e-01
-2.573856825078594920e+04 4.498215924387045650e-01
-2.573189763571511867e+04 4.498762560050534876e-01
-2.572522702064428813e+04 4.499309788134071564e-01
-2.571855640557346123e+04 4.499857609011847503e-01
-2.571188579050263070e+04 4.500406022978936105e-01
-2.570521517543180016e+04 4.500955030405278667e-01
-2.569854456036097326e+04 4.501504631587321947e-01
-2.569187394529014637e+04 4.502054826917452623e-01
-2.568520333021931583e+04 4.502605616699101310e-01
-2.567853271514848893e+04 4.503157001266279713e-01
-2.567186210007765840e+04 4.503708980956481756e-01
-2.566519148500682786e+04 4.504261556129652844e-01
-2.565852086993600096e+04 4.504814727133701346e-01
-2.565185025486517407e+04 4.505368494264126999e-01
-2.564517963979434353e+04 4.505922857893320810e-01
-2.563850902472351663e+04 4.506477818350166920e-01
-2.563183840965268610e+04 4.507033375996540858e-01
-2.562516779458185556e+04 4.507589531152444984e-01
-2.561849717951102866e+04 4.508146284174214813e-01
-2.561182656444019813e+04 4.508703635377406815e-01
-2.560515594936937123e+04 4.509261585143028994e-01
-2.559848533429854433e+04 4.509820133796575425e-01
-2.559181471922771379e+04 4.510379281698069787e-01
-2.558514410415688326e+04 4.510939029146296964e-01
-2.557847348908605636e+04 4.511499376536863837e-01
-2.557180287401522583e+04 4.512060324184865023e-01
-2.556513225894439893e+04 4.512621872461534678e-01
-2.555846164387357203e+04 4.513184021695075265e-01
-2.555179102880274149e+04 4.513746772248979910e-01
-2.554512041373191096e+04 4.514310124438689620e-01
-2.553844979866108406e+04 4.514874078643741906e-01
-2.553177918359025352e+04 4.515438635211529994e-01
-2.552510856851942299e+04 4.516003794474656718e-01
-2.551843795344859609e+04 4.516569556771611316e-01
-2.551176733837776919e+04 4.517135922486839039e-01
-2.550509672330693866e+04 4.517702891956562605e-01
-2.549842610823611176e+04 4.518270465533319458e-01
-2.549175549316528122e+04 4.518838643564603852e-01
-2.548508487809445069e+04 4.519407426395276595e-01
-2.547841426302362379e+04 4.519976814381658214e-01
-2.547174364795279689e+04 4.520546807893427443e-01
-2.546507303288196636e+04 4.521117407276259992e-01
-2.545840241781113946e+04 4.521688612852875488e-01
-2.545173180274030892e+04 4.522260425022464059e-01
-2.544506118766947839e+04 4.522832844108599648e-01
-2.543839057259865149e+04 4.523405870485118219e-01
-2.543171995752782459e+04 4.523979504504821447e-01
-2.542504934245699405e+04 4.524553746519803799e-01
-2.541837872738616352e+04 4.525128596894748556e-01
-2.541170811231533662e+04 4.525704055981873419e-01
-2.540503749724450608e+04 4.526280124125387494e-01
-2.539836688217367919e+04 4.526856801699961630e-01
-2.539169626710285229e+04 4.527434089070261347e-01
-2.538502565203202175e+04 4.528011986565474989e-01
-2.537835503696119122e+04 4.528590494574531999e-01
-2.537168442189036432e+04 4.529169613474108291e-01
-2.536501380681953378e+04 4.529749343555555252e-01
-2.535834319174870325e+04 4.530329685248035698e-01
-2.535167257667787999e+04 4.530910638879927510e-01
-2.534500196160704945e+04 4.531492204836485849e-01
-2.533833134653621892e+04 4.532074383470484080e-01
-2.533166073146539202e+04 4.532657175118364745e-01
-2.532499011639456148e+04 4.533240580173570899e-01
-2.531831950132373095e+04 4.533824599009367851e-01
-2.531164888625290405e+04 4.534409231970651932e-01
-2.530497827118207715e+04 4.534994479423251623e-01
-2.529830765611124662e+04 4.535580341725704567e-01
-2.529163704104041972e+04 4.536166819268638295e-01
-2.528496642596958918e+04 4.536753912412484491e-01
-2.527829581089875865e+04 4.537341621499616506e-01
-2.527162519582793175e+04 4.537929946944040394e-01
-2.526495458075710485e+04 4.538518889042318372e-01
-2.525828396568627431e+04 4.539108448232603288e-01
-2.525161335061544742e+04 4.539698624856527975e-01
-2.524494273554461688e+04 4.540289419281398064e-01
-2.523827212047378634e+04 4.540880831886044411e-01
-2.523160150540295945e+04 4.541472863050924347e-01
-2.522493089033212891e+04 4.542065513107280128e-01
-2.521826027526130201e+04 4.542658782454552790e-01
-2.521158966019047512e+04 4.543252671484038774e-01
-2.520491904511964458e+04 4.543847180537557429e-01
-2.519824843004881404e+04 4.544442310006024388e-01
-2.519157781497798715e+04 4.545038060236740174e-01
-2.518490719990715661e+04 4.545634431648735152e-01
-2.517823658483632971e+04 4.546231424578541791e-01
-2.517156596976550281e+04 4.546829039411233730e-01
-2.516489535469467228e+04 4.547427276533792528e-01
-2.515822473962384174e+04 4.548026136313582102e-01
-2.515155412455301484e+04 4.548625619116853924e-01
-2.514488350948218431e+04 4.549225725352928906e-01
-2.513821289441135377e+04 4.549826455365565958e-01
-2.513154227934053051e+04 4.550427809537800905e-01
-2.512487166426969998e+04 4.551029788292935141e-01
-2.511820104919886944e+04 4.551632391949151368e-01
-2.511153043412804254e+04 4.552235620913475111e-01
-2.510485981905721201e+04 4.552839475569813721e-01
-2.509818920398638147e+04 4.553443956307574592e-01
-2.509151858891555821e+04 4.554049063497719319e-01
-2.508484797384472768e+04 4.554654797491583529e-01
-2.507817735877389714e+04 4.555261158731319648e-01
-2.507150674370307024e+04 4.555868147556308423e-01
-2.506483612863223971e+04 4.556475764375404469e-01
-2.505816551356140917e+04 4.557084009562055726e-01
-2.505149489849058227e+04 4.557692883494195990e-01
-2.504482428341975537e+04 4.558302386547194995e-01
-2.503815366834892484e+04 4.558912519137232611e-01
-2.503148305327809794e+04 4.559523281632741343e-01
-2.502481243820726741e+04 4.560134674433968249e-01
-2.501814182313643687e+04 4.560746697926645887e-01
-2.501147120806560997e+04 4.561359352474308460e-01
-2.500480059299478307e+04 4.561972638467595154e-01
-2.499812997792395254e+04 4.562586556322823506e-01
-2.499145936285312564e+04 4.563201106436977073e-01
-2.498478874778229510e+04 4.563816289154862815e-01
-2.497811813271146457e+04 4.564432104902305110e-01
-2.497144751764063767e+04 4.565048554044118245e-01
-2.496477690256980713e+04 4.565665637014992839e-01
-2.495810628749898024e+04 4.566283354167492425e-01
-2.495143567242815334e+04 4.566901705886712293e-01
-2.494476505735732280e+04 4.567520692609442490e-01
-2.493809444228649227e+04 4.568140314690637971e-01
-2.493142382721566537e+04 4.568760572547831411e-01
-2.492475321214483483e+04 4.569381466567727923e-01
-2.491808259707400794e+04 4.570002997145968804e-01
-2.491141198200317740e+04 4.570625164659399275e-01
-2.490474136693235050e+04 4.571247969551189283e-01
-2.489807075186151997e+04 4.571871412157442194e-01
-2.489140013679069307e+04 4.572495492933772998e-01
-2.488472952171986253e+04 4.573120212233467985e-01
-2.487805890664903200e+04 4.573745570495228452e-01
-2.487138829157820510e+04 4.574371568101854857e-01
-2.486471767650737820e+04 4.574998205421458852e-01
-2.485804706143654766e+04 4.575625482896397145e-01
-2.485137644636572077e+04 4.576253400914442881e-01
-2.484470583129489023e+04 4.576881959876183958e-01
-2.483803521622405970e+04 4.577511160173013960e-01
-2.483136460115323280e+04 4.578141002209545896e-01
-2.482469398608240590e+04 4.578771486418161119e-01
-2.481802337101157536e+04 4.579402613161652758e-01
-2.481135275594074483e+04 4.580034382862791520e-01
-2.480468214086991793e+04 4.580666795933094337e-01
-2.479801152579908739e+04 4.581299852757166891e-01
-2.479134091072826050e+04 4.581933553760009215e-01
-2.478467029565743360e+04 4.582567899354967333e-01
-2.477799968058660306e+04 4.583202889920556800e-01
-2.477132906551577253e+04 4.583838525881708814e-01
-2.476465845044494563e+04 4.584474807658618922e-01
-2.475798783537411509e+04 4.585111735622435791e-01
-2.475131722030328820e+04 4.585749310219798813e-01
-2.474464660523246130e+04 4.586387531835667275e-01
-2.473797599016163076e+04 4.587026400878853605e-01
-2.473130537509080023e+04 4.587665917791972081e-01
-2.472463476001997333e+04 4.588306082961175481e-01
-2.471796414494914279e+04 4.588946896802452158e-01
-2.471129352987831226e+04 4.589588359727223565e-01
-2.470462291480748536e+04 4.590230472147637797e-01
-2.469795229973665846e+04 4.590873234476042786e-01
-2.469128168466582792e+04 4.591516647126956396e-01
-2.468461106959500103e+04 4.592160710527233847e-01
-2.467794045452417049e+04 4.592805425087840843e-01
-2.467126983945333996e+04 4.593450791202522976e-01
-2.466459922438251306e+04 4.594096809311444818e-01
-2.465792860931168616e+04 4.594743479805415420e-01
-2.465125799424085562e+04 4.595390803148612924e-01
-2.464458737917002873e+04 4.596038779711136280e-01
-2.463791676409919819e+04 4.596687409945056091e-01
-2.463124614902836765e+04 4.597336694248659872e-01
-2.462457553395754076e+04 4.597986633051980854e-01
-2.461790491888671022e+04 4.598637226759663688e-01
-2.461123430381588332e+04 4.599288475810309196e-01
-2.460456368874505642e+04 4.599940380620925473e-01
-2.459789307367422589e+04 4.600592941617072662e-01
-2.459122245860339535e+04 4.601246159213483455e-01
-2.458455184353256845e+04 4.601900033847477478e-01
-2.457788122846173792e+04 4.602554565909528494e-01
-2.457121061339091102e+04 4.603209755865561026e-01
-2.456453999832008412e+04 4.603865604113293597e-01
-2.455786938324925359e+04 4.604522111082678393e-01
-2.455119876817842305e+04 4.605179277214170308e-01
-2.454452815310759615e+04 4.605837102917504922e-01
-2.453785753803676562e+04 4.606495588605025726e-01
-2.453118692296593508e+04 4.607154734760358084e-01
-2.452451630789511182e+04 4.607814541752916493e-01
-2.451784569282428129e+04 4.608475010032541119e-01
-2.451117507775345075e+04 4.609136140042792151e-01
-2.450450446268262385e+04 4.609797932211178173e-01
-2.449783384761179332e+04 4.610460386942811795e-01
-2.449116323254096278e+04 4.611123504698853015e-01
-2.448449261747013952e+04 4.611787285885626253e-01
-2.447782200239930899e+04 4.612451730959271079e-01
-2.447115138732847845e+04 4.613116840330051538e-01
-2.446448077225765155e+04 4.613782614452927588e-01
-2.445781015718682102e+04 4.614449053738290951e-01
-2.445113954211599048e+04 4.615116158645326538e-01
-2.444446892704516722e+04 4.615783929605138391e-01
-2.443779831197433668e+04 4.616452367044514005e-01
-2.443112769690350615e+04 4.617121471393717536e-01
-2.442445708183267925e+04 4.617791243103483989e-01
-2.441778646676184871e+04 4.618461682606581631e-01
-2.441111585169101818e+04 4.619132790350993778e-01
-2.440444523662019128e+04 4.619804566751034569e-01
-2.439777462154936438e+04 4.620477012273314088e-01
-2.439110400647853385e+04 4.621150127346281278e-01
-2.438443339140770695e+04 4.621823912403182910e-01
-2.437776277633687641e+04 4.622498367887334925e-01
-2.437109216126604588e+04 4.623173494265104821e-01
-2.436442154619521898e+04 4.623849291950919982e-01
-2.435775093112439208e+04 4.624525761399902457e-01
-2.435108031605356155e+04 4.625202903039131175e-01
-2.434440970098273465e+04 4.625880717333142877e-01
-2.433773908591190411e+04 4.626559204730368857e-01
-2.433106847084107358e+04 4.627238365653720820e-01
-2.432439785577024668e+04 4.627918200569517415e-01
-2.431772724069941614e+04 4.628598709915157650e-01
-2.431105662562858925e+04 4.629279894146286489e-01
-2.430438601055776235e+04 4.629961753690093329e-01
-2.429771539548693181e+04 4.630644289023524429e-01
-2.429104478041610128e+04 4.631327500568518940e-01
-2.428437416534527438e+04 4.632011388788697115e-01
-2.427770355027444384e+04 4.632695954138715266e-01
-2.427103293520361694e+04 4.633381197069986746e-01
-2.426436232013278641e+04 4.634067118018436737e-01
-2.425769170506195951e+04 4.634753717455356026e-01
-2.425102108999112897e+04 4.635440995815248155e-01
-2.424435047492030208e+04 4.636128953565399891e-01
-2.423767985984947154e+04 4.636817591141216277e-01
-2.423100924477864100e+04 4.637506909031339219e-01
-2.422433862970781411e+04 4.638196907657896051e-01
-2.421766801463698721e+04 4.638887587493483178e-01
-2.421099739956615667e+04 4.639578948987675977e-01
-2.420432678449532978e+04 4.640270992614504708e-01
-2.419765616942449924e+04 4.640963718815552252e-01
-2.419098555435366870e+04 4.641657128024547219e-01
-2.418431493928284181e+04 4.642351220752717333e-01
-2.417764432421201491e+04 4.643045997431755612e-01
-2.417097370914118437e+04 4.643741458517439691e-01
-2.416430309407035384e+04 4.644437604487935967e-01
-2.415763247899952694e+04 4.645134435781031468e-01
-2.415096186392869640e+04 4.645831952889543093e-01
-2.414429124885786950e+04 4.646530156245856635e-01
-2.413762063378704261e+04 4.647229046321381674e-01
-2.413095001871621207e+04 4.647928623593894915e-01
-2.412427940364538154e+04 4.648628888531723402e-01
-2.411760878857455464e+04 4.649329841561073984e-01
-2.411093817350372410e+04 4.650031483209896566e-01
-2.410426755843289720e+04 4.650733813864814103e-01
-2.409759694336207031e+04 4.651436834068088944e-01
-2.409092632829123977e+04 4.652140544254652621e-01
-2.408425571322040923e+04 4.652844944883547385e-01
-2.407758509814958234e+04 4.653550036452528960e-01
-2.407091448307875180e+04 4.654255819385876847e-01
-2.406424386800792126e+04 4.654962294202026896e-01
-2.405757325293709437e+04 4.655669461336533477e-01
-2.405090263786626747e+04 4.656377321283365345e-01
-2.404423202279543693e+04 4.657085874525819236e-01
-2.403756140772461004e+04 4.657795121504816893e-01
-2.403089079265377950e+04 4.658505062714082268e-01
-2.402422017758294896e+04 4.659215698602902078e-01
-2.401754956251212207e+04 4.659927029681047994e-01
-2.401087894744129517e+04 4.660639056404942693e-01
-2.400420833237046463e+04 4.661351779242234872e-01
-2.399753771729963773e+04 4.662065198675782729e-01
-2.399086710222880720e+04 4.662779315224160337e-01
-2.398419648715797666e+04 4.663494129293593859e-01
-2.397752587208714976e+04 4.664209641397574213e-01
-2.397085525701631923e+04 4.664925852028625752e-01
-2.396418464194549233e+04 4.665642761647358361e-01
-2.395751402687466543e+04 4.666360370749405018e-01
-2.395084341180383490e+04 4.667078679806251351e-01
-2.394417279673300436e+04 4.667797689300104413e-01
-2.393750218166217746e+04 4.668517399696703318e-01
-2.393083156659134693e+04 4.669237811525577264e-01
-2.392416095152052003e+04 4.669958925210435652e-01
-2.391749033644969313e+04 4.670680741303210315e-01
-2.391081972137886260e+04 4.671403260229869403e-01
-2.390414910630803206e+04 4.672126482501968714e-01
-2.389747849123720516e+04 4.672850408607852057e-01
-2.389080787616637463e+04 4.673575039040784307e-01
-2.388413726109554409e+04 4.674300374247853940e-01
-2.387746664602472083e+04 4.675026414768221339e-01
-2.387079603095389029e+04 4.675753161066878993e-01
-2.386412541588305976e+04 4.676480613627254090e-01
-2.385745480081223286e+04 4.677208772980949170e-01
-2.385078418574140233e+04 4.677937639562437799e-01
-2.384411357067057179e+04 4.678667213890279619e-01
-2.383744295559974853e+04 4.679397496465882433e-01
-2.383077234052891799e+04 4.680128487774097290e-01
-2.382410172545808746e+04 4.680860188303386238e-01
-2.381743111038726056e+04 4.681592598536592487e-01
-2.381076049531643002e+04 4.682325719002212172e-01
-2.380408988024559949e+04 4.683059550165294960e-01
-2.379741926517477259e+04 4.683794092537372222e-01
-2.379074865010394569e+04 4.684529346597233745e-01
-2.378407803503311516e+04 4.685265312891748191e-01
-2.377740741996228826e+04 4.686001991868010141e-01
-2.377073680489145772e+04 4.686739384044341650e-01
-2.376406618982062719e+04 4.687477489913633444e-01
-2.375739557474980029e+04 4.688216310005582921e-01
-2.375072495967897339e+04 4.688955844773227133e-01
-2.374405434460814286e+04 4.689696094768822654e-01
-2.373738372953731596e+04 4.690437060433264027e-01
-2.373071311446648542e+04 4.691178742335975760e-01
-2.372404249939565489e+04 4.691921140945288782e-01
-2.371737188432482799e+04 4.692664256757982377e-01
-2.371070126925399745e+04 4.693408090300060787e-01
-2.370403065418317055e+04 4.694152642077685789e-01
-2.369736003911234366e+04 4.694897912571637244e-01
-2.369068942404151312e+04 4.695643902322019225e-01
-2.368401880897068258e+04 4.696390611811590010e-01
-2.367734819389985569e+04 4.697138041583093782e-01
-2.367067757882902515e+04 4.697886192110381498e-01
-2.366400696375819825e+04 4.698635063906389520e-01
-2.365733634868736772e+04 4.699384657509551033e-01
-2.365066573361654082e+04 4.700134973387979365e-01
-2.364399511854571028e+04 4.700886012110089829e-01
-2.363732450347488339e+04 4.701637774128260006e-01
-2.363065388840405285e+04 4.702390260001465538e-01
-2.362398327333322231e+04 4.703143470230552459e-01
-2.361731265826239542e+04 4.703897405327241987e-01
-2.361064204319156852e+04 4.704652065781264603e-01
-2.360397142812073798e+04 4.705407452183913430e-01
-2.359730081304991108e+04 4.706163564969965685e-01
-2.359063019797908055e+04 4.706920404694810434e-01
-2.358395958290825001e+04 4.707677971885050883e-01
-2.357728896783742312e+04 4.708436267041328782e-01
-2.357061835276659622e+04 4.709195290686927771e-01
-2.356394773769576568e+04 4.709955043363576177e-01
-2.355727712262493515e+04 4.710715525552499061e-01
-2.355060650755410825e+04 4.711476737817220650e-01
-2.354393589248327771e+04 4.712238680645706168e-01
-2.353726527741245081e+04 4.713001354590256042e-01
-2.353059466234162392e+04 4.713764760153525413e-01
-2.352392404727079338e+04 4.714528897865555845e-01
-2.351725343219996284e+04 4.715293768250922724e-01
-2.351058281712913595e+04 4.716059371856403670e-01
-2.350391220205830541e+04 4.716825709192078997e-01
-2.349724158698747851e+04 4.717592780788011364e-01
-2.349057097191665162e+04 4.718360587160982944e-01
-2.348390035684582108e+04 4.719129128845610532e-01
-2.347722974177499054e+04 4.719898406397230461e-01
-2.347055912670416365e+04 4.720668420295410783e-01
-2.346388851163333311e+04 4.721439171108988142e-01
-2.345721789656250257e+04 4.722210659380535747e-01
-2.345054728149167931e+04 4.722982885617730275e-01
-2.344387666642084878e+04 4.723755850355393915e-01
-2.343720605135001824e+04 4.724529554150098676e-01
-2.343053543627919134e+04 4.725303997501448250e-01
-2.342386482120836081e+04 4.726079180956181958e-01
-2.341719420613753027e+04 4.726855105084795672e-01
-2.341052359106670337e+04 4.727631770364897901e-01
-2.340385297599587648e+04 4.728409177389253371e-01
-2.339718236092504594e+04 4.729187326679190062e-01
-2.339051174585421904e+04 4.729966218753975382e-01
-2.338384113078338851e+04 4.730745854170130826e-01
-2.337717051571255797e+04 4.731526233471845533e-01
-2.337049990064173107e+04 4.732307357207146681e-01
-2.336382928557090418e+04 4.733089225885774298e-01
-2.335715867050007364e+04 4.733871840088859084e-01
-2.335048805542924674e+04 4.734655200327824720e-01
-2.334381744035841621e+04 4.735439307169606593e-01
-2.333714682528758567e+04 4.736224161150508483e-01
-2.333047621021675877e+04 4.737009762819939240e-01
-2.332380559514592824e+04 4.737796112717254093e-01
-2.331713498007510134e+04 4.738583211404359119e-01
-2.331046436500427444e+04 4.739371059410567022e-01
-2.330379374993344391e+04 4.740159657314440556e-01
-2.329712313486261337e+04 4.740949005627146384e-01
-2.329045251979178647e+04 4.741739104914154956e-01
-2.328378190472095594e+04 4.742529955739763214e-01
-2.327711128965012904e+04 4.743321558648450620e-01
-2.327044067457930214e+04 4.744113914166190327e-01
-2.326377005950847160e+04 4.744907022892309034e-01
-2.325709944443764107e+04 4.745700885361858190e-01
-2.325042882936681417e+04 4.746495502136247602e-01
-2.324375821429598363e+04 4.747290873760964258e-01
-2.323708759922515310e+04 4.748087000778619116e-01
-2.323041698415432984e+04 4.748883883770864678e-01
-2.322374636908349930e+04 4.749681523269819183e-01
-2.321707575401266877e+04 4.750479919858072164e-01
-2.321040513894184187e+04 4.751279074095758892e-01
-2.320373452387101133e+04 4.752078986528803228e-01
-2.319706390880018080e+04 4.752879657729583429e-01
-2.319039329372935754e+04 4.753681088245566011e-01
-2.318372267865852700e+04 4.754483278650382672e-01
-2.317705206358769647e+04 4.755286229523443819e-01
-2.317038144851686957e+04 4.756089941389750053e-01
-2.316371083344603903e+04 4.756894414838736540e-01
-2.315704021837520850e+04 4.757699650431912453e-01
-2.315036960330438160e+04 4.758505648742351046e-01
-2.314369898823355470e+04 4.759312410342638189e-01
-2.313702837316272417e+04 4.760119935788450496e-01
-2.313035775809189727e+04 4.760928225624735943e-01
-2.312368714302106673e+04 4.761737280462839950e-01
-2.311701652795023620e+04 4.762547100836734271e-01
-2.311034591287940930e+04 4.763357687340835644e-01
-2.310367529780858240e+04 4.764169040549406930e-01
-2.309700468273775186e+04 4.764981161024496870e-01
-2.309033406766692497e+04 4.765794049344636574e-01
-2.308366345259609443e+04 4.766607706099445507e-01
-2.307699283752526389e+04 4.767422131813190966e-01
-2.307032222245443700e+04 4.768237327118494684e-01
-2.306365160738360646e+04 4.769053292556865720e-01
-2.305698099231277956e+04 4.769870028725818889e-01
-2.305031037724195266e+04 4.770687536184645139e-01
-2.304363976217112213e+04 4.771505815530027172e-01
-2.303696914710029159e+04 4.772324867332132792e-01
-2.303029853202946470e+04 4.773144692161399583e-01
-2.302362791695863416e+04 4.773965290614436419e-01
-2.301695730188780726e+04 4.774786663283466237e-01
-2.301028668681697673e+04 4.775608810720629038e-01
-2.300361607174614983e+04 4.776431733536055657e-01
-2.299694545667531929e+04 4.777255432286959258e-01
-2.299027484160449239e+04 4.778079907594169340e-01
-2.298360422653366186e+04 4.778905160031479693e-01
-2.297693361146283132e+04 4.779731190161425891e-01
-2.297026299639200442e+04 4.780557998603535697e-01
-2.296359238132117753e+04 4.781385585907583224e-01
-2.295692176625034699e+04 4.782213952707826676e-01
-2.295025115117952009e+04 4.783043099575894352e-01
-2.294358053610868956e+04 4.783873027090946306e-01
-2.293690992103785902e+04 4.784703735850374673e-01
-2.293023930596703212e+04 4.785535226461951619e-01
-2.292356869089620523e+04 4.786367499515658541e-01
-2.291689807582537469e+04 4.787200555588214113e-01
-2.291022746075454415e+04 4.788034395276009048e-01
-2.290355684568371726e+04 4.788869019193086607e-01
-2.289688623061288672e+04 4.789704427915691953e-01
-2.289021561554205982e+04 4.790540622054431097e-01
-2.288354500047123292e+04 4.791377602208909403e-01
-2.287687438540040239e+04 4.792215368966498135e-01
-2.287020377032957185e+04 4.793053922935119893e-01
-2.286353315525874496e+04 4.793893264701933887e-01
-2.285686254018791442e+04 4.794733394901258272e-01
-2.285019192511708752e+04 4.795574314099658730e-01
-2.284352131004626062e+04 4.796416022898744025e-01
-2.283685069497543009e+04 4.797258521950381605e-01
-2.283018007990459955e+04 4.798101811825057905e-01
-2.282350946483377265e+04 4.798945893103620519e-01
-2.281683884976294212e+04 4.799790766442116885e-01
-2.281016823469211158e+04 4.800636432417994537e-01
-2.280349761962128468e+04 4.801482891649099805e-01
-2.279682700455045779e+04 4.802330144738710671e-01
-2.279015638947962725e+04 4.803178192297353766e-01
-2.278348577440880035e+04 4.804027034937399798e-01
-2.277681515933796982e+04 4.804876673254327435e-01
-2.277014454426713928e+04 4.805727107901119899e-01
-2.276347392919631238e+04 4.806578339466619498e-01
-2.275680331412548549e+04 4.807430368560808298e-01
-2.275013269905465495e+04 4.808283195797727894e-01
-2.274346208398382805e+04 4.809136821771902159e-01
-2.273679146891299752e+04 4.809991247133016956e-01
-2.273012085384216698e+04 4.810846472788811168e-01
-2.272345023877134008e+04 4.811702498559345398e-01
-2.271677962370050955e+04 4.812559325776720187e-01
-2.271010900862968265e+04 4.813416954838674044e-01
-2.270343839355885575e+04 4.814275386382929622e-01
-2.269676777848802521e+04 4.815134621017078120e-01
-2.269009716341719468e+04 4.815994659382027421e-01
-2.268342654834636778e+04 4.816855502078440376e-01
-2.267675593327553725e+04 4.817717149751111205e-01
-2.267008531820471035e+04 4.818579602986828303e-01
-2.266341470313388345e+04 4.819442862457222754e-01
-2.265674408806305291e+04 4.820306928778347877e-01
-2.265007347299222238e+04 4.821171802562718711e-01
-2.264340285792139548e+04 4.822037484432361021e-01
-2.263673224285056494e+04 4.822903975035922053e-01
-2.263006162777973805e+04 4.823771274989416269e-01
-2.262339101270891115e+04 4.824639384956130872e-01
-2.261672039763808061e+04 4.825508305535035625e-01
-2.261004978256725008e+04 4.826378037354108752e-01
-2.260337916749642318e+04 4.827248581056887144e-01
-2.259670855242559264e+04 4.828119937285475505e-01
-2.259003793735476211e+04 4.828992106676485707e-01
-2.258336732228393885e+04 4.829865089855066573e-01
-2.257669670721310831e+04 4.830738887457409758e-01
-2.257002609214227778e+04 4.831613500144119611e-01
-2.256335547707145088e+04 4.832488928529094507e-01
-2.255668486200062034e+04 4.833365173257652136e-01
-2.255001424692978981e+04 4.834242234968992857e-01
-2.254334363185896655e+04 4.835120114317331685e-01
-2.253667301678813601e+04 4.835998811922322393e-01
-2.253000240171730547e+04 4.836878328463665166e-01
-2.252333178664647858e+04 4.837758664542560205e-01
-2.251666117157564804e+04 4.838639820828613547e-01
-2.250999055650481750e+04 4.839521797962600402e-01
-2.250331994143399061e+04 4.840404596593987363e-01
-2.249664932636316371e+04 4.841288217378110770e-01
-2.248997871129233317e+04 4.842172660948529384e-01
-2.248330809622150628e+04 4.843057927939246055e-01
-2.247663748115067574e+04 4.843944019046615979e-01
-2.246996686607984520e+04 4.844830934888688101e-01
-2.246329625100901831e+04 4.845718676124496915e-01
-2.245662563593819141e+04 4.846607243416476418e-01
-2.244995502086736087e+04 4.847496637391637830e-01
-2.244328440579653397e+04 4.848386858736705718e-01
-2.243661379072570344e+04 4.849277908088915345e-01
-2.242994317565487290e+04 4.850169786112184522e-01
-2.242327256058404600e+04 4.851062493476557824e-01
-2.241660194551321547e+04 4.851956030817728416e-01
-2.240993133044238857e+04 4.852850398797071141e-01
-2.240326071537155804e+04 4.853745598081740664e-01
-2.239659010030073114e+04 4.854641629321639340e-01
-2.238991948522990060e+04 4.855538493219119789e-01
-2.238324887015907370e+04 4.856436190388484508e-01
-2.237657825508824317e+04 4.857334721512320819e-01
-2.236990764001741627e+04 4.858234087243148425e-01
-2.236323702494658573e+04 4.859134288289221892e-01
-2.235656640987575884e+04 4.860035325266076067e-01
-2.234989579480492830e+04 4.860937198869595965e-01
-2.234322517973410140e+04 4.861839909767602941e-01
-2.233655456466327087e+04 4.862743458622476589e-01
-2.232988394959244033e+04 4.863647846110345507e-01
-2.232321333452161343e+04 4.864553072888772034e-01
-2.231654271945078654e+04 4.865459139646957643e-01
-2.230987210437995600e+04 4.866366047070631029e-01
-2.230320148930912546e+04 4.867273795762265820e-01
-2.229653087423829857e+04 4.868182386475983781e-01
-2.228986025916746803e+04 4.869091819853642034e-01
-2.228318964409664113e+04 4.870002096592171426e-01
-2.227651902902581423e+04 4.870913217355756775e-01
-2.226984841395498370e+04 4.871825182824358058e-01
-2.226317779888415316e+04 4.872737993657685340e-01
-2.225650718381332626e+04 4.873651650575960836e-01
-2.224983656874249573e+04 4.874566154226067649e-01
-2.224316595367166883e+04 4.875481505317628139e-01
-2.223649533860084193e+04 4.876397704514072173e-01
-2.222982472353001140e+04 4.877314752504829931e-01
-2.222315410845918086e+04 4.878232649966117718e-01
-2.221648349338835396e+04 4.879151397616582342e-01
-2.220981287831752343e+04 4.880070996138228256e-01
-2.220314226324669289e+04 4.880991446166651482e-01
-2.219647164817586963e+04 4.881912748462660656e-01
-2.218980103310503910e+04 4.882834903663184067e-01
-2.218313041803420856e+04 4.883757912480737873e-01
-2.217645980296338166e+04 4.884681775586905972e-01
-2.216978918789255113e+04 4.885606493720749399e-01
-2.216311857282172059e+04 4.886532067542460611e-01
-2.215644795775089369e+04 4.887458497748518593e-01
-2.214977734268006679e+04 4.888385785031130193e-01
-2.214310672760923626e+04 4.889313930111843232e-01
-2.213643611253840936e+04 4.890242933649714963e-01
-2.212976549746757883e+04 4.891172796386569765e-01
-2.212309488239674829e+04 4.892103518987991340e-01
-2.211642426732592139e+04 4.893035102180998130e-01
-2.210975365225509449e+04 4.893967546644469868e-01
-2.210308303718426396e+04 4.894900853107526650e-01
-2.209641242211343706e+04 4.895835022245318413e-01
-2.208974180704260652e+04 4.896770054780381631e-01
-2.208307119197177599e+04 4.897705951415131653e-01
-2.207640057690094909e+04 4.898642712856751125e-01
-2.206972996183011855e+04 4.899580339805212348e-01
-2.206305934675929166e+04 4.900518832967046268e-01
-2.205638873168846476e+04 4.901458193058434998e-01
-2.204971811661763422e+04 4.902398420797946521e-01
-2.204304750154680369e+04 4.903339516874258286e-01
-2.203637688647597679e+04 4.904281482027719741e-01
-2.202970627140514625e+04 4.905224316957548791e-01
-2.202303565633431936e+04 4.906168022398391115e-01
-2.201636504126349246e+04 4.907112599024368582e-01
-2.200969442619266192e+04 4.908058047588015338e-01
-2.200302381112183139e+04 4.909004368799161910e-01
-2.199635319605100449e+04 4.909951563358808113e-01
-2.198968258098017395e+04 4.910899632008788318e-01
-2.198301196590934342e+04 4.911848575462778865e-01
-2.197634135083852016e+04 4.912798394425414994e-01
-2.196967073576768962e+04 4.913749089656573310e-01
-2.196300012069685909e+04 4.914700661825767702e-01
-2.195632950562603219e+04 4.915653111720088564e-01
-2.194965889055520165e+04 4.916606440016627610e-01
-2.194298827548437112e+04 4.917560647460316181e-01
-2.193631766041354786e+04 4.918515734784066895e-01
-2.192964704534271732e+04 4.919471702709500849e-01
-2.192297643027188678e+04 4.920428551960986940e-01
-2.191630581520105989e+04 4.921386283281019569e-01
-2.190963520013022935e+04 4.922344897414244747e-01
-2.190296458505939881e+04 4.923304395099981079e-01
-2.189629396998857192e+04 4.924264777230294987e-01
-2.188962335491774502e+04 4.925226043493678429e-01
-2.188295273984691448e+04 4.926188196306270917e-01
-2.187628212477608758e+04 4.927151235437806087e-01
-2.186961150970525705e+04 4.928115161762187668e-01
-2.186294089463442651e+04 4.929079976023279519e-01
-2.185627027956359962e+04 4.930045678953787758e-01
-2.184959966449277272e+04 4.931012271309521133e-01
-2.184292904942194218e+04 4.931979753823311774e-01
-2.183625843435111528e+04 4.932948127281151507e-01
-2.182958781928028475e+04 4.933917392359947751e-01
-2.182291720420945421e+04 4.934887549847085109e-01
-2.181624658913862731e+04 4.935858600483552516e-01
-2.180957597406779678e+04 4.936830545024460393e-01
-2.180290535899696988e+04 4.937803384187149369e-01
-2.179623474392614298e+04 4.938777118761749629e-01
-2.178956412885531245e+04 4.939751749461019359e-01
-2.178289351378448191e+04 4.940727277072374246e-01
-2.177622289871365501e+04 4.941703702308647417e-01
-2.176955228364282448e+04 4.942681025950128038e-01
-2.176288166857199758e+04 4.943659248745302937e-01
-2.175621105350116704e+04 4.944638371452810266e-01
-2.174954043843034015e+04 4.945618394825678221e-01
-2.174286982335950961e+04 4.946599319612688950e-01
-2.173619920828868271e+04 4.947581146584628109e-01
-2.172952859321785218e+04 4.948563876505370773e-01
-2.172285797814702528e+04 4.949547510137857209e-01
-2.171618736307619474e+04 4.950532048215651737e-01
-2.170951674800536784e+04 4.951517491536008841e-01
-2.170284613293453731e+04 4.952503840845995375e-01
-2.169617551786371041e+04 4.953491096910704328e-01
-2.168950490279287988e+04 4.954479260485531444e-01
-2.168283428772204934e+04 4.955468332377840901e-01
-2.167616367265122244e+04 4.956458313313982789e-01
-2.166949305758039554e+04 4.957449204087582828e-01
-2.166282244250956501e+04 4.958441005465127338e-01
-2.165615182743873447e+04 4.959433718198960062e-01
-2.164948121236790757e+04 4.960427343084108376e-01
-2.164281059729707704e+04 4.961421880905282356e-01
-2.163613998222625014e+04 4.962417332394185032e-01
-2.162946936715542324e+04 4.963413698360255033e-01
-2.162279875208459271e+04 4.964410979579815253e-01
-2.161612813701376217e+04 4.965409176823013526e-01
-2.160945752194293527e+04 4.966408290882422527e-01
-2.160278690687210474e+04 4.967408322490696193e-01
-2.159611629180127784e+04 4.968409272491458584e-01
-2.158944567673045094e+04 4.969411141645528329e-01
-2.158277506165962041e+04 4.970413930699871807e-01
-2.157610444658878987e+04 4.971417640500286894e-01
-2.156943383151796297e+04 4.972422271813806138e-01
-2.156276321644713244e+04 4.973427825403304858e-01
-2.155609260137630190e+04 4.974434302057816337e-01
-2.154942198630547864e+04 4.975441702606922534e-01
-2.154275137123464810e+04 4.976450027803059895e-01
-2.153608075616381757e+04 4.977459278449130053e-01
-2.152941014109299067e+04 4.978469455322184767e-01
-2.152273952602216013e+04 4.979480559263238515e-01
-2.151606891095132960e+04 4.980492591008267578e-01
-2.150939829588050270e+04 4.981505551393253795e-01
-2.150272768080967580e+04 4.982519441206589850e-01
-2.149605706573884527e+04 4.983534261247359320e-01
-2.148938645066801837e+04 4.984550012317837120e-01
-2.148271583559718783e+04 4.985566695235066903e-01
-2.147604522052635730e+04 4.986584311037677297e-01
-2.146937460545553040e+04 4.987602859431553570e-01
-2.146270399038470350e+04 4.988622342667030640e-01
-2.145603337531387297e+04 4.989642760888658990e-01
-2.144936276024304607e+04 4.990664114941049112e-01
-2.144269214517221553e+04 4.991686405618695477e-01
-2.143602153010138500e+04 4.992709633764594868e-01
-2.142935091503055810e+04 4.993733800185380378e-01
-2.142268029995972756e+04 4.994758905678244876e-01
-2.141600968488890067e+04 4.995784951051761569e-01
-2.140933906981807377e+04 4.996811937136338422e-01
-2.140266845474724323e+04 4.997839864737904647e-01
-2.139599783967641270e+04 4.998868734665862790e-01
-2.138932722460558580e+04 4.999898547758964140e-01
-2.138265660953475526e+04 5.000929304815054932e-01
-2.137598599446392836e+04 5.001961006659225717e-01
-2.136931537939310147e+04 5.002993654089311626e-01
-2.136264476432227093e+04 5.004027247977170800e-01
-2.135597414925144039e+04 5.005061789092054569e-01
-2.134930353418061350e+04 5.006097278294843189e-01
-2.134263291910978296e+04 5.007133716374705390e-01
-2.133596230403895242e+04 5.008171104191214695e-01
-2.132929168896812917e+04 5.009209442565220050e-01
-2.132262107389729863e+04 5.010248732309796615e-01
-2.131595045882646809e+04 5.011288974277098296e-01
-2.130927984375564120e+04 5.012330169268354174e-01
-2.130260922868481066e+04 5.013372318125167704e-01
-2.129593861361398012e+04 5.014415421696740705e-01
-2.128926799854315686e+04 5.015459480797703762e-01
-2.128259738347232633e+04 5.016504496281134484e-01
-2.127592676840149579e+04 5.017550468981125666e-01
-2.126925615333066889e+04 5.018597399719009200e-01
-2.126258553825983836e+04 5.019645289330330051e-01
-2.125591492318900782e+04 5.020694138687815666e-01
-2.124924430811818092e+04 5.021743948602223062e-01
-2.124257369304735403e+04 5.022794719921794826e-01
-2.123590307797652349e+04 5.023846453502192055e-01
-2.122923246290569659e+04 5.024899150184549690e-01
-2.122256184783486606e+04 5.025952810802731818e-01
-2.121589123276403552e+04 5.027007436228467796e-01
-2.120922061769320862e+04 5.028063027276123975e-01
-2.120255000262238173e+04 5.029119584821919453e-01
-2.119587938755155119e+04 5.030177109709568217e-01
-2.118920877248072429e+04 5.031235602787217376e-01
-2.118253815740989376e+04 5.032295064912151172e-01
-2.117586754233906322e+04 5.033355496941124274e-01
-2.116919692726823632e+04 5.034416899719107441e-01
-2.116252631219740579e+04 5.035479274125613802e-01
-2.115585569712657889e+04 5.036542620996231623e-01
-2.114918508205575199e+04 5.037606941186031362e-01
-2.114251446698492146e+04 5.038672235584766845e-01
-2.113584385191409092e+04 5.039738505041584382e-01
-2.112917323684326402e+04 5.040805750402127527e-01
-2.112250262177243349e+04 5.041873972547524785e-01
-2.111583200670160659e+04 5.042943172332464696e-01
-2.110916139163077605e+04 5.044013350647672533e-01
-2.110249077655994915e+04 5.045084508321225902e-01
-2.109582016148911862e+04 5.046156646273839419e-01
-2.108914954641829172e+04 5.047229765345182528e-01
-2.108247893134746118e+04 5.048303866393757389e-01
-2.107580831627663065e+04 5.049378950306910863e-01
-2.106913770120580375e+04 5.050455017969872618e-01
-2.106246708613497685e+04 5.051532070246109729e-01
-2.105579647106414632e+04 5.052610108161825764e-01
-2.104912585599331942e+04 5.053689132164157494e-01
-2.104245524092248888e+04 5.054769143557095168e-01
-2.103578462585165835e+04 5.055850143077135206e-01
-2.102911401078083145e+04 5.056932131615566872e-01
-2.102244339571000455e+04 5.058015110066604869e-01
-2.101577278063917402e+04 5.059099079272555421e-01
-2.100910216556834348e+04 5.060184040169822817e-01
-2.100243155049751658e+04 5.061269993596152483e-01
-2.099576093542668605e+04 5.062356940472456657e-01
-2.098909032035585915e+04 5.063444881698192512e-01
-2.098241970528503225e+04 5.064533818131634613e-01
-2.097574909021420171e+04 5.065623750664614011e-01
-2.096907847514337118e+04 5.066714680227596412e-01
-2.096240786007254428e+04 5.067806607693273735e-01
-2.095573724500171375e+04 5.068899533956225945e-01
-2.094906662993088685e+04 5.069993459901258603e-01
-2.094239601486005995e+04 5.071088386447377694e-01
-2.093572539978922941e+04 5.072184314492993451e-01
-2.092905478471839888e+04 5.073281244930739620e-01
-2.092238416964757198e+04 5.074379178657169032e-01
-2.091571355457674144e+04 5.075478116572089693e-01
-2.090904293950591091e+04 5.076578059620062700e-01
-2.090237232443508401e+04 5.077679008666778904e-01
-2.089570170936425711e+04 5.078780964636641082e-01
-2.088903109429342658e+04 5.079883928414993255e-01
-2.088236047922259968e+04 5.080987900961907444e-01
-2.087568986415176914e+04 5.082092883157288687e-01
-2.086901924908093861e+04 5.083198875914868298e-01
-2.086234863401011171e+04 5.084305880135767675e-01
-2.085567801893928481e+04 5.085413896754499286e-01
-2.084900740386845428e+04 5.086522926671105393e-01
-2.084233678879762738e+04 5.087632970836698521e-01
-2.083566617372679684e+04 5.088744030141894026e-01
-2.082899555865596631e+04 5.089856105502910122e-01
-2.082232494358513941e+04 5.090969197873538299e-01
-2.081565432851431251e+04 5.092083308141174269e-01
-2.080898371344348197e+04 5.093198437260049172e-01
-2.080231309837265508e+04 5.094314586137407286e-01
-2.079564248330182454e+04 5.095431755716266498e-01
-2.078897186823099400e+04 5.096549946900456041e-01
-2.078230125316016711e+04 5.097669160635356356e-01
-2.077563063808933657e+04 5.098789397867198314e-01
-2.076896002301850967e+04 5.099910659508608557e-01
-2.076228940794768278e+04 5.101032946473368357e-01
-2.075561879287685224e+04 5.102156259761267965e-01
-2.074894817780602170e+04 5.103280600248543131e-01
-2.074227756273519481e+04 5.104405968891914114e-01
-2.073560694766436427e+04 5.105532366665809230e-01
-2.072893633259353737e+04 5.106659794460026713e-01
-2.072226571752271047e+04 5.107788253204711415e-01
-2.071559510245187994e+04 5.108917743921624899e-01
-2.070892448738104940e+04 5.110048267504168074e-01
-2.070225387231022250e+04 5.111179824899314550e-01
-2.069558325723939197e+04 5.112312417052146118e-01
-2.068891264216856143e+04 5.113446044919328637e-01
-2.068224202709773817e+04 5.114580709463008024e-01
-2.067557141202690764e+04 5.115716411624666726e-01
-2.066890079695607710e+04 5.116853152346388933e-01
-2.066223018188525020e+04 5.117990932610928523e-01
-2.065555956681441967e+04 5.119129753337664512e-01
-2.064888895174358913e+04 5.120269615500312455e-01
-2.064221833667276587e+04 5.121410520078427675e-01
-2.063554772160193534e+04 5.122552468027381511e-01
-2.062887710653110480e+04 5.123695460287287506e-01
-2.062220649146027790e+04 5.124839497809451361e-01
-2.061553587638944737e+04 5.125984581602677226e-01
-2.060886526131861683e+04 5.127130712590819428e-01
-2.060219464624778993e+04 5.128277891783427078e-01
-2.059552403117696304e+04 5.129426120094841002e-01
-2.058885341610613250e+04 5.130575398547929655e-01
-2.058218280103530560e+04 5.131725728090457128e-01
-2.057551218596447507e+04 5.132877109682120187e-01
-2.056884157089364453e+04 5.134029544340732443e-01
-2.056217095582281763e+04 5.135183032995255248e-01
-2.055550034075199073e+04 5.136337576636629265e-01
-2.054882972568116020e+04 5.137493176270849782e-01
-2.054215911061033330e+04 5.138649832837963727e-01
-2.053548849553950276e+04 5.139807547347013950e-01
-2.052881788046867223e+04 5.140966320781734655e-01
-2.052214726539784533e+04 5.142126154076340772e-01
-2.051547665032701480e+04 5.143287048297088271e-01
-2.050880603525618790e+04 5.144449004372378953e-01
-2.050213542018535736e+04 5.145612023329272366e-01
-2.049546480511453046e+04 5.146776106099507642e-01
-2.048879419004369993e+04 5.147941253741306067e-01
-2.048212357497287303e+04 5.149107467218893008e-01
-2.047545295990204249e+04 5.150274747501061290e-01
-2.046878234483121560e+04 5.151443095640834136e-01
-2.046211172976038506e+04 5.152612512587955163e-01
-2.045544111468955816e+04 5.153782999372304996e-01
-2.044877049961872763e+04 5.154954556978608160e-01
-2.044209988454790073e+04 5.156127186400848439e-01
-2.043542926947707019e+04 5.157300888663405303e-01
-2.042875865440623966e+04 5.158475664735466815e-01
-2.042208803933541276e+04 5.159651515646586084e-01
-2.041541742426458586e+04 5.160828442435487773e-01
-2.040874680919375533e+04 5.162006446063802656e-01
-2.040207619412292479e+04 5.163185527565604671e-01
-2.039540557905209789e+04 5.164365687947854999e-01
-2.038873496398126736e+04 5.165546928202040533e-01
-2.038206434891044046e+04 5.166729249388622991e-01
-2.037539373383961356e+04 5.167912652488619862e-01
-2.036872311876878302e+04 5.169097138560488913e-01
-2.036205250369795249e+04 5.170282708548380457e-01
-2.035538188862712559e+04 5.171469363535831087e-01
-2.034871127355629505e+04 5.172657104541419359e-01
-2.034204065848546816e+04 5.173845932579708151e-01
-2.033537004341464126e+04 5.175035848655882287e-01
-2.032869942834381072e+04 5.176226853823344687e-01
-2.032202881327298019e+04 5.177418949101192380e-01
-2.031535819820215329e+04 5.178612135534068628e-01
-2.030868758313132275e+04 5.179806414120706748e-01
-2.030201696806049222e+04 5.181001785922619840e-01
-2.029534635298966896e+04 5.182198251976191106e-01
-2.028867573791883842e+04 5.183395813297423382e-01
-2.028200512284800789e+04 5.184594470946053413e-01
-2.027533450777718099e+04 5.185794225933887391e-01
-2.026866389270635045e+04 5.186995079319289825e-01
-2.026199327763551992e+04 5.188197032147615628e-01
-2.025532266256469302e+04 5.189400085458562017e-01
-2.024865204749386612e+04 5.190604240310339179e-01
-2.024198143242303559e+04 5.191809497722663647e-01
-2.023531081735220869e+04 5.193015858767283666e-01
-2.022864020228137815e+04 5.194223324473566938e-01
-2.022196958721054762e+04 5.195431895911062359e-01
-2.021529897213972072e+04 5.196641574115417050e-01
-2.020862835706889382e+04 5.197852360183069509e-01
-2.020195774199806328e+04 5.199064255119395517e-01
-2.019528712692723639e+04 5.200277260011777480e-01
-2.018861651185640585e+04 5.201491375899064407e-01
-2.018194589678557531e+04 5.202706603865261403e-01
-2.017527528171474842e+04 5.203922944958296881e-01
-2.016860466664391788e+04 5.205140400247851851e-01
-2.016193405157309098e+04 5.206358970801011621e-01
-2.015526343650226408e+04 5.207578657672680134e-01
-2.014859282143143355e+04 5.208799461953091958e-01
-2.014192220636060301e+04 5.210021384698004798e-01
-2.013525159128977612e+04 5.211244426984610323e-01
-2.012858097621894558e+04 5.212468589872137903e-01
-2.012191036114811868e+04 5.213693874455430644e-01
-2.011523974607729178e+04 5.214920281799172441e-01
-2.010856913100646125e+04 5.216147812995504118e-01
-2.010189851593563071e+04 5.217376469120221794e-01
-2.009522790086480381e+04 5.218606251243647076e-01
-2.008855728579397328e+04 5.219837160451824554e-01
-2.008188667072314274e+04 5.221069197850759513e-01
-2.007521605565231948e+04 5.222302364500859273e-01
-2.006854544058148895e+04 5.223536661494114774e-01
-2.006187482551065841e+04 5.224772089932721020e-01
-2.005520421043983151e+04 5.226008650894606866e-01
-2.004853359536900098e+04 5.227246345494407365e-01
-2.004186298029817044e+04 5.228485174812067537e-01
-2.003519236522734718e+04 5.229725139920764487e-01
-2.002852175015651665e+04 5.230966241962643482e-01
-2.002185113508568611e+04 5.232208481996263316e-01
-2.001518052001485921e+04 5.233451861178679554e-01
-2.000850990494402868e+04 5.234696380554078043e-01
-2.000183928987319814e+04 5.235942041241795630e-01
-1.999516867480237124e+04 5.237188844363234175e-01
-1.998849805973154434e+04 5.238436791031269024e-01
-1.998182744466071381e+04 5.239685882340118228e-01
-1.997515682958988691e+04 5.240936119393034831e-01
-1.996848621451905638e+04 5.242187503315234309e-01
-1.996181559944822584e+04 5.243440035222527440e-01
-1.995514498437739894e+04 5.244693716230170999e-01
-1.994847436930657204e+04 5.245948547407852658e-01
-1.994180375423574151e+04 5.247204529990481259e-01
-1.993513313916491461e+04 5.248461665006998178e-01
-1.992846252409408407e+04 5.249719953605126443e-01
-1.992179190902325354e+04 5.250979396895176787e-01
-1.991512129395242664e+04 5.252239996034864244e-01
-1.990845067888159974e+04 5.253501752112147427e-01
-1.990178006381076921e+04 5.254764666271125595e-01
-1.989510944873994231e+04 5.256028739666939176e-01
-1.988843883366911177e+04 5.257293973417098698e-01
-1.988176821859828124e+04 5.258560368633008464e-01
-1.987509760352745434e+04 5.259827926476372539e-01
-1.986842698845662380e+04 5.261096648102537854e-01
-1.986175637338579691e+04 5.262366534609109747e-01
-1.985508575831496637e+04 5.263637587156999587e-01
-1.984841514324413947e+04 5.264909806894811917e-01
-1.984174452817330894e+04 5.266183194960116776e-01
-1.983507391310248204e+04 5.267457752516320202e-01
-1.982840329803165150e+04 5.268733480676311975e-01
-1.982173268296082460e+04 5.270010380613718848e-01
-1.981506206788999407e+04 5.271288453492154469e-01
-1.980839145281916717e+04 5.272567700451041839e-01
-1.980172083774833663e+04 5.273848122633955082e-01
-1.979505022267750974e+04 5.275129721213154266e-01
-1.978837960760667920e+04 5.276412497334569407e-01
-1.978170899253584867e+04 5.277696452177429443e-01
-1.977503837746502177e+04 5.278981586905276968e-01
-1.976836776239419487e+04 5.280267902658634105e-01
-1.976169714732336433e+04 5.281555400624466934e-01
-1.975502653225253380e+04 5.282844081928972368e-01
-1.974835591718170690e+04 5.284133947809505072e-01
-1.974168530211087636e+04 5.285424999392167589e-01
-1.973501468704004947e+04 5.286717237857814222e-01
-1.972834407196922257e+04 5.288010664391169513e-01
-1.972167345689839203e+04 5.289305280147430510e-01
-1.971500284182756150e+04 5.290601086319536295e-01
-1.970833222675673460e+04 5.291898084085939757e-01
-1.970166161168590406e+04 5.293196274635840748e-01
-1.969499099661507717e+04 5.294495659135407539e-01
-1.968832038154425027e+04 5.295796238788884613e-01
-1.968164976647341973e+04 5.297098014748033989e-01
-1.967497915140258920e+04 5.298400988254317046e-01
-1.966830853633176230e+04 5.299705160469353471e-01
-1.966163792126093176e+04 5.301010532577848933e-01
-1.965496730619010123e+04 5.302317105783419526e-01
-1.964829669111927797e+04 5.303624881282191783e-01
-1.964162607604844743e+04 5.304933860284286595e-01
-1.963495546097761689e+04 5.306244043968677548e-01
-1.962828484590679000e+04 5.307555433548536428e-01
-1.962161423083595946e+04 5.308868030214308753e-01
-1.961494361576512892e+04 5.310181835186897903e-01
-1.960827300069430203e+04 5.311496849671960563e-01
-1.960160238562347513e+04 5.312813074871189922e-01
-1.959493177055264459e+04 5.314130512009450635e-01
-1.958826115548181770e+04 5.315449162265415417e-01
-1.958159054041098716e+04 5.316769026884858862e-01
-1.957491992534015662e+04 5.318090107077981799e-01
-1.956824931026932973e+04 5.319412404071746092e-01
-1.956157869519850283e+04 5.320735919059595975e-01
-1.955490808012767229e+04 5.322060653269359287e-01
-1.954823746505684539e+04 5.323386607967054429e-01
-1.954156684998601486e+04 5.324713784331301936e-01
-1.953489623491518432e+04 5.326042183608112879e-01
-1.952822561984435742e+04 5.327371806967561296e-01
-1.952155500477352689e+04 5.328702655738712934e-01
-1.951488438970269999e+04 5.330034731132782255e-01
-1.950821377463187309e+04 5.331368034302971237e-01
-1.950154315956104256e+04 5.332702566595383109e-01
-1.949487254449021202e+04 5.334038329181506333e-01
-1.948820192941938512e+04 5.335375323325958208e-01
-1.948153131434855459e+04 5.336713550268442630e-01
-1.947486069927772769e+04 5.338053011235530665e-01
-1.946819008420690079e+04 5.339393707502562147e-01
-1.946151946913607026e+04 5.340735640271856433e-01
-1.945484885406523972e+04 5.342078810843073899e-01
-1.944817823899441282e+04 5.343423220444785127e-01
-1.944150762392358229e+04 5.344768870353503454e-01
-1.943483700885275175e+04 5.346115761777507913e-01
-1.942816639378192849e+04 5.347463896041808606e-01
-1.942149577871109796e+04 5.348813274342987256e-01
-1.941482516364026742e+04 5.350163897960155124e-01
-1.940815454856944052e+04 5.351515768197142586e-01
-1.940148393349860999e+04 5.352868886248395297e-01
-1.939481331842777945e+04 5.354223253441496855e-01
-1.938814270335695619e+04 5.355578871006613229e-01
-1.938147208828612565e+04 5.356935740247512623e-01
-1.937480147321529512e+04 5.358293862425986820e-01
-1.936813085814446822e+04 5.359653238797844610e-01
-1.936146024307363768e+04 5.361013870661691660e-01
-1.935478962800280715e+04 5.362375759301414302e-01
-1.934811901293198025e+04 5.363738905981210170e-01
-1.934144839786115335e+04 5.365103311981191947e-01
-1.933477778279032282e+04 5.366468978595593242e-01
-1.932810716771949592e+04 5.367835907120793726e-01
-1.932143655264866538e+04 5.369204098834673422e-01
-1.931476593757783485e+04 5.370573555026283419e-01
-1.930809532250700795e+04 5.371944276995749279e-01
-1.930142470743618105e+04 5.373316266036509692e-01
-1.929475409236535052e+04 5.374689523436856353e-01
-1.928808347729452362e+04 5.376064050493486457e-01
-1.928141286222369308e+04 5.377439848525864541e-01
-1.927474224715286255e+04 5.378816918830042759e-01
-1.926807163208203565e+04 5.380195262708836745e-01
-1.926140101701120511e+04 5.381574881473962790e-01
-1.925473040194037821e+04 5.382955776411959548e-01
-1.924805978686954768e+04 5.384337948854008848e-01
-1.924138917179872078e+04 5.385721400125695890e-01
-1.923471855672789025e+04 5.387106131520497110e-01
-1.922804794165706335e+04 5.388492144351343383e-01
-1.922137732658623281e+04 5.389879439964260222e-01
-1.921470671151540591e+04 5.391268019658709276e-01
-1.920803609644457538e+04 5.392657884761716813e-01
-1.920136548137374848e+04 5.394049036592251101e-01
-1.919469486630291794e+04 5.395441476483386900e-01
-1.918802425123209105e+04 5.396835205776493449e-01
-1.918135363616126051e+04 5.398230225781669445e-01
-1.917468302109042997e+04 5.399626537848589702e-01
-1.916801240601960308e+04 5.401024143301830227e-01
-1.916134179094877618e+04 5.402423043516899615e-01
-1.915467117587794564e+04 5.403823239759939501e-01
-1.914800056080711511e+04 5.405224733441743590e-01
-1.914132994573628821e+04 5.406627525876285256e-01
-1.913465933066545767e+04 5.408031618406692331e-01
-1.912798871559463078e+04 5.409437012376263620e-01
-1.912131810052380388e+04 5.410843709161511361e-01
-1.911464748545297334e+04 5.412251710101467772e-01
-1.910797687038214281e+04 5.413661016535424864e-01
-1.910130625531131591e+04 5.415071629844501189e-01
-1.909463564024048537e+04 5.416483551360988802e-01
-1.908796502516965847e+04 5.417896782470947858e-01
-1.908129441009883158e+04 5.419311324543764075e-01
-1.907462379502800104e+04 5.420727178896942444e-01
-1.906795317995717051e+04 5.422144346966616402e-01
-1.906128256488634361e+04 5.423562830090875586e-01
-1.905461194981551307e+04 5.424982629648293919e-01
-1.904794133474468254e+04 5.426403747046458781e-01
-1.904127071967385928e+04 5.427826183687208816e-01
-1.903460010460302874e+04 5.429249941166343074e-01
-1.902792948953219820e+04 5.430675023412364633e-01
-1.902125887446137131e+04 5.432101418550721039e-01
-1.901458825939054077e+04 5.433529147015929706e-01
-1.900791764431971023e+04 5.434958200370665349e-01
-1.900124702924888697e+04 5.436388580996678321e-01
-1.899457641417805644e+04 5.437820290383379440e-01
-1.898790579910722590e+04 5.439253330002543629e-01
-1.898123518403639900e+04 5.440687701258462017e-01
-1.897456456896556847e+04 5.442123405510432832e-01
-1.896789395389473793e+04 5.443560444215129746e-01
-1.896122333882391104e+04 5.444998818734974044e-01
-1.895455272375308414e+04 5.446438530524830846e-01
-1.894788210868225360e+04 5.447879580948398193e-01
-1.894121149361142670e+04 5.449321971432753431e-01
-1.893454087854059617e+04 5.450765703385058725e-01
-1.892787026346976563e+04 5.452210778219179765e-01
-1.892119964839893873e+04 5.453657197342223206e-01
-1.891452903332811184e+04 5.455104962182076855e-01
-1.890785841825728130e+04 5.456554074155464118e-01
-1.890118780318645440e+04 5.458004534693458032e-01
-1.889451718811562387e+04 5.459456345205756511e-01
-1.888784657304479333e+04 5.460909507109393823e-01
-1.888117595797396643e+04 5.462364021867764929e-01
-1.887450534290313590e+04 5.463819890879573205e-01
-1.886783472783230900e+04 5.465277115574824762e-01
-1.886116411276148210e+04 5.466735697435285424e-01
-1.885449349769065157e+04 5.468195637830058908e-01
-1.884782288261982103e+04 5.469656938252723810e-01
-1.884115226754899413e+04 5.471119600118344861e-01
-1.883448165247816360e+04 5.472583624872788821e-01
-1.882781103740733670e+04 5.474049013974476852e-01
-1.882114042233650980e+04 5.475515768869528843e-01
-1.881446980726567926e+04 5.476983891021831585e-01
-1.880779919219484873e+04 5.478453381828793933e-01
-1.880112857712402183e+04 5.479924242811812229e-01
-1.879445796205319130e+04 5.481396475390415413e-01
-1.878778734698236076e+04 5.482870081028196063e-01
-1.878111673191153750e+04 5.484345061216583384e-01
-1.877444611684070696e+04 5.485821417382460430e-01
-1.876777550176987643e+04 5.487299151022907440e-01
-1.876110488669904953e+04 5.488778263567533067e-01
-1.875443427162821899e+04 5.490258756536194884e-01
-1.874776365655738846e+04 5.491740631375900961e-01
-1.874109304148656520e+04 5.493223889563861873e-01
-1.873442242641573466e+04 5.494708532585472760e-01
-1.872775181134490413e+04 5.496194561928026134e-01
-1.872108119627407723e+04 5.497681979059755308e-01
-1.871441058120324669e+04 5.499170785473868062e-01
-1.870773996613241616e+04 5.500660982664334897e-01
-1.870106935106158926e+04 5.502152572104066497e-01
-1.869439873599076236e+04 5.503645555302145720e-01
-1.868772812091993183e+04 5.505139933746726610e-01
-1.868105750584910493e+04 5.506635708935553319e-01
-1.867438689077827439e+04 5.508132882379800366e-01
-1.866771627570744386e+04 5.509631455558965385e-01
-1.866104566063661696e+04 5.511131430008047172e-01
-1.865437504556579006e+04 5.512632807212445307e-01
-1.864770443049495952e+04 5.514135588709251357e-01
-1.864103381542413263e+04 5.515639775964399361e-01
-1.863436320035330209e+04 5.517145370580337493e-01
-1.862769258528247155e+04 5.518652374021545404e-01
-1.862102197021164466e+04 5.520160787902165245e-01
-1.861435135514081412e+04 5.521670613982346820e-01
-1.860768074006998722e+04 5.523181860343168159e-01
-1.860101012499915669e+04 5.524694503778807553e-01
-1.859433950992832979e+04 5.526208574916536831e-01
-1.858766889485749925e+04 5.527724063393630871e-01
-1.858099827978667236e+04 5.529240971225597434e-01
-1.857432766471584182e+04 5.530759300001459877e-01
-1.856765704964501492e+04 5.532279051379586088e-01
-1.856098643457418439e+04 5.533800226817734425e-01
-1.855431581950335749e+04 5.535322827911561827e-01
-1.854764520443252695e+04 5.536846856203720968e-01
-1.854097458936170005e+04 5.538372313224333432e-01
-1.853430397429086952e+04 5.539899200553161096e-01
-1.852763335922003898e+04 5.541427519727089024e-01
-1.852096274414921209e+04 5.542957272329314122e-01
-1.851429212907838519e+04 5.544488459897519705e-01
-1.850762151400755465e+04 5.546021083990176903e-01
-1.850095089893672412e+04 5.547555146160261241e-01
-1.849428028386589722e+04 5.549090648007775073e-01
-1.848760966879506668e+04 5.550627591071606304e-01
-1.848093905372423978e+04 5.552165976943166381e-01
-1.847426843865341289e+04 5.553705807184089460e-01
-1.846759782358258235e+04 5.555247083373033856e-01
-1.846092720851175181e+04 5.556789807081267130e-01
-1.845425659344092492e+04 5.558333979921005197e-01
-1.844758597837009438e+04 5.559879603433878215e-01
-1.844091536329926748e+04 5.561426679227226000e-01
-1.843424474822844059e+04 5.562975208886054013e-01
-1.842757413315761005e+04 5.564525194002821751e-01
-1.842090351808677951e+04 5.566076636171222169e-01
-1.841423290301595262e+04 5.567629536980387428e-01
-1.840756228794512208e+04 5.569183898066396576e-01
-1.840089167287429154e+04 5.570739720976382037e-01
-1.839422105780346828e+04 5.572297007341713293e-01
-1.838755044273263775e+04 5.573855758769564739e-01
-1.838087982766180721e+04 5.575415976863996592e-01
-1.837420921259098031e+04 5.576977663239919281e-01
-1.836753859752014978e+04 5.578540819526524031e-01
-1.836086798244931924e+04 5.580105447302762256e-01
-1.835419736737849234e+04 5.581671548238347214e-01
-1.834752675230766545e+04 5.583239123899023104e-01
-1.834085613723683491e+04 5.584808175967167498e-01
-1.833418552216600801e+04 5.586378706015679985e-01
-1.832751490709517748e+04 5.587950715713111416e-01
-1.832084429202434694e+04 5.589524206697139563e-01
-1.831417367695352004e+04 5.591099180573702032e-01
-1.830750306188269315e+04 5.592675638997672838e-01
-1.830083244681186261e+04 5.594253583613717495e-01
-1.829416183174103571e+04 5.595833016038612717e-01
-1.828749121667020518e+04 5.597413937973615417e-01
-1.828082060159937464e+04 5.598996351013794115e-01
-1.827414998652854774e+04 5.600580256806012569e-01
-1.826747937145771721e+04 5.602165657061436432e-01
-1.826080875638689031e+04 5.603752553387294499e-01
-1.825413814131606341e+04 5.605340947464643175e-01
-1.824746752624523288e+04 5.606930840956910744e-01
-1.824079691117440234e+04 5.608522235513441201e-01
-1.823412629610357544e+04 5.610115132838210394e-01
-1.822745568103274491e+04 5.611709534538948940e-01
-1.822078506596191801e+04 5.613305442344208585e-01
-1.821411445089109111e+04 5.614902857884700449e-01
-1.820744383582026057e+04 5.616501782886286209e-01
-1.820077322074943004e+04 5.618102218978471285e-01
-1.819410260567860314e+04 5.619704167842120013e-01
-1.818743199060777260e+04 5.621307635430379257e-01
-1.818076137553694207e+04 5.622912611135446603e-01
-1.817409076046611881e+04 5.624519108539884904e-01
-1.816742014539528827e+04 5.626127125569788667e-01
-1.816074953032445774e+04 5.627736663869743472e-01
-1.815407891525363084e+04 5.629347725145664727e-01
-1.814740830018280030e+04 5.630960311074861835e-01
-1.814073768511196977e+04 5.632574423411634834e-01
-1.813406707004114651e+04 5.634190063822541727e-01
-1.812739645497031597e+04 5.635807234045638880e-01
-1.812072583989948544e+04 5.637425935750284278e-01
-1.811405522482865854e+04 5.639046170702121108e-01
-1.810738460975782800e+04 5.640667940601750141e-01
-1.810071399468699747e+04 5.642291247050248426e-01
-1.809404337961617421e+04 5.643916092204428470e-01
-1.808737276454534367e+04 5.645542477296766615e-01
-1.808070214947451313e+04 5.647170404246544262e-01
-1.807403153440368624e+04 5.648799874787686637e-01
-1.806736091933285570e+04 5.650430890686145569e-01
-1.806069030426202517e+04 5.652063453653705105e-01
-1.805401968919119827e+04 5.653697565422763915e-01
-1.804734907412037137e+04 5.655333227745987790e-01
-1.804067845904954083e+04 5.656970442404395394e-01
-1.803400784397871394e+04 5.658609211095628755e-01
-1.802733722890788340e+04 5.660249535614835237e-01
-1.802066661383705286e+04 5.661891417704936202e-01
-1.801399599876622597e+04 5.663534859116822195e-01
-1.800732538369539907e+04 5.665179861632733127e-01
-1.800065476862456853e+04 5.666826427007760625e-01
-1.799398415355374163e+04 5.668474557000380276e-01
-1.798731353848291110e+04 5.670124253426142014e-01
-1.798064292341208056e+04 5.671775517997310612e-01
-1.797397230834125367e+04 5.673428352538771868e-01
-1.796730169327042313e+04 5.675082758816939466e-01
-1.796063107819959623e+04 5.676738738593966049e-01
-1.795396046312876570e+04 5.678396293707669296e-01
-1.794728984805793880e+04 5.680055425889962706e-01
-1.794061923298710826e+04 5.681716136958774310e-01
-1.793394861791628136e+04 5.683378428716396868e-01
-1.792727800284545083e+04 5.685042302960339189e-01
-1.792060738777462393e+04 5.686707761485376711e-01
-1.791393677270379339e+04 5.688374806093423608e-01
-1.790726615763296650e+04 5.690043438593851421e-01
-1.790059554256213596e+04 5.691713660801177577e-01
-1.789392492749130906e+04 5.693385474524146339e-01
-1.788725431242047853e+04 5.695058881570719267e-01
-1.788058369734964799e+04 5.696733883782147956e-01
-1.787391308227882109e+04 5.698410482967823931e-01
-1.786724246720799420e+04 5.700088680956378884e-01
-1.786057185213716366e+04 5.701768479558835256e-01
-1.785390123706633312e+04 5.703449880629130053e-01
-1.784723062199550623e+04 5.705132885995222169e-01
-1.784056000692467569e+04 5.706817497496543545e-01
-1.783388939185384879e+04 5.708503716971513597e-01
-1.782721877678302189e+04 5.710191546261794704e-01
-1.782054816171219136e+04 5.711880987213699967e-01
-1.781387754664136082e+04 5.713572041680451408e-01
-1.780720693157053392e+04 5.715264711507433981e-01
-1.780053631649970339e+04 5.716958998570758066e-01
-1.779386570142887285e+04 5.718654904685454010e-01
-1.778719508635804959e+04 5.720352431764753609e-01
-1.778052447128721906e+04 5.722051581641317552e-01
-1.777385385621638852e+04 5.723752356152080889e-01
-1.776718324114556162e+04 5.725454757636253555e-01
-1.776051262607473109e+04 5.727158786939534618e-01
-1.775384201100390055e+04 5.728864446759340812e-01
-1.774717139593307729e+04 5.730571738758377665e-01
-1.774050078086224676e+04 5.732280664855687879e-01
-1.773383016579141622e+04 5.733991226886890891e-01
-1.772715955072058932e+04 5.735703426763004709e-01
-1.772048893564975879e+04 5.737417266380243630e-01
-1.771381832057892825e+04 5.739132747653948874e-01
-1.770714770550810135e+04 5.740849872433938517e-01
-1.770047709043727446e+04 5.742568642661050049e-01
-1.769380647536644392e+04 5.744289060255761692e-01
-1.768713586029561702e+04 5.746011127158412446e-01
-1.768046524522478649e+04 5.747734894599065836e-01
-1.767379463015395595e+04 5.749460215856797562e-01
-1.766712401508312905e+04 5.751187242008831690e-01
-1.766045340001230215e+04 5.752915925028784239e-01
-1.765378278494147162e+04 5.754646266858234327e-01
-1.764711216987064472e+04 5.756378269491316813e-01
-1.764044155479981418e+04 5.758111934820084876e-01
-1.763377093972898365e+04 5.759847264795024957e-01
-1.762710032465815675e+04 5.761584261325219947e-01
-1.762042970958732622e+04 5.763322926378116051e-01
-1.761375909451649932e+04 5.765063261928352611e-01
-1.760708847944567242e+04 5.766805269876594808e-01
-1.760041786437484188e+04 5.768548952206052904e-01
-1.759374724930401135e+04 5.770294310849007902e-01
-1.758707663423318445e+04 5.772041347795561217e-01
-1.758040601916235391e+04 5.773790064968468139e-01
-1.757373540409152702e+04 5.775540464334733004e-01
-1.756706478902070012e+04 5.777292547913877030e-01
-1.756039417394986958e+04 5.779046317626982399e-01
-1.755372355887903905e+04 5.780801775447871327e-01
-1.754705294380821215e+04 5.782558923368864567e-01
-1.754038232873738161e+04 5.784317763403951096e-01
-1.753371171366655108e+04 5.786078297499935852e-01
-1.752704109859572782e+04 5.787840527634607879e-01
-1.752037048352489728e+04 5.789604455821532047e-01
-1.751369986845406675e+04 5.791370084063008905e-01
-1.750702925338323985e+04 5.793137414309238453e-01
-1.750035863831240931e+04 5.794906448624627116e-01
-1.749368802324157878e+04 5.796677189008118125e-01
-1.748701740817075552e+04 5.798449637412188551e-01
-1.748034679309992498e+04 5.800223795896010115e-01
-1.747367617802909444e+04 5.801999666476719275e-01
-1.746700556295826755e+04 5.803777251131335690e-01
-1.746033494788743701e+04 5.805556551940493915e-01
-1.745366433281660647e+04 5.807337570873581933e-01
-1.744699371774577958e+04 5.809120310002421350e-01
-1.744032310267495268e+04 5.810904771334625130e-01
-1.743365248760412214e+04 5.812690956926817032e-01
-1.742698187253329525e+04 5.814478868805376122e-01
-1.742031125746246471e+04 5.816268508983308827e-01
-1.741364064239163417e+04 5.818059879563405312e-01
-1.740697002732080728e+04 5.819852982551135812e-01
-1.740029941224998038e+04 5.821647820032951337e-01
-1.739362879717914984e+04 5.823444394034436034e-01
-1.738695818210832294e+04 5.825242706640069157e-01
-1.738028756703749241e+04 5.827042759906067015e-01
-1.737361695196666187e+04 5.828844555884726830e-01
-1.736694633689583497e+04 5.830648096663174629e-01
-1.736027572182500444e+04 5.832453384329213675e-01
-1.735360510675417754e+04 5.834260420987577023e-01
-1.734693449168334701e+04 5.836069208344563108e-01
-1.734026387661252011e+04 5.837879749149840203e-01
-1.733359326154168957e+04 5.839692045059795555e-01
-1.732692264647086267e+04 5.841506098245333733e-01
-1.732025203140003214e+04 5.843321910761883897e-01
-1.731358141632920524e+04 5.845139484732718715e-01
-1.730691080125837470e+04 5.846958822198121686e-01
-1.730024018618754781e+04 5.848779925268423607e-01
-1.729356957111671727e+04 5.850602795929014110e-01
-1.728689895604589037e+04 5.852427436163953889e-01
-1.728022834097505984e+04 5.854253847646746500e-01
-1.727355772590422930e+04 5.856082031275812172e-01
-1.726688711083340240e+04 5.857911981439902771e-01
-1.726021649576257551e+04 5.859743850789734809e-01
-1.725354588069174497e+04 5.861577287854025098e-01
-1.724687526562091443e+04 5.863412585780667374e-01
-1.724020465055008754e+04 5.865249673299038902e-01
-1.723353403547925700e+04 5.867088549134915620e-01
-1.722686342040843010e+04 5.868929214675168149e-01
-1.722019280533760320e+04 5.870771671785369739e-01
-1.721352219026677267e+04 5.872615922489133888e-01
-1.720685157519594213e+04 5.874461968886337537e-01
-1.720018096012511523e+04 5.876309813136494364e-01
-1.719351034505428470e+04 5.878159457344913630e-01
-1.718683972998345780e+04 5.880010903670527256e-01
-1.718016911491263090e+04 5.881864154270681766e-01
-1.717349849984180037e+04 5.883719211334575983e-01
-1.716682788477096983e+04 5.885576077038000564e-01
-1.716015726970014293e+04 5.887434753559327438e-01
-1.715348665462931240e+04 5.889295243068413122e-01
-1.714681603955848186e+04 5.891157547786796123e-01
-1.714014542448765860e+04 5.893021669883605762e-01
-1.713347480941682807e+04 5.894887611552317441e-01
-1.712680419434599753e+04 5.896755375007605160e-01
-1.712013357927517063e+04 5.898624962478119516e-01
-1.711346296420434010e+04 5.900496376134276577e-01
-1.710679234913350956e+04 5.902369618224518888e-01
-1.710012173406268630e+04 5.904244690952392682e-01
-1.709345111899185576e+04 5.906121596518292272e-01
-1.708678050392102523e+04 5.908000337179938333e-01
-1.708010988885019833e+04 5.909880915169546389e-01
-1.707343927377936780e+04 5.911763332699064843e-01
-1.706676865870853726e+04 5.913647592007839071e-01
-1.706009804363771036e+04 5.915533695357487742e-01
-1.705342742856688346e+04 5.917421644977171047e-01
-1.704675681349605293e+04 5.919311443136285877e-01
-1.704008619842522603e+04 5.921203092068082485e-01
-1.703341558335439549e+04 5.923096594039153340e-01
-1.702674496828356496e+04 5.924991951304995341e-01
-1.702007435321273806e+04 5.926889166145499210e-01
-1.701340373814191116e+04 5.928788240816205146e-01
-1.700673312307108063e+04 5.930689177608186036e-01
-1.700006250800025373e+04 5.932591978785434206e-01
-1.699339189292942319e+04 5.934496646648986795e-01
-1.698672127785859266e+04 5.936403183451929300e-01
-1.698005066278776576e+04 5.938311591502845044e-01
-1.697338004771693522e+04 5.940221873113276096e-01
-1.696670943264610833e+04 5.942134030546478707e-01
-1.696003881757528143e+04 5.944048066160020349e-01
-1.695336820250445089e+04 5.945963982199995446e-01
-1.694669758743362036e+04 5.947881781029327186e-01
-1.694002697236279346e+04 5.949801464942979790e-01
-1.693335635729196292e+04 5.951723036278896428e-01
-1.692668574222113602e+04 5.953646497293220152e-01
-1.692001512715030913e+04 5.955571850438993176e-01
-1.691334451207947859e+04 5.957499097995258008e-01
-1.690667389700864805e+04 5.959428242332122094e-01
-1.690000328193782116e+04 5.961359285811137498e-01
-1.689333266686699062e+04 5.963292230804475569e-01
-1.688666205179616009e+04 5.965227079763113505e-01
-1.687999143672533683e+04 5.967163835137193617e-01
-1.687332082165450629e+04 5.969102499519899352e-01
-1.686665020658367575e+04 5.971043075713982073e-01
-1.685997959151284886e+04 5.972985567354248682e-01
-1.685330897644201832e+04 5.974929981014547309e-01
-1.684663836137118778e+04 5.976876351165059109e-01
-1.683996774630036452e+04 5.978824384437465556e-01
-1.683329713122953399e+04 5.980774637515401393e-01
-1.682662651615870345e+04 5.982726740049116865e-01
-1.681995590108787655e+04 5.984680761265033233e-01
-1.681328528601704602e+04 5.986636709515131827e-01
-1.680661467094621548e+04 5.988594588719458045e-01
-1.679994405587538859e+04 5.990554401914287563e-01
-1.679327344080456169e+04 5.992516151721716255e-01
-1.678660282573373115e+04 5.994479840689599381e-01
-1.677993221066290425e+04 5.996445471316441678e-01
-1.677326159559207372e+04 5.998413046093185041e-01
-1.676659098052124318e+04 6.000382567442310577e-01
-1.675992036545041628e+04 6.002354037830411881e-01
-1.675324975037958939e+04 6.004327459689944302e-01
-1.674657913530875885e+04 6.006302835474410795e-01
-1.673990852023793195e+04 6.008280167640608349e-01
-1.673323790516710142e+04 6.010259458632888352e-01
-1.672656729009627088e+04 6.012240710895059292e-01
-1.671989667502544398e+04 6.014223926881545612e-01
-1.671322605995461345e+04 6.016209109074238670e-01
-1.670655544488378655e+04 6.018196259925789882e-01
-1.669988482981295601e+04 6.020185381880616138e-01
-1.669321421474212912e+04 6.022176477450748022e-01
-1.668654359967129858e+04 6.024169549088472797e-01
-1.667987298460047168e+04 6.026164599267772592e-01
-1.667320236952964115e+04 6.028161630509626390e-01
-1.666653175445881425e+04 6.030160645220572491e-01
-1.665986113938798371e+04 6.032161646032336844e-01
-1.665319052431715681e+04 6.034164635315025782e-01
-1.664651990924632628e+04 6.036169615627900997e-01
-1.663984929417549938e+04 6.038176589461103916e-01
-1.663317867910466884e+04 6.040185559340756072e-01
-1.662650806403383831e+04 6.042196527749026380e-01
-1.661983744896301141e+04 6.044209497242908347e-01
-1.661316683389218451e+04 6.046224470327197231e-01
-1.660649621882135398e+04 6.048241449546114534e-01
-1.659982560375052344e+04 6.050260437417352977e-01
-1.659315498867969654e+04 6.052281436485478228e-01
-1.658648437360886601e+04 6.054304449312477576e-01
-1.657981375853803911e+04 6.056329478402050492e-01
-1.657314314346721221e+04 6.058356526351138527e-01
-1.656647252839638168e+04 6.060385595667885372e-01
-1.655980191332555114e+04 6.062416688963041533e-01
-1.655313129825472424e+04 6.064449808786444018e-01
-1.654646068318389371e+04 6.066484957693106805e-01
-1.653979006811306681e+04 6.068522138292585799e-01
-1.653311945304223991e+04 6.070561353114392045e-01
-1.652644883797140938e+04 6.072602604798807979e-01
-1.651977822290057884e+04 6.074645895919479344e-01
-1.651310760782975194e+04 6.076691229064976607e-01
-1.650643699275892141e+04 6.078738606859752647e-01
-1.649976637768809087e+04 6.080788031888387790e-01
-1.649309576261726761e+04 6.082839506821223763e-01
-1.648642514754643707e+04 6.084893034250351551e-01
-1.647975453247560654e+04 6.086948616829425118e-01
-1.647308391740477964e+04 6.089006257258686716e-01
-1.646641330233394910e+04 6.091065958198653707e-01
-1.645974268726311857e+04 6.093127722452312822e-01
-1.645307207219229167e+04 6.095191552913201694e-01
-1.644640145712146477e+04 6.097257452807209877e-01
-1.643973084205063424e+04 6.099325426312011134e-01
-1.643306022697980734e+04 6.101395481985577574e-01
-1.642638961190897680e+04 6.103467686050223495e-01
-1.641971899683814627e+04 6.105541673326069230e-01
-1.641304838176731937e+04 6.107618004456983885e-01
-1.640637776669649247e+04 6.109696378111588722e-01
-1.639970715162566194e+04 6.111776831721110748e-01
-1.639303653655483504e+04 6.113859372435762607e-01
-1.638636592148400450e+04 6.115944004234122877e-01
-1.637969530641317579e+04 6.118030730272904227e-01
-1.637302469134234525e+04 6.120119553527723077e-01
-1.636635407627151653e+04 6.122210476790456157e-01
-1.635968346120069145e+04 6.124303502837121771e-01
-1.635301284612986092e+04 6.126398634448458891e-01
-1.634634223105903220e+04 6.128495874428659951e-01
-1.633967161598820348e+04 6.130595225725419262e-01
-1.633300100091737295e+04 6.132696688373329152e-01
-1.632633038584654423e+04 6.134800270451649107e-01
-1.631965977077571733e+04 6.136905970965977897e-01
-1.631298915570488862e+04 6.139013793377509076e-01
-1.630631854063405990e+04 6.141123740498725114e-01
-1.629964792556323118e+04 6.143235815093630592e-01
-1.629297731049240065e+04 6.145350019917019679e-01
-1.628630669542157193e+04 6.147466357736122156e-01
-1.627963608035074503e+04 6.149584831314968136e-01
-1.627296546527991632e+04 6.151705443424976272e-01
-1.626629485020908760e+04 6.153828196843552645e-01
-1.625962423513825888e+04 6.155953094360856470e-01
-1.625295362006742835e+04 6.158080138737166420e-01
-1.624628300499659963e+04 6.160209332761200640e-01
-1.623961238992577091e+04 6.162340679267234167e-01
-1.623294177485494401e+04 6.164474181012707943e-01
-1.622627115978411530e+04 6.166609840815732158e-01
-1.621960054471328476e+04 6.168747661497299140e-01
-1.621292992964245605e+04 6.170887645861049542e-01
-1.620625931457162733e+04 6.173029796722228069e-01
-1.619958869950079861e+04 6.175174116929558199e-01
-1.619291808442997171e+04 6.177320609268226459e-01
-1.618624746935914300e+04 6.179469276607281181e-01
-1.617957685428831246e+04 6.181620121799078493e-01
-1.617290623921748374e+04 6.183773147662360303e-01
-1.616623562414665503e+04 6.185928357074699235e-01
-1.615956500907582631e+04 6.188085752859470157e-01
-1.615289439400499577e+04 6.190245337901543188e-01
-1.614622377893417070e+04 6.192407115034301857e-01
-1.613955316386334016e+04 6.194571087196651948e-01
-1.613288254879251144e+04 6.196737257222714179e-01
-1.612621193372168273e+04 6.198905627985438205e-01
-1.611954131865085219e+04 6.201076202366438972e-01
-1.611287070358002347e+04 6.203248983317478649e-01
-1.610620008850919839e+04 6.205423973682892003e-01
-1.609952947343836786e+04 6.207601176396072562e-01
-1.609285885836753914e+04 6.209780594347307225e-01
-1.608618824329671043e+04 6.211962230465827295e-01
-1.607951762822587989e+04 6.214146087688363629e-01
-1.607284701315505117e+04 6.216332168905788214e-01
-1.606617639808422246e+04 6.218520477101686650e-01
-1.605950578301339556e+04 6.220711015158501000e-01
-1.605283516794256684e+04 6.222903786091582568e-01
-1.604616455287173812e+04 6.225098792824174110e-01
-1.603949393780090759e+04 6.227296038360126129e-01
-1.603282332273007887e+04 6.229495525681256751e-01
-1.602615270765925015e+04 6.231697257893265007e-01
-1.601948209258842326e+04 6.233901238329513372e-01
-1.601281147751759454e+04 6.236107471394263246e-01
-1.600614086244676582e+04 6.238315989142206863e-01
-1.599947024737593529e+04 6.240526675914416233e-01
-1.599279963230510657e+04 6.242739681655669060e-01
-1.598612901723427785e+04 6.244954945402892976e-01
-1.597945840216344732e+04 6.247172473735189691e-01
-1.597278778709262224e+04 6.249392270277647210e-01
-1.596611717202179170e+04 6.251614338215063515e-01
-1.595944655695096299e+04 6.253838680638068581e-01
-1.595277594188013427e+04 6.256065300645281546e-01
-1.594610532680930555e+04 6.258294201265457435e-01
-1.593943471173847502e+04 6.260525385544591925e-01
-1.593276409666764994e+04 6.262758856588310774e-01
-1.592609348159681940e+04 6.264994617539881849e-01
-1.591942286652599068e+04 6.267232672461048315e-01
-1.591275225145516197e+04 6.269473018124861463e-01
-1.590608163638433325e+04 6.271715667503262592e-01
-1.589941102131350272e+04 6.273960618099598818e-01
-1.589274040624267400e+04 6.276207873630675893e-01
-1.588606979117184710e+04 6.278457437315670964e-01
-1.587939917610101838e+04 6.280709312235921438e-01
-1.587272856103018967e+04 6.282963501521567906e-01
-1.586605794595935913e+04 6.285220008250840262e-01
-1.585938733088853041e+04 6.287478835552872125e-01
-1.585271671581770170e+04 6.289739986543131378e-01
-1.584604610074687480e+04 6.292003464335527152e-01
-1.583937548567604608e+04 6.294269272046321140e-01
-1.583270487060521737e+04 6.296537412817829749e-01
-1.582603425553438683e+04 6.298807889786234293e-01
-1.581936364046355811e+04 6.301080706082943239e-01
-1.581269302539272940e+04 6.303355864857712598e-01
-1.580602241032190068e+04 6.305633369275931432e-01
-1.579935179525107378e+04 6.307913222480656668e-01
-1.579268118018024506e+04 6.310195427641719368e-01
-1.578601056510941453e+04 6.312479987967144490e-01
-1.577933995003858581e+04 6.314766906587253592e-01
-1.577266933496775710e+04 6.317056186713299049e-01
-1.576599871989692656e+04 6.319347831526922477e-01
-1.575932810482610148e+04 6.321641844207278593e-01
-1.575265748975527276e+04 6.323938227963077363e-01
-1.574598687468444223e+04 6.326236986042212962e-01
-1.573931625961361351e+04 6.328538121701047237e-01
-1.573264564454278479e+04 6.330841637890929352e-01
-1.572597502947195426e+04 6.333147538127470444e-01
-1.571930441440112554e+04 6.335455825569933364e-01
-1.571263379933030046e+04 6.337766503423858389e-01
-1.570596318425946993e+04 6.340079574951134056e-01
-1.569929256918864121e+04 6.342395043396769072e-01
-1.569262195411781249e+04 6.344712912019603301e-01
-1.568595133904698196e+04 6.347033184093374691e-01
-1.567928072397615324e+04 6.349355862871839395e-01
-1.567261010890532634e+04 6.351680951639332440e-01
-1.566593949383449763e+04 6.354008453668057443e-01
-1.565926887876366891e+04 6.356338372253949043e-01
-1.565259826369284019e+04 6.358670710702050144e-01
-1.564592764862200966e+04 6.361005472301310970e-01
-1.563925703355118094e+04 6.363342660372023341e-01
-1.563258641848035222e+04 6.365682278216145962e-01
-1.562591580340952532e+04 6.368024329131524164e-01
-1.561924518833869661e+04 6.370368816495733943e-01
-1.561257457326786789e+04 6.372715743625283480e-01
-1.560590395819703735e+04 6.375065113831541730e-01
-1.559923334312620864e+04 6.377416930486698998e-01
-1.559256272805537992e+04 6.379771196964377777e-01
-1.558589211298455302e+04 6.382127920880480421e-01
-1.557922149791372431e+04 6.384487092524764318e-01
-1.557255088284289377e+04 6.386848728568231826e-01
-1.556588026777206505e+04 6.389212827850735410e-01
-1.555920965270123634e+04 6.391579393771785744e-01
-1.555253903763040762e+04 6.393948429739475525e-01
-1.554586842255957708e+04 6.396319939132243393e-01
-1.553919780748875201e+04 6.398693925404546068e-01
-1.553252719241792147e+04 6.401070391900106626e-01
-1.552585657734709275e+04 6.403449342077246476e-01
-1.551918596227626404e+04 6.405830779370939032e-01
-1.551251534720543532e+04 6.408214707160810875e-01
-1.550584473213460478e+04 6.410601128954005468e-01
-1.549917411706377970e+04 6.412990048245647001e-01
-1.549250350199294917e+04 6.415381468109426777e-01
-1.548583288692212045e+04 6.417775392481025465e-01
-1.547916227185129173e+04 6.420171824643376990e-01
-1.547249165678046120e+04 6.422570768051987233e-01
-1.546582104170963248e+04 6.424972226182642521e-01
-1.545915042663880376e+04 6.427376202519643478e-01
-1.545247981156797687e+04 6.429782700572452825e-01
-1.544580919649714815e+04 6.432191723823514895e-01
-1.543913858142631943e+04 6.434603275789823051e-01
-1.543246796635548890e+04 6.437017359966561436e-01
-1.542579735128466018e+04 6.439433979898018245e-01
-1.541912673621383146e+04 6.441853139095106151e-01
-1.541245612114300457e+04 6.444274841063364345e-01
-1.540578550607217585e+04 6.446699089398618687e-01
-1.539911489100134713e+04 6.449125887589739481e-01
-1.539244427593051660e+04 6.451555239219288751e-01
-1.538577366085968788e+04 6.453987147855232420e-01
-1.537910304578885916e+04 6.456421617046630423e-01
-1.537243243071803226e+04 6.458858650374444954e-01
-1.536576181564720355e+04 6.461298251429549167e-01
-1.535909120057637483e+04 6.463740423774781974e-01
-1.535242058550554430e+04 6.466185171035406798e-01
-1.534574997043471558e+04 6.468632496779134211e-01
-1.533907935536388686e+04 6.471082404673195176e-01
-1.533240874029305633e+04 6.473534898310520092e-01
-1.532573812522223125e+04 6.475989981490472003e-01
-1.531906751015140071e+04 6.478447653884127355e-01
-1.531239689508057199e+04 6.480907929031521908e-01
-1.530572628000974328e+04 6.483370801977204056e-01
-1.529905566493891456e+04 6.485836278718573045e-01
-1.529238504986808402e+04 6.488304362987685758e-01
-1.528571443479725895e+04 6.490775058485088733e-01
-1.527904381972642841e+04 6.493248368889218414e-01
-1.527237320465559969e+04 6.495724297885291376e-01
-1.526570258958477098e+04 6.498202849131233805e-01
-1.525903197451394226e+04 6.500684026355605383e-01
-1.525236135944311172e+04 6.503167833260208308e-01
-1.524569074437228301e+04 6.505654273546495059e-01
-1.523902012930145611e+04 6.508143350927174664e-01
-1.523234951423062739e+04 6.510635069129476760e-01
-1.522567889915979868e+04 6.513129431884367992e-01
-1.521900828408896814e+04 6.515626442937905161e-01
-1.521233766901813942e+04 6.518126106015984522e-01
-1.520566705394731071e+04 6.520628424914014509e-01
-1.519899643887648381e+04 6.523133403369358874e-01
-1.519232582380565509e+04 6.525641045108155902e-01
-1.518565520873482637e+04 6.528151353950596425e-01
-1.517898459366399584e+04 6.530664333655893383e-01
-1.517231397859316712e+04 6.533179988027913998e-01
-1.516564336352233840e+04 6.535698320906203618e-01
-1.515897274845150969e+04 6.538219335419303002e-01
-1.515230213338068279e+04 6.540743038901803974e-01
-1.514563151830985407e+04 6.543269429190591291e-01
-1.513896090323902354e+04 6.545798513980329858e-01
-1.513229028816819482e+04 6.548330296442382847e-01
-1.512561967309736610e+04 6.550864780343238492e-01
-1.511894905802653557e+04 6.553401969542242966e-01
-1.511227844295571049e+04 6.555941867877500551e-01
-1.510560782788488177e+04 6.558484479229949038e-01
-1.509893721281405124e+04 6.561029807453375717e-01
-1.509226659774322252e+04 6.563577856441329406e-01
-1.508559598267239380e+04 6.566128630085648066e-01
-1.507892536760156327e+04 6.568682131905043686e-01
-1.507225475253073455e+04 6.571238366969617273e-01
-1.506558413745990765e+04 6.573797337983836586e-01
-1.505891352238907893e+04 6.576359049303063253e-01
-1.505224290731825022e+04 6.578923504818784407e-01
-1.504557229224742150e+04 6.581490708512718335e-01
-1.503890167717659097e+04 6.584060664309706601e-01
-1.503223106210576225e+04 6.586633376182157162e-01
-1.502556044703493535e+04 6.589208848043649480e-01
-1.501888983196410663e+04 6.591787083914518730e-01
-1.501221921689327792e+04 6.594368087727031646e-01
-1.500554860182244920e+04 6.596951863507014568e-01
-1.499887798675161866e+04 6.599538415214205589e-01
-1.499220737168078995e+04 6.602127746863855062e-01
-1.498553675660996123e+04 6.604719862512876682e-01
-1.497886614153913433e+04 6.607314766073074663e-01
-1.497219552646830562e+04 6.609912461667925010e-01
-1.496552491139747508e+04 6.612512953258924409e-01
-1.495885429632664636e+04 6.615116244919418964e-01
-1.495218368125581765e+04 6.617722340720744167e-01
-1.494551306618498893e+04 6.620331244669799275e-01
-1.493884245111416203e+04 6.622942960869113715e-01
-1.493217183604333331e+04 6.625557493372481455e-01
-1.492550122097250278e+04 6.628174846254466512e-01
-1.491883060590167406e+04 6.630795023561161239e-01
-1.491215999083084535e+04 6.633418029309258168e-01
-1.490548937576001663e+04 6.636043866854404172e-01
-1.489881876068918609e+04 6.638672548250852401e-01
-1.489214814561836101e+04 6.641304061831241334e-01
-1.488547753054753048e+04 6.643938422973525437e-01
-1.487880691547670176e+04 6.646575633597792132e-01
-1.487213630040587304e+04 6.649215697634446309e-01
-1.486546568533504251e+04 6.651858619254035210e-01
-1.485879507026421379e+04 6.654504402550479591e-01
-1.485212445519338871e+04 6.657153051740437588e-01
-1.484545384012255818e+04 6.659804570958249847e-01
-1.483878322505172946e+04 6.662458964425784780e-01
-1.483211260998090074e+04 6.665116236356978252e-01
-1.482544199491007021e+04 6.667776390900825856e-01
-1.481877137983924149e+04 6.670439432326886742e-01
-1.481210076476841277e+04 6.673105364807526696e-01
-1.480543014969758588e+04 6.675774192681757091e-01
-1.479875953462675716e+04 6.678445920103774913e-01
-1.479208891955592844e+04 6.681120551328111334e-01
-1.478541830448509791e+04 6.683798090640767908e-01
-1.477874768941426919e+04 6.686478542330541730e-01
-1.477207707434344047e+04 6.689161910615749607e-01
-1.476540645927261357e+04 6.691848199869298019e-01
-1.475873584420178486e+04 6.694537414363505023e-01
-1.475206522913095614e+04 6.697229558435726648e-01
-1.474539461406012560e+04 6.699924636586097604e-01
-1.473872399898929689e+04 6.702622655172909560e-01
-1.473205338391846817e+04 6.705323607548496767e-01
-1.472538276884763764e+04 6.708027514120117329e-01
-1.471871215377681256e+04 6.710734370800374160e-01
-1.471204153870598384e+04 6.713444182825056838e-01
-1.470537092363515330e+04 6.716156954673087043e-01
-1.469870030856432459e+04 6.718872690757546895e-01
-1.469202969349349587e+04 6.721591395492204635e-01
-1.468535907842266533e+04 6.724313073245847816e-01
-1.467868846335184026e+04 6.727037728436284780e-01
-1.467201784828100972e+04 6.729765365503782570e-01
-1.466534723321018100e+04 6.732495988861859626e-01
-1.465867661813935229e+04 6.735229602845980157e-01
-1.465200600306852357e+04 6.737966212110797493e-01
-1.464533538799769303e+04 6.740705820920598335e-01
-1.463866477292686432e+04 6.743448433767498251e-01
-1.463199415785603742e+04 6.746194055156975455e-01
-1.462532354278520870e+04 6.748942689540512463e-01
-1.461865292771437998e+04 6.751694341428073898e-01
-1.461198231264355127e+04 6.754449015272878665e-01
-1.460531169757272073e+04 6.757206715607256831e-01
-1.459864108250189201e+04 6.759967446940389202e-01
-1.459197046743106512e+04 6.762731213795210028e-01
-1.458529985236023640e+04 6.765498020699376447e-01
-1.457862923728940768e+04 6.768267872220109505e-01
-1.457195862221857715e+04 6.771040772844221234e-01
-1.456528800714774843e+04 6.773816727205489441e-01
-1.455861739207691971e+04 6.776595739860267198e-01
-1.455194677700609100e+04 6.779377815341998126e-01
-1.454527616193526410e+04 6.782162958272452968e-01
-1.453860554686443538e+04 6.784951173233219057e-01
-1.453193493179360485e+04 6.787742464827757338e-01
-1.452526431672277613e+04 6.790536837715815954e-01
-1.451859370165194741e+04 6.793334296442656850e-01
-1.451192308658111870e+04 6.796134845694857818e-01
-1.450525247151029180e+04 6.798938490045842720e-01
-1.449858185643946308e+04 6.801745234113608651e-01
-1.449191124136863255e+04 6.804555082196569460e-01
-1.448524062629780383e+04 6.807368036018651702e-01
-1.447857001122697511e+04 6.810184119637117117e-01
-1.447189939615614458e+04 6.813003306601805864e-01
-1.446522878108531950e+04 6.815825619632563948e-01
-1.445855816601449078e+04 6.818651061085451159e-01
-1.445188755094366024e+04 6.821479635379317230e-01
-1.444521693587283153e+04 6.824311347199000233e-01
-1.443854632080200281e+04 6.827146201244189694e-01
-1.443187570573117227e+04 6.829984202269206994e-01
-1.442520509066034356e+04 6.832825355027439818e-01
-1.441853447558951666e+04 6.835669664297880921e-01
-1.441186386051868794e+04 6.838517134899488870e-01
-1.440519324544785923e+04 6.841367771677049348e-01
-1.439852263037703051e+04 6.844221579947866729e-01
-1.439185201530619997e+04 6.847078558502170953e-01
-1.438518140023537126e+04 6.849938724632392839e-01
-1.437851078516454436e+04 6.852802073973296437e-01
-1.437184017009371564e+04 6.855668613311204362e-01
-1.436516955502288693e+04 6.858538347647931133e-01
-1.435849893995205821e+04 6.861411281875627877e-01
-1.435182832488122767e+04 6.864287420887589253e-01
-1.434515770981039896e+04 6.867166769586721120e-01
-1.433848709473957024e+04 6.870049332842917966e-01
-1.433181647966874334e+04 6.872935115587404109e-01
-1.432514586459791462e+04 6.875824122638182212e-01
-1.431847524952708409e+04 6.878716357761374134e-01
-1.431180463445625537e+04 6.881611830591664036e-01
-1.430513401938542665e+04 6.884510540419808144e-01
-1.429846340431459794e+04 6.887412494580998912e-01
-1.429179278924377104e+04 6.890317697938810326e-01
-1.428512217417294232e+04 6.893226155440084213e-01
-1.427845155910211179e+04 6.896137872101445465e-01
-1.427178094403128307e+04 6.899052852897472610e-01
-1.426511032896045435e+04 6.901971102837820560e-01
-1.425843971388962564e+04 6.904892626964974633e-01
-1.425176909881879510e+04 6.907817430311579132e-01
-1.424509848374797002e+04 6.910745517897729506e-01
-1.423842786867713949e+04 6.913676894827801567e-01
-1.423175725360631077e+04 6.916611566114095888e-01
-1.422508663853548205e+04 6.919549536871404394e-01
-1.421841602346465152e+04 6.922490812189840970e-01
-1.421174540839382280e+04 6.925435397138092197e-01
-1.420507479332299772e+04 6.928383296871408747e-01
-1.419840417825216718e+04 6.931334516477667407e-01
-1.419173356318133847e+04 6.934289061083843686e-01
-1.418506294811050975e+04 6.937246935875355236e-01
-1.417839233303967922e+04 6.940208145968752573e-01
-1.417172171796885050e+04 6.943172696548958189e-01
-1.416505110289802178e+04 6.946140592781848699e-01
-1.415838048782719488e+04 6.949111839877620822e-01
-1.415170987275636617e+04 6.952086443021288087e-01
-1.414503925768553745e+04 6.955064407409782268e-01
-1.413836864261470691e+04 6.958045738287663706e-01
-1.413169802754387820e+04 6.961030440880554560e-01
-1.412502741247304948e+04 6.964018520442171178e-01
-1.411835679740222258e+04 6.967009982204496188e-01
-1.411168618233139387e+04 6.970004831447469407e-01
-1.410501556726056515e+04 6.973003073456111034e-01
-1.409834495218973461e+04 6.976004713519634581e-01
-1.409167433711890590e+04 6.979009756934396735e-01
-1.408500372204807718e+04 6.982018208993387987e-01
-1.407833310697724664e+04 6.985030075011098294e-01
-1.407166249190642156e+04 6.988045360198623657e-01
-1.406499187683559103e+04 6.991064067858000497e-01
-1.405832126176476231e+04 6.994086212468393349e-01
-1.405165064669393360e+04 6.997111787485146284e-01
-1.404498003162310488e+04 7.000140803836004677e-01
-1.403830941655227434e+04 7.003173266530080543e-01
-1.403163880148144926e+04 7.006209180968158146e-01
-1.402496818641061873e+04 7.009248552581018865e-01
-1.401829757133979001e+04 7.012291386850142416e-01
-1.401162695626896129e+04 7.015337689377545427e-01
-1.400495634119813258e+04 7.018387465823588967e-01
-1.399828572612730204e+04 7.021440722201963691e-01
-1.399161511105647332e+04 7.024497465338137570e-01
-1.398494449598564643e+04 7.027557705734679416e-01
-1.397827388091481771e+04 7.030621493558033563e-01
-1.397160326584398899e+04 7.033688518995910854e-01
-1.396493265077315846e+04 7.036759315084525346e-01
-1.395826203570232974e+04 7.039833569684939008e-01
-1.395159142063150102e+04 7.042911334075500074e-01
-1.394492080556067413e+04 7.045992618876100178e-01
-1.393825019048984541e+04 7.049077431046505415e-01
-1.393157957541901669e+04 7.052165776673418041e-01
-1.392490896034818616e+04 7.055257661639501299e-01
-1.391823834527735744e+04 7.058353091630577003e-01
-1.391156773020652872e+04 7.061452072382770062e-01
-1.390489711513570001e+04 7.064554609598145962e-01
-1.389822650006487311e+04 7.067660708393762592e-01
-1.389155588499404439e+04 7.070770375950693465e-01
-1.388488526992321385e+04 7.073883616497254057e-01
-1.387821465485238514e+04 7.077000436213971568e-01
-1.387154403978155642e+04 7.080120840812401672e-01
-1.386487342471072589e+04 7.083244835986112209e-01
-1.385820280963990081e+04 7.086372427471916424e-01
-1.385153219456907209e+04 7.089503620980712739e-01
-1.384486157949824155e+04 7.092638422308902291e-01
-1.383819096442741284e+04 7.095776837187269814e-01
-1.383152034935658412e+04 7.098918871395348829e-01
-1.382484973428575358e+04 7.102064530694199851e-01
-1.381817911921492487e+04 7.105213820927855917e-01
-1.381150850414409979e+04 7.108366747860921375e-01
-1.380483788907326925e+04 7.111523317319510262e-01
-1.379816727400244054e+04 7.114683535141752557e-01
-1.379149665893161182e+04 7.117847407195648790e-01
-1.378482604386078128e+04 7.121014939319851855e-01
-1.377815542878995257e+04 7.124186137381660622e-01
-1.377148481371912567e+04 7.127361007273917970e-01
-1.376481419864829695e+04 7.130539554886147213e-01
-1.375814358357746823e+04 7.133721786108838669e-01
-1.375147296850663952e+04 7.136907706860561307e-01
-1.374480235343580898e+04 7.140097323110623506e-01
-1.373813173836498027e+04 7.143290640762566257e-01
-1.373146112329415155e+04 7.146487665783007870e-01
-1.372479050822332465e+04 7.149688404122529484e-01
-1.371811989315249593e+04 7.152892861745353548e-01
-1.371144927808166540e+04 7.156101044681499879e-01
-1.370477866301083668e+04 7.159312958844021857e-01
-1.369810804794000978e+04 7.162528610295822995e-01
-1.369143743286917925e+04 7.165748005012033683e-01
-1.368476681779835053e+04 7.168971148981375663e-01
-1.367809620272752181e+04 7.172198048254704306e-01
-1.367142558765669310e+04 7.175428708799168609e-01
-1.366475497258586438e+04 7.178663136599744421e-01
-1.365808435751503566e+04 7.181901337721728895e-01
-1.365141374244420695e+04 7.185143318021742775e-01
-1.364474312737337823e+04 7.188389083122118661e-01
-1.363807251230254951e+04 7.191638640062182342e-01
-1.363140189723172080e+04 7.194891993325052137e-01
-1.362473128216089208e+04 7.198149149028939542e-01
-1.361806066709006336e+04 7.201410112539958774e-01
-1.361139005201923464e+04 7.204674888969305746e-01
-1.360471943694840593e+04 7.207943482646863576e-01
-1.359804882187757721e+04 7.211215896903320210e-01
-1.359137820680674668e+04 7.214492132771960220e-01
-1.358470759173591978e+04 7.217772186469210149e-01
-1.357803697666509106e+04 7.221056042133852104e-01
-1.357136636159426052e+04 7.224343645390113311e-01
-1.356469574652343363e+04 7.227634756050612674e-01
-1.355802513145260491e+04 7.230925911070281709e-01
-1.355135451638177437e+04 7.234233641347609378e-01
-1.354468390131094748e+04 7.237535460759483286e-01
-1.353801328624011876e+04 7.240842278557464429e-01
-1.353134267116928822e+04 7.244153198218512557e-01
-1.352467205609846133e+04 7.247468092634865577e-01
-1.351800144102763261e+04 7.250786928520726038e-01
-1.351133082595680207e+04 7.254109696302071253e-01
-1.350466021088597336e+04 7.257436394737285523e-01
-1.349798959581514646e+04 7.260767026178555072e-01
-1.349131898074431592e+04 7.264101594616250157e-01
-1.348464836567348721e+04 7.267440105020324115e-01
-1.347797775060266031e+04 7.270782562802489135e-01
-1.347130713553182977e+04 7.274128973197653281e-01
-1.346463652046100106e+04 7.277479346808136684e-01
-1.345796590539017416e+04 7.280833681926218715e-01
-1.345129529031934362e+04 7.284191989804530420e-01
-1.344462467524851490e+04 7.287554276043544110e-01
-1.343795406017768619e+04 7.290920546997843310e-01
-1.343128344510685747e+04 7.294290809123147312e-01
-1.342461283003602875e+04 7.297665068966514568e-01
-1.341794221496520004e+04 7.301043333035315275e-01
-1.341127159989437132e+04 7.304425607957563127e-01
-1.340460098482354260e+04 7.307811900336199651e-01
-1.339793036975271389e+04 7.311202216799935760e-01
-1.339125975468188517e+04 7.314596564009058222e-01
-1.338458913961105645e+04 7.317994948681749712e-01
-1.337791852454022774e+04 7.321397377475693524e-01
-1.337124790946939902e+04 7.324803857134566387e-01
-1.336457729439857030e+04 7.328214394411858290e-01
-1.335790667932774159e+04 7.331628996047293567e-01
-1.335123606425691287e+04 7.335047668816030431e-01
-1.334456544918608415e+04 7.338470419511335940e-01
-1.333789483411525362e+04 7.341897254953486662e-01
-1.333122421904442672e+04 7.345328181958691305e-01
-1.332455360397359800e+04 7.348763207405355491e-01
-1.331788298890276747e+04 7.352202338099348422e-01
-1.331121237383193875e+04 7.355645580967596908e-01
-1.330454175876111185e+04 7.359092942854641439e-01
-1.329787114369028131e+04 7.362544430698313436e-01
-1.329120052861945260e+04 7.366000051431423890e-01
-1.328452991354862570e+04 7.369459811963000595e-01
-1.327785929847779516e+04 7.372923719268995590e-01
-1.327118868340696645e+04 7.376391780319998537e-01
-1.326451806833613955e+04 7.379864002076930163e-01
-1.325784745326530901e+04 7.383340391556317828e-01
-1.325117683819448030e+04 7.386820955735436955e-01
-1.324450622312365340e+04 7.390305701679594774e-01
-1.323783560805282286e+04 7.393794636364803274e-01
-1.323116499298199415e+04 7.397287766854993007e-01
-1.322449437791116543e+04 7.400785100147241335e-01
-1.321782376284033671e+04 7.404286643327963047e-01
-1.321115314776950800e+04 7.407792403356521227e-01
-1.320448253269867928e+04 7.411302387218902110e-01
-1.319781191762785056e+04 7.414816601845353183e-01
-1.319114130255702185e+04 7.418335054062739076e-01
-1.318447068748619313e+04 7.421857750474671889e-01
-1.317780007241536441e+04 7.425384697372643394e-01
-1.317112945734453569e+04 7.428915900248632687e-01
-1.316445884227370698e+04 7.432451363032718250e-01
-1.315778822720287826e+04 7.435991085241392407e-01
-1.315111761213204954e+04 7.439535051744582406e-01
-1.314444699706122083e+04 7.443083166689461461e-01
-1.313777638199039029e+04 7.446631523048781176e-01
-1.313110576691956339e+04 7.450193774276547831e-01
-1.312443515184873468e+04 7.453754718129177448e-01
-1.311776453677790414e+04 7.457320191951706256e-01
-1.311109392170707724e+04 7.460890040937537826e-01
-1.310442330663624853e+04 7.464464243013524403e-01
-1.309775269156541799e+04 7.468042796416612950e-01
-1.309108207649459109e+04 7.471625704941693424e-01
-1.308441146142376238e+04 7.475212974796461296e-01
-1.307774084635293184e+04 7.478804613785536848e-01
-1.307107023128210494e+04 7.482400631647149192e-01
-1.306439961621127441e+04 7.486001043585809311e-01
-1.305772900114044569e+04 7.489605888592610894e-01
-1.305105838606961697e+04 7.493215578614765837e-01
-1.304438777099878826e+04 7.496828064451990237e-01
-1.303771715592795954e+04 7.500446260911960428e-01
-1.303104654085713082e+04 7.504068706308756331e-01
-1.302437592578630210e+04 7.507695545976211804e-01
-1.301770531071547339e+04 7.511326806897455910e-01
-1.301103469564464467e+04 7.514962502410391654e-01
-1.300436408057381595e+04 7.518602642458872554e-01
-1.299769346550298724e+04 7.522247235807556498e-01
-1.299102285043215852e+04 7.525896290719825688e-01
-1.298435223536132980e+04 7.529549815290978998e-01
-1.297768162029050109e+04 7.533207817448630550e-01
-1.297101100521967237e+04 7.536870305135412451e-01
-1.296434039014884183e+04 7.540537286207410483e-01
-1.295766977507801494e+04 7.544208768546015742e-01
-1.295099916000718622e+04 7.547884760052195885e-01
-1.294432854493635568e+04 7.551565268600201053e-01
-1.293765792986552879e+04 7.555250302073203139e-01
-1.293098731479470007e+04 7.558939868430918363e-01
-1.292431669972386953e+04 7.562633975578793022e-01
-1.291764608465304264e+04 7.566332631477207249e-01
-1.291097546958221392e+04 7.570035844080841292e-01
-1.290430485451138338e+04 7.573743621393604908e-01
-1.289763423944055648e+04 7.577455971426237946e-01
-1.289096362436972777e+04 7.581172902193090701e-01
-1.288429300929889723e+04 7.584894421792715002e-01
-1.287762239422807033e+04 7.588620538258534776e-01
-1.287095177915724162e+04 7.592351259732393887e-01
-1.286428116408641108e+04 7.596086594289802596e-01
-1.285761054901558236e+04 7.599826550131302261e-01
-1.285093993394475547e+04 7.603571135407598547e-01
-1.284426931887392493e+04 7.607320358366376212e-01
-1.283759870380309621e+04 7.611074227209365661e-01
-1.283092808873226932e+04 7.614832750198547995e-01
-1.282425747366143878e+04 7.618595935678107445e-01
-1.281758685859061006e+04 7.622363791949506862e-01
-1.281091624351978135e+04 7.626136327418741034e-01
-1.280424562844895263e+04 7.629913550493707675e-01
-1.279757501337812391e+04 7.633695469673691392e-01
-1.279090439830729520e+04 7.637482093450047582e-01
-1.278423378323646648e+04 7.641273430445640891e-01
-1.277756316816563776e+04 7.645069489329541224e-01
-1.277089255309480905e+04 7.648870278872886841e-01
-1.276422193802398033e+04 7.652675807951824227e-01
-1.275755132295315161e+04 7.656486085620315407e-01
-1.275088070788232289e+04 7.660301121152240933e-01
-1.274421009281149418e+04 7.664120924273516433e-01
-1.273753947774066546e+04 7.667945505402440354e-01
-1.273086886266983674e+04 7.671774877490969979e-01
-1.272419824759900803e+04 7.675609067698252463e-01
-1.271752763252817931e+04 7.679447340192380178e-01
-1.271085701745734877e+04 7.683291701400813967e-01
-1.270418640238652188e+04 7.687140339032894065e-01
-1.269751578731569316e+04 7.690993805061996369e-01
-1.269084517224486262e+04 7.694852127621668592e-01
-1.268417455717403391e+04 7.698715329449332678e-01
-1.267750394210320701e+04 7.702583438109286140e-01
-1.267083332703237647e+04 7.706456492519357937e-01
-1.266416271196154776e+04 7.710334554588516021e-01
-1.265749209689072086e+04 7.714217737432104149e-01
-1.265082148181989032e+04 7.718106286692673068e-01
-1.264415086674906161e+04 7.722000889671719603e-01
-1.263748025167823471e+04 7.725904603422938388e-01
-1.263080963660740417e+04 7.729904412011570081e-01
-1.262413902153657546e+04 7.733680263707345404e-01
-1.261746840646574856e+04 7.737602369206880715e-01
-1.261079779139491802e+04 7.741522216404809198e-01
-1.260412717632408931e+04 7.745445411885184539e-01
-1.259745656125326059e+04 7.749372950084526535e-01
-1.259078594618243187e+04 7.753305152143471490e-01
-1.258411533111160315e+04 7.757242157016382977e-01
-1.257744471604077444e+04 7.761184037530879376e-01
-1.257077410096994572e+04 7.765130837632719940e-01
-1.256410348589911700e+04 7.769082587151815433e-01
-1.255743287082828829e+04 7.773039308278768544e-01
-1.255076225575745957e+04 7.777001018758492590e-01
-1.254409164068663085e+04 7.780967733668576747e-01
-1.253742102561580214e+04 7.784939466559557264e-01
-1.253075041054497342e+04 7.788916229439083461e-01
-1.252407979547414470e+04 7.792898033948583159e-01
-1.251740918040331599e+04 7.796884891048336819e-01
-1.251073856533248545e+04 7.800876811334575001e-01
-1.250406795026165855e+04 7.804873805155768673e-01
-1.249739733519082984e+04 7.808875882649959355e-01
-1.249072672011999930e+04 7.812883053809558387e-01
-1.248405610504917240e+04 7.816895328571412671e-01
-1.247738548997834368e+04 7.820912716744968796e-01
-1.247071487490751315e+04 7.824935228097883444e-01
-1.246404425983668625e+04 7.828962872438401943e-01
-1.245737364476585753e+04 7.832995659442112402e-01
-1.245070302969502700e+04 7.837033598860062567e-01
-1.244403241462420010e+04 7.841076700395825938e-01
-1.243736179955336956e+04 7.845124973793681233e-01
-1.243069118448254085e+04 7.849178428780951844e-01
-1.242402056941171395e+04 7.853237075146820567e-01
-1.241734995434088341e+04 7.857300922643204455e-01
-1.241067933927005470e+04 7.861369981089327830e-01
-1.240400872419922598e+04 7.865444260354732542e-01
-1.239733810912839726e+04 7.869523770307024213e-01
-1.239066749405756855e+04 7.873608520929206156e-01
-1.238399687898673983e+04 7.877698522193838926e-01
-1.237732626391591111e+04 7.881793784148855009e-01
-1.237065564884508240e+04 7.885894317055474056e-01
-1.236398503377425368e+04 7.890000130963640279e-01
-1.235731441870342496e+04 7.894111236332951309e-01
-1.235064380363259625e+04 7.898227643567395928e-01
-1.234397318856176753e+04 7.902349363294429718e-01
-1.233730257349093881e+04 7.906476406355432696e-01
-1.233063195842011010e+04 7.910608783709236480e-01
-1.232396134334928138e+04 7.914746506660640391e-01
-1.231729072827845084e+04 7.918889586645779799e-01
-1.231062011320762394e+04 7.923038035150804514e-01
-1.230394949813679523e+04 7.927191859258667650e-01
-1.229727888306596469e+04 7.931351148867262779e-01
-1.229060826799513779e+04 7.935515759200902908e-01
-1.228393765292430908e+04 7.939685827434752596e-01
-1.227726703785347854e+04 7.943861347801213224e-01
-1.227059642278265164e+04 7.948042343325970593e-01
-1.226392580771182293e+04 7.952228845816418090e-01
-1.225725519264099239e+04 7.956420900062314283e-01
-1.225058457757016549e+04 7.960618574490470056e-01
-1.224391396249933678e+04 7.964821984635395147e-01
-1.223724334742850624e+04 7.969031352946454039e-01
-1.223057273235767752e+04 7.973247189902895604e-01
-1.222390211728685063e+04 7.977471033515768362e-01
-1.221723150221602009e+04 7.981710869694826904e-01
-1.221056088714519137e+04 7.985364248638706641e-01
-1.220389027207436447e+04 7.990118872786426962e-01
-1.219721965700353394e+04 7.994373016564233492e-01
-1.219054904193270522e+04 7.998624034880746914e-01
-1.218387842686187651e+04 8.002878352364755088e-01
-1.217720781179104779e+04 8.007137315395064237e-01
-1.217053719672021907e+04 8.011401387442121935e-01
-1.216386658164939035e+04 8.015670774977937674e-01
-1.215719596657856164e+04 8.019945587232544248e-01
-1.215052535150773292e+04 8.024225889775105092e-01
-1.214385473643690420e+04 8.028511726328249054e-01
-1.213718412136607549e+04 8.032803128581142982e-01
-1.213051350629524677e+04 8.037100121313991430e-01
-1.212384289122441805e+04 8.041402724921923317e-01
-1.211717227615358934e+04 8.045710957198242141e-01
-1.211050166108276062e+04 8.050024833778121058e-01
-1.210383104601193190e+04 8.054344369344254018e-01
-1.209716043094110319e+04 8.058669577560010344e-01
-1.209048981587027447e+04 8.063000471502471678e-01
-1.208381920079944393e+04 8.067337063743532655e-01
-1.207714858572861704e+04 8.071679366535210454e-01
-1.207047797065778832e+04 8.076027391923866761e-01
-1.206380735558695778e+04 8.080381151711218957e-01
-1.205713674051612907e+04 8.084740657561361177e-01
-1.205046612544530217e+04 8.089105921036936486e-01
-1.204379551037447163e+04 8.093476953605013291e-01
-1.203712489530364292e+04 8.097853766728010383e-01
-1.203045428023281602e+04 8.102236371549838001e-01
-1.202378366516198548e+04 8.106624779755707833e-01
-1.201711305009115677e+04 8.111019002381788523e-01
-1.201044243502032987e+04 8.115419050807184398e-01
-1.200377181994949933e+04 8.119824936177647556e-01
-1.199710120487867061e+04 8.124236669809230538e-01
-1.199043058980784372e+04 8.128654262876955361e-01
-1.198375997473701318e+04 8.133077726589320600e-01
-1.197708935966618446e+04 8.137507072104170902e-01
-1.197041874459535757e+04 8.141942310629554092e-01
-1.196374812952452703e+04 8.146383453241536898e-01
-1.195707751445369831e+04 8.150830511098828834e-01
-1.195040689938286960e+04 8.155283495179771469e-01
-1.194373628431204088e+04 8.159742416547628441e-01
-1.193706566924121216e+04 8.164207286146901721e-01
-1.193039505417038345e+04 8.168678114797069956e-01
-1.192372443909955473e+04 8.173154913247187014e-01
-1.191705382402872601e+04 8.177637691993560054e-01
-1.191038320895789730e+04 8.182126461483897328e-01
-1.190371259388706858e+04 8.186621231749411365e-01
-1.189704197881623986e+04 8.191122012423921461e-01
-1.189037136374541114e+04 8.195628812518142015e-01
-1.188370074867458243e+04 8.200141638589998339e-01
-1.187703013360375371e+04 8.204660512335141265e-01
-1.187035951853292499e+04 8.209185415993835999e-01
-1.186368890346209446e+04 8.213716367912818894e-01
-1.185701828839126756e+04 8.218253367218530947e-01
-1.185034767332043884e+04 8.222796409391146533e-01
-1.184367705824960831e+04 8.227345482082140116e-01
-1.183700644317878141e+04 8.231900558630792508e-01
-1.183033582810795269e+04 8.236461585599140767e-01
-1.182366521303712216e+04 8.241028454497352218e-01
-1.181699459796629526e+04 8.245600928423727494e-01
-1.181032398289546472e+04 8.250178408375350436e-01
-1.180365336782463601e+04 8.254758899058445287e-01
-1.179698275275380911e+04 8.259329702946638374e-01
-1.179031213768297857e+04 8.264081712864014273e-01
-1.178364152261214986e+04 8.268594861371851845e-01
-1.177697090754132114e+04 8.273195985843542211e-01
-1.177030029247049242e+04 8.277809641307006805e-01
-1.176362967739966371e+04 8.282431406276460351e-01
-1.175695906232883499e+04 8.287060237551322484e-01
-1.175028844725800627e+04 8.291695767505418146e-01
-1.174361783218717756e+04 8.296337838213866389e-01
-1.173694721711634884e+04 8.300986374342643748e-01
-1.173027660204552012e+04 8.305641338501073001e-01
-1.172360598697469140e+04 8.310302712834677363e-01
-1.171693537190386269e+04 8.314970490207115317e-01
-1.171026475683303397e+04 8.319644669980198470e-01
-1.170359414176220525e+04 8.324325256564273356e-01
-1.169692352669137654e+04 8.329012252794312232e-01
-1.169025291162054600e+04 8.333705669455755416e-01
-1.168358229654971910e+04 8.338405514524639406e-01
-1.167691168147889039e+04 8.343111797800387697e-01
-1.167024106640805985e+04 8.347824529773190116e-01
-1.166357045133723295e+04 8.352543721400081944e-01
-1.165689983626640424e+04 8.357269384020887815e-01
-1.165022922119557370e+04 8.362001529174540870e-01
-1.164355860612474680e+04 8.366740168714261738e-01
-1.163688799105391809e+04 8.371485314452052906e-01
-1.163021737598308755e+04 8.376236978096975871e-01
-1.162354676091226065e+04 8.380995170028010532e-01
-1.161687614584143193e+04 8.385759878720571159e-01
-1.161020553077060140e+04 8.390531242617116359e-01
-1.160353491569977268e+04 8.395309092828801001e-01
-1.159686430062894578e+04 8.400093535630265285e-01
-1.159019368555811525e+04 8.404884574456114033e-01
-1.158352307048728653e+04 8.409682220692957788e-01
-1.157685245541645963e+04 8.414486486785619501e-01
-1.157018184034562910e+04 8.419297385331060424e-01
-1.156351122527480038e+04 8.424114929028037047e-01
-1.155684061020397348e+04 8.428939130654398149e-01
-1.155016999513314295e+04 8.433770002914748876e-01
-1.154349938006231423e+04 8.438607558527019270e-01
-1.153682876499148551e+04 8.443451810181709094e-01
-1.153015814992065680e+04 8.448302770432750686e-01
-1.152348753484982808e+04 8.453160451772893103e-01
-1.151681691977899936e+04 8.458024866588229607e-01
-1.151014630470817065e+04 8.462896027018587120e-01
-1.150347568963734193e+04 8.467773945013459258e-01
-1.149680507456651321e+04 8.472658632161623737e-01
-1.149013445949568450e+04 8.477550099654341809e-01
-1.148346384442485578e+04 8.482448358136194244e-01
-1.147679322935402706e+04 8.487353417432255132e-01
-1.147012261428319835e+04 8.492265286410540792e-01
-1.146345199921236963e+04 8.497183972524182671e-01
-1.145678138414154091e+04 8.502109481513218103e-01
-1.145011076907071219e+04 8.507041834771984501e-01
-1.144344015399988348e+04 8.511980967233164774e-01
-1.143676953892905294e+04 8.516926938505834377e-01
-1.143009892385822604e+04 8.521879704605577199e-01
-1.142342830878739733e+04 8.526839229518152763e-01
-1.141675769371656679e+04 8.531805446055683584e-01
-1.141008707864573807e+04 8.536778228295597293e-01
-1.140341646357491118e+04 8.541757327283496792e-01
-1.139674584850408064e+04 8.546742197693113496e-01
-1.139007523343325192e+04 8.551731417334730301e-01
-1.138340461836242503e+04 8.556719863279856897e-01
-1.137673400329159449e+04 8.561665231479542726e-01
-1.137006338822076577e+04 8.566903628872187815e-01
-1.136339277314993888e+04 8.571842299349631267e-01
-1.135672215807910834e+04 8.576857331999796497e-01
-1.135005154300827962e+04 8.581888449604525571e-01
-1.134338092793745273e+04 8.586929602379180793e-01
-1.133671031286662219e+04 8.591979193711828389e-01
-1.133003969779579347e+04 8.597036626702867501e-01
-1.132336908272496476e+04 8.602101633021869143e-01
-1.131669846765413604e+04 8.607174078414913110e-01
-1.131002785258330732e+04 8.612253891930612415e-01
-1.130335723751247860e+04 8.617341035621157719e-01
-1.129668662244164989e+04 8.622435490925219881e-01
-1.129001600737082117e+04 8.627537255385081538e-01
-1.128334539229999245e+04 8.632646220476249965e-01
-1.127667477722916374e+04 8.637762635296239999e-01
-1.127000416215833502e+04 8.642886307450760031e-01
-1.126333354708750630e+04 8.648017294062750882e-01
-1.125666293201667759e+04 8.653155607595580667e-01
-1.124999231694584887e+04 8.658301259767070546e-01
-1.124332170187502015e+04 8.663454262838576891e-01
-1.123665108680418962e+04 8.668614629590017939e-01
-1.122998047173336272e+04 8.673782373277437729e-01
-1.122330985666253400e+04 8.678957507522520043e-01
-1.121663924159170347e+04 8.684140046203163710e-01
-1.120996862652087657e+04 8.689330003303352701e-01
-1.120329801145004785e+04 8.694527391920948700e-01
-1.119662739637921732e+04 8.699732191895434008e-01
-1.118995678130839042e+04 8.704944550110339518e-01
-1.118328616623755988e+04 8.710164325916296413e-01
-1.117661555116673117e+04 8.715391598321168276e-01
-1.116994493609590427e+04 8.720626379834581776e-01
-1.116327432102507373e+04 8.725868685318757256e-01
-1.115660370595424502e+04 8.731118530016492851e-01
-1.114993309088341630e+04 8.736375929466186907e-01
-1.114326247581258758e+04 8.741640899150785460e-01
-1.113659186074175886e+04 8.746913454730373960e-01
-1.112992124567093015e+04 8.752193611910241700e-01
-1.112325063060010143e+04 8.757481386428326298e-01
-1.111658001552927271e+04 8.762776794147899562e-01
-1.110990940045844400e+04 8.768079850908093720e-01
-1.110323878538761528e+04 8.773390572597098425e-01
-1.109656817031678656e+04 8.778708975228459721e-01
-1.108989755524595785e+04 8.784035074694563905e-01
-1.108322694017512913e+04 8.789368887017890986e-01
-1.107655632510430041e+04 8.794710428127776591e-01
-1.106988571003347170e+04 8.800059714015171508e-01
-1.106321509496264298e+04 8.805416760614335203e-01
-1.105654447989181426e+04 8.810781583772947512e-01
-1.104987386482098555e+04 8.816154199239509826e-01
-1.104320324975015501e+04 8.821534622597886344e-01
-1.103653263467932811e+04 8.826922869608232469e-01
-1.102986201960849939e+04 8.832318941504866405e-01
-1.102319140453766886e+04 8.837722887075546430e-01
-1.101652078946684196e+04 8.843134688865562643e-01
-1.100985017439601324e+04 8.848554366795742254e-01
-1.100317955932518271e+04 8.853981929632830372e-01
-1.099650894425435581e+04 8.859417380621436022e-01
-1.098983832918352709e+04 8.864860712754837335e-01
-1.098316771411269656e+04 8.870311897004306001e-01
-1.097649709904186966e+04 8.875770849264801310e-01
-1.096982648397104094e+04 8.881237313692283974e-01
-1.096315586890021041e+04 8.886710228190404237e-01
-1.095648525382938169e+04 8.892176373241038601e-01
-1.094981463875855479e+04 8.897704635648175930e-01
-1.094314402368772426e+04 8.903196425649264611e-01
-1.093647340861689554e+04 8.908702283844490699e-01
-1.092980279354606864e+04 8.914217305469215313e-01
-1.092313217847523811e+04 8.919740825435229503e-01
-1.091646156340440939e+04 8.925272663369525628e-01
-1.090979094833358067e+04 8.930812759470688755e-01
-1.090312033326275196e+04 8.936361096830672812e-01
-1.089644971819192324e+04 8.941917678887357779e-01
-1.088977910312109452e+04 8.947482524250162106e-01
-1.088310848805026581e+04 8.953055675601294672e-01
-1.087643787297943709e+04 8.958637259540573883e-01
-1.086976725790860837e+04 8.964228174637962621e-01
-1.086309664283777965e+04 8.969820705571943664e-01
-1.085642602776695094e+04 8.975429062913079514e-01
-1.084975541269612222e+04 8.981043903025043296e-01
-1.084308479762529350e+04 8.986666861227082803e-01
-1.083641418255446479e+04 8.992298105648911521e-01
-1.082974356748363607e+04 8.997937693216762067e-01
-1.082307295241280735e+04 9.003585656533923398e-01
-1.081640233734197864e+04 9.009242020422018049e-01
-1.080973172227114810e+04 9.014906806582057008e-01
-1.080306110720032120e+04 9.020580035299841093e-01
-1.079639049212949249e+04 9.026261726187462253e-01
-1.078971987705866195e+04 9.031951898506648257e-01
-1.078304926198783323e+04 9.037650571389356235e-01
-1.077637864691700634e+04 9.043357758468533181e-01
-1.076970803184617580e+04 9.049073494002530804e-01
-1.076303741677534708e+04 9.054797782177835819e-01
-1.075636680170452019e+04 9.060530646654652021e-01
-1.074969618663368965e+04 9.066272106479685844e-01
-1.074302557156286093e+04 9.072022180746247555e-01
-1.073635495649203403e+04 9.077780888556015171e-01
-1.072968434142120350e+04 9.083548249045119150e-01
-1.072301372635037478e+04 9.089324281450374965e-01
-1.071634311127954788e+04 9.095109005183511508e-01
-1.070967249620871735e+04 9.100902439711726633e-01
-1.070300188113788863e+04 9.106704605018417498e-01
-1.069633126606705991e+04 9.112515523246486060e-01
-1.068966065099623120e+04 9.118335270953915606e-01
-1.068299003592540248e+04 9.124163639087636835e-01
-1.067631942085457376e+04 9.130000926877218648e-01
-1.066964880578374505e+04 9.135847033978740095e-01
-1.066297819071291633e+04 9.141701986468975250e-01
-1.065630757564208761e+04 9.147565805152488849e-01
-1.064963696057125890e+04 9.153438510196841849e-01
-1.064296634550043018e+04 9.159320121655611935e-01
-1.063629573042960146e+04 9.165210659527931458e-01
-1.062962511535877275e+04 9.171110143940789383e-01
-1.062295450028794403e+04 9.177018595130207457e-01
-1.061628388521711531e+04 9.182936034544249004e-01
-1.060961327014628660e+04 9.188862467691563118e-01
-1.060294265507545788e+04 9.194797944517146826e-01
-1.059627204000462916e+04 9.200742463763376122e-01
-1.058960142493379863e+04 9.206696050167690881e-01
-1.058293080986297173e+04 9.212658724285268663e-01
-1.057626019479214301e+04 9.218630506454873474e-01
-1.056958957972131248e+04 9.224611416746878456e-01
-1.056291896465048558e+04 9.230601474747642810e-01
-1.055624834957965504e+04 9.236600698700581091e-01
-1.054957773450882632e+04 9.242609102170440405e-01
-1.054290711943799943e+04 9.248626673768076678e-01
-1.053623650436716889e+04 9.254652581405351519e-01
-1.052956588929634017e+04 9.260690043770661850e-01
-1.052289527422551328e+04 9.266735343192633589e-01
-1.051622465915468274e+04 9.272790010679532458e-01
-1.050955404408385402e+04 9.278854019513173013e-01
-1.050288342901302531e+04 9.284927376560718759e-01
-1.049621281394219659e+04 9.291010100668980476e-01
-1.048954219887136787e+04 9.297102213506519552e-01
-1.048287158380053916e+04 9.303203738909056053e-01
-1.047620096872971044e+04 9.309314703822544335e-01
-1.046953035365888172e+04 9.315435142397637813e-01
-1.046285973858805301e+04 9.321565110465430681e-01
-1.045618912351722429e+04 9.327704762356876511e-01
-1.044951850844639557e+04 9.333855607609204963e-01
-1.044284789337556685e+04 9.340009367017837461e-01
-1.043617727830473814e+04 9.346178411130968700e-01
-1.042950666323390942e+04 9.352356170610166552e-01
-1.042283604816308070e+04 9.358543383633851631e-01
-1.041616543309225017e+04 9.364740166826670542e-01
-1.040949481802142327e+04 9.370946569427558437e-01
-1.040282420295059455e+04 9.377162624333952312e-01
-1.039615358787976402e+04 9.383388358956771258e-01
-1.038948297280893712e+04 9.389623798370648755e-01
-1.038281235773810840e+04 9.395868966579209447e-01
-1.037614174266727787e+04 9.402123887111156764e-01
-1.036947112759645097e+04 9.408388583179212450e-01
-1.036280051252562225e+04 9.414663077880155440e-01
-1.035612989745479172e+04 9.420947394311167677e-01
-1.034945928238396482e+04 9.427241555336686174e-01
-1.034278866731313610e+04 9.433545584093431247e-01
-1.033611805224230557e+04 9.439859503615261049e-01
-1.032944743717147685e+04 9.446183336978740686e-01
-1.032277682210064995e+04 9.452517107235584026e-01
-1.031610620702981942e+04 9.458860837496562146e-01
-1.030943559195899070e+04 9.465214550873216615e-01
-1.030276497688816380e+04 9.471578270324582105e-01
-1.029609436181733327e+04 9.477952018488238206e-01
-1.028942374674650455e+04 9.484335817052639284e-01
-1.028275313167567583e+04 9.490729684120363663e-01
-1.027608251660484711e+04 9.497133616031275816e-01
-1.026941190153401840e+04 9.503516482739967630e-01
-1.026274128646318968e+04 9.509972207731137717e-01
-1.025607067139236096e+04 9.516406585450419842e-01
-1.024940005632153225e+04 9.522851196641913818e-01
-1.024272944125070353e+04 9.529306037588107792e-01
-1.023605882617987481e+04 9.535771126915691953e-01
-1.022938821110904610e+04 9.542246486941791117e-01
-1.022271759603821738e+04 9.548732141138287499e-01
-1.021604698096738866e+04 9.555228113451986749e-01
-1.020937636589655995e+04 9.561734428098622729e-01
-1.020270575082573123e+04 9.568251109441902047e-01
-1.019603513575490251e+04 9.574778182195109455e-01
-1.018936452068407380e+04 9.581315670030388087e-01
-1.018269390561324326e+04 9.587863599156940531e-01
-1.017602329054241636e+04 9.594421993689411510e-01
-1.016935267547158765e+04 9.600990878671428197e-01
-1.016268206040075711e+04 9.607570279324514351e-01
-1.015601144532993021e+04 9.614160221058211109e-01
-1.014934083025910149e+04 9.620760729551388613e-01
-1.014267021518827096e+04 9.627371831059824414e-01
-1.013599960011744224e+04 9.633993552748164602e-01
-1.012932898504661534e+04 9.640625923927463869e-01
-1.012265836997578481e+04 9.647268979813741208e-01
-1.011598775490495609e+04 9.653922777770331809e-01
-1.010931713983412919e+04 9.660587560514433125e-01
-1.010264652476329866e+04 9.667260539118865958e-01
-1.009597590969246994e+04 9.673947690532710419e-01
-1.008930529462164304e+04 9.680644569016519929e-01
-1.008263467955081251e+04 9.687352175932363307e-01
-1.007596406447998379e+04 9.694070602089024380e-01
-1.006929344940915689e+04 9.700799889546275478e-01
-1.006262283433832636e+04 9.707540070741786931e-01
-1.005595221926749764e+04 9.714291175500775477e-01
-1.004928160419666892e+04 9.721053233816913108e-01
-1.004261098912584021e+04 9.727826279379094832e-01
-1.003594037405501149e+04 9.734610367351470561e-01
-1.002926975898418277e+04 9.741406132681101893e-01
-1.002259914391335406e+04 9.748211190817734906e-01
-1.001592852884252534e+04 9.755028499696115629e-01
-1.000925791377169662e+04 9.761856838343309084e-01
-1.000258729870086790e+04 9.768696297576298093e-01
-9.995916683630039188e+03 9.775546915198929376e-01
-9.989246068559210471e+03 9.782408721679198838e-01
-9.982575453488381754e+03 9.789281745656200906e-01
-9.975904838417553037e+03 9.796166015118509263e-01
-9.969234223346724320e+03 9.803061557886237898e-01
-9.962563608275893785e+03 9.809968401592378262e-01
-9.955892993205066887e+03 9.816886574000355248e-01
-9.949222378134238170e+03 9.823816102686366847e-01
-9.942551763063407634e+03 9.830757013964627200e-01
-9.935881147992580736e+03 9.837709344782529230e-01
-9.929210532921750200e+03 9.844673109113706300e-01
-9.922539917850921483e+03 9.851648342806951231e-01
-9.915869302780094586e+03 9.858635073039160313e-01
-9.909198687709264050e+03 9.865633327858850388e-01
-9.902528072638435333e+03 9.872643135492352728e-01
-9.895857457567608435e+03 9.879664524259106351e-01
-9.889186842496777899e+03 9.886697522450403897e-01
-9.882516227425949182e+03 9.893742158392321295e-01
-9.875845612355120466e+03 9.900798460009404556e-01
-9.869174997284291749e+03 9.907866454501136344e-01
-9.862504382213463032e+03 9.914946165440775561e-01
-9.855833767142634315e+03 9.922037590365772042e-01
-9.849163152071805598e+03 9.929141374941552467e-01
-9.842492537000976881e+03 9.936256099267924968e-01
-9.835821921930148164e+03 9.943382985314118683e-01
-9.829151306859319448e+03 9.950521761449835356e-01
-9.822480691788490731e+03 9.957672443186490474e-01
-9.815810076717662014e+03 9.964835056780452227e-01
-9.809139461646833297e+03 9.972009630757090459e-01
-9.802468846576004580e+03 9.979196194209137838e-01
-9.795798231505175863e+03 9.986394776633142900e-01
-9.789127616434345327e+03 9.993605407727812473e-01
-9.782457001363518430e+03 1.000082811722534437e+00
-9.775786386292689713e+03 1.000806293437233929e+00
-9.769115771221859177e+03 1.001530989196028454e+00
-9.762445156151032279e+03 1.002256901740730566e+00
-9.755774541080203562e+03 1.002984033827023058e+00
-9.749103926009373026e+03 1.003712388847246340e+00
-9.742433310938546128e+03 1.004441969596285178e+00
-9.735762695867717412e+03 1.005172778972577952e+00
-9.729092080796886876e+03 1.005904819779248616e+00
-9.722421465726059978e+03 1.006638094616687962e+00
-9.715750850655231261e+03 1.007372605664775822e+00
-9.709080235584400725e+03 1.008108354058968370e+00
-9.702409620513573827e+03 1.008845337798640829e+00
-9.695739005442745110e+03 1.009583541395443262e+00
-9.689068390371914575e+03 1.010322805712370542e+00
-9.682397775301085858e+03 1.011064320286516605e+00
-9.675727160230258960e+03 1.011806071077761882e+00
-9.669056545159428424e+03 1.012549295896667756e+00
-9.662385930088599707e+03 1.013293813982163671e+00
-9.655715315017770990e+03 1.014039608774973011e+00
-9.649044699946942274e+03 1.014786678147424404e+00
-9.642374084876113557e+03 1.015535023278338222e+00
-9.635703469805284840e+03 1.016284646441849349e+00
-9.629032854734456123e+03 1.017035550381875098e+00
-9.622362239663627406e+03 1.017787738055808022e+00
-9.615691624592798689e+03 1.018541212547180885e+00
-9.609021009521969972e+03 1.019295984021595380e+00
-9.602350394451141256e+03 1.020052034724914680e+00
-9.595679779380312539e+03 1.020809388796168005e+00
-9.589009164309483822e+03 1.021568042561548539e+00
-9.582338549238655105e+03 1.022327999303892065e+00
-9.575667934167826388e+03 1.023089262324223592e+00
-9.568997319096997671e+03 1.023851834945271877e+00
-9.562326704026168954e+03 1.024615720503439409e+00
-9.555656088955338419e+03 1.025380922348777979e+00
-9.548985473884511521e+03 1.026147443845157659e+00
-9.542314858813682804e+03 1.026915288365682466e+00
-9.535644243742852268e+03 1.027684459305406639e+00
-9.528973628672025370e+03 1.028454960072821667e+00
-9.522303013601196653e+03 1.029226794222058761e+00
-9.515632398530366117e+03 1.029999964589977335e+00
-9.508961783459537401e+03 1.030774475368739118e+00
-9.502291168388710503e+03 1.031550329681769185e+00
-9.495620553317879967e+03 1.032327531031707935e+00
-9.488949938247051250e+03 1.033106082917230273e+00
-9.482279323176224352e+03 1.033885988874285511e+00
-9.475608708105393816e+03 1.034667252479928523e+00
-9.468938093034565100e+03 1.035449877388812334e+00
-9.462267477963738202e+03 1.036233867409290799e+00
-9.455596862892907666e+03 1.037019226689901430e+00
-9.448926247822078949e+03 1.037805960372730096e+00
-9.442255632751252051e+03 1.038594077624807932e+00
-9.435585017680421515e+03 1.039383624686585295e+00
-9.428914402609592798e+03 1.040174211658538850e+00
-9.422243787538764082e+03 1.040966579599285957e+00
-9.415573172467935365e+03 1.041760236077555524e+00
-9.408902557397106648e+03 1.042555273645312308e+00
-9.402231942326277931e+03 1.043351703812029241e+00
-9.395561327255449214e+03 1.044149532205138398e+00
-9.388890712184620497e+03 1.044948763167106387e+00
-9.382220097113791780e+03 1.045749400599566448e+00
-9.375549482042963064e+03 1.046551448203453694e+00
-9.368878866972134347e+03 1.047354909487623331e+00
-9.362208251901305630e+03 1.048159787595783987e+00
-9.355537636830476913e+03 1.048966084432095380e+00
-9.348867021759648196e+03 1.049773793427538182e+00
-9.342196406688819479e+03 1.050583169250854709e+00
-9.335525791617988943e+03 1.051393598954816433e+00
-9.328855176547162046e+03 1.052205613037233922e+00
-9.322184561476333329e+03 1.053019074553534162e+00
-9.315513946405502793e+03 1.053833981892138283e+00
-9.308843331334675895e+03 1.054650337581394037e+00
-9.302172716263847178e+03 1.055468144950314269e+00
-9.295502101193016642e+03 1.056287407608397455e+00
-9.288831486122189744e+03 1.057108129389372042e+00
-9.282160871051359209e+03 1.057930314562051333e+00
-9.275490255980530492e+03 1.058753969339401246e+00
-9.268819640909703594e+03 1.059579131793231266e+00
-9.262149025838873058e+03 1.060405637243176269e+00
-9.255478410768044341e+03 1.061233722092829623e+00
-9.248807795697217443e+03 1.062063275229193637e+00
-9.242137180626386908e+03 1.062894310290476874e+00
-9.235466565555558191e+03 1.063726832369828568e+00
-9.228795950484729474e+03 1.064560845512259935e+00
-9.222125335413900757e+03 1.065396353481391056e+00
-9.215454720343072040e+03 1.066233359927408753e+00
-9.208784105272243323e+03 1.067071868435542914e+00
-9.202113490201414606e+03 1.067911882536143109e+00
-9.195442875130585890e+03 1.068753405715302085e+00
-9.188772260059757173e+03 1.069596441317298474e+00
-9.182101644988928456e+03 1.070440992898184174e+00
-9.175431029918099739e+03 1.071287063627977876e+00
-9.168760414847271022e+03 1.072134656734213154e+00
-9.162089799776442305e+03 1.072983775377939653e+00
-9.155419184705613588e+03 1.073834422593046733e+00
-9.148748569634784872e+03 1.074686601291375387e+00
-9.142077954563954336e+03 1.075540314249928686e+00
-9.135407339493127438e+03 1.076395564077607725e+00
-9.128736724422298721e+03 1.077252353188932865e+00
-9.122066109351468185e+03 1.078110683774055056e+00
-9.115395494280641287e+03 1.078970557746528280e+00
-9.108724879209812570e+03 1.079831976707299468e+00
-9.102054264138982035e+03 1.080694942163256567e+00
-9.095383649068155137e+03 1.081559453909956003e+00
-9.088713033997326420e+03 1.082425513119748439e+00
-9.082042418926495884e+03 1.083293118946642375e+00
-9.075371803855668986e+03 1.084162270066139300e+00
-9.068701188784840269e+03 1.085032964119858168e+00
-9.062030573714009734e+03 1.085905197460407701e+00
-9.055359958643181017e+03 1.086778964837635142e+00
-9.048689343572354119e+03 1.087654258960554454e+00
-9.042018728501523583e+03 1.088531069931685691e+00
-9.035348113430694866e+03 1.089409384502375344e+00
-9.028677498359866149e+03 1.090289185158813012e+00
-9.022006883289037432e+03 1.091170449533712228e+00
-9.015336268218208716e+03 1.092053163466493171e+00
-9.008665653147379999e+03 1.092937177320341569e+00
-9.001995038076551282e+03 1.093822590570268316e+00
-8.995324423005722565e+03 1.094709230744777884e+00
-8.988653807934893848e+03 1.095596985465528972e+00
-8.981983192864065131e+03 1.096485674953787237e+00
-8.975312577793236414e+03 1.097375021429947584e+00
-8.968641962722407698e+03 1.098264576745251464e+00
-8.961971347651578981e+03 1.099153571843893840e+00
-8.955300732580750264e+03 1.100040571480900953e+00
-8.948630117509921547e+03 1.100922560590385402e+00
-8.941959502439092830e+03 1.101791958646097580e+00
-8.935288887368264113e+03 1.102622748642445583e+00
-8.928618272297433577e+03 1.103227710231542424e+00
-8.921947657226606680e+03 1.105533276929264730e+00
-8.915277042155777963e+03 1.105776133553384000e+00
-8.908606427084947427e+03 1.106586873403627713e+00
-8.901935812014120529e+03 1.107459129980674417e+00
-8.895265196943291812e+03 1.108351703940027244e+00
-8.888594581872461276e+03 1.109254177923657547e+00
-8.881923966801632560e+03 1.110162695252651988e+00
-8.875253351730805662e+03 1.111075499544567746e+00
-8.868582736659975126e+03 1.111991677782953047e+00
-8.861912121589146409e+03 1.112910709792686026e+00
-8.855241506518319511e+03 1.113832280032329702e+00
-8.848570891447488975e+03 1.114756254603105790e+00
-8.841900276376660258e+03 1.115682247131266847e+00
-8.835229661305833361e+03 1.116610446394632694e+00
-8.828559046235002825e+03 1.117540675495078295e+00
-8.821888431164174108e+03 1.118472889945446358e+00
-8.815217816093347210e+03 1.119407055427547037e+00
-8.808547201022516674e+03 1.120343146355868180e+00
-8.801876585951687957e+03 1.121281143726881924e+00
-8.795205970880861059e+03 1.122221033458364658e+00
-8.788535355810030524e+03 1.123162805202862158e+00
-8.781864740739201807e+03 1.124106451477655533e+00
-8.775194125668373090e+03 1.125051967028373623e+00
-8.768523510597544373e+03 1.125999348378236675e+00
-8.761852895526715656e+03 1.126948593851522018e+00
-8.755182280455886939e+03 1.127899700154828988e+00
-8.748511665385058222e+03 1.128852670483694975e+00
-8.741841050314229506e+03 1.129807503789557410e+00
-8.735170435243400789e+03 1.130764201485654041e+00
-8.728499820172572072e+03 1.131722765347576098e+00
-8.721829205101743355e+03 1.132683197538456588e+00
-8.715158590030914638e+03 1.133645500576097254e+00
-8.708487974960085921e+03 1.134609677246394721e+00
-8.701817359889257204e+03 1.135575730578577636e+00
-8.695146744818428488e+03 1.136543663791840686e+00
-8.688476129747597952e+03 1.137513480256410192e+00
-8.681805514676771054e+03 1.138485183470947737e+00
-8.675134899605942337e+03 1.139458776999854539e+00
-8.668464284535111801e+03 1.140434264492072858e+00
-8.661793669464284903e+03 1.141411649593888189e+00
-8.655123054393454368e+03 1.142390935952069642e+00
-8.648452439322625651e+03 1.143372127162957108e+00
-8.641781824251798753e+03 1.144355226722688190e+00
-8.635111209180968217e+03 1.145340237977104714e+00
-8.628440594110139500e+03 1.146327164056504699e+00
-8.621769979039312602e+03 1.147316007782301694e+00
-8.615099363968482066e+03 1.148306771545622107e+00
-8.608428748897653350e+03 1.149299457156840898e+00
-8.601758133826824633e+03 1.150294065614446248e+00
-8.595087518755995916e+03 1.151290596785465414e+00
-8.588416903685167199e+03 1.152289048888889722e+00
-8.581746288614338482e+03 1.153289417886743884e+00
-8.575075673543509765e+03 1.154291696201550810e+00
-8.568405058472681048e+03 1.155295870952210535e+00
-8.561734443401852332e+03 1.156301920754666979e+00
-8.555063828331023615e+03 1.157309809987905780e+00
-8.548393213260194898e+03 1.158319477748725124e+00
-8.541722598189366181e+03 1.159330814602604010e+00
-8.535051983118537464e+03 1.160343608024366757e+00
-8.528381368047708747e+03 1.161357392837362834e+00
-8.521710752976880030e+03 1.162370935135190519e+00
-8.515040137906049495e+03 1.163379577358211403e+00
-8.508369522835222597e+03 1.164337010863647937e+00
-8.501698907764393880e+03 1.165532415062159100e+00
-8.495028292693563344e+03 1.166509770425385062e+00
-8.488357677622736446e+03 1.167527774500576765e+00
-8.481687062551907729e+03 1.168553821042269680e+00
-8.475016447481077194e+03 1.169583959512526583e+00
-8.468345832410250296e+03 1.170617089351051243e+00
-8.461675217339421579e+03 1.171652785165018695e+00
-8.455004602268591043e+03 1.172690849718525108e+00
-8.448333987197764145e+03 1.173731180561525811e+00
-8.441663372126935428e+03 1.174773720410232425e+00
-8.434992757056104892e+03 1.175818435739774959e+00
-8.428322141985276176e+03 1.176865310840150780e+00
-8.421651526914449278e+03 1.177914324873322816e+00
-8.414980911843618742e+03 1.178965456549463831e+00
-8.408310296772790025e+03 1.180018749522171229e+00
-8.401639681701961308e+03 1.181074166067128894e+00
-8.394969066631132591e+03 1.182131714041256165e+00
-8.388298451560303874e+03 1.183191395487903863e+00
-8.381627836489475158e+03 1.184253212860022275e+00
-8.374957221418646441e+03 1.185317169136008708e+00
-8.368286606347817724e+03 1.186383267714983036e+00
-8.361615991276989007e+03 1.187451512332334369e+00
-8.354945376206160290e+03 1.188521906970653186e+00
-8.348274761135331573e+03 1.189594455749158675e+00
-8.341604146064502856e+03 1.190669161021235656e+00
-8.334933530993674140e+03 1.191746034840642787e+00
-8.328262915922845423e+03 1.192825072881473769e+00
-8.321592300852016706e+03 1.193906283424314818e+00
-8.314921685781187989e+03 1.194989671028395817e+00
-8.308251070710359272e+03 1.196075240406362150e+00
-8.301580455639528736e+03 1.197162996329068640e+00
-8.294909840568701838e+03 1.198252943588553387e+00
-8.288239225497873122e+03 1.199345087000862620e+00
-8.281568610427042586e+03 1.200439431391827183e+00
-8.274897995356215688e+03 1.201535981597047886e+00
-8.268227380285386971e+03 1.202634742458300154e+00
-8.261556765214556435e+03 1.203735718816720590e+00
-8.254886150143729537e+03 1.204838915555306755e+00
-8.248215535072900821e+03 1.205944337539205380e+00
-8.241544920002070285e+03 1.207051989671000136e+00
-8.234874304931241568e+03 1.208161876892532405e+00
-8.228203689860414670e+03 1.209274004203056752e+00
-8.221533074789584134e+03 1.210388376676392097e+00
-8.214862459718755417e+03 1.211504999502222679e+00
-8.208191844647928519e+03 1.212623878024884583e+00
-8.201521229577097984e+03 1.213745017822799532e+00
-8.194850614506269267e+03 1.214868424777932221e+00
-8.188179999435441459e+03 1.215994105217178323e+00
-8.181509384364612743e+03 1.217122066086052001e+00
-8.174838769293783116e+03 1.218252315203624203e+00
-8.168168154222955309e+03 1.219384861668018516e+00
-8.161497539152126592e+03 1.220519716426174517e+00
-8.154826924081296966e+03 1.221656893281797496e+00
-8.148156309010467339e+03 1.222796410343110374e+00
-8.141485693939639532e+03 1.223938292768166125e+00
-8.134815078868810815e+03 1.225082577595043132e+00
-8.128144463797981189e+03 1.226229323197228771e+00
-8.121473848727153381e+03 1.227378629536985288e+00
-8.114803233656324664e+03 1.228530686836979857e+00
-8.108132618585495038e+03 1.229685913919888574e+00
-8.101462003514667231e+03 1.230845464887387219e+00
-8.094791388443838514e+03 1.232014166025638069e+00
-8.088120773373008888e+03 1.233273854758486499e+00
-8.081450158302181080e+03 1.234269808757961107e+00
-8.074779543231352363e+03 1.235458255460575083e+00
-8.068108928160522737e+03 1.236631788980626201e+00
-8.061438313089694020e+03 1.237804289133052293e+00
-8.054767698018866213e+03 1.238977994388626991e+00
-8.048097082948036586e+03 1.240153652431866371e+00
-8.041426467877206960e+03 1.241331669487730327e+00
-8.034755852806380062e+03 1.242512413116842795e+00
-8.028085237735550436e+03 1.243696405628633261e+00
-8.021414622664720810e+03 1.244884663910888811e+00
-8.014744007593893002e+03 1.246079768565939272e+00
-8.008073392523064285e+03 1.247291192163251905e+00
-8.001402777452234659e+03 1.248606500998946212e+00
-7.994732162381406852e+03 1.249433547380315979e+00
-7.988061547310578135e+03 1.250743288842476097e+00
-7.981390932239748508e+03 1.251962589793751635e+00
-7.974720317168919792e+03 1.253170463135879320e+00
-7.968049702098091984e+03 1.254375913819439914e+00
-7.961379087027262358e+03 1.255581403802451312e+00
-7.954708471956433641e+03 1.256787871536423795e+00
-7.948037856885605834e+03 1.257995743964773538e+00
-7.941367241814776207e+03 1.259205235380842947e+00
-7.934696626743947490e+03 1.260416457700240356e+00
-7.928026011673119683e+03 1.261629467682627403e+00
-7.921355396602290057e+03 1.262844290668590164e+00
-7.914684781531460430e+03 1.264060926216520775e+00
-7.908014166460633533e+03 1.265279364953316277e+00
-7.901343551389803906e+03 1.266499584857278871e+00
-7.894672936318974280e+03 1.267721551406795433e+00
-7.888002321248146472e+03 1.268945224213283707e+00
-7.881331706177317756e+03 1.270170554480530622e+00
-7.874661091106488129e+03 1.271397485588257492e+00
-7.867990476035659412e+03 1.272625952854920195e+00
-7.861319860964831605e+03 1.273855883094072938e+00
-7.854649245894001979e+03 1.275087193941615515e+00
-7.847978630823173262e+03 1.276319792984181856e+00
-7.841308015752345455e+03 1.277553576698393423e+00
-7.834637400681515828e+03 1.278788429141960670e+00
-7.827966785610687111e+03 1.280024220435328486e+00
-7.821296170539859304e+03 1.281260804924047925e+00
-7.814625555469029678e+03 1.282498019020815061e+00
-7.807954940398200961e+03 1.283735678667526914e+00
-7.801284325327373153e+03 1.284973576305629583e+00
-7.794613710256543527e+03 1.286211477266931524e+00
-7.787943095185713901e+03 1.287449115494100127e+00
-7.781272480114885184e+03 1.288686188375909536e+00
-7.774601865044057377e+03 1.289922350538404761e+00
-7.767931249973227750e+03 1.291157206301458027e+00
-7.761260634902399033e+03 1.292390300493115873e+00
-7.754590019831571226e+03 1.293621107182228780e+00
-7.747919404760741600e+03 1.294849016130629415e+00
-7.741248789689912883e+03 1.296073309514439220e+00
-7.734578174619085075e+03 1.297293158764081467e+00
-7.727907559548255449e+03 1.298507569036928322e+00
-7.721236944477426732e+03 1.299715364371080595e+00
-7.714566329406598925e+03 1.300915134057856859e+00
-7.707895714335769298e+03 1.302105172929287402e+00
-7.701225099264940582e+03 1.303283401157070642e+00
-7.694554484194110955e+03 1.304447256534680966e+00
-7.687883869123283148e+03 1.305593548419067274e+00
-7.681213254052454431e+03 1.306718260540840282e+00
-7.674542638981624805e+03 1.307816321882506960e+00
-7.667872023910796997e+03 1.308888591962318104e+00
-7.661201408839968281e+03 1.309901693502139031e+00
-7.654530793769138654e+03 1.310869317650653842e+00
-7.647860178698310847e+03 1.311765465065276359e+00
-7.641189563627481220e+03 1.312566231446103293e+00
-7.634518948556652504e+03 1.313236011920500657e+00
-7.627848333485824696e+03 1.313719625338322983e+00
-7.621177718414995070e+03 1.313926771334550825e+00
-7.614507103344166353e+03 1.313698829398404433e+00
-7.607836488273336727e+03 1.312729193061060284e+00
-7.601165873202508919e+03 1.310338216366830455e+00
-7.594495258131680202e+03 1.304657927466302159e+00
-7.587824643060850576e+03 1.288018228753342376e+00
-7.581154027990022769e+03 1.146178024897054115e+00
-7.574483412919194052e+03 1.406557903166669732e+00
-7.567812797848364426e+03 1.364418021062774544e+00
-7.561142182777536618e+03 1.354380277825755874e+00
-7.554471567706707901e+03 1.350504853982025688e+00
-7.547800952635878275e+03 1.348870671760499462e+00
-7.541130337565050468e+03 1.348302370674185235e+00
-7.534459722494221751e+03 1.348325018015861465e+00
-7.527789107423392124e+03 1.348710009966535450e+00
-7.521118492352562498e+03 1.349333702584535999e+00
-7.514447877281734691e+03 1.350123376963941801e+00
-7.507777262210905974e+03 1.351033469535334097e+00
-7.501106647140076348e+03 1.352033979054787949e+00
-7.494436032069248540e+03 1.353104346159741178e+00
-7.487765416998419823e+03 1.354230004349536332e+00
-7.481094801927590197e+03 1.355400360541128668e+00
-7.474424186856762390e+03 1.356607505213032638e+00
-7.467753571785933673e+03 1.357845427972482755e+00
-7.461082956715104046e+03 1.359109474337245604e+00
-7.454412341644276239e+03 1.360395983878599946e+00
-7.447741726573447522e+03 1.361702037722877900e+00
-7.441071111502617896e+03 1.363025279123483591e+00
-7.434400496431790089e+03 1.364363783548020459e+00
-7.427729881360961372e+03 1.365715963008653944e+00
-7.421059266290131745e+03 1.367080494525977130e+00
-7.414388651219302119e+03 1.368456265893677193e+00
-7.407718036148475221e+03 1.369842333889591091e+00
-7.401047421077645595e+03 1.371237892008267067e+00
-7.394376806006815968e+03 1.372642244720588600e+00
-7.387706190935988161e+03 1.374054787196301364e+00
-7.381035575865159444e+03 1.375474988839535451e+00
-7.374364960794329818e+03 1.376902379847558144e+00
-7.367694345723502011e+03 1.378336540041076752e+00
-7.361023730652673294e+03 1.379777089455779704e+00
-7.354353115581843667e+03 1.381223680226009831e+00
-7.347682500511015860e+03 1.382675989420221851e+00
-7.341011885440187143e+03 1.384133712512571446e+00
-7.334341270369357517e+03 1.385596557143953467e+00
-7.327670655298528800e+03 1.387064234931125517e+00
-7.321000040227700993e+03 1.388536474361106610e+00
-7.314329425156871366e+03 1.390012963018502523e+00
-7.307658810086042649e+03 1.391493406247122921e+00
-7.300988195015214842e+03 1.392977475403486487e+00
-7.294317579944385216e+03 1.394464810479380423e+00
-7.287646964873555589e+03 1.395955006459043579e+00
-7.280976349802728691e+03 1.397447596821259408e+00
-7.274305734731899065e+03 1.398942031889398363e+00
-7.267635119661069439e+03 1.400437649610570379e+00
-7.260964504590242541e+03 1.401933635197031069e+00
-7.254293889519412915e+03 1.403428963962621623e+00
-7.247623274448583288e+03 1.404922318279941518e+00
-7.240952659377754571e+03 1.406411964249510538e+00
-7.234282044306926764e+03 1.407895560542657742e+00
-7.227611429236097138e+03 1.409369855959224482e+00
-7.220940814165268421e+03 1.410830186049547130e+00
-7.214270199094440613e+03 1.412269597698786239e+00
-7.207599584023610987e+03 1.413677233236410702e+00
-7.200928968952782270e+03 1.415035123747719670e+00
-7.194258353881954463e+03 1.416311205067371626e+00
-7.187587738811124837e+03 1.417442096653246164e+00
-7.180917123740296120e+03 1.418282476463732289e+00
-7.174246508669468312e+03 1.418409344668455363e+00
-7.167575893598638686e+03 1.415852043633417212e+00
-7.160905278527809969e+03 1.324503855493670557e+00
-7.154234663456980343e+03 1.438265708504333773e+00
-7.147564048386152535e+03 1.434378081972802921e+00
-7.140893433315322909e+03 1.434280921916055496e+00
-7.134222818244494192e+03 1.435067172519608247e+00
-7.127552203173666385e+03 1.436199535632323387e+00
-7.120881588102836758e+03 1.437504559305254448e+00
-7.114210973032008042e+03 1.438909245187696140e+00
-7.107540357961180234e+03 1.440377526234040140e+00
-7.100869742890350608e+03 1.441889535275170831e+00
-7.094199127819521891e+03 1.443433429338540464e+00
-7.087528512748694084e+03 1.445001711465216276e+00
-7.080857897677864457e+03 1.446589406136769007e+00
-7.074187282607035741e+03 1.448193082391850517e+00
-7.067516667536206114e+03 1.449810299014490989e+00
-7.060846052465378307e+03 1.451439272961937865e+00
-7.054175437394549590e+03 1.453078672110643454e+00
-7.047504822323719964e+03 1.454727482448306297e+00
-7.040834207252892156e+03 1.456384919298673308e+00
-7.034163592182063439e+03 1.458050366792787544e+00
-7.027492977111233813e+03 1.459723335608987593e+00
-7.020822362040406006e+03 1.461403432824782911e+00
-7.014151746969576379e+03 1.463090340022858094e+00
-7.007481131898747662e+03 1.464783797126128828e+00
-7.000810516827919855e+03 1.466483590320267094e+00
-6.994139901757090229e+03 1.468189542856180196e+00
-6.987469286686261512e+03 1.469901508042068095e+00
-6.980798671615433705e+03 1.471619362822093047e+00
-6.974128056544604078e+03 1.473343006997208438e+00
-6.967457441473775361e+03 1.475072354124634888e+00
-6.960786826402945735e+03 1.476807333503205477e+00
-6.954116211332117928e+03 1.478547886146428070e+00
-6.947445596261289211e+03 1.480293963277087732e+00
-6.940774981190459584e+03 1.482045524932732228e+00
-6.934104366119631777e+03 1.483802538819182004e+00
-6.927433751048803060e+03 1.485564979411091446e+00
-6.920763135977973434e+03 1.487332827193242002e+00
-6.914092520907145627e+03 1.489106068148884576e+00
-6.907421905836316910e+03 1.490884694661025245e+00
-6.900751290765487283e+03 1.492668696697424524e+00
-6.894080675694659476e+03 1.494458081142348016e+00
-6.887410060623829850e+03 1.496252849753800573e+00
-6.880739445553001133e+03 1.498053011784432620e+00
-6.874068830482171506e+03 1.499858581165342652e+00
-6.867398215411343699e+03 1.501669577038640790e+00
-6.860727600340514982e+03 1.503486024478795979e+00
-6.854056985269686265e+03 1.505307955550883481e+00
-6.847386370198857549e+03 1.507135410843818191e+00
-6.840715755128028832e+03 1.508968441706847186e+00
-6.834045140057200115e+03 1.510807113529385681e+00
-6.827374524986370488e+03 1.512651510587235570e+00
-6.820703909915542681e+03 1.514501743009289303e+00
-6.814033294844713055e+03 1.516357962523280589e+00
-6.807362679773884338e+03 1.518220369313302731e+00
-6.800692064703056531e+03 1.520089258847175717e+00
-6.794021449632226904e+03 1.521965066460200688e+00
-6.787350834561398187e+03 1.523848473785389235e+00
-6.780680219490570380e+03 1.525740616940818084e+00
-6.774009604419740754e+03 1.527643551116014464e+00
-6.767338989348912037e+03 1.529561433020931061e+00
-6.760668374278083320e+03 1.531504163768583338e+00
-6.753997759207254603e+03 1.533502635710717765e+00
-6.747327144136425886e+03 1.535727498475361275e+00
-6.740656529065597169e+03 1.532519325835824286e+00
-6.733985913994768453e+03 1.538482152371975165e+00
-6.727315298923938826e+03 1.540629421152869716e+00
-6.720644683853111019e+03 1.542638328209652743e+00
-6.713974068782282302e+03 1.544613784369639697e+00
-6.707303453711452676e+03 1.546578701051869675e+00
-6.700632838640623959e+03 1.548541019956906739e+00
-6.693962223569796151e+03 1.550504230753360302e+00
-6.687291608498966525e+03 1.552470113896127657e+00
-6.680620993428137808e+03 1.554439678353544574e+00
-6.673950378357309091e+03 1.556413543429446600e+00
-6.667279763286480375e+03 1.558392115526030297e+00
-6.660609148215651658e+03 1.560375683984181361e+00
-6.653938533144822941e+03 1.562364819260746218e+00
-6.647267918073994224e+03 1.564358345989880661e+00
-6.640597303003165507e+03 1.566357885112823256e+00
-6.633926687932336790e+03 1.568362940309672382e+00
-6.627256072861508073e+03 1.570373608108339036e+00
-6.620585457790678447e+03 1.572389957531284965e+00
-6.613914842719850640e+03 1.574412046701905821e+00
-6.607244227649021923e+03 1.576439926754318099e+00
-6.600573612578192296e+03 1.578473643901577406e+00
-6.593902997507364489e+03 1.580513240841824318e+00
-6.587232382436534863e+03 1.582558758149338329e+00
-6.580561767365706146e+03 1.584610236525667126e+00
-6.573891152294877429e+03 1.586667725339601986e+00
-6.567220537224048712e+03 1.588731387168855980e+00
-6.560549922153219995e+03 1.590800343314835663e+00
-6.553879307082391279e+03 1.592876149273728448e+00
-6.547208692011562562e+03 1.594957917639071576e+00
-6.540538076940733845e+03 1.597045810499690743e+00
-6.533867461869905128e+03 1.599139871735393958e+00
-6.527196846799076411e+03 1.601240134091222567e+00
-6.520526231728247694e+03 1.603346627367270960e+00
-6.513855616657418068e+03 1.605459380077728815e+00
-6.507185001586590261e+03 1.607578419925397961e+00
-6.500514386515760634e+03 1.609703773948095273e+00
-6.493843771444931917e+03 1.611835468540820937e+00
-6.487173156374104110e+03 1.613973529420087649e+00
-6.480502541303274484e+03 1.616117981520212021e+00
-6.473831926232445767e+03 1.618268848863994691e+00
-6.467161311161617959e+03 1.620426154348657333e+00
-6.460490696090788333e+03 1.622589919481255416e+00
-6.453820081019959616e+03 1.624760164006322283e+00
-6.447149465949130899e+03 1.626936905389541055e+00
-6.440478850878302183e+03 1.629120158118027462e+00
-6.433808235807473466e+03 1.631309932671658247e+00
-6.427137620736644749e+03 1.633506233949503450e+00
-6.420467005665816032e+03 1.635709058526969351e+00
-6.413796390594987315e+03 1.637918388423534877e+00
-6.407125775524158598e+03 1.640134165103184438e+00
-6.400455160453329881e+03 1.642355642439501384e+00
-6.393784545382500255e+03 1.644585647804257089e+00
-6.387113930311671538e+03 1.646820475360933456e+00
-6.380443315240843731e+03 1.649061523345434654e+00
-6.373772700170014105e+03 1.651308421529360082e+00
-6.367102085099185388e+03 1.653560687842372978e+00
-6.360431470028356671e+03 1.655817499029309969e+00
-6.353760854957527954e+03 1.658077308726925159e+00
-6.347090239886699237e+03 1.660336863159833420e+00
-6.340419624815870520e+03 1.662588030470567135e+00
-6.333749009745041803e+03 1.664803408027157205e+00
-6.327078394674213087e+03 1.666797667063560695e+00
-6.320407779603384370e+03 1.670815997016930732e+00
-6.313737164532555653e+03 1.672222216283358209e+00
-6.307066549461726026e+03 1.674425427868421190e+00
-6.300395934390898219e+03 1.676708865112350288e+00
-6.293725319320069502e+03 1.679021776220338324e+00
-6.287054704249239876e+03 1.681351711362274237e+00
-6.280384089178412069e+03 1.683694153994381493e+00
-6.273713474107582442e+03 1.686047099872231003e+00
-6.267042859036753725e+03 1.688409561947777249e+00
-6.260372243965925009e+03 1.690781062815562841e+00
-6.253701628895096292e+03 1.693161494660329947e+00
-6.247031013824267575e+03 1.695551357159429173e+00
-6.240360398753438858e+03 1.697954260491132850e+00
-6.233689783682610141e+03 1.700163570136749236e+00
-6.227019168611781424e+03 1.702744100252589599e+00
-6.220348553540952707e+03 1.705169730993486121e+00
-6.213677938470123991e+03 1.707599590138362045e+00
-6.207007323399295274e+03 1.710036458822262073e+00
-6.200336708328465647e+03 1.712480935163784190e+00
-6.193666093257637840e+03 1.714933236723707122e+00
-6.186995478186809123e+03 1.717393472442821034e+00
-6.180324863115979497e+03 1.719861711766622170e+00
-6.173654248045151689e+03 1.722338007699198092e+00
-6.166983632974322063e+03 1.724822405944120618e+00
-6.160313017903493346e+03 1.727314949181835591e+00
-6.153642402832665539e+03 1.729815680711969783e+00
-6.146971787761835913e+03 1.732324680794411487e+00
-6.140301172691007196e+03 1.734841796408019832e+00
-6.133630557620178479e+03 1.737367329788623405e+00
-6.126959942549349762e+03 1.739901193913237165e+00
-6.120289327478521045e+03 1.742443439868415433e+00
-6.113618712407692328e+03 1.744994110181776303e+00
-6.106948097336863611e+03 1.747553246718773545e+00
-6.100277482266034895e+03 1.750120891514563848e+00
-6.093606867195206178e+03 1.752697086938865390e+00
-6.086936252124377461e+03 1.755281875766061095e+00
-6.080265637053547835e+03 1.757875301167104665e+00
-6.073595021982719118e+03 1.760477406741093542e+00
-6.066924406911891310e+03 1.763088236463513869e+00
-6.060253791841061684e+03 1.765707834536909271e+00
-6.053583176770232967e+03 1.768336247554092910e+00
-6.046912561699404250e+03 1.770973517693898103e+00
-6.040241946628575533e+03 1.773619692524951441e+00
-6.033571331557746817e+03 1.776274817801195782e+00
-6.026900716486918100e+03 1.778938939959466170e+00
-6.020230101416089383e+03 1.781612105856644090e+00
-6.013559486345260666e+03 1.784294362787358423e+00
-6.006888871274431949e+03 1.786985758492442233e+00
-6.000218256203603232e+03 1.789686341251134571e+00
-5.993547641132773606e+03 1.792396160235685709e+00
-5.986877026061945799e+03 1.795115268107099649e+00
-5.980206410991117082e+03 1.797844553737619755e+00
-5.973535795920287455e+03 1.800581482800499566e+00
-5.966865180849459648e+03 1.803328737279833005e+00
-5.960194565778630931e+03 1.806085467006925072e+00
-5.953523950707801305e+03 1.808851725189626336e+00
-5.946853335636972588e+03 1.811627560436099627e+00
-5.940182720566143871e+03 1.814413017943126594e+00
-5.933512105495315154e+03 1.817208135939432756e+00
-5.926841490424486437e+03 1.820012934883560973e+00
-5.920170875353657721e+03 1.822827380090161098e+00
-5.913500260282829004e+03 1.825651193540952955e+00
-5.906829645212000287e+03 1.828481390156721620e+00
-5.900159030141171570e+03 1.831339209354478026e+00
-5.893488415070342853e+03 1.834189540225431347e+00
-5.886817799999513227e+03 1.837053483361942963e+00
-5.880147184928685419e+03 1.839928150548471919e+00
-5.873476569857856703e+03 1.842813292516163104e+00
-5.866805954787027076e+03 1.845708930161600980e+00
-5.860135339716199269e+03 1.848615173471230833e+00
-5.853464724645369643e+03 1.851532213439240238e+00
-5.846794109574540926e+03 1.854460376579728065e+00
-5.840123494503713118e+03 1.857400291625797450e+00
-5.833452879432883492e+03 1.860353433534521317e+00
-5.826782264362054775e+03 1.863324559704539585e+00
-5.820111649291226058e+03 1.866344139920831591e+00
-5.813441034220397341e+03 1.868989820201008900e+00
-5.806770419149568625e+03 1.872171100497084018e+00
-5.800099804078739908e+03 1.875193985488539772e+00
-5.793429189007911191e+03 1.878213829307004090e+00
-5.786758573937082474e+03 1.881240466183095483e+00
-5.780087958866253757e+03 1.884276310880665495e+00
-5.773417343795425040e+03 1.887322277038526286e+00
-5.766746728724595414e+03 1.890378810127884668e+00
-5.760076113653766697e+03 1.893446170864662159e+00
-5.753405498582938890e+03 1.896524535147719792e+00
-5.746734883512109263e+03 1.899614035609475726e+00
-5.740064268441280547e+03 1.902714781024667179e+00
-5.733393653370452739e+03 1.905826866185331925e+00
-5.726723038299623113e+03 1.908950374240630854e+00
-5.720052423228794396e+03 1.912085397551271715e+00
-5.713381808157965679e+03 1.915232001128931438e+00
-5.706711193087136962e+03 1.918390265180035303e+00
-5.700040578016308245e+03 1.921560263442389616e+00
-5.693369962945479529e+03 1.924742068758225289e+00
-5.686699347874650812e+03 1.927935753195210822e+00
-5.680028732803821185e+03 1.931141388103752021e+00
-5.673358117732993378e+03 1.934359043783107746e+00
-5.666687502662164661e+03 1.937588788454530420e+00
-5.660016887591335035e+03 1.940830685108192455e+00
-5.653346272520507227e+03 1.944084779865298929e+00
-5.646675657449678511e+03 1.947351038174409688e+00
-5.640005042378848884e+03 1.950628163031863149e+00
-5.633334427308021077e+03 1.953923204995329010e+00
-5.626663812237191451e+03 1.957226375926380157e+00
-5.619993197166362734e+03 1.960542736577972622e+00
-5.613322582095534017e+03 1.963871895746554852e+00
-5.606651967024705300e+03 1.967213864331766926e+00
-5.599981351953876583e+03 1.970568700488451119e+00
-5.593310736883047866e+03 1.973936474624970572e+00
-5.586640121812219149e+03 1.977317261810161320e+00
-5.579969506741390433e+03 1.980711139410571198e+00
-5.573298891670560806e+03 1.984118185868808393e+00
-5.566628276599732999e+03 1.987538477383741009e+00
-5.559957661528904282e+03 1.990972184741275575e+00
-5.553287046458074656e+03 1.994419176611524458e+00
-5.546616431387246848e+03 1.997879715222355967e+00
-5.539945816316417222e+03 2.001353838975076460e+00
-5.533275201245588505e+03 2.004841631599772800e+00
-5.526604586174760698e+03 2.008343179582847693e+00
-5.519933971103931071e+03 2.011858571062451251e+00
-5.513263356033102355e+03 2.015387895803296914e+00
-5.506592740962274547e+03 2.018931245365553018e+00
-5.499922125891444921e+03 2.022488713381002778e+00
-5.493251510820616204e+03 2.026060395748442211e+00
-5.486580895749787487e+03 2.029646387001225349e+00
-5.479910280678958770e+03 2.033246809921677833e+00
-5.473239665608130053e+03 2.036861528018654610e+00
-5.466569050537301337e+03 2.040491376259310652e+00
-5.459898435466472620e+03 2.044135741052280242e+00
-5.453227820395642993e+03 2.047795037783347372e+00
-5.446557205324814277e+03 2.051469442563359724e+00
-5.439886590253986469e+03 2.055159188079227928e+00
-5.433215975183156843e+03 2.058864608495324600e+00
-5.426545360112328126e+03 2.062586249392252213e+00
-5.419874745041500319e+03 2.066325165116203344e+00
-5.413204129970670692e+03 2.070083920409512057e+00
-5.406533514899841975e+03 2.073871509856964224e+00
-5.399862899829013259e+03 2.077763559906635304e+00
-5.393192284758184542e+03 2.081187537610277083e+00
-5.386521669687355825e+03 2.085133268750055890e+00
-5.379851054616527108e+03 2.088985249128413546e+00
-5.373180439545698391e+03 2.092838416525505174e+00
-5.366509824474868765e+03 2.096702778429454739e+00
-5.359839209404040957e+03 2.100581102777741460e+00
-5.353168594333212241e+03 2.104474518412611239e+00
-5.346497979262382614e+03 2.108383615233479613e+00
-5.339827364191554807e+03 2.112308765249907516e+00
-5.333156749120726090e+03 2.116250240788181802e+00
-5.326486134049896464e+03 2.120208265844410356e+00
-5.319815518979068656e+03 2.124183041754144519e+00
-5.313144903908239030e+03 2.128174762115802476e+00
-5.306474288837410313e+03 2.132183623384426685e+00
-5.299803673766581596e+03 2.136209834431365362e+00
-5.293133058695752879e+03 2.140253627596735431e+00
-5.286462443624924163e+03 2.144315273794428212e+00
-5.279791828554095446e+03 2.148395106086989692e+00
-5.273121213483266729e+03 2.152493559447668847e+00
-5.266450598412438012e+03 2.156611243138818246e+00
-5.259779983341608386e+03 2.160749083135784065e+00
-5.253109368270780578e+03 2.164908630110943033e+00
-5.246438753199951861e+03 2.169092812795231584e+00
-5.239768138129122235e+03 2.173308127979546978e+00
-5.233097523058294428e+03 2.177572955066623184e+00
-5.226426907987464801e+03 2.181969427008190632e+00
-5.219756292916636085e+03 2.188836772204800329e+00
-5.213085677845808277e+03 2.189566798236041389e+00
-5.206415062774978651e+03 2.194117055092845714e+00
-5.199744447704149934e+03 2.198492616595588256e+00
-5.193073832633322127e+03 2.202844238857863957e+00
-5.186403217562492500e+03 2.207198571455321279e+00
-5.179732602491663783e+03 2.211564147832828731e+00
-5.173061987420835067e+03 2.215944600609309312e+00
-5.166391372350006350e+03 2.220341782069626735e+00
-5.159720757279177633e+03 2.224756770166856690e+00
-5.153050142208348916e+03 2.229190262033348358e+00
-5.146379527137520199e+03 2.233642749637398062e+00
-5.139708912066690573e+03 2.238114612044776131e+00
-5.133038296995861856e+03 2.242606144321107386e+00
-5.126367681925034049e+03 2.247117608301372194e+00
-5.119697066854204422e+03 2.251649234452353099e+00
-5.113026451783375705e+03 2.256201230174370131e+00
-5.106355836712547898e+03 2.260773791392081122e+00
-5.099685221641718272e+03 2.265367105015966498e+00
-5.093014606570889555e+03 2.269981352219939463e+00
-5.086343991500060838e+03 2.274616711122765089e+00
-5.079673376429232121e+03 2.279273359932412202e+00
-5.073002761358403404e+03 2.283951483214473832e+00
-5.066332146287574687e+03 2.288651294786222756e+00
-5.059661531216745971e+03 2.293373215297693779e+00
-5.052990916145917254e+03 2.298110773305034993e+00
-5.046320301075088537e+03 2.302880679868982483e+00
-5.039649686004259820e+03 2.307668815381754612e+00
-5.032979070933430194e+03 2.312479233646498766e+00
-5.026308455862602386e+03 2.317312248494626914e+00
-5.019637840791773669e+03 2.322168073000459465e+00
-5.012967225720944043e+03 2.327046910113323541e+00
-5.006296610650116236e+03 2.331948976348506619e+00
-4.999625995579286609e+03 2.336874532924112291e+00
-4.992955380508457893e+03 2.341823984679681114e+00
-4.986284765437629176e+03 2.346798416485446293e+00
-4.979614150366800459e+03 2.351809686404330080e+00
-4.972943535295971742e+03 2.356799264889156920e+00
-4.966272920225143025e+03 2.361849789859589599e+00
-4.959602305154314308e+03 2.366920077341369666e+00
-4.952931690083485591e+03 2.372014112653216600e+00
-4.946261075012655965e+03 2.377132624987277509e+00
-4.939590459941828158e+03 2.382275963678734065e+00
-4.932919844870999441e+03 2.387444384620279081e+00
-4.926249229800169815e+03 2.392638112367484915e+00
-4.919578614729342007e+03 2.397857358969786468e+00
-4.912907999658512381e+03 2.403102330289907496e+00
-4.906237384587683664e+03 2.408373225812654450e+00
-4.899566769516855857e+03 2.413670223459406738e+00
-4.892896154446026230e+03 2.418993285692025541e+00
-4.886225539375197513e+03 2.424344691294807674e+00
-4.879554924304369706e+03 2.429720941617485863e+00
-4.872884309233540080e+03 2.435124660502708593e+00
-4.866213694162711363e+03 2.440555675160808846e+00
-4.859543079091882646e+03 2.446014182170543894e+00
-4.852872464021053929e+03 2.451500418753719490e+00
-4.846201848950225212e+03 2.457014647684348851e+00
-4.839531233879396495e+03 2.462557167316395290e+00
-4.832860618808567779e+03 2.468128341797937608e+00
-4.826190003737739062e+03 2.473728679837889910e+00
-4.819519388666909435e+03 2.479359074724564405e+00
-4.812848773596081628e+03 2.485021784197956496e+00
-4.806178158525252002e+03 2.490727613674198260e+00
-4.799507543454423285e+03 2.495677968563224880e+00
-4.792836928383595477e+03 2.502110975552115146e+00
-4.786166313312765851e+03 2.507902911590076833e+00
-4.779495698241937134e+03 2.513713551764151788e+00
-4.772825083171108417e+03 2.519551649841181185e+00
-4.766154468100279701e+03 2.525419232869789088e+00
-4.759483853029450984e+03 2.531317162004527610e+00
-4.752813237958622267e+03 2.537245962646276887e+00
-4.746142622887793550e+03 2.543206036498453226e+00
-4.739472007816964833e+03 2.549197733701066948e+00
-4.732801392746136116e+03 2.555221382708843691e+00
-4.726130777675307399e+03 2.561277304967734647e+00
-4.719460162604477773e+03 2.567365823152082616e+00
-4.712789547533649966e+03 2.573487239331144316e+00
-4.706118932462821249e+03 2.579642026468358385e+00
-4.699448317391991623e+03 2.585830416502014728e+00
-4.692777702321163815e+03 2.592052893808143743e+00
-4.686107087250334189e+03 2.598309950953730407e+00
-4.679436472179505472e+03 2.604602208997843782e+00
-4.672765857108676755e+03 2.610930524829674582e+00
-4.666095242037848038e+03 2.617296240829756648e+00
-4.659424626967019321e+03 2.623701843961520286e+00
-4.652754011896190605e+03 2.630153111028524116e+00
-4.646083396825361888e+03 2.636669005207503691e+00
-4.639412781754533171e+03 2.643381473533025439e+00
-4.632742166683703545e+03 2.648871588169547486e+00
-4.626071551612875737e+03 2.655958509607344364e+00
-4.619400936542047020e+03 2.662641865848972778e+00
-4.612730321471217394e+03 2.669317678838084795e+00
-4.606059706400389587e+03 2.676017236697130208e+00
-4.599389091329560870e+03 2.682748639658596002e+00
-4.592718476258731243e+03 2.689515091640330091e+00
-4.586047861187903436e+03 2.696318238676383316e+00
-4.579377246117073810e+03 2.703159105502568771e+00
-4.572706631046245093e+03 2.710038430625929085e+00
-4.566036015975417286e+03 2.716956807581031086e+00
-4.559365400904587659e+03 2.723914780233243516e+00
-4.552694785833758942e+03 2.730912703416469078e+00
-4.546024170762930225e+03 2.737951147384721118e+00
-4.539353555692101509e+03 2.745030485624615491e+00
-4.532682940621272792e+03 2.752151135850312791e+00
-4.526012325550444075e+03 2.759313509326511760e+00
-4.519341710479615358e+03 2.766518014799948411e+00
-4.512671095408786641e+03 2.773765060270424243e+00
-4.506000480337957924e+03 2.781055053706783742e+00
-4.499329865267129207e+03 2.788388402413393585e+00
-4.492659250196299581e+03 2.795765509265323079e+00
-4.485988635125470864e+03 2.803186757300364818e+00
-4.479318020054643057e+03 2.810652424521671300e+00
-4.472647404983813431e+03 2.818161221849543541e+00
-4.465976789912984714e+03 2.825722831922705236e+00
-4.459306174842155997e+03 2.833324200363808387e+00
-4.452635559771327280e+03 2.840972826300466547e+00
-4.445964944700498563e+03 2.848668433234835540e+00
-4.439294329629669846e+03 2.856411378424118741e+00
-4.432623714558841129e+03 2.864202094773460328e+00
-4.425953099488012413e+03 2.872041038331686558e+00
-4.419282484417183696e+03 2.879928677139949489e+00
-4.412611869346354979e+03 2.887865487816865251e+00
-4.405941254275525353e+03 2.895851954037447662e+00
-4.399270639204697545e+03 2.903888564885666046e+00
-4.392600024133868828e+03 2.911975809165574081e+00
-4.385929409063039202e+03 2.920114124980655035e+00
-4.379258793992211395e+03 2.928305062622803323e+00
-4.372588178921382678e+03 2.936546865102608095e+00
-4.365917563850553051e+03 2.944841836411064673e+00
-4.359246948779724335e+03 2.953190106384929958e+00
-4.352576333708895618e+03 2.961592199904041323e+00
-4.345905718638066901e+03 2.970048671318528566e+00
-4.339235103567238184e+03 2.978560092543547366e+00
-4.332564488496409467e+03 2.987127056074432296e+00
-4.325893873425580750e+03 2.995750186553272520e+00
-4.319223258354751124e+03 3.004430171537335159e+00
-4.312552643283923317e+03 3.013167855416547525e+00
-4.305882028213094600e+03 3.021964619486012360e+00
-4.299211413142264973e+03 3.030825084884497311e+00
-4.292540798071437166e+03 3.038695734176635632e+00
-4.285870183000608449e+03 3.048676114585834540e+00
-4.279199567929778823e+03 3.057714732114217959e+00
-4.272528952858951016e+03 3.066808893667682501e+00
-4.265858337788121389e+03 3.075962868813180595e+00
-4.259187722717292672e+03 3.085177802508153988e+00
-4.252517107646464865e+03 3.094454118823353639e+00
-4.245846492575635239e+03 3.103791634190144588e+00
-4.239175877504806522e+03 3.113188964963614858e+00
-4.232505262433977805e+03 3.122641207185388623e+00
-4.225834647363149088e+03 3.132127955447427059e+00
-4.219164032292320371e+03 3.141445899429380351e+00
-4.212493417221491654e+03 3.151912058183978349e+00
-4.205822802150662937e+03 3.161417920782453983e+00
-4.199152187079834221e+03 3.171180727113581899e+00
-4.192481572009005504e+03 3.181042064095847000e+00
-4.185810956938176787e+03 3.190983938310599122e+00
-4.179140341867347161e+03 3.201001991308930261e+00
-4.172469726796518444e+03 3.211095086969546486e+00
-4.165799111725690636e+03 3.221263189209350841e+00
-4.159128496654861010e+03 3.231506732475165844e+00
-4.152457881584032293e+03 3.241826389464951497e+00
-4.145787266513204486e+03 3.252222972347479590e+00
-4.139116651442374859e+03 3.262697386760169849e+00
-4.132446036371546143e+03 3.273250610246260184e+00
-4.125775421300717426e+03 3.283883660501995205e+00
-4.119104806229888709e+03 3.294597664785223312e+00
-4.112434191159059992e+03 3.305393739453286628e+00
-4.105763576088231275e+03 3.316273088643465705e+00
-4.099092961017402558e+03 3.327236968997391298e+00
-4.092422345946573387e+03 3.338286699408535174e+00
-4.085751730875744670e+03 3.349423667514748182e+00
-4.079081115804916408e+03 3.360649337529403979e+00
-4.072410500734087236e+03 3.371965259418451488e+00
-4.065739885663258519e+03 3.383373078418936863e+00
-4.059069270592430257e+03 3.394874533282446372e+00
-4.052398655521600631e+03 3.406470887688736848e+00
-4.045728040450772369e+03 3.418166639272964602e+00
-4.039057425379943197e+03 3.429961110348850539e+00
-4.032386810309114480e+03 3.441857970004415623e+00
-4.025716195238286218e+03 3.453859884320120255e+00
-4.019045580167457047e+03 3.465969885870221479e+00
-4.012374965096628330e+03 3.478191410071773682e+00
-4.005704350025799158e+03 3.490528386773716463e+00
-3.999033734954970441e+03 3.502985367149635820e+00
-3.992363119884142179e+03 3.515567695014585325e+00
-3.985692504813313008e+03 3.528281740349031637e+00
-3.979021889742484291e+03 3.541135222946230954e+00
-3.972351274671656029e+03 3.554137669243588871e+00
-3.965680659600826857e+03 3.567301071202344076e+00
-3.959010044529998140e+03 3.580640858230022872e+00
-3.952339429459168969e+03 3.594177378636843834e+00
-3.945668814388340707e+03 3.607938210508788934e+00
-3.938998199317511990e+03 3.621961933652314780e+00
-3.932327584246682818e+03 3.636304532568455539e+00
-3.925656969175854101e+03 3.651050871751556848e+00
-3.918986354105025839e+03 3.666336632633176329e+00
-3.912315739034196667e+03 3.682393815355823996e+00
-3.905645123963367951e+03 3.699655707153960194e+00
-3.898974508892538779e+03 3.719036885777215584e+00
-3.892303893821710517e+03 3.742857363454847430e+00
-3.885633278750881800e+03 3.779182370483321840e+00
-3.878962663680052628e+03 3.886013683890643389e+00
-3.872292048609224366e+03 3.845478314716826329e+00
-3.865621433538394740e+03 3.705144967483870566e+00
-3.858950818467566478e+03 3.742489947975110365e+00
-3.852280203396737761e+03 3.767440275217771806e+00
-3.845609588325908589e+03 3.787995161507744513e+00
-3.838938973255080327e+03 3.806589220758308301e+00
-3.832268358184251611e+03 3.824183379271825167e+00
-3.825597743113422439e+03 3.841231026574052798e+00
-3.818927128042594177e+03 3.857973992797274487e+00
-3.812256512971764550e+03 3.874553354986371989e+00
-3.805585897900936288e+03 3.891057305513947018e+00
-3.798915282830107571e+03 3.907544548244178628e+00
-3.792244667759278400e+03 3.924053273887838422e+00
-3.785574052688450138e+03 3.940615417608430704e+00
-3.778903437617620966e+03 3.957250645079960716e+00
-3.772232822546792249e+03 3.973976351546076646e+00
-3.765562207475963987e+03 3.990805469847251707e+00
-3.758891592405134816e+03 4.007748702955972853e+00
-3.752220977334306099e+03 4.024814970630673727e+00
-3.745550362263477837e+03 4.042011881323184674e+00
-3.738879747192648210e+03 4.059346064261708520e+00
-3.732209132121819948e+03 4.076823405862391780e+00
-3.725538517050990777e+03 4.094449211833835811e+00
-3.718867901980162060e+03 4.112228264613836615e+00
-3.712197286909333798e+03 4.130163949464983553e+00
-3.705526671838504626e+03 4.148269050444081785e+00
-3.698856056767675909e+03 4.166533657357547327e+00
-3.692185441696847647e+03 4.184970227493992390e+00
-3.685514826626018476e+03 4.203581473146564385e+00
-3.678844211555189759e+03 4.222371110092977275e+00
-3.672173596484360587e+03 4.241342910027482205e+00
-3.665502981413531870e+03 4.260500648262912193e+00
-3.658832366342703608e+03 4.279848108459953338e+00
-3.652161751271874436e+03 4.299389095871998911e+00
-3.645491136201045720e+03 4.319127451973356457e+00
-3.638820521130216548e+03 4.339067069437382962e+00
-3.632149906059388286e+03 4.359211852234839313e+00
-3.625479290988559569e+03 4.379565998233215574e+00
-3.618808675917730397e+03 4.400133490080850862e+00
-3.612138060846901681e+03 4.420918631506498109e+00
-3.605467445776073419e+03 4.441925813490199992e+00
-3.598796830705244247e+03 4.463159588459431504e+00
-3.592126215634415530e+03 4.484624700372485506e+00
-3.585455600563586358e+03 4.506326121964077558e+00
-3.578784985492758096e+03 4.528269102207323371e+00
-3.572114370421929380e+03 4.550459228220885777e+00
-3.565443755351100208e+03 4.572902507896007940e+00
-3.558773140280271946e+03 4.595605482624387506e+00
-3.552102525209442319e+03 4.618575385153900648e+00
-3.545431910138614057e+03 4.641820383723477939e+00
-3.538761295067785341e+03 4.665349783514233906e+00
-3.532090679996956169e+03 4.689174828109024418e+00
-3.525420064926127907e+03 4.713309128827490646e+00
-3.518749449855299190e+03 4.737770133785812909e+00
-3.512078834784470018e+03 4.762581218748816347e+00
-3.505408219713641756e+03 4.787775526034487861e+00
-3.498737604642812130e+03 4.813403291113253601e+00
-3.492066989571983868e+03 4.839547032475700838e+00
-3.485396374501155606e+03 4.866356603800147340e+00
-3.478725759430325979e+03 4.894142867585990153e+00
-3.472055144359497717e+03 4.923688598600386435e+00
-3.465384529288669000e+03 4.957734664583233197e+00
-3.458713914217839829e+03 5.017651250649030281e+00
-3.452043299147011567e+03 4.917812614523022319e+00
-3.445372684076182395e+03 4.998142672708264733e+00
-3.438702069005353678e+03 5.035060324626385864e+00
-3.432031453934525416e+03 5.067034872515350230e+00
-3.425360838863695790e+03 5.097672488377566147e+00
-3.418690223792867528e+03 5.127919852343093332e+00
-3.412019608722038811e+03 5.158137857710018537e+00
-3.405348993651209639e+03 5.188496864691114041e+00
-3.398678378580380922e+03 5.219090067186607840e+00
-3.392007763509552206e+03 5.249974600447234963e+00
-3.385337148438723489e+03 5.281188962378148055e+00
-3.378666533367894772e+03 5.312761261834732629e+00
-3.371995918297066055e+03 5.344713305074570542e+00
-3.365325303226237338e+03 5.377069091838640347e+00
-3.358654688155408621e+03 5.409831096390794514e+00
-3.351984073084579450e+03 5.443025226558607876e+00
-3.345313458013750733e+03 5.476662148862974533e+00
-3.338642842942922016e+03 5.510754780787102902e+00
-3.331972227872093299e+03 5.545315810617243990e+00
-3.325301612801264582e+03 5.580357795989516312e+00
-3.318630997730435865e+03 5.615893282024660316e+00
-3.311960382659606694e+03 5.651934903664819210e+00
-3.305289767588778432e+03 5.688495494797827234e+00
-3.298619152517949260e+03 5.725588349976114877e+00
-3.291948537447120543e+03 5.763231504013472062e+00
-3.285277922376291826e+03 5.801415612939523569e+00
-3.278607307305463110e+03 5.840185500120238515e+00
-3.271936692234634393e+03 5.879540392022700068e+00
-3.265266077163805676e+03 5.919496114127342778e+00
-3.258595462092976504e+03 5.960067854314224256e+00
-3.251924847022148242e+03 6.001271126692902413e+00
-3.245254231951319525e+03 6.043121887674843151e+00
-3.238583616880490354e+03 6.085636583271336164e+00
-3.231913001809661637e+03 6.128832181763111286e+00
-3.225242386738832920e+03 6.172726202377530669e+00
-3.218571771668004203e+03 6.217336743011342648e+00
-3.211901156597175486e+03 6.262682507717252989e+00
-3.205230541526346315e+03 6.308782834419046637e+00
-3.198559926455517598e+03 6.355657723247035484e+00
-3.191889311384689336e+03 6.403327865044204259e+00
-3.185218696313860164e+03 6.451814670572509236e+00
-3.178548081243031447e+03 6.501140299964038860e+00
-3.171877466172202730e+03 6.551327692473791764e+00
-3.165206851101374014e+03 6.602400596209851535e+00
-3.158536236030545297e+03 6.654383597579864862e+00
-3.151865620959716580e+03 6.707302149962214521e+00
-3.145195005888887408e+03 6.761182601034762207e+00
-3.138524390818059146e+03 6.816052217906805488e+00
-3.131853775747229975e+03 6.871939209023547157e+00
-3.125183160676401258e+03 6.928872746759558332e+00
-3.118512545605572541e+03 6.986882950358314304e+00
-3.111841930534743369e+03 7.046000925322059238e+00
-3.105171315463915107e+03 7.106258776234921193e+00
-3.098500700393086390e+03 7.167689454699978313e+00
-3.091830085322257219e+03 7.230326845856239082e+00
-3.085159470251428502e+03 7.294205620885162666e+00
-3.078488855180600240e+03 7.359361134401632754e+00
-3.071818240109771068e+03 7.425829278099721265e+00
-3.065147625038942351e+03 7.493646339251872845e+00
-3.058477009968113634e+03 7.562849048233702298e+00
-3.051806394897284918e+03 7.633475750139184335e+00
-3.045135779826456201e+03 7.705575385275688305e+00
-3.038465164755627029e+03 7.779369568997151596e+00
-3.031794549684798312e+03 7.853798406901487006e+00
-3.025123934613970050e+03 7.930482641370120156e+00
-3.018453319543140879e+03 8.008559226359752259e+00
-3.011782704472312162e+03 8.088092015669804624e+00
-3.005112089401483445e+03 8.169021939969443480e+00
-2.998441474330654273e+03 8.251209730394675645e+00
-2.991770859259826011e+03 8.334386145030043380e+00
-2.985100244188996840e+03 8.418036704533310655e+00
-2.978429629118168123e+03 8.501134356724556085e+00
-2.971759014047339406e+03 8.581430520419912611e+00
-2.965088398976510689e+03 8.653136372857455072e+00
-2.958417783905681972e+03 8.696144630056172886e+00
-2.951747168834853255e+03 8.565169514070952062e+00
-2.945076553764024084e+03 9.746741941415542954e+00
-2.938405938693195822e+03 9.346405571457784944e+00
-2.931735323622367105e+03 9.380563983052931931e+00
-2.925064708551537933e+03 9.464105616172940216e+00
-2.918394093480709216e+03 9.565417934865635630e+00
-2.911723478409880499e+03 9.676614278099542332e+00
-2.905052863339051783e+03 9.794884749914269051e+00
-2.898382248268223066e+03 9.919054865863765613e+00
-2.891711633197393894e+03 1.004861556413690415e+01
-2.885041018126565177e+03 1.018337599501038504e+01
-2.878370403055736915e+03 1.032331824769200068e+01
-2.871699787984907744e+03 1.046852637087097726e+01
-2.865029172914079027e+03 1.061917169844021913e+01
-2.858358557843250310e+03 1.077545360544821840e+01
-2.851687942772421593e+03 1.093763488397665995e+01
-2.845017327701592876e+03 1.110601302123468237e+01
-2.838346712630764159e+03 1.128092408999414964e+01
-2.831676097559934988e+03 1.146274281443667853e+01
-2.825005482489106726e+03 1.165188414797080796e+01
-2.818334867418277554e+03 1.184880593421645223e+01
-2.811664252347448837e+03 1.205401252866112394e+01
-2.804993637276620120e+03 1.226805934549303956e+01
-2.798323022205791403e+03 1.249155836075154191e+01
-2.791652407134962687e+03 1.272518465426388268e+01
-2.784981792064133970e+03 1.296968411956465417e+01
-2.778311176993304798e+03 1.322588252038977785e+01
-2.771640561922476081e+03 1.349469611364518151e+01
-2.764969946851647819e+03 1.377714414437674506e+01
-2.758299331780818648e+03 1.407436355547453211e+01
-2.751628716709989931e+03 1.438762637981763959e+01
-2.744958101639161214e+03 1.471836037801759289e+01
-2.738287486568332497e+03 1.506817363912995589e+01
-2.731616871497503780e+03 1.543888405074729242e+01
-2.724946256426674609e+03 1.583255479247556430e+01
-2.718275641355845892e+03 1.625153733329714001e+01
-2.711605026285017630e+03 1.669852384562402037e+01
-2.704934411214188458e+03 1.717661152855784223e+01
-2.698263796143359741e+03 1.768938214187931735e+01
-2.691593181072531024e+03 1.824100064447451075e+01
-2.684922566001702307e+03 1.883634108852759326e+01
-2.678251950930873591e+03 1.948114195053594599e+01
-2.671581335860044419e+03 2.018220999416100625e+01
-2.664910720789215702e+03 2.094768068438867559e+01
-2.658240105718386985e+03 2.178736018441109934e+01
-2.651569490647558268e+03 2.271317858835066161e+01
-2.644898875576729552e+03 2.373979921198332121e+01
-2.638228260505900835e+03 2.488545044769305292e+01
-2.631557645435071663e+03 2.617308117261206135e+01
-2.624887030364243401e+03 2.763199669873159792e+01
-2.618216415293414684e+03 2.930022606844967825e+01
-2.611545800222585513e+03 3.122802976119881535e+01
-2.604875185151756796e+03 3.348325697168836967e+01
-2.598204570080928079e+03 3.615977233754234987e+01
-2.591533955010099362e+03 3.939125725104945275e+01
-2.584863339939270645e+03 4.337482964409198161e+01
-2.578192724868441474e+03 4.841374220974064713e+01
-2.571522109797613211e+03 5.499993029228193819e+01
-2.564851494726784495e+03 6.398779030929755152e+01
-2.558180879655955323e+03 7.700337649067701307e+01
-2.551510264585126606e+03 9.756959445620609017e+01
-2.544839649514297889e+03 1.350107365526917533e+02
-2.538169034443469172e+03 2.247505147481575705e+02
-2.531498419372640456e+03 7.324614043880436611e+02
-2.524827804301811739e+03 5.380669000590669384e+02
-2.518157189230982567e+03 1.909659059612996259e+02
-2.511486574160154305e+03 1.138261281244655976e+02
-2.504815959089325133e+03 7.984998657394608301e+01
-2.498145344018496417e+03 6.070924359027112871e+01
-2.491474728947667700e+03 4.841607952872836762e+01
-2.484804113876838983e+03 3.984564691220752763e+01
-2.478133498806010266e+03 3.352458046528448676e+01
-2.471462883735181549e+03 2.866770503422343452e+01
-2.464792268664352378e+03 2.481866052485104035e+01
-2.458121653593524115e+03 2.169454213033793621e+01
-2.451451038522695399e+03 1.911114217488969302e+01
-2.444780423451866227e+03 1.694391951120598350e+01
-2.438109808381037510e+03 1.510627476542220116e+01
-2.431439193310208793e+03 1.353682072721510288e+01
-2.424768578239380076e+03 1.219159955100957582e+01
-2.418097963168551360e+03 1.103913832543143414e+01
-2.411427348097722188e+03 1.005717063594929961e+01
-2.404756733026893471e+03 9.230322657926755880e+00
-2.398086117956065209e+03 8.548310698479669512e+00
-2.391415502885236037e+03 8.004349009124979375e+00
-2.384744887814407321e+03 7.593601051198029417e+00
-2.378074272743578604e+03 7.311668405543835902e+00
-2.371403657672749887e+03 7.153286175297438376e+00
-2.364733042601921170e+03 7.111496932185006337e+00
-2.358062427531092453e+03 7.177507303134728289e+00
-2.351391812460263282e+03 7.341200702484001361e+00
-2.344721197389435019e+03 7.592037898599301116e+00
-2.338050582318605848e+03 7.919995976285767014e+00
-2.331379967247777131e+03 8.316290188399721117e+00
-2.324709352176948414e+03 8.773790583517310893e+00
-2.318038737106119243e+03 9.287172062490986590e+00
-2.311368122035290980e+03 9.852889214405360363e+00
-2.304697506964462264e+03 1.046906538758927496e+01
-2.298026891893633092e+03 1.113536134223994978e+01
-2.291356276822804375e+03 1.185286353125484737e+01
-2.284685661751975658e+03 1.262401373572205721e+01
-2.278015046681146941e+03 1.345259124981470400e+01
-2.271344431610318225e+03 1.434375465883869971e+01
-2.264673816539489053e+03 1.530414846163083631e+01
-2.258003201468660791e+03 1.634208640145007863e+01
-2.251332586397832074e+03 1.746782209651546580e+01
-2.244661971327002902e+03 1.869393153731489576e+01
-2.237991356256174186e+03 2.003583898763184834e+01
-2.231320741185345923e+03 2.151253560670869192e+01
-2.224650126114516752e+03 2.314756407358252233e+01
-2.217979511043688035e+03 2.497037991008671298e+01
-2.211308895972859318e+03 2.701825937932413169e+01
-2.204638280902030147e+03 2.933902017432416542e+01
-2.197967665831201884e+03 3.199498275044612328e+01
-2.191297050760372713e+03 3.506888059043017591e+01
-2.184626435689543996e+03 3.867293259203639622e+01
-2.177955820618715279e+03 4.296323938950514076e+01
-2.171285205547886562e+03 4.816354100913654435e+01
-2.164614590477057845e+03 5.460629315116967319e+01
-2.157943975406229129e+03 6.280782821655752457e+01
-2.151273360335399957e+03 7.361588683159443747e+01
-2.144602745264571695e+03 8.852635468488107051e+01
-2.137932130193742978e+03 1.104491123051402184e+02
-2.131261515122913806e+03 1.458958495912220883e+02
-2.124590900052085090e+03 2.130503736462619315e+02
-2.117920284981256373e+03 3.891577358611237969e+02
-2.111249669910427656e+03 2.086043471219916228e+03
-2.104579054839598939e+03 6.331167511019535823e+02
-2.097908439768769767e+03 2.770753811323426135e+02
-2.091237824697941051e+03 1.782039998016641675e+02
-2.084567209627112788e+03 1.317767385739544181e+02
-2.077896594556283617e+03 1.048002339921423953e+02
-2.071225979485454900e+03 8.715946061462828709e+01
-2.064555364414626183e+03 7.471708918300080882e+01
-2.057884749343797466e+03 6.546608437505588540e+01
-2.051214134272968749e+03 5.831496059528702602e+01
-2.044543519202139805e+03 5.261915835370074035e+01
-2.037872904131310861e+03 4.797352912653013846e+01
-2.031202289060482371e+03 4.411061912158464793e+01
-2.024531673989653655e+03 4.084675251166602550e+01
-2.017861058918824710e+03 3.805158448507337710e+01
-2.011190443847995766e+03 3.563011001323469173e+01
-2.004519828777167504e+03 3.351137636117051954e+01
-1.997849213706338560e+03 3.164136537419769368e+01
-1.991178598635509616e+03 2.997821201238551581e+01
-1.984507983564680899e+03 2.848896829196473135e+01
-1.977837368493851955e+03 2.714734825964979237e+01
-1.971166753423023465e+03 2.593212435365549240e+01
-1.964496138352194521e+03 2.482596574809451440e+01
-1.957825523281365804e+03 2.381458280649830073e+01
-1.951154908210536860e+03 2.288608749670953202e+01
-1.944484293139708370e+03 2.203050854631872468e+01
-1.937813678068879426e+03 2.123942050254828473e+01
-1.931143062998050709e+03 2.050565322643073429e+01
-1.924472447927221765e+03 1.982306882306394158e+01
-1.917801832856393276e+03 1.918637923551521496e+01
-1.911131217785564331e+03 1.859100584238941778e+01
-1.904460602714735614e+03 1.803296334658306677e+01
-1.897789987643906670e+03 1.750876661570224258e+01
-1.891119372573078181e+03 1.701535443891011923e+01
-1.884448757502249464e+03 1.655002682384816382e+01
-1.877778142431420520e+03 1.611039310963966287e+01
-1.871107527360591575e+03 1.569432877999271092e+01
-1.864436912289762859e+03 1.529993931983367617e+01
-1.857766297218934369e+03 1.492552981006794077e+01
-1.851095682148105425e+03 1.456957922477729994e+01
-1.844425067077276481e+03 1.423071860109607201e+01
-1.837754452006447764e+03 1.390771241975716954e+01
-1.831083836935619274e+03 1.359944265423752263e+01
-1.824413221864790330e+03 1.330489505293443031e+01
-1.817742606793961386e+03 1.302314729571700447e+01
-1.811071991723132669e+03 1.275335873012759969e+01
-1.804401376652304180e+03 1.249476144337502248e+01
-1.797730761581475235e+03 1.224665246755870740e+01
-1.791060146510646518e+03 1.200838694880930824e+01
-1.784389531439817574e+03 1.177937214368457219e+01
-1.777718916368989085e+03 1.155906217392458224e+01
-1.771048301298160141e+03 1.134695433608061599e+01
-1.764377686227331424e+03 1.114257132936165284e+01
-1.757707071156502479e+03 1.094549972551238071e+01
-1.751036456085673535e+03 1.075532439013074715e+01
-1.744365841014845046e+03 1.057167038759532574e+01
-1.737695225944016329e+03 1.039418243100643835e+01
-1.731024610873187385e+03 1.022252034105295060e+01
-1.724353995802358440e+03 1.005634858361214334e+01
-1.717683380731529951e+03 9.895313251406800958e+00
-1.711012765660701234e+03 9.738977304808150492e+00
-1.704342150589872290e+03 9.586569857852200727e+00
-1.697671535519043573e+03 9.435289973977488032e+00
-1.691000920448214856e+03 8.982732907785557330e+00
-1.684330305377386139e+03 9.178298264235172255e+00
-1.677659690306557195e+03 9.038993688209957966e+00
-1.670989075235728478e+03 8.907430234646282585e+00
-1.664318460164899761e+03 8.780471182009135234e+00
-1.657647845094071045e+03 8.657381996767567145e+00
-1.650977230023242100e+03 8.537823806018273842e+00
-1.644306614952413383e+03 8.421574252512908032e+00
-1.637635999881584667e+03 8.308457287318544715e+00
-1.630965384810755722e+03 8.198317494729638000e+00
-1.624294769739927006e+03 8.091003628114368240e+00
-1.617624154669098289e+03 7.986338755236499054e+00
-1.610953539598269572e+03 7.883972732521967508e+00
-1.604282924527440628e+03 7.779992879546838047e+00
-1.597612309456611911e+03 7.691320626937324434e+00
-1.590941694385783194e+03 7.595569279744845304e+00
-1.584271079314954477e+03 7.503005033757430553e+00
-1.577600464244125533e+03 7.412801052505077593e+00
-1.570929849173297043e+03 7.324764281971371638e+00
-1.564259234102468099e+03 7.238785926239597046e+00
-1.557588619031639382e+03 7.154781491923118963e+00
-1.550918003960810438e+03 7.072677182412228980e+00
-1.544247388889981949e+03 6.992405501820382341e+00
-1.537576773819153004e+03 6.913903457315858425e+00
-1.530906158748324060e+03 6.837111675249849085e+00
-1.524235543677495571e+03 6.761973896342486690e+00
-1.517564928606666626e+03 6.688436663288280570e+00
-1.510894313535837910e+03 6.616448712799804177e+00
-1.504223698465008965e+03 6.545962060750396105e+00
-1.497553083394180476e+03 6.476929868447593108e+00
-1.490882468323351532e+03 6.409307869848151817e+00
-1.484211853252522815e+03 6.343053663966869316e+00
-1.477541238181694098e+03 6.278126680834467344e+00
-1.470870623110865381e+03 6.214488090588806912e+00
-1.464200008040036437e+03 6.152100717947890374e+00
-1.457529392969207720e+03 6.090928963814852715e+00
-1.450858777898379003e+03 6.030938733623331771e+00
-1.444188162827550286e+03 5.972097372047163510e+00
-1.437517547756721342e+03 5.914373603686809311e+00
-1.430846932685892625e+03 5.857737479654256951e+00
-1.424176317615063908e+03 5.802160326455944706e+00
-1.417505702544234964e+03 5.747614718436492964e+00
-1.410835087473406247e+03 5.694074415013963275e+00
-1.404164472402577530e+03 5.641514355075375242e+00
-1.397493857331748814e+03 5.589910622123239747e+00
-1.390823242260919869e+03 5.539240429423131218e+00
-1.384152627190091152e+03 5.489482110447707619e+00
-1.377482012119262436e+03 5.440615116205071544e+00
-1.370811397048433719e+03 5.392620015785808185e+00
-1.364140781977604775e+03 5.345478479202613542e+00
-1.357470166906776058e+03 5.299173086402235278e+00
-1.350799551835947341e+03 5.253683256979815752e+00
-1.344128936765118624e+03 5.209019832765733327e+00
-1.337458321694289680e+03 5.165133628073625083e+00
-1.330787706623461190e+03 5.122031987311194356e+00
-1.324117091552632246e+03 5.079703629929548825e+00
-1.317446476481803529e+03 5.038140991406050873e+00
-1.310775861410974585e+03 4.997339211335028786e+00
-1.304105246340145868e+03 4.957296524273592908e+00
-1.297434631269317151e+03 4.918014951616779484e+00
-1.290764016198488207e+03 4.879501295105751701e+00
-1.284093401127659718e+03 4.841768560984784031e+00
-1.277422786056830773e+03 4.804838173114156952e+00
-1.270752170986002056e+03 4.768735610638068501e+00
-1.264081555915173112e+03 4.733525184514157047e+00
-1.257410940844344623e+03 4.699262999497447524e+00
-1.250740325773515679e+03 4.666056192165537908e+00
-1.244069710702686962e+03 4.634059650863746604e+00
-1.237399095631858245e+03 4.603511164521596477e+00
-1.230728480561029528e+03 4.574789970533298167e+00
-1.224057865490200584e+03 4.548533153197739765e+00
-1.217387250419371867e+03 4.525889962427185331e+00
-1.210716635348543150e+03 4.509151696407985632e+00
-1.204046020277714433e+03 4.503615361067175193e+00
-1.197375405206885489e+03 4.524866343284548620e+00
-1.190704790136056545e+03 4.647130325199490208e+00
-1.184034175065228055e+03 9.332238636102941243e+00
-1.177363559994399111e+03 3.907217580698780335e+00
-1.170692944923570394e+03 4.062401224063499683e+00
-1.164022329852741677e+03 4.091702881652285129e+00
-1.157351714781912960e+03 4.091296915960278113e+00
-1.150681099711084016e+03 4.079473197186638700e+00
-1.144010484640255299e+03 4.062197760526720103e+00
-1.137339869569426583e+03 4.041993066160983972e+00
-1.130669254498597866e+03 4.020106983245455012e+00
-1.123998639427768921e+03 3.997225872969080385e+00
-1.117328024356940205e+03 3.973757172477415889e+00
-1.110657409286111488e+03 3.949956970813491175e+00
-1.103986794215282771e+03 3.925993464243670239e+00
-1.097316179144453827e+03 3.901980984726232116e+00
-1.090645564073625110e+03 3.877999350788444932e+00
-1.083974949002796393e+03 3.854105529410885911e+00
-1.077304333931967449e+03 3.830340766314917378e+00
-1.070633718861138732e+03 3.806735315324808244e+00
-1.063963103790310015e+03 3.783311519536792566e+00
-1.057292488719481298e+03 3.760085930364587714e+00
-1.050621873648652354e+03 3.737070786077063556e+00
-1.043951258577823637e+03 3.714275064813820304e+00
-1.037280643506994920e+03 3.691705247868376727e+00
-1.030610028436166203e+03 3.669365881528578566e+00
-1.023939413365337373e+03 3.647259996237617319e+00
-1.017268798294508656e+03 3.625389422542611761e+00
-1.010598183223679825e+03 3.603755028121033988e+00
-1.003927568152851109e+03 3.582356986925108178e+00
-9.972569530820222781e+02 3.561194623763983103e+00
-9.905863380111935612e+02 3.540267000882493242e+00
-9.839157229403647307e+02 3.519572619580547013e+00
-9.772451078695360138e+02 3.499109636320667960e+00
-9.705744927987071833e+02 3.478875893770905225e+00
-9.639038777278783527e+02 3.458868956845495557e+00
-9.572332626570496359e+02 3.439086138492012612e+00
-9.505626475862208054e+02 3.419524516607371112e+00
-9.438920325153920885e+02 3.400180947083967009e+00
-9.372214174445632580e+02 3.381052107867772438e+00
-9.305508023737345411e+02 3.362136347966313554e+00
-9.238801873029057106e+02 3.343422202663745235e+00
-9.172095722320769937e+02 3.324914273217947969e+00
-9.105389571612481632e+02 3.306604319016240634e+00
-9.038683420904195600e+02 3.288487417326725559e+00
-8.971977270195906158e+02 3.270557965116736909e+00
-8.905271119487620126e+02 3.252809645427440000e+00
-8.838564968779330684e+02 3.235235249433934701e+00
-8.771858818071044652e+02 3.217826417859869448e+00
-8.705152667362755210e+02 3.200573278954124135e+00
-8.638446516654469178e+02 3.183463936756173229e+00
-8.571740365946179736e+02 3.166483730599876534e+00
-8.505034215237892568e+02 3.149614189399109865e+00
-8.438328064529605399e+02 3.132830828953768076e+00
-8.371621913821317094e+02 3.116104504456906454e+00
-8.304915763113029925e+02 3.099387355126118848e+00
-8.238209612404741620e+02 3.082618914375523822e+00
-8.171503461696454451e+02 3.065705738847299244e+00
-8.104797310988166146e+02 3.048501786511241818e+00
-8.038091160279878977e+02 3.030763487600290684e+00
-7.971385009571590672e+02 3.012050232357111224e+00
-7.904678858863302366e+02 2.991471975885237278e+00
-7.837972708155015198e+02 2.966915553720874232e+00
-7.771266557446726893e+02 2.931835421016566912e+00
-7.704560406738439724e+02 2.850848636292352190e+00
-7.637854256030151419e+02 4.031553411950623556e+00
-7.571148105321864250e+02 3.055937504416375017e+00
-7.504441954613575945e+02 2.992438265882965798e+00
-7.437735803905288776e+02 2.961347763402502054e+00
-7.371029653197000471e+02 2.939079876916304013e+00
-7.304323502488713302e+02 2.920540404541892787e+00
-7.237617351780426134e+02 2.903974385529745295e+00
-7.170911201072137828e+02 2.888614755348192453e+00
-7.104205050363850660e+02 2.874072556758748398e+00
-7.037498899655562354e+02 2.860129199783322917e+00
-6.970792748947275186e+02 2.846652134028234471e+00
-6.904086598238986880e+02 2.833556106046847933e+00
-6.837380447530698575e+02 2.820783629940744497e+00
-6.770674296822410270e+02 2.808294395790035036e+00
-6.703968146114123101e+02 2.796059246456410907e+00
-6.637261995405835933e+02 2.784056404676813479e+00
-6.570555844697547627e+02 2.772269308734334636e+00
-6.503849693989260459e+02 2.760685070835860344e+00
-6.437143543280972153e+02 2.749293524853302806e+00
-6.370437392572684985e+02 2.738086596289559971e+00
-6.303731241864396679e+02 2.727057927318289998e+00
-6.237025091156109511e+02 2.716202753479326049e+00
-6.170318940447821205e+02 2.705518168599174711e+00
-6.103612789739534037e+02 2.695004342197921510e+00
-6.036906639031245732e+02 2.684669171013368771e+00
-5.970200488322958563e+02 2.674552327842952160e+00
-5.903494337614671394e+02 2.665048492936112012e+00
-5.836788186906383089e+02 2.653467807641257004e+00
-5.770082036198095921e+02 2.644213186501342960e+00
-5.703375885489806478e+02 2.634682880354843881e+00
-5.636669734781519310e+02 2.625233174359170363e+00
-5.569963584073231004e+02 2.615903173806869209e+00
-5.503257433364943836e+02 2.606702460302411151e+00
-5.436551282656656667e+02 2.597633838116766736e+00
-5.369845131948368362e+02 2.588697911767396498e+00
-5.303138981240081193e+02 2.579894432492927603e+00
-5.236432830531792888e+02 2.571222792664953793e+00
-5.169726679823505719e+02 2.562682237348276271e+00
-5.103020529115217983e+02 2.554271981104040190e+00
-5.036314378406930246e+02 2.545991200835763024e+00
-4.969608227698642509e+02 2.537839204421265649e+00
-4.902902076990354772e+02 2.529815345927505454e+00
-4.836195926282067035e+02 2.521919136261436822e+00
-4.769489775573779298e+02 2.514150310841225089e+00
-4.702783624865491561e+02 2.506508969457985625e+00
-4.636077474157203824e+02 2.498995849232385158e+00
-4.569371323448915518e+02 2.491612911379534889e+00
-4.502665172740627781e+02 2.484364766359780763e+00
-4.435959022032340044e+02 2.477262773508264626e+00
-4.369252871324052308e+02 2.470340334662066706e+00
-4.302546720615764571e+02 2.463744814411445105e+00
-4.235840569907476834e+02 2.460621729090398890e+00
-4.169134419199189097e+02 2.448434466930679232e+00
-4.102428268490901360e+02 2.442465832688927030e+00
-4.035722117782613623e+02 2.436184608130351759e+00
-3.969015967074325886e+02 2.429929541916289182e+00
-3.902309816366038149e+02 2.423756924739504548e+00
-3.835603665657750412e+02 2.417684120159511174e+00
-3.768897514949463243e+02 2.411718426842292651e+00
-3.702191364241174938e+02 2.405864084286376769e+00
-3.635485213532887201e+02 2.400125588473096538e+00
-3.568779062824599464e+02 2.394514025560829928e+00
-3.502072912116311727e+02 2.389101932749611024e+00
-3.435366761408023990e+02 2.383070176243186289e+00
-3.368660610699736253e+02 2.378073356959179208e+00
-3.301954459991448516e+02 2.372918460205312385e+00
-3.235248309283160779e+02 2.367847592624681141e+00
-3.168542158574873611e+02 2.362878630613546527e+00
-3.101836007866585305e+02 2.358015766119651691e+00
-3.035129857158297568e+02 2.353260314199285830e+00
-2.968423706450009831e+02 2.348612669780394402e+00
-2.901717555741722094e+02 2.344072854379516180e+00
-2.835011405033434357e+02 2.339640709819402531e+00
-2.768305254325146620e+02 2.335315976502037927e+00
-2.701599103616858883e+02 2.331098323802855088e+00
-2.634892952908571147e+02 2.326987336655399474e+00
-2.568186802200283410e+02 2.322984211873321492e+00
-2.501480651491995388e+02 2.319084101615103144e+00
-2.434774500783707936e+02 2.315290396476978874e+00
-2.368068350075420199e+02 2.311601210116950522e+00
-2.301362199367132462e+02 2.308015604269825882e+00
-2.234656048658844725e+02 2.304532342394379985e+00
-2.167949897950556988e+02 2.301149651656601236e+00
-2.101243747242269251e+02 2.297864786688172956e+00
-2.034537596533981514e+02 2.294673102351991734e+00
-1.967831445825693777e+02 2.291565829716233349e+00
-1.901125295117406040e+02 2.288523793139439544e+00
-1.834419144409118303e+02 2.285494648171525256e+00
-1.767712993700830566e+02 2.282264052169312940e+00
-1.701006842992542829e+02 2.275639218754825777e+00
-1.634300692284255092e+02 2.280353446598751166e+00
-1.567594541575967071e+02 2.276723968209299009e+00
-1.500888390867679618e+02 2.274094190382499825e+00
-1.434182240159391881e+02 2.271740102402876715e+00
-1.367476089451104144e+02 2.269552132470266326e+00
-1.300769938742816123e+02 2.267497342229897406e+00
-1.234063788034528528e+02 2.265562348687107708e+00
-1.167357637326240791e+02 2.263740651041951768e+00
-1.100651486617953196e+02 2.262028685178773646e+00
-1.033945335909665317e+02 2.260424315539913742e+00
-9.672391852013775804e+01 2.258926171664226601e+00
-9.005330344930898434e+01 2.257533324393053320e+00
-8.338268837848021064e+01 2.256245113044093920e+00
-7.671207330765143695e+01 2.255061073993413157e+00
-7.004145823682266325e+01 2.253980807668424013e+00
-6.337084316599388245e+01 2.253004051855569845e+00
-5.670022809516511586e+01 2.252130580522579084e+00
-5.002961302433633506e+01 2.251360215731616599e+00
-4.335899795350756136e+01 2.250692815064339936e+00
-3.668838288267879477e+01 2.250128264520104615e+00
-3.001776781185001752e+01 2.249666473644905462e+00
-2.334715274102124027e+01 2.249307372112697490e+00
-1.667653767019246658e+01 2.249050907328652205e+00
-1.000592259936369111e+01 2.248897042781622169e+00
-3.335307528534917410e+00 2.238619655289761035e+00
3.335307542293856731e+00 2.248897042781631939e+00
1.000592261312262998e+01 2.249050907328644211e+00
1.667653768395140546e+01 2.249307372112700154e+00
2.334715275478017915e+01 2.249666473644922338e+00
3.001776782560895640e+01 2.250128264520121490e+00
3.668838289643773010e+01 2.250692815064349261e+00
4.335899796726650379e+01 2.251360215731635250e+00
5.002961303809527749e+01 2.252130580522599512e+00
5.670022810892404408e+01 2.253004051855569401e+00
6.337084317975282488e+01 2.253980807668401809e+00
7.004145825058159858e+01 2.255061073993392728e+00
7.671207332141037227e+01 2.256245113044081485e+00
8.338268839223914597e+01 2.257533324393078633e+00
9.005330346306791967e+01 2.258926171664237259e+00
9.672391853389669336e+01 2.260424315539942164e+00
1.033945336047254813e+02 2.262028685178775422e+00
1.100651486755542408e+02 2.263740651041969087e+00
1.167357637463830144e+02 2.265562348687118810e+00
1.234063788172118024e+02 2.267497342229915169e+00
1.300769938880405618e+02 2.269552132470298744e+00
1.367476089588693355e+02 2.271740102402865169e+00
1.434182240296981092e+02 2.274094190382523806e+00
1.500888391005268829e+02 2.276723968209274584e+00
1.567594541713556850e+02 2.280353446598780476e+00
1.634300692421844303e+02 2.275639218754822224e+00
1.701006843130132040e+02 2.282264052169334256e+00
1.767712993838419777e+02 2.285494648171530141e+00
1.834419144546707798e+02 2.288523793139437323e+00
1.901125295254995535e+02 2.291565829716213809e+00
1.967831445963282988e+02 2.294673102351989957e+00
2.034537596671570725e+02 2.297864786688198713e+00
2.101243747379858746e+02 2.301149651656610118e+00
2.167949898088146483e+02 2.304532342394392419e+00
2.234656048796434220e+02 2.308015604269807675e+00
2.301362199504721673e+02 2.311601210116965621e+00
2.368068350213009410e+02 2.315290396477016177e+00
2.434774500921297147e+02 2.319084101615085380e+00
2.501480651629584884e+02 2.322984211873321048e+00
2.568186802337872905e+02 2.326987336655430116e+00
2.634892953046160642e+02 2.331098323802863082e+00
2.701599103754448379e+02 2.335315976502026825e+00
2.768305254462736116e+02 2.339640709819394981e+00
2.835011405171023853e+02 2.344072854379530391e+00
2.901717555879311590e+02 2.348612669780388629e+00
2.968423706587599327e+02 2.353260314199288494e+00
3.035129857295887064e+02 2.358015766119656131e+00
3.101836008004174801e+02 2.362878630613541642e+00
3.168542158712462538e+02 2.367847592624697572e+00
3.235248309420750275e+02 2.372918460205327928e+00
3.301954460129038011e+02 2.378073356959185425e+00
3.368660610837325748e+02 2.383070176243201388e+00
3.435366761545613485e+02 2.389101932749568391e+00
3.502072912253901222e+02 2.394514025560853021e+00
3.568779062962188959e+02 2.400125588473080107e+00
3.635485213670476696e+02 2.405864084286365667e+00
3.702191364378764433e+02 2.411718426842298868e+00
3.768897515087052170e+02 2.417684120159524941e+00
3.835603665795339907e+02 2.423756924739501883e+00
3.902309816503627644e+02 2.429929541916293623e+00
3.969015967211915381e+02 2.436184608130363749e+00
4.035722117920203118e+02 2.442465832688911043e+00
4.102428268628490855e+02 2.448434466930680120e+00
4.169134419336778592e+02 2.460621729090361587e+00
4.235840570045066329e+02 2.463744814411452655e+00
4.302546720753354066e+02 2.470340334662102677e+00
4.369252871461641234e+02 2.477262773508261962e+00
4.435959022169928971e+02 2.484364766359764332e+00
4.502665172878217845e+02 2.491612911379505579e+00
4.569371323586505582e+02 2.498995849232427791e+00
4.636077474294793319e+02 2.506508969458004721e+00
4.702783625003081056e+02 2.514150310841236191e+00
4.769489775711368793e+02 2.521919136261456362e+00
4.836195926419656530e+02 2.529815345927527659e+00
4.902902077127943699e+02 2.537839204421243000e+00
4.969608227836231436e+02 2.545991200835772350e+00
5.036314378544519172e+02 2.554271981104020650e+00
5.103020529252806909e+02 2.562682237348256731e+00
5.169726679961095215e+02 2.571222792664974222e+00
5.236432830669382383e+02 2.579894432492932488e+00
5.303138981377669552e+02 2.588697911767380511e+00
5.369845132085957857e+02 2.597633838116746308e+00
5.436551282794245026e+02 2.606702460302430246e+00
5.503257433502533331e+02 2.615903173806856774e+00
5.569963584210820500e+02 2.625233174359163701e+00
5.636669734919109942e+02 2.634682880354840329e+00
5.703375885627397111e+02 2.644213186501372714e+00
5.770082036335684279e+02 2.653467807641231246e+00
5.836788187043972584e+02 2.665048492936126667e+00
5.903494337752259753e+02 2.674552327842965038e+00
5.970200488460548058e+02 2.684669171013320810e+00
6.036906639168835227e+02 2.695004342197919733e+00
6.103612789877123532e+02 2.705518168599164941e+00
6.170318940585410701e+02 2.716202753479329601e+00
6.237025091293699006e+02 2.727057927318304653e+00
6.303731242001986175e+02 2.738086596289569741e+00
6.370437392710274480e+02 2.749293524853290815e+00
6.437143543418561649e+02 2.760685070835871890e+00
6.503849694126849954e+02 2.772269308734355509e+00
6.570555844835137123e+02 2.784056404676810370e+00
6.637261995543424291e+02 2.796059246456438441e+00
6.703968146251712596e+02 2.808294395790038589e+00
6.770674296960000902e+02 2.820783629940717852e+00
6.837380447668289207e+02 2.833556106046831502e+00
6.904086598376576376e+02 2.846652134028217151e+00
6.970792749084864681e+02 2.860129199783338017e+00
7.037498899793151850e+02 2.874072556758739516e+00
7.104205050501439018e+02 2.888614755348185792e+00
7.170911201209727324e+02 2.903974385529728863e+00
7.237617351918014492e+02 2.920540404541881241e+00
7.304323502626302798e+02 2.939079876916315115e+00
7.371029653334589966e+02 2.961347763402496724e+00
7.437735804042878272e+02 2.992438265882960469e+00
7.504441954751165440e+02 3.055937504416348371e+00
7.571148105459453745e+02 4.031553411950618226e+00
7.637854256167740914e+02 2.850848636292364180e+00
7.704560406876029219e+02 2.931835421016535381e+00
7.771266557584316388e+02 2.966915553720862686e+00
7.837972708292603556e+02 2.991471975885229284e+00
7.904678859000892999e+02 3.012050232357109003e+00
7.971385009709180167e+02 3.030763487600264039e+00
8.038091160417468473e+02 3.048501786511243150e+00
8.104797311125755641e+02 3.065705738847300577e+00
8.171503461834043947e+02 3.082618914375548691e+00
8.238209612542331115e+02 3.099387355126062005e+00
8.304915763250619420e+02 3.116104504456906898e+00
8.371621913958906589e+02 3.132830828953754754e+00
8.438328064667193757e+02 3.149614189399103648e+00
8.505034215375482063e+02 3.166483730599866320e+00
8.571740366083769231e+02 3.183463936756161239e+00
8.638446516792058674e+02 3.200573278954129464e+00
8.705152667500344705e+02 3.217826417859861898e+00
8.771858818208634148e+02 3.235235249433956461e+00
8.838564968916920179e+02 3.252809645427444440e+00
8.905271119625208485e+02 3.270557965116743571e+00
8.971977270333495653e+02 3.288487417326697582e+00
9.038683421041783959e+02 3.306604319016248184e+00
9.105389571750071127e+02 3.324914273217943972e+00
9.172095722458359432e+02 3.343422202663715481e+00
9.238801873166646601e+02 3.362136347966309113e+00
9.305508023874934906e+02 3.381052107867793755e+00
9.372214174583222075e+02 3.400180947083985661e+00
9.438920325291510380e+02 3.419524516607399534e+00
9.505626475999797549e+02 3.439086138492006839e+00
9.572332626708085854e+02 3.458868956845501774e+00
9.639038777416374160e+02 3.478875893770899008e+00
9.705744928124661328e+02 3.499109636320691052e+00
9.772451078832949634e+02 3.519572619580537687e+00
9.839157229541236802e+02 3.540267000882500792e+00
9.905863380249525108e+02 3.561194623764003531e+00
9.972569530957812276e+02 3.582356986925080644e+00
1.003927568166610058e+03 3.603755028121020221e+00
1.010598183237438775e+03 3.625389422542591333e+00
1.017268798308267606e+03 3.647259996237609769e+00
1.023939413379096322e+03 3.669365881528613649e+00
1.030610028449925039e+03 3.691705247868377615e+00
1.037280643520753756e+03 3.714275064813816751e+00
1.043951258591582700e+03 3.737070786077075102e+00
1.050621873662411417e+03 3.760085930364591267e+00
1.057292488733240134e+03 3.783311519536772582e+00
1.063963103804068851e+03 3.806735315324778046e+00
1.070633718874897795e+03 3.830340766314924483e+00
1.077304333945726512e+03 3.854105529410900566e+00
1.083974949016555229e+03 3.877999350788460919e+00
1.090645564087384173e+03 3.901980984726295620e+00
1.097316179158212890e+03 3.925993464243697328e+00
1.103986794229041607e+03 3.949956970813500501e+00
1.110657409299870324e+03 3.973757172477396793e+00
1.117328024370699268e+03 3.997225872969062177e+00
1.123998639441527985e+03 4.020106983245442578e+00
1.130669254512356702e+03 4.041993066160978643e+00
1.137339869583185418e+03 4.062197760526712109e+00
1.144010484654014363e+03 4.079473197186655575e+00
1.150681099724843079e+03 4.091296915960272784e+00
1.157351714795671796e+03 4.091702881652256707e+00
1.164022329866500513e+03 4.062401224063497907e+00
1.170692944937329457e+03 3.907217580698811865e+00
1.177363560008157947e+03 9.332238636102951901e+00
1.184034175078986891e+03 4.647130325199507084e+00
1.190704790149815835e+03 4.524866343284532633e+00
1.197375405220644552e+03 4.503615361067134337e+00
1.204046020291473269e+03 4.509151696407976750e+00
1.210716635362301986e+03 4.525889962427191548e+00
1.217387250433130930e+03 4.548533153197742429e+00
1.224057865503959420e+03 4.574789970533311489e+00
1.230728480574788364e+03 4.603511164521605359e+00
1.237399095645617081e+03 4.634059650863751934e+00
1.244069710716446025e+03 4.666056192165515704e+00
1.250740325787274514e+03 4.699262999497396898e+00
1.257410940858103459e+03 4.733525184514191686e+00
1.264081555928932175e+03 4.768735610638025868e+00
1.270752170999760892e+03 4.804838173114144517e+00
1.277422786070589609e+03 4.841768560984778702e+00
1.284093401141418553e+03 4.879501295105755254e+00
1.290764016212247270e+03 4.918014951616777708e+00
1.297434631283075987e+03 4.957296524273581362e+00
1.304105246353904931e+03 4.997339211335060760e+00
1.310775861424733648e+03 5.038140991406062419e+00
1.317446476495562365e+03 5.079703629929542608e+00
1.324117091566391082e+03 5.122031987311174817e+00
1.330787706637220026e+03 5.165133628073608207e+00
1.337458321708048743e+03 5.209019832765731550e+00
1.344128936778877460e+03 5.253683256979833516e+00
1.350799551849706177e+03 5.299173086402241495e+00
1.357470166920535121e+03 5.345478479202620647e+00
1.364140781991363838e+03 5.392620015785841936e+00
1.370811397062192555e+03 5.440615116205068880e+00
1.377482012133021271e+03 5.489482110447722718e+00
1.384152627203850216e+03 5.539240429423140988e+00
1.390823242274678933e+03 5.589910622123256623e+00
1.397493857345507649e+03 5.641514355075386788e+00
1.404164472416336366e+03 5.694074415013938406e+00
1.410835087487165310e+03 5.747614718436494741e+00
1.417505702557994027e+03 5.802160326455954475e+00
1.424176317628822744e+03 5.857737479654261392e+00
1.430846932699651688e+03 5.914373603686805758e+00
1.437517547770480405e+03 5.972097372047134201e+00
1.444188162841309122e+03 6.030938733623327330e+00
1.450858777912137839e+03 6.090928963814870478e+00
1.457529392982966783e+03 6.152100717947874386e+00
1.464200008053795500e+03 6.214488090588814906e+00
1.470870623124624217e+03 6.278126680834455797e+00
1.477541238195452934e+03 6.343053663966878197e+00
1.484211853266281878e+03 6.409307869848158035e+00
1.490882468337110367e+03 6.476929868447599326e+00
1.497553083407939312e+03 6.545962060750413869e+00
1.504223698478768029e+03 6.616448712799820164e+00
1.510894313549596973e+03 6.688436663288277018e+00
1.517564928620425462e+03 6.761973896342477808e+00
1.524235543691254406e+03 6.837111675249832210e+00
1.530906158762083351e+03 6.913903457315856649e+00
1.537576773832911840e+03 6.992405501820406322e+00
1.544247388903740784e+03 7.072677182412232533e+00
1.550918003974569501e+03 7.154781491923146497e+00
1.557588619045398445e+03 7.238785926239602375e+00
1.564259234116226935e+03 7.324764281971433810e+00
1.570929849187055879e+03 7.412801052505083810e+00
1.577600464257884596e+03 7.503005033757454534e+00
1.584271079328713313e+03 7.595569279744846192e+00
1.590941694399542030e+03 7.691320626937281801e+00
1.597612309470370974e+03 7.779992879546856699e+00
1.604282924541199691e+03 7.883972732521976390e+00
1.610953539612028408e+03 7.986338755236498166e+00
1.617624154682857124e+03 8.091003628114364687e+00
1.624294769753686069e+03 8.198317494729643329e+00
1.630965384824514786e+03 8.308457287318569584e+00
1.637635999895343502e+03 8.421574252512915137e+00
1.644306614966172447e+03 8.537823806018264960e+00
1.650977230037001164e+03 8.657381996767583132e+00
1.657647845107829880e+03 8.780471182009131681e+00
1.664318460178658597e+03 8.907430234646271927e+00
1.670989075249487541e+03 9.038993688209883359e+00
1.677659690320316258e+03 9.178298264235278836e+00
1.684330305391144975e+03 8.982732907785639043e+00
1.691000920461973692e+03 9.435289973977516453e+00
1.697671535532802636e+03 9.586569857852234477e+00
1.704342150603631353e+03 9.738977304808130953e+00
1.711012765674460070e+03 9.895313251406802735e+00
1.717683380745288787e+03 1.005634858361216288e+01
1.724353995816117731e+03 1.022252034105295060e+01
1.731024610886946448e+03 1.039418243100645434e+01
1.737695225957774937e+03 1.057167038759535060e+01
1.744365841028603882e+03 1.075532439013074182e+01
1.751036456099432826e+03 1.094549972551240380e+01
1.757707071170261543e+03 1.114257132936167238e+01
1.764377686241090487e+03 1.134695433608061776e+01
1.771048301311918976e+03 1.155906217392458224e+01
1.777718916382747693e+03 1.177937214368461305e+01
1.784389531453576637e+03 1.200838694880929758e+01
1.791060146524405582e+03 1.224665246755870029e+01
1.797730761595234071e+03 1.249476144337505445e+01
1.804401376666062788e+03 1.275335873012763166e+01
1.811071991736891732e+03 1.302314729571701335e+01
1.817742606807720676e+03 1.330489505293441788e+01
1.824413221878549166e+03 1.359944265423756349e+01
1.831083836949377883e+03 1.390771241975715888e+01
1.837754452020206827e+03 1.423071860109607023e+01
1.844425067091035771e+03 1.456957922477732659e+01
1.851095682161864261e+03 1.492552981006799939e+01
1.857766297232692978e+03 1.529993931983367617e+01
1.864436912303521922e+03 1.569432877999270026e+01
1.871107527374350866e+03 1.611039310963969839e+01
1.877778142445179583e+03 1.655002682384818868e+01
1.884448757516008072e+03 1.701535443891007660e+01
1.891119372586837017e+03 1.750876661570224968e+01
1.897789987657665733e+03 1.803296334658307032e+01
1.904460602728494678e+03 1.859100584238942488e+01
1.911131217799323167e+03 1.918637923551521851e+01
1.917801832870152111e+03 1.982306882306393803e+01
1.924472447940980828e+03 2.050565322643072719e+01
1.931143063011809772e+03 2.123942050254830249e+01
1.937813678082638262e+03 2.203050854631874955e+01
1.944484293153467206e+03 2.288608749670955689e+01
1.951154908224295923e+03 2.381458280649831138e+01
1.957825523295124867e+03 2.482596574809448597e+01
1.964496138365953357e+03 2.593212435365550306e+01
1.971166753436782301e+03 2.714734825964977816e+01
1.977837368507611018e+03 2.848896829196475622e+01
1.984507983578439962e+03 2.997821201238551581e+01
1.991178598649268679e+03 3.164136537419771500e+01
1.997849213720097168e+03 3.351137636117038454e+01
2.004519828790926113e+03 3.563011001323465621e+01
2.011190443861755057e+03 3.805158448507336999e+01
2.017861058932583774e+03 4.084675251166602550e+01
2.024531674003412263e+03 4.411061912158466214e+01
2.031202289074241207e+03 4.797352912653015267e+01
2.037872904145070152e+03 5.261915835370071903e+01
2.044543519215898868e+03 5.831496059528703313e+01
2.051214134286727585e+03 6.546608437505589961e+01
2.057884749357556302e+03 7.471708918300073776e+01
2.064555364428385019e+03 8.715946061462828709e+01
2.071225979499214191e+03 1.048002339921423385e+02
2.077896594570042453e+03 1.317767385739544466e+02
2.084567209640871170e+03 1.782039998016642244e+02
2.091237824711700341e+03 2.770753811323426135e+02
2.097908439782529058e+03 6.331167511019535823e+02
2.104579054853357775e+03 2.086043471219915773e+03
2.111249669924186492e+03 3.891577358611237969e+02
2.117920284995015209e+03 2.130503736462619031e+02
2.124590900065844380e+03 1.458958495912221451e+02
2.131261515136673097e+03 1.104491123051401757e+02
2.137932130207501359e+03 8.852635468488105630e+01
2.144602745278330531e+03 7.361588683159445168e+01
2.151273360349159248e+03 6.280782821655754589e+01
2.157943975419987964e+03 5.460629315116973714e+01
2.164614590490816681e+03 4.816354100913655856e+01
2.171285205561645398e+03 4.296323938950512655e+01
2.177955820632474115e+03 3.867293259203638200e+01
2.184626435703303287e+03 3.506888059043018302e+01
2.191297050774131549e+03 3.199498275044613038e+01
2.197967665844960720e+03 2.933902017432413345e+01
2.204638280915789437e+03 2.701825937932416366e+01
2.211308895986618154e+03 2.497037991008664548e+01
2.217979511057447326e+03 2.314756407358251522e+01
2.224650126128275588e+03 2.151253560670867060e+01
2.231320741199104305e+03 2.003583898763184123e+01
2.237991356269933476e+03 1.869393153731491353e+01
2.244661971340762193e+03 1.746782209651545870e+01
2.251332586411590455e+03 1.634208640145008573e+01
2.258003201482419627e+03 1.530414846163083276e+01
2.264673816553248344e+03 1.434375465883873524e+01
2.271344431624077060e+03 1.345259124981468091e+01
2.278015046694905777e+03 1.262401373572204477e+01
2.284685661765734494e+03 1.185286353125483672e+01
2.291356276836563666e+03 1.113536134223995333e+01
2.298026891907392383e+03 1.046906538758926430e+01
2.304697506978220645e+03 9.852889214405340823e+00
2.311368122049049816e+03 9.287172062491034552e+00
2.318038737119878533e+03 8.773790583517268260e+00
2.324709352190707250e+03 8.316290188399710459e+00
2.331379967261536422e+03 7.919995976285777672e+00
2.338050582332364684e+03 7.592037898599261148e+00
2.344721197403193401e+03 7.341200702483988927e+00
2.351391812474022572e+03 7.177507303134720296e+00
2.358062427544851289e+03 7.111496932184992126e+00
2.364733042615680006e+03 7.153286175297414395e+00
2.371403657686508723e+03 7.311668405543827021e+00
2.378074272757337440e+03 7.593601051198024088e+00
2.384744887828166611e+03 8.004349009124997139e+00
2.391415502898994873e+03 8.548310698479632208e+00
2.398086117969823590e+03 9.230322657926738117e+00
2.404756733040652762e+03 1.005717063594930849e+01
2.411427348111481479e+03 1.103913832543143769e+01
2.418097963182310195e+03 1.219159955100957404e+01
2.424768578253138912e+03 1.353682072721511354e+01
2.431439193323967629e+03 1.510627476542220826e+01
2.438109808394796801e+03 1.694391951120596218e+01
2.444780423465625518e+03 1.911114217488967881e+01
2.451451038536453780e+03 2.169454213033792911e+01
2.458121653607282951e+03 2.481866052485102969e+01
2.464792268678111668e+03 2.866770503422346295e+01
2.471462883748940385e+03 3.352458046528446545e+01
2.478133498819769102e+03 3.984564691220755606e+01
2.484804113890597819e+03 4.841607952872833209e+01
2.491474728961426536e+03 6.070924359027112160e+01
2.498145344032255707e+03 7.984998657394609722e+01
2.504815959103083969e+03 1.138261281244656544e+02
2.511486574173913141e+03 1.909659059612996259e+02
2.518157189244741858e+03 5.380669000590667110e+02
2.524827804315570575e+03 7.324614043880435474e+02
2.531498419386399291e+03 2.247505147481576273e+02
2.538169034457228008e+03 1.350107365526917249e+02
2.544839649528056725e+03 9.756959445620609017e+01
2.551510264598885897e+03 7.700337649067702728e+01
2.558180879669714614e+03 6.398779030929750888e+01
2.564851494740542876e+03 5.499993029228192398e+01
2.571522109811372047e+03 4.841374220974064713e+01
2.578192724882200764e+03 4.337482964409198161e+01
2.584863339953029481e+03 3.939125725104946696e+01
2.591533955023858198e+03 3.615977233754237830e+01
2.598204570094686915e+03 3.348325697168836967e+01
2.604875185165516086e+03 3.122802976119880825e+01
2.611545800236344803e+03 2.930022606844967825e+01
2.618216415307173065e+03 2.763199669873160147e+01
2.624887030378002237e+03 2.617308117261204359e+01
2.631557645448830954e+03 2.488545044769304226e+01
2.638228260519659671e+03 2.373979921198330345e+01
2.644898875590488387e+03 2.271317858835068293e+01
2.651569490661317104e+03 2.178736018441109223e+01
2.658240105732145821e+03 2.094768068438870046e+01
2.664910720802974993e+03 2.018220999416100625e+01
2.671581335873803710e+03 1.948114195053597797e+01
2.678251950944632426e+03 1.883634108852761102e+01
2.684922566015461143e+03 1.824100064447450009e+01
2.691593181086289860e+03 1.768938214187933511e+01
2.698263796157119032e+03 1.717661152855786000e+01
2.704934411227947294e+03 1.669852384562397773e+01
2.711605026298776011e+03 1.625153733329713290e+01
2.718275641369605182e+03 1.583255479247555009e+01
2.724946256440433899e+03 1.543888405074725512e+01
2.731616871511262616e+03 1.506817363912993635e+01
2.738287486582091333e+03 1.471836037801759467e+01
2.744958101652920050e+03 1.438762637981761827e+01
2.751628716723748767e+03 1.407436355547453566e+01
2.758299331794577483e+03 1.377714414437673263e+01
2.764969946865406200e+03 1.349469611364515842e+01
2.771640561936235372e+03 1.322588252038976364e+01
2.778311177007064089e+03 1.296968411956464884e+01
2.784981792077892806e+03 1.272518465426390222e+01
2.791652407148721522e+03 1.249155836075153125e+01
2.798323022219550239e+03 1.226805934549301824e+01
2.804993637290378956e+03 1.205401252866112571e+01
2.811664252361208128e+03 1.184880593421646999e+01
2.818334867432036390e+03 1.165188414797080796e+01
2.825005482502865561e+03 1.146274281443665544e+01
2.831676097573694278e+03 1.128092408999415674e+01
2.838346712644522995e+03 1.110601302123467349e+01
2.845017327715351712e+03 1.093763488397663330e+01
2.851687942786180429e+03 1.077545360544821484e+01
2.858358557857009146e+03 1.061917169844022446e+01
2.865029172927838317e+03 1.046852637087098259e+01
2.871699787998666579e+03 1.032331824769199358e+01
2.878370403069495296e+03 1.018337599501037438e+01
2.885041018140324468e+03 1.004861556413690415e+01
2.891711633211153185e+03 9.919054865863774495e+00
2.898382248281981902e+03 9.794884749914263722e+00
2.905052863352810618e+03 9.676614278099572530e+00
2.911723478423639335e+03 9.565417934865640959e+00
2.918394093494468507e+03 9.464105616172981073e+00
2.925064708565297224e+03 9.380563983052915944e+00
2.931735323636125486e+03 9.346405571457745864e+00
2.938405938706954657e+03 9.746741941415528743e+00
2.945076553777783374e+03 8.565169514070950285e+00
2.951747168848612091e+03 8.696144630056181768e+00
2.958417783919440808e+03 8.653136372857442637e+00
2.965088398990269525e+03 8.581430520419942809e+00
2.971759014061098242e+03 8.501134356724552532e+00
2.978429629131927413e+03 8.418036704533299996e+00
2.985100244202755675e+03 8.334386145030029169e+00
2.991770859273584847e+03 8.251209730394677422e+00
2.998441474344413564e+03 8.169021939969432822e+00
3.005112089415242281e+03 8.088092015669777979e+00
3.011782704486071452e+03 8.008559226359729166e+00
3.018453319556899714e+03 7.930482641370116603e+00
3.025123934627728431e+03 7.853798406901464801e+00
3.031794549698557603e+03 7.779369568997146267e+00
3.038465164769386320e+03 7.705575385275690969e+00
3.045135779840215037e+03 7.633475750139198546e+00
3.051806394911043753e+03 7.562849048233692528e+00
3.058477009981872470e+03 7.493646339251884392e+00
3.065147625052701187e+03 7.425829278099719488e+00
3.071818240123529904e+03 7.359361134401614990e+00
3.078488855194358621e+03 7.294205620885171548e+00
3.085159470265187792e+03 7.230326845856246187e+00
3.091830085336016509e+03 7.167689454699966767e+00
3.098500700406844771e+03 7.106258776234903429e+00
3.105171315477673943e+03 7.046000925322059238e+00
3.111841930548502660e+03 6.986882950358281441e+00
3.118512545619331377e+03 6.928872746759542345e+00
3.125183160690160548e+03 6.871939209023490314e+00
3.131853775760988810e+03 6.816052217906833022e+00
3.138524390831817982e+03 6.761182601034729345e+00
3.145195005902646699e+03 6.707302149962204751e+00
3.151865620973475416e+03 6.654383597579843546e+00
3.158536236044304133e+03 6.602400596209842654e+00
3.165206851115132849e+03 6.551327692473776665e+00
3.171877466185961566e+03 6.501140299964008662e+00
3.178548081256790738e+03 6.451814670572511901e+00
3.185218696327619000e+03 6.403327865044203371e+00
3.191889311398447717e+03 6.355657723247025714e+00
3.198559926469276888e+03 6.308782834419047525e+00
3.205230541540105605e+03 6.262682507717246772e+00
3.211901156610934322e+03 6.217336743011342648e+00
3.218571771681763039e+03 6.172726202377548432e+00
3.225242386752591756e+03 6.128832181763113063e+00
3.231913001823420927e+03 6.085636583271353039e+00
3.238583616894249644e+03 6.043121887674845816e+00
3.245254231965077906e+03 6.001271126692902413e+00
3.251924847035907078e+03 5.960067854314229585e+00
3.258595462106735795e+03 5.919496114127332120e+00
3.265266077177564512e+03 5.879540392022677864e+00
3.271936692248393229e+03 5.840185500120236739e+00
3.278607307319221945e+03 5.801415612939522681e+00
3.285277922390050662e+03 5.763231504013506701e+00
3.291948537460879834e+03 5.725588349976102442e+00
3.298619152531708096e+03 5.688495494797819241e+00
3.305289767602537268e+03 5.651934903664814769e+00
3.311960382673365984e+03 5.615893282024662092e+00
3.318630997744194701e+03 5.580357795989512759e+00
3.325301612815023418e+03 5.545315810617229779e+00
3.331972227885852135e+03 5.510754780787111784e+00
3.338642842956680852e+03 5.476662148863005619e+00
3.345313458027510023e+03 5.443025226558606988e+00
3.351984073098338740e+03 5.409831096390817606e+00
3.358654688169167457e+03 5.377069091838605708e+00
3.365325303239996174e+03 5.344713305074529686e+00
3.371995918310824891e+03 5.312761261834687332e+00
3.378666533381653608e+03 5.281188962378152496e+00
3.385337148452482325e+03 5.249974600447287365e+00
3.392007763523311041e+03 5.219090067186642479e+00
3.398678378594140213e+03 5.188496864691122035e+00
3.405348993664968930e+03 5.158137857710036300e+00
3.412019608735797192e+03 5.127919852343076457e+00
3.418690223806626364e+03 5.097672488377613220e+00
3.425360838877455080e+03 5.067034872515323585e+00
3.432031453948283797e+03 5.035060324626392969e+00
3.438702069019112514e+03 4.998142672708283385e+00
3.445372684089941686e+03 4.917812614523016101e+00
3.452043299160770403e+03 5.017651250649030281e+00
3.458713914231598665e+03 4.957734664583245632e+00
3.465384529302427836e+03 4.923688598600386435e+00
3.472055144373256553e+03 4.894142867585979495e+00
3.478725759444085725e+03 4.866356603800172209e+00
3.485396374514913987e+03 4.839547032475703503e+00
3.492066989585742704e+03 4.813403291113247384e+00
3.498737604656571875e+03 4.787775526034617535e+00
3.505408219727400137e+03 4.762581218748814571e+00
3.512078834798228854e+03 4.737770133785822679e+00
3.518749449869058026e+03 4.713309128827490646e+00
3.525420064939886743e+03 4.689174828109052839e+00
3.532090680010715914e+03 4.665349783514210813e+00
3.538761295081544176e+03 4.641820383723484156e+00
3.545431910152372893e+03 4.618575385153879331e+00
3.552102525223202065e+03 4.595605482624401716e+00
3.558773140294030327e+03 4.572902507895991064e+00
3.565443755364859044e+03 4.550459228220905317e+00
3.572114370435688215e+03 4.528269102207329588e+00
3.578784985506516477e+03 4.506326121964087328e+00
3.585455600577346104e+03 4.484624700372468631e+00
3.592126215648174366e+03 4.463159588459430616e+00
3.598796830719003083e+03 4.441925813490189334e+00
3.605467445789832254e+03 4.420918631506499885e+00
3.612138060860660516e+03 4.400133490080848198e+00
3.618808675931489688e+03 4.379565998233216462e+00
3.625479291002318405e+03 4.359211852234870399e+00
3.632149906073146667e+03 4.339067069437391844e+00
3.638820521143976293e+03 4.319127451973359122e+00
3.645491136214804555e+03 4.299389095872026445e+00
3.652161751285633272e+03 4.279848108459938238e+00
3.658832366356462444e+03 4.260500648262894430e+00
3.665502981427290706e+03 4.241342910027461777e+00
3.672173596498119878e+03 4.222371110092988822e+00
3.678844211568948595e+03 4.203581473146545733e+00
3.685514826639776857e+03 4.184970227493978179e+00
3.692185441710606028e+03 4.166533657357535780e+00
3.698856056781434745e+03 4.148269050444076456e+00
3.705526671852263917e+03 4.130163949464938256e+00
3.712197286923092634e+03 4.112228264613834838e+00
3.718867901993920896e+03 4.094449211833839364e+00
3.725538517064750067e+03 4.076823405862390892e+00
3.732209132135578784e+03 4.059346064261715625e+00
3.738879747206407046e+03 4.042011881323197109e+00
3.745550362277236218e+03 4.024814970630646194e+00
3.752220977348064935e+03 4.007748702955969300e+00
3.758891592418894106e+03 3.990805469847249931e+00
3.765562207489722823e+03 3.973976351546077534e+00
3.772232822560551085e+03 3.957250645079977591e+00
3.778903437631380257e+03 3.940615417608436033e+00
3.785574052702208974e+03 3.924053273887884608e+00
3.792244667773037236e+03 3.907544548244155092e+00
3.798915282843866407e+03 3.891057305513947018e+00
3.805585897914695124e+03 3.874553354986369325e+00
3.812256512985524296e+03 3.857973992797329110e+00
3.818927128056352558e+03 3.841231026574066565e+00
3.825597743127181275e+03 3.824183379271830052e+00
3.832268358198010446e+03 3.806589220758312297e+00
3.838938973268839163e+03 3.787995161507742292e+00
3.845609588339668335e+03 3.767440275217788681e+00
3.852280203410496597e+03 3.742489947975106368e+00
3.858950818481325314e+03 3.705144967483870566e+00
3.865621433552154485e+03 3.845478314716826773e+00
3.872292048622982747e+03 3.886013683890637171e+00
3.878962663693811464e+03 3.779182370483317843e+00
3.885633278764640636e+03 3.742857363454844322e+00
3.892303893835468898e+03 3.719036885777182277e+00
3.898974508906298524e+03 3.699655707153968631e+00
3.905645123977126786e+03 3.682393815355840427e+00
3.912315739047955503e+03 3.666336632633192316e+00
3.918986354118784675e+03 3.651050871751558624e+00
3.925656969189612937e+03 3.636304532568471526e+00
3.932327584260442109e+03 3.621961933652302790e+00
3.938998199331270825e+03 3.607938210508787158e+00
3.945668814402099088e+03 3.594177378636834064e+00
3.952339429472928714e+03 3.580640858230011769e+00
3.959010044543756976e+03 3.567301071202328533e+00
3.965680659614585693e+03 3.554137669243594644e+00
3.972351274685414865e+03 3.541135222946205641e+00
3.979021889756243127e+03 3.528281740349038742e+00
3.985692504827072298e+03 3.515567695014599980e+00
3.992363119897901015e+03 3.502985367149650919e+00
3.999033734968729277e+03 3.490528386773691594e+00
4.005704350039558449e+03 3.478191410071794110e+00
4.012374965110387166e+03 3.465969885870222811e+00
4.019045580181215428e+03 3.453859884320118034e+00
4.025716195252045054e+03 3.441857970004429834e+00
4.032386810322873316e+03 3.429961110348841657e+00
4.039057425393702488e+03 3.418166639272996132e+00
4.045728040464531205e+03 3.406470887688757276e+00
4.052398655535359467e+03 3.394874533282455253e+00
4.059069270606188638e+03 3.383373078418913327e+00
4.065739885677017355e+03 3.371965259418487015e+00
4.072410500747846527e+03 3.360649337529383107e+00
4.079081115818674789e+03 3.349423667514749070e+00
4.085751730889503506e+03 3.338286699408540059e+00
4.092422345960332677e+03 3.327236968997419275e+00
4.099092961031161394e+03 3.316273088643461264e+00
4.105763576101990111e+03 3.305393739453267976e+00
4.112434191172818828e+03 3.294597664785248625e+00
4.119104806243647545e+03 3.283883660501969004e+00
4.125775421314476262e+03 3.273250610246251746e+00
4.132446036385304978e+03 3.262697386760198270e+00
4.139116651456133695e+03 3.252222972347465380e+00
4.145787266526963322e+03 3.241826389464950164e+00
4.152457881597791129e+03 3.231506732475147636e+00
4.159128496668620755e+03 3.221263189209361499e+00
4.165799111739449472e+03 3.211095086969558920e+00
4.172469726810277280e+03 3.201001991308916050e+00
4.179140341881106906e+03 3.190983938310590240e+00
4.185810956951935623e+03 3.181042064095860766e+00
4.192481572022763430e+03 3.171180727113599218e+00
4.199152187093593056e+03 3.161417920782458424e+00
4.205822802164421773e+03 3.151912058184013876e+00
4.212493417235250490e+03 3.141445899429401667e+00
4.219164032306079207e+03 3.132127955447452816e+00
4.225834647376907924e+03 3.122641207185402390e+00
4.232505262447736641e+03 3.113188964963586880e+00
4.239175877518565358e+03 3.103791634190206761e+00
4.245846492589394074e+03 3.094454118823385169e+00
4.252517107660222791e+03 3.085177802508170863e+00
4.259187722731051508e+03 3.075962868813181039e+00
4.265858337801881135e+03 3.066808893667682057e+00
4.272528952872709851e+03 3.057714732114222844e+00
4.279199567943537659e+03 3.048676114585829655e+00
4.285870183014367285e+03 3.038695734176658725e+00
4.292540798085196002e+03 3.030825084884543497e+00
4.299211413156024719e+03 3.021964619485975945e+00
4.305882028226853436e+03 3.013167855416581720e+00
4.312552643297682152e+03 3.004430171537309402e+00
4.319223258368510869e+03 2.995750186553274297e+00
4.325893873439339586e+03 2.987127056074426967e+00
4.332564488510168303e+03 2.978560092543508286e+00
4.339235103580997020e+03 2.970048671318524125e+00
4.345905718651825737e+03 2.961592199904059530e+00
4.352576333722655363e+03 2.953190106384950830e+00
4.359246948793483170e+03 2.944841836411082880e+00
4.365917563864311887e+03 2.936546865102616977e+00
4.372588178935141514e+03 2.928305062622791777e+00
4.379258794005969321e+03 2.920114124980661252e+00
4.385929409076798947e+03 2.911975809165568752e+00
4.392600024147627664e+03 2.903888564885675816e+00
4.399270639218455472e+03 2.895851954037458764e+00
4.405941254289285098e+03 2.887865487816867471e+00
4.412611869360113815e+03 2.879928677139991233e+00
4.419282484430942532e+03 2.872041038331677232e+00
4.425953099501771248e+03 2.864202094773469653e+00
4.432623714572599965e+03 2.856411378424110747e+00
4.439294329643428682e+03 2.848668433234826658e+00
4.445964944714257399e+03 2.840972826300463883e+00
4.452635559785086116e+03 2.833324200363773748e+00
4.459306174855915742e+03 2.825722831922707901e+00
4.465976789926743550e+03 2.818161221849572851e+00
4.472647404997572266e+03 2.810652424521670412e+00
4.479318020068401893e+03 2.803186757300347498e+00
4.485988635139229700e+03 2.795765509265324855e+00
4.492659250210059326e+03 2.788388402413368272e+00
4.499329865280888043e+03 2.781055053706789071e+00
4.506000480351715851e+03 2.773765060270425575e+00
4.512671095422545477e+03 2.766518014799954628e+00
4.519341710493374194e+03 2.759313509326500657e+00
4.526012325564202911e+03 2.752151135850332775e+00
4.532682940635031628e+03 2.745030485624607053e+00
4.539353555705860344e+03 2.737951147384724671e+00
4.546024170776689061e+03 2.730912703416490839e+00
4.552694785847517778e+03 2.723914780233223976e+00
4.559365400918346495e+03 2.716956807581035083e+00
4.566036015989175212e+03 2.710038430625920647e+00
4.572706631060003929e+03 2.703159105502582094e+00
4.579377246130833555e+03 2.696318238676385537e+00
4.586047861201662272e+03 2.689515091640318989e+00
4.592718476272490079e+03 2.682748639658607104e+00
4.599389091343319706e+03 2.676017236697154633e+00
4.606059706414148422e+03 2.669317678838063923e+00
4.612730321484977139e+03 2.662641865848972333e+00
4.619400936555805856e+03 2.655958509607351470e+00
4.626071551626634573e+03 2.648871588169564362e+00
4.632742166697463290e+03 2.643381473533005011e+00
4.639412781768292007e+03 2.636669005207518790e+00
4.646083396839120724e+03 2.630153111028516566e+00
4.652754011909949440e+03 2.623701843961478986e+00
4.659424626980778157e+03 2.617296240829768195e+00
4.666095242051607784e+03 2.610930524829728760e+00
4.672765857122435591e+03 2.604602208997856216e+00
4.679436472193264308e+03 2.598309950953737957e+00
4.686107087264093934e+03 2.592052893808128200e+00
4.692777702334921742e+03 2.585830416502005402e+00
4.699448317405751368e+03 2.579642026468366822e+00
4.706118932476580085e+03 2.573487239331153198e+00
4.712789547547407892e+03 2.567365823152103932e+00
4.719460162618237518e+03 2.561277304967727542e+00
4.726130777689066235e+03 2.555221382708863676e+00
4.732801392759894952e+03 2.549197733701092261e+00
4.739472007830723669e+03 2.543206036498450118e+00
4.746142622901552386e+03 2.537245962646286657e+00
4.752813237972381103e+03 2.531317162004539600e+00
4.759483853043209820e+03 2.525419232869777542e+00
4.766154468114038536e+03 2.519551649841173191e+00
4.772825083184868163e+03 2.513713551764157561e+00
4.779495698255695970e+03 2.507902911590136785e+00
4.786166313326524687e+03 2.502110975552117367e+00
4.792836928397354313e+03 2.495677968563211113e+00
4.799507543468182121e+03 2.490727613674197372e+00
4.806178158539011747e+03 2.485021784197956052e+00
4.812848773609840464e+03 2.479359074724571510e+00
4.819519388680668271e+03 2.473728679837910782e+00
4.826190003751497898e+03 2.468128341797887426e+00
4.832860618822326614e+03 2.462557167316371753e+00
4.839531233893155331e+03 2.457014647684349740e+00
4.846201848963984048e+03 2.451500418753721711e+00
4.852872464034812765e+03 2.446014182170543450e+00
4.859543079105641482e+03 2.440555675160814619e+00
4.866213694176470199e+03 2.435124660502735239e+00
4.872884309247298916e+03 2.429720941617451224e+00
4.879554924318127632e+03 2.424344691294803233e+00
4.886225539388956349e+03 2.418993285692053519e+00
4.892896154459785976e+03 2.413670223459392528e+00
4.899566769530613783e+03 2.408373225812680207e+00
4.906237384601442500e+03 2.403102330289902167e+00
4.912907999672272126e+03 2.397857358969795794e+00
4.919578614743100843e+03 2.392638112367476477e+00
4.926249229813929560e+03 2.387444384620256432e+00
4.932919844884758277e+03 2.382275963678724295e+00
4.939590459955586994e+03 2.377132624987287723e+00
4.946261075026415710e+03 2.372014112653236584e+00
4.952931690097244427e+03 2.366920077341340800e+00
4.959602305168073144e+03 2.361849789859582938e+00
4.966272920238901861e+03 2.356799264889145817e+00
4.972943535309730578e+03 2.351809686404330524e+00
4.979614150380560204e+03 2.346798416485441408e+00
4.986284765451388012e+03 2.341823984679629600e+00
4.992955380522216728e+03 2.336874532924088310e+00
4.999625995593046355e+03 2.331948976348491076e+00
5.006296610663874162e+03 2.327046910113315104e+00
5.012967225734702879e+03 2.322168073000466126e+00
5.019637840805532505e+03 2.317312248494625582e+00
5.026308455876360313e+03 2.312479233646524968e+00
5.032979070947189939e+03 2.307668815381767491e+00
5.039649686018018656e+03 2.302880679868950065e+00
5.046320301088847373e+03 2.298110773305032772e+00
5.052990916159676090e+03 2.293373215297685341e+00
5.059661531230504806e+03 2.288651294786210766e+00
5.066332146301333523e+03 2.283951483214485378e+00
5.073002761372162240e+03 2.279273359932425969e+00
5.079673376442990957e+03 2.274616711122752655e+00
5.086343991513820583e+03 2.269981352219919479e+00
5.093014606584648391e+03 2.265367105015966054e+00
5.099685221655477108e+03 2.260773791392039378e+00
5.106355836726306734e+03 2.256201230174346151e+00
5.113026451797134541e+03 2.251649234452341553e+00
5.119697066867964168e+03 2.247117608301395730e+00
5.126367681938792884e+03 2.242606144321136696e+00
5.133038297009620692e+03 2.238114612044785456e+00
5.139708912080450318e+03 2.233642749637429592e+00
5.146379527151279035e+03 2.229190262033372338e+00
5.153050142222107752e+03 2.224756770166875786e+00
5.159720757292936469e+03 2.220341782069602754e+00
5.166391372363765186e+03 2.215944600609303983e+00
5.173061987434593902e+03 2.211564147832841609e+00
5.179732602505422619e+03 2.207198571455315506e+00
5.186403217576251336e+03 2.202844238857854631e+00
5.193073832647080053e+03 2.198492616595602023e+00
5.199744447717908770e+03 2.194117055092828839e+00
5.206415062788738396e+03 2.189566798236054712e+00
5.213085677859566204e+03 2.188836772204775460e+00
5.219756292930394920e+03 2.181969427008188855e+00
5.226426908001224547e+03 2.177572955066624516e+00
5.233097523072053264e+03 2.173308127979547422e+00
5.239768138142881071e+03 2.169092812795224035e+00
5.246438753213710697e+03 2.164908630110964349e+00
5.253109368284539414e+03 2.160749083135771631e+00
5.259779983355368131e+03 2.156611243138816914e+00
5.266450598426196848e+03 2.152493559447633764e+00
5.273121213497025565e+03 2.148395106086986139e+00
5.279791828567854282e+03 2.144315273794445531e+00
5.286462443638682998e+03 2.140253627596734098e+00
5.293133058709512625e+03 2.136209834431376908e+00
5.299803673780340432e+03 2.132183623384400484e+00
5.306474288851169149e+03 2.128174762115820240e+00
5.313144903921998775e+03 2.124183041754126755e+00
5.319815518992826583e+03 2.120208265844407247e+00
5.326486134063655300e+03 2.116250240788166703e+00
5.333156749134484926e+03 2.112308765249899523e+00
5.339827364205312733e+03 2.108383615233508035e+00
5.346497979276142360e+03 2.104474518412606354e+00
5.353168594346971076e+03 2.100581102777749010e+00
5.359839209417799793e+03 2.096702778429444969e+00
5.366509824488628510e+03 2.092838416525531375e+00
5.373180439559457227e+03 2.088985249128422428e+00
5.379851054630285944e+03 2.085133268750064772e+00
5.386521669701114661e+03 2.081187537610249105e+00
5.393192284771943378e+03 2.077763559906652624e+00
5.399862899842773004e+03 2.073871509856957562e+00
5.406533514913600811e+03 2.070083920409516498e+00
5.413204129984429528e+03 2.066325165116191354e+00
5.419874745055259154e+03 2.062586249392255766e+00
5.426545360126086962e+03 2.058864608495315718e+00
5.433215975196916588e+03 2.055159188079206611e+00
5.439886590267745305e+03 2.051469442563355283e+00
5.446557205338573112e+03 2.047795037783329164e+00
5.453227820409402739e+03 2.044135741052305555e+00
5.459898435480231456e+03 2.040491376259323086e+00
5.466569050551059263e+03 2.036861528018663048e+00
5.473239665621888889e+03 2.033246809921700038e+00
5.479910280692717606e+03 2.029646387001243113e+00
5.486580895763546323e+03 2.026060395748435550e+00
5.493251510834375040e+03 2.022488713381008552e+00
5.499922125905203757e+03 2.018931245365552574e+00
5.506592740976032474e+03 2.015387895803328000e+00
5.513263356046861190e+03 2.011858571062429935e+00
5.519933971117690817e+03 2.008343179582871230e+00
5.526604586188518624e+03 2.004841631599768359e+00
5.533275201259347341e+03 2.001353838975053367e+00
5.539945816330176967e+03 1.997879715222355745e+00
5.546616431401005684e+03 1.994419176611516242e+00
5.553287046471833492e+03 1.990972184741280460e+00
5.559957661542663118e+03 1.987538477383765434e+00
5.566628276613491835e+03 1.984118185868792628e+00
5.573298891684320552e+03 1.980711139410415322e+00
5.579969506755149268e+03 1.977317261810193294e+00
5.586640121825977985e+03 1.973936474624975679e+00
5.593310736896806702e+03 1.970568700488460001e+00
5.599981351967635419e+03 1.967213864331742945e+00
5.606651967038465045e+03 1.963871895746544194e+00
5.613322582109292853e+03 1.960542736577968626e+00
5.619993197180121570e+03 1.957226375926399697e+00
5.626663812250951196e+03 1.953923204995302809e+00
5.633334427321779003e+03 1.950628163031868256e+00
5.640005042392607720e+03 1.947351038174440552e+00
5.646675657463437346e+03 1.944084779865282497e+00
5.653346272534265154e+03 1.940830685108171805e+00
5.660016887605094780e+03 1.937588788454502220e+00
5.666687502675923497e+03 1.934359043783108412e+00
5.673358117746752214e+03 1.931141388103727818e+00
5.680028732817580931e+03 1.927935753195199942e+00
5.686699347888409648e+03 1.924742068758250380e+00
5.693369962959238364e+03 1.921560263442383842e+00
5.700040578030067081e+03 1.918390265180023757e+00
5.706711193100895798e+03 1.915232001128960304e+00
5.713381808171725424e+03 1.912085397551265054e+00
5.720052423242553232e+03 1.908950374240643066e+00
5.726723038313381949e+03 1.905826866185367230e+00
5.733393653384211575e+03 1.902714781024662072e+00
5.740064268455039382e+03 1.899614035609441531e+00
5.746734883525869009e+03 1.896524535147717572e+00
5.753405498596697726e+03 1.893446170864682809e+00
5.760076113667525533e+03 1.890378810127873344e+00
5.766746728738355159e+03 1.887322277038493645e+00
5.773417343809183876e+03 1.884276310880667049e+00
5.780087958880011684e+03 1.881240466183087934e+00
5.786758573950841310e+03 1.878213829307024740e+00
5.793429189021670027e+03 1.875193985488562642e+00
5.800099804092498744e+03 1.872171100497078244e+00
5.806770419163327460e+03 1.868989820201022445e+00
5.813441034234156177e+03 1.866344139920828926e+00
5.820111649304984894e+03 1.863324559704541583e+00
5.826782264375813611e+03 1.860353433534516432e+00
5.833452879446643237e+03 1.857400291625792121e+00
5.840123494517471045e+03 1.854460376579700309e+00
5.846794109588299762e+03 1.851532213439272212e+00
5.853464724659129388e+03 1.848615173471242157e+00
5.860135339729958105e+03 1.845708930161613859e+00
5.866805954800785912e+03 1.842813292516192192e+00
5.873476569871615538e+03 1.839928150548473251e+00
5.880147184942444255e+03 1.837053483361948070e+00
5.886817800013272972e+03 1.834189540225432458e+00
5.893488415084101689e+03 1.831339209354511111e+00
5.900159030154930406e+03 1.828481390156710740e+00
5.906829645225759123e+03 1.825651193540963169e+00
5.913500260296587840e+03 1.822827380090159544e+00
5.920170875367416556e+03 1.820012934883545430e+00
5.926841490438245273e+03 1.817208135939418101e+00
5.933512105509073990e+03 1.814413017943111939e+00
5.940182720579903616e+03 1.811627560436060547e+00
5.946853335650731424e+03 1.808851725189699611e+00
5.953523950721560141e+03 1.806085467006923073e+00
5.960194565792389767e+03 1.803328737279832561e+00
5.966865180863217574e+03 1.800581482800483801e+00
5.973535795934047201e+03 1.797844553737615980e+00
5.980206411004875918e+03 1.795115268107074780e+00
5.986877026075704634e+03 1.792396160235705693e+00
5.993547641146533351e+03 1.789686341251157886e+00
6.000218256217362068e+03 1.786985758492435572e+00
6.006888871288190785e+03 1.784294362787372856e+00
6.013559486359019502e+03 1.781612105856653194e+00
6.020230101429848219e+03 1.778938939959470167e+00
6.026900716500676936e+03 1.776274817801190675e+00
6.033571331571505652e+03 1.773619692524949443e+00
6.040241946642334369e+03 1.770973517693880117e+00
6.046912561713163996e+03 1.768336247554147755e+00
6.053583176783991803e+03 1.765707834536884624e+00
6.060253791854821429e+03 1.763088236463451919e+00
6.066924406925650146e+03 1.760477406741071782e+00
6.073595021996477954e+03 1.757875301167096671e+00
6.080265637067307580e+03 1.755281875766048216e+00
6.086936252138136297e+03 1.752697086938853843e+00
6.093606867208964104e+03 1.750120891514536758e+00
6.100277482279793730e+03 1.747553246718792863e+00
6.106948097350622447e+03 1.744994110181780744e+00
6.113618712421451164e+03 1.742443439868419208e+00
6.120289327492279881e+03 1.739901193913249600e+00
6.126959942563108598e+03 1.737367329788640724e+00
6.133630557633937315e+03 1.734841796408001624e+00
6.140301172704766032e+03 1.732324680794406380e+00
6.146971787775594748e+03 1.729815680711971559e+00
6.153642402846423465e+03 1.727314949181841808e+00
6.160313017917252182e+03 1.724822405944102188e+00
6.166983632988081808e+03 1.722338007699218521e+00
6.173654248058910525e+03 1.719861711766582424e+00
6.180324863129738333e+03 1.717393472442810820e+00
6.186995478200567959e+03 1.714933236723715337e+00
6.193666093271396676e+03 1.712480935163788409e+00
6.200336708342225393e+03 1.710036458822266292e+00
6.207007323413054110e+03 1.707599590138361156e+00
6.213677938483882826e+03 1.705169730993497224e+00
6.220348553554711543e+03 1.702744100252570281e+00
6.227019168625540260e+03 1.700163570136767444e+00
6.233689783696368977e+03 1.697954260491117529e+00
6.240360398767197694e+03 1.695551357159448047e+00
6.247031013838026411e+03 1.693161494660327060e+00
6.253701628908856037e+03 1.690781062815541302e+00
6.260372243979683844e+03 1.688409561947807891e+00
6.267042859050512561e+03 1.686047099872236110e+00
6.273713474121342188e+03 1.683694153994380160e+00
6.280384089192169995e+03 1.681351711362266688e+00
6.287054704262999621e+03 1.679021776220350981e+00
6.293725319333828338e+03 1.676708865112344959e+00
6.300395934404657055e+03 1.674425427868425853e+00
6.307066549475485772e+03 1.672222216283384633e+00
6.313737164546314489e+03 1.670815997016927179e+00
6.320407779617143206e+03 1.666797667063517174e+00
6.327078394687971922e+03 1.664803408027173859e+00
6.333749009758800639e+03 1.662588030470555811e+00
6.340419624829629356e+03 1.660336863159827425e+00
6.347090239900458073e+03 1.658077308726906285e+00
6.353760854971286790e+03 1.655817499029333728e+00
6.360431470042116416e+03 1.653560687842364985e+00
6.367102085112944224e+03 1.651308421529370074e+00
6.373772700183772940e+03 1.649061523345379809e+00
6.380443315254602567e+03 1.646820475360956548e+00
6.387113930325430374e+03 1.644585647804268413e+00
6.393784545396260000e+03 1.642355642439491836e+00
6.400455160467088717e+03 1.640134165103177333e+00
6.407125775537916525e+03 1.637918388423557303e+00
6.413796390608746151e+03 1.635709058526980675e+00
6.420467005679574868e+03 1.633506233949479247e+00
6.427137620750403585e+03 1.631309932671636931e+00
6.433808235821232302e+03 1.629120158118031902e+00
6.440478850892061018e+03 1.626936905389531951e+00
6.447149465962889735e+03 1.624760164006309626e+00
6.453820081033718452e+03 1.622589919481250087e+00
6.460490696104547169e+03 1.620426154348637127e+00
6.467161311175375886e+03 1.618268848864000908e+00
6.473831926246204603e+03 1.616117981520197144e+00
6.480502541317034229e+03 1.613973529420051234e+00
6.487173156387862946e+03 1.611835468540811833e+00
6.493843771458690753e+03 1.609703773948074401e+00
6.500514386529520380e+03 1.607578419925412394e+00
6.507185001600349096e+03 1.605459380077759457e+00
6.513855616671177813e+03 1.603346627367270738e+00
6.520526231742006530e+03 1.601240134091209244e+00
6.527196846812835247e+03 1.599139871735382856e+00
6.533867461883663964e+03 1.597045810499673202e+00
6.540538076954492681e+03 1.594957917639062028e+00
6.547208692025321398e+03 1.592876149273688924e+00
6.553879307096150114e+03 1.590800343314841214e+00
6.560549922166978831e+03 1.588731387168845988e+00
6.567220537237808458e+03 1.586667725339597323e+00
6.573891152308636265e+03 1.584610236525657356e+00
6.580561767379464982e+03 1.582558758149352096e+00
6.587232382450294608e+03 1.580513240841791678e+00
6.593902997521122415e+03 1.578473643901556533e+00
6.600573612591951132e+03 1.576439926754305665e+00
6.607244227662780759e+03 1.574412046701912482e+00
6.613914842733609476e+03 1.572389957531294957e+00
6.620585457804438192e+03 1.570373608108333929e+00
6.627256072875266909e+03 1.568362940309665055e+00
6.633926687946095626e+03 1.566357885112805270e+00
6.640597303016924343e+03 1.564358345989891097e+00
6.647267918087753060e+03 1.562364819260771975e+00
6.653938533158581777e+03 1.560375683984172479e+00
6.660609148229410494e+03 1.558392115526020305e+00
6.667279763300239210e+03 1.556413543429438828e+00
6.673950378371068837e+03 1.554439678353568111e+00
6.680620993441896644e+03 1.552470113896168513e+00
6.687291608512725361e+03 1.550504230753372292e+00
6.693962223583554987e+03 1.548541019956906517e+00
6.700632838654382795e+03 1.546578701051845250e+00
6.707303453725212421e+03 1.544613784369633036e+00
6.713974068796041138e+03 1.542638328209668508e+00
6.720644683866868945e+03 1.540629421152865941e+00
6.727315298937698572e+03 1.538482152371956291e+00
6.733985914008527288e+03 1.532519325835827395e+00
6.740656529079356005e+03 1.535727498475362385e+00
6.747327144150184722e+03 1.533502635710724871e+00
6.753997759221013439e+03 1.531504163768568905e+00
6.760668374291842156e+03 1.529561433020947714e+00
6.767338989362670873e+03 1.527643551116026233e+00
6.774009604433499590e+03 1.525740616940812533e+00
6.780680219504328306e+03 1.523848473785427649e+00
6.787350834575157023e+03 1.521965066460165827e+00
6.794021449645986650e+03 1.520089258847176161e+00
6.800692064716815366e+03 1.518220369313270757e+00
6.807362679787643174e+03 1.516357962523278813e+00
6.814033294858472800e+03 1.514501743009289081e+00
6.820703909929301517e+03 1.512651510587244452e+00
6.827374525000129324e+03 1.510807113529384793e+00
6.834045140070958951e+03 1.508968441706837194e+00
6.840715755141787668e+03 1.507135410843846612e+00
6.847386370212616384e+03 1.505307955550885479e+00
6.854056985283445101e+03 1.503486024478815519e+00
6.860727600354274728e+03 1.501669577038630132e+00
6.867398215425101625e+03 1.499858581165369964e+00
6.874068830495931252e+03 1.498053011784425514e+00
6.880739445566760878e+03 1.496252849753809455e+00
6.887410060637588685e+03 1.494458081142324257e+00
6.894080675708417402e+03 1.492668696697425856e+00
6.900751290779247029e+03 1.490884694660999932e+00
6.907421905850075746e+03 1.489106068148864592e+00
6.914092520920903553e+03 1.487332827193229567e+00
6.920763135991733179e+03 1.485564979411097886e+00
6.927433751062561896e+03 1.483802538819146921e+00
6.934104366133389703e+03 1.482045524932745773e+00
6.940774981204219330e+03 1.480293963277069746e+00
6.947445596275048047e+03 1.478547886146422519e+00
6.954116211345875854e+03 1.476807333503208808e+00
6.960786826416705480e+03 1.475072354124622009e+00
6.967457441487534197e+03 1.473343006997249738e+00
6.974128056558362005e+03 1.471619362822049748e+00
6.980798671629191631e+03 1.469901508042035232e+00
6.987469286700021257e+03 1.468189542856181085e+00
6.994139901770849974e+03 1.466483590320260877e+00
7.000810516841677781e+03 1.464783797126149922e+00
7.007481131912507408e+03 1.463090340022867419e+00
7.014151746983336125e+03 1.461403432824801785e+00
7.020822362054163932e+03 1.459723335608993144e+00
7.027492977124993558e+03 1.458050366792823516e+00
7.034163592195822275e+03 1.456384919298674863e+00
7.040834207266650083e+03 1.454727482448299192e+00
7.047504822337479709e+03 1.453078672110656333e+00
7.054175437408308426e+03 1.451439272961931204e+00
7.060846052479136233e+03 1.449810299014477888e+00
7.067516667549965860e+03 1.448193082391833642e+00
7.074187282620794576e+03 1.446589406136778999e+00
7.080857897691624203e+03 1.445001711465234928e+00
7.087528512762452010e+03 1.443433429338552232e+00
7.094199127833280727e+03 1.441889535275183487e+00
7.100869742904110353e+03 1.440377526234050354e+00
7.107540357974938161e+03 1.438909245187672603e+00
7.114210973045767787e+03 1.437504559305255780e+00
7.120881588116596504e+03 1.436199535632304292e+00
7.127552203187424311e+03 1.435067172519590040e+00
7.134222818258253938e+03 1.434280921916059937e+00
7.140893433329082654e+03 1.434378081972841779e+00
7.147564048399910462e+03 1.438265708504334883e+00
7.154234663470740088e+03 1.324503855493651683e+00
7.160905278541568805e+03 1.415852043633421875e+00
7.167575893612396612e+03 1.418409344668446259e+00
7.174246508683226239e+03 1.418282476463714969e+00
7.180917123754054955e+03 1.417442096653266148e+00
7.187587738824884582e+03 1.416311205067392942e+00
7.194258353895712389e+03 1.415035123747725665e+00
7.200928968966541106e+03 1.413677233236428465e+00
7.207599584037370732e+03 1.412269597698751156e+00
7.214270199108198540e+03 1.410830186049539137e+00
7.220940814179027257e+03 1.409369855959218043e+00
7.227611429249856883e+03 1.407895560542653968e+00
7.234282044320684690e+03 1.406411964249518753e+00
7.240952659391514317e+03 1.404922318279933968e+00
7.247623274462343034e+03 1.403428963962641829e+00
7.254293889533170841e+03 1.401933635197030625e+00
7.260964504604000467e+03 1.400437649610574375e+00
7.267635119674829184e+03 1.398942031889385040e+00
7.274305734745658810e+03 1.397447596821268512e+00
7.280976349816486618e+03 1.395955006459040026e+00
7.287646964887315335e+03 1.394464810479388417e+00
7.294317579958144961e+03 1.392977475403456067e+00
7.300988195028972768e+03 1.391493406247111375e+00
7.307658810099801485e+03 1.390012963018507852e+00
7.314329425170631112e+03 1.388536474361099504e+00
7.321000040241458919e+03 1.387064234931106421e+00
7.327670655312287636e+03 1.385596557143953245e+00
7.334341270383117262e+03 1.384133712512592318e+00
7.341011885453945069e+03 1.382675989420189433e+00
7.347682500524773786e+03 1.381223680226011385e+00
7.354353115595603413e+03 1.379777089455824113e+00
7.361023730666433039e+03 1.378336540041076974e+00
7.367694345737259937e+03 1.376902379847558144e+00
7.374364960808089563e+03 1.375474988839540780e+00
7.381035575878919190e+03 1.374054787196306249e+00
7.387706190949746997e+03 1.372642244720579940e+00
7.394376806020575714e+03 1.371237892008252857e+00
7.401047421091405340e+03 1.369842333889574215e+00
7.407718036162233147e+03 1.368456265893665647e+00
7.414388651233061864e+03 1.367080494525966028e+00
7.421059266303891491e+03 1.365715963008653722e+00
7.427729881374719298e+03 1.364363783548001807e+00
7.434400496445548015e+03 1.363025279123490474e+00
7.441071111516377641e+03 1.361702037722900771e+00
7.447741726587206358e+03 1.360395983878610160e+00
7.454412341658034165e+03 1.359109474337266477e+00
7.461082956728863792e+03 1.357845427972488528e+00
7.467753571799692509e+03 1.356607505213067277e+00
7.474424186870520316e+03 1.355400360541165528e+00
7.481094801941349942e+03 1.354230004349530114e+00
7.487765417012179569e+03 1.353104346159754501e+00
7.494436032083006467e+03 1.352033979054818147e+00
7.501106647153836093e+03 1.351033469535324549e+00
7.507777262224665719e+03 1.350123376963913602e+00
7.514447877295493527e+03 1.349333702584506023e+00
7.521118492366322243e+03 1.348710009966543000e+00
7.527789107437151870e+03 1.348325018015850363e+00
7.534459722507980587e+03 1.348302370674181461e+00
7.541130337578808394e+03 1.348870671760498352e+00
7.547800952649638020e+03 1.350504853981993270e+00
7.554471567720466737e+03 1.354380277825715462e+00
7.561142182791294545e+03 1.364418021062802744e+00
7.567812797862124171e+03 1.406557903166681722e+00
7.574483412932952888e+03 1.146178024897057890e+00
7.581154028003780695e+03 1.288018228753350591e+00
7.587824643074610321e+03 1.304657927466333911e+00
7.594495258145439038e+03 1.310338216366854436e+00
7.601165873216266846e+03 1.312729193061077160e+00
7.607836488287096472e+03 1.313698829398401990e+00
7.614507103357926098e+03 1.313926771334548604e+00
7.621177718428752996e+03 1.313719625338309660e+00
7.627848333499582623e+03 1.313236011920494661e+00
7.634518948570412249e+03 1.312566231446105069e+00
7.641189563641240966e+03 1.311765465065296565e+00
7.647860178712068773e+03 1.310869317650678934e+00
7.654530793782898400e+03 1.309901693502120823e+00
7.661201408853727116e+03 1.308888591962313885e+00
7.667872023924554924e+03 1.307816321882520061e+00
7.674542638995384550e+03 1.306718260540840504e+00
7.681213254066213267e+03 1.305593548419069050e+00
7.687883869137041074e+03 1.304447256534675859e+00
7.694554484207870701e+03 1.303283401157064425e+00
7.701225099278699417e+03 1.302105172929264088e+00
7.707895714349527225e+03 1.300915134057849754e+00
7.714566329420356851e+03 1.299715364371039072e+00
7.721236944491185568e+03 1.298507569036936315e+00
7.727907559562015194e+03 1.297293158764078358e+00
7.734578174632843002e+03 1.296073309514441663e+00
7.741248789703672628e+03 1.294849016130625641e+00
7.747919404774501345e+03 1.293621107182246766e+00
7.754590019845329152e+03 1.292390300493115207e+00
7.761260634916158779e+03 1.291157206301425164e+00
7.767931249986987496e+03 1.289922350538385443e+00
7.774601865057815303e+03 1.288686188375892883e+00
7.781272480128644929e+03 1.287449115494065488e+00
7.787943095199473646e+03 1.286211477266952619e+00
7.794613710270301453e+03 1.284973576305631582e+00
7.801284325341131080e+03 1.283735678667542235e+00
7.807954940411959797e+03 1.282498019020843705e+00
7.814625555482789423e+03 1.281260804924058583e+00
7.821296170553617230e+03 1.280024220435290072e+00
7.827966785624445947e+03 1.278788429141934024e+00
7.834637400695275574e+03 1.277553576698402527e+00
7.841308015766103381e+03 1.276319792984184076e+00
7.847978630836932098e+03 1.275087193941611519e+00
7.854649245907761724e+03 1.273855883094073160e+00
7.861319860978589531e+03 1.272625952854914644e+00
7.867990476049418248e+03 1.271397485588235954e+00
7.874661091120247875e+03 1.270170554480529290e+00
7.881331706191075682e+03 1.268945224213288148e+00
7.888002321261905308e+03 1.267721551406774338e+00
7.894672936332734025e+03 1.266499584857271321e+00
7.901343551403563652e+03 1.265279364953312502e+00
7.908014166474391459e+03 1.264060926216517666e+00
7.914684781545220176e+03 1.262844290668579506e+00
7.921355396616049802e+03 1.261629467682609196e+00
7.928026011686877609e+03 1.260416457700235915e+00
7.934696626757706326e+03 1.259205235380835175e+00
7.941367241828535953e+03 1.257995743964771984e+00
7.948037856899363760e+03 1.256787871536414913e+00
7.954708471970192477e+03 1.255581403802443985e+00
7.961379087041022103e+03 1.254375913819452348e+00
7.968049702111849911e+03 1.253170463135859780e+00
7.974720317182678627e+03 1.251962589793752301e+00
7.981390932253508254e+03 1.250743288842454781e+00
7.988061547324337880e+03 1.249433547380300658e+00
7.994732162395164778e+03 1.248606500998949542e+00
8.001402777465994404e+03 1.247291192163267226e+00
8.008073392536824031e+03 1.246079768565962587e+00
8.014744007607651838e+03 1.244884663910871936e+00
8.021414622678480555e+03 1.243696405628624602e+00
8.028085237749310181e+03 1.242512413116814596e+00
8.034755852820137989e+03 1.241331669487734768e+00
8.041426467890966705e+03 1.240153652431867037e+00
8.048097082961796332e+03 1.238977994388593906e+00
8.054767698032624139e+03 1.237804289133084268e+00
8.061438313103452856e+03 1.236631788980646851e+00
8.068108928174282482e+03 1.235458255460561761e+00
8.074779543245110290e+03 1.234269808757958886e+00
8.081450158315939007e+03 1.233273854758516697e+00
8.088120773386768633e+03 1.232014166025620971e+00
8.094791388457597350e+03 1.230845464887371676e+00
8.101462003528425157e+03 1.229685913919914997e+00
8.108132618599254783e+03 1.228530686836982744e+00
8.114803233670084410e+03 1.227378629536987953e+00
8.121473848740911308e+03 1.226229323197270071e+00
8.128144463811740934e+03 1.225082577595013600e+00
8.134815078882570560e+03 1.223938292768102176e+00
8.141485693953398368e+03 1.222796410343099938e+00
8.148156309024227085e+03 1.221656893281807266e+00
8.154826924095056711e+03 1.220519716426185619e+00
8.161497539165884518e+03 1.219384861668003195e+00
8.168168154236713235e+03 1.218252315203627756e+00
8.174838769307542861e+03 1.217122066086040455e+00
8.181509384378371578e+03 1.215994105217137466e+00
8.188179999449199386e+03 1.214868424777929778e+00
8.194850614520028103e+03 1.213745017822794203e+00
8.201521229590858638e+03 1.212623878024879476e+00
8.208191844661685536e+03 1.211504999502208246e+00
8.214862459732514253e+03 1.210388376676394984e+00
8.221533074803344789e+03 1.209274004203062747e+00
8.228203689874171687e+03 1.208161876892534625e+00
8.234874304945000404e+03 1.207051989670982817e+00
8.241544920015830940e+03 1.205944337539211375e+00
8.248215535086657837e+03 1.204838915555313861e+00
8.254886150157488373e+03 1.203735718816711930e+00
8.261556765228317090e+03 1.202634742458331907e+00
8.268227380299145807e+03 1.201535981597023683e+00
8.274897995369974524e+03 1.200439431391841172e+00
8.281568610440803241e+03 1.199345087000864174e+00
8.288239225511631957e+03 1.198252943588544950e+00
8.294909840582460674e+03 1.197162996329046214e+00
8.301580455653289391e+03 1.196075240406343720e+00
8.308251070724118108e+03 1.194989671028388933e+00
8.314921685794946825e+03 1.193906283424314374e+00
8.321592300865775542e+03 1.192825072881467108e+00
8.328262915936604259e+03 1.191746034840633461e+00
8.334933531007432975e+03 1.190669161021240985e+00
8.341604146078261692e+03 1.189594455749158453e+00
8.348274761149090409e+03 1.188521906970647635e+00
8.354945376219920945e+03 1.187451512332331260e+00
8.361615991290747843e+03 1.186383267714973710e+00
8.368286606361576560e+03 1.185317169135999160e+00
8.374957221432407096e+03 1.184253212860028492e+00
8.381627836503233993e+03 1.183191395487904529e+00
8.388298451574062710e+03 1.182131714041275483e+00
8.394969066644893246e+03 1.181074166067139553e+00
8.401639681715720144e+03 1.180018749522162569e+00
8.408310296786548861e+03 1.178965456549475377e+00
8.414980911857379397e+03 1.177914324873318375e+00
8.421651526928206295e+03 1.176865310840139012e+00
8.428322141999035011e+03 1.175818435739748979e+00
8.434992757069865547e+03 1.174773720410229538e+00
8.441663372140694264e+03 1.173731180561528475e+00
8.448333987211521162e+03 1.172690849718533768e+00
8.455004602282351698e+03 1.171652785165006483e+00
8.461675217353180415e+03 1.170617089351074780e+00
8.468345832424007313e+03 1.169583959512507709e+00
8.475016447494837848e+03 1.168553821042284779e+00
8.481687062565666565e+03 1.167527774500588089e+00
8.488357677636493463e+03 1.166509770425371517e+00
8.495028292707323999e+03 1.165532415062158211e+00
8.501698907778152716e+03 1.164337010863650157e+00
8.508369522848979614e+03 1.163379577358255368e+00
8.515040137919810149e+03 1.162370935135210059e+00
8.521710752990638866e+03 1.161357392837350622e+00
8.528381368061467583e+03 1.160343608024387185e+00
8.535051983132296300e+03 1.159330814602620441e+00
8.541722598203125017e+03 1.158319477748738668e+00
8.548393213273953734e+03 1.157309809987906002e+00
8.555063828344782451e+03 1.156301920754661650e+00
8.561734443415611167e+03 1.155295870952192328e+00
8.568405058486439884e+03 1.154291696201539708e+00
8.575075673557268601e+03 1.153289417886754764e+00
8.581746288628097318e+03 1.152289048888870404e+00
8.588416903698926035e+03 1.151290596785460751e+00
8.595087518769754752e+03 1.150294065614432260e+00
8.601758133840583469e+03 1.149299457156818249e+00
8.608428748911412185e+03 1.148306771545596128e+00
8.615099363982240902e+03 1.147316007782298364e+00
8.621769979053069619e+03 1.146327164056510028e+00
8.628440594123900155e+03 1.145340237977111375e+00
8.635111209194728872e+03 1.144355226722686858e+00
8.641781824265555770e+03 1.143372127162946672e+00
8.648452439336386306e+03 1.142390935952045883e+00
8.655123054407215022e+03 1.141411649593874200e+00
8.661793669478041920e+03 1.140434264492076188e+00
8.668464284548872456e+03 1.139458776999875189e+00
8.675134899619701173e+03 1.138485183470955509e+00
8.681805514690528071e+03 1.137513480256378218e+00
8.688476129761358607e+03 1.136543663791844017e+00
8.695146744832187323e+03 1.135575730578570308e+00
8.701817359903014221e+03 1.134609677246415149e+00
8.708487974973844757e+03 1.133645500576096810e+00
8.715158590044673474e+03 1.132683197538465691e+00
8.721829205115502191e+03 1.131722765347586757e+00
8.728499820186330908e+03 1.130764201485651155e+00
8.735170435257159625e+03 1.129807503789562517e+00
8.741841050327988341e+03 1.128852670483719622e+00
8.748511665398817058e+03 1.127899700154838092e+00
8.755182280469645775e+03 1.126948593851533120e+00
8.761852895540474492e+03 1.125999348378253995e+00
8.768523510611303209e+03 1.125051967028377620e+00
8.775194125682131926e+03 1.124106451477665525e+00
8.781864740752960643e+03 1.123162805202887915e+00
8.788535355823789359e+03 1.122221033458359551e+00
8.795205970894618076e+03 1.121281143726888585e+00
8.801876585965446793e+03 1.120343146355850861e+00
8.808547201036277329e+03 1.119407055427526609e+00
8.815217816107104227e+03 1.118472889945439031e+00
8.821888431177932944e+03 1.117540675495089397e+00
8.828559046248763480e+03 1.116610446394609379e+00
8.835229661319590377e+03 1.115682247131273064e+00
8.841900276390419094e+03 1.114756254603093577e+00
8.848570891461249630e+03 1.113832280032328814e+00
8.855241506532076528e+03 1.112910709792686470e+00
8.861912121602905245e+03 1.111991677782981025e+00
8.868582736673735781e+03 1.111075499544549761e+00
8.875253351744562679e+03 1.110162695252623122e+00
8.881923966815391395e+03 1.109254177923677309e+00
8.888594581886221931e+03 1.108351703940049005e+00
8.895265196957050648e+03 1.107459129980667312e+00
8.901935812027879365e+03 1.106586873403627047e+00
8.908606427098708082e+03 1.105776133553392881e+00
8.915277042169536799e+03 1.105533276929250519e+00
8.921947657240365515e+03 1.103227710231529102e+00
8.928618272311194232e+03 1.102622748642455575e+00
8.935288887382022949e+03 1.101791958646091363e+00
8.941959502452851666e+03 1.100922560590364085e+00
8.948630117523680383e+03 1.100040571480898288e+00
8.955300732594509100e+03 1.099153571843900057e+00
8.961971347665337817e+03 1.098264576745263232e+00
8.968641962736166533e+03 1.097375021429961572e+00
8.975312577806995250e+03 1.096485674953804335e+00
8.981983192877823967e+03 1.095596985465543405e+00
8.988653807948652684e+03 1.094709230744736805e+00
8.995324423019481401e+03 1.093822590570284969e+00
9.001995038090311937e+03 1.092937177320338460e+00
9.008665653161138835e+03 1.092053163466466525e+00
9.015336268231967551e+03 1.091170449533731324e+00
9.022006883302798087e+03 1.090289185158823004e+00
9.028677498373624985e+03 1.089409384502367351e+00
9.035348113444453702e+03 1.088531069931686579e+00
9.042018728515284238e+03 1.087654258960538467e+00
9.048689343586111136e+03 1.086778964837620265e+00
9.055359958656939853e+03 1.085905197460393490e+00
9.062030573727770388e+03 1.085032964119862608e+00
9.068701188798597286e+03 1.084162270066164613e+00
9.075371803869426003e+03 1.083293118946662581e+00
9.082042418940256539e+03 1.082425513119751992e+00
9.088713034011085256e+03 1.081559453909945789e+00
9.095383649081912154e+03 1.080694942163239691e+00
9.102054264152742689e+03 1.079831976707327446e+00
9.108724879223571406e+03 1.078970557746520065e+00
9.115395494294398304e+03 1.078110683774055500e+00
9.122066109365228840e+03 1.077252353188942413e+00
9.128736724436057557e+03 1.076395564077604172e+00
9.135407339506884455e+03 1.075540314249922025e+00
9.142077954577714991e+03 1.074686601291364507e+00
9.148748569648543707e+03 1.073834422593075821e+00
9.155419184719372424e+03 1.072983775377949422e+00
9.162089799790201141e+03 1.072134656734237135e+00
9.168760414861029858e+03 1.071287063627976544e+00
9.175431029931858575e+03 1.070440992898171073e+00
9.182101645002687292e+03 1.069596441317270052e+00
9.188772260073516009e+03 1.068753405715312299e+00
9.195442875144344725e+03 1.067911882536139556e+00
9.202113490215173442e+03 1.067071868435532700e+00
9.208784105286002159e+03 1.066233359927411639e+00
9.215454720356830876e+03 1.065396353481400382e+00
9.222125335427659593e+03 1.064560845512282361e+00
9.228795950498488310e+03 1.063726832369856767e+00
9.235466565569317027e+03 1.062894310290455335e+00
9.242137180640145743e+03 1.062063275229188974e+00
9.248807795710974460e+03 1.061233722092835841e+00
9.255478410781804996e+03 1.060405637243172272e+00
9.262149025852633713e+03 1.059579131793210616e+00
9.268819640923460611e+03 1.058753969339421896e+00
9.275490255994291147e+03 1.057930314562044005e+00
9.282160871065119863e+03 1.057108129389400242e+00
9.288831486135946761e+03 1.056287407608388129e+00
9.295502101206777297e+03 1.055468144950326703e+00
9.302172716277606014e+03 1.054650337581377828e+00
9.308843331348432912e+03 1.053833981892128069e+00
9.315513946419263448e+03 1.053019074553525058e+00
9.322184561490092165e+03 1.052205613037234366e+00
9.328855176560919062e+03 1.051393598954828867e+00
9.335525791631749598e+03 1.050583169250868698e+00
9.342196406702578315e+03 1.049773793427529744e+00
9.348867021773407032e+03 1.048966084432114476e+00
9.355537636844235749e+03 1.048159787595781545e+00
9.362208251915064466e+03 1.047354909487600461e+00
9.368878866985893183e+03 1.046551448203456136e+00
9.375549482056721899e+03 1.045749400599559120e+00
9.382220097127550616e+03 1.044948763167118155e+00
9.388890712198379333e+03 1.044149532205152164e+00
9.395561327269208050e+03 1.043351703812025022e+00
9.402231942340036767e+03 1.042555273645319858e+00
9.408902557410865484e+03 1.041760236077550417e+00
9.415573172481694201e+03 1.040966579599316821e+00
9.422243787552522917e+03 1.040174211658508208e+00
9.428914402623351634e+03 1.039383624686563978e+00
9.435585017694180351e+03 1.038594077624837020e+00
9.442255632765009068e+03 1.037805960372751857e+00
9.448926247835837785e+03 1.037019226689900320e+00
9.455596862906668321e+03 1.036233867409287912e+00
9.462267477977495219e+03 1.035449877388805229e+00
9.468938093048323935e+03 1.034667252479919197e+00
9.475608708119154471e+03 1.033885988874287509e+00
9.482279323189981369e+03 1.033106082917225610e+00
9.488949938260810086e+03 1.032327531031700829e+00
9.495620553331640622e+03 1.031550329681762745e+00
9.502291168402467520e+03 1.030774475368769316e+00
9.508961783473296236e+03 1.029999964589946471e+00
9.515632398544126772e+03 1.029226794222082964e+00
9.522303013614953670e+03 1.028454960072796798e+00
9.528973628685784206e+03 1.027684459305403974e+00
9.535644243756612923e+03 1.026915288365686019e+00
9.542314858827441640e+03 1.026147443845148111e+00
9.548985473898270357e+03 1.025380922348768209e+00
9.555656088969099073e+03 1.024615720503449623e+00
9.562326704039927790e+03 1.023851834945270101e+00
9.568997319110756507e+03 1.023089262324218263e+00
9.575667934181585224e+03 1.022327999303887180e+00
9.582338549252413941e+03 1.021568042561534995e+00
9.589009164323242658e+03 1.020809388796172446e+00
9.595679779394071375e+03 1.020052034724907131e+00
9.602350394464900091e+03 1.019295984021578061e+00
9.609021009535728808e+03 1.018541212547171115e+00
9.615691624606557525e+03 1.017787738055808688e+00
9.622362239677386242e+03 1.017035550381883091e+00
9.629032854748216778e+03 1.016284646441847572e+00
9.635703469819043676e+03 1.015535023278360871e+00
9.642374084889872393e+03 1.014786678147451271e+00
9.649044699960702928e+03 1.014039608774964574e+00
9.655715315031529826e+03 1.013293813982180325e+00
9.662385930102358543e+03 1.012549295896640889e+00
9.669056545173189079e+03 1.011806071077764324e+00
9.675727160244015977e+03 1.011064320286484630e+00
9.682397775314844694e+03 1.010322805712397409e+00
9.689068390385675229e+03 1.009583541395431272e+00
9.695739005456502127e+03 1.008845337798636832e+00
9.702409620527330844e+03 1.008108354058993239e+00
9.709080235598161380e+03 1.007372605664768939e+00
9.715750850668990097e+03 1.006638094616690848e+00
9.722421465739816995e+03 1.005904819779261272e+00
9.729092080810647531e+03 1.005172778972564407e+00
9.735762695881476247e+03 1.004441969596301831e+00
9.742433310952303145e+03 1.003712388847247894e+00
9.749103926023133681e+03 1.002984033827025057e+00
9.755774541093962398e+03 1.002256901740703698e+00
9.762445156164789296e+03 1.001530989196022903e+00
9.769115771235619832e+03 1.000806293437220384e+00
9.775786386306448549e+03 1.000082811722549314e+00
9.782457001377277265e+03 9.993605407727874645e-01
9.789127616448105982e+03 9.986394776632745440e-01
9.795798231518934699e+03 9.979196194208934667e-01
9.802468846589763416e+03 9.972009630756970555e-01
9.809139461660592133e+03 9.964835056780245726e-01
9.815810076731420850e+03 9.957672443186527111e-01
9.822480691802249567e+03 9.950521761450243918e-01
9.829151306873078283e+03 9.943382985313954370e-01
9.835821921943907000e+03 9.936256099268117037e-01
9.842492537014735717e+03 9.929141374941367060e-01
9.849163152085564434e+03 9.922037590365850868e-01
9.855833767156393151e+03 9.914946165440825521e-01
9.862504382227221868e+03 9.907866454500977582e-01
9.869174997298050585e+03 9.900798460009426760e-01
9.875845612368879301e+03 9.893742158392456743e-01
9.882516227439709837e+03 9.886697522450278441e-01
9.889186842510536735e+03 9.879664524259100800e-01
9.895857457581365452e+03 9.872643135492196187e-01
9.902528072652195988e+03 9.865633327858907009e-01
9.909198687723024705e+03 9.858635073038861663e-01
9.915869302793851602e+03 9.851648342806895720e-01
9.922539917864682138e+03 9.844673109113696308e-01
9.929210532935510855e+03 9.837709344782525900e-01
9.935881148006337753e+03 9.830757013964361857e-01
9.942551763077168289e+03 9.823816102686432350e-01
9.949222378147997006e+03 9.816886574000418531e-01
9.955892993218823904e+03 9.809968401592228382e-01
9.962563608289654439e+03 9.803061557886240118e-01
9.969234223360483156e+03 9.796166015118134007e-01
9.975904838431310054e+03 9.789281745656195355e-01
9.982575453502140590e+03 9.782408721679022312e-01
9.989246068572969307e+03 9.775546915198922715e-01
9.995916683643798024e+03 9.768696297576481280e-01
1.000258729871462674e+04 9.761856838343175857e-01
1.000925791378545546e+04 9.755028499695889144e-01
1.001592852885628417e+04 9.748211190817885896e-01
1.002259914392711289e+04 9.741406132681212915e-01
1.002926975899794161e+04 9.734610367351660409e-01
1.003594037406877032e+04 9.727826279378871677e-01
1.004261098913959904e+04 9.721053233817006367e-01
1.004928160421042776e+04 9.714291175500747721e-01
1.005595221928125648e+04 9.707540070741715876e-01
1.006262283435208519e+04 9.700799889546201094e-01
1.006929344942291391e+04 9.694070602089100985e-01
1.007596406449374263e+04 9.687352175932184561e-01
1.008263467956457316e+04 9.680644569016578771e-01
1.008930529463540006e+04 9.673947690533072352e-01
1.009597590970622878e+04 9.667260539118879281e-01
1.010264652477705931e+04 9.660587560514301009e-01
1.010931713984788621e+04 9.653922777770317376e-01
1.011598775491871493e+04 9.647268979813862222e-01
1.012265836998954546e+04 9.640625923927441665e-01
1.012932898506037236e+04 9.633993552748055800e-01
1.013599960013120108e+04 9.627371831059965412e-01
1.014267021520203161e+04 9.620760729551152135e-01
1.014934083027285851e+04 9.614160221058277722e-01
1.015601144534368905e+04 9.607570279324417761e-01
1.016268206041451776e+04 9.600990878671662454e-01
1.016935267548534648e+04 9.594421993689556949e-01
1.017602329055617520e+04 9.587863599156964955e-01
1.018269390562700391e+04 9.581315670030481346e-01
1.018936452069783263e+04 9.574778182195133880e-01
1.019603513576866135e+04 9.568251109441683333e-01
1.020270575083949007e+04 9.561734428098811467e-01
1.020937636591031878e+04 9.555228113451927907e-01
1.021604698098114750e+04 9.548732141138178697e-01
1.022271759605197622e+04 9.542246486941685646e-01
1.022938821112280493e+04 9.535771126915774110e-01
1.023605882619363365e+04 9.529306037588430867e-01
1.024272944126446237e+04 9.522851196641939353e-01
1.024940005633529108e+04 9.516406585450639666e-01
1.025607067140612162e+04 9.509972207730840177e-01
1.026274128647694852e+04 9.503516482739791105e-01
1.026941190154777723e+04 9.497133616031429026e-01
1.027608251661860777e+04 9.490729684120385867e-01
1.028275313168943467e+04 9.484335817052718109e-01
1.028942374676026338e+04 9.477952018488386976e-01
1.029609436183109392e+04 9.471578270324944038e-01
1.030276497690192082e+04 9.465214550873046750e-01
1.030943559197274953e+04 9.458860837496551044e-01
1.031610620704358007e+04 9.452517107235316463e-01
1.032277682211440697e+04 9.446183336978689615e-01
1.032944743718523569e+04 9.439859503615208869e-01
1.033611805225606622e+04 9.433545584093658842e-01
1.034278866732689312e+04 9.427241555336942636e-01
1.034945928239772184e+04 9.420947394310940082e-01
1.035612989746855237e+04 9.414663077880056630e-01
1.036280051253938109e+04 9.408388583179131404e-01
1.036947112761020799e+04 9.402123887111230038e-01
1.037614174268103852e+04 9.395868966579260517e-01
1.038281235775186724e+04 9.389623798370320129e-01
1.038948297282269414e+04 9.383388358956833430e-01
1.039615358789352467e+04 9.377162624333821306e-01
1.040282420296435339e+04 9.370946569427588413e-01
1.040949481803518211e+04 9.364740166826410750e-01
1.041616543310601082e+04 9.358543383633500801e-01
1.042283604817683954e+04 9.352356170609926744e-01
1.042950666324766826e+04 9.346178411130868779e-01
1.043617727831849697e+04 9.340009367017865216e-01
1.044284789338932569e+04 9.333855607609375937e-01
1.044951850846015441e+04 9.327704762356769930e-01
1.045618912353098312e+04 9.321565110465488413e-01
1.046285973860181184e+04 9.315435142397662238e-01
1.046953035367264056e+04 9.309314703822388903e-01
1.047620096874346928e+04 9.303203738909058274e-01
1.048287158381429799e+04 9.297102213506723833e-01
1.048954219888512671e+04 9.291010100668957161e-01
1.049621281395595543e+04 9.284927376560432322e-01
1.050288342902678414e+04 9.278854019513296247e-01
1.050955404409761468e+04 9.272790010679395900e-01
1.051622465916844158e+04 9.266735343192666896e-01
1.052289527423927029e+04 9.260690043770622992e-01
1.052956588931010083e+04 9.254652581405461431e-01
1.053623650438092955e+04 9.248626673768357564e-01
1.054290711945175644e+04 9.242609102170381563e-01
1.054957773452258698e+04 9.236600698700437873e-01
1.055624834959341570e+04 9.230601474747927027e-01
1.056291896466424259e+04 9.224611416746859582e-01
1.056958957973507313e+04 9.218630506454996709e-01
1.057626019480590185e+04 9.212658724285224254e-01
1.058293080987672874e+04 9.206696050167835210e-01
1.058960142494755928e+04 9.200742463763230683e-01
1.059627204001838800e+04 9.194797944516932553e-01
1.060294265508921490e+04 9.188862467691552016e-01
1.060961327016004543e+04 9.182936034543972559e-01
1.061628388523087415e+04 9.177018595129935452e-01
1.062295450030170286e+04 9.171110143940772730e-01
1.062962511537253158e+04 9.165210659527953663e-01
1.063629573044336030e+04 9.159320121655607494e-01
1.064296634551418902e+04 9.153438510197144939e-01
1.064963696058501773e+04 9.147565805152739760e-01
1.065630757565584645e+04 9.141701986469177310e-01
1.066297819072667517e+04 9.135847033978566900e-01
1.066964880579750388e+04 9.130000926877258616e-01
1.067631942086833260e+04 9.124163639087601307e-01
1.068299003593916132e+04 9.118335270953888960e-01
1.068966065100999003e+04 9.112515523246395022e-01
1.069633126608081875e+04 9.106704605018569598e-01
1.070300188115164747e+04 9.100902439711576752e-01
1.070967249622247800e+04 9.095109005183598105e-01
1.071634311129330490e+04 9.089324281450411602e-01
1.072301372636413362e+04 9.083548249045262368e-01
1.072968434143496415e+04 9.077780888556234995e-01
1.073635495650579105e+04 9.072022180745963338e-01
1.074302557157661977e+04 9.066272106479840165e-01
1.074969618664745030e+04 9.060530646654813003e-01
1.075636680171827720e+04 9.054797782177846921e-01
1.076303741678910592e+04 9.049073494002475293e-01
1.076970803185993645e+04 9.043357758468544283e-01
1.077637864693076335e+04 9.037650571389482801e-01
1.078304926200159389e+04 9.031951898506596077e-01
1.078971987707242261e+04 9.026261726187162493e-01
1.079639049214324950e+04 9.020580035299932131e-01
1.080306110721408004e+04 9.014906806582100307e-01
1.080973172228490876e+04 9.009242020422123520e-01
1.081640233735573747e+04 9.003585656533813486e-01
1.082307295242656619e+04 8.997937693216827570e-01
1.082974356749739491e+04 8.992298105649169093e-01
1.083641418256822362e+04 8.986666861227264880e-01
1.084308479763905234e+04 8.981043903025056618e-01
1.084975541270988106e+04 8.975429062913049538e-01
1.085642602778070977e+04 8.969820705572045805e-01
1.086309664285153849e+04 8.964228174638001478e-01
1.086976725792236721e+04 8.958637259540498388e-01
1.087643787299319592e+04 8.953055675601291341e-01
1.088310848806402464e+04 8.947482524250239821e-01
1.088977910313485336e+04 8.941917678887256749e-01
1.089644971820568207e+04 8.936361096830548467e-01
1.090312033327651261e+04 8.930812759470595497e-01
1.090979094834733951e+04 8.925272663369607784e-01
1.091646156341816823e+04 8.919740825434974152e-01
1.092313217848899876e+04 8.914217305469234187e-01
1.092980279355982566e+04 8.908702283844555092e-01
1.093647340863065438e+04 8.903196425649310131e-01
1.094314402370148491e+04 8.897704635648224780e-01
1.094981463877231181e+04 8.892176373240995302e-01
1.095648525384314053e+04 8.886710228190297656e-01
1.096315586891397106e+04 8.881237313692136315e-01
1.096982648398479796e+04 8.875770849265033346e-01
1.097649709905562668e+04 8.870311897004093948e-01
1.098316771412645721e+04 8.864860712754827343e-01
1.098983832919728593e+04 8.859417380621495974e-01
1.099650894426811283e+04 8.853981929632804837e-01
1.100317955933894336e+04 8.848554366795924331e-01
1.100985017440977208e+04 8.843134688865406101e-01
1.101652078948059898e+04 8.837722887075347700e-01
1.102319140455142951e+04 8.832318941504908594e-01
1.102986201962225823e+04 8.826922869608307964e-01
1.103653263469308513e+04 8.821534622597554387e-01
1.104320324976391566e+04 8.816154199239176759e-01
1.104987386483474438e+04 8.810781583772775427e-01
1.105654447990557310e+04 8.805416760614407368e-01
1.106321509497640182e+04 8.800059714015160406e-01
1.106988571004723053e+04 8.794710428127606727e-01
1.107655632511805925e+04 8.789368887017647847e-01
1.108322694018888797e+04 8.784035074694379608e-01
1.108989755525971668e+04 8.778708975228233236e-01
1.109656817033054540e+04 8.773390572597095094e-01
1.110323878540137412e+04 8.768079850907950501e-01
1.110990940047220283e+04 8.762776794147737469e-01
1.111658001554303155e+04 8.757481386428528358e-01
1.112325063061386027e+04 8.752193611910139559e-01
1.112992124568468898e+04 8.746913454730256277e-01
1.113659186075551770e+04 8.741640899150793231e-01
1.114326247582634642e+04 8.736375929466081436e-01
1.114993309089717513e+04 8.731118530016612755e-01
1.115660370596800567e+04 8.725868685318886042e-01
1.116327432103883439e+04 8.720626379834803821e-01
1.116994493610966128e+04 8.715391598321572397e-01
1.117661555118049182e+04 8.710164325916405215e-01
1.118328616625132054e+04 8.704944550110456092e-01
1.118995678132214744e+04 8.699732191895669375e-01
1.119662739639297797e+04 8.694527391921113013e-01
1.120329801146380669e+04 8.689330003303280536e-01
1.120996862653463359e+04 8.684140046203353558e-01
1.121663924160546412e+04 8.678957507522460091e-01
1.122330985667629284e+04 8.673782373277374447e-01
1.122998047174711974e+04 8.668614629590409848e-01
1.123665108681795027e+04 8.663454262838541364e-01
1.124332170188877899e+04 8.658301259767227087e-01
1.124999231695960589e+04 8.653155607595407472e-01
1.125666293203043642e+04 8.648017294062764204e-01
1.126333354710126514e+04 8.642886307450565742e-01
1.127000416217209386e+04 8.637762635296356573e-01
1.127667477724292257e+04 8.632646220476329901e-01
1.128334539231375129e+04 8.627537255385165915e-01
1.129001600738458001e+04 8.622435490925265400e-01
1.129668662245540872e+04 8.617341035621087775e-01
1.130335723752623744e+04 8.612253891930581329e-01
1.131002785259706616e+04 8.607174078414741025e-01
1.131669846766789487e+04 8.602101633021894678e-01
1.132336908273872359e+04 8.597036626702930784e-01
1.133003969780955231e+04 8.591979193712001583e-01
1.133671031288038103e+04 8.586929602379219650e-01
1.134338092795120974e+04 8.581888449604293534e-01
1.135005154302203846e+04 8.576857331999718781e-01
1.135672215809286899e+04 8.571842299349800021e-01
1.136339277316369589e+04 8.566903628872372112e-01
1.137006338823452461e+04 8.561665231479453908e-01
1.137673400330535515e+04 8.556719863279815819e-01
1.138340461837618204e+04 8.551731417334877960e-01
1.139007523344701076e+04 8.546742197693132370e-01
1.139674584851784130e+04 8.541757327283656664e-01
1.140341646358866819e+04 8.536778228295756055e-01
1.141008707865949873e+04 8.531805446055625852e-01
1.141675769373032745e+04 8.526839229518136110e-01
1.142342830880115434e+04 8.521879704605337391e-01
1.143009892387198488e+04 8.516926938505632316e-01
1.143676953894281360e+04 8.511980967233361284e-01
1.144344015401364231e+04 8.507041834771968958e-01
1.145011076908447103e+04 8.502109481513165923e-01
1.145678138415529975e+04 8.497183972523989492e-01
1.146345199922612846e+04 8.492265286410558556e-01
1.147012261429695718e+04 8.487353417432231817e-01
1.147679322936778590e+04 8.482448358136031041e-01
1.148346384443861461e+04 8.477550099654541649e-01
1.149013445950944333e+04 8.472658632161667036e-01
1.149680507458027205e+04 8.467773945012841974e-01
1.150347568965110077e+04 8.462896027018720346e-01
1.151014630472192948e+04 8.458024866588315094e-01
1.151681691979275820e+04 8.453160451773118478e-01
1.152348753486358692e+04 8.448302770432790654e-01
1.153015814993441745e+04 8.443451810181561434e-01
1.153682876500524435e+04 8.438607558526968200e-01
1.154349938007607307e+04 8.433770002914827701e-01
1.155016999514690360e+04 8.428939130654772294e-01
1.155684061021773050e+04 8.424114929028159171e-01
1.156351122528855922e+04 8.419297385331003802e-01
1.157018184035938975e+04 8.414486486785532904e-01
1.157685245543021665e+04 8.409682220693024401e-01
1.158352307050104537e+04 8.404884574455918633e-01
1.159019368557187590e+04 8.400093535630028807e-01
1.159686430064270280e+04 8.395309092828788788e-01
1.160353491571353152e+04 8.390531242617006447e-01
1.161020553078436205e+04 8.385759878720159266e-01
1.161687614585519077e+04 8.380995170027996100e-01
1.162354676092601767e+04 8.376236978097085784e-01
1.163021737599684820e+04 8.371485314451917459e-01
1.163688799106767692e+04 8.366740168714198456e-01
1.164355860613850382e+04 8.362001529174603043e-01
1.165022922120933436e+04 8.357269384020781233e-01
1.165689983628016307e+04 8.352543721400028653e-01
1.166357045135098997e+04 8.347824529773459901e-01
1.167024106642182051e+04 8.343111797800408791e-01
1.167691168149264922e+04 8.338405514524581674e-01
1.168358229656347794e+04 8.333705669455776510e-01
1.169025291163430666e+04 8.329012252794306681e-01
1.169692352670513537e+04 8.324325256564250042e-01
1.170359414177596409e+04 8.319644669980386098e-01
1.171026475684679281e+04 8.314970490206986531e-01
1.171693537191762152e+04 8.310302712834742866e-01
1.172360598698845024e+04 8.305641338500835413e-01
1.173027660205927896e+04 8.300986374342437246e-01
1.173694721713010767e+04 8.296337838213962979e-01
1.174361783220093639e+04 8.291695767505468107e-01
1.175028844727176511e+04 8.287060237551266972e-01
1.175695906234259382e+04 8.282431406276318242e-01
1.176362967741342254e+04 8.277809641307075639e-01
1.177030029248425126e+04 8.273195985843273537e-01
1.177697090755507998e+04 8.268594861371996174e-01
1.178364152262591051e+04 8.264081712864143059e-01
1.179031213769673741e+04 8.259329702946707208e-01
1.179698275276756613e+04 8.254758899058565191e-01
1.180365336783839666e+04 8.250178408375429262e-01
1.181032398290922538e+04 8.245600928423671983e-01
1.181699459798005228e+04 8.241028454497414391e-01
1.182366521305088281e+04 8.236461585598937596e-01
1.183033582812171153e+04 8.231900558630692588e-01
1.183700644319253843e+04 8.227345482082218941e-01
1.184367705826336896e+04 8.222796409391079919e-01
1.185034767333419768e+04 8.218253367218602001e-01
1.185701828840502458e+04 8.213716367912873295e-01
1.186368890347585511e+04 8.209185415993824897e-01
1.187035951854668383e+04 8.204660512335294476e-01
1.187703013361751073e+04 8.200141638590152660e-01
1.188370074868834126e+04 8.195628812518233053e-01
1.189037136375916998e+04 8.191122012423823762e-01
1.189704197882999870e+04 8.186621231749210414e-01
1.190371259390082741e+04 8.182126461483928415e-01
1.191038320897165613e+04 8.177637691993600022e-01
1.191705382404248485e+04 8.173154913246801767e-01
1.192372443911331357e+04 8.168678114797092160e-01
1.193039505418414228e+04 8.164207286146643039e-01
1.193706566925497100e+04 8.159742416547670629e-01
1.194373628432579972e+04 8.155283495179657116e-01
1.195040689939662843e+04 8.150830511098746678e-01
1.195707751446745715e+04 8.146383453241252681e-01
1.196374812953828587e+04 8.141942310629778357e-01
1.197041874460911458e+04 8.137507072104253059e-01
1.197708935967994330e+04 8.133077726589905687e-01
1.198375997475077384e+04 8.128654262877181846e-01
1.199043058982160073e+04 8.124236669809071776e-01
1.199710120489242945e+04 8.119824936177646446e-01
1.200377181996325999e+04 8.115419050807101131e-01
1.201044243503408688e+04 8.111019002381955056e-01
1.201711305010491560e+04 8.106624779755670085e-01
1.202378366517574614e+04 8.102236371550014526e-01
1.203045428024657303e+04 8.097853766728058122e-01
1.203712489531740357e+04 8.093476953604995527e-01
1.204379551038823229e+04 8.089105921037010871e-01
1.205046612545905919e+04 8.084740657561229060e-01
1.205713674052988972e+04 8.080381151711074628e-01
1.206380735560071844e+04 8.076027391923866761e-01
1.207047797067154715e+04 8.071679366535285949e-01
1.207714858574237587e+04 8.067337063743466041e-01
1.208381920081320459e+04 8.063000471502587141e-01
1.209048981588403331e+04 8.058669577560417796e-01
1.209716043095486202e+04 8.054344369344429433e-01
1.210383104602569074e+04 8.050024833778053335e-01
1.211050166109651946e+04 8.045710957198025648e-01
1.211717227616734817e+04 8.041402724921890011e-01
1.212384289123817689e+04 8.037100121313943690e-01
1.213051350630900561e+04 8.032803128581270657e-01
1.213718412137983432e+04 8.028511726328173559e-01
1.214385473645066304e+04 8.024225889774914133e-01
1.215052535152149176e+04 8.019945587232419904e-01
1.215719596659232047e+04 8.015670774978042035e-01
1.216386658166314919e+04 8.011401387441950961e-01
1.217053719673397791e+04 8.007137315395204125e-01
1.217720781180480844e+04 8.002878352364873882e-01
1.218387842687563534e+04 7.998624034880740252e-01
1.219054904194646406e+04 7.994373016563998124e-01
1.219721965701729459e+04 7.990118872786529103e-01
1.220389027208812149e+04 7.985364248638685547e-01
1.221056088715895021e+04 7.981710869694887966e-01
1.221723150222978074e+04 7.977471033515540766e-01
1.222390211730060764e+04 7.973247189902838983e-01
1.223057273237143636e+04 7.969031352946529534e-01
1.223724334744226690e+04 7.964821984635733765e-01
1.224391396251309379e+04 7.960618574490578858e-01
1.225058457758392251e+04 7.956420900062260992e-01
1.225725519265475305e+04 7.952228845816354807e-01
1.226392580772558176e+04 7.948042343325962822e-01
1.227059642279640866e+04 7.943861347800902362e-01
1.227726703786723920e+04 7.939685827434910248e-01
1.228393765293806791e+04 7.935515759200546526e-01
1.229060826800889481e+04 7.931351148867445966e-01
1.229727888307972535e+04 7.927191859258865270e-01
1.230394949815055406e+04 7.923038035150896663e-01
1.231062011322138278e+04 7.918889586645819767e-01
1.231729072829221150e+04 7.914746506660566006e-01
1.232396134336304021e+04 7.910608783708918956e-01
1.233063195843386893e+04 7.906476406355403830e-01
1.233730257350469765e+04 7.902349363294577378e-01
1.234397318857552636e+04 7.898227643567267142e-01
1.235064380364635508e+04 7.894111236332973514e-01
1.235731441871718380e+04 7.890000130963780167e-01
1.236398503378801252e+04 7.885894317055388569e-01
1.237065564885884123e+04 7.881793784148807269e-01
1.237732626392966995e+04 7.877698522193935515e-01
1.238399687900049867e+04 7.873608520929425980e-01
1.239066749407132738e+04 7.869523770307147448e-01
1.239733810914215610e+04 7.865444260354600425e-01
1.240400872421298482e+04 7.861369981089326719e-01
1.241067933928381535e+04 7.857300922643093433e-01
1.241734995435464225e+04 7.853237075146929369e-01
1.242402056942547097e+04 7.849178428781193873e-01
1.243069118449630150e+04 7.845124973793665690e-01
1.243736179956713022e+04 7.841076700395709365e-01
1.244403241463795712e+04 7.837033598860221328e-01
1.245070302970878765e+04 7.832995659442255620e-01
1.245737364477961637e+04 7.828962872438605114e-01
1.246404425985044327e+04 7.824935228098074402e-01
1.247071487492127380e+04 7.820912716744722326e-01
1.247738548999210252e+04 7.816895328571535906e-01
1.248405610506292942e+04 7.812883053809368539e-01
1.249072672013375995e+04 7.808875882649994882e-01
1.249739733520458867e+04 7.804873805155727595e-01
1.250406795027541557e+04 7.800876811334690464e-01
1.251073856534624611e+04 7.796884891048667665e-01
1.251740918041707482e+04 7.792898033948348901e-01
1.252407979548790354e+04 7.788916229439192263e-01
1.253075041055873226e+04 7.784939466559542831e-01
1.253742102562956097e+04 7.780967733668683328e-01
1.254409164070038969e+04 7.777001018758670225e-01
1.255076225577121841e+04 7.773039308278888448e-01
1.255743287084204712e+04 7.769082587151709962e-01
1.256410348591287584e+04 7.765130837632876482e-01
1.257077410098370456e+04 7.761184037530823865e-01
1.257744471605453327e+04 7.757242157016303041e-01
1.258411533112536199e+04 7.753305152143419310e-01
1.259078594619619071e+04 7.749372950084487677e-01
1.259745656126701942e+04 7.745445411885315545e-01
1.260412717633784814e+04 7.741522216404934653e-01
1.261079779140867686e+04 7.737602369206698638e-01
1.261746840647950557e+04 7.733680263707112257e-01
1.262413902155033429e+04 7.729904412011920911e-01
1.263080963662116483e+04 7.725904603422871775e-01
1.263748025169199173e+04 7.722000889672144819e-01
1.264415086676282044e+04 7.718106286692675289e-01
1.265082148183365098e+04 7.714217737432232935e-01
1.265749209690447788e+04 7.710334554588670342e-01
1.266416271197530659e+04 7.706456492519316859e-01
1.267083332704613713e+04 7.702583438109690261e-01
1.267750394211696403e+04 7.698715329449328237e-01
1.268417455718779456e+04 7.694852127621573112e-01
1.269084517225862328e+04 7.690993805062079636e-01
1.269751578732945018e+04 7.687140339032727532e-01
1.270418640240028071e+04 7.683291701400885021e-01
1.271085701747110943e+04 7.679447340192255833e-01
1.271752763254193815e+04 7.675609067698204724e-01
1.272419824761276686e+04 7.671774877491246425e-01
1.273086886268359558e+04 7.667945505402499196e-01
1.273753947775442430e+04 7.664120924273579716e-01
1.274421009282525301e+04 7.660301121152379711e-01
1.275088070789608173e+04 7.656486085620347604e-01
1.275755132296691045e+04 7.652675807951818676e-01
1.276422193803773916e+04 7.648870278872548223e-01
1.277089255310856788e+04 7.645069489329332502e-01
1.277756316817939660e+04 7.641273430445405523e-01
1.278423378325022531e+04 7.637482093450081999e-01
1.279090439832105403e+04 7.633695469673511536e-01
1.279757501339188275e+04 7.629913550493955254e-01
1.280424562846271328e+04 7.626136327418597816e-01
1.281091624353354018e+04 7.622363791949637868e-01
1.281758685860436890e+04 7.618595935677796582e-01
1.282425747367519944e+04 7.614832750198584632e-01
1.283092808874602633e+04 7.611074227209335685e-01
1.283759870381685505e+04 7.607320358366641555e-01
1.284426931888768559e+04 7.603571135407388715e-01
1.285093993395851248e+04 7.599826550131404401e-01
1.285761054902934120e+04 7.596086594289753746e-01
1.286428116410017174e+04 7.592351259732479374e-01
1.287095177917099863e+04 7.588620538258641357e-01
1.287762239424182735e+04 7.584894421792915953e-01
1.288429300931265789e+04 7.581172902192935270e-01
1.289096362438348660e+04 7.577455971426062531e-01
1.289763423945431350e+04 7.573743621393689285e-01
1.290430485452514404e+04 7.570035844080823528e-01
1.291097546959597275e+04 7.566332631477241666e-01
1.291764608466679965e+04 7.562633975578799683e-01
1.292431669973763019e+04 7.558939868430712972e-01
1.293098731480845890e+04 7.555250302072861190e-01
1.293765792987928762e+04 7.551565268600097802e-01
1.294432854495011634e+04 7.547884760052250286e-01
1.295099916002094506e+04 7.544208768545768162e-01
1.295766977509177377e+04 7.540537286207423806e-01
1.296434039016260249e+04 7.536870305135511261e-01
1.297101100523343121e+04 7.533207817448726029e-01
1.297768162030425992e+04 7.529549815290993431e-01
1.298435223537508864e+04 7.525896290719865656e-01
1.299102285044591736e+04 7.522247235807663079e-01
1.299769346551674607e+04 7.518602642458823704e-01
1.300436408058757479e+04 7.514962502410664769e-01
1.301103469565840351e+04 7.511326806897433706e-01
1.301770531072923222e+04 7.507695545975916485e-01
1.302437592580006094e+04 7.504068706308600900e-01
1.303104654087088966e+04 7.500446260911943774e-01
1.303771715594172019e+04 7.496828064451989126e-01
1.304438777101254709e+04 7.493215578614915717e-01
1.305105838608337581e+04 7.489605888592731908e-01
1.305772900115420634e+04 7.486001043585690518e-01
1.306439961622503324e+04 7.482400631647365685e-01
1.307107023129586196e+04 7.478804613785433597e-01
1.307774084636669249e+04 7.475212974796469068e-01
1.308441146143752121e+04 7.471625704941525781e-01
1.309108207650834811e+04 7.468042796416527462e-01
1.309775269157917865e+04 7.464464243013441136e-01
1.310442330665000736e+04 7.460890040937563361e-01
1.311109392172083426e+04 7.457320191951721799e-01
1.311776453679166480e+04 7.453754718129148582e-01
1.312443515186249351e+04 7.450193774276546721e-01
1.313110576693332041e+04 7.446631523048700130e-01
1.313777638200415095e+04 7.443083166689560271e-01
1.314444699707497966e+04 7.439535051744354810e-01
1.315111761214580656e+04 7.435991085241492327e-01
1.315778822721663710e+04 7.432451363032411829e-01
1.316445884228746581e+04 7.428915900248548310e-01
1.317112945735829453e+04 7.425384697372741094e-01
1.317780007242912325e+04 7.421857750474558646e-01
1.318447068749995196e+04 7.418335054063046607e-01
1.319114130257078068e+04 7.414816601845436450e-01
1.319781191764160940e+04 7.411302387218798859e-01
1.320448253271243811e+04 7.407792403356463495e-01
1.321115314778326683e+04 7.404286643327961936e-01
1.321782376285409555e+04 7.400785100147171391e-01
1.322449437792492427e+04 7.397287766854769853e-01
1.323116499299575298e+04 7.393794636364795503e-01
1.323783560806658170e+04 7.390305701679608097e-01
1.324450622313741042e+04 7.386820955735404759e-01
1.325117683820823913e+04 7.383340391556267868e-01
1.325784745327906967e+04 7.379864002076313989e-01
1.326451806834989657e+04 7.376391780319764280e-01
1.327118868342072528e+04 7.372923719268927867e-01
1.327785929849155582e+04 7.369459811963215978e-01
1.328452991356238272e+04 7.366000051431514928e-01
1.329120052863321143e+04 7.362544430698392262e-01
1.329787114370404197e+04 7.359092942854660313e-01
1.330454175877486887e+04 7.355645580967661301e-01
1.331121237384569940e+04 7.352202338099195211e-01
1.331788298891652812e+04 7.348763207405684117e-01
1.332455360398735502e+04 7.345328181958552527e-01
1.333122421905818555e+04 7.341897254953543284e-01
1.333789483412901427e+04 7.338470419511214926e-01
1.334456544919984299e+04 7.335047668816179200e-01
1.335123606427067170e+04 7.331628996047494518e-01
1.335790667934150042e+04 7.328214394411786126e-01
1.336457729441232914e+04 7.324803857134416507e-01
1.337124790948315785e+04 7.321397377476008828e-01
1.337791852455398657e+04 7.317994948681796341e-01
1.338458913962481529e+04 7.314596564009190338e-01
1.339125975469564401e+04 7.311202216799919107e-01
1.339793036976647272e+04 7.307811900336282918e-01
1.340460098483730144e+04 7.304425607957455435e-01
1.341127159990813016e+04 7.301043333035451832e-01
1.341794221497895887e+04 7.297665068966596724e-01
1.342461283004978759e+04 7.294290809123074038e-01
1.343128344512061813e+04 7.290920546997918805e-01
1.343795406019144502e+04 7.287554276043670676e-01
1.344462467526227374e+04 7.284191989804860157e-01
1.345129529033310428e+04 7.280833681926294210e-01
1.345796590540393117e+04 7.277479346808141125e-01
1.346463652047475989e+04 7.274128973197884207e-01
1.347130713554559043e+04 7.270782562802280413e-01
1.347797775061641732e+04 7.267440105020280816e-01
1.348464836568724604e+04 7.264101594616213520e-01
1.349131898075807658e+04 7.260767026178553962e-01
1.349798959582890348e+04 7.257436394737353247e-01
1.350466021089973219e+04 7.254109696302419863e-01
1.351133082597056273e+04 7.250786928520669417e-01
1.351800144104138963e+04 7.247468092634600234e-01
1.352467205611221834e+04 7.244153198218491463e-01
1.353134267118304888e+04 7.240842278557632072e-01
1.353801328625387760e+04 7.237535460759600969e-01
1.354468390132470449e+04 7.234233641347657118e-01
1.355135451639553503e+04 7.230925911070006373e-01
1.355802513146636375e+04 7.227634756050613785e-01
1.356469574653719246e+04 7.224343645390215451e-01
1.357136636160802118e+04 7.221056042134033071e-01
1.357803697667884990e+04 7.217772186469092466e-01
1.358470759174967861e+04 7.214492132772032384e-01
1.359137820682050733e+04 7.211215896903262479e-01
1.359804882189133605e+04 7.207943482646550493e-01
1.360471943696216476e+04 7.204674888969270219e-01
1.361139005203299348e+04 7.201410112539714525e-01
1.361806066710382220e+04 7.198149149028910676e-01
1.362473128217465091e+04 7.194891993324949997e-01
1.363140189724547963e+04 7.191638640063673371e-01
1.363807251231630835e+04 7.188389083121935474e-01
1.364474312738713706e+04 7.185143318021853798e-01
1.365141374245796578e+04 7.181901337721604550e-01
1.365808435752879450e+04 7.178663136599595651e-01
1.366475497259962503e+04 7.175428708798913258e-01
1.367142558767045193e+04 7.172198048254734282e-01
1.367809620274128065e+04 7.168971148981224673e-01
1.368476681781211119e+04 7.165748005012261279e-01
1.369143743288293808e+04 7.162528610295934017e-01
1.369810804795376680e+04 7.159312958843979668e-01
1.370477866302459734e+04 7.156101044681384415e-01
1.371144927809542605e+04 7.152892861745338005e-01
1.371811989316625295e+04 7.149688404122471752e-01
1.372479050823708349e+04 7.146487665783116672e-01
1.373146112330791220e+04 7.143290640762574029e-01
1.373813173837874092e+04 7.140097323110633498e-01
1.374480235344956782e+04 7.136907706861025380e-01
1.375147296852039653e+04 7.133721786108457863e-01
1.375814358359122525e+04 7.130539554886154985e-01
1.376481419866205579e+04 7.127361007273643745e-01
1.377148481373288450e+04 7.124186137381722794e-01
1.377815542880371322e+04 7.121014939319944004e-01
1.378482604387454376e+04 7.117847407195626586e-01
1.379149665894536884e+04 7.114683535141509418e-01
1.379816727401619755e+04 7.111523317319935478e-01
1.380483788908702809e+04 7.108366747860825896e-01
1.381150850415785681e+04 7.105213820927843704e-01
1.381817911922868552e+04 7.102064530694108813e-01
1.382484973429951606e+04 7.098918871395434316e-01
1.383152034937034114e+04 7.095776837187559583e-01
1.383819096444117167e+04 7.092638422308930046e-01
1.384486157951200039e+04 7.089503620980646126e-01
1.385153219458282911e+04 7.086372427471954172e-01
1.385820280965365782e+04 7.083244835986056698e-01
1.386487342472448836e+04 7.080120840812665906e-01
1.387154403979531708e+04 7.077000436213916057e-01
1.387821465486614397e+04 7.073883616497274041e-01
1.388488526993697269e+04 7.070770375950671260e-01
1.389155588500780141e+04 7.067660708393869173e-01
1.389822650007863012e+04 7.064554609598143742e-01
1.390489711514946066e+04 7.061452072382958800e-01
1.391156773022028938e+04 7.058353091630692466e-01
1.391823834529111627e+04 7.055257661639637856e-01
1.392490896036194499e+04 7.052165776673499087e-01
1.393157957543277371e+04 7.049077431046645303e-01
1.393825019050360424e+04 7.045992618875920321e-01
1.394492080557443296e+04 7.042911334075435681e-01
1.395159142064526168e+04 7.039833569684953440e-01
1.395826203571609039e+04 7.036759315084659683e-01
1.396493265078691729e+04 7.033688518995823147e-01
1.397160326585774601e+04 7.030621493558258939e-01
1.397827388092857655e+04 7.027557705734591709e-01
1.398494449599940526e+04 7.024497465338233049e-01
1.399161511107023398e+04 7.021440722201998108e-01
1.399828572614106270e+04 7.018387465823461291e-01
1.400495634121188959e+04 7.015337689377537655e-01
1.401162695628271831e+04 7.012291386849967001e-01
1.401829757135354885e+04 7.009248552580833458e-01
1.402496818642437756e+04 7.006209180967868377e-01
1.403163880149520628e+04 7.003173266530005048e-01
1.403830941656603682e+04 7.000140803835925851e-01
1.404498003163686553e+04 6.997111787485350565e-01
1.405165064670769061e+04 6.994086212468022534e-01
1.405832126177852115e+04 6.991064067858396847e-01
1.406499187684934986e+04 6.988045360198461564e-01
1.407166249192017858e+04 6.985030075010830730e-01
1.407833310699100912e+04 6.982018208993375774e-01
1.408500372206183783e+04 6.979009756934527742e-01
1.409167433713266291e+04 6.976004713519738942e-01
1.409834495220349345e+04 6.973003073456235379e-01
1.410501556727432217e+04 6.970004831447648153e-01
1.411168618234515088e+04 6.967009982204661611e-01
1.411835679741598142e+04 6.964018520441953575e-01
1.412502741248681014e+04 6.961030440880688896e-01
1.413169802755763885e+04 6.958045738287647053e-01
1.413836864262846575e+04 6.955064407409926597e-01
1.414503925769929447e+04 6.952086443021142648e-01
1.415170987277012318e+04 6.949111839877732955e-01
1.415838048784095372e+04 6.946140592781657741e-01
1.416505110291178244e+04 6.943172696548719491e-01
1.417172171798261115e+04 6.940208145968854714e-01
1.417839233305343805e+04 6.937246935875318599e-01
1.418506294812426677e+04 6.934289061083936945e-01
1.419173356319509730e+04 6.931334516477608565e-01
1.419840417826592602e+04 6.928383296871157837e-01
1.420507479333675474e+04 6.925435397138336446e-01
1.421174540840758345e+04 6.922490812189739939e-01
1.421841602347841399e+04 6.919549536871268947e-01
1.422508663854923907e+04 6.916611566113778364e-01
1.423175725362006960e+04 6.913676894828097996e-01
1.423842786869089832e+04 6.910745517897943779e-01
1.424509848376172704e+04 6.907817430311646856e-01
1.425176909883255576e+04 6.904892626964919122e-01
1.425843971390338629e+04 6.901971102837766159e-01
1.426511032897421137e+04 6.899052852897604726e-01
1.427178094404504191e+04 6.896137872101292254e-01
1.427845155911587062e+04 6.893226155439661218e-01
1.428512217418669934e+04 6.890317697938963537e-01
1.429179278925752988e+04 6.887412494580721356e-01
1.429846340432835859e+04 6.884510540419607194e-01
1.430513401939918731e+04 6.881611830591883860e-01
1.431180463447001421e+04 6.878716357761198719e-01
1.431847524954084292e+04 6.875824122638177771e-01
1.432514586461167164e+04 6.872935115587519572e-01
1.433181647968250218e+04 6.870049332842791401e-01
1.433848709475333089e+04 6.867166769586915409e-01
1.434515770982415961e+04 6.864287420887470459e-01
1.435182832489498651e+04 6.861411281875393620e-01
1.435849893996581523e+04 6.858538347648067690e-01
1.436516955503664394e+04 6.855668613311162174e-01
1.437184017010747448e+04 6.852802073973367492e-01
1.437851078517830319e+04 6.849938724632178566e-01
1.438518140024913191e+04 6.847078558502405210e-01
1.439185201531996245e+04 6.844221579947813439e-01
1.439852263039078753e+04 6.841367771676928333e-01
1.440519324546161624e+04 6.838517134899525507e-01
1.441186386053244678e+04 6.835669664297607806e-01
1.441853447560327550e+04 6.832825355027528635e-01
1.442520509067410421e+04 6.829984202269180349e-01
1.443187570574493475e+04 6.827146201244215229e-01
1.443854632081575983e+04 6.824311347198893651e-01
1.444521693588658854e+04 6.821479635379402717e-01
1.445188755095741908e+04 6.818651061085516663e-01
1.445855816602824780e+04 6.815825619632612797e-01
1.446522878109907651e+04 6.813003306601750353e-01
1.447189939616990705e+04 6.810184119637004985e-01
1.447857001124073577e+04 6.807368036018449642e-01
1.448524062631156266e+04 6.804555082196362958e-01
1.449191124138239138e+04 6.801745234113546479e-01
1.449858185645322010e+04 6.798938490045567384e-01
1.450525247152404881e+04 6.796134845694994375e-01
1.451192308659487935e+04 6.793334296442914422e-01
1.451859370166570807e+04 6.790536837715626106e-01
1.452526431673653497e+04 6.787742464827526412e-01
1.453193493180736368e+04 6.784951173233293442e-01
1.453860554687819240e+04 6.782162958272590636e-01
1.454527616194902112e+04 6.779377815341687263e-01
1.455194677701985165e+04 6.776595739860298284e-01
1.455861739209068037e+04 6.773816727205169697e-01
1.456528800716150909e+04 6.771040772844391098e-01
1.457195862223233598e+04 6.768267872220299353e-01
1.457862923730316470e+04 6.765498020699336479e-01
1.458529985237399524e+04 6.762731213795500906e-01
1.459197046744482395e+04 6.759967446940661207e-01
1.459864108251565267e+04 6.757206715607174674e-01
1.460531169758648139e+04 6.754449015272755430e-01
1.461198231265730828e+04 6.751694341428142732e-01
1.461865292772813700e+04 6.748942689540330386e-01
1.462532354279896754e+04 6.746194055156878866e-01
1.463199415786979625e+04 6.743448433767416095e-01
1.463866477294062497e+04 6.740705820920395164e-01
1.464533538801145369e+04 6.737966212111203834e-01
1.465200600308228059e+04 6.735229602844923225e-01
1.465867661815310930e+04 6.732495988861821878e-01
1.466534723322393984e+04 6.729765365503888042e-01
1.467201784829476856e+04 6.727037728436309205e-01
1.467868846336559727e+04 6.724313073245687944e-01
1.468535907843642781e+04 6.721591395492408916e-01
1.469202969350725652e+04 6.718872690757644595e-01
1.469870030857808160e+04 6.716156954672420909e-01
1.470537092364891214e+04 6.713444182825112350e-01
1.471204153871974086e+04 6.710734370800460757e-01
1.471871215379056957e+04 6.708027514120180612e-01
1.472538276886140011e+04 6.705323607548436815e-01
1.473205338393222883e+04 6.702622655172993937e-01
1.473872399900305572e+04 6.699924636586003235e-01
1.474539461407388444e+04 6.697229558435637831e-01
1.475206522914471316e+04 6.694537414363567196e-01
1.475873584421554187e+04 6.691848199869171454e-01
1.476540645928637241e+04 6.689161910615414319e-01
1.477207707435720113e+04 6.686478542330205332e-01
1.477874768942802984e+04 6.683798090640857836e-01
1.478541830449885674e+04 6.681120551328226798e-01
1.479208891956968546e+04 6.678445920103850408e-01
1.479875953464051418e+04 6.675774192681828145e-01
1.480543014971134471e+04 6.673105364807575546e-01
1.481210076478217343e+04 6.670439432327227580e-01
1.481877137985300214e+04 6.667776390900771455e-01
1.482544199492382904e+04 6.665116236356711799e-01
1.483211260999465776e+04 6.662458964425810315e-01
1.483878322506548830e+04 6.659804570958464121e-01
1.484545384013631701e+04 6.657153051740523075e-01
1.485212445520714573e+04 6.654504402550650566e-01
1.485879507027797445e+04 6.651858619253795402e-01
1.486546568534880498e+04 6.649215697634255351e-01
1.487213630041963006e+04 6.646575633597681110e-01
1.487880691549046060e+04 6.643938422973534319e-01
1.488547753056128931e+04 6.641304061831202477e-01
1.489214814563211803e+04 6.638672548250851291e-01
1.489881876070294675e+04 6.636043866854274276e-01
1.490548937577377728e+04 6.633418029309190445e-01
1.491215999084460236e+04 6.630795023561129042e-01
1.491883060591543290e+04 6.628174846254700769e-01
1.492550122098626161e+04 6.625557493372390416e-01
1.493217183605709033e+04 6.622942960869095952e-01
1.493884245112792087e+04 6.620331244669662718e-01
1.494551306619874958e+04 6.617722340720813001e-01
1.495218368126957830e+04 6.615116244919458932e-01
1.495885429634040520e+04 6.612512953258952164e-01
1.496552491141123392e+04 6.609912461667729611e-01
1.497219552648206263e+04 6.607314766073181245e-01
1.497886614155289317e+04 6.604719862512893336e-01
1.498553675662372189e+04 6.602127746864131508e-01
1.499220737169455060e+04 6.599538415214127873e-01
1.499887798676537750e+04 6.596951863507002356e-01
1.500554860183620622e+04 6.594368087726966143e-01
1.501221921690703493e+04 6.591787083914493195e-01
1.501888983197786547e+04 6.589208848043706102e-01
1.502556044704869419e+04 6.586633376182543520e-01
1.503223106211952290e+04 6.584060664309886457e-01
1.503890167719035344e+04 6.581490708512806043e-01
1.504557229226117852e+04 6.578923504819028656e-01
1.505224290733200723e+04 6.576359049303037718e-01
1.505891352240283777e+04 6.573797337983570133e-01
1.506558413747366649e+04 6.571238366969772704e-01
1.507225475254449520e+04 6.568682131904822752e-01
1.507892536761532574e+04 6.566128630085489304e-01
1.508559598268615082e+04 6.563577856441252800e-01
1.509226659775698135e+04 6.561029807453377938e-01
1.509893721282781007e+04 6.558484479229939046e-01
1.510560782789863879e+04 6.555941867877623785e-01
1.511227844296946751e+04 6.553401969542377303e-01
1.511894905804029804e+04 6.550864780343276239e-01
1.512561967311112676e+04 6.548330296442059772e-01
1.513229028818195366e+04 6.545798513979960154e-01
1.513896090325278237e+04 6.543269429190495812e-01
1.514563151832361109e+04 6.540743038901624118e-01
1.515230213339443981e+04 6.538219335419303002e-01
1.515897274846527034e+04 6.535698320906337955e-01
1.516564336353609906e+04 6.533179988027848495e-01
1.517231397860692596e+04 6.530664333655981091e-01
1.517898459367775467e+04 6.528151353950504276e-01
1.518565520874858339e+04 6.525641045108135918e-01
1.519232582381941393e+04 6.523133403369231198e-01
1.519899643889024264e+04 6.520628424914179933e-01
1.520566705396107136e+04 6.518126106015894594e-01
1.521233766903190008e+04 6.515626442938181606e-01
1.521900828410272698e+04 6.513129431884442377e-01
1.522567889917355569e+04 6.510635069129484531e-01
1.523234951424438623e+04 6.508143350927274584e-01
1.523902012931521494e+04 6.505654273546254140e-01
1.524569074438604366e+04 6.503167833260351527e-01
1.525236135945687238e+04 6.500684026355515455e-01
1.525903197452769928e+04 6.498202849131206049e-01
1.526570258959852799e+04 6.495724297885278053e-01
1.527237320466935853e+04 6.493248368889416033e-01
1.527904381974018725e+04 6.490775058485094284e-01
1.528571443481101596e+04 6.488304362987824536e-01
1.529238504988184650e+04 6.485836278718661863e-01
1.529905566495267522e+04 6.483370801977267339e-01
1.530572628002350029e+04 6.480907929031689552e-01
1.531239689509433083e+04 6.478447653883886437e-01
1.531906751016515955e+04 6.475989981490268832e-01
1.532573812523598826e+04 6.473534898310334684e-01
1.533240874030681880e+04 6.471082404673319521e-01
1.533907935537764752e+04 6.468632496779074259e-01
1.534574997044847260e+04 6.466185171035441215e-01
1.535242058551930313e+04 6.463740423774653188e-01
1.535909120059013185e+04 6.461298251429608008e-01
1.536576181566096056e+04 6.458858650374375010e-01
1.537243243073179110e+04 6.456421617046750328e-01
1.537910304580261982e+04 6.453987147855225759e-01
1.538577366087344853e+04 6.451555239219258775e-01
1.539244427594427543e+04 6.449125887590051454e-01
1.539911489101510415e+04 6.446699089398585381e-01
1.540578550608593287e+04 6.444274841063423187e-01
1.541245612115676340e+04 6.441853139095041758e-01
1.541912673622759212e+04 6.439433979898013805e-01
1.542579735129842084e+04 6.437017359966740182e-01
1.543246796636924773e+04 6.434603275789978483e-01
1.543913858144007645e+04 6.432191723823647012e-01
1.544580919651090517e+04 6.429782700572173049e-01
1.545247981158173570e+04 6.427376202519438086e-01
1.545915042665256442e+04 6.424972226182664725e-01
1.546582104172339314e+04 6.422570768051959478e-01
1.547249165679422367e+04 6.420171824643099434e-01
1.547916227186504875e+04 6.417775392481113172e-01
1.548583288693587929e+04 6.415381468109652152e-01
1.549250350200670800e+04 6.412990048245877928e-01
1.549917411707753672e+04 6.410601128954287464e-01
1.550584473214836544e+04 6.408214707160811985e-01
1.551251534721919597e+04 6.405830779370945693e-01
1.551918596229002105e+04 6.403449342077461859e-01
1.552585657736085159e+04 6.401070391900318679e-01
1.553252719243168031e+04 6.398693925404577154e-01
1.553919780750250902e+04 6.396319939132183441e-01
1.554586842257333774e+04 6.393948429739625405e-01
1.555253903764416827e+04 6.391579393771797957e-01
1.555920965271499335e+04 6.389212827850396792e-01
1.556588026778582389e+04 6.386848728568330635e-01
1.557255088285665261e+04 6.384487092524775420e-01
1.557922149792748132e+04 6.382127920880398264e-01
1.558589211299831186e+04 6.379771196964195701e-01
1.559256272806914058e+04 6.377416930486605740e-01
1.559923334313996929e+04 6.375065113831881458e-01
1.560590395821079619e+04 6.372715743625380069e-01
1.561257457328162491e+04 6.370368816495530773e-01
1.561924518835245362e+04 6.368024329131809491e-01
1.562591580342328416e+04 6.365682278216040491e-01
1.563258641849411288e+04 6.363342660371894555e-01
1.563925703356494159e+04 6.361005472301131114e-01
1.564592764863576849e+04 6.358670710702035711e-01
1.565259826370659721e+04 6.356338372254199953e-01
1.565926887877742593e+04 6.354008453668128498e-01
1.566593949384825646e+04 6.351680951639238071e-01
1.567261010891908518e+04 6.349355862871863820e-01
1.567928072398991389e+04 6.347033184093405778e-01
1.568595133906074443e+04 6.344712912019565554e-01
1.569262195413156951e+04 6.342395043396752419e-01
1.569929256920239823e+04 6.340079574951031915e-01
1.570596318427322876e+04 6.337766503423859499e-01
1.571263379934405748e+04 6.335455825569912269e-01
1.571930441441488620e+04 6.333147538127494869e-01
1.572597502948571673e+04 6.330841637890834983e-01
1.573264564455654181e+04 6.328538121701274832e-01
1.573931625962737235e+04 6.326236986042332866e-01
1.574598687469820106e+04 6.323938227962985215e-01
1.575265748976902978e+04 6.321641844207389616e-01
1.575932810483985850e+04 6.319347831526834769e-01
1.576599871991068903e+04 6.317056186713563282e-01
1.577266933498151775e+04 6.314766906587188089e-01
1.577933995005234465e+04 6.312479987967145600e-01
1.578601056512317336e+04 6.310195427641912547e-01
1.579268118019400208e+04 6.307913222480869830e-01
1.579935179526483080e+04 6.305633369275950306e-01
1.580602241033566133e+04 6.303355864857689284e-01
1.581269302540649005e+04 6.301080706082897720e-01
1.581936364047731695e+04 6.298807889786173231e-01
1.582603425554814567e+04 6.296537412817542201e-01
1.583270487061897438e+04 6.294269272046247865e-01
1.583937548568980492e+04 6.292003464335497176e-01
1.584604610076063364e+04 6.289739986542676187e-01
1.585271671583146235e+04 6.287478835552590128e-01
1.585938733090229107e+04 6.285220008251017898e-01
1.586605794597311797e+04 6.282963501521430238e-01
1.587272856104394668e+04 6.280709312236006925e-01
1.587939917611477722e+04 6.278457437315959622e-01
1.588606979118560594e+04 6.276207873630723633e-01
1.589274040625643465e+04 6.273960618099690967e-01
1.589941102132726337e+04 6.271715667503182656e-01
1.590608163639809027e+04 6.269473018124970265e-01
1.591275225146891898e+04 6.267232672461144904e-01
1.591942286653974952e+04 6.264994617539750843e-01
1.592609348161057824e+04 6.262758856588560574e-01
1.593276409668140695e+04 6.260525385544774002e-01
1.593943471175223749e+04 6.258294201265433010e-01
1.594610532682306621e+04 6.256065300645095029e-01
1.595277594189389129e+04 6.253838680638137415e-01
1.595944655696472182e+04 6.251614338215047972e-01
1.596611717203555054e+04 6.249392270277656092e-01
1.597278778710637926e+04 6.247172473735201903e-01
1.597945840217720979e+04 6.244954945402981794e-01
1.598612901724803851e+04 6.242739681655652406e-01
1.599279963231886541e+04 6.240526675914455090e-01
1.599947024738969412e+04 6.238315989142098061e-01
1.600614086246052284e+04 6.236107471394275459e-01
1.601281147753135156e+04 6.233901238329520034e-01
1.601948209260218209e+04 6.231697257893303865e-01
1.602615270767301081e+04 6.229495525681776336e-01
1.603282332274383953e+04 6.227296038360092822e-01
1.603949393781466642e+04 6.225098792824258487e-01
1.604616455288549514e+04 6.222903786091553702e-01
1.605283516795632386e+04 6.220711015158334467e-01
1.605950578302715439e+04 6.218520477101613375e-01
1.606617639809798311e+04 6.216332168905934763e-01
1.607284701316881183e+04 6.214146087688328102e-01
1.607951762823963873e+04 6.211962230466075985e-01
1.608618824331046744e+04 6.209780594347376059e-01
1.609285885838129798e+04 6.207601176396091436e-01
1.609952947345212669e+04 6.205423973682993033e-01
1.610620008852295541e+04 6.203248983317635190e-01
1.611287070359378413e+04 6.201076202366286871e-01
1.611954131866461466e+04 6.198905627985223932e-01
1.612621193373543974e+04 6.196737257222524331e-01
1.613288254880627028e+04 6.194571087196645287e-01
1.613955316387709900e+04 6.192407115034225251e-01
1.614622377894792771e+04 6.190245337901658651e-01
1.615289439401875643e+04 6.188085752859417976e-01
1.615956500908958697e+04 6.185928357074668149e-01
1.616623562416041204e+04 6.183773147662716685e-01
1.617290623923124258e+04 6.181620121799078493e-01
1.617957685430207130e+04 6.179469276607282291e-01
1.618624746937290001e+04 6.177320609268311946e-01
1.619291808444373055e+04 6.175174116929544876e-01
1.619958869951455927e+04 6.173029796722113716e-01
1.620625931458538798e+04 6.170887645860797521e-01
1.621292992965621488e+04 6.168747661497296919e-01
1.621960054472704360e+04 6.166609840815877597e-01
1.622627115979787231e+04 6.164474181012759013e-01
1.623294177486870285e+04 6.162340679267168664e-01
1.623961238993953157e+04 6.160209332760951950e-01
1.624628300501036028e+04 6.158080138737349607e-01
1.625295362008118718e+04 6.155953094360527844e-01
1.625962423515201590e+04 6.153828196843651455e-01
1.626629485022284462e+04 6.151705443425113939e-01
1.627296546529367515e+04 6.149584831315133560e-01
1.627963608036450387e+04 6.147466357736497411e-01
1.628630669543533259e+04 6.145350019916924200e-01
1.629297731050616312e+04 6.143235815093933683e-01
1.629964792557698820e+04 6.141123740498521943e-01
1.630631854064781692e+04 6.139013793377561257e-01
1.631298915571864745e+04 6.136905970965993440e-01
1.631965977078947617e+04 6.134800270451561399e-01
1.632633038586030489e+04 6.132696688373205918e-01
1.633300100093113542e+04 6.130595225725394837e-01
1.633967161600196050e+04 6.128495874428621093e-01
1.634634223107278922e+04 6.126398634448249059e-01
1.635301284614361975e+04 6.124303502837049606e-01
1.635968346121444847e+04 6.122210476790411748e-01
1.636635407628527719e+04 6.120119553527814116e-01
1.637302469135610772e+04 6.118030730272960849e-01
1.637969530642693644e+04 6.115944004234077358e-01
1.638636592149776334e+04 6.113859372435754835e-01
1.639303653656859024e+04 6.111776831720935332e-01
1.639970715163942077e+04 6.109696378111690862e-01
1.640637776671025131e+04 6.107618004456868421e-01
1.641304838178107821e+04 6.105541673326022600e-01
1.641971899685190874e+04 6.103467686050447760e-01
1.642638961192273564e+04 6.101395481985438796e-01
1.643306022699356254e+04 6.099325426312079967e-01
1.643973084206439307e+04 6.097257452806964517e-01
1.644640145713522361e+04 6.095191552912964106e-01
1.645307207220605051e+04 6.093127722452301720e-01
1.645974268727688104e+04 6.091065958198492725e-01
1.646641330234770794e+04 6.089006257258698929e-01
1.647308391741853484e+04 6.086948616829418457e-01
1.647975453248936537e+04 6.084893034250351551e-01
1.648642514756019591e+04 6.082839506821058340e-01
1.649309576263102281e+04 6.080788031888394451e-01
1.649976637770185334e+04 6.078738606859395155e-01
1.650643699277268388e+04 6.076691229064977717e-01
1.651310760784351078e+04 6.074645895919847938e-01
1.651977822291433768e+04 6.072602604798779113e-01
1.652644883798516821e+04 6.070561353114358738e-01
1.653311945305599511e+04 6.068522138292409274e-01
1.653979006812682564e+04 6.066484957692976909e-01
1.654646068319765618e+04 6.064449808786609442e-01
1.655313129826848308e+04 6.062416688963184752e-01
1.655980191333930998e+04 6.060385595667932002e-01
1.656647252841014051e+04 6.058356526351158511e-01
1.657314314348096741e+04 6.056329478402261435e-01
1.657981375855179795e+04 6.054304449312541969e-01
1.658648437362262848e+04 6.052281436485590360e-01
1.659315498869345538e+04 6.050260437417465109e-01
1.659982560376428228e+04 6.048241449546148951e-01
1.660649621883511281e+04 6.046224470327086209e-01
1.661316683390594335e+04 6.044209497242966078e-01
1.661983744897677025e+04 6.042196527748912027e-01
1.662650806404760078e+04 6.040185559340767174e-01
1.663317867911842768e+04 6.038176589460995114e-01
1.663984929418925458e+04 6.036169615628077523e-01
1.664651990926008511e+04 6.034164635314771541e-01
1.665319052433091565e+04 6.032161646032412339e-01
1.665986113940174255e+04 6.030160645220520310e-01
1.666653175447257308e+04 6.028161630509553115e-01
1.667320236954339998e+04 6.026164599267727073e-01
1.667987298461423052e+04 6.024169549088491671e-01
1.668654359968505742e+04 6.022176477450406074e-01
1.669321421475588795e+04 6.020185381880549524e-01
1.669988482982671485e+04 6.018196259925510105e-01
1.670655544489754539e+04 6.016209109074192041e-01
1.671322605996837592e+04 6.014223926881530069e-01
1.671989667503920282e+04 6.012240710895223605e-01
1.672656729011002972e+04 6.010259458633051555e-01
1.673323790518086025e+04 6.008280167640736025e-01
1.673990852025168715e+04 6.006302835474364166e-01
1.674657913532251769e+04 6.004327459690154134e-01
1.675324975039334822e+04 6.002354037830385236e-01
1.675992036546417512e+04 6.000382567442261728e-01
1.676659098053500566e+04 5.998413046093238332e-01
1.677326159560583255e+04 5.996445471316432796e-01
1.677993221067665945e+04 5.994479840689715955e-01
1.678660282574748999e+04 5.992516151721688500e-01
1.679327344081832052e+04 5.990554401914029992e-01
1.679994405588914742e+04 5.988594588719488021e-01
1.680661467095997796e+04 5.986636709515443799e-01
1.681328528603080485e+04 5.984680761265148696e-01
1.681995590110163175e+04 5.982726740049083558e-01
1.682662651617246229e+04 5.980774637515559045e-01
1.683329713124329282e+04 5.978824384437430028e-01
1.683996774631411972e+04 5.976876351165227863e-01
1.684663836138495026e+04 5.974929981014345248e-01
1.685330897645578079e+04 5.972985567354350822e-01
1.685997959152660405e+04 5.971043075714237425e-01
1.686665020659743459e+04 5.969102499519738370e-01
1.687332082166826513e+04 5.967163835137007100e-01
1.687999143673909202e+04 5.965227079763354423e-01
1.688666205180992256e+04 5.963292230804420058e-01
1.689333266688075310e+04 5.961359285811098641e-01
1.690000328195157635e+04 5.959428242332185377e-01
1.690667389702240689e+04 5.957499097994848336e-01
1.691334451209323743e+04 5.955571850439035364e-01
1.692001512716406432e+04 5.953646497293294537e-01
1.692668574223489486e+04 5.951723036278643297e-01
1.693335635730572540e+04 5.949801464942967577e-01
1.694002697237655229e+04 5.947881781029452641e-01
1.694669758744737919e+04 5.945963982199709008e-01
1.695336820251820973e+04 5.944048066159974830e-01
1.696003881758903663e+04 5.942134030546456502e-01
1.696670943265986716e+04 5.940221873113319395e-01
1.697338004773069770e+04 5.938311591503045994e-01
1.698005066280152460e+04 5.936403183451945953e-01
1.698672127787235149e+04 5.934496646648859119e-01
1.699339189294318203e+04 5.932591978785666242e-01
1.700006250801400893e+04 5.930689177608181595e-01
1.700673312308483946e+04 5.928788240816218469e-01
1.701340373815567000e+04 5.926889166145342669e-01
1.702007435322649690e+04 5.924991951304805493e-01
1.702674496829732743e+04 5.923096594039275464e-01
1.703341558336815433e+04 5.921203092067729434e-01
1.704008619843898123e+04 5.919311443136662243e-01
1.704675681350981176e+04 5.917421644977315376e-01
1.705342742858064230e+04 5.915533695357358956e-01
1.706009804365146920e+04 5.913647592007937881e-01
1.706676865872229973e+04 5.911763332699049300e-01
1.707343927379312663e+04 5.909880915169781757e-01
1.708010988886395353e+04 5.908000337179772909e-01
1.708678050393478406e+04 5.906121596518089101e-01
1.709345111900561460e+04 5.904244690952207275e-01
1.710012173407644150e+04 5.902369618225462577e-01
1.710679234914727203e+04 5.900496376134644061e-01
1.711346296421810257e+04 5.898624962478161704e-01
1.712013357928892947e+04 5.896755375007366462e-01
1.712680419435975637e+04 5.894887611552198647e-01
1.713347480943058690e+04 5.893021669883812264e-01
1.714014542450141380e+04 5.891157547786716187e-01
1.714681603957224434e+04 5.889295243068327634e-01
1.715348665464307487e+04 5.887434753559550593e-01
1.716015726971390177e+04 5.885576077037860676e-01
1.716682788478472867e+04 5.883719211334292876e-01
1.717349849985555920e+04 5.881864154270642908e-01
1.718016911492638610e+04 5.880010903670325195e-01
1.718683972999721664e+04 5.878159457344896976e-01
1.719351034506804717e+04 5.876309813136341154e-01
1.720018096013887407e+04 5.874461968886673935e-01
1.720685157520970097e+04 5.872615922489123896e-01
1.721352219028053150e+04 5.870771671785819379e-01
1.722019280535136204e+04 5.868929214674896144e-01
1.722686342042218894e+04 5.867088549134901188e-01
1.723353403549301947e+04 5.865249673299184341e-01
1.724020465056384637e+04 5.863412585780470865e-01
1.724687526563467327e+04 5.861577287853857454e-01
1.725354588070550381e+04 5.859743850789780328e-01
1.726021649577633434e+04 5.857911981439976046e-01
1.726688711084716124e+04 5.856082031275947619e-01
1.727355772591799177e+04 5.854253847646749831e-01
1.728022834098881867e+04 5.852427436163800678e-01
1.728689895605964921e+04 5.850602795928945277e-01
1.729356957113047611e+04 5.848779925268601243e-01
1.730024018620130664e+04 5.846958822198228267e-01
1.730691080127213354e+04 5.845139484732846391e-01
1.731358141634296408e+04 5.843321910761710702e-01
1.732025203141379461e+04 5.841506098245292655e-01
1.732692264648462151e+04 5.839692045059806658e-01
1.733359326155544841e+04 5.837879749149573749e-01
1.734026387662627894e+04 5.836069208344715209e-01
1.734693449169710584e+04 5.834260420987567031e-01
1.735360510676793638e+04 5.832453384329322477e-01
1.736027572183876691e+04 5.830648096663362256e-01
1.736694633690959381e+04 5.828844555884798995e-01
1.737361695198042071e+04 5.827042759906020386e-01
1.738028756705125124e+04 5.825242706640068047e-01
1.738695818212207814e+04 5.823444394034403837e-01
1.739362879719290868e+04 5.821647820032901377e-01
1.740029941226373921e+04 5.819852982551180220e-01
1.740697002733456611e+04 5.818059879563387549e-01
1.741364064240539665e+04 5.816268508983268859e-01
1.742031125747622355e+04 5.814478868805469380e-01
1.742698187254705044e+04 5.812690956926781505e-01
1.743365248761788098e+04 5.810904771334616248e-01
1.744032310268871151e+04 5.809120310002247045e-01
1.744699371775953841e+04 5.807337570873504218e-01
1.745366433283036895e+04 5.805556551940740384e-01
1.746033494790119585e+04 5.803777251131237991e-01
1.746700556297202274e+04 5.801999666476281847e-01
1.747367617804285328e+04 5.800223795895976808e-01
1.748034679311368382e+04 5.798449637411973168e-01
1.748701740818451071e+04 5.796677189007883868e-01
1.749368802325534125e+04 5.794906448624748130e-01
1.750035863832617179e+04 5.793137414309179611e-01
1.750702925339699505e+04 5.791370084062947843e-01
1.751369986846782558e+04 5.789604455821316664e-01
1.752037048353865612e+04 5.787840527634625643e-01
1.752704109860948302e+04 5.786078297500271139e-01
1.753371171368031355e+04 5.784317763404008828e-01
1.754038232875114409e+04 5.782558923368877890e-01
1.754705294382196735e+04 5.780801775447977908e-01
1.755372355889279788e+04 5.779046317627027918e-01
1.756039417396362842e+04 5.777292547914233412e-01
1.756706478903445532e+04 5.775540464334667501e-01
1.757373540410528585e+04 5.773790064968468139e-01
1.758040601917611639e+04 5.772041347795693333e-01
1.758707663424694329e+04 5.770294310848904651e-01
1.759374724931777018e+04 5.768548952205959646e-01
1.760041786438860072e+04 5.766805269876522644e-01
1.760708847945942762e+04 5.765063261928379257e-01
1.761375909453025815e+04 5.763322926378253719e-01
1.762042970960108869e+04 5.761584261325106704e-01
1.762710032467191559e+04 5.759847264795283639e-01
1.763377093974274248e+04 5.758111934820336897e-01
1.764044155481357302e+04 5.756378269491441158e-01
1.764711216988439992e+04 5.754646266858084447e-01
1.765378278495523045e+04 5.752915925028643240e-01
1.766045340002606099e+04 5.751187242009164757e-01
1.766712401509688789e+04 5.749460215856870837e-01
1.767379463016771842e+04 5.747734894598965916e-01
1.768046524523854532e+04 5.746011127158470178e-01
1.768713586030937222e+04 5.744289060255854951e-01
1.769380647538020276e+04 5.742568642661193268e-01
1.770047709045103329e+04 5.740849872433804180e-01
1.770714770552186019e+04 5.739132747653951094e-01
1.771381832059269072e+04 5.737417266380272496e-01
1.772048893566351762e+04 5.735703426763051338e-01
1.772715955073434452e+04 5.733991226886849812e-01
1.773383016580517506e+04 5.732280664855853303e-01
1.774050078087600559e+04 5.730571738758235556e-01
1.774717139594683249e+04 5.728864446759692752e-01
1.775384201101766303e+04 5.727158786939584578e-01
1.776051262608849356e+04 5.725454757636255776e-01
1.776718324115932046e+04 5.723752356152084220e-01
1.777385385623014736e+04 5.722051581641328655e-01
1.778052447130097789e+04 5.720352431764835766e-01
1.778719508637180479e+04 5.718654904685565032e-01
1.779386570144263533e+04 5.716958998570811357e-01
1.780053631651346586e+04 5.715264711507475059e-01
1.780720693158429276e+04 5.713572041680444746e-01
1.781387754665511966e+04 5.711880987213647787e-01
1.782054816172595019e+04 5.710191546261850215e-01
1.782721877679677709e+04 5.708503716971757846e-01
1.783388939186760763e+04 5.706817497496501357e-01
1.784056000693843816e+04 5.705132885995076730e-01
1.784723062200926506e+04 5.703449880629047897e-01
1.785390123708009196e+04 5.701768479559109482e-01
1.786057185215092250e+04 5.700088680956426623e-01
1.786724246722175303e+04 5.698410482967775081e-01
1.787391308229257993e+04 5.696733883782035823e-01
1.788058369736341047e+04 5.695058881570630449e-01
1.788725431243423736e+04 5.693385474523817713e-01
1.789392492750506426e+04 5.691713660801310803e-01
1.790059554257589480e+04 5.690043438593819225e-01
1.790726615764672533e+04 5.688374806093461356e-01
1.791393677271755223e+04 5.686707761485483292e-01
1.792060738778838277e+04 5.685042302960386928e-01
1.792727800285920966e+04 5.683378428716460151e-01
1.793394861793004020e+04 5.681716136958823160e-01
1.794061923300086710e+04 5.680055425890213616e-01
1.794728984807169763e+04 5.678396293707792530e-01
1.795396046314252453e+04 5.676738738593607447e-01
1.796063107821335507e+04 5.675082758816770712e-01
1.796730169328418560e+04 5.673428352538869568e-01
1.797397230835501250e+04 5.671775517997297289e-01
1.798064292342583940e+04 5.670124253426133132e-01
1.798731353849666993e+04 5.668474557000482417e-01
1.799398415356749683e+04 5.666826427007830569e-01
1.800065476863832737e+04 5.665179861632630987e-01
1.800732538370915790e+04 5.663534859116746700e-01
1.801399599877998480e+04 5.661891417705001706e-01
1.802066661385081534e+04 5.660249535614843008e-01
1.802733722892164224e+04 5.658609211095568803e-01
1.803400784399246913e+04 5.656970442404348764e-01
1.804067845906329967e+04 5.655333227745826807e-01
1.804734907413413021e+04 5.653697565422586280e-01
1.805401968920495710e+04 5.652063453653597414e-01
1.806069030427578764e+04 5.650430890685945728e-01
1.806736091934661454e+04 5.648799874787353570e-01
1.807403153441744143e+04 5.647170404246688591e-01
1.808070214948827197e+04 5.645542477296985329e-01
1.808737276455910251e+04 5.643916092204167567e-01
1.809404337962992940e+04 5.642291247050297276e-01
1.810071399470075994e+04 5.640667940601913344e-01
1.810738460977159048e+04 5.639046170702255445e-01
1.811405522484241374e+04 5.637425935750832728e-01
1.812072583991324427e+04 5.635807234045427938e-01
1.812739645498407481e+04 5.634190063822551719e-01
1.813406707005490171e+04 5.632574423411730313e-01
1.814073768512573224e+04 5.630960311075072777e-01
1.814740830019656278e+04 5.629347725145613657e-01
1.815407891526738604e+04 5.627736663869912226e-01
1.816074953033821657e+04 5.626127125569718723e-01
1.816742014540904711e+04 5.624519108539833834e-01
1.817409076047987401e+04 5.622912611135831851e-01
1.818076137555070454e+04 5.621307635430262684e-01
1.818743199062153508e+04 5.619704167842256570e-01
1.819410260569236198e+04 5.618102218978502371e-01
1.820077322076318887e+04 5.616501782886110794e-01
1.820744383583401941e+04 5.614902857884782605e-01
1.821411445090484631e+04 5.613305442344116436e-01
1.822078506597567684e+04 5.611709534538616984e-01
1.822745568104650738e+04 5.610115132838543461e-01
1.823412629611733428e+04 5.608522235513442311e-01
1.824079691118816118e+04 5.606930840957158324e-01
1.824746752625899171e+04 5.605340947464764190e-01
1.825413814132981861e+04 5.603752553387221225e-01
1.826080875640064914e+04 5.602165657061386472e-01
1.826747937147147968e+04 5.600580256806101387e-01
1.827414998654230658e+04 5.598996351013852957e-01
1.828082060161313348e+04 5.597413937973733100e-01
1.828749121668396401e+04 5.595833016038405106e-01
1.829416183175479091e+04 5.594253583613538749e-01
1.830083244682562145e+04 5.592675638997586240e-01
1.830750306189645198e+04 5.591099180573860794e-01
1.831417367696727888e+04 5.589524206696929731e-01
1.832084429203810942e+04 5.587950715713113636e-01
1.832751490710893631e+04 5.586378706015686646e-01
1.833418552217976321e+04 5.584808175966898824e-01
1.834085613725059375e+04 5.583239123899165213e-01
1.834752675232142428e+04 5.581671548238498204e-01
1.835419736739225118e+04 5.580105447302705635e-01
1.836086798246308172e+04 5.578540819526681682e-01
1.836753859753390861e+04 5.576977663239853777e-01
1.837420921260473915e+04 5.575415976864125378e-01
1.838087982767556605e+04 5.573855758769569180e-01
1.838755044274639658e+04 5.572297007341990849e-01
1.839422105781722348e+04 5.570739720976437548e-01
1.840089167288805402e+04 5.569183898066595306e-01
1.840756228795888455e+04 5.567629536980486238e-01
1.841423290302971145e+04 5.566076636171557457e-01
1.842090351810053835e+04 5.564525194002717390e-01
1.842757413317136889e+04 5.562975208886301592e-01
1.843424474824219578e+04 5.561426679226965097e-01
1.844091536331302632e+04 5.559879603433571793e-01
1.844758597838385685e+04 5.558333979920981882e-01
1.845425659345468375e+04 5.556789807081528032e-01
1.846092720852551065e+04 5.555247083372614192e-01
1.846759782359634119e+04 5.553705807183634269e-01
1.847426843866717172e+04 5.552165976943145287e-01
1.848093905373799862e+04 5.550627591071692901e-01
1.848760966880882916e+04 5.549090648007840576e-01
1.849428028387965605e+04 5.547555146159937056e-01
1.850095089895048295e+04 5.546021083990197997e-01
1.850762151402131349e+04 5.544488459897367605e-01
1.851429212909214402e+04 5.542957272328936646e-01
1.852096274416297092e+04 5.541427519727132323e-01
1.852763335923380146e+04 5.539899200553159986e-01
1.853430397430462835e+04 5.538372313224474430e-01
1.854097458937545525e+04 5.536846856203679890e-01
1.854764520444628579e+04 5.535322827911675070e-01
1.855431581951711632e+04 5.533800226817618961e-01
1.856098643458794322e+04 5.532279051379731527e-01
1.856765704965877376e+04 5.530759300001486523e-01
1.857432766472960429e+04 5.529240971226047074e-01
1.858099827980043119e+04 5.527724063393667508e-01
1.858766889487125809e+04 5.526208574916462446e-01
1.859433950994208863e+04 5.524694503778881938e-01
1.860101012501291552e+04 5.523181860343336913e-01
1.860768074008374606e+04 5.521670613982142539e-01
1.861435135515457659e+04 5.520160787902215205e-01
1.862102197022540349e+04 5.518652374021522089e-01
1.862769258529623039e+04 5.517145370580398556e-01
1.863436320036706093e+04 5.515639775964691349e-01
1.864103381543788782e+04 5.514135588709191405e-01
1.864770443050871836e+04 5.512632807212491937e-01
1.865437504557954890e+04 5.511131430007925047e-01
1.866104566065037579e+04 5.509631455558789970e-01
1.866771627572120633e+04 5.508132882379883632e-01
1.867438689079203323e+04 5.506635708935460061e-01
1.868105750586286013e+04 5.505139933747115188e-01
1.868772812093369066e+04 5.503645555302272285e-01
1.869439873600452120e+04 5.502152572103847783e-01
1.870106935107534810e+04 5.500660982664413723e-01
1.870773996614617863e+04 5.499170785474120082e-01
1.871441058121700553e+04 5.497681979059756419e-01
1.872108119628783243e+04 5.496194561928011701e-01
1.872775181135866296e+04 5.494708532585571570e-01
1.873442242642949350e+04 5.493223889563759732e-01
1.874109304150032040e+04 5.491740631375767734e-01
1.874776365657115093e+04 5.490258756536426921e-01
1.875443427164198147e+04 5.488778263567853921e-01
1.876110488671280473e+04 5.487299151023087296e-01
1.876777550178363526e+04 5.485821417382342746e-01
1.877444611685446580e+04 5.484345061216774342e-01
1.878111673192529270e+04 5.482870081027986231e-01
1.878778734699612323e+04 5.481396475390404310e-01
1.879445796206695377e+04 5.479924242811443635e-01
1.880112857713777703e+04 5.478453381828858326e-01
1.880779919220860756e+04 5.476983891021662831e-01
1.881446980727943810e+04 5.475515768869576583e-01
1.882114042235026500e+04 5.474049013974388034e-01
1.882781103742109553e+04 5.472583624872608965e-01
1.883448165249192607e+04 5.471119600118372617e-01
1.884115226756275297e+04 5.469656938252632772e-01
1.884782288263357987e+04 5.468195637829902367e-01
1.885449349770441040e+04 5.466735697435373131e-01
1.886116411277523730e+04 5.465277115575184474e-01
1.886783472784606784e+04 5.463819890878431895e-01
1.887450534291689837e+04 5.462364021867625041e-01
1.888117595798772527e+04 5.460909507109256156e-01
1.888784657305855217e+04 5.459456345205724315e-01
1.889451718812938270e+04 5.458004534693119414e-01
1.890118780320020960e+04 5.456554074155638423e-01
1.890785841827104014e+04 5.455104962181913653e-01
1.891452903334187067e+04 5.453657197342335339e-01
1.892119964841269757e+04 5.452210778218703480e-01
1.892787026348352811e+04 5.450765703384881089e-01
1.893454087855435500e+04 5.449321971432825595e-01
1.894121149362518190e+04 5.447879580948514766e-01
1.894788210869601244e+04 5.446438530524775334e-01
1.895455272376684297e+04 5.444998818735028445e-01
1.896122333883766987e+04 5.443560444215221894e-01
1.896789395390850041e+04 5.442123405510238543e-01
1.897456456897932730e+04 5.440687701258480891e-01
1.898123518405015420e+04 5.439253330002732367e-01
1.898790579912098474e+04 5.437820290383591493e-01
1.899457641419181527e+04 5.436388580996588393e-01
1.900124702926264217e+04 5.434958200370569870e-01
1.900791764433347271e+04 5.433529147016100680e-01
1.901458825940430324e+04 5.432101418550786542e-01
1.902125887447513014e+04 5.430675023412391278e-01
1.902792948954595704e+04 5.429249941166360838e-01
1.903460010461678758e+04 5.427826183687135542e-01
1.904127071968761447e+04 5.426403747046280035e-01
1.904794133475844501e+04 5.424982629648176236e-01
1.905461194982927555e+04 5.423562830090965514e-01
1.906128256490010244e+04 5.422144346966444317e-01
1.906795317997092934e+04 5.420727178897216669e-01
1.907462379504175988e+04 5.419311324543767405e-01
1.908129441011258677e+04 5.417896782471006700e-01
1.908796502518341731e+04 5.416483551360954385e-01
1.909463564025424785e+04 5.415071629844457890e-01
1.910130625532507474e+04 5.413661016535096238e-01
1.910797687039590164e+04 5.412251710101440016e-01
1.911464748546673218e+04 5.410843709161876625e-01
1.912131810053756271e+04 5.409437012375857279e-01
1.912798871560838961e+04 5.408031618406566876e-01
1.913465933067922015e+04 5.406627525876172013e-01
1.914132994575004705e+04 5.405224733441653662e-01
1.914800056082087394e+04 5.403823239759938390e-01
1.915467117589170448e+04 5.402423043516826340e-01
1.916134179096253501e+04 5.401024143301893510e-01
1.916801240603336191e+04 5.399626537848163377e-01
1.917468302110419245e+04 5.398230225781416314e-01
1.918135363617501935e+04 5.396835205775960542e-01
1.918802425124584624e+04 5.395441476483222587e-01
1.919469486631667678e+04 5.394049036592334367e-01
1.920136548138750732e+04 5.392657884761774545e-01
1.920803609645833421e+04 5.391268019658659316e-01
1.921470671152916475e+04 5.389879439964329055e-01
1.922137732659999529e+04 5.388492144351305635e-01
1.922804794167082218e+04 5.387106131520573715e-01
1.923471855674164908e+04 5.385721400125713654e-01
1.924138917181247962e+04 5.384337948854267530e-01
1.924805978688330651e+04 5.382955776411941784e-01
1.925473040195413705e+04 5.381574881474123773e-01
1.926140101702496759e+04 5.380195262708734605e-01
1.926807163209579448e+04 5.378816918829989469e-01
1.927474224716662138e+04 5.377439848525816801e-01
1.928141286223745192e+04 5.376064050493744029e-01
1.928808347730827882e+04 5.374689523436768646e-01
1.929475409237910935e+04 5.373316266036138877e-01
1.930142470744993989e+04 5.371944276995821443e-01
1.930809532252076679e+04 5.370573555026317836e-01
1.931476593759159732e+04 5.369204098834514660e-01
1.932143655266242422e+04 5.367835907120985794e-01
1.932810716773325112e+04 5.366468978595536621e-01
1.933477778280408165e+04 5.365103311981294087e-01
1.934144839787491219e+04 5.363738905981331184e-01
1.934811901294573909e+04 5.362375759301344358e-01
1.935478962801656962e+04 5.361013870661659464e-01
1.936146024308739652e+04 5.359653238797859043e-01
1.936813085815822342e+04 5.358293862425980159e-01
1.937480147322905395e+04 5.356935740247545930e-01
1.938147208829988449e+04 5.355578871006845265e-01
1.938814270337071139e+04 5.354223253441572350e-01
1.939481331844154192e+04 5.352868886248633995e-01
1.940148393351237246e+04 5.351515768197203649e-01
1.940815454858319572e+04 5.350163897960193982e-01
1.941482516365402626e+04 5.348813274342881785e-01
1.942149577872485679e+04 5.347463896041693143e-01
1.942816639379568369e+04 5.346115761777496811e-01
1.943483700886651422e+04 5.344768870353610035e-01
1.944150762393734476e+04 5.343423220444819544e-01
1.944817823900816802e+04 5.342078810843097214e-01
1.945484885407899856e+04 5.340735640272088469e-01
1.946151946914982909e+04 5.339393707502495534e-01
1.946819008422065599e+04 5.338053011235662781e-01
1.947486069929148653e+04 5.336713550268354922e-01
1.948153131436231706e+04 5.335375323325832753e-01
1.948820192943314396e+04 5.334038329181545190e-01
1.949487254450397086e+04 5.332702566595413085e-01
1.950154315957480139e+04 5.331368034302804704e-01
1.950821377464562829e+04 5.330034731132664572e-01
1.951488438971645883e+04 5.328702655738517535e-01
1.952155500478728936e+04 5.327371806967531320e-01
1.952822561985811626e+04 5.326042183607975211e-01
1.953489623492894316e+04 5.324713784331266409e-01
1.954156684999977369e+04 5.323386607967114381e-01
1.954823746507060059e+04 5.322060653269297115e-01
1.955490808014143113e+04 5.320735919059378372e-01
1.956157869521226166e+04 5.319412404071551803e-01
1.956824931028308856e+04 5.318090107077927398e-01
1.957491992535391910e+04 5.316769026884867744e-01
1.958159054042474600e+04 5.315449162265434291e-01
1.958826115549557289e+04 5.314130512009409557e-01
1.959493177056640343e+04 5.312813074871316488e-01
1.960160238563723397e+04 5.311496849671976106e-01
1.960827300070806086e+04 5.310181835187496313e-01
1.961494361577889140e+04 5.308868030214272116e-01
1.962161423084971830e+04 5.307555433548715174e-01
1.962828484592054519e+04 5.306244043968959545e-01
1.963495546099137573e+04 5.304933860284412050e-01
1.964162607606220627e+04 5.303624881282272829e-01
1.964829669113303316e+04 5.302317105783599382e-01
1.965496730620386370e+04 5.301010532577764556e-01
1.966163792127469424e+04 5.299705160469269094e-01
1.966830853634552113e+04 5.298400988254421407e-01
1.967497915141634803e+04 5.297098014747997352e-01
1.968164976648717857e+04 5.295796238788879062e-01
1.968832038155800547e+04 5.294495659135147747e-01
1.969499099662883600e+04 5.293196274635838527e-01
1.970166161169966654e+04 5.291898084085950860e-01
1.970833222677049343e+04 5.290601086319605129e-01
1.971500284184132033e+04 5.289305280147517108e-01
1.972167345691215087e+04 5.288010664391257221e-01
1.972834407198297777e+04 5.286717237857826435e-01
1.973501468705380830e+04 5.285424999391920009e-01
1.974168530212463884e+04 5.284133947809336318e-01
1.974835591719546574e+04 5.282844081928850244e-01
1.975502653226629263e+04 5.281555400624312613e-01
1.976169714733712317e+04 5.280267902658494217e-01
1.976836776240795371e+04 5.278981586905420187e-01
1.977503837747878060e+04 5.277696452177745856e-01
1.978170899254961114e+04 5.276412497334564966e-01
1.978837960762043804e+04 5.275129721213327461e-01
1.979505022269126493e+04 5.273848122633919555e-01
1.980172083776209547e+04 5.272567700451086248e-01
1.980839145283292601e+04 5.271288453492133375e-01
1.981506206790375290e+04 5.270010380613596723e-01
1.982173268297458344e+04 5.268733480676381919e-01
1.982840329804541034e+04 5.267457752516547798e-01
1.983507391311624087e+04 5.266183194960092351e-01
1.984174452818706777e+04 5.264909806894826350e-01
1.984841514325789831e+04 5.263637587156971831e-01
1.985508575832872521e+04 5.262366534609027591e-01
1.986175637339955574e+04 5.261096648102719930e-01
1.986842698847038628e+04 5.259827926476399185e-01
1.987509760354121318e+04 5.258560368632838600e-01
1.988176821861204007e+04 5.257293973417065391e-01
1.988843883368287061e+04 5.256028739667083505e-01
1.989510944875369751e+04 5.254764666271181106e-01
1.990178006382452804e+04 5.253501752112158529e-01
1.990845067889535858e+04 5.252239996034836489e-01
1.991512129396618548e+04 5.250979396895467666e-01
1.992179190903701601e+04 5.249719953605235245e-01
1.992846252410784291e+04 5.248461665006941557e-01
1.993513313917866981e+04 5.247204529990436850e-01
1.994180375424950034e+04 5.245948547407626172e-01
1.994847436932033088e+04 5.244693716230313107e-01
1.995514498439115778e+04 5.243440035222444173e-01
1.996181559946198831e+04 5.242187503315491881e-01
1.996848621453281521e+04 5.240936119392556325e-01
1.997515682960364211e+04 5.239685882340239242e-01
1.998182744467447264e+04 5.238436791031090278e-01
1.998849805974530318e+04 5.237188844363356299e-01
1.999516867481613008e+04 5.235942041241782308e-01
2.000183928988696061e+04 5.234696380553984785e-01
2.000850990495779115e+04 5.233451861178846087e-01
2.001518052002861441e+04 5.232208481996438731e-01
2.002185113509944495e+04 5.230966241962492491e-01
2.002852175017027548e+04 5.229725139920465837e-01
2.003519236524110238e+04 5.228485174811731140e-01
2.004186298031193292e+04 5.227246345494348523e-01
2.004853359538276345e+04 5.226008650894440333e-01
2.005520421045358671e+04 5.224772089932601116e-01
2.006187482552441725e+04 5.223536661494175837e-01
2.006854544059524778e+04 5.222302364500709393e-01
2.007521605566607468e+04 5.221069197850669585e-01
2.008188667073690522e+04 5.219837160451679114e-01
2.008855728580773575e+04 5.218606251243586014e-01
2.009522790087855901e+04 5.217376469120318383e-01
2.010189851594938955e+04 5.216147812995630684e-01
2.010856913102022008e+04 5.214920281798994806e-01
2.011523974609104698e+04 5.213693874455699317e-01
2.012191036116187752e+04 5.212468589872052416e-01
2.012858097623270805e+04 5.211244426984666944e-01
2.013525159130353495e+04 5.210021384698021452e-01
2.014192220637436185e+04 5.208799461953194099e-01
2.014859282144519238e+04 5.207578657672475853e-01
2.015526343651601928e+04 5.206358970801067132e-01
2.016193405158684982e+04 5.205140400247900700e-01
2.016860466665768035e+04 5.203922944958307983e-01
2.017527528172850725e+04 5.202706603865207002e-01
2.018194589679933415e+04 5.201491375898942282e-01
2.018861651187016469e+04 5.200277260011713087e-01
2.019528712694099158e+04 5.199064255119757449e-01
2.020195774201182212e+04 5.197852360183068399e-01
2.020862835708265266e+04 5.196641574115306028e-01
2.021529897215347955e+04 5.195431895911007958e-01
2.022196958722431009e+04 5.194223324473610237e-01
2.022864020229513699e+04 5.193015858767460191e-01
2.023531081736596389e+04 5.191809497722563727e-01
2.024198143243679442e+04 5.190604240310336959e-01
2.024865204750762496e+04 5.189400085458711898e-01
2.025532266257845185e+04 5.188197032147480181e-01
2.026199327764928239e+04 5.186995079319217661e-01
2.026866389272010929e+04 5.185794225933917367e-01
2.027533450779093982e+04 5.184594470946075617e-01
2.028200512286176672e+04 5.183395813297325683e-01
2.028867573793259726e+04 5.182198251976330994e-01
2.029534635300342416e+04 5.181001785922364489e-01
2.030201696807425469e+04 5.179806414120865510e-01
2.030868758314508523e+04 5.178612135534210736e-01
2.031535819821591213e+04 5.177418949101170176e-01
2.032202881328673902e+04 5.176226853823208129e-01
2.032869942835756956e+04 5.175035848655812343e-01
2.033537004342839646e+04 5.173845932579846929e-01
2.034204065849922699e+04 5.172657104541461548e-01
2.034871127357005753e+04 5.171469363535825536e-01
2.035538188864088443e+04 5.170282708548240569e-01
2.036205250371171132e+04 5.169097138560331262e-01
2.036872311878254186e+04 5.167912652488306779e-01
2.037539373385337240e+04 5.166729249388476441e-01
2.038206434892419929e+04 5.165546928202164878e-01
2.038873496399502983e+04 5.164365687947889416e-01
2.039540557906585673e+04 5.163185527565701260e-01
2.040207619413668363e+04 5.162006446063623910e-01
2.040874680920751416e+04 5.160828442435375640e-01
2.041541742427834470e+04 5.159651515646422881e-01
2.042208803934917159e+04 5.158475664735328037e-01
2.042875865442000213e+04 5.157300888663358673e-01
2.043542926949082903e+04 5.156127186400727425e-01
2.044209988456165593e+04 5.154954556978361691e-01
2.044877049963248646e+04 5.153782999372329421e-01
2.045544111470331700e+04 5.152612512587607663e-01
2.046211172977414390e+04 5.151443095641019543e-01
2.046878234484497443e+04 5.150274747500819261e-01
2.047545295991580497e+04 5.149107467218598799e-01
2.048212357498663187e+04 5.147941253741490364e-01
2.048879419005745876e+04 5.146776106099416603e-01
2.049546480512828930e+04 5.145612023329295681e-01
2.050213542019911620e+04 5.144449004372471101e-01
2.050880603526994673e+04 5.143287048297082720e-01
2.051547665034077727e+04 5.142126154076338551e-01
2.052214726541160417e+04 5.140966320781307219e-01
2.052881788048243106e+04 5.139807547346811889e-01
2.053548849555326160e+04 5.138649832837925979e-01
2.054215911062408850e+04 5.137493176270907513e-01
2.054882972569491903e+04 5.136337576636438307e-01
2.055550034076574957e+04 5.135183032995284114e-01
2.056217095583657647e+04 5.134029544340592555e-01
2.056884157090740700e+04 5.132877109682352224e-01
2.057551218597823390e+04 5.131725728090308358e-01
2.058218280104906080e+04 5.130575398547861932e-01
2.058885341611989134e+04 5.129426120094900954e-01
2.059552403119072187e+04 5.128277891783387110e-01
2.060219464626154877e+04 5.127130712591024819e-01
2.060886526133237930e+04 5.125984581602496259e-01
2.061553587640320620e+04 5.124839497809512423e-01
2.062220649147403310e+04 5.123695460287481795e-01
2.062887710654486364e+04 5.122552468027332662e-01
2.063554772161569417e+04 5.121410520078372164e-01
2.064221833668652107e+04 5.120269615500107063e-01
2.064888895175735161e+04 5.119129753337454680e-01
2.065555956682818214e+04 5.117990932610929633e-01
2.066223018189900540e+04 5.116853152346242384e-01
2.066890079696983594e+04 5.115716411624781079e-01
2.067557141204066647e+04 5.114580709462661634e-01
2.068224202711149337e+04 5.113446044919331968e-01
2.068891264218232391e+04 5.112312417052038427e-01
2.069558325725315444e+04 5.111179824899091395e-01
2.070225387232397770e+04 5.110048267504215813e-01
2.070892448739480824e+04 5.108917743921610466e-01
2.071559510246563877e+04 5.107788253204641471e-01
2.072226571753646567e+04 5.106659794460161050e-01
2.072893633260729621e+04 5.105532366665843647e-01
2.073560694767812674e+04 5.104405968892214984e-01
2.074227756274895364e+04 5.103280600248514265e-01
2.074894817781978054e+04 5.102156259761174706e-01
2.075561879289061108e+04 5.101032946473291751e-01
2.076228940796143797e+04 5.099910659508579691e-01
2.076896002303226851e+04 5.098789397867172779e-01
2.077563063810309905e+04 5.097669160635501795e-01
2.078230125317392594e+04 5.096549946900723604e-01
2.078897186824475284e+04 5.095431755716196554e-01
2.079564248331558338e+04 5.094314586137356216e-01
2.080231309838641027e+04 5.093198437259859324e-01
2.080898371345724081e+04 5.092083308141299725e-01
2.081565432852807135e+04 5.090969197873607133e-01
2.082232494359889824e+04 5.089856105503125505e-01
2.082899555866972878e+04 5.088744030142025032e-01
2.083566617374055568e+04 5.087632970836454271e-01
2.084233678881138258e+04 5.086522926671076528e-01
2.084900740388221311e+04 5.085413896754684693e-01
2.085567801895304365e+04 5.084305880135795430e-01
2.086234863402387055e+04 5.083198875914817227e-01
2.086901924909470108e+04 5.082092883157149910e-01
2.087568986416552798e+04 5.080987900962045112e-01
2.088236047923635488e+04 5.079883928415050987e-01
2.088903109430718541e+04 5.078780964636362416e-01
2.089570170937801595e+04 5.077679008666865501e-01
2.090237232444884285e+04 5.076578059620024952e-01
2.090904293951967338e+04 5.075478116572086362e-01
2.091571355459050392e+04 5.074379178657230094e-01
2.092238416966133082e+04 5.073281244930708533e-01
2.092905478473215771e+04 5.072184314493076718e-01
2.093572539980298825e+04 5.071088386447345497e-01
2.094239601487381515e+04 5.069993459901275257e-01
2.094906662994464568e+04 5.068899533956123804e-01
2.095573724501547622e+04 5.067806607693341459e-01
2.096240786008630312e+04 5.066714680227683010e-01
2.096907847515713001e+04 5.065623750664750569e-01
2.097574909022796055e+04 5.064533818131793375e-01
2.098241970529878745e+04 5.063444881698274669e-01
2.098909032036961798e+04 5.062356940472398925e-01
2.099576093544044852e+04 5.061269993596433370e-01
2.100243155051127542e+04 5.060184040169902753e-01
2.100910216558210232e+04 5.059099079272226795e-01
2.101577278065293285e+04 5.058015110066570452e-01
2.102244339572376339e+04 5.056932131615511361e-01
2.102911401079459029e+04 5.055850143077328385e-01
2.103578462586542082e+04 5.054769143557188427e-01
2.104245524093624772e+04 5.053689132164091991e-01
2.104912585600707462e+04 5.052610108161860181e-01
2.105579647107790515e+04 5.051532070246144146e-01
2.106246708614873569e+04 5.050455017969613936e-01
2.106913770121956259e+04 5.049378950307228386e-01
2.107580831629039312e+04 5.048303866393871742e-01
2.108247893136122002e+04 5.047229765345279118e-01
2.108914954643204692e+04 5.046156646274216895e-01
2.109582016150287745e+04 5.045084508321180383e-01
2.110249077657370799e+04 5.044013350647587046e-01
2.110916139164453489e+04 5.042943172332439161e-01
2.111583200671536542e+04 5.041873972547661342e-01
2.112250262178619596e+04 5.040805750402600482e-01
2.112917323685702286e+04 5.039738505041357897e-01
2.113584385192784976e+04 5.038672235584578107e-01
2.114251446699868029e+04 5.037606941186215659e-01
2.114918508206950719e+04 5.036542620995987374e-01
2.115585569714033772e+04 5.035479274125619353e-01
2.116252631221116826e+04 5.034416899718727745e-01
2.116919692728199516e+04 5.033355496941017693e-01
2.117586754235282206e+04 5.032295064912027938e-01
2.118253815742365259e+04 5.031235602787231809e-01
2.118920877249447949e+04 5.030177109709561556e-01
2.119587938756531003e+04 5.029119584821827305e-01
2.120255000263614056e+04 5.028063027275898600e-01
2.120922061770696746e+04 5.027007436228639881e-01
2.121589123277779800e+04 5.025952810802748472e-01
2.122256184784862489e+04 5.024899150184367613e-01
2.122923246291945179e+04 5.023846453502340825e-01
2.123590307799028233e+04 5.022794719921704898e-01
2.124257369306111286e+04 5.021743948602126473e-01
2.124924430813193976e+04 5.020694138687873398e-01
2.125591492320277030e+04 5.019645289330493254e-01
2.126258553827359719e+04 5.018597399719183505e-01
2.126925615334442409e+04 5.017550468981459844e-01
2.127592676841525463e+04 5.016504496280737024e-01
2.128259738348608516e+04 5.015459480797362923e-01
2.128926799855691206e+04 5.014415421696838404e-01
2.129593861362774260e+04 5.013372318124901250e-01
2.130260922869857313e+04 5.012330169268419677e-01
2.130927984376939639e+04 5.011288974276668640e-01
2.131595045884022693e+04 5.010248732307364117e-01
2.132262107391105747e+04 5.009209442565324411e-01
2.132929168898188436e+04 5.008171104191427858e-01
2.133596230405271490e+04 5.007133716374664312e-01
2.134263291912354543e+04 5.006097278295036368e-01
2.134930353419436869e+04 5.005061789092208890e-01
2.135597414926519923e+04 5.004027247977080872e-01
2.136264476433602977e+04 5.002993654089225029e-01
2.136931537940685666e+04 5.001961006659595421e-01
2.137598599447768720e+04 5.000929304815128207e-01
2.138265660954851774e+04 4.999898547758860889e-01
2.138932722461934463e+04 4.998868734665820601e-01
2.139599783969017153e+04 4.997839864737737559e-01
2.140266845476100207e+04 4.996811937136391712e-01
2.140933906983182897e+04 4.995784951051532308e-01
2.141600968490265950e+04 4.994758905678002292e-01
2.142268029997349004e+04 4.993733800185464200e-01
2.142935091504431693e+04 4.992709633764523258e-01
2.143602153011514383e+04 4.991686405618653288e-01
2.144269214518597437e+04 4.990664114940788765e-01
2.144936276025680127e+04 4.989642760888685635e-01
2.145603337532763180e+04 4.988622342667032306e-01
2.146270399039846234e+04 4.987602859431612412e-01
2.146937460546928924e+04 4.986584311037583483e-01
2.147604522054011977e+04 4.985566695235063017e-01
2.148271583561094667e+04 4.984550012317933709e-01
2.148938645068177357e+04 4.983534261247329900e-01
2.149605706575260410e+04 4.982519441206640365e-01
2.150272768082343464e+04 4.981505551393179410e-01
2.150939829589426154e+04 4.980492591008198744e-01
2.151606891096509207e+04 4.979480559263343431e-01
2.152273952603591897e+04 4.978469455322150905e-01
2.152941014110674951e+04 4.977459278449461455e-01
2.153608075617757640e+04 4.976450027803141496e-01
2.154275137124840694e+04 4.975441702607023009e-01
2.154942198631923384e+04 4.974434302057933466e-01
2.155609260139006437e+04 4.973427825403053948e-01
2.156276321646089491e+04 4.972422271813665695e-01
2.156943383153172181e+04 4.971417640500099822e-01
2.157610444660254871e+04 4.970413930700042227e-01
2.158277506167337924e+04 4.969411141645770913e-01
2.158944567674420614e+04 4.968409272491408624e-01
2.159611629181503667e+04 4.967408322490694528e-01
2.160278690688586721e+04 4.966408290882330379e-01
2.160945752195669411e+04 4.965409176823216142e-01
2.161612813702752101e+04 4.964410979579639283e-01
2.162279875209835154e+04 4.963413698360237269e-01
2.162946936716918208e+04 4.962417332394267744e-01
2.163613998224000898e+04 4.961421880905433901e-01
2.164281059731083951e+04 4.960427343084223284e-01
2.164948121238166641e+04 4.959433718199193208e-01
2.165615182745249331e+04 4.958441005464802598e-01
2.166282244252332384e+04 4.957449204087702732e-01
2.166949305759415438e+04 4.956458313314350272e-01
2.167616367266498128e+04 4.955468332377847007e-01
2.168283428773581181e+04 4.954479260485589731e-01
2.168950490280663871e+04 4.953491096910658253e-01
2.169617551787746561e+04 4.952503840845666749e-01
2.170284613294829614e+04 4.951517491535967208e-01
2.170951674801912668e+04 4.950532048215689485e-01
2.171618736308995358e+04 4.949547510137617401e-01
2.172285797816078411e+04 4.948563876505321923e-01
2.172952859323161465e+04 4.947581146584670853e-01
2.173619920830244155e+04 4.946599319612481338e-01
2.174286982337326845e+04 4.945618394826082342e-01
2.174954043844409898e+04 4.944638371452808601e-01
2.175621105351492588e+04 4.943659248745269075e-01
2.176288166858575642e+04 4.942681025949998141e-01
2.176955228365658695e+04 4.941703702308550272e-01
2.177622289872741385e+04 4.940727277072178292e-01
2.178289351379824075e+04 4.939751749461073205e-01
2.178956412886907128e+04 4.938777118761623619e-01
2.179623474393989818e+04 4.937803384187031686e-01
2.180290535901072872e+04 4.936830545024192829e-01
2.180957597408155925e+04 4.935858600483783998e-01
2.181624658915238615e+04 4.934887549847116750e-01
2.182291720422321669e+04 4.933917392359927767e-01
2.182958781929404358e+04 4.932948127281006068e-01
2.183625843436487048e+04 4.931979753823376167e-01
2.184292904943570102e+04 4.931012271309654915e-01
2.184959966450653155e+04 4.930045678953648425e-01
2.185627027957735845e+04 4.929079976023397758e-01
2.186294089464818899e+04 4.928115161762264274e-01
2.186961150971901588e+04 4.927151235437745025e-01
2.187628212478984278e+04 4.926188196306342526e-01
2.188295273986067332e+04 4.925226043493587391e-01
2.188962335493150385e+04 4.924264777230335510e-01
2.189629397000233075e+04 4.923304395099864506e-01
2.190296458507316129e+04 4.922344897414298592e-01
2.190963520014398819e+04 4.921386283280828611e-01
2.191630581521481508e+04 4.920428551960913666e-01
2.192297643028564562e+04 4.919471702709702354e-01
2.192964704535647616e+04 4.918515734784024707e-01
2.193631766042730305e+04 4.917560647460421097e-01
2.194298827549813359e+04 4.916606440016840773e-01
2.194965889056896413e+04 4.915653111719994750e-01
2.195632950563978739e+04 4.914700661825857075e-01
2.196300012071061792e+04 4.913749089656277436e-01
2.196967073578144846e+04 4.912798394425513804e-01
2.197634135085227535e+04 4.911848575462724464e-01
2.198301196592310589e+04 4.910899632008828841e-01
2.198968258099393643e+04 4.909951563358797566e-01
2.199635319606475969e+04 4.909004368799320117e-01
2.200302381113559022e+04 4.908058047587828820e-01
2.200969442620642076e+04 4.907112599024481270e-01
2.201636504127724766e+04 4.906168022398474937e-01
2.202303565634807819e+04 4.905224316957475517e-01
2.202970627141890873e+04 4.904281482027825767e-01
2.203637688648973563e+04 4.903339516874455351e-01
2.204304750156056252e+04 4.902398420797751677e-01
2.204971811663139306e+04 4.901458193058442214e-01
2.205638873170221996e+04 4.900518832966891947e-01
2.206305934677305049e+04 4.899580339805206797e-01
2.206972996184388103e+04 4.898642712856696724e-01
2.207640057691470793e+04 4.897705951415203263e-01
2.208307119198553482e+04 4.896770054780565928e-01
2.208974180705636536e+04 4.895835022245278445e-01
2.209641242212719226e+04 4.894900853107425065e-01
2.210308303719802279e+04 4.893967546644368838e-01
2.210975365226885333e+04 4.893035102180801066e-01
2.211642426733968023e+04 4.892103518988120125e-01
2.212309488241051076e+04 4.891172796386634714e-01
2.212976549748133766e+04 4.890242933649794899e-01
2.213643611255216456e+04 4.889313930111939266e-01
2.214310672762299509e+04 4.888385785031191810e-01
2.214977734269382563e+04 4.887458497748587427e-01
2.215644795776465253e+04 4.886532067542350144e-01
2.216311857283548306e+04 4.885606493720774379e-01
2.216978918790630996e+04 4.884681775586958707e-01
2.217645980297714050e+04 4.883757912480589658e-01
2.218313041804796740e+04 4.882834903663101356e-01
2.218980103311879793e+04 4.881912748462686191e-01
2.219647164818962483e+04 4.880991446166514924e-01
2.220314226326045537e+04 4.880070996138154427e-01
2.220981287833128590e+04 4.879151397616676711e-01
2.221648349340211280e+04 4.878232649966142143e-01
2.222315410847293970e+04 4.877314752505524931e-01
2.222982472354377023e+04 4.876397704513950604e-01
2.223649533861459713e+04 4.875481505317645348e-01
2.224316595368542767e+04 4.874566154226234183e-01
2.224983656875625820e+04 4.873651650575933081e-01
2.225650718382708510e+04 4.872737993657736966e-01
2.226317779889791200e+04 4.871825182824465750e-01
2.226984841396874253e+04 4.870913217355489211e-01
2.227651902903957307e+04 4.870002096592158658e-01
2.228318964411039997e+04 4.869091819853677561e-01
2.228986025918123050e+04 4.868182386475625179e-01
2.229653087425205740e+04 4.867273795762275812e-01
2.230320148932288430e+04 4.866366047070900258e-01
2.230987210439371484e+04 4.865459139647231313e-01
2.231654271946454537e+04 4.864553072888880836e-01
2.232321333453537227e+04 4.863647846110448758e-01
2.232988394960620280e+04 4.862743458622424964e-01
2.233655456467702970e+04 4.861839909766912382e-01
2.234322517974785660e+04 4.860937198869598741e-01
2.234989579481868714e+04 4.860035325266195416e-01
2.235656640988951767e+04 4.859134288289209125e-01
2.236323702496034457e+04 4.858234087242976340e-01
2.236990764003117511e+04 4.857334721512102660e-01
2.237657825510200564e+04 4.856436190388541130e-01
2.238324887017283254e+04 4.855538493219185847e-01
2.238991948524365944e+04 4.854641629321537200e-01
2.239659010031448997e+04 4.853745598081600776e-01
2.240326071538531687e+04 4.852850398796963449e-01
2.240993133045614741e+04 4.851956030817693444e-01
2.241660194552697794e+04 4.851062493476737680e-01
2.242327256059780484e+04 4.850169786111888093e-01
2.242994317566863174e+04 4.849277908089116851e-01
2.243661379073946227e+04 4.848386858736555838e-01
2.244328440581028917e+04 4.847496637391923158e-01
2.244995502088111971e+04 4.846607243416294897e-01
2.245662563595195024e+04 4.845718676124534108e-01
2.246329625102277714e+04 4.844830934888570417e-01
2.246996686609360768e+04 4.843944019046587113e-01
2.247663748116443458e+04 4.843057927939153906e-01
2.248330809623526147e+04 4.842172660948651508e-01
2.248997871130609201e+04 4.841288217377877068e-01
2.249664932637692255e+04 4.840404596594113373e-01
2.250331994144774944e+04 4.839521797962420546e-01
2.250999055651857998e+04 4.838639820828459226e-01
2.251666117158940688e+04 4.837758664542494702e-01
2.252333178666023377e+04 4.836878328463549703e-01
2.253000240173106431e+04 4.835998811922292417e-01
2.253667301680189485e+04 4.835120114317257300e-01
2.254334363187272174e+04 4.834242234968956220e-01
2.255001424694355228e+04 4.833365173257472835e-01
2.255668486201438282e+04 4.832488928529259375e-01
2.256335547708520608e+04 4.831613500143895901e-01
2.257002609215603661e+04 4.830738887457547426e-01
2.257669670722686715e+04 4.829865089854942228e-01
2.258336732229769405e+04 4.828992106676384677e-01
2.259003793736852458e+04 4.828119937285408891e-01
2.259670855243935512e+04 4.827248581057484444e-01
2.260337916751017838e+04 4.826378037354108197e-01
2.261004978258100891e+04 4.825508305535047282e-01
2.261672039765183945e+04 4.824639384955843324e-01
2.262339101272266635e+04 4.823771274989253621e-01
2.263006162779349688e+04 4.822903975035988666e-01
2.263673224286432742e+04 4.822037484432485921e-01
2.264340285793515432e+04 4.821171802562599917e-01
2.265007347300598121e+04 4.820306928778318456e-01
2.265674408807681175e+04 4.819442862457414822e-01
2.266341470314763865e+04 4.818579602986640675e-01
2.267008531821846918e+04 4.817717149750739836e-01
2.267675593328929972e+04 4.816855502078790652e-01
2.268342654836012662e+04 4.815994659382119569e-01
2.269009716343095351e+04 4.815134621017087557e-01
2.269676777850178405e+04 4.814275386382841915e-01
2.270343839357261095e+04 4.813416954838746764e-01
2.271010900864344148e+04 4.812559325776713526e-01
2.271677962371427202e+04 4.811702498559368713e-01
2.272345023878509892e+04 4.810846472788754546e-01
2.273012085385592945e+04 4.809991247132630598e-01
2.273679146892675635e+04 4.809136821771972103e-01
2.274346208399758325e+04 4.808283195797619092e-01
2.275013269906841379e+04 4.807430368560903222e-01
2.275680331413924432e+04 4.806578339466344163e-01
2.276347392921007122e+04 4.805727107901213713e-01
2.277014454428090175e+04 4.804876673254410702e-01
2.277681515935172865e+04 4.804027034937445872e-01
2.278348577442255555e+04 4.803178192297274940e-01
2.279015638949338609e+04 4.802330144738716777e-01
2.279682700456421662e+04 4.801482891649342943e-01
2.280349761963504352e+04 4.800636432417969557e-01
2.281016823470587406e+04 4.799790766442536549e-01
2.281683884977670095e+04 4.798945893103672145e-01
2.282350946484753149e+04 4.798101811825015717e-01
2.283018007991835839e+04 4.797258521950236720e-01
2.283685069498918892e+04 4.796416022898605247e-01
2.284352131006001582e+04 4.795574314099803059e-01
2.285019192513084636e+04 4.794733394901558032e-01
2.285686254020167689e+04 4.793893264701816204e-01
2.286353315527250379e+04 4.793053922935165412e-01
2.287020377034333069e+04 4.792215368966440403e-01
2.287687438541416122e+04 4.791377602208912179e-01
2.288354500048499176e+04 4.790540622054671460e-01
2.289021561555581866e+04 4.789704427915499885e-01
2.289688623062664919e+04 4.788869019192829590e-01
2.290355684569747609e+04 4.788034395276188349e-01
2.291022746076830299e+04 4.787200555588272399e-01
2.291689807583913353e+04 4.786367499515436497e-01
2.292356869090996406e+04 4.785535226462180325e-01
2.293023930598079096e+04 4.784703735850359685e-01
2.293690992105162150e+04 4.783873027090954633e-01
2.294358053612244839e+04 4.783043099575850499e-01
2.295025115119327529e+04 4.782213952707595195e-01
2.295692176626410583e+04 4.781385585907615421e-01
2.296359238133493636e+04 4.780557998603610081e-01
2.297026299640576326e+04 4.779731190161455867e-01
2.297693361147659380e+04 4.778905160031470811e-01
2.298360422654742433e+04 4.778079907594199871e-01
2.299027484161824759e+04 4.777255432286803827e-01
2.299694545668907813e+04 4.776431733536021240e-01
2.300361607175990866e+04 4.775608810720464725e-01
2.301028668683073556e+04 4.774786663283606680e-01
2.301695730190156610e+04 4.773965290614289869e-01
2.302362791697239663e+04 4.773144692161381264e-01
2.303029853204322353e+04 4.772324867332313758e-01
2.303696914711405043e+04 4.771505815530104888e-01
2.304363976218488096e+04 4.770687536184501365e-01
2.305031037725570786e+04 4.769870028725744504e-01
2.305698099232653840e+04 4.769053292556742485e-01
2.306365160739736893e+04 4.768237327118686752e-01
2.307032222246819583e+04 4.767422131812864006e-01
2.307699283753902273e+04 4.766607706099552089e-01
2.308366345260985327e+04 4.765794049344718730e-01
2.309033406768068016e+04 4.764981161024547385e-01
2.309700468275151070e+04 4.764169040549342538e-01
2.310367529782234124e+04 4.763357687341154834e-01
2.311034591289316813e+04 4.762547100836882485e-01
2.311701652796399867e+04 4.761737280462981503e-01
2.312368714303482557e+04 4.760928225624513344e-01
2.313035775810565247e+04 4.760119935788800216e-01
2.313702837317648300e+04 4.759312410342675936e-01
2.314369898824731354e+04 4.758505648742276661e-01
2.315036960331814043e+04 4.757699650431769789e-01
2.315704021838897097e+04 4.756894414838485075e-01
2.316371083345979787e+04 4.756089941389546327e-01
2.317038144853062477e+04 4.755286229523739694e-01
2.317705206360145530e+04 4.754483278650369349e-01
2.318372267867228584e+04 4.753681088245413355e-01
2.319039329374311274e+04 4.752879657729506269e-01
2.319706390881394327e+04 4.752078986528907589e-01
2.320373452388477381e+04 4.751279074095767219e-01
2.321040513895559707e+04 4.750479919858408007e-01
2.321707575402642760e+04 4.749681523269783101e-01
2.322374636909725814e+04 4.748883883771119474e-01
2.323041698416808504e+04 4.748087000778607458e-01
2.323708759923891557e+04 4.747290873761167984e-01
2.324375821430974611e+04 4.746495502136258704e-01
2.325042882938056937e+04 4.745700885361707200e-01
2.325709944445139990e+04 4.744907022892315696e-01
2.326377005952223044e+04 4.744113914166234180e-01
2.327044067459305734e+04 4.743321558648637692e-01
2.327711128966388787e+04 4.742529955739725467e-01
2.328378190473471841e+04 4.741739104914134417e-01
2.329045251980554531e+04 4.740949005627084212e-01
2.329712313487637221e+04 4.740159657314437780e-01
2.330379374994720274e+04 4.739371059410559250e-01
2.331046436501802964e+04 4.738583211404674977e-01
2.331713498008886017e+04 4.737796112717338470e-01
2.332380559515969071e+04 4.737009762819891501e-01
2.333047621023051761e+04 4.736224161150515144e-01
2.333714682530134451e+04 4.735439307169703738e-01
2.334381744037217504e+04 4.734655200327629876e-01
2.335048805544300194e+04 4.733871840088805238e-01
2.335715867051383248e+04 4.733089225885653284e-01
2.336382928558466301e+04 4.732307357207233833e-01
2.337049990065548991e+04 4.731526233471795573e-01
2.337717051572632045e+04 4.730745854170334552e-01
2.338384113079714734e+04 4.729966218753953178e-01
2.339051174586797424e+04 4.729187326678895853e-01
2.339718236093880478e+04 4.728409177389386597e-01
2.340385297600963531e+04 4.727631770364761343e-01
2.341052359108046221e+04 4.726855105084689090e-01
2.341719420615129275e+04 4.726079180955877201e-01
2.342386482122211964e+04 4.725303997501409392e-01
2.343053543629295018e+04 4.724529554150188604e-01
2.343720605136377708e+04 4.723755850355207397e-01
2.344387666643460761e+04 4.722982885617512672e-01
2.345054728150543451e+04 4.722210659380524089e-01
2.345721789657626505e+04 4.721439171108952615e-01
2.346388851164709558e+04 4.720668420295230372e-01
2.347055912671792248e+04 4.719898406397122770e-01
2.347722974178874938e+04 4.719129128845416243e-01
2.348390035685957992e+04 4.718360587161119502e-01
2.349057097193040681e+04 4.717592780788110729e-01
2.349724158700123735e+04 4.716825709191924676e-01
2.350391220207206788e+04 4.716059371856610172e-01
2.351058281714289478e+04 4.715293768250932160e-01
2.351725343221372168e+04 4.714528897865638002e-01
2.352392404728455222e+04 4.713764760153359434e-01
2.353059466235538275e+04 4.713001354590471426e-01
2.353726527742620965e+04 4.712238680646009814e-01
2.354393589249704019e+04 4.711476737817210103e-01
2.355060650756786708e+04 4.710715525552521266e-01
2.355727712263869398e+04 4.709955043363579508e-01
2.356394773770952452e+04 4.709195290687349100e-01
2.357061835278035505e+04 4.708436267040984058e-01
2.357728896785118195e+04 4.707677971884989820e-01
2.358395958292201249e+04 4.706920404694721061e-01
2.359063019799283938e+04 4.706163564970126667e-01
2.359730081306366628e+04 4.705407452183836825e-01
2.360397142813449682e+04 4.704652065781317338e-01
2.361064204320532735e+04 4.703897405327294723e-01
2.361731265827615425e+04 4.703143470231051504e-01
2.362398327334698479e+04 4.702390260001613753e-01
2.363065388841781532e+04 4.701637774128160641e-01
2.363732450348864222e+04 4.700886012110091494e-01
2.364399511855946912e+04 4.700134973388015447e-01
2.365066573363029966e+04 4.699384657509599883e-01
2.365733634870112655e+04 4.698635063906481113e-01
2.366400696377195709e+04 4.697886192110504178e-01
2.367067757884278763e+04 4.697138041582971657e-01
2.367734819391361452e+04 4.696390611811551707e-01
2.368401880898444142e+04 4.695643902322124696e-01
2.369068942405527196e+04 4.694897912571761034e-01
2.369736003912609885e+04 4.694152642077379922e-01
2.370403065419692939e+04 4.693408090300182356e-01
2.371070126926775993e+04 4.692664256757948515e-01
2.371737188433858682e+04 4.691921140945325419e-01
2.372404249940941372e+04 4.691178742335888607e-01
2.373071311448024426e+04 4.690437060433163552e-01
2.373738372955107116e+04 4.689696094768975865e-01
2.374405434462190169e+04 4.688955844773295412e-01
2.375072495969273223e+04 4.688216310005721144e-01
2.375739557476355913e+04 4.687477489913402517e-01
2.376406618983438966e+04 4.686739384044307788e-01
2.377073680490521656e+04 4.686001991868157246e-01
2.377740741997604346e+04 4.685265312891643275e-01
2.378407803504687399e+04 4.684529346597559041e-01
2.379074865011770453e+04 4.683794092537347797e-01
2.379741926518853143e+04 4.683059550165394880e-01
2.380408988025936196e+04 4.682325719002132236e-01
2.381076049533018886e+04 4.681592598536425398e-01
2.381743111040101576e+04 4.680860188303402891e-01
2.382410172547184629e+04 4.680128487774063983e-01
2.383077234054267683e+04 4.679397496465617645e-01
2.383744295561350373e+04 4.678667213890078114e-01
2.384411357068433426e+04 4.677937639562528283e-01
2.385078418575516480e+04 4.677208772980875340e-01
2.385745480082598806e+04 4.676480613627103655e-01
2.386412541589681859e+04 4.675753161066982799e-01
2.387079603096764913e+04 4.675026414768480576e-01
2.387746664603847603e+04 4.674300374247549739e-01
2.388413726110930656e+04 4.673575039041037438e-01
2.389080787618013710e+04 4.672850408607839845e-01
2.389747849125096036e+04 4.672126482502164668e-01
2.390414910632179090e+04 4.671403260229818888e-01
2.391081972139262143e+04 4.670680741303274708e-01
2.391749033646344833e+04 4.669958925210422329e-01
2.392416095153427887e+04 4.669237811525474013e-01
2.393083156660510940e+04 4.668517399697069137e-01
2.393750218167593630e+04 4.667797689300071107e-01
2.394417279674676320e+04 4.667078679806156982e-01
2.395084341181759373e+04 4.666360370749382813e-01
2.395751402688842063e+04 4.665642761647390557e-01
2.396418464195925117e+04 4.664925852028620756e-01
2.397085525703008170e+04 4.664209641397620287e-01
2.397752587210090860e+04 4.663494129293560553e-01
2.398419648717173550e+04 4.662779315224358512e-01
2.399086710224256603e+04 4.662065198675875433e-01
2.399753771731339293e+04 4.661351779242177140e-01
2.400420833238422347e+04 4.660639056404944913e-01
2.401087894745505400e+04 4.659927029681066868e-01
2.401754956252588090e+04 4.659215698602829914e-01
2.402422017759671144e+04 4.658505062714126677e-01
2.403089079266753834e+04 4.657795121504895719e-01
2.403756140773836523e+04 4.657085874525808133e-01
2.404423202280919577e+04 4.656377321283318715e-01
2.405090263788002630e+04 4.655669461336442994e-01
2.405757325295085320e+04 4.654962294202249495e-01
2.406424386802168374e+04 4.654255819385714199e-01
2.407091448309251064e+04 4.653550036452585026e-01
2.407758509816334117e+04 4.652844944883677281e-01
2.408425571323416807e+04 4.652140544254882437e-01
2.409092632830499861e+04 4.651436834067956272e-01
2.409759694337582550e+04 4.650733813864998956e-01
2.410426755844665604e+04 4.650031483209825511e-01
2.411093817351748658e+04 4.649329841561076759e-01
2.411760878858831347e+04 4.648628888531737835e-01
2.412427940365914037e+04 4.647928623593911013e-01
2.413095001872997091e+04 4.647229046321284529e-01
2.413762063380079780e+04 4.646530156245755605e-01
2.414429124887162834e+04 4.645831952889409866e-01
2.415096186394245888e+04 4.645134435780894910e-01
2.415763247901328577e+04 4.644437604488121929e-01
2.416430309408411267e+04 4.643741458517748888e-01
2.417097370915494321e+04 4.643045997431764493e-01
2.417764432422577374e+04 4.642351220752503060e-01
2.418431493929660064e+04 4.641657128024742618e-01
2.419098555436743118e+04 4.640963718815433459e-01
2.419765616943825808e+04 4.640270992614716206e-01
2.420432678450908497e+04 4.639578948987601592e-01
2.421099739957991551e+04 4.638887587493438769e-01
2.421766801465074604e+04 4.638196907658071466e-01
2.422433862972157294e+04 4.637506909031302027e-01
2.423100924479240348e+04 4.636817591141268458e-01
2.423767985986323038e+04 4.636128953565455957e-01
2.424435047493405727e+04 4.635440995815212628e-01
2.425102109000488781e+04 4.634753717455261657e-01
2.425769170507571835e+04 4.634067118018476705e-01
2.426436232014654524e+04 4.633381197069827984e-01
2.427103293521737578e+04 4.632695954138837946e-01
2.427770355028820632e+04 4.632011388788567219e-01
2.428437416535903321e+04 4.631327500568299671e-01
2.429104478042986011e+04 4.630644289023399529e-01
2.429771539550069065e+04 4.629961753690307047e-01
2.430438601057151755e+04 4.629279894146228758e-01
2.431105662564234808e+04 4.628598709915105469e-01
2.431772724071317862e+04 4.627918200569358653e-01
2.432439785578400551e+04 4.627238365653715824e-01
2.433106847085483241e+04 4.626559204730378294e-01
2.433773908592566295e+04 4.625880717333080150e-01
2.434440970099648985e+04 4.625202903038997948e-01
2.435108031606732038e+04 4.624525761399945201e-01
2.435775093113815092e+04 4.623849291950990481e-01
2.436442154620897782e+04 4.623173494264961048e-01
2.437109216127980835e+04 4.622498367887227233e-01
2.437776277635063525e+04 4.621823912403226209e-01
2.438443339142146215e+04 4.621150127346320136e-01
2.439110400649229268e+04 4.620477012273325190e-01
2.439777462156312322e+04 4.619804566751137265e-01
2.440444523663395012e+04 4.619132790350702900e-01
2.441111585170478065e+04 4.618461682606875285e-01
2.441778646677560755e+04 4.617791243103603893e-01
2.442445708184643445e+04 4.617121471393645371e-01
2.443112769691726498e+04 4.616452367044371341e-01
2.443779831198809552e+04 4.615783929605052349e-01
2.444446892705892242e+04 4.615116158645183320e-01
2.445113954212975295e+04 4.614449053738211015e-01
2.445781015720058349e+04 4.613782614452952013e-01
2.446448077227140675e+04 4.613116840330162560e-01
2.447115138734223729e+04 4.612451730959156171e-01
2.447782200241306782e+04 4.611787285885806664e-01
2.448449261748389472e+04 4.611123504698781406e-01
2.449116323255472525e+04 4.610460386942767386e-01
2.449783384762555579e+04 4.609797932211290306e-01
2.450450446269637905e+04 4.609136140042733309e-01
2.451117507776720959e+04 4.608475010032786479e-01
2.451784569283804012e+04 4.607814541752939252e-01
2.452451630790886702e+04 4.607154734760140480e-01
2.453118692297969756e+04 4.606495588604984648e-01
2.453785753805052809e+04 4.605837102917870185e-01
2.454452815312135499e+04 4.605179277214287992e-01
2.455119876819218189e+04 4.604522111082900437e-01
2.455786938326301242e+04 4.603865604113241972e-01
2.456453999833383932e+04 4.603209755865586006e-01
2.457121061340466986e+04 4.602554565909514062e-01
2.457788122847550039e+04 4.601900033847523552e-01
2.458455184354632729e+04 4.601246159213265297e-01
2.459122245861715419e+04 4.600592941616973297e-01
2.459789307368798472e+04 4.599940380620828884e-01
2.460456368875881162e+04 4.599288475810203169e-01
2.461123430382964216e+04 4.598637226759693664e-01
2.461790491890047269e+04 4.597986633051883154e-01
2.462457553397129959e+04 4.597336694248457256e-01
2.463124614904212649e+04 4.596687409945155456e-01
2.463791676411295703e+04 4.596038779711255073e-01
2.464458737918378392e+04 4.595390803148649006e-01
2.465125799425461446e+04 4.594743479805440400e-01
2.465792860932544500e+04 4.594096809311470353e-01
2.466459922439627189e+04 4.593450791202387529e-01
2.467126983946710243e+04 4.592805425087745919e-01
2.467794045453792933e+04 4.592160710527311562e-01
2.468461106960875986e+04 4.591516647127151241e-01
2.469128168467958676e+04 4.590873234475995046e-01
2.469795229975041730e+04 4.590230472147650564e-01
2.470462291482124419e+04 4.589588359727656552e-01
2.471129352989207473e+04 4.588946896802487685e-01
2.471796414496290163e+04 4.588306082961361443e-01
2.472463476003373216e+04 4.587665917791943770e-01
2.473130537510455906e+04 4.587026400878727594e-01
2.473797599017538960e+04 4.586387531835434128e-01
2.474464660524621650e+04 4.585749310220045283e-01
2.475131722031704703e+04 4.585111735622683371e-01
2.475798783538787757e+04 4.584474807658461271e-01
2.476465845045870446e+04 4.583838525881451798e-01
2.477132906552953136e+04 4.583202889920469647e-01
2.477799968060036190e+04 4.582567899354593743e-01
2.478467029567119243e+04 4.581933553760870192e-01
2.479134091074201933e+04 4.581299852757774183e-01
2.479801152581284987e+04 4.580666795932991087e-01
2.480468214088367677e+04 4.580034382862766540e-01
2.481135275595450366e+04 4.579402613161586699e-01
2.481802337102533420e+04 4.578771486418198311e-01
2.482469398609616474e+04 4.578141002209740185e-01
2.483136460116699163e+04 4.577511160173298732e-01
2.483803521623782217e+04 4.576881959876187844e-01
2.484470583130864907e+04 4.576253400914249148e-01
2.485137644637947596e+04 4.575625482896072960e-01
2.485804706145030650e+04 4.574998205421532127e-01
2.486471767652113704e+04 4.574371568101741059e-01
2.487138829159196393e+04 4.573745570495161838e-01
2.487805890666279447e+04 4.573120212233559578e-01
2.488472952173362501e+04 4.572495492933518757e-01
2.489140013680444827e+04 4.571871412157719194e-01
2.489807075187527880e+04 4.571247969551557877e-01
2.490474136694610934e+04 4.570625164659121165e-01
2.491141198201693624e+04 4.570002997145739543e-01
2.491808259708776677e+04 4.569381466567708494e-01
2.492475321215859731e+04 4.568760572547955201e-01
2.493142382722942421e+04 4.568140314690598558e-01
2.493809444230025110e+04 4.567520692609312594e-01
2.494476505737108164e+04 4.566901705886595719e-01
2.495143567244190854e+04 4.566283354167344211e-01
2.495810628751273907e+04 4.565665637015084433e-01
2.496477690258356961e+04 4.565048554044220941e-01
2.497144751765439651e+04 4.564432104902356735e-01
2.497811813272522340e+04 4.563816289154995487e-01
2.498478874779605394e+04 4.563201106437021481e-01
2.499145936286688084e+04 4.562586556322921760e-01
2.499812997793771137e+04 4.561972638467325369e-01
2.500480059300854191e+04 4.561359352474153028e-01
2.501147120807936881e+04 4.560746697926655324e-01
2.501814182315019934e+04 4.560134674433780066e-01
2.502481243822102624e+04 4.559523281632556491e-01
2.503148305329185314e+04 4.558912519137470198e-01
2.503815366836268367e+04 4.558302386547356533e-01
2.504482428343351421e+04 4.557692883494228187e-01
2.505149489850434111e+04 4.557084009561936377e-01
2.505816551357517164e+04 4.556475764375694792e-01
2.506483612864599854e+04 4.555868147556224601e-01
2.507150674371682544e+04 4.555261158731114257e-01
2.507817735878765598e+04 4.554654797491794471e-01
2.508484797385848651e+04 4.554049063497984107e-01
2.509151858892931341e+04 4.553443956307474116e-01
2.509818920400014395e+04 4.552839475569613326e-01
2.510485981907097448e+04 4.552235620913701042e-01
2.511153043414179774e+04 4.551632391949085310e-01
2.511820104921262828e+04 4.551029788292970113e-01
2.512487166428345881e+04 4.550427809537742063e-01
2.513154227935428571e+04 4.549826455365609257e-01
2.513821289442511625e+04 4.549225725352852856e-01
2.514488350949594678e+04 4.548625619116970498e-01
2.515155412456677004e+04 4.548026136313533807e-01
2.515822473963760058e+04 4.547427276534027341e-01
2.516489535470843111e+04 4.546829039411078854e-01
2.517156596977925801e+04 4.546231424578334734e-01
2.517823658485008855e+04 4.545634431648669649e-01
2.518490719992091908e+04 4.545038060236721855e-01
2.519157781499174598e+04 4.544442310006122088e-01
2.519824843006257288e+04 4.543847180537542996e-01
2.520491904513340342e+04 4.543252671484178662e-01
2.521158966020423031e+04 4.542658782454970789e-01
2.521826027527506085e+04 4.542065513107374497e-01
2.522493089034589138e+04 4.541472863050981523e-01
2.523160150541671828e+04 4.540880831886119351e-01
2.523827212048754518e+04 4.540289419281490768e-01
2.524494273555837572e+04 4.539698624856505771e-01
2.525161335062920261e+04 4.539108448232527793e-01
2.525828396570003315e+04 4.538518889042238991e-01
2.526495458077086369e+04 4.537929946943969339e-01
2.527162519584169058e+04 4.537341621499927924e-01
2.527829581091252112e+04 4.536753912412175849e-01
2.528496642598334802e+04 4.536166819268614425e-01
2.529163704105417492e+04 4.535580341725710674e-01
2.529830765612500545e+04 4.534994479423106739e-01
2.530497827119583599e+04 4.534409231970498722e-01
2.531164888626666288e+04 4.533824599009358414e-01
2.531831950133749342e+04 4.533240580173868994e-01
2.532499011640832032e+04 4.532657175117949522e-01
2.533166073147915085e+04 4.532074383470555135e-01
2.533833134654997775e+04 4.531492204836553017e-01
2.534500196162080829e+04 4.530910638879760977e-01
2.535167257669163519e+04 4.530329685248011828e-01
2.535834319176246572e+04 4.529749343555626306e-01
2.536501380683329626e+04 4.529169613474239853e-01
2.537168442190412316e+04 4.528590494574812331e-01
2.537835503697495005e+04 4.528011986565430580e-01
2.538502565204578059e+04 4.527434089070129786e-01
2.539169626711660749e+04 4.526856801699825072e-01
2.539836688218743802e+04 4.526280124125588999e-01
2.540503749725826856e+04 4.525704055981744078e-01
2.541170811232909546e+04 4.525128596894728572e-01
2.541837872739992235e+04 4.524553746519771047e-01
2.542504934247075289e+04 4.523979504504905269e-01
2.543171995754158343e+04 4.523405870485078251e-01
2.543839057261241032e+04 4.522832844108763961e-01
2.544506118768324086e+04 4.522260425022283648e-01
2.545173180275406776e+04 4.521688612852799438e-01
2.545840241782489466e+04 4.521117407276312727e-01
2.546507303289572519e+04 4.520546807893533470e-01
2.547174364796655573e+04 4.519976814381603258e-01
2.547841426303738263e+04 4.519407426395296024e-01
2.548508487810821316e+04 4.518838643564624946e-01
2.549175549317904006e+04 4.518270465533072988e-01
2.549842610824986696e+04 4.517702891956555389e-01
2.550509672332069749e+04 4.517135922486952837e-01
2.551176733839152803e+04 4.516569556771482530e-01
2.551843795346235493e+04 4.516003794474568456e-01
2.552510856853318546e+04 4.515438635211606599e-01
2.553177918360401600e+04 4.514874078643686950e-01
2.553844979867483926e+04 4.514310124438585814e-01
2.554512041374566979e+04 4.513746772249093708e-01
2.555179102881650033e+04 4.513184021695381132e-01
2.555846164388732723e+04 4.512621872461795580e-01
2.556513225895815776e+04 4.512060324184880566e-01
2.557180287402898830e+04 4.511499376536778905e-01
2.557847348909981520e+04 4.510939029146100454e-01
2.558514410417064209e+04 4.510379281697771137e-01
2.559181471924147263e+04 4.509820133796254016e-01
2.559848533431229953e+04 4.509261585143061746e-01
2.560515594938313006e+04 4.508703635377224739e-01
2.561182656445396060e+04 4.508146284174220364e-01
2.561849717952478750e+04 4.507589531152523254e-01
2.562516779459561440e+04 4.507033375996629676e-01
2.563183840966644493e+04 4.506477818350169695e-01
2.563850902473727183e+04 4.505922857893132072e-01
2.564517963980810237e+04 4.505368494263898294e-01
2.565185025487893290e+04 4.504814727133558128e-01
2.565852086994975980e+04 4.504261556129813271e-01
2.566519148502059033e+04 4.503708980956593888e-01
2.567186210009141723e+04 4.503157001266492876e-01
2.567853271516224413e+04 4.502605616699008051e-01
2.568520333023307467e+04 4.502054826917361585e-01
2.569187394530390520e+04 4.501504631587228134e-01
2.569854456037473210e+04 4.500955030405203727e-01
2.570521517544556264e+04 4.500406022978913345e-01
2.571188579051638953e+04 4.499857609011829740e-01
2.571855640558721643e+04 4.499309788133644128e-01
2.572522702065804697e+04 4.498762560050547643e-01
2.573189763572887750e+04 4.498215924387244380e-01
2.573856825079970440e+04 4.497669880834634371e-01
2.574523886587053494e+04 4.497124429055073258e-01
2.575190948094136547e+04 4.496579568706280394e-01
2.575858009601218873e+04 4.496035299452075806e-01
2.576525071108301927e+04 4.495491620987605019e-01
2.577192132615384980e+04 4.494948532931648533e-01
2.577859194122467670e+04 4.494406034974919861e-01
2.578526255629550724e+04 4.493864126814620663e-01
2.579193317136633777e+04 4.493322808071631425e-01
2.579860378643716103e+04 4.492782078440654692e-01
2.580527440150799157e+04 4.492241937604199986e-01
2.581194501657882211e+04 4.491702385198756420e-01
2.581861563164964900e+04 4.491163420935410100e-01
2.582528624672047954e+04 4.490625044434001234e-01
2.583195686179131008e+04 4.490087255408412026e-01
2.583862747686213697e+04 4.489550053515419248e-01
2.584529809193296387e+04 4.489013438436623704e-01
2.585196870700379441e+04 4.488477409840370136e-01
2.585863932207462130e+04 4.487941967384043163e-01
2.586530993714545184e+04 4.487407110757678508e-01
2.587198055221628238e+04 4.486872839633045396e-01
2.587865116728710927e+04 4.486339153685082737e-01
2.588532178235793617e+04 4.485806052579311420e-01
2.589199239742876671e+04 4.485273536014611762e-01
2.589866301249959361e+04 4.484741603658932152e-01
2.590533362757042414e+04 4.484210255156133584e-01
2.591200424264125468e+04 4.483679490235511489e-01
2.591867485771208158e+04 4.483149308527363264e-01
2.592534547278291211e+04 4.482619709739882330e-01
2.593201608785373901e+04 4.482090693546881832e-01
2.593868670292456954e+04 4.481562259618342425e-01
2.594535731799539644e+04 4.481034407640223649e-01
2.595202793306622698e+04 4.480507137271039220e-01
2.595869854813705388e+04 4.479980448222500300e-01
2.596536916320788441e+04 4.479454340173252835e-01
2.597203977827871131e+04 4.478928812789004787e-01
2.597871039334954185e+04 4.478403865757820679e-01
2.598538100842036874e+04 4.477879498746476505e-01
2.599205162349119928e+04 4.477355711448019471e-01
2.599872223856202618e+04 4.476832503558839105e-01
2.600539285363285671e+04 4.476309874752996687e-01
2.601206346870368725e+04 4.475787824694519301e-01
2.601873408377451415e+04 4.475266353095339600e-01
2.602540469884534104e+04 4.474745459627788580e-01
2.603207531391617158e+04 4.474225143968743601e-01
2.603874592898700212e+04 4.473705405826844950e-01
2.604541654405782901e+04 4.473186244888747165e-01
2.605208715912865955e+04 4.472667660802862044e-01
2.605875777419948645e+04 4.472149653281417003e-01
2.606542838927031335e+04 4.471632222026551418e-01
2.607209900434114388e+04 4.471115366700298410e-01
2.607876961941197442e+04 4.470599086990796334e-01
2.608544023448280132e+04 4.470083382615207546e-01
2.609211084955363185e+04 4.469568253205977171e-01
2.609878146462445875e+04 4.469053698522418294e-01
2.610545207969528565e+04 4.468539718221983814e-01
2.611212269476611618e+04 4.468026311959593100e-01
2.611879330983694672e+04 4.467513479493008255e-01
2.612546392490777362e+04 4.467001220484744239e-01
2.613213453997860415e+04 4.466489534602283151e-01
2.613880515504943469e+04 4.465978421551974331e-01
2.614547577012025795e+04 4.465467881027236907e-01
2.615214638519108848e+04 4.464957912742786861e-01
2.615881700026191902e+04 4.464448516390978616e-01
2.616548761533274592e+04 4.463939691635833706e-01
2.617215823040357645e+04 4.463431438184681244e-01
2.617882884547440699e+04 4.462923755718921637e-01
2.618549946054523389e+04 4.462416643952694661e-01
2.619217007561606079e+04 4.461910102578549586e-01
2.619884069068689132e+04 4.461404131294361974e-01
2.620551130575771822e+04 4.460898729773060123e-01
2.621218192082854875e+04 4.460393897752673031e-01
2.621885253589937929e+04 4.459889634894579902e-01
2.622552315097020619e+04 4.459385940901987033e-01
2.623219376604103309e+04 4.458882815481591266e-01
2.623886438111186362e+04 4.458380258350143621e-01
2.624553499618269052e+04 4.457878269170809649e-01
2.625220561125352106e+04 4.457376847671166153e-01
2.625887622632435159e+04 4.456875993533884195e-01
2.626554684139517849e+04 4.456375706472177067e-01
2.627221745646600903e+04 4.455875986149262502e-01
2.627888807153683592e+04 4.455376832316189639e-01
2.628555868660766282e+04 4.454878244650571917e-01
2.629222930167849336e+04 4.454380222853162041e-01
2.629889991674932389e+04 4.453882766623525891e-01
2.630557053182015079e+04 4.453385875673872563e-01
2.631224114689098133e+04 4.452889549705198458e-01
2.631891176196180822e+04 4.452393788421346588e-01
2.632558237703263512e+04 4.451898591530663585e-01
2.633225299210346566e+04 4.451403958728712973e-01
2.633892360717429619e+04 4.450909889713569600e-01
2.634559422224512309e+04 4.450416384202174891e-01
2.635226483731595363e+04 4.449923441904534704e-01
2.635893545238678416e+04 4.449431062520066149e-01
2.636560606745760742e+04 4.448939245749202742e-01
2.637227668252843796e+04 4.448447991303088878e-01
2.637894729759926850e+04 4.447957298890546363e-01
2.638561791267009539e+04 4.447467168221834188e-01
2.639228852774092593e+04 4.446977598997864378e-01
2.639895914281175646e+04 4.446488590937214269e-01
2.640562975788257972e+04 4.446000143745340583e-01
2.641230037295341026e+04 4.445512257134289769e-01
2.641897098802424080e+04 4.445024930790685280e-01
2.642564160309506769e+04 4.444538164447816575e-01
2.643231221816589823e+04 4.444051957810858933e-01
2.643898283323672877e+04 4.443566310585564394e-01
2.644565344830755203e+04 4.443081222508710737e-01
2.645232406337838256e+04 4.442596693262962915e-01
2.645899467844921310e+04 4.442112722575503048e-01
2.646566529352004000e+04 4.441629310132865216e-01
2.647233590859087053e+04 4.441146455690521133e-01
2.647900652366170107e+04 4.440664158934506944e-01
2.648567713873252796e+04 4.440182419575117723e-01
2.649234775380335486e+04 4.439701237340263340e-01
2.649901836887418540e+04 4.439220611947339301e-01
2.650568898394501230e+04 4.438740543089794710e-01
2.651235959901584283e+04 4.438261030492004489e-01
2.651903021408667337e+04 4.437782073911609171e-01
2.652570082915750027e+04 4.437303672996753545e-01
2.653237144422832716e+04 4.436825827507120956e-01
2.653904205929915770e+04 4.436348537130194725e-01
2.654571267436998460e+04 4.435871801613948673e-01
2.655238328944081513e+04 4.435395620661871097e-01
2.655905390451164567e+04 4.434919993996404575e-01
2.656572451958247257e+04 4.434444921338077106e-01
2.657239513465330310e+04 4.433970402398447197e-01
2.657906574972413000e+04 4.433496436903430205e-01
2.658573636479496054e+04 4.433023024568317760e-01
2.659240697986578743e+04 4.432550165107200790e-01
2.659907759493661797e+04 4.432077858246378788e-01
2.660574821000744487e+04 4.431606103723456647e-01
2.661241882507827540e+04 4.431134901245945001e-01
2.661908944014910230e+04 4.430664250538657312e-01
2.662576005521993284e+04 4.430194151306314776e-01
2.663243067029075974e+04 4.429724603292800045e-01
2.663910128536159027e+04 4.429255606191643824e-01
2.664577190043241717e+04 4.428787159797098472e-01
2.665244251550324771e+04 4.428319263745764123e-01
2.665911313057407824e+04 4.427851917825192385e-01
2.666578374564490514e+04 4.427385121726823414e-01
2.667245436071573204e+04 4.426918875183720736e-01
2.667912497578656257e+04 4.426453177917815673e-01
2.668579559085739311e+04 4.425988029663248668e-01
2.669246620592822001e+04 4.425523430150888893e-01
2.669913682099905054e+04 4.425059379090439116e-01
2.670580743606987744e+04 4.424595876225421165e-01
2.671247805114070434e+04 4.424132921284656961e-01
2.671914866621153487e+04 4.423670513974672924e-01
2.672581928128236541e+04 4.423208654049154420e-01
2.673248989635319231e+04 4.422747341222705852e-01
2.673916051142402284e+04 4.422286575206150760e-01
2.674583112649484974e+04 4.421826355761083183e-01
2.675250174156567664e+04 4.421366682605264997e-01
2.675917235663650717e+04 4.420907555460334981e-01
2.676584297170733771e+04 4.420448974072621051e-01
2.677251358677816461e+04 4.419990938155752835e-01
2.677918420184899514e+04 4.419533447459252362e-01
2.678585481691982568e+04 4.419076501709364169e-01
2.679252543199064894e+04 4.418620100641572068e-01
2.679919604706147948e+04 4.418164243962915405e-01
2.680586666213231001e+04 4.417708931434404795e-01
2.681253727720313691e+04 4.417254162774528203e-01
2.681920789227396745e+04 4.416799937733673076e-01
2.682587850734479798e+04 4.416346256033482631e-01
2.683254912241562488e+04 4.415893117400122025e-01
2.683921973748645178e+04 4.415440521577332356e-01
2.684589035255728231e+04 4.414988468321139892e-01
2.685256096762810921e+04 4.414536957341518297e-01
2.685923158269893975e+04 4.414085988371218572e-01
2.686590219776977028e+04 4.413635561158373299e-01
2.687257281284059718e+04 4.413185675434224131e-01
2.687924342791142408e+04 4.412736330936998241e-01
2.688591404298225461e+04 4.412287527419959665e-01
2.689258465805308151e+04 4.411839264597081645e-01
2.689925527312391205e+04 4.411391542237476093e-01
2.690592588819474258e+04 4.410944360019242727e-01
2.691259650326556948e+04 4.410497717759925829e-01
2.691926711833640002e+04 4.410051615150167303e-01
2.692593773340722692e+04 4.409606051913108060e-01
2.693260834847805381e+04 4.409161027841700942e-01
2.693927896354888435e+04 4.408716542645744751e-01
2.694594957861971488e+04 4.408272596086410533e-01
2.695262019369054178e+04 4.407829187857879583e-01
2.695929080876137232e+04 4.407386317767237882e-01
2.696596142383219922e+04 4.406943985509907957e-01
2.697263203890302611e+04 4.406502190837933708e-01
2.697930265397385665e+04 4.406060933505465682e-01
2.698597326904468719e+04 4.405620213242026351e-01
2.699264388411551408e+04 4.405180029789223517e-01
2.699931449918634462e+04 4.404740382917664010e-01
2.700598511425717516e+04 4.404301272336311190e-01
2.701265572932799842e+04 4.403862697818419769e-01
2.701932634439882895e+04 4.403424659101791705e-01
2.702599695946965949e+04 4.402987155932063246e-01
2.703266757454048638e+04 4.402550188043752311e-01
2.703933818961131692e+04 4.402113755180409038e-01
2.704600880468214746e+04 4.401677857100533275e-01
2.705267941975297072e+04 4.401242493558588653e-01
2.705935003482380125e+04 4.400807664280855791e-01
2.706602064989463179e+04 4.400373369033845350e-01
2.707269126496545869e+04 4.399939607562274313e-01
2.707936188003628922e+04 4.399506379599602557e-01
2.708603249510711976e+04 4.399073684917644278e-01
2.709270311017794666e+04 4.398641523258683961e-01
2.709937372524877355e+04 4.398209894360013417e-01
2.710604434031960409e+04 4.397778797986485744e-01
2.711271495539043099e+04 4.397348233863520028e-01
2.711938557046126152e+04 4.396918201782070157e-01
2.712605618553209206e+04 4.396488701446938374e-01
2.713272680060291896e+04 4.396059732652774499e-01
2.713939741567374585e+04 4.395631295109478920e-01
2.714606803074457639e+04 4.395203388609484341e-01
2.715273864581540329e+04 4.394776012875677429e-01
2.715940926088623382e+04 4.394349167688192392e-01
2.716607987595706436e+04 4.393922852770072440e-01
2.717275049102789126e+04 4.393497067900333786e-01
2.717942110609872179e+04 4.393071812825283251e-01
2.718609172116954869e+04 4.392647087290951213e-01
2.719276233624037559e+04 4.392222891056833944e-01
2.719943295131120612e+04 4.391799223870315738e-01
2.720610356638203666e+04 4.391376085511931038e-01
2.721277418145286356e+04 4.390953475704031383e-01
2.721944479652369409e+04 4.390531394231763085e-01
2.722611541159452099e+04 4.390109840844247380e-01
2.723278602666535153e+04 4.389688815280703427e-01
2.723945664173617843e+04 4.389268317318522628e-01
2.724612725680700896e+04 4.388848346698160374e-01
2.725279787187783586e+04 4.388428903192307384e-01
2.725946848694866640e+04 4.388009986571484999e-01
2.726613910201949693e+04 4.387591596553834239e-01
2.727280971709032383e+04 4.387173732938703385e-01
2.727948033216115073e+04 4.386756395472745096e-01
2.728615094723198126e+04 4.386339583890611071e-01
2.729282156230280816e+04 4.385923297984383185e-01
2.729949217737363870e+04 4.385507537514118925e-01
2.730616279244446923e+04 4.385092302203406622e-01
2.731283340751529613e+04 4.384677591871475877e-01
2.731950402258612303e+04 4.384263406240446748e-01
2.732617463765695356e+04 4.383849745082088467e-01
2.733284525272778410e+04 4.383436608151715652e-01
2.733951586779861100e+04 4.383023995215624691e-01
2.734618648286944153e+04 4.382611906052705786e-01
2.735285709794026843e+04 4.382200340395212002e-01
2.735952771301109533e+04 4.381789298051296244e-01
2.736619832808192587e+04 4.381378778736996216e-01
2.737286894315275640e+04 4.380968782248000903e-01
2.737953955822358330e+04 4.380559308334628366e-01
2.738621017329441383e+04 4.380150356752260388e-01
2.739288078836524073e+04 4.379741927303519855e-01
2.739955140343606763e+04 4.379334019720994009e-01
2.740622201850689817e+04 4.378926633794723577e-01
2.741289263357772870e+04 4.378519769264582195e-01
2.741956324864855560e+04 4.378113425919340496e-01
2.742623386371938614e+04 4.377707603516025059e-01
2.743290447879021667e+04 4.377302301822428854e-01
2.743957509386104357e+04 4.376897520595430802e-01
2.744624570893187411e+04 4.376493259651212941e-01
2.745291632400270100e+04 4.376089518682220181e-01
2.745958693907353154e+04 4.375686297517294432e-01
2.746625755414435480e+04 4.375283595911534928e-01
2.747292816921518533e+04 4.374881413636879102e-01
2.747959878428601223e+04 4.374479750457090366e-01
2.748626939935684277e+04 4.374078606121297730e-01
2.749294001442767330e+04 4.373677980441252888e-01
2.749961062949850020e+04 4.373277873163126661e-01
2.750628124456933074e+04 4.372878284058184239e-01
2.751295185964016127e+04 4.372479212926504433e-01
2.751962247471098817e+04 4.372080659489733234e-01
2.752629308978181871e+04 4.371682623550368074e-01
2.753296370485264924e+04 4.371285104893044560e-01
2.753963431992347614e+04 4.370888103275786252e-01
2.754630493499430668e+04 4.370491618473903994e-01
2.755297555006512994e+04 4.370095650248098096e-01
2.755964616513595684e+04 4.369700198400331970e-01
2.756631678020678737e+04 4.369305262675853840e-01
2.757298739527761791e+04 4.368910842887441248e-01
2.757965801034844480e+04 4.368516938765115709e-01
2.758632862541927534e+04 4.368123550117427034e-01
2.759299924049010588e+04 4.367730676709454807e-01
2.759966985556093277e+04 4.367338318308733869e-01
2.760634047063176331e+04 4.366946474711181914e-01
2.761301108570259385e+04 4.366555145671464078e-01
2.761968170077342074e+04 4.366164330994347087e-01
2.762635231584425128e+04 4.365774030455510379e-01
2.763302293091508182e+04 4.365384243777580275e-01
2.763969354598590508e+04 4.364994970808411812e-01
2.764636416105673197e+04 4.364606211301200189e-01
2.765303477612756251e+04 4.364217965016701783e-01
2.765970539119838941e+04 4.363830231759538991e-01
2.766637600626921994e+04 4.363443011307250319e-01
2.767304662134005048e+04 4.363056303432701344e-01
2.767971723641087738e+04 4.362670107924661034e-01
2.768638785148170791e+04 4.362284424536636007e-01
2.769305846655253845e+04 4.361899253079045691e-01
2.769972908162336535e+04 4.361514593326004108e-01
2.770639969669419588e+04 4.361130445044529846e-01
2.771307031176502642e+04 4.360746808048780454e-01
2.771974092683585332e+04 4.360363682083951975e-01
2.772641154190667658e+04 4.359981066958391049e-01
2.773308215697750711e+04 4.359598962442869929e-01
2.773975277204833765e+04 4.359217368336872345e-01
2.774642338711916454e+04 4.358836284414197015e-01
2.775309400218999508e+04 4.358455710444185671e-01
2.775976461726082198e+04 4.358075646234626510e-01
2.776643523233165251e+04 4.357696091563891816e-01
2.777310584740248305e+04 4.357317046203245670e-01
2.777977646247330995e+04 4.356938509946779448e-01
2.778644707754414048e+04 4.356560482578346605e-01
2.779311769261497102e+04 4.356182963903253436e-01
2.779978830768579792e+04 4.355805953698943522e-01
2.780645892275662118e+04 4.355429451717952039e-01
2.781312953782745171e+04 4.355053457787995685e-01
2.781980015289828225e+04 4.354677971703225792e-01
2.782647076796910915e+04 4.354302993210059092e-01
2.783314138303993968e+04 4.353928522139433044e-01
2.783981199811077022e+04 4.353554558231944038e-01
2.784648261318159712e+04 4.353181101325399038e-01
2.785315322825242765e+04 4.352808151167875117e-01
2.785982384332325455e+04 4.352435707576153834e-01
2.786649445839408509e+04 4.352063770346930038e-01
2.787316507346491562e+04 4.351692339252852815e-01
2.787983568853574252e+04 4.351321414075060567e-01
2.788650630360657306e+04 4.350950994633973057e-01
2.789317691867739632e+04 4.350581080678708745e-01
2.789984753374822685e+04 4.350211672043014510e-01
2.790651814881905375e+04 4.349842768491816170e-01
2.791318876388988429e+04 4.349474369835826804e-01
2.791985937896071482e+04 4.349106475849181530e-01
2.792652999403154172e+04 4.348739086341371074e-01
2.793320060910237225e+04 4.348372201106009416e-01
2.793987122417320279e+04 4.348005819903363878e-01
2.794654183924402969e+04 4.347639942563581994e-01
2.795321245431486022e+04 4.347274568884137436e-01
2.795988306938568712e+04 4.346909698622141160e-01
2.796655368445651766e+04 4.346545331617031049e-01
2.797322429952734819e+04 4.346181467622058925e-01
2.797989491459817145e+04 4.345818106482480236e-01
2.798656552966899835e+04 4.345455247928500242e-01
2.799323614473982889e+04 4.345092891787065703e-01
2.799990675981065942e+04 4.344731037887124003e-01
2.800657737488148632e+04 4.344369685995069230e-01
2.801324798995231686e+04 4.344008835893515275e-01
2.801991860502314739e+04 4.343648487398548141e-01
2.802658922009397429e+04 4.343288640317007898e-01
2.803325983516480483e+04 4.342929294440117660e-01
2.803993045023563536e+04 4.342570449550244849e-01
2.804660106530646226e+04 4.342212105468676309e-01
2.805327168037729280e+04 4.341854261972927786e-01
2.805994229544811969e+04 4.341496918880818345e-01
2.806661291051894295e+04 4.341140075960427391e-01
2.807328352558977349e+04 4.340783733061788774e-01
2.807995414066060403e+04 4.340427889939122430e-01
2.808662475573143092e+04 4.340072546430355782e-01
2.809329537080226146e+04 4.339717702319578763e-01
2.809996598587309200e+04 4.339363357394975806e-01
2.810663660094391889e+04 4.339009511473962410e-01
2.811330721601474943e+04 4.338656164342431509e-01
2.811997783108557996e+04 4.338303315834424190e-01
2.812664844615640686e+04 4.337950965718211926e-01
2.813331906122723740e+04 4.337599113820772567e-01
2.813998967629806793e+04 4.337247759929255819e-01
2.814666029136889483e+04 4.336896903851694685e-01
2.815333090643971809e+04 4.336546545406763653e-01
2.816000152151054863e+04 4.336196684367170096e-01
2.816667213658137553e+04 4.335847320551319828e-01
2.817334275165220606e+04 4.335498453784856765e-01
2.818001336672303660e+04 4.335150083835658252e-01
2.818668398179386350e+04 4.334802210546874757e-01
2.819335459686469403e+04 4.334454833731998802e-01
2.820002521193552457e+04 4.334107953119808454e-01
2.820669582700635146e+04 4.333761568599480141e-01
2.821336644207718200e+04 4.333415679933121933e-01
2.822003705714801254e+04 4.333070286960273854e-01
2.822670767221883943e+04 4.332725389455702736e-01
2.823337828728966997e+04 4.332380987228186542e-01
2.824004890236049323e+04 4.332037080116347139e-01
2.824671951743132013e+04 4.331693667910143652e-01
2.825339013250215066e+04 4.331350750404406313e-01
2.826006074757298120e+04 4.331008327422874449e-01
2.826673136264380810e+04 4.330666398795514072e-01
2.827340197771463863e+04 4.330324964267946442e-01
2.828007259278546917e+04 4.329984023723799647e-01
2.828674320785629607e+04 4.329643576933052684e-01
2.829341382292712660e+04 4.329303623697437486e-01
2.830008443799795714e+04 4.328964163879926996e-01
2.830675505306878404e+04 4.328625197237547795e-01
2.831342566813961457e+04 4.328286723613209430e-01
2.832009628321044511e+04 4.327948742772693147e-01
2.832676689828126837e+04 4.327611254571175903e-01
2.833343751335209527e+04 4.327274258815304031e-01
2.834010812842292580e+04 4.326937755326700774e-01
2.834677874349375270e+04 4.326601743883206619e-01
2.835344935856458324e+04 4.326266224335546529e-01
2.836011997363541377e+04 4.325931196459428807e-01
2.836679058870624067e+04 4.325596660094558343e-01
2.837346120377707120e+04 4.325262615055898152e-01
2.838013181884790174e+04 4.324929061173963252e-01
2.838680243391872864e+04 4.324595998207795833e-01
2.839347304898955917e+04 4.324263426033291835e-01
2.840014366406038971e+04 4.323931344403734722e-01
2.840681427913121661e+04 4.323599753199912077e-01
2.841348489420203987e+04 4.323268652209795726e-01
2.842015550927287040e+04 4.322938041216617400e-01
2.842682612434370094e+04 4.322607920106869006e-01
2.843349673941452784e+04 4.322278288618168762e-01
2.844016735448535837e+04 4.321949146646239526e-01
2.844683796955618527e+04 4.321620493946691788e-01
2.845350858462701581e+04 4.321292330369093104e-01
2.846017919969784634e+04 4.320964655722531189e-01
2.846684981476867324e+04 4.320637469827346977e-01
2.847352042983950378e+04 4.320310772497721885e-01
2.848019104491033431e+04 4.319984563562030422e-01
2.848686165998116121e+04 4.319658842827707734e-01
2.849353227505199175e+04 4.319333610144278079e-01
2.850020289012281501e+04 4.319008865270685393e-01
2.850687350519364554e+04 4.318684608083209753e-01
2.851354412026447244e+04 4.318360838384628919e-01
2.852021473533530298e+04 4.318037555986672937e-01
2.852688535040613351e+04 4.317714760735602564e-01
2.853355596547696041e+04 4.317392452419233639e-01
2.854022658054779095e+04 4.317070630878919735e-01
2.854689719561861784e+04 4.316749295938442366e-01
2.855356781068944838e+04 4.316428447415094904e-01
2.856023842576027891e+04 4.316108085132174810e-01
2.856690904083110581e+04 4.315788208920210423e-01
2.857357965590193635e+04 4.315468818577946064e-01
2.858025027097276688e+04 4.315149913944756888e-01
2.858692088604359014e+04 4.314831494852899296e-01
2.859359150111441704e+04 4.314513561132272135e-01
2.860026211618524758e+04 4.314196112573005504e-01
2.860693273125607811e+04 4.313879149044986261e-01
2.861360334632690501e+04 4.313562670333552784e-01
2.862027396139773555e+04 4.313246676301150107e-01
2.862694457646856608e+04 4.312931166716723053e-01
2.863361519153939298e+04 4.312616141464969410e-01
2.864028580661022352e+04 4.312301600343871333e-01
2.864695642168105041e+04 4.311987543192455363e-01
2.865362703675188095e+04 4.311673969816381957e-01
2.866029765182271149e+04 4.311360880061824163e-01
2.866696826689353838e+04 4.311048273745567427e-01
2.867363888196436164e+04 4.310736150712349835e-01
2.868030949703519218e+04 4.310424510782719376e-01
2.868698011210602272e+04 4.310113353757695775e-01
2.869365072717684961e+04 4.309802679516104296e-01
2.870032134224768015e+04 4.309492487843505359e-01
2.870699195731851069e+04 4.309182778592021146e-01
2.871366257238933758e+04 4.308873551585158390e-01
2.872033318746016812e+04 4.308564806643689349e-01
2.872700380253099866e+04 4.308256543622390744e-01
2.873367441760182555e+04 4.307948762335973569e-01
2.874034503267265609e+04 4.307641462602623816e-01
2.874701564774348299e+04 4.307334644270876534e-01
2.875368626281431352e+04 4.307028307182473870e-01
2.876035687788513678e+04 4.306722451151893671e-01
2.876702749295596732e+04 4.306417075962372665e-01
2.877369810802679422e+04 4.306112181549780482e-01
2.878036872309762475e+04 4.305807767693148325e-01
2.878703933816845529e+04 4.305503834212419112e-01
2.879370995323928219e+04 4.305200380948002725e-01
2.880038056831011272e+04 4.304897407754422756e-01
2.880705118338094326e+04 4.304594914437783748e-01
2.881372179845177016e+04 4.304292900828515234e-01
2.882039241352260069e+04 4.303991366804149066e-01
2.882706302859343123e+04 4.303690312172711585e-01
2.883373364366425812e+04 4.303389736746062177e-01
2.884040425873508866e+04 4.303089640402822380e-01
2.884707487380591192e+04 4.302790022951166748e-01
2.885374548887673882e+04 4.302490884221076839e-01
2.886041610394756935e+04 4.302192224068202564e-01
2.886708671901839989e+04 4.301894042332603529e-01
2.887375733408922679e+04 4.301596338822445964e-01
2.888042794916005732e+04 4.301299113401175211e-01
2.888709856423088786e+04 4.301002365890609358e-01
2.889376917930171476e+04 4.300706096138917633e-01
2.890043979437254529e+04 4.300410303970961801e-01
2.890711040944337583e+04 4.300114989234753438e-01
2.891378102451420273e+04 4.299820151769228604e-01
2.892045163958503326e+04 4.299525791412600051e-01
2.892712225465586380e+04 4.299231907993896207e-01
2.893379286972668706e+04 4.298938501366960097e-01
2.894046348479751396e+04 4.298645571361267570e-01
2.894713409986834449e+04 4.298353117814489033e-01
2.895380471493917139e+04 4.298061140586302287e-01
2.896047533001000193e+04 4.297769639475557679e-01
2.896714594508083246e+04 4.297478614372536865e-01
2.897381656015165936e+04 4.297188065089115327e-01
2.898048717522248990e+04 4.296897991480770895e-01
2.898715779029332043e+04 4.296608393357875810e-01
2.899382840536414733e+04 4.296319270612208308e-01
2.900049902043497787e+04 4.296030623032184859e-01
2.900716963550580840e+04 4.295742450498987730e-01
2.901384025057663530e+04 4.295454752860543568e-01
2.902051086564745856e+04 4.295167529930448147e-01
2.902718148071828909e+04 4.294880781565934003e-01
2.903385209578911963e+04 4.294594507593833543e-01
2.904052271085994653e+04 4.294308707875214570e-01
2.904719332593077706e+04 4.294023382278265299e-01
2.905386394100160396e+04 4.293738530587072333e-01
2.906053455607243450e+04 4.293454152682160685e-01
2.906720517114326503e+04 4.293170248421767088e-01
2.907387578621409193e+04 4.292886817627881157e-01
2.908054640128492247e+04 4.292603860147077843e-01
2.908721701635575300e+04 4.292321375845139508e-01
2.909388763142657990e+04 4.292039364544966706e-01
2.910055824649741044e+04 4.291757826122353237e-01
2.910722886156823370e+04 4.291476760380252831e-01
2.911389947663906423e+04 4.291196167206399181e-01
2.912057009170989113e+04 4.290916046406406115e-01
2.912724070678072167e+04 4.290636397863648588e-01
2.913391132185155220e+04 4.290357221431160828e-01
2.914058193692237910e+04 4.290078516924739627e-01
2.914725255199320964e+04 4.289800284213200476e-01
2.915392316706403653e+04 4.289522523137661580e-01
2.916059378213486707e+04 4.289245233544423108e-01
2.916726439720569761e+04 4.288968415297916836e-01
2.917393501227652450e+04 4.288692068230070542e-01
2.918060562734735504e+04 4.288416192192629484e-01
2.918727624241818557e+04 4.288140787055843561e-01
2.919394685748900883e+04 4.287865852646471354e-01
2.920061747255983573e+04 4.287591388828952965e-01
2.920728808763066627e+04 4.287317395439322887e-01
2.921395870270149680e+04 4.287043872341791961e-01
2.922062931777232370e+04 4.286770819401583554e-01
2.922729993284315424e+04 4.286498236421755759e-01
2.923397054791398477e+04 4.286226123325793114e-01
2.924064116298481167e+04 4.285954479873389511e-01
2.924731177805564221e+04 4.285683306006415894e-01
2.925398239312646911e+04 4.285412601543806543e-01
2.926065300819729964e+04 4.285142366310102924e-01
2.926732362326813018e+04 4.284872600195382963e-01
2.927399423833895708e+04 4.284603303051550127e-01
2.928066485340978033e+04 4.284334474720857266e-01
2.928733546848061087e+04 4.284066115041096912e-01
2.929400608355144141e+04 4.283798223904098368e-01
2.930067669862226830e+04 4.283530801136457566e-01
2.930734731369309884e+04 4.283263846602289870e-01
2.931401792876392938e+04 4.282997360153746880e-01
2.932068854383475627e+04 4.282731341671321967e-01
2.932735915890558681e+04 4.282465790967117103e-01
2.933402977397641735e+04 4.282200707936780759e-01
2.934070038904724424e+04 4.281936092407011563e-01
2.934737100411807478e+04 4.281671944248371386e-01
2.935404161918890168e+04 4.281408263301091366e-01
2.936071223425973221e+04 4.281145049462153906e-01
2.936738284933055547e+04 4.280882302548636997e-01
2.937405346440138601e+04 4.280620022430051130e-01
2.938072407947221291e+04 4.280358208985575730e-01
2.938739469454304344e+04 4.280096862041317674e-01
2.939406530961387398e+04 4.279835981484640950e-01
2.940073592468470088e+04 4.279575567147725912e-01
2.940740653975553141e+04 4.279315618914857344e-01
2.941407715482636195e+04 4.279056136625013496e-01
2.942074776989718885e+04 4.278797120146666244e-01
2.942741838496801938e+04 4.278538569343182663e-01
2.943408900003884992e+04 4.278280484065992706e-01
2.944075961510967682e+04 4.278022864189542918e-01
2.944743023018050735e+04 4.277765709546998418e-01
2.945410084525133061e+04 4.277509020045934252e-01
2.946077146032215751e+04 4.277252795510127492e-01
2.946744207539298804e+04 4.276997035791747503e-01
2.947411269046381858e+04 4.276741740798619129e-01
2.948078330553464548e+04 4.276486910342562342e-01
2.948745392060547601e+04 4.276232544328851803e-01
2.949412453567630655e+04 4.275978642578493472e-01
2.950079515074713345e+04 4.275725204986398076e-01
2.950746576581796398e+04 4.275472231426547531e-01
2.951413638088879452e+04 4.275219721721620902e-01
2.952080699595962142e+04 4.274967675745411366e-01
2.952747761103045195e+04 4.274716093392331162e-01
2.953414822610128249e+04 4.274464974494552316e-01
2.954081884117210575e+04 4.274214318945281366e-01
2.954748945624293265e+04 4.273964126566919264e-01
2.955416007131376318e+04 4.273714397263409515e-01
2.956083068638459008e+04 4.273465130887252883e-01
2.956750130145542062e+04 4.273216327308329010e-01
2.957417191652625115e+04 4.272967986379980765e-01
2.958084253159707805e+04 4.272720107993302485e-01
2.958751314666790859e+04 4.272472691993485783e-01
2.959418376173873912e+04 4.272225738232000025e-01
2.960085437680956602e+04 4.271979246617258474e-01
2.960752499188039656e+04 4.271733216988846671e-01
2.961419560695122709e+04 4.271487649220400140e-01
2.962086622202205035e+04 4.271242543161429817e-01
2.962753683709287725e+04 4.270997898731937470e-01
2.963420745216370779e+04 4.270753715740451262e-01
2.964087806723453832e+04 4.270509994101602813e-01
2.964754868230536522e+04 4.270266733642871793e-01
2.965421929737619575e+04 4.270023934270851251e-01
2.966088991244702265e+04 4.269781595832662924e-01
2.966756052751785319e+04 4.269539718216279756e-01
2.967423114258868372e+04 4.269298301254150774e-01
2.968090175765951062e+04 4.269057344869437443e-01
2.968757237273034116e+04 4.268816848899595895e-01
2.969424298780117169e+04 4.268576813201565567e-01
2.970091360287199859e+04 4.268337237688251684e-01
2.970758421794282185e+04 4.268098122196644639e-01
2.971425483301365239e+04 4.267859466623123987e-01
2.972092544808448292e+04 4.267621270817298362e-01
2.972759606315530982e+04 4.267383534656662425e-01
2.973426667822614036e+04 4.267146258024552274e-01
2.974093729329697089e+04 4.266909440779415030e-01
2.974760790836779779e+04 4.266673082811454076e-01
2.975427852343862833e+04 4.266437183968814217e-01
2.976094913850945522e+04 4.266201744155986297e-01
2.976761975358028576e+04 4.265966763226735625e-01
2.977429036865111630e+04 4.265732241056551244e-01
2.978096098372194319e+04 4.265498177503195820e-01
2.978763159879277373e+04 4.265264572484891992e-01
2.979430221386359699e+04 4.265031425851521507e-01
2.980097282893442753e+04 4.264798737464712830e-01
2.980764344400525442e+04 4.264566507209984758e-01
2.981431405907608496e+04 4.264334734968375784e-01
2.982098467414691549e+04 4.264103420604622441e-01
2.982765528921774239e+04 4.263872564013657107e-01
2.983432590428857293e+04 4.263642165074516543e-01
2.984099651935940346e+04 4.263412223627014996e-01
2.984766713443023036e+04 4.263182739582221381e-01
2.985433774950106090e+04 4.262953712807870943e-01
2.986100836457188780e+04 4.262725143171514630e-01
2.986767897964271833e+04 4.262497030548662025e-01
2.987434959471354887e+04 4.262269374840155223e-01
2.988102020978437213e+04 4.262042175925632725e-01
2.988769082485519903e+04 4.261815433637929362e-01
2.989436143992602956e+04 4.261589147916205467e-01
2.990103205499686010e+04 4.261363318579901582e-01
2.990770267006768700e+04 4.261137945552783135e-01
2.991437328513851753e+04 4.260913028706782568e-01
2.992104390020934807e+04 4.260688567919080350e-01
2.992771451528017496e+04 4.260464563034895291e-01
2.993438513035100550e+04 4.260241013995083037e-01
2.994105574542183604e+04 4.260017920636748889e-01
2.994772636049266293e+04 4.259795282859956678e-01
2.995439697556349347e+04 4.259573100523514899e-01
2.996106759063432037e+04 4.259351373548381225e-01
2.996773820570514363e+04 4.259130101762589327e-01
2.997440882077597416e+04 4.258909285103246178e-01
2.998107943584680470e+04 4.258688923404724269e-01
2.998775005091763160e+04 4.258469016602580148e-01
2.999442066598846213e+04 4.258249564506862428e-01
3.000109128105929267e+04 4.258030567059706284e-01
3.000776189613011957e+04 4.257812024125420258e-01
3.001443251120095010e+04 4.257593935586129752e-01
3.002110312627178064e+04 4.257376301327444601e-01
3.002777374134260754e+04 4.257159121233710652e-01
3.003444435641343807e+04 4.256942395192240269e-01
3.004111497148426861e+04 4.256726123079748181e-01
3.004778558655509551e+04 4.256510304773120645e-01
3.005445620162591877e+04 4.256294940182863140e-01
3.006112681669674930e+04 4.256080029157982558e-01
3.006779743176757620e+04 4.255865571630771949e-01
3.007446804683840674e+04 4.255651567447416572e-01
3.008113866190923727e+04 4.255438016504818899e-01
3.008780927698006417e+04 4.255224918698759518e-01
3.009447989205089470e+04 4.255012273911079612e-01
3.010115050712172524e+04 4.254800082022506258e-01
3.010782112219255214e+04 4.254588342927341782e-01
3.011449173726338267e+04 4.254377056502380294e-01
3.012116235233421321e+04 4.254166222636329153e-01
3.012783296740504011e+04 4.253955841224228429e-01
3.013450358247587064e+04 4.253745912160820097e-01
3.014117419754669390e+04 4.253536435325477871e-01
3.014784481261752080e+04 4.253327410584245571e-01
3.015451542768835134e+04 4.253118837878215319e-01
3.016118604275918187e+04 4.252910717044794953e-01
3.016785665783000877e+04 4.252703048006364339e-01
3.017452727290083931e+04 4.252495830628844065e-01
3.018119788797166984e+04 4.252289064832951992e-01
3.018786850304249674e+04 4.252082750473304973e-01
3.019453911811332728e+04 4.251876887460218635e-01
3.020120973318415781e+04 4.251671475682570200e-01
3.020788034825498471e+04 4.251466515012971015e-01
3.021455096332581525e+04 4.251262005364517260e-01
3.022122157839664578e+04 4.251057946639619778e-01
3.022789219346746904e+04 4.250854338698459856e-01
3.023456280853829594e+04 4.250651181454695449e-01
3.024123342360912648e+04 4.250448474761549522e-01
3.024790403867995337e+04 4.250246218569496137e-01
3.025457465375078391e+04 4.250044412736221910e-01
3.026124526882161445e+04 4.249843057156817983e-01
3.026791588389244134e+04 4.249642151740599672e-01
3.027458649896327188e+04 4.249441696354053777e-01
3.028125711403410241e+04 4.249241690907773483e-01
3.028792772910492931e+04 4.249042135301369649e-01
3.029459834417575985e+04 4.248843029436006336e-01
3.030126895924659038e+04 4.248644373161233334e-01
3.030793957431741728e+04 4.248446166407377489e-01
3.031461018938824054e+04 4.248248409071539444e-01
3.032128080445907108e+04 4.248051101043470723e-01
3.032795141952990161e+04 4.247854242189212370e-01
3.033462203460072851e+04 4.247657832463500593e-01
3.034129264967155905e+04 4.247461871701460057e-01
3.034796326474238595e+04 4.247266359841719852e-01
3.035463387981321648e+04 4.247071296765478343e-01
3.036130449488404702e+04 4.246876682360216648e-01
3.036797510995487391e+04 4.246682516532930274e-01
3.037464572502570445e+04 4.246488799184242602e-01
3.038131634009653499e+04 4.246295530188003986e-01
3.038798695516736188e+04 4.246102709475220727e-01
3.039465757023819242e+04 4.245910336931142393e-01
3.040132818530901568e+04 4.245718412457613056e-01
3.040799880037984622e+04 4.245526935921117850e-01
3.041466941545067311e+04 4.245335907272766440e-01
3.042134003052150365e+04 4.245145326357618321e-01
3.042801064559233419e+04 4.244955193105940383e-01
3.043468126066316108e+04 4.244765507418059025e-01
3.044135187573399162e+04 4.244576269181160044e-01
3.044802249080482216e+04 4.244387478315980733e-01
3.045469310587564905e+04 4.244199134714240484e-01
3.046136372094647959e+04 4.244011238223574511e-01
3.046803433601730649e+04 4.243823788828887666e-01
3.047470495108813702e+04 4.243636786387078308e-01
3.048137556615896756e+04 4.243450230801314449e-01
3.048804618122979082e+04 4.243264121962999624e-01
3.049471679630061772e+04 4.243078459796510993e-01
3.050138741137144825e+04 4.242893244201290659e-01
3.050805802644227879e+04 4.242708475073926344e-01
3.051472864151310569e+04 4.242524152289889328e-01
3.052139925658393622e+04 4.242340275793849980e-01
3.052806987165476676e+04 4.242156845462187187e-01
3.053474048672559366e+04 4.241973861224869746e-01
3.054141110179642419e+04 4.241791322950698162e-01
3.054808171686725473e+04 4.241609230562471411e-01
3.055475233193808162e+04 4.241427583963356951e-01
3.056142294700891216e+04 4.241246383044831036e-01
3.056809356207973906e+04 4.241065627729042609e-01
3.057476417715056232e+04 4.240885317915518704e-01
3.058143479222139285e+04 4.240705453497992661e-01
3.058810540729222339e+04 4.240526034380298626e-01
3.059477602236305029e+04 4.240347060487978381e-01
3.060144663743388082e+04 4.240168531718246370e-01
3.060811725250471136e+04 4.239990447967126319e-01
3.061478786757553826e+04 4.239812809122235349e-01
3.062145848264636879e+04 4.239635615165937010e-01
3.062812909771719933e+04 4.239458865923698694e-01
3.063479971278802623e+04 4.239282561319733245e-01
3.064147032785885676e+04 4.239106701301040281e-01
3.064814094292968730e+04 4.238931285724785170e-01
3.065481155800051420e+04 4.238756314534386505e-01
3.066148217307133746e+04 4.238581787605819606e-01
3.066815278814216799e+04 4.238407704869524006e-01
3.067482340321299489e+04 4.238234066221092111e-01
3.068149401828382543e+04 4.238060871590417777e-01
3.068816463335465596e+04 4.237888120846149409e-01
3.069483524842548286e+04 4.237715813956043909e-01
3.070150586349631340e+04 4.237543950790272906e-01
3.070817647856714393e+04 4.237372531241390128e-01
3.071484709363797083e+04 4.237201555260226016e-01
3.072151770870880136e+04 4.237031022728960372e-01
3.072818832377963190e+04 4.236860933563621479e-01
3.073485893885045880e+04 4.236691287679841267e-01
3.074152955392128933e+04 4.236522084993429860e-01
3.074820016899211259e+04 4.236353325395462721e-01
3.075487078406293949e+04 4.236185008813033726e-01
3.076154139913377003e+04 4.236017135155083491e-01
3.076821201420460056e+04 4.235849704328749632e-01
3.077488262927542746e+04 4.235682716234224210e-01
3.078155324434625800e+04 4.235516170808993341e-01
3.078822385941708853e+04 4.235350067964325227e-01
3.079489447448791543e+04 4.235184407580555033e-01
3.080156508955874597e+04 4.235019189611801127e-01
3.080823570462957650e+04 4.234854413944315055e-01
3.081490631970040340e+04 4.234690080497095499e-01
3.082157693477123394e+04 4.234526189183804856e-01
3.082824754984206447e+04 4.234362739905445649e-01
3.083491816491288773e+04 4.234199732601359734e-01
3.084158877998371463e+04 4.234037167168052118e-01
3.084825939505454517e+04 4.233875043540598626e-01
3.085493001012537206e+04 4.233713361603781422e-01
3.086160062519620260e+04 4.233552121288712278e-01
3.086827124026703314e+04 4.233391322512763399e-01
3.087494185533786003e+04 4.233230965195325934e-01
3.088161247040869057e+04 4.233071049240838546e-01
3.088828308547952111e+04 4.232911574559344858e-01
3.089495370055034800e+04 4.232752541079381481e-01
3.090162431562117854e+04 4.232593948707192855e-01
3.090829493069200907e+04 4.232435797373868547e-01
3.091496554576283597e+04 4.232278087000960198e-01
3.092163616083365923e+04 4.232120817460600648e-01
3.092830677590448977e+04 4.231963988740418681e-01
3.093497739097532030e+04 4.231807600697821137e-01
3.094164800604614720e+04 4.231651653271694680e-01
3.094831862111697774e+04 4.231496146394676527e-01
3.095498923618780464e+04 4.231341079970740160e-01
3.096165985125863517e+04 4.231186453912605949e-01
3.096833046632946571e+04 4.231032268141654007e-01
3.097500108140029261e+04 4.230878522585939661e-01
3.098167169647112314e+04 4.230725217152601081e-01
3.098834231154195368e+04 4.230572351776649698e-01
3.099501292661278057e+04 4.230419926385139417e-01
3.100168354168361111e+04 4.230267940856987097e-01
3.100835415675443437e+04 4.230116395138002194e-01
3.101502477182526491e+04 4.229965289155023789e-01
3.102169538689609180e+04 4.229814622821707615e-01
3.102836600196692234e+04 4.229664396055264897e-01
3.103503661703775288e+04 4.229514608782667939e-01
3.104170723210857977e+04 4.229365260934999093e-01
3.104837784717941031e+04 4.229216352386771516e-01
3.105504846225023721e+04 4.229067883127622940e-01
3.106171907732106774e+04 4.228919853032784282e-01
3.106838969239189828e+04 4.228772262057054476e-01
3.107506030746272518e+04 4.228625110090052375e-01
3.108173092253355571e+04 4.228478397064672212e-01
3.108840153760438625e+04 4.228332122914632563e-01
3.109507215267520951e+04 4.228186287543252431e-01
3.110174276774603641e+04 4.228040890917059147e-01
3.110841338281686694e+04 4.227895932902468457e-01
3.111508399788769748e+04 4.227751413463747276e-01
3.112175461295852438e+04 4.227607332511399973e-01
3.112842522802935491e+04 4.227463689973242622e-01
3.113509584310018545e+04 4.227320485782271042e-01
3.114176645817101235e+04 4.227177719824414259e-01
3.114843707324184288e+04 4.227035392089955601e-01
3.115510768831266978e+04 4.226893502438953676e-01
3.116177830338350032e+04 4.226752050829205576e-01
3.116844891845433085e+04 4.226611037185872277e-01
3.117511953352515775e+04 4.226470461440601234e-01
3.118179014859598101e+04 4.226330323507754838e-01
3.118846076366681154e+04 4.226190623306348981e-01
3.119513137873764208e+04 4.226051360777904331e-01
3.120180199380846898e+04 4.225912535874122300e-01
3.120847260887929951e+04 4.225774148441924782e-01
3.121514322395013005e+04 4.225636198504297836e-01
3.122181383902095695e+04 4.225498685936140975e-01
3.122848445409178748e+04 4.225361610659994493e-01
3.123515506916261802e+04 4.225224972633822573e-01
3.124182568423344492e+04 4.225088771769170970e-01
3.124849629930427545e+04 4.224953008005748467e-01
3.125516691437510235e+04 4.224817681243415168e-01
3.126183752944593289e+04 4.224682791442005425e-01
3.126850814451675615e+04 4.224548338500865863e-01
3.127517875958758668e+04 4.224414322386172427e-01
3.128184937465841358e+04 4.224280743021164297e-01
3.128851998972924412e+04 4.224147600322107343e-01
3.129519060480007465e+04 4.224014894207978044e-01
3.130186121987090155e+04 4.223882624630886928e-01
3.130853183494173209e+04 4.223750791520212711e-01
3.131520245001256262e+04 4.223619394782002767e-01
3.132187306508338952e+04 4.223488434387812074e-01
3.132854368015422006e+04 4.223357910247490521e-01
3.133521429522505059e+04 4.223227822275958943e-01
3.134188491029587749e+04 4.223098170428752907e-01
3.134855552536670803e+04 4.222968954654038320e-01
3.135522614043753128e+04 4.222840174833177307e-01
3.136189675550835818e+04 4.222711830944101963e-01
3.136856737057918872e+04 4.222583922902394815e-01
3.137523798565001925e+04 4.222456450635119762e-01
3.138190860072084615e+04 4.222329414089135979e-01
3.138857921579167669e+04 4.222202813192160176e-01
3.139524983086250722e+04 4.222076647872479715e-01
3.140192044593333412e+04 4.221950918075474402e-01
3.140859106100416466e+04 4.221825623715776410e-01
3.141526167607499519e+04 4.221700764753547053e-01
3.142193229114582209e+04 4.221576341108593255e-01
3.142860290621665263e+04 4.221452352716665857e-01
3.143527352128747589e+04 4.221328799513893726e-01
3.144194413635830642e+04 4.221205681442521396e-01
3.144861475142913332e+04 4.221082998425985666e-01
3.145528536649996386e+04 4.220960750415116425e-01
3.146195598157079075e+04 4.220838937326115703e-01
3.146862659664162129e+04 4.220717559116617945e-01
3.147529721171245183e+04 4.220596615704256260e-01
3.148196782678327872e+04 4.220476107045212921e-01
3.148863844185410926e+04 4.220356033069423973e-01
3.149530905692493980e+04 4.220236393680390496e-01
3.150197967199576669e+04 4.220117188876980063e-01
3.150865028706659723e+04 4.219998418558056352e-01
3.151532090213742777e+04 4.219880082670360855e-01
3.152199151720825103e+04 4.219762181153544622e-01
3.152866213227907792e+04 4.219644713926273827e-01
3.153533274734990846e+04 4.219527680952399606e-01
3.154200336242073899e+04 4.219411082191085738e-01
3.154867397749156589e+04 4.219294917530886924e-01
3.155534459256239643e+04 4.219179186924669755e-01
3.156201520763322333e+04 4.219063890321173571e-01
3.156868582270405386e+04 4.218949027697464493e-01
3.157535643777488440e+04 4.218834598914025791e-01
3.158202705284571130e+04 4.218720603978939332e-01
3.158869766791654183e+04 4.218607042802877682e-01
3.159536828298737237e+04 4.218493915320619125e-01
3.160203889805819927e+04 4.218381221506107837e-01
3.160870951312902253e+04 4.218268961256834149e-01
3.161538012819985306e+04 4.218157134542926956e-01
3.162205074327068360e+04 4.218045741294703110e-01
3.162872135834151049e+04 4.217934781475390915e-01
3.163539197341234103e+04 4.217824254990770183e-01
3.164206258848317157e+04 4.217714161808527873e-01
3.164873320355399846e+04 4.217604501870438338e-01
3.165540381862482900e+04 4.217495275114016007e-01
3.166207443369565590e+04 4.217386481470284942e-01
3.166874504876648643e+04 4.217278120914358386e-01
3.167541566383731697e+04 4.217170193346820306e-01
3.168208627890814387e+04 4.217062698743825888e-01
3.168875689397897440e+04 4.216955637063349860e-01
3.169542750904979766e+04 4.216849008202191995e-01
3.170209812412062820e+04 4.216742812110985672e-01
3.170876873919145510e+04 4.216637048773055341e-01
3.171543935426228563e+04 4.216531718122443761e-01
3.172210996933311617e+04 4.216426820078491011e-01
3.172878058440394307e+04 4.216322354622524249e-01
3.173545119947477360e+04 4.216218321657349555e-01
3.174212181454560414e+04 4.216114721147487532e-01
3.174879242961643104e+04 4.216011553067629536e-01
3.175546304468726157e+04 4.215908817349603432e-01
3.176213365975808847e+04 4.215806513902262687e-01
3.176880427482891901e+04 4.215704642714196426e-01
3.177547488989974954e+04 4.215603203705452495e-01
3.178214550497057280e+04 4.215502196826265147e-01
3.178881612004139970e+04 4.215401622048387531e-01
3.179548673511223024e+04 4.215301479317149491e-01
3.180215735018306077e+04 4.215201768545250305e-01
3.180882796525388767e+04 4.215102489718384193e-01
3.181549858032471820e+04 4.215003642768279657e-01
3.182216919539554874e+04 4.214905227641973506e-01
3.182883981046637564e+04 4.214807244289455745e-01
3.183551042553720617e+04 4.214709692662476082e-01
3.184218104060803671e+04 4.214612572710076943e-01
3.184885165567886361e+04 4.214515884375375498e-01
3.185552227074969414e+04 4.214419627624461651e-01
3.186219288582052104e+04 4.214323802390111950e-01
3.186886350089134430e+04 4.214228408615308119e-01
3.187553411596217484e+04 4.214133446284408779e-01
3.188220473103300537e+04 4.214038915343431002e-01
3.188887534610383227e+04 4.213944815706687774e-01
3.189554596117466281e+04 4.213851147338023018e-01
3.190221657624549334e+04 4.213757910204061763e-01
3.190888719131632024e+04 4.213665104237057646e-01
3.191555780638715078e+04 4.213572729423938901e-01
3.192222842145798131e+04 4.213480785695803976e-01
3.192889903652880821e+04 4.213389272971376776e-01
3.193556965159963875e+04 4.213298191259182146e-01
3.194224026667046928e+04 4.213207540462324818e-01
3.194891088174129618e+04 4.213117320590876735e-01
3.195558149681211944e+04 4.213027531554116578e-01
3.196225211188294998e+04 4.212938173301506994e-01
3.196892272695377687e+04 4.212849245822625210e-01
3.197559334202460741e+04 4.212760749022251283e-01
3.198226395709543795e+04 4.212672682898451204e-01
3.198893457216626484e+04 4.212585047387953918e-01
3.199560518723709538e+04 4.212497842435508622e-01
3.200227580230792591e+04 4.212411068025773697e-01
3.200894641737875281e+04 4.212324724098524542e-01
3.201561703244958335e+04 4.212238810580916093e-01
3.202228764752041388e+04 4.212153327477350939e-01
3.202895826259124078e+04 4.212068274706616267e-01
3.203562887766207132e+04 4.211983652223907360e-01
3.204229949273289458e+04 4.211899460019388197e-01
3.204897010780372511e+04 4.211815698012690845e-01
3.205564072287455201e+04 4.211732366178026488e-01
3.206231133794538255e+04 4.211649464491849515e-01
3.206898195301620945e+04 4.211566992851177860e-01
3.207565256808703998e+04 4.211484951258079867e-01
3.208232318315787052e+04 4.211403339694060333e-01
3.208899379822869741e+04 4.211322158035802343e-01
3.209566441329952795e+04 4.211241406334262360e-01
3.210233502837035849e+04 4.211161084485434691e-01
3.210900564344118538e+04 4.211081192466419321e-01
3.211567625851201592e+04 4.211001730241422103e-01
3.212234687358284646e+04 4.210922697750653088e-01
3.212901748865366972e+04 4.210844094966300633e-01
3.213568810372449661e+04 4.210765921852815952e-01
3.214235871879532715e+04 4.210688178357573919e-01
3.214902933386615769e+04 4.210610864461746261e-01
3.215569994893698458e+04 4.210533980081864192e-01
3.216237056400781512e+04 4.210457525228328279e-01
3.216904117907864202e+04 4.210381499845955444e-01
3.217571179414947255e+04 4.210305903858045373e-01
3.218238240922030309e+04 4.210230737292089964e-01
3.218905302429112999e+04 4.210156000026686884e-01
3.219572363936196052e+04 4.210081692096724892e-01
3.220239425443279106e+04 4.210007813452280034e-01
3.220906486950361796e+04 4.209934364009338958e-01
3.221573548457444122e+04 4.209861343762948405e-01
3.222240609964527175e+04 4.209788752671377865e-01
3.222907671471610229e+04 4.209716590717161311e-01
3.223574732978692919e+04 4.209644857808174101e-01
3.224241794485775972e+04 4.209573553964299220e-01
3.224908855992859026e+04 4.209502679115726953e-01
3.225575917499941716e+04 4.209432233256433231e-01
3.226242979007024769e+04 4.209362216312608207e-01
3.226910040514107459e+04 4.209292628252817026e-01
3.227577102021190512e+04 4.209223469070997870e-01
3.228244163528273566e+04 4.209154738716606725e-01
3.228911225035356256e+04 4.209086437126960401e-01
3.229578286542439309e+04 4.209018564300582854e-01
3.230245348049521635e+04 4.208951120196984252e-01
3.230912409556604689e+04 4.208884104782583124e-01
3.231579471063687379e+04 4.208817517985525281e-01
3.232246532570770432e+04 4.208751359826558569e-01
3.232913594077853486e+04 4.208685630246251086e-01
3.233580655584936176e+04 4.208620329191493092e-01
3.234247717092019229e+04 4.208555456660238447e-01
3.234914778599102283e+04 4.208491012606697668e-01
3.235581840106184973e+04 4.208426997010674686e-01
3.236248901613268026e+04 4.208363409808119071e-01
3.236915963120350716e+04 4.208300250973790457e-01
3.237583024627433770e+04 4.208237520503657625e-01
3.238250086134516823e+04 4.208175218335811207e-01
3.238917147641599149e+04 4.208113344467581118e-01
3.239584209148681839e+04 4.208051898812285030e-01
3.240251270655764893e+04 4.207990881399188976e-01
3.240918332162847946e+04 4.207930292149900109e-01
3.241585393669930636e+04 4.207870131071786424e-01
3.242252455177013690e+04 4.207810398118754236e-01
3.242919516684096743e+04 4.207751093235986284e-01
3.243586578191179433e+04 4.207692216426605070e-01
3.244253639698262486e+04 4.207633767653612411e-01
3.244920701205345540e+04 4.207575746870707012e-01
3.245587762712428230e+04 4.207518154059092241e-01
3.246254824219511283e+04 4.207460989192367551e-01
3.246921885726593973e+04 4.207404252208728490e-01
3.247588947233676299e+04 4.207347943135912871e-01
3.248256008740759353e+04 4.207292061907166869e-01
3.248923070247842406e+04 4.207236608493758467e-01
3.249590131754925096e+04 4.207181582870727632e-01
3.250257193262008150e+04 4.207126985017187182e-01
3.250924254769091203e+04 4.207072814918810244e-01
3.251591316276173893e+04 4.207019072501635426e-01
3.252258377783256947e+04 4.206965757776859882e-01
3.252925439290340000e+04 4.206912870707641972e-01
3.253592500797422690e+04 4.206860411271761135e-01
3.254259562304505744e+04 4.206808379426663635e-01
3.254926623811588797e+04 4.206756775156541006e-01
3.255593685318671487e+04 4.206705598414152703e-01
3.256260746825753813e+04 4.206654849207123181e-01
3.256927808332836867e+04 4.206604527479916311e-01
3.257594869839919556e+04 4.206554633229623308e-01
3.258261931347002610e+04 4.206505166415298036e-01
3.258928992854085664e+04 4.206456127018201041e-01
3.259596054361168353e+04 4.206407515002066333e-01
3.260263115868251407e+04 4.206359330363989013e-01
3.260930177375334461e+04 4.206311573044836938e-01
3.261597238882417150e+04 4.206264243071282660e-01
3.262264300389500204e+04 4.206217340358457957e-01
3.262931361896583257e+04 4.206170864921124908e-01
3.263598423403665947e+04 4.206124816737651373e-01
3.264265484910749001e+04 4.206079195748870792e-01
3.264932546417831327e+04 4.206034001961731494e-01
3.265599607924914017e+04 4.205989235357222022e-01
3.266266669431997070e+04 4.205944895900294855e-01
3.266933730939080124e+04 4.205900983549654137e-01
3.267600792446162814e+04 4.205857498309620857e-01
3.268267853953245867e+04 4.205814440154582168e-01
3.268934915460328921e+04 4.205771809056462196e-01
3.269601976967411611e+04 4.205729604980341652e-01
3.270269038474494664e+04 4.205687827937403811e-01
3.270936099981577718e+04 4.205646477878620115e-01
3.271603161488660407e+04 4.205605554779267563e-01
3.272270222995743461e+04 4.205565058627098729e-01
3.272937284502826515e+04 4.205524989412376402e-01
3.273604346009908841e+04 4.205485347105143989e-01
3.274271407516991530e+04 4.205446131686915723e-01
3.274938469024074584e+04 4.205407343145498023e-01
3.275605530531157274e+04 4.205368981437230813e-01
3.276272592038240327e+04 4.205331046540244921e-01
3.276939653545323381e+04 4.205293538462015479e-01
3.277606715052406071e+04 4.205256457183912389e-01
3.278273776559489488e+04 4.205219802659413975e-01
3.278940838066572178e+04 4.205183574890020703e-01
3.279607899573654868e+04 4.205147773851425352e-01
3.280274961080738285e+04 4.205112399532092704e-01
3.280942022587820975e+04 4.205077451873859284e-01
3.281609084094903665e+04 4.205042930936638834e-01
3.282276145601986354e+04 4.205008836635377167e-01
3.282943207109069044e+04 4.204975168964146248e-01
3.283610268616151734e+04 4.204941927932077106e-01
3.284277330123235151e+04 4.204909113511670071e-01
3.284944391630317841e+04 4.204876725656173098e-01
3.285611453137400531e+04 4.204844764391175160e-01
3.286278514644483948e+04 4.204813229658413976e-01
3.286945576151566638e+04 4.204782121487592450e-01
3.287612637658649328e+04 4.204751439832466464e-01
3.288279699165732745e+04 4.204721184692517544e-01
3.288946760672815435e+04 4.204691356026632465e-01
3.289613822179898125e+04 4.204661953852440459e-01
3.290280883686981542e+04 4.204632978122759268e-01
3.290947945194063504e+04 4.204604428845982733e-01
3.291615006701146194e+04 4.204576306022670407e-01
3.292282068208229612e+04 4.204548609588619756e-01
3.292949129715312301e+04 4.204521339568231264e-01
3.293616191222394991e+04 4.204494495923531971e-01
3.294283252729478409e+04 4.204468078645155482e-01
3.294950314236561098e+04 4.204442087755923541e-01
3.295617375743643788e+04 4.204416523198729605e-01
3.296284437250727206e+04 4.204391384969142220e-01
3.296951498757809895e+04 4.204366673076905814e-01
3.297618560264892585e+04 4.204342387476737719e-01
3.298285621771976002e+04 4.204318528186806736e-01
3.298952683279058692e+04 4.204295095177518760e-01
3.299619744786140654e+04 4.204272088441701749e-01
3.300286806293224072e+04 4.204249507942677266e-01
3.300953867800306762e+04 4.204227353709993897e-01
3.301620929307389451e+04 4.204205625698881343e-01
3.302287990814472869e+04 4.204184323924054500e-01
3.302955052321555559e+04 4.204163448365061395e-01
3.303622113828638248e+04 4.204142999010748172e-01
3.304289175335721666e+04 4.204122975824023389e-01
3.304956236842804356e+04 4.204103378844016858e-01
3.305623298349887045e+04 4.204084208032529690e-01
3.306290359856970463e+04 4.204065463377592571e-01
3.306957421364053153e+04 4.204047144872478659e-01
3.307624482871135842e+04 4.204029252512874737e-01
3.308291544378218532e+04 4.204011786300144715e-01
3.308958605885301222e+04 4.203994746194026910e-01
3.309625667392383912e+04 4.203978132204481133e-01
3.310292728899467329e+04 4.203961944321857880e-01
3.310959790406550019e+04 4.203946182550316601e-01
3.311626851913632709e+04 4.203930846856874792e-01
3.312293913420716126e+04 4.203915937273581815e-01
3.312960974927798816e+04 4.203901453739469773e-01
3.313628036434881506e+04 4.203887396267699805e-01
3.314295097941964923e+04 4.203873764845509342e-01
3.314962159449047613e+04 4.203860559518891593e-01
3.315629220956130303e+04 4.203847780199462814e-01
3.316296282463213720e+04 4.203835426936988751e-01
3.316963343970295682e+04 4.203823499710356293e-01
3.317630405477378372e+04 4.203811998507634984e-01
3.318297466984461789e+04 4.203800923317085880e-01
3.318964528491544479e+04 4.203790274151327222e-01
3.319631589998627169e+04 4.203780051000886031e-01
3.320298651505710586e+04 4.203770253828902348e-01
3.320965713012793276e+04 4.203760882687164746e-01
3.321632774519875966e+04 4.203751937525326832e-01
3.322299836026959383e+04 4.203743418355722627e-01
3.322966897534042073e+04 4.203735325170064319e-01
3.323633959041124763e+04 4.203727657986408017e-01
3.324301020548208180e+04 4.203720416759798018e-01
3.324968082055290142e+04 4.203713601484154738e-01
3.325635143562372832e+04 4.203707212221655110e-01
3.326302205069456249e+04 4.203701248907607546e-01
3.326969266576538939e+04 4.203695711561540871e-01
3.327636328083621629e+04 4.203690600164436408e-01
3.328303389590705046e+04 4.203685914732305240e-01
3.328970451097787736e+04 4.203681655257051619e-01
3.329637512604870426e+04 4.203677821744470910e-01
3.330304574111953843e+04 4.203674414180834651e-01
3.330971635619036533e+04 4.203671432558451215e-01
3.331638697126119223e+04 4.203668876888682071e-01
3.332305758633202640e+04 4.203666747158970041e-01
3.332972820140285330e+04 4.203665043386773381e-01
3.333639881647367292e+04 4.203663765542753894e-01
3.334306943154450710e+04 4.203662913658043343e-01
3.334974004661533399e+04 4.203662487715842389e-01
