# Step, Time, dipole_x, dipole_y, dipole_z (all in a.u.)
0.000000000000000000e+00 0.000000000000000000e+00 -9.318907088633383215e-16 -1.243449787580175325e-14 -7.743741377807709103e-01 -9.318907088633383215e-16 -1.243449787580175325e-14 -7.743741377807709103e-01
1.000000000000000000e+00 2.067068589564640035e+01 -1.777013701166219009e-16 -4.884981308350688778e-15 -7.745467688329595868e-01 -1.777013701166219009e-16 -4.884981308350688778e-15 -7.745467688329595868e-01
2.000000000000000000e+00 4.134137179129280071e+01 -7.670661661275924123e-16 -1.243449787580175325e-14 -7.750454337587853182e-01 -7.670661661275924123e-16 -1.243449787580175325e-14 -7.750454337587853182e-01
3.000000000000000000e+00 6.201205768693920106e+01 -9.901129234660283619e-17 1.043609643147647148e-14 -7.758139526571246058e-01 -9.901129234660283619e-17 1.043609643147647148e-14 -7.758139526571246058e-01
4.000000000000000000e+00 8.268274358258560142e+01 1.048917927875818928e-15 -2.109423746787797427e-15 -7.767722568095517532e-01 1.048917927875818928e-15 -2.109423746787797427e-15 -7.767722568095517532e-01
5.000000000000000000e+00 1.033534294782320018e+02 -5.938191296991907829e-16 -1.931788062847772380e-14 -7.778308863187820554e-01 -5.938191296991907829e-16 -1.931788062847772380e-14 -7.778308863187820554e-01
6.000000000000000000e+00 1.240241153738784021e+02 6.796260973213113437e-16 -4.884981308350688778e-15 -7.789043599807342622e-01 6.796260973213113437e-16 -4.884981308350688778e-15 -7.789043599807342622e-01
7.000000000000000000e+00 1.446948012695248167e+02 -1.749546017390807774e-15 2.176037128265306819e-14 -7.799201859048929819e-01 -1.749546017390807774e-15 2.176037128265306819e-14 -7.799201859048929819e-01
8.000000000000000000e+00 1.653654871651712028e+02 1.637632199337933444e-15 2.775557561562891351e-15 -7.808229076355298615e-01 1.637632199337933444e-15 2.775557561562891351e-15 -7.808229076355298615e-01
9.000000000000000000e+00 1.860361730608175890e+02 3.224404910760032967e-16 -7.771561172376095783e-16 -7.815743539462322031e-01 3.224404910760032967e-16 -7.771561172376095783e-16 -7.815743539462322031e-01
1.000000000000000000e+01 2.067068589564639751e+02 2.385113253604627355e-15 -2.220446049250313081e-16 -7.821522409289949351e-01 2.385113253604627355e-15 -2.220446049250313081e-16 -7.821522409289949351e-01
1.100000000000000000e+01 2.273775448521103613e+02 2.073227859580221432e-16 -9.880984919163893210e-15 -7.825532657938095715e-01 2.073227859580221432e-16 -9.880984919163893210e-15 -7.825532657938095715e-01
1.200000000000000000e+01 2.480482307477567474e+02 -4.535744108024125368e-17 -1.054711873393898713e-14 -7.827870895759737602e-01 -4.535744108024125368e-17 -1.054711873393898713e-14 -7.827870895759737602e-01
1.300000000000000000e+01 2.687189166434031335e+02 1.226501703202722225e-15 6.439293542825907934e-15 -7.828818869143835402e-01 1.226501703202722225e-15 6.439293542825907934e-15 -7.828818869143835402e-01
1.400000000000000000e+01 2.893896025390495197e+02 -3.805661330074774699e-16 3.752553823233029107e-14 -7.828833925655552806e-01 -3.805661330074774699e-16 3.752553823233029107e-14 -7.828833925655552806e-01
1.500000000000000000e+01 3.100602884346959058e+02 1.564703291579689194e-15 2.098321516541545861e-14 -7.828513097927581876e-01 1.564703291579689194e-15 2.098321516541545861e-14 -7.828513097927581876e-01
1.600000000000000000e+01 3.307309743303422920e+02 2.103561622260249307e-15 1.532107773982716026e-14 -7.828515001155532671e-01 2.103561622260249307e-15 1.532107773982716026e-14 -7.828515001155532671e-01
1.700000000000000000e+01 3.514016602259886781e+02 3.659236912196342233e-15 2.331468351712828735e-14 -7.829441114413010494e-01 3.659236912196342233e-15 2.331468351712828735e-14 -7.829441114413010494e-01
1.800000000000000000e+01 3.720723461216350643e+02 2.907941397732939798e-15 3.286260152890463360e-14 -7.831702556062628551e-01 2.907941397732939798e-15 3.286260152890463360e-14 -7.831702556062628551e-01
1.900000000000000000e+01 3.927430320172814504e+02 3.442021141094775307e-15 4.141131881851833896e-14 -7.835422101462435895e-01 3.442021141094775307e-15 4.141131881851833896e-14 -7.835422101462435895e-01
2.000000000000000000e+01 4.134137179129278366e+02 2.957629560759608346e-15 2.164934898019055254e-14 -7.840364476628535195e-01 2.957629560759608346e-15 2.164934898019055254e-14 -7.840364476628535195e-01
2.100000000000000000e+01 4.340844038085742227e+02 2.586518237348215660e-15 3.896882816434299457e-14 -7.846015769364660386e-01 2.586518237348215660e-15 3.896882816434299457e-14 -7.846015769364660386e-01
2.200000000000000000e+01 4.547550897042206088e+02 4.383236240018388834e-15 1.254552017826426891e-14 -7.851661156124180030e-01 4.383236240018388834e-15 1.254552017826426891e-14 -7.851661156124180030e-01
2.300000000000000000e+01 4.754257755998669950e+02 2.465521336207095268e-15 1.409983241273948806e-14 -7.856528423422780572e-01 2.465521336207095268e-15 1.409983241273948806e-14 -7.856528423422780572e-01
2.400000000000000000e+01 4.960964614955133811e+02 3.858209635561476580e-15 4.651834473179405904e-14 -7.859910990713142587e-01 3.858209635561476580e-15 4.651834473179405904e-14 -7.859910990713142587e-01
2.500000000000000000e+01 5.167671473911598241e+02 4.252053210158537724e-15 3.330669073875469621e-14 -7.861251222615548429e-01 4.252053210158537724e-15 3.330669073875469621e-14 -7.861251222615548429e-01
2.600000000000000000e+01 5.374378332868062671e+02 4.655961895562619229e-15 2.053912595556539600e-14 -7.860177894561285461e-01 4.655961895562619229e-15 2.053912595556539600e-14 -7.860177894561285461e-01
2.700000000000000000e+01 5.581085191824527101e+02 5.456786616267058018e-15 1.165734175856414367e-14 -7.856509796955950531e-01 5.456786616267058018e-15 1.165734175856414367e-14 -7.856509796955950531e-01
2.800000000000000000e+01 5.787792050780991531e+02 3.548631879748856562e-15 5.506706202140776441e-14 -7.850227958034193820e-01 3.548631879748856562e-15 5.506706202140776441e-14 -7.850227958034193820e-01
2.900000000000000000e+01 5.994498909737455961e+02 5.009383499673910462e-15 5.639932965095795225e-14 -7.841519083835046811e-01 5.009383499673910462e-15 5.639932965095795225e-14 -7.841519083835046811e-01
3.000000000000000000e+01 6.201205768693920390e+02 5.987864012051408630e-15 4.696243394164412166e-14 -7.830723256853384662e-01 5.987864012051408630e-15 4.696243394164412166e-14 -7.830723256853384662e-01
3.100000000000000000e+01 6.407912627650384820e+02 5.459182186284652977e-15 3.130828929442941444e-14 -7.818371469045257705e-01 5.459182186284652977e-15 3.130828929442941444e-14 -7.818371469045257705e-01
3.200000000000000000e+01 6.614619486606849250e+02 4.126924200561014652e-15 1.976196983832778642e-14 -7.805186161980134374e-01 4.126924200561014652e-15 1.976196983832778642e-14 -7.805186161980134374e-01
3.300000000000000000e+01 6.821326345563313680e+02 6.184091222900585194e-15 2.930988785010413267e-14 -7.792047821190913881e-01 6.184091222900585194e-15 2.930988785010413267e-14 -7.792047821190913881e-01
3.400000000000000000e+01 7.028033204519778110e+02 4.042512969088961646e-15 8.659739592076221015e-15 -7.779915250788235204e-01 4.042512969088961646e-15 8.659739592076221015e-15 -7.779915250788235204e-01
3.500000000000000000e+01 7.234740063476242540e+02 4.864261415440875055e-15 7.238654120556020644e-14 -7.769699210081039142e-01 4.864261415440875055e-15 7.238654120556020644e-14 -7.769699210081039142e-01
3.600000000000000000e+01 7.441446922432706970e+02 6.997822170499408302e-15 5.917488721252084360e-14 -7.762115002364995409e-01 6.997822170499408302e-15 5.917488721252084360e-14 -7.762115002364995409e-01
3.700000000000000000e+01 7.648153781389171399e+02 5.832961495972049939e-15 4.418687638008123031e-14 -7.757562018534692738e-01 5.832961495972049939e-15 4.418687638008123031e-14 -7.757562018534692738e-01
3.800000000000000000e+01 7.854860640345635829e+02 6.374212341399926235e-15 6.505906924303417327e-14 -7.756026514173686159e-01 6.374212341399926235e-15 6.505906924303417327e-14 -7.756026514173686159e-01
3.900000000000000000e+01 8.061567499302100259e+02 7.740993766303873974e-15 5.073719222536965390e-14 -7.757162888181078353e-01 7.740993766303873974e-15 5.073719222536965390e-14 -7.757162888181078353e-01
4.000000000000000000e+01 8.268274358258564689e+02 5.435189963869332644e-15 7.449596495234800386e-14 -7.760350944067130330e-01 5.435189963869332644e-15 7.449596495234800386e-14 -7.760350944067130330e-01
4.100000000000000000e+01 8.474981217215029119e+02 8.947164162233926350e-15 3.508304757815494668e-14 -7.764845876735019248e-01 8.947164162233926350e-15 3.508304757815494668e-14 -7.764845876735019248e-01
4.200000000000000000e+01 8.681688076171493549e+02 7.129969626141111202e-15 8.082423619271139614e-14 -7.769913428969070779e-01 7.129969626141111202e-15 8.082423619271139614e-14 -7.769913428969070779e-01
4.300000000000000000e+01 8.888394935127957979e+02 8.641795522651446842e-15 6.883382752675970551e-14 -7.774925302485703460e-01 8.641795522651446842e-15 6.883382752675970551e-14 -7.774925302485703460e-01
4.400000000000000000e+01 9.095101794084422409e+02 5.932494201077929833e-15 6.272760089132134453e-14 -7.779406447401718827e-01 5.932494201077929833e-15 6.272760089132134453e-14 -7.779406447401718827e-01
4.500000000000000000e+01 9.301808653040886838e+02 6.410663559226176434e-15 6.949996134153479943e-14 -7.783044478059150117e-01 6.410663559226176434e-15 6.949996134153479943e-14 -7.783044478059150117e-01
4.600000000000000000e+01 9.508515511997351268e+02 7.167917886136692864e-15 6.472600233564662631e-14 -7.785673765168953375e-01 7.167917886136692864e-15 6.472600233564662631e-14 -7.785673765168953375e-01
4.700000000000000000e+01 9.715222370953815698e+02 8.846178659233733601e-15 9.758860386455125990e-14 -7.787295640364344518e-01 8.846178659233733601e-15 9.758860386455125990e-14 -7.787295640364344518e-01
4.800000000000000000e+01 9.921929229910280128e+02 8.853177522988155090e-15 1.089128787157278566e-13 -7.788041676661209278e-01 8.853177522988155090e-15 1.089128787157278566e-13 -7.788041676661209278e-01
4.900000000000000000e+01 1.012863608886674456e+03 9.060299333731519794e-15 5.595524044110788964e-14 -7.788212817175222957e-01 9.060299333731519794e-15 5.595524044110788964e-14 -7.788212817175222957e-01
5.000000000000000000e+01 1.033534294782320785e+03 8.360033810348339272e-15 9.936496070395151037e-14 -7.788270602585726232e-01 8.360033810348339272e-15 9.936496070395151037e-14 -7.788270602585726232e-01
5.100000000000000000e+01 1.054204980677967114e+03 9.085798988792436603e-15 5.917488721252084360e-14 -7.788807023465834645e-01 9.085798988792436603e-15 5.917488721252084360e-14 -7.788807023465834645e-01
5.200000000000000000e+01 1.074875666573613444e+03 1.049793561731871735e-14 8.570921750106208492e-14 -7.790469134359950809e-01 1.049793561731871735e-14 8.570921750106208492e-14 -7.790469134359950809e-01
5.300000000000000000e+01 1.095546352469259773e+03 1.041806370067604398e-14 1.079136779935652157e-13 -7.793840979539997660e-01 1.041806370067604398e-14 1.079136779935652157e-13 -7.793840979539997660e-01
5.400000000000000000e+01 1.116217038364906102e+03 1.070389479626655839e-14 8.371081605673680315e-14 -7.799308904198243297e-01 1.070389479626655839e-14 8.371081605673680315e-14 -7.799308904198243297e-01
5.500000000000000000e+01 1.136887724260552432e+03 1.288931236700407506e-14 1.212363542890670942e-13 -7.806960341957472904e-01 1.288931236700407506e-14 1.212363542890670942e-13 -7.806960341957472904e-01
5.600000000000000000e+01 1.157558410156198761e+03 1.166470979807318694e-14 8.482103908136195969e-14 -7.816494163294260833e-01 1.166470979807318694e-14 8.482103908136195969e-14 -7.816494163294260833e-01
5.700000000000000000e+01 1.178229096051845090e+03 1.378635142566891955e-14 1.260103132949552673e-13 -7.827305876347377955e-01 1.378635142566891955e-14 1.260103132949552673e-13 -7.827305876347377955e-01
5.800000000000000000e+01 1.198899781947491419e+03 1.357076093388780895e-14 1.212363542890670942e-13 -7.838573201749532426e-01 1.357076093388780895e-14 1.212363542890670942e-13 -7.838573201749532426e-01
5.900000000000000000e+01 1.219570467843137749e+03 1.279142236570396080e-14 1.075806110861776688e-13 -7.849392579903829992e-01 1.279142236570396080e-14 1.075806110861776688e-13 -7.849392579903829992e-01
6.000000000000000000e+01 1.240241153738784078e+03 1.396689790378950103e-14 1.117994585797532636e-13 -7.858914613957997952e-01 1.396689790378950103e-14 1.117994585797532636e-13 -7.858914613957997952e-01
6.100000000000000000e+01 1.260911839634430407e+03 1.406382995435730674e-14 1.418865025470950059e-13 -7.866436261370028937e-01 1.406382995435730674e-14 1.418865025470950059e-13 -7.866436261370028937e-01
6.200000000000000000e+01 1.281582525530076737e+03 1.473339118866905356e-14 1.291189377639057057e-13 -7.871444448492477264e-01 1.473339118866905356e-14 1.291189377639057057e-13 -7.871444448492477264e-01
6.300000000000000000e+01 1.302253211425723066e+03 1.523234181247109239e-14 1.104671909502030758e-13 -7.873622281317669280e-01 1.523234181247109239e-14 1.104671909502030758e-13 -7.873622281317669280e-01
6.400000000000000000e+01 1.322923897321369395e+03 1.515543926856718024e-14 1.261213355974177830e-13 -7.872838452418804422e-01 1.515543926856718024e-14 1.261213355974177830e-13 -7.872838452418804422e-01
6.500000000000000000e+01 1.343594583217015725e+03 1.640739178937660487e-14 1.245670233629425638e-13 -7.869138856978920016e-01 1.640739178937660487e-14 1.245670233629425638e-13 -7.869138856978920016e-01
6.600000000000000000e+01 1.364265269112662054e+03 1.852734423908633129e-14 1.344480082821064570e-13 -7.862749893396914214e-01 1.852734423908633129e-14 1.344480082821064570e-13 -7.862749893396914214e-01
6.700000000000000000e+01 1.384935955008308383e+03 2.053405547303636255e-14 1.535438443056591495e-13 -7.854089993430890537e-01 2.053405547303636255e-14 1.535438443056591495e-13 -7.854089993430890537e-01
6.800000000000000000e+01 1.405606640903954712e+03 2.061385207450424027e-14 1.699751450701114663e-13 -7.843774186200364040e-01 2.061385207450424027e-14 1.699751450701114663e-13 -7.843774186200364040e-01
6.900000000000000000e+01 1.426277326799601042e+03 2.080764320927611760e-14 1.326716514427062066e-13 -7.832590591700050453e-01 2.080764320927611760e-14 1.326716514427062066e-13 -7.832590591700050453e-01
7.000000000000000000e+01 1.446948012695247371e+03 2.255235277247275710e-14 1.512123759539463208e-13 -7.821431778223278952e-01 2.255235277247275710e-14 1.512123759539463208e-13 -7.821431778223278952e-01
7.100000000000000000e+01 1.467618698590893700e+03 2.081689807035131906e-14 1.926236947724646598e-13 -7.811179333736264496e-01 2.081689807035131906e-14 1.926236947724646598e-13 -7.811179333736264496e-01
7.200000000000000000e+01 1.488289384486540030e+03 2.460504422097644058e-14 1.861844012296387518e-13 -7.802563134933573341e-01 2.460504422097644058e-14 1.861844012296387518e-13 -7.802563134933573341e-01
7.300000000000000000e+01 1.508960070382186359e+03 2.416436274788937421e-14 1.838529328779259231e-13 -7.796040689310340666e-01 2.416436274788937421e-14 1.838529328779259231e-13 -7.796040689310340666e-01
7.400000000000000000e+01 1.529630756277832688e+03 2.496154606887858948e-14 1.719735465144367481e-13 -7.791691511592051533e-01 2.496154606887858948e-14 1.719735465144367481e-13 -7.791691511592051533e-01
7.500000000000000000e+01 1.550301442173479018e+03 2.536943380977911524e-14 1.652011860642232932e-13 -7.789270514217642161e-01 2.536943380977911524e-14 1.652011860642232932e-13 -7.789270514217642161e-01
7.600000000000000000e+01 1.570972128069125347e+03 2.596550776767650305e-14 2.107203300738547114e-13 -7.788277021478208217e-01 2.596550776767650305e-14 2.107203300738547114e-13 -7.788277021478208217e-01
7.700000000000000000e+01 1.591642813964771676e+03 2.741030569130020081e-14 1.929567616798522067e-13 -7.788076842014214352e-01 2.741030569130020081e-14 1.929567616798522067e-13 -7.788076842014214352e-01
7.800000000000000000e+01 1.612313499860418005e+03 2.769109423365529755e-14 1.832978213656133448e-13 -7.788038841881369523e-01 2.769109423365529755e-14 1.832978213656133448e-13 -7.788038841881369523e-01
7.900000000000000000e+01 1.632984185756064335e+03 2.869413939102049866e-14 2.078337502098293044e-13 -7.787632330274313341e-01 2.869413939102049866e-14 2.078337502098293044e-13 -7.787632330274313341e-01
8.000000000000000000e+01 1.653654871651710664e+03 3.059218931163321734e-14 2.152722444748178532e-13 -7.786478004444231660e-01 3.059218931163321734e-14 2.152722444748178532e-13 -7.786478004444231660e-01
8.100000000000000000e+01 1.674325557547356993e+03 3.189229500758359172e-14 2.084998840246043983e-13 -7.784360280045471425e-01 3.189229500758359172e-14 2.084998840246043983e-13 -7.784360280045471425e-01
8.200000000000000000e+01 1.694996243443003323e+03 3.345672257198774507e-14 2.315925229368076543e-13 -7.781212899173319819e-01 3.345672257198774507e-14 2.315925229368076543e-13 -7.781212899173319819e-01
8.300000000000000000e+01 1.715666929338649652e+03 3.835441456806551184e-14 2.148281552649677906e-13 -7.777132484766305920e-01 3.835441456806551184e-14 2.148281552649677906e-13 -7.777132484766305920e-01
8.400000000000000000e+01 1.736337615234295981e+03 3.381514080393802413e-14 2.100541962590796174e-13 -7.772351667021287769e-01 3.381514080393802413e-14 2.100541962590796174e-13 -7.772351667021287769e-01
8.500000000000000000e+01 1.757008301129942311e+03 3.695704819355064795e-14 2.093880624443045235e-13 -7.767266060485148449e-01 3.695704819355064795e-14 2.093880624443045235e-13 -7.767266060485148449e-01
8.600000000000000000e+01 1.777678987025588640e+03 3.846363735868123524e-14 2.455813330470846267e-13 -7.762433274937655669e-01 3.846363735868123524e-14 2.455813330470846267e-13 -7.762433274937655669e-01
8.700000000000000000e+01 1.798349672921234969e+03 3.849191662881194937e-14 2.200462034807060263e-13 -7.758545157595028163e-01 3.849191662881194937e-14 2.200462034807060263e-13 -7.758545157595028163e-01
8.800000000000000000e+01 1.819020358816881298e+03 4.028051981253069030e-14 2.119415754009423836e-13 -7.756355470736832070e-01 4.028051981253069030e-14 2.119415754009423836e-13 -7.756355470736832070e-01
8.900000000000000000e+01 1.839691044712527628e+03 4.197318608118136406e-14 2.412514632510465162e-13 -7.756561295923577459e-01 4.197318608118136406e-14 2.412514632510465162e-13 -7.756561295923577459e-01
9.000000000000000000e+01 1.860361730608173957e+03 4.449858222620425156e-14 2.410294186461214849e-13 -7.759660500179695886e-01 4.449858222620425156e-14 2.410294186461214849e-13 -7.759660500179695886e-01
9.100000000000000000e+01 1.881032416503820286e+03 4.373115173064345760e-14 2.647881913730998349e-13 -7.765838304802523684e-01 4.373115173064345760e-14 2.647881913730998349e-13 -7.765838304802523684e-01
9.200000000000000000e+01 1.901703102399466616e+03 4.655042736913913646e-14 2.220446049250313081e-13 -7.774877649325265816e-01 4.655042736913913646e-14 2.220446049250313081e-13 -7.774877649325265816e-01
9.300000000000000000e+01 1.922373788295112945e+03 4.552483405164460804e-14 2.694511280765254924e-13 -7.786202553925429815e-01 4.552483405164460804e-14 2.694511280765254924e-13 -7.786202553925429815e-01
9.400000000000000000e+01 1.943044474190759274e+03 4.714458423183616981e-14 2.675637489346627262e-13 -7.798982123058998406e-01 4.714458423183616981e-14 2.675637489346627262e-13 -7.798982123058998406e-01
9.500000000000000000e+01 1.963715160086405604e+03 5.001543796708652568e-14 2.606803661819867557e-13 -7.812262802078011603e-01 5.001543796708652568e-14 2.606803661819867557e-13 -7.812262802078011603e-01
9.600000000000000000e+01 1.984385845982051933e+03 5.180552836467048512e-14 2.685629496568253671e-13 -7.825113618941887950e-01 5.180552836467048512e-14 2.685629496568253671e-13 -7.825113618941887950e-01
9.700000000000000000e+01 2.005056531877698262e+03 5.143489600300303922e-14 2.581268532253488956e-13 -7.836729849266604875e-01 5.143489600300303922e-14 2.581268532253488956e-13 -7.836729849266604875e-01
9.800000000000000000e+01 2.025727217773344591e+03 5.203080960791775231e-14 2.586819647376614739e-13 -7.846486283141046458e-01 5.203080960791775231e-14 2.586819647376614739e-13 -7.846486283141046458e-01
9.900000000000000000e+01 2.046397903668990921e+03 5.551322411840752498e-14 2.510214258677478938e-13 -7.853948685875610236e-01 5.551322411840752498e-14 2.510214258677478938e-13 -7.853948685875610236e-01
1.000000000000000000e+02 2.067068589564637477e+03 5.794922410641941499e-14 2.491340467258851277e-13 -7.858858170892193407e-01 5.794922410641941499e-14 2.491340467258851277e-13 -7.858858170892193407e-01
1.010000000000000000e+02 2.087739275460283807e+03 5.587677677682342806e-14 2.968736367847668589e-13 -7.861152103218957965e-01 5.587677677682342806e-14 2.968736367847668589e-13 -7.861152103218957965e-01
1.020000000000000000e+02 2.108409961355930136e+03 5.953655246225154492e-14 2.241540286718191055e-13 -7.860920275683869196e-01 5.953655246225154492e-14 2.241540286718191055e-13 -7.860920275683869196e-01
1.030000000000000000e+02 2.129080647251576465e+03 6.220060523878220157e-14 2.735589532676385716e-13 -7.858439103605915355e-01 6.220060523878220157e-14 2.735589532676385716e-13 -7.858439103605915355e-01
1.040000000000000000e+02 2.149751333147222795e+03 6.259652920895904881e-14 3.032019080251302512e-13 -7.854180824803572714e-01 6.259652920895904881e-14 3.032019080251302512e-13 -7.854180824803572714e-01
1.050000000000000000e+02 2.170422019042869124e+03 6.200404968765422653e-14 2.737809978725636029e-13 -7.848789051837761210e-01 6.200404968765422653e-14 2.737809978725636029e-13 -7.848789051837761210e-01
1.060000000000000000e+02 2.191092704938515453e+03 6.363998671441089834e-14 2.975397705995419528e-13 -7.843018632307419136e-01 6.363998671441089834e-14 2.975397705995419528e-13 -7.843018632307419136e-01
1.070000000000000000e+02 2.211763390834161783e+03 6.517484664585520313e-14 2.853273173286652309e-13 -7.837629337840494870e-01 6.517484664585520313e-14 2.853273173286652309e-13 -7.837629337840494870e-01
1.080000000000000000e+02 2.232434076729808112e+03 6.788962836971935859e-14 3.014255511857300007e-13 -7.833251409192384385e-01 6.788962836971935859e-14 3.014255511857300007e-13 -7.833251409192384385e-01
1.090000000000000000e+02 2.253104762625454441e+03 6.904521731636650933e-14 3.045341756546804390e-13 -7.830265201459599700e-01 6.904521731636650933e-14 3.045341756546804390e-13 -7.830265201459599700e-01
1.100000000000000000e+02 2.273775448521100770e+03 7.323057876930423954e-14 2.866595849582154187e-13 -7.828711637232546039e-01 7.323057876930423954e-14 2.866595849582154187e-13 -7.828711637232546039e-01
1.110000000000000000e+02 2.294446134416747100e+03 7.610868329042910780e-14 3.044231533522179234e-13 -7.828312520974279876e-01 7.610868329042910780e-14 3.044231533522179234e-13 -7.828312520974279876e-01
1.120000000000000000e+02 2.315116820312393429e+03 7.542098025596185796e-14 2.853273173286652309e-13 -7.828543852398939240e-01 7.542098025596185796e-14 2.853273173286652309e-13 -7.828543852398939240e-01
1.130000000000000000e+02 2.335787506208039758e+03 7.805003874460920254e-14 2.725597525454759307e-13 -7.828758184085109484e-01 7.805003874460920254e-14 2.725597525454759307e-13 -7.828758184085109484e-01
1.140000000000000000e+02 2.356458192103686088e+03 8.083770779782799640e-14 3.145261828763068479e-13 -7.828316951933314005e-01 8.083770779782799640e-14 3.145261828763068479e-13 -7.828316951933314005e-01
1.150000000000000000e+02 2.377128877999332417e+03 7.984454692447752310e-14 3.045341756546804390e-13 -7.826689882118772479e-01 7.984454692447752310e-14 3.045341756546804390e-13 -7.826689882118772479e-01
1.160000000000000000e+02 2.397799563894978746e+03 8.123239756525351270e-14 2.834399381868024648e-13 -7.823509180805126029e-01 8.123239756525351270e-14 2.834399381868024648e-13 -7.823509180805126029e-01
1.170000000000000000e+02 2.418470249790625076e+03 8.479799134638480129e-14 3.231859224683830689e-13 -7.818583736863654599e-01 8.479799134638480129e-14 3.231859224683830689e-13 -7.818583736863654599e-01
1.180000000000000000e+02 2.439140935686271405e+03 8.865070287412795225e-14 3.198552533945075993e-13 -7.811881395694966201e-01 8.865070287412795225e-14 3.198552533945075993e-13 -7.811881395694966201e-01
1.190000000000000000e+02 2.459811621581917734e+03 8.988991927017653407e-14 2.857714065385152935e-13 -7.803547599595073159e-01 8.988991927017653407e-14 2.857714065385152935e-13 -7.803547599595073159e-01
1.200000000000000000e+02 2.480482307477564063e+03 9.088734095642604719e-14 3.158584505058570358e-13 -7.793889165684855236e-01 9.088734095642604719e-14 3.158584505058570358e-13 -7.793889165684855236e-01
1.210000000000000000e+02 2.501152993373210393e+03 9.210598607329818005e-14 3.110844914999688626e-13 -7.783368327727056002e-01 9.210598607329818005e-14 3.110844914999688626e-13 -7.783368327727056002e-01
1.220000000000000000e+02 2.521823679268856722e+03 9.393948541241815960e-14 3.161915174132445827e-13 -7.772630105524919175e-01 9.393948541241815960e-14 3.161915174132445827e-13 -7.772630105524919175e-01
1.230000000000000000e+02 2.542494365164503051e+03 9.624083307763688533e-14 3.084199562408684869e-13 -7.762474957883838123e-01 9.624083307763688533e-14 3.084199562408684869e-13 -7.762474957883838123e-01
1.240000000000000000e+02 2.563165051060149381e+03 9.870773282744654814e-14 3.432809592140984023e-13 -7.753792664163549064e-01 9.870773282744654814e-14 3.432809592140984023e-13 -7.753792664163549064e-01
1.250000000000000000e+02 2.583835736955795710e+03 1.048332938419243852e-13 3.225197886536079750e-13 -7.747447195644818763e-01 1.048332938419243852e-13 3.225197886536079750e-13 -7.747447195644818763e-01
1.260000000000000000e+02 2.604506422851442039e+03 1.058994520901280837e-13 2.992051051364796876e-13 -7.744130713730527082e-01 1.058994520901280837e-13 2.992051051364796876e-13 -7.744130713730527082e-01
1.270000000000000000e+02 2.625177108747088369e+03 1.088205937589715818e-13 3.113065361048938939e-13 -7.744230595237606707e-01 1.088205937589715818e-13 3.113065361048938939e-13 -7.744230595237606707e-01
1.280000000000000000e+02 2.645847794642734698e+03 1.098390569659502151e-13 3.133049375492191757e-13 -7.747724864543485968e-01 1.098390569659502151e-13 3.133049375492191757e-13 -7.747724864543485968e-01
1.290000000000000000e+02 2.666518480538381027e+03 1.148223833900430893e-13 3.355093980417223065e-13 -7.754227495167885786e-01 1.148223833900430893e-13 3.355093980417223065e-13 -7.754227495167885786e-01
1.300000000000000000e+02 2.687189166434027356e+03 1.166229387103726283e-13 3.167466289255571610e-13 -7.763031031717162467e-01 1.166229387103726283e-13 3.167466289255571610e-13 -7.763031031717162467e-01
1.310000000000000000e+02 2.707859852329673686e+03 1.201075065201695922e-13 3.242961454930082255e-13 -7.773266929917433954e-01 1.201075065201695922e-13 3.242961454930082255e-13 -7.773266929917433954e-01
1.320000000000000000e+02 2.728530538225320015e+03 1.235616239484317623e-13 3.427258477017858240e-13 -7.784046593364264410e-01 1.235616239484317623e-13 3.427258477017858240e-13 -7.784046593364264410e-01
1.330000000000000000e+02 2.749201224120966344e+03 1.267205150054858308e-13 3.502753642692368885e-13 -7.794574595768425374e-01 1.267205150054858308e-13 3.502753642692368885e-13 -7.794574595768425374e-01
1.340000000000000000e+02 2.769871910016612674e+03 1.306968939619335913e-13 3.382849556032851979e-13 -7.804212244922487107e-01 1.306968939619335913e-13 3.382849556032851979e-13 -7.804212244922487107e-01
1.350000000000000000e+02 2.790542595912259003e+03 1.324679398207470555e-13 3.346212196220221813e-13 -7.812496377533592051e-01 1.324679398207470555e-13 3.346212196220221813e-13 -7.812496377533592051e-01
1.360000000000000000e+02 2.811213281807905332e+03 1.364646847606088765e-13 3.518296765037121077e-13 -7.819127459101224975e-01 1.364646847606088765e-13 3.518296765037121077e-13 -7.819127459101224975e-01
1.370000000000000000e+02 2.831883967703551662e+03 1.395945855779198174e-13 3.217426325363703654e-13 -7.823981778297066647e-01 1.395945855779198174e-13 3.217426325363703654e-13 -7.823981778297066647e-01
1.380000000000000000e+02 2.852554653599197991e+03 1.399662028919222610e-13 3.178568519501823175e-13 -7.827095372239766258e-01 1.399662028919222610e-13 3.178568519501823175e-13 -7.827095372239766258e-01
1.390000000000000000e+02 2.873225339494844320e+03 1.480843586716050207e-13 3.513855872938620450e-13 -7.828657186922798328e-01 1.480843586716050207e-13 3.513855872938620450e-13 -7.828657186922798328e-01
1.400000000000000000e+02 2.893896025390490649e+03 1.495364167113566728e-13 3.221867217462204280e-13 -7.829043362389880301e-01 1.495364167113566728e-13 3.221867217462204280e-13 -7.829043362389880301e-01
1.410000000000000000e+02 2.914566711286136979e+03 1.512514607143933460e-13 3.241851231905457098e-13 -7.828790984269152764e-01 1.512514607143933460e-13 3.241851231905457098e-13 -7.828790984269152764e-01
1.420000000000000000e+02 2.935237397181783308e+03 1.526872093851184053e-13 3.521627434110996546e-13 -7.828542058684047067e-01 1.526872093851184053e-13 3.521627434110996546e-13 -7.828542058684047067e-01
1.430000000000000000e+02 2.955908083077429637e+03 1.595971134031030556e-13 3.393951786279103544e-13 -7.828942312252590296e-01 1.595971134031030556e-13 3.393951786279103544e-13 -7.828942312252590296e-01
1.440000000000000000e+02 2.976578768973075967e+03 1.626165533394736321e-13 3.459454944731987780e-13 -7.830510436312588807e-01 1.626165533394736321e-13 3.459454944731987780e-13 -7.830510436312588807e-01
1.450000000000000000e+02 2.997249454868722296e+03 1.639453280740492308e-13 3.689271110829395184e-13 -7.833516662471445846e-01 1.639453280740492308e-13 3.689271110829395184e-13 -7.833516662471445846e-01
1.460000000000000000e+02 3.017920140764368625e+03 1.690180108568831447e-13 3.642641743795138609e-13 -7.837900147683540819e-01 1.690180108568831447e-13 3.642641743795138609e-13 -7.837900147683540819e-01
1.470000000000000000e+02 3.038590826660014955e+03 1.719856682350981239e-13 3.755884492306904576e-13 -7.843269576200672111e-01 1.719856682350981239e-13 3.755884492306904576e-13 -7.843269576200672111e-01
1.480000000000000000e+02 3.059261512555661284e+03 1.796678248558968346e-13 3.479438959175240598e-13 -7.848991197746099102e-01 1.796678248558968346e-13 3.479438959175240598e-13 -7.848991197746099102e-01
1.490000000000000000e+02 3.079932198451307613e+03 1.831062435974164960e-13 3.724798247617400193e-13 -7.854303834637825776e-01 1.831062435974164960e-13 3.724798247617400193e-13 -7.854303834637825776e-01
1.500000000000000000e+02 3.100602884346953942e+03 1.848906681564362810e-13 3.410605131648480892e-13 -7.858456700531747385e-01 1.848906681564362810e-13 3.410605131648480892e-13 -7.858456700531747385e-01
1.510000000000000000e+02 3.121273570242600272e+03 1.904747313557122081e-13 3.795852521193410212e-13 -7.860813851350795245e-01 1.904747313557122081e-13 3.795852521193410212e-13 -7.860813851350795245e-01
1.520000000000000000e+02 3.141944256138246601e+03 1.946153019491452882e-13 3.722577801568149880e-13 -7.860913014708584834e-01 1.946153019491452882e-13 3.722577801568149880e-13 -7.860913014708584834e-01
1.530000000000000000e+02 3.162614942033892930e+03 1.978483795567941882e-13 3.871347686867920856e-13 -7.858483368797982704e-01 1.978483795567941882e-13 3.871347686867920856e-13 -7.858483368797982704e-01
1.540000000000000000e+02 3.183285627929539260e+03 2.019500273836606602e-13 4.062306047103447781e-13 -7.853431817895798472e-01 2.019500273836606602e-13 4.062306047103447781e-13 -7.853431817895798472e-01
1.550000000000000000e+02 3.203956313825185589e+03 2.047627535639869845e-13 3.909095269705176179e-13 -7.845840810665560827e-01 2.047627535639869845e-13 3.909095269705176179e-13 -7.845840810665560827e-01
1.560000000000000000e+02 3.224626999720831918e+03 2.129069349239140010e-13 3.874678355941796326e-13 -7.835983059028487352e-01 2.129069349239140010e-13 3.874678355941796326e-13 -7.835983059028487352e-01
1.570000000000000000e+02 3.245297685616478248e+03 2.135056397241965504e-13 3.754774269282279420e-13 -7.824293248368440201e-01 2.135056397241965504e-13 3.754774269282279420e-13 -7.824293248368440201e-01
1.580000000000000000e+02 3.265968371512124577e+03 2.202345725807233218e-13 4.151123889073460305e-13 -7.811404350170859656e-01 2.202345725807233218e-13 4.151123889073460305e-13 -7.811404350170859656e-01
1.590000000000000000e+02 3.286639057407770906e+03 2.241223059551084725e-13 4.176659018639838905e-13 -7.798127995639728693e-01 2.241223059551084725e-13 4.176659018639838905e-13 -7.798127995639728693e-01
1.600000000000000000e+02 3.307309743303417235e+03 2.279344795356491277e-13 4.315436896717983473e-13 -7.785398687418075836e-01 2.279344795356491277e-13 4.315436896717983473e-13 -7.785398687418075836e-01
1.610000000000000000e+02 3.327980429199063565e+03 2.300352567475406922e-13 4.142242104876459052e-13 -7.774168132555968613e-01 2.300352567475406922e-13 4.142242104876459052e-13 -7.774168132555968613e-01
1.620000000000000000e+02 3.348651115094709894e+03 2.393650937006318617e-13 4.179989687713714375e-13 -7.765263115394540616e-01 2.393650937006318617e-13 4.179989687713714375e-13 -7.765263115394540616e-01
1.630000000000000000e+02 3.369321800990356223e+03 2.410523117163076002e-13 4.045652701734070433e-13 -7.759248169865743394e-01 2.410523117163076002e-13 4.045652701734070433e-13 -7.759248169865743394e-01
1.640000000000000000e+02 3.389992486886002553e+03 2.471962423375902142e-13 3.913536161803676805e-13 -7.756307412716690886e-01 2.471962423375902142e-13 3.913536161803676805e-13 -7.756307412716690886e-01
1.650000000000000000e+02 3.410663172781648882e+03 2.553873987735966984e-13 3.783640067922533490e-13 -7.756246233668294687e-01 2.553873987735966984e-13 3.783640067922533490e-13 -7.756246233668294687e-01
1.660000000000000000e+02 3.431333858677295211e+03 2.571447854353764669e-13 3.931299730197679310e-13 -7.758560612703496728e-01 2.571447854353764669e-13 3.931299730197679310e-13 -7.758560612703496728e-01
1.670000000000000000e+02 3.452004544572941541e+03 2.629359890900019837e-13 4.084510507595950912e-13 -7.762546057728919591e-01 2.629359890900019837e-13 4.084510507595950912e-13 -7.762546057728919591e-01
1.680000000000000000e+02 3.472675230468587870e+03 2.676338420834761191e-13 4.115596752285455295e-13 -7.767448013380254812e-01 2.676338420834761191e-13 4.115596752285455295e-13 -7.767448013380254812e-01
1.690000000000000000e+02 3.493345916364234199e+03 2.758439596739387795e-13 3.980149543281186197e-13 -7.772578094747659705e-01 2.758439596739387795e-13 3.980149543281186197e-13 -7.772578094747659705e-01
1.700000000000000000e+02 3.514016602259880528e+03 2.804382544174020704e-13 4.028999356364693085e-13 -7.777384279968847514e-01 2.804382544174020704e-13 4.028999356364693085e-13 -7.777384279968847514e-01
1.710000000000000000e+02 3.534687288155526858e+03 2.894569715377504563e-13 4.100053629940703104e-13 -7.781476235005564401e-01 2.894569715377504563e-13 4.100053629940703104e-13 -7.781476235005564401e-01
1.720000000000000000e+02 3.555357974051173187e+03 2.921286449357438321e-13 4.154454558147335774e-13 -7.784621198155231570e-01 2.921286449357438321e-13 4.154454558147335774e-13 -7.784621198155231570e-01
1.730000000000000000e+02 3.576028659946819516e+03 2.996235431768472559e-13 4.143352327901084209e-13 -7.786734013146398015e-01 2.996235431768472559e-13 4.143352327901084209e-13 -7.786734013146398015e-01
1.740000000000000000e+02 3.596699345842465846e+03 3.058061307609590228e-13 3.991251773527437763e-13 -7.787888380406401412e-01 3.058061307609590228e-13 3.991251773527437763e-13 -7.787888380406401412e-01
1.750000000000000000e+02 3.617370031738112175e+03 3.135643927581955425e-13 4.285460875053104246e-13 -7.788300720267873345e-01 3.135643927581955425e-13 4.285460875053104246e-13 -7.788300720267873345e-01
1.760000000000000000e+02 3.638040717633758504e+03 3.178558484835053554e-13 4.436451206402125536e-13 -7.788356818169369644e-01 3.178558484835053554e-13 4.436451206402125536e-13 -7.788356818169369644e-01
1.770000000000000000e+02 3.658711403529404834e+03 3.244413944032310281e-13 4.022338018216942146e-13 -7.788592318982940910e-01 3.244413944032310281e-13 4.022338018216942146e-13 -7.788592318982940910e-01
1.780000000000000000e+02 3.679382089425051163e+03 3.322238560372887452e-13 4.413136522884997248e-13 -7.789640098213052033e-01 3.322238560372887452e-13 4.413136522884997248e-13 -7.789640098213052033e-01
1.790000000000000000e+02 3.700052775320697492e+03 3.398427596047054625e-13 4.434230760352875222e-13 -7.792130920100266422e-01 3.398427596047054625e-13 4.434230760352875222e-13 -7.792130920100266422e-01
1.800000000000000000e+02 3.720723461216343821e+03 3.457483065293982734e-13 4.451994328746877727e-13 -7.796561825296994819e-01 3.457483065293982734e-13 4.451994328746877727e-13 -7.796561825296994819e-01
1.810000000000000000e+02 3.741394147111990151e+03 3.530391838433051366e-13 4.372058270973866456e-13 -7.803173687799753733e-01 3.530391838433051366e-13 4.372058270973866456e-13 -7.803173687799753733e-01
1.820000000000000000e+02 3.762064833007636480e+03 3.631002647005870828e-13 4.384270724244743178e-13 -7.811857521845101404e-01 3.631002647005870828e-13 4.384270724244743178e-13 -7.811857521845101404e-01
1.830000000000000000e+02 3.782735518903282809e+03 3.675273644707480575e-13 4.408695630786496622e-13 -7.822137005891635075e-01 3.675273644707480575e-13 4.408695630786496622e-13 -7.822137005891635075e-01
1.840000000000000000e+02 3.803406204798929139e+03 3.771514067419410997e-13 4.284350652028479089e-13 -7.833283274086820791e-01 3.771514067419410997e-13 4.284350652028479089e-13 -7.833283274086820791e-01
1.850000000000000000e+02 3.824076890694575468e+03 3.839170739146430822e-13 4.329869796038110508e-13 -7.844412964065372584e-01 3.839170739146430822e-13 4.329869796038110508e-13 -7.844412964065372584e-01
1.860000000000000000e+02 3.844747576590221797e+03 3.932865806719376515e-13 4.533040609544514155e-13 -7.854636680973917651e-01 3.932865806719376515e-13 4.533040609544514155e-13 -7.854636680973917651e-01
1.870000000000000000e+02 3.865418262485868127e+03 4.030478073638551697e-13 4.224398608698720636e-13 -7.863173325682557557e-01 4.030478073638551697e-13 4.224398608698720636e-13 -7.863173325682557557e-01
1.880000000000000000e+02 3.886088948381514456e+03 4.069832325287017704e-13 4.372058270973866456e-13 -7.869416575417215176e-01 4.069832325287017704e-13 4.372058270973866456e-13 -7.869416575417215176e-01
1.890000000000000000e+02 3.906759634277160785e+03 4.159707599346626353e-13 4.504174810904260084e-13 -7.872956752068478448e-01 4.159707599346626353e-13 4.504174810904260084e-13 -7.872956752068478448e-01
1.900000000000000000e+02 3.927430320172807114e+03 4.213693106080066656e-13 4.646283358056280122e-13 -7.873575576623816907e-01 4.213693106080066656e-13 4.646283358056280122e-13 -7.873575576623816907e-01
1.910000000000000000e+02 3.948101006068453444e+03 4.326319468184025075e-13 4.888311977424564247e-13 -7.871234822663015773e-01 4.326319468184025075e-13 4.888311977424564247e-13 -7.871234822663015773e-01
1.920000000000000000e+02 3.968771691964099773e+03 4.394071871764011634e-13 4.478639681337881484e-13 -7.866073638946819990e-01 4.394071871764011634e-13 4.478639681337881484e-13 -7.866073638946819990e-01
1.930000000000000000e+02 3.989442377859746102e+03 4.451519716452291822e-13 4.330980019062735664e-13 -7.858417384647060633e-01 4.451519716452291822e-13 4.330980019062735664e-13 -7.858417384647060633e-01
1.940000000000000000e+02 4.010113063755392432e+03 4.529227282931516341e-13 4.302114220422481594e-13 -7.848787996281411106e-01 4.529227282931516341e-13 4.302114220422481594e-13 -7.848787996281411106e-01
1.950000000000000000e+02 4.030783749651038761e+03 4.623845709185920143e-13 4.799494135454551724e-13 -7.837896575092376805e-01 4.623845709185920143e-13 4.799494135454551724e-13 -7.837896575092376805e-01
1.960000000000000000e+02 4.051454435546685090e+03 4.686131890594997867e-13 4.684030940893535444e-13 -7.826597767297661656e-01 4.686131890594997867e-13 4.684030940893535444e-13 -7.826597767297661656e-01
1.970000000000000000e+02 4.072125121442331420e+03 4.790929328853374918e-13 4.438671652451375849e-13 -7.815795585168651138e-01 4.790929328853374918e-13 4.438671652451375849e-13 -7.815795585168651138e-01
1.980000000000000000e+02 4.092795807337977749e+03 4.885897332290692858e-13 4.471978343190130545e-13 -7.806310494809484135e-01 4.885897332290692858e-13 4.471978343190130545e-13 -7.806310494809484135e-01
1.990000000000000000e+02 4.113466493233624533e+03 4.943832215548134519e-13 4.374278717023116769e-13 -7.798743306900894900e-01 4.943832215548134519e-13 4.374278717023116769e-13 -7.798743306900894900e-01
2.000000000000000000e+02 4.134137179129271317e+03 5.063324283013802233e-13 4.591882429849647451e-13 -7.793364808458649318e-01 5.063324283013802233e-13 4.591882429849647451e-13 -7.793364808458649318e-01
2.010000000000000000e+02 4.154807865024918101e+03 5.106985698899239673e-13 4.799494135454551724e-13 -7.790068821853732839e-01 5.106985698899239673e-13 4.799494135454551724e-13 -7.790068821853732839e-01
2.020000000000000000e+02 4.175478550920564885e+03 5.207392323269459618e-13 4.586331314726521668e-13 -7.788470051078455469e-01 5.207392323269459618e-13 4.586331314726521668e-13 -7.788470051078455469e-01
2.030000000000000000e+02 4.196149236816211669e+03 5.313802860345484374e-13 4.519717933249012276e-13 -7.787978863391916695e-01 5.313802860345484374e-13 4.519717933249012276e-13 -7.787978863391916695e-01
2.040000000000000000e+02 4.216819922711858453e+03 5.395653215488403394e-13 4.601874437071273860e-13 -7.787947658664796657e-01 5.395653215488403394e-13 4.601874437071273860e-13 -7.787947658664796657e-01
2.050000000000000000e+02 4.237490608607505237e+03 5.512971250902256340e-13 4.526379271396763215e-13 -7.787788127720330911e-01 5.512971250902256340e-13 4.526379271396763215e-13 -7.787788127720330911e-01
2.060000000000000000e+02 4.258161294503152021e+03 5.585956310885419227e-13 4.671818487622658722e-13 -7.787044601743220440e-01 5.585956310885419227e-13 4.671818487622658722e-13 -7.787044601743220440e-01
2.070000000000000000e+02 4.278831980398798805e+03 5.684256971457950948e-13 4.322098234865734412e-13 -7.785422889383920575e-01 5.684256971457950948e-13 4.322098234865734412e-13 -7.785422889383920575e-01
2.080000000000000000e+02 4.299502666294445589e+03 5.778478402803071866e-13 4.503064587879634928e-13 -7.782789488960168978e-01 5.778478402803071866e-13 4.503064587879634928e-13 -7.782789488960168978e-01
2.090000000000000000e+02 4.320173352190092373e+03 5.898383258491076452e-13 4.394262731466369587e-13 -7.779153532112451641e-01 5.898383258491076452e-13 4.394262731466369587e-13 -7.779153532112451641e-01
2.100000000000000000e+02 4.340844038085739157e+03 5.968036658014574935e-13 4.765077221691171871e-13 -7.774691158573975303e-01 5.968036658014574935e-13 4.765077221691171871e-13 -7.774691158573975303e-01
2.110000000000000000e+02 4.361514723981385941e+03 6.052237540066228351e-13 4.650724250154780748e-13 -7.769714020047473468e-01 6.052237540066228351e-13 4.650724250154780748e-13 -7.769714020047473468e-01
2.120000000000000000e+02 4.382185409877032725e+03 6.211430396103385332e-13 4.574118861455644947e-13 -7.764703269958834753e-01 6.211430396103385332e-13 4.574118861455644947e-13 -7.764703269958834753e-01
2.130000000000000000e+02 4.402856095772679510e+03 6.291888492612297785e-13 4.545253062815390876e-13 -7.760291889603533333e-01 6.291888492612297785e-13 4.545253062815390876e-13 -7.760291889603533333e-01
2.140000000000000000e+02 4.423526781668326294e+03 6.408632050210417400e-13 4.314326673693358316e-13 -7.757215652595346178e-01 6.408632050210417400e-13 4.314326673693358316e-13 -7.757215652595346178e-01
2.150000000000000000e+02 4.444197467563973078e+03 6.510448798639887180e-13 4.516387264175136806e-13 -7.756215373187295148e-01 6.510448798639887180e-13 4.516387264175136806e-13 -7.756215373187295148e-01
2.160000000000000000e+02 4.464868153459619862e+03 6.622171726861859593e-13 4.451994328746877727e-13 -7.757901630669399307e-01 6.622171726861859593e-13 4.451994328746877727e-13 -7.757901630669399307e-01
2.170000000000000000e+02 4.485538839355266646e+03 6.714723772680673659e-13 4.293232436225480342e-13 -7.762618045549348755e-01 6.714723772680673659e-13 4.293232436225480342e-13 -7.762618045549348755e-01
2.180000000000000000e+02 4.506209525250913430e+03 6.852029916593679073e-13 4.742872761198668741e-13 -7.770353356400218070e-01 6.852029916593679073e-13 4.742872761198668741e-13 -7.770353356400218070e-01
2.190000000000000000e+02 4.526880211146560214e+03 6.970866899764745664e-13 4.964917366123700049e-13 -7.780681671849960512e-01 6.970866899764745664e-13 4.964917366123700049e-13 -7.780681671849960512e-01
2.200000000000000000e+02 4.547550897042206998e+03 7.092283199198993895e-13 4.871658632055186899e-13 -7.792885042031123533e-01 7.092283199198993895e-13 4.871658632055186899e-13 -7.792885042031123533e-01
2.210000000000000000e+02 4.568221582937853782e+03 7.187763658332409169e-13 4.570788192381769477e-13 -7.806048358730439674e-01 7.187763658332409169e-13 4.570788192381769477e-13 -7.806048358730439674e-01
2.220000000000000000e+02 4.588892268833500566e+03 7.325816907374632025e-13 4.850564394587308925e-13 -7.819214002425106669e-01 7.325816907374632025e-13 4.850564394587308925e-13 -7.819214002425106669e-01
2.230000000000000000e+02 4.609562954729147350e+03 7.459601575146399802e-13 4.258815522462100489e-13 -7.831507109834969782e-01 7.459601575146399802e-13 4.258815522462100489e-13 -7.831507109834969782e-01
2.240000000000000000e+02 4.630233640624794134e+03 7.626505620331909492e-13 4.337641357210486603e-13 -7.842212993254381592e-01 7.626505620331909492e-13 4.337641357210486603e-13 -7.842212993254381592e-01
2.250000000000000000e+02 4.650904326520440918e+03 7.732789234326002750e-13 4.630740235711527930e-13 -7.850806627525621639e-01 7.732789234326002750e-13 4.630740235711527930e-13 -7.850806627525621639e-01
2.260000000000000000e+02 4.671575012416087702e+03 7.857484272374216324e-13 4.761746552617296402e-13 -7.856948571323192354e-01 7.857484272374216324e-13 4.761746552617296402e-13 -7.856948571323192354e-01
2.270000000000000000e+02 4.692245698311734486e+03 7.953083790951475972e-13 4.415356968934247561e-13 -7.860475020018391490e-01 7.953083790951475972e-13 4.415356968934247561e-13 -7.860475020018391490e-01
2.280000000000000000e+02 4.712916384207381270e+03 8.113654442243836387e-13 4.626299343613027304e-13 -7.861414952757096453e-01 8.113654442243836387e-13 4.626299343613027304e-13 -7.861414952757096453e-01
2.290000000000000000e+02 4.733587070103028054e+03 8.253935920688868072e-13 4.456435220845378353e-13 -7.859944847780888644e-01 8.253935920688868072e-13 4.456435220845378353e-13 -7.859944847780888644e-01
2.300000000000000000e+02 4.754257755998674838e+03 8.354822843644267863e-13 4.577449530529520416e-13 -7.856446678587828414e-01 8.354822843644267863e-13 4.577449530529520416e-13 -7.856446678587828414e-01
2.310000000000000000e+02 4.774928441894321622e+03 8.434774260615074752e-13 4.553024623987766972e-13 -7.851486901806685736e-01 8.434774260615074752e-13 4.553024623987766972e-13 -7.851486901806685736e-01
2.320000000000000000e+02 4.795599127789968406e+03 8.573548190082015524e-13 4.367617378875365830e-13 -7.845778101364792034e-01 8.573548190082015524e-13 4.367617378875365830e-13 -7.845778101364792034e-01
2.330000000000000000e+02 4.816269813685615190e+03 8.701949912812164598e-13 4.476419235288631171e-13 -7.840093898458666555e-01 8.701949912812164598e-13 4.476419235288631171e-13 -7.840093898458666555e-01
2.340000000000000000e+02 4.836940499581261975e+03 8.864936626473568805e-13 4.148903443024209992e-13 -7.835144365969370917e-01 8.864936626473568805e-13 4.148903443024209992e-13 -7.835144365969370917e-01
2.350000000000000000e+02 4.857611185476908759e+03 8.975966324510003196e-13 4.352074256530613638e-13 -7.831440861234804096e-01 8.975966324510003196e-13 4.352074256530613638e-13 -7.831440861234804096e-01
2.360000000000000000e+02 4.878281871372555543e+03 9.102114721241899341e-13 4.156675004196586087e-13 -7.829200576415467072e-01 9.102114721241899341e-13 4.156675004196586087e-13 -7.829200576415467072e-01
2.370000000000000000e+02 4.898952557268202327e+03 9.226167005535070931e-13 4.261035968511350802e-13 -7.828282582343979445e-01 9.226167005535070931e-13 4.261035968511350802e-13 -7.828282582343979445e-01
2.380000000000000000e+02 4.919623243163849111e+03 9.371720018527953893e-13 4.236611061969597358e-13 -7.828273204999476320e-01 9.371720018527953893e-13 4.236611061969597358e-13 -7.828273204999476320e-01
2.390000000000000000e+02 4.940293929059495895e+03 9.484147395895599116e-13 4.469757897140880232e-13 -7.828566259336869892e-01 9.484147395895599116e-13 4.469757897140880232e-13 -7.828566259336869892e-01
2.400000000000000000e+02 4.960964614955142679e+03 9.655168907564823697e-13 4.459765889919253823e-13 -7.828504314785953433e-01 9.655168907564823697e-13 4.459765889919253823e-13 -7.828504314785953433e-01
2.410000000000000000e+02 4.981635300850789463e+03 9.804427161886824537e-13 4.584110868677271355e-13 -7.827495760289541193e-01 9.804427161886824537e-13 4.584110868677271355e-13 -7.827495760289541193e-01
2.420000000000000000e+02 5.002305986746436247e+03 9.917028242878483030e-13 4.094502514817577321e-13 -7.825091136038652140e-01 9.917028242878483030e-13 4.094502514817577321e-13 -7.825091136038652140e-01
2.430000000000000000e+02 5.022976672642083031e+03 1.005175208639993809e-12 4.425348976155873970e-13 -7.821014928147503875e-01 1.005175208639993809e-12 4.425348976155873970e-13 -7.821014928147503875e-01
2.440000000000000000e+02 5.043647358537729815e+03 1.020395292051767389e-12 4.249933738265099237e-13 -7.815162908821708942e-01 1.020395292051767389e-12 4.249933738265099237e-13 -7.815162908821708942e-01
2.450000000000000000e+02 5.064318044433376599e+03 1.033662067651017696e-12 4.028999356364693085e-13 -7.807585665764587013e-01 1.033662067651017696e-12 4.028999356364693085e-13 -7.807585665764587013e-01
2.460000000000000000e+02 5.084988730329023383e+03 1.042974405150250922e-12 3.883560140138797578e-13 -7.798526282565364509e-01 1.042974405150250922e-12 3.883560140138797578e-13 -7.798526282565364509e-01
2.470000000000000000e+02 5.105659416224670167e+03 1.062024921720406150e-12 4.009015341921440267e-13 -7.788362033483098301e-01 1.062024921720406150e-12 4.009015341921440267e-13 -7.788362033483098301e-01
2.480000000000000000e+02 5.126330102120316951e+03 1.068527843965535135e-12 4.005684672847564798e-13 -7.777652452755690060e-01 1.068527843965535135e-12 4.005684672847564798e-13 -7.777652452755690060e-01
2.490000000000000000e+02 5.147000788015963735e+03 1.086474199690327000e-12 4.112266083211579826e-13 -7.767128464991527315e-01 1.086474199690327000e-12 4.112266083211579826e-13 -7.767128464991527315e-01
2.500000000000000000e+02 5.167671473911610519e+03 1.097265847780667001e-12 4.156675004196586087e-13 -7.757648148460528637e-01 1.097265847780667001e-12 4.156675004196586087e-13 -7.757648148460528637e-01
2.510000000000000000e+02 5.188342159807257303e+03 1.113520421108189462e-12 4.263256414560601115e-13 -7.750104422339193500e-01 1.113520421108189462e-12 4.263256414560601115e-13 -7.750104422339193500e-01
2.520000000000000000e+02 5.209012845702904087e+03 1.127304320116723427e-12 4.428679645229749440e-13 -7.745290000939862862e-01 1.127304320116723427e-12 4.428679645229749440e-13 -7.745290000939862862e-01
2.530000000000000000e+02 5.229683531598550871e+03 1.143650103521487133e-12 4.086730953645201225e-13 -7.743750126362290986e-01 1.143650103521487133e-12 4.086730953645201225e-13 -7.743750126362290986e-01
2.540000000000000000e+02 5.250354217494197655e+03 1.162829412829788053e-12 3.914646384828301962e-13 -7.745668405597444517e-01 1.162829412829788053e-12 3.914646384828301962e-13 -7.745668405597444517e-01
2.550000000000000000e+02 5.271024903389844440e+03 1.180740408026746704e-12 3.902433931557425240e-13 -7.750826106807067184e-01 1.180740408026746704e-12 3.902433931557425240e-13 -7.750826106807067184e-01
2.560000000000000000e+02 5.291695589285491224e+03 1.196273224001897089e-12 3.748112931134528480e-13 -7.758650178571050438e-01 1.196273224001897089e-12 3.748112931134528480e-13 -7.758650178571050438e-01
2.570000000000000000e+02 5.312366275181138008e+03 1.217265433700807423e-12 4.135580766728708113e-13 -7.768332034151395060e-01 1.217265433700807423e-12 4.135580766728708113e-13 -7.768332034151395060e-01
2.580000000000000000e+02 5.333036961076784792e+03 1.236849257428876463e-12 3.996802888650563546e-13 -7.778975470852361740e-01 1.236849257428876463e-12 3.996802888650563546e-13 -7.778975470852361740e-01
2.590000000000000000e+02 5.353707646972431576e+03 1.251215139594789073e-12 3.842481888227666786e-13 -7.789728984575736703e-01 1.251215139594789073e-12 3.842481888227666786e-13 -7.789728984575736703e-01
2.600000000000000000e+02 5.374378332868078360e+03 1.270468240217372050e-12 3.592681707687006565e-13 -7.799873747391766754e-01 1.270468240217372050e-12 3.592681707687006565e-13 -7.799873747391766754e-01
2.610000000000000000e+02 5.395049018763725144e+03 1.287061204595622680e-12 3.541611448554249364e-13 -7.808862163207054286e-01 1.287061204595622680e-12 3.541611448554249364e-13 -7.808862163207054286e-01
2.620000000000000000e+02 5.415719704659371928e+03 1.303266072190018704e-12 3.718136909469649254e-13 -7.816319048242269529e-01 1.303266072190018704e-12 3.718136909469649254e-13 -7.816319048242269529e-01
2.630000000000000000e+02 5.436390390555018712e+03 1.326438794731916157e-12 3.620437283302635478e-13 -7.822028738679498439e-01 1.326438794731916157e-12 3.620437283302635478e-13 -7.822028738679498439e-01
2.640000000000000000e+02 5.457061076450665496e+03 1.344027332190236324e-12 3.319566843629218056e-13 -7.825964666634350753e-01 1.344027332190236324e-12 3.319566843629218056e-13 -7.825964666634350753e-01
2.650000000000000000e+02 5.477731762346312280e+03 1.358764993055640454e-12 3.600453268859382661e-13 -7.828229951510278228e-01 1.358764993055640454e-12 3.600453268859382661e-13 -7.828229951510278228e-01
2.660000000000000000e+02 5.498402448241959064e+03 1.378117779644561096e-12 3.367306433688099787e-13 -7.829114270875069392e-01 1.378117779644561096e-12 3.367306433688099787e-13 -7.829114270875069392e-01
2.670000000000000000e+02 5.519073134137605848e+03 1.396615898233643262e-12 3.786970736996408959e-13 -7.829081986870946031e-01 1.396615898233643262e-12 3.786970736996408959e-13 -7.829081986870946031e-01
2.680000000000000000e+02 5.539743820033252632e+03 1.412225277557690346e-12 3.809175197488912090e-13 -7.828734954589910977e-01 1.412225277557690346e-12 3.809175197488912090e-13 -7.828734954589910977e-01
2.690000000000000000e+02 5.560414505928899416e+03 1.432896232910165554e-12 3.764766276503905829e-13 -7.828732509735720768e-01 1.432896232910165554e-12 3.764766276503905829e-13 -7.828732509735720768e-01
2.700000000000000000e+02 5.581085191824546200e+03 1.452926192784426350e-12 3.501643419667743728e-13 -7.829671499130114176e-01 1.452926192784426350e-12 3.501643419667743728e-13 -7.829671499130114176e-01
2.710000000000000000e+02 5.601755877720192984e+03 1.469769801719734537e-12 3.507194534790869511e-13 -7.831953298727755142e-01 1.469769801719734537e-12 3.507194534790869511e-13 -7.831953298727755142e-01
2.720000000000000000e+02 5.622426563615839768e+03 1.492342389618175738e-12 3.412825577697731205e-13 -7.835687829472202104e-01 1.492342389618175738e-12 3.412825577697731205e-13 -7.835687829472202104e-01
2.730000000000000000e+02 5.643097249511486552e+03 1.509024302354026801e-12 3.489430966396867007e-13 -7.840627227191560022e-01 1.509024302354026801e-12 3.489430966396867007e-13 -7.840627227191560022e-01
2.740000000000000000e+02 5.663767935407133336e+03 1.525572938924533869e-12 3.328448627826219308e-13 -7.846248079952903298e-01 1.525572938924533869e-12 3.328448627826219308e-13 -7.846248079952903298e-01
2.750000000000000000e+02 5.684438621302780120e+03 1.544442438492679363e-12 3.474998067076739972e-13 -7.851831461081428820e-01 1.544442438492679363e-12 3.474998067076739972e-13 -7.851831461081428820e-01
2.760000000000000000e+02 5.705109307198426905e+03 1.566389794825738325e-12 3.393951786279103544e-13 -7.856606661160806526e-01 1.566389794825738325e-12 3.393951786279103544e-13 -7.856606661160806526e-01
2.770000000000000000e+02 5.725779993094073689e+03 1.589010856780503886e-12 3.211875210240577871e-13 -7.859872895501712753e-01 1.589010856780503886e-12 3.211875210240577871e-13 -7.859872895501712753e-01
2.780000000000000000e+02 5.746450678989720473e+03 1.607059689319222241e-12 3.077538224260933930e-13 -7.861080670026293626e-01 1.607059689319222241e-12 3.077538224260933930e-13 -7.861080670026293626e-01
2.790000000000000000e+02 5.767121364885367257e+03 1.628129632436619507e-12 3.272937476594961481e-13 -7.859867517884348009e-01 1.628129632436619507e-12 3.272937476594961481e-13 -7.859867517884348009e-01
2.800000000000000000e+02 5.787792050781014041e+03 1.639793282353727225e-12 2.838840273966525274e-13 -7.856060426894345694e-01 1.639793282353727225e-12 2.838840273966525274e-13 -7.856060426894345694e-01
2.810000000000000000e+02 5.808462736676660825e+03 1.662450505925049628e-12 3.296252160112089769e-13 -7.849647840956727185e-01 1.662450505925049628e-12 3.296252160112089769e-13 -7.849647840956727185e-01
2.820000000000000000e+02 5.829133422572307609e+03 1.679495182152227167e-12 2.933209231059663580e-13 -7.840825324364204540e-01 1.679495182152227167e-12 2.933209231059663580e-13 -7.840825324364204540e-01
2.830000000000000000e+02 5.849804108467954393e+03 1.694610959196530769e-12 3.012035065808049694e-13 -7.829940039279087438e-01 1.694610959196530769e-12 3.012035065808049694e-13 -7.829940039279087438e-01
2.840000000000000000e+02 5.870474794363601177e+03 1.711754875825016371e-12 2.795541576006144169e-13 -7.817531600031280004e-01 1.711754875825016371e-12 2.795541576006144169e-13 -7.817531600031280004e-01
2.850000000000000000e+02 5.891145480259247961e+03 1.727656816283948324e-12 2.851052727237401996e-13 -7.804330208802583435e-01 1.727656816283948324e-12 2.851052727237401996e-13 -7.804330208802583435e-01
2.860000000000000000e+02 5.911816166154894745e+03 1.743482399863599947e-12 2.902122986370159197e-13 -7.791221682638075352e-01 1.743482399863599947e-12 2.902122986370159197e-13 -7.791221682638075352e-01
2.870000000000000000e+02 5.932486852050541529e+03 1.761045194728489542e-12 2.747801985947262438e-13 -7.779165568830986865e-01 1.761045194728489542e-12 2.747801985947262438e-13 -7.779165568830986865e-01
2.880000000000000000e+02 5.953157537946188313e+03 1.780668808454650844e-12 2.576827640154988330e-13 -7.769067185242597429e-01 1.780668808454650844e-12 2.576827640154988330e-13 -7.769067185242597429e-01
2.890000000000000000e+02 5.973828223841835097e+03 1.801154277740983622e-12 2.600142323672116618e-13 -7.761630242038067840e-01 1.801154277740983622e-12 2.600142323672116618e-13 -7.761630242038067840e-01
2.900000000000000000e+02 5.994498909737481881e+03 1.824064749833991677e-12 2.574607194105738017e-13 -7.757237881895755471e-01 1.824064749833991677e-12 2.574607194105738017e-13 -7.757237881895755471e-01
2.910000000000000000e+02 6.015169595633128665e+03 1.839828398339802600e-12 2.736699755701010872e-13 -7.755859136280381927e-01 1.839828398339802600e-12 2.736699755701010872e-13 -7.755859136280381927e-01
2.920000000000000000e+02 6.035840281528775449e+03 1.863117529970821153e-12 2.631228568361621001e-13 -7.757134709813756634e-01 1.863117529970821153e-12 2.631228568361621001e-13 -7.757134709813756634e-01
2.930000000000000000e+02 6.056510967424422233e+03 1.881647534194541396e-12 2.300382107023324352e-13 -7.760434937054796478e-01 1.881647534194541396e-12 2.300382107023324352e-13 -7.760434937054796478e-01
2.940000000000000000e+02 6.077181653320069017e+03 1.907636991660623581e-12 2.321476344491202326e-13 -7.765011957119727359e-01 1.907636991660623581e-12 2.321476344491202326e-13 -7.765011957119727359e-01
2.950000000000000000e+02 6.097852339215715801e+03 1.930139817820272205e-12 2.343680804983705457e-13 -7.770133360555202540e-01 1.930139817820272205e-12 2.343680804983705457e-13 -7.770133360555202540e-01
2.960000000000000000e+02 6.118523025111362585e+03 1.951632030626754544e-12 2.597921877622866305e-13 -7.775175661156934481e-01 1.951632030626754544e-12 2.597921877622866305e-13 -7.775175661156934481e-01
2.970000000000000000e+02 6.139193711007009369e+03 1.973008802136491609e-12 2.385869279919461405e-13 -7.779669694294569782e-01 1.973008802136491609e-12 2.385869279919461405e-13 -7.779669694294569782e-01
2.980000000000000000e+02 6.159864396902656154e+03 1.998381026479215423e-12 2.243760732767441368e-13 -7.783308864999862742e-01 1.998381026479215423e-12 2.243760732767441368e-13 -7.783308864999862742e-01
2.990000000000000000e+02 6.180535082798302938e+03 2.017815157161180046e-12 2.212674488077936985e-13 -7.785932735085822065e-01 2.017815157161180046e-12 2.212674488077936985e-13 -7.785932735085822065e-01
3.000000000000000000e+02 6.201205768693949722e+03 2.045528425695824461e-12 2.047251257408788661e-13 -7.787548404303623606e-01 2.045528425695824461e-12 2.047251257408788661e-13 -7.787548404303623606e-01
3.010000000000000000e+02 6.221876454589596506e+03 2.060913355037779807e-12 2.111644192837047740e-13 -7.788293017436634935e-01 2.060913355037779807e-12 2.111644192837047740e-13 -7.788293017436634935e-01
3.020000000000000000e+02 6.242547140485243290e+03 2.082835929925596105e-12 2.297051437949448882e-13 -7.788473795476704709e-01 2.082835929925596105e-12 2.297051437949448882e-13 -7.788473795476704709e-01
3.030000000000000000e+02 6.263217826380890074e+03 2.108919794851675275e-12 2.041700142285662878e-13 -7.788558024526816004e-01 2.108919794851675275e-12 2.041700142285662878e-13 -7.788558024526816004e-01
3.040000000000000000e+02 6.283888512276536858e+03 2.131072615648663829e-12 2.479128013987974555e-13 -7.789141334439568798e-01 2.131072615648663829e-12 2.479128013987974555e-13 -7.789141334439568798e-01
3.050000000000000000e+02 6.304559198172183642e+03 2.156673547981529427e-12 1.880717803715015179e-13 -7.790870360540713691e-01 2.156673547981529427e-12 1.880717803715015179e-13 -7.790870360540713691e-01
3.060000000000000000e+02 6.325229884067830426e+03 2.177799032957267984e-12 1.588729148238599009e-13 -7.794323323279084281e-01 2.177799032957267984e-12 1.588729148238599009e-13 -7.794323323279084281e-01
3.070000000000000000e+02 6.345900569963477210e+03 2.199830541923057354e-12 1.640909630395981367e-13 -7.799875678578037652e-01 2.199830541923057354e-12 1.640909630395981367e-13 -7.799875678578037652e-01
3.080000000000000000e+02 6.366571255859123994e+03 2.225468508736431365e-12 1.795230630818878126e-13 -7.807600594964044793e-01 2.225468508736431365e-12 1.795230630818878126e-13 -7.807600594964044793e-01
3.090000000000000000e+02 6.387241941754770778e+03 2.252427506266991433e-12 1.619815392928103392e-13 -7.817181371857644390e-01 2.252427506266991433e-12 1.619815392928103392e-13 -7.817181371857644390e-01
3.100000000000000000e+02 6.407912627650417562e+03 2.274517365049493814e-12 1.663114090888484498e-13 -7.828003848908584583e-01 2.274517365049493814e-12 1.663114090888484498e-13 -7.828003848908584583e-01
3.110000000000000000e+02 6.428583313546064346e+03 2.302347227512277366e-12 1.549871342376718530e-13 -7.839239883450885849e-01 2.302347227512277366e-12 1.549871342376718530e-13 -7.839239883450885849e-01
3.120000000000000000e+02 6.449253999441711130e+03 2.327434999491458778e-12 1.658673198789983871e-13 -7.849986530659052164e-01 2.327434999491458778e-12 1.658673198789983871e-13 -7.849986530659052164e-01
3.130000000000000000e+02 6.469924685337357914e+03 2.355973031837896042e-12 1.381117442633694736e-13 -7.859399838984475473e-01 2.355973031837896042e-12 1.381117442633694736e-13 -7.859399838984475473e-01
3.140000000000000000e+02 6.490595371233004698e+03 2.378796131662899552e-12 1.475486399726833042e-13 -7.866784981205440230e-01 2.378796131662899552e-12 1.475486399726833042e-13 -7.866784981205440230e-01
3.150000000000000000e+02 6.511266057128651482e+03 2.401401871758781342e-12 1.162403506782538898e-13 -7.871637967469311548e-01 2.401401871758781342e-12 1.162403506782538898e-13 -7.871637967469311548e-01
3.160000000000000000e+02 6.531936743024298266e+03 2.422574018623095574e-12 1.336708521648688475e-13 -7.873650717674925970e-01 2.422574018623095574e-12 1.336708521648688475e-13 -7.873650717674925970e-01
3.170000000000000000e+02 6.552607428919945050e+03 2.447621516704707375e-12 1.358912982141191605e-13 -7.872700226411040170e-01 2.447621516704707375e-12 1.358912982141191605e-13 -7.872700226411040170e-01
3.180000000000000000e+02 6.573278114815591834e+03 2.467809595597573461e-12 1.330047183500937535e-13 -7.868840577364922817e-01 2.467809595597573461e-12 1.330047183500937535e-13 -7.868840577364922817e-01
3.190000000000000000e+02 6.593948800711238619e+03 2.488967638209059681e-12 1.345590305845689727e-13 -7.862306733138844095e-01 2.488967638209059681e-12 1.345590305845689727e-13 -7.862306733138844095e-01
3.200000000000000000e+02 6.614619486606885403e+03 2.513056934388057725e-12 1.185718190299667185e-13 -7.853526161001402883e-01 2.513056934388057725e-12 1.185718190299667185e-13 -7.853526161001402883e-01
3.210000000000000000e+02 6.635290172502532187e+03 2.532687073980382879e-12 1.104671909502030758e-13 -7.843122649255966916e-01 2.532687073980382879e-12 1.104671909502030758e-13 -7.843122649255966916e-01
3.220000000000000000e+02 6.655960858398178971e+03 2.551210388521430946e-12 1.106892355551281071e-13 -7.831891179469179232e-01 2.551210388521430946e-12 1.106892355551281071e-13 -7.831891179469179232e-01
3.230000000000000000e+02 6.676631544293825755e+03 2.569294023869070176e-12 9.359180097590069636e-14 -7.820727200450364736e-01 2.569294023869070176e-12 9.359180097590069636e-14 -7.820727200450364736e-01
3.240000000000000000e+02 6.697302230189472539e+03 2.591138071703621749e-12 8.626432901337466319e-14 -7.810509507425538178e-01 2.591138071703621749e-12 8.626432901337466319e-14 -7.810509507425538178e-01
3.250000000000000000e+02 6.717972916085119323e+03 2.613550958016793016e-12 8.593126210598711623e-14 -7.801959271559693043e-01 2.613550958016793016e-12 8.593126210598711623e-14 -7.801959271559693043e-01
3.260000000000000000e+02 6.738643601980766107e+03 2.634201694164067906e-12 5.928590951498335926e-14 -7.795520797686550374e-01 2.634201694164067906e-12 5.928590951498335926e-14 -7.795520797686550374e-01
3.270000000000000000e+02 6.759314287876412891e+03 2.656726573369356575e-12 1.083577672034152783e-13 -7.791257368173254427e-01 2.656726573369356575e-12 1.083577672034152783e-13 -7.791257368173254427e-01
3.280000000000000000e+02 6.779984973772059675e+03 2.680491057249522184e-12 5.506706202140776441e-14 -7.788912677046455624e-01 2.680491057249522184e-12 5.506706202140776441e-14 -7.788912677046455624e-01
3.290000000000000000e+02 6.800655659667706459e+03 2.704590268420702391e-12 7.260858581048523774e-14 -7.787977150230993573e-01 2.704590268420702391e-12 7.260858581048523774e-14 -7.787977150230993573e-01
3.300000000000000000e+02 6.821326345563353243e+03 2.729058052508543722e-12 6.605826996519681416e-14 -7.787813913893154583e-01 2.729058052508543722e-12 6.605826996519681416e-14 -7.787813913893154583e-01
3.310000000000000000e+02 6.841997031459000027e+03 2.755966151145682931e-12 8.271161533457416226e-14 -7.787793936248768034e-01 2.755966151145682931e-12 8.271161533457416226e-14 -7.787793936248768034e-01
3.320000000000000000e+02 6.862667717354646811e+03 2.781193018026303511e-12 2.564615186884111608e-14 -7.787391589570016315e-01 2.781193018026303511e-12 2.564615186884111608e-14 -7.787391589570016315e-01
3.330000000000000000e+02 6.883338403250293595e+03 2.807390740207100660e-12 6.739053759474700200e-14 -7.786233728244243979e-01 2.807390740207100660e-12 6.739053759474700200e-14 -7.786233728244243979e-01
3.340000000000000000e+02 6.904009089145940379e+03 2.827990676349647694e-12 5.095923683029468521e-14 -7.784110808406824455e-01 2.827990676349647694e-12 5.095923683029468521e-14 -7.784110808406824455e-01
3.350000000000000000e+02 6.924679775041587163e+03 2.850972390796571703e-12 4.385380947269368335e-14 -7.780961755043989125e-01 2.850972390796571703e-12 4.385380947269368335e-14 -7.780961755043989125e-01
3.360000000000000000e+02 6.945350460937233947e+03 2.877162599184053491e-12 4.074518500374324503e-14 -7.776889392432704273e-01 2.877162599184053491e-12 4.074518500374324503e-14 -7.776889392432704273e-01
3.370000000000000000e+02 6.966021146832880731e+03 2.902100636509691422e-12 3.053113317719180486e-14 -7.772131010358317438e-01 2.902100636509691422e-12 3.053113317719180486e-14 -7.772131010358317438e-01
3.380000000000000000e+02 6.986691832728527515e+03 2.922797345826098844e-12 2.142730437526552123e-14 -7.767088494580367541e-01 2.922797345826098844e-12 2.142730437526552123e-14 -7.767088494580367541e-01
3.390000000000000000e+02 7.007362518624174299e+03 2.952415203776862764e-12 -1.032507412901395583e-14 -7.762324887041698318e-01 2.952415203776862764e-12 -1.032507412901395583e-14 -7.762324887041698318e-01
3.400000000000000000e+02 7.028033204519821084e+03 2.972114942028729811e-12 5.662137425588298356e-15 -7.758535388313134717e-01 2.972114942028729811e-12 5.662137425588298356e-15 -7.758535388313134717e-01
3.410000000000000000e+02 7.048703890415467868e+03 2.998748798850492825e-12 -5.662137425588298356e-15 -7.756472981931848976e-01 2.998748798850492825e-12 -5.662137425588298356e-15 -7.756472981931848976e-01
3.420000000000000000e+02 7.069374576311114652e+03 3.025342815592738362e-12 9.325873406851314940e-15 -7.756828270134838998e-01 3.025342815592738362e-12 9.325873406851314940e-15 -7.756828270134838998e-01
3.430000000000000000e+02 7.090045262206761436e+03 3.052834577049553875e-12 7.327471962526033167e-15 -7.760086842156506126e-01 3.052834577049553875e-12 7.327471962526033167e-15 -7.760086842156506126e-01
3.440000000000000000e+02 7.110715948102408220e+03 3.084937794879949839e-12 -4.651834473179405904e-14 -7.766418760342648220e-01 3.084937794879949839e-12 -4.651834473179405904e-14 -7.766418760342648220e-01
3.450000000000000000e+02 7.131386633998055004e+03 3.113850179853823744e-12 -1.243449787580175325e-14 -7.775587434384730878e-01 3.113850179853823744e-12 -1.243449787580175325e-14 -7.775587434384730878e-01
3.460000000000000000e+02 7.152057319893701788e+03 3.145957011691398183e-12 -3.330669073875469621e-16 -7.787005341159157767e-01 3.145957011691398183e-12 -3.330669073875469621e-16 -7.787005341159157767e-01
3.470000000000000000e+02 7.172728005789348572e+03 3.177681355488846032e-12 -3.952393967665557284e-14 -7.799832729261363395e-01 3.177681355488846032e-12 -3.952393967665557284e-14 -7.799832729261363395e-01
3.480000000000000000e+02 7.193398691684995356e+03 3.211968953403291544e-12 -4.107825191113079200e-15 -7.813114306695202460e-01 3.211968953403291544e-12 -4.107825191113079200e-15 -7.813114306695202460e-01
3.490000000000000000e+02 7.214069377580642140e+03 3.242384293213114564e-12 -5.351274978693254525e-14 -7.825922781344886170e-01 3.242384293213114564e-12 -5.351274978693254525e-14 -7.825922781344886170e-01
3.500000000000000000e+02 7.234740063476288924e+03 3.276951318489038492e-12 -3.674838211509268149e-14 -7.837460458518965556e-01 3.276951318489038492e-12 -3.674838211509268149e-14 -7.837460458518965556e-01
3.510000000000000000e+02 7.255410749371935708e+03 3.302266701144273855e-12 -3.796962744218035368e-14 -7.847110449963247136e-01 3.302266701144273855e-12 -3.796962744218035368e-14 -7.847110449963247136e-01
3.520000000000000000e+02 7.276081435267582492e+03 3.339472817686657624e-12 -4.962696920074449736e-14 -7.854446745847688538e-01 3.339472817686657624e-12 -4.962696920074449736e-14 -7.854446745847688538e-01
3.530000000000000000e+02 7.296752121163229276e+03 3.363072285475564949e-12 -8.038014698286133353e-14 -7.859217943972834908e-01 3.363072285475564949e-12 -8.038014698286133353e-14 -7.859217943972834908e-01
3.540000000000000000e+02 7.317422807058876060e+03 3.391765940632049388e-12 -7.438494264988548821e-14 -7.861370785557512120e-01 3.391765940632049388e-12 -7.438494264988548821e-14 -7.861370785557512120e-01
3.550000000000000000e+02 7.338093492954522844e+03 3.420507086432361323e-12 -6.850076061937215854e-14 -7.861001009311804344e-01 3.420507086432361323e-12 -6.850076061937215854e-14 -7.861001009311804344e-01
3.560000000000000000e+02 7.358764178850169628e+03 3.447176000109105418e-12 -5.873079800267078099e-14 -7.858394654446599903e-01 3.447176000109105418e-12 -5.873079800267078099e-14 -7.858394654446599903e-01
3.570000000000000000e+02 7.379434864745816412e+03 3.474477451786731223e-12 -7.982503547054875526e-14 -7.854032467335477774e-01 3.474477451786731223e-12 -7.982503547054875526e-14 -7.854032467335477774e-01
3.580000000000000000e+02 7.400105550641463196e+03 3.496988154348011244e-12 -8.459899447643692838e-14 -7.848565088533137057e-01 3.496988154348011244e-12 -8.459899447643692838e-14 -7.848565088533137057e-01
3.590000000000000000e+02 7.420776236537109980e+03 3.522786971859886734e-12 -1.187938636348917498e-13 -7.842750914413767482e-01 3.522786971859886734e-12 -1.187938636348917498e-13 -7.842750914413767482e-01
3.600000000000000000e+02 7.441446922432756764e+03 3.547326312895057789e-12 -8.970602038971264847e-14 -7.837348089171672916e-01 3.547326312895057789e-12 -8.970602038971264847e-14 -7.837348089171672916e-01
3.610000000000000000e+02 7.462117608328403549e+03 3.579728964398018363e-12 -9.459100169806333724e-14 -7.832979546789305969e-01 3.579728964398018363e-12 -9.459100169806333724e-14 -7.832979546789305969e-01
3.620000000000000000e+02 7.482788294224050333e+03 3.604875383702121838e-12 -1.120215031846782949e-13 -7.830014691876943100e-01 3.604875383702121838e-12 -1.120215031846782949e-13 -7.830014691876943100e-01
3.630000000000000000e+02 7.503458980119697117e+03 3.630065957555743763e-12 -1.123545700920658419e-13 -7.828479392930411951e-01 3.630065957555743763e-12 -1.123545700920658419e-13 -7.828479392930411951e-01
3.640000000000000000e+02 7.524129666015343901e+03 3.658322832557109678e-12 -1.249000902703301108e-13 -7.828085712221298786e-01 3.658322832557109678e-12 -1.249000902703301108e-13 -7.828085712221298786e-01
3.650000000000000000e+02 7.544800351910990685e+03 3.689881455859917958e-12 -1.042499420123021991e-13 -7.828302103069563200e-01 3.689881455859917958e-12 -1.042499420123021991e-13 -7.828302103069563200e-01
3.660000000000000000e+02 7.565471037806637469e+03 3.715556787953061257e-12 -1.325606291402436909e-13 -7.828479603923857999e-01 3.715556787953061257e-12 -1.325606291402436909e-13 -7.828479603923857999e-01
3.670000000000000000e+02 7.586141723702284253e+03 3.743331942904829093e-12 -1.302291607885308622e-13 -7.827982905341943631e-01 3.743331942904829093e-12 -1.302291607885308622e-13 -7.827982905341943631e-01
3.680000000000000000e+02 7.606812409597931037e+03 3.776020627998427794e-12 -1.307842723008434405e-13 -7.826288029821460990e-01 3.776020627998427794e-12 -1.307842723008434405e-13 -7.826288029821460990e-01
3.690000000000000000e+02 7.627483095493577821e+03 3.803006631287716935e-12 -1.483257960899209138e-13 -7.823034649709069699e-01 3.803006631287716935e-12 -1.483257960899209138e-13 -7.823034649709069699e-01
3.700000000000000000e+02 7.648153781389224605e+03 3.830603152724346465e-12 -1.630917623174354958e-13 -7.818038915541203338e-01 3.830603152724346465e-12 -1.630917623174354958e-13 -7.818038915541203338e-01
3.710000000000000000e+02 7.668824467284871389e+03 3.853677882243921304e-12 -1.547650896327468217e-13 -7.811277895212489497e-01 3.853677882243921304e-12 -1.547650896327468217e-13 -7.811277895212489497e-01
3.720000000000000000e+02 7.689495153180518173e+03 3.882091033278038916e-12 -1.527666881884215400e-13 -7.802896054132152370e-01 3.882091033278038916e-12 -1.527666881884215400e-13 -7.802896054132152370e-01
3.730000000000000000e+02 7.710165839076164957e+03 3.902498863879797979e-12 -1.862954235321012675e-13 -7.793214371211424352e-01 3.902498863879797979e-12 -1.862954235321012675e-13 -7.793214371211424352e-01
3.740000000000000000e+02 7.730836524971811741e+03 3.926795613012903760e-12 -1.804112415015879378e-13 -7.782699387416913694e-01 3.926795613012903760e-12 -1.804112415015879378e-13 -7.782699387416913694e-01
3.750000000000000000e+02 7.751507210867458525e+03 3.957718434513861964e-12 -1.952882300315650355e-13 -7.772002791951393430e-01 3.957718434513861964e-12 -1.952882300315650355e-13 -7.772002791951393430e-01
3.760000000000000000e+02 7.772177896763105309e+03 3.976454921400906560e-12 -1.952882300315650355e-13 -7.761929762183416015e-01 3.976454921400906560e-12 -1.952882300315650355e-13 -7.761929762183416015e-01
3.770000000000000000e+02 7.792848582658752093e+03 4.006046545795732466e-12 -2.011724120620783651e-13 -7.753370771702103870e-01 4.006046545795732466e-12 -2.011724120620783651e-13 -7.753370771702103870e-01
3.780000000000000000e+02 7.813519268554398877e+03 4.034819149723721152e-12 -1.849631559025510796e-13 -7.747184635116772800e-01 4.034819149723721152e-12 -1.849631559025510796e-13 -7.747184635116772800e-01
3.790000000000000000e+02 7.834189954450045661e+03 4.067838430183283821e-12 -2.192690473634684167e-13 -7.744051993097526010e-01 4.067838430183283821e-12 -2.192690473634684167e-13 -7.744051993097526010e-01
3.800000000000000000e+02 7.854860640345692445e+03 4.094944949746616512e-12 -2.197131365733184793e-13 -7.744339448171193574e-01 4.094944949746616512e-12 -2.197131365733184793e-13 -7.744339448171193574e-01
3.810000000000000000e+02 7.875531326241339229e+03 4.134049563570152689e-12 -2.102762408640046488e-13 -7.748019827442310659e-01 4.134049563570152689e-12 -2.102762408640046488e-13 -7.748019827442310659e-01
3.820000000000000000e+02 7.896202012136986014e+03 4.170041249117732496e-12 -2.433608869978343137e-13 -7.754678030798125565e-01 4.170041249117732496e-12 -2.433608869978343137e-13 -7.754678030798125565e-01
3.830000000000000000e+02 7.916872698032632798e+03 4.203102134732848363e-12 -2.425837308805967041e-13 -7.763600002859830651e-01 4.203102134732848363e-12 -2.425837308805967041e-13 -7.763600002859830651e-01
3.840000000000000000e+02 7.937543383928279582e+03 4.241444786323237519e-12 -2.786659791809142916e-13 -7.773912671868901114e-01 4.241444786323237519e-12 -2.786659791809142916e-13 -7.773912671868901114e-01
3.850000000000000000e+02 7.958214069823926366e+03 4.275439059538050070e-12 -2.556843625711735513e-13 -7.784728646626655202e-01 4.275439059538050070e-12 -2.556843625711735513e-13 -7.784728646626655202e-01
3.860000000000000000e+02 7.978884755719573150e+03 4.316405558611395713e-12 -2.604583215770617244e-13 -7.795257534277759692e-01 4.316405558611395713e-12 -2.604583215770617244e-13 -7.795257534277759692e-01
3.870000000000000000e+02 7.999555441615219934e+03 4.349175978167893287e-12 -2.782218899710642290e-13 -7.804867391326717474e-01 4.349175978167893287e-12 -2.782218899710642290e-13 -7.804867391326717474e-01
3.880000000000000000e+02 8.020226127510866718e+03 4.386355619628785290e-12 -2.692290834716004611e-13 -7.813101952443096687e-01 4.386355619628785290e-12 -2.692290834716004611e-13 -7.813101952443096687e-01
3.890000000000000000e+02 8.040896813406513502e+03 4.424061832911442828e-12 -3.226308109560704906e-13 -7.819667782679861068e-01 4.424061832911442828e-12 -3.226308109560704906e-13 -7.819667782679861068e-01
3.900000000000000000e+02 8.061567499302160286e+03 4.453446245505949167e-12 -2.994271497414047190e-13 -7.824449732371960842e-01 4.453446245505949167e-12 -2.994271497414047190e-13 -7.824449732371960842e-01
3.910000000000000000e+02 8.082238185197807070e+03 4.489667827336526887e-12 -2.816635813474022143e-13 -7.827488372450339682e-01 4.489667827336526887e-12 -2.816635813474022143e-13 -7.827488372450339682e-01
3.920000000000000000e+02 8.102908871093453854e+03 4.519088742908175872e-12 -2.996491943463297503e-13 -7.828980873467585866e-01 4.519088742908175872e-12 -2.996491943463297503e-13 -7.828980873467585866e-01
3.930000000000000000e+02 8.123579556989100638e+03 4.552582502186656194e-12 -3.157474282033945201e-13 -7.829310854658232399e-01 4.552582502186656194e-12 -3.157474282033945201e-13 -7.829310854658232399e-01
3.940000000000000000e+02 8.144250242884747422e+03 4.582868312355212368e-12 -3.151923166910819418e-13 -7.829021520449771510e-01 4.582868312355212368e-12 -3.151923166910819418e-13 -7.829021520449771510e-01
3.950000000000000000e+02 8.164920928780394206e+03 4.619111657843633770e-12 -3.401723347451479640e-13 -7.828757787538612734e-01 4.619111657843633770e-12 -3.401723347451479640e-13 -7.828757787538612734e-01
3.960000000000000000e+02 8.185591614676040990e+03 4.650185664617200201e-12 -3.319566843629218056e-13 -7.829163398251194339e-01 4.650185664617200201e-12 -3.319566843629218056e-13 -7.829163398251194339e-01
3.970000000000000000e+02 8.206262300571686865e+03 4.685907737533562691e-12 -3.260725023324084759e-13 -7.830749604859283952e-01 4.685907737533562691e-12 -3.260725023324084759e-13 -7.830749604859283952e-01
3.980000000000000000e+02 8.226932986467332739e+03 4.720469738452657842e-12 -3.600453268859382661e-13 -7.833775664795104010e-01 4.720469738452657842e-12 -3.600453268859382661e-13 -7.833775664795104010e-01
3.990000000000000000e+02 8.247603672362978614e+03 4.749876360617572673e-12 -3.597122599785507191e-13 -7.838165399006238321e-01 4.749876360617572673e-12 -3.597122599785507191e-13 -7.838165399006238321e-01
4.000000000000000000e+02 8.268274358258624488e+03 4.793966461025496028e-12 -3.600453268859382661e-13 -7.843518395958505307e-01 4.793966461025496028e-12 -3.600453268859382661e-13 -7.843518395958505307e-01
4.010000000000000000e+02 8.288945044154270363e+03 4.829950067347894805e-12 -3.901323708532800083e-13 -7.849193281112543108e-01 4.829950067347894805e-12 -3.901323708532800083e-13 -7.849193281112543108e-01
4.020000000000000000e+02 8.309615730049916237e+03 4.862616753751380275e-12 -3.991251773527437763e-13 -7.854427802643398904e-01 4.862616753751380275e-12 -3.991251773527437763e-13 -7.854427802643398904e-01
4.030000000000000000e+02 8.330286415945562112e+03 4.900249560546258762e-12 -4.068967385251198721e-13 -7.858475133865472362e-01 4.900249560546258762e-12 -4.068967385251198721e-13 -7.858475133865472362e-01
4.040000000000000000e+02 8.350957101841207987e+03 4.936428734249714021e-12 -4.000133557724439015e-13 -7.860706593081518978e-01 4.936428734249714021e-12 -4.000133557724439015e-13 -7.860706593081518978e-01
4.050000000000000000e+02 8.371627787736853861e+03 4.966165359609285054e-12 -4.287681321102354559e-13 -7.860668539615429662e-01 4.966165359609285054e-12 -4.287681321102354559e-13 -7.860668539615429662e-01
4.060000000000000000e+02 8.392298473632499736e+03 4.996613951873030045e-12 -4.600764214046648704e-13 -7.858098787876858227e-01 4.996613951873030045e-12 -4.600764214046648704e-13 -7.858098787876858227e-01
4.070000000000000000e+02 8.412969159528145610e+03 5.023942976647114305e-12 -4.425348976155873970e-13 -7.852911150905060866e-01 5.023942976647114305e-12 -4.425348976155873970e-13 -7.852911150905060866e-01
4.080000000000000000e+02 8.433639845423791485e+03 5.056509486897926348e-12 -4.533040609544514155e-13 -7.845198231839083380e-01 5.056509486897926348e-12 -4.533040609544514155e-13 -7.845198231839083380e-01
4.090000000000000000e+02 8.454310531319437359e+03 5.085792350109038828e-12 -4.447553436648377101e-13 -7.835238570329374763e-01 5.085792350109038828e-12 -4.447553436648377101e-13 -7.835238570329374763e-01
4.100000000000000000e+02 8.474981217215083234e+03 5.108947123330441262e-12 -4.550804177938516659e-13 -7.823475621359448073e-01 5.108947123330441262e-12 -4.550804177938516659e-13 -7.823475621359448073e-01
4.110000000000000000e+02 8.495651903110729108e+03 5.130518595334111488e-12 -4.660716257376407157e-13 -7.810550620020833001e-01 5.130518595334111488e-12 -4.660716257376407157e-13 -7.810550620020833001e-01
4.120000000000000000e+02 8.516322589006374983e+03 5.157893352778289916e-12 -4.678479825770409661e-13 -7.797281950304879583e-01 5.157893352778289916e-12 -4.678479825770409661e-13 -7.797281950304879583e-01
4.130000000000000000e+02 8.536993274902020858e+03 5.185992929731004453e-12 -4.820588372922429699e-13 -7.784607308783647595e-01 5.185992929731004453e-12 -4.820588372922429699e-13 -7.784607308783647595e-01
4.140000000000000000e+02 8.557663960797666732e+03 5.210232615149375893e-12 -5.087041898832467268e-13 -7.773476037493275426e-01 5.210232615149375893e-12 -5.087041898832467268e-13 -7.773476037493275426e-01
4.150000000000000000e+02 8.578334646693312607e+03 5.241519444544660810e-12 -4.952704912852823327e-13 -7.764706112838501983e-01 5.241519444544660810e-12 -4.952704912852823327e-13 -7.764706112838501983e-01
4.160000000000000000e+02 8.599005332588958481e+03 5.268663172156794951e-12 -5.198064201294982922e-13 -7.758846980991154219e-01 5.268663172156794951e-12 -5.198064201294982922e-13 -7.758846980991154219e-01
4.170000000000000000e+02 8.619676018484604356e+03 5.303737455851328957e-12 -5.189182417097981670e-13 -7.756067706246707605e-01 5.303737455851328957e-12 -5.189182417097981670e-13 -7.756067706246707605e-01
4.180000000000000000e+02 8.640346704380250230e+03 5.338897062330679724e-12 -5.361266985914880934e-13 -7.756155992667614907e-01 5.338897062330679724e-12 -5.361266985914880934e-13 -7.756155992667614907e-01
4.190000000000000000e+02 8.661017390275896105e+03 5.376114241484844679e-12 -5.324629626102250768e-13 -7.758596348832236256e-01 5.376114241484844679e-12 -5.324629626102250768e-13 -7.758596348832236256e-01
4.200000000000000000e+02 8.681688076171541979e+03 5.416039661294883696e-12 -5.564437799421284581e-13 -7.762678402164008284e-01 5.416039661294883696e-12 -5.564437799421284581e-13 -7.762678402164008284e-01
4.210000000000000000e+02 8.702358762067187854e+03 5.450684178152945460e-12 -5.371258993136507343e-13 -7.767647302975423385e-01 5.450684178152945460e-12 -5.371258993136507343e-13 -7.767647302975423385e-01
4.220000000000000000e+02 8.723029447962833729e+03 5.493418971021200312e-12 -5.583311590839912242e-13 -7.772818319427015066e-01 5.493418971021200312e-12 -5.583311590839912242e-13 -7.772818319427015066e-01
4.230000000000000000e+02 8.743700133858479603e+03 5.530329157104411375e-12 -5.595524044110788964e-13 -7.777645001522210944e-01 5.530329157104411375e-12 -5.595524044110788964e-13 -7.777645001522210944e-01
4.240000000000000000e+02 8.764370819754125478e+03 5.565157333983969211e-12 -5.849765116749949811e-13 -7.781742945793262978e-01 5.565157333983969211e-12 -5.849765116749949811e-13 -7.781742945793262978e-01
4.250000000000000000e+02 8.785041505649771352e+03 5.602617669976324620e-12 -5.774269951075439167e-13 -7.784884308828244892e-01 5.602617669976324620e-12 -5.774269951075439167e-13 -7.784884308828244892e-01
4.260000000000000000e+02 8.805712191545417227e+03 5.641176057546747323e-12 -5.989653217852719536e-13 -7.786991026308121011e-01 5.641176057546747323e-12 -5.989653217852719536e-13 -7.786991026308121011e-01
4.270000000000000000e+02 8.826382877441063101e+03 5.679525135384502703e-12 -6.284972542403011175e-13 -7.788140681252274655e-01 5.679525135384502703e-12 -6.284972542403011175e-13 -7.788140681252274655e-01
4.280000000000000000e+02 8.847053563336708976e+03 5.709852812131810881e-12 -6.121769757783113164e-13 -7.788556365948299254e-01 5.709852812131810881e-12 -6.121769757783113164e-13 -7.788556365948299254e-01
4.290000000000000000e+02 8.867724249232354850e+03 5.748579970616483686e-12 -6.122879980807738320e-13 -7.788629982417842879e-01 5.748579970616483686e-12 -6.122879980807738320e-13 -7.788629982417842879e-01
4.300000000000000000e+02 8.888394935128000725e+03 5.779219918332150844e-12 -6.213918268827001157e-13 -7.788902072714950497e-01 5.779219918332150844e-12 -6.213918268827001157e-13 -7.788902072714950497e-01
4.310000000000000000e+02 8.909065621023646599e+03 5.817108633524463408e-12 -6.253886297713506792e-13 -7.790007271274230760e-01 5.817108633524463408e-12 -6.253886297713506792e-13 -7.790007271274230760e-01
4.320000000000000000e+02 8.929736306919292474e+03 5.856500447301221261e-12 -6.313838341043265245e-13 -7.792573204867225822e-01 5.856500447301221261e-12 -6.313838341043265245e-13 -7.792573204867225822e-01
4.330000000000000000e+02 8.950406992814938349e+03 5.894733328606107377e-12 -6.344924585732769629e-13 -7.797088244160229609e-01 5.894733328606107377e-12 -6.344924585732769629e-13 -7.797088244160229609e-01
4.340000000000000000e+02 8.971077678710584223e+03 5.936702152208970848e-12 -6.633582572135310329e-13 -7.803780841898435572e-01 5.936702152208970848e-12 -6.633582572135310329e-13 -7.803780841898435572e-01
4.350000000000000000e+02 8.991748364606230098e+03 5.977611541571901266e-12 -6.681322162194192060e-13 -7.812525248932720157e-01 5.977611541571901266e-12 -6.681322162194192060e-13 -7.812525248932720157e-01
4.360000000000000000e+02 9.012419050501875972e+03 6.023414462980441918e-12 -6.480371794737038726e-13 -7.822833793556452919e-01 6.023414462980441918e-12 -6.480371794737038726e-13 -7.822833793556452919e-01
4.370000000000000000e+02 9.033089736397521847e+03 6.069627097412410417e-12 -7.165379400930760312e-13 -7.833968994688674803e-01 6.069627097412410417e-12 -7.165379400930760312e-13 -7.833968994688674803e-01
4.380000000000000000e+02 9.053760422293167721e+03 6.116534660347836651e-12 -7.261968804073148931e-13 -7.845045201174279947e-01 6.116534660347836651e-12 -7.261968804073148931e-13 -7.845045201174279947e-01
4.390000000000000000e+02 9.074431108188813596e+03 6.155287730419801290e-12 -7.380762667708040681e-13 -7.855176386899175300e-01 6.155287730419801290e-12 -7.380762667708040681e-13 -7.855176386899175300e-01
4.400000000000000000e+02 9.095101794084459470e+03 6.193679567638605170e-12 -7.084333120133123884e-13 -7.863588608120193335e-01 6.193679567638605170e-12 -7.084333120133123884e-13 -7.863588608120193335e-01
4.410000000000000000e+02 9.115772479980105345e+03 6.235402956042337839e-12 -7.139844271364381711e-13 -7.869684408387307428e-01 6.235402956042337839e-12 -7.139844271364381711e-13 -7.869684408387307428e-01
4.420000000000000000e+02 9.136443165875751220e+03 6.274590284387068524e-12 -7.335243523698409263e-13 -7.873063135946563040e-01 6.274590284387068524e-12 -7.335243523698409263e-13 -7.873063135946563040e-01
4.430000000000000000e+02 9.157113851771397094e+03 6.310026366609186748e-12 -7.530642776032436814e-13 -7.873515044217443970e-01 6.310026366609186748e-12 -7.530642776032436814e-13 -7.873515044217443970e-01
4.440000000000000000e+02 9.177784537667042969e+03 6.343080145192005575e-12 -7.519540545786185248e-13 -7.871010065519554733e-01 6.343080145192005575e-12 -7.519540545786185248e-13 -7.871010065519554733e-01
4.450000000000000000e+02 9.198455223562688843e+03 6.372244198144025939e-12 -7.734923812563465617e-13 -7.865695699420390818e-01 6.372244198144025939e-12 -7.734923812563465617e-13 -7.865695699420390818e-01
4.460000000000000000e+02 9.219125909458334718e+03 6.403517705182436027e-12 -7.703837567873961234e-13 -7.857906145168535028e-01 6.403517705182436027e-12 -7.703837567873961234e-13 -7.857906145168535028e-01
4.470000000000000000e+02 9.239796595353980592e+03 6.427362891894034951e-12 -7.516209876712309779e-13 -7.848172381941926901e-01 6.427362891894034951e-12 -7.516209876712309779e-13 -7.848172381941926901e-01
4.480000000000000000e+02 9.260467281249626467e+03 6.454686542990386128e-12 -7.753797603982093278e-13 -7.837213527584704353e-01 6.454686542990386128e-12 -7.753797603982093278e-13 -7.837213527584704353e-01
4.490000000000000000e+02 9.281137967145272341e+03 6.483028825833937221e-12 -7.914779942552740977e-13 -7.825889272675041752e-01 6.483028825833937221e-12 -7.914779942552740977e-13 -7.825889272675041752e-01
4.500000000000000000e+02 9.301808653040918216e+03 6.508213334500309582e-12 -7.917000388601991290e-13 -7.815103696677799805e-01 6.508213334500309582e-12 -7.917000388601991290e-13 -7.815103696677799805e-01
4.510000000000000000e+02 9.322479338936564091e+03 6.537231857142276320e-12 -7.800426971016349853e-13 -7.805671276582768492e-01 6.537231857142276320e-12 -7.800426971016349853e-13 -7.805671276582768492e-01
4.520000000000000000e+02 9.343150024832209965e+03 6.570017690374193112e-12 -7.984723993104125839e-13 -7.798181965088903933e-01 6.570017690374193112e-12 -7.984723993104125839e-13 -7.798181965088903933e-01
4.530000000000000000e+02 9.363820710727855840e+03 6.605288558662297161e-12 -8.060219158778636483e-13 -7.792889902353611342e-01 6.605288558662297161e-12 -8.060219158778636483e-13 -7.792889902353611342e-01
4.540000000000000000e+02 9.384491396623501714e+03 6.636534642541538249e-12 -8.082423619271139614e-13 -7.789676580736836220e-01 6.636534642541538249e-12 -8.082423619271139614e-13 -7.789676580736836220e-01
4.550000000000000000e+02 9.405162082519147589e+03 6.673239714561519256e-12 -8.048006705507759762e-13 -7.788145523711780260e-01 6.673239714561519256e-12 -8.048006705507759762e-13 -7.788145523711780260e-01
4.560000000000000000e+02 9.425832768414793463e+03 6.709735953475828815e-12 -8.248957072964913095e-13 -7.787701612024670039e-01 6.709735953475828815e-12 -8.248957072964913095e-13 -7.787701612024670039e-01
4.570000000000000000e+02 9.446503454310439338e+03 6.746954228715541486e-12 -8.463230116717568308e-13 -7.787697243376329181e-01 6.746954228715541486e-12 -8.463230116717568308e-13 -7.787697243376329181e-01
4.580000000000000000e+02 9.467174140206085212e+03 6.785200540297429224e-12 -8.206768598029157147e-13 -7.787547998426651574e-01 6.785200540297429224e-12 -8.206768598029157147e-13 -7.787547998426651574e-01
4.590000000000000000e+02 9.487844826101731087e+03 6.814842739641911934e-12 -8.575362642204709118e-13 -7.786804041028242418e-01 6.814842739641911934e-12 -8.575362642204709118e-13 -7.786804041028242418e-01
4.600000000000000000e+02 9.508515511997376962e+03 6.856620095488604576e-12 -8.765210779415610887e-13 -7.785177365306529262e-01 6.856620095488604576e-12 -8.765210779415610887e-13 -7.785177365306529262e-01
4.610000000000000000e+02 9.529186197893022836e+03 6.892715042588239677e-12 -8.864020628607249819e-13 -7.782540046148349600e-01 6.892715042588239677e-12 -8.864020628607249819e-13 -7.782540046148349600e-01
4.620000000000000000e+02 9.549856883788668711e+03 6.927942434757684482e-12 -9.040546089522649709e-13 -7.778907110989976559e-01 6.927942434757684482e-12 -9.040546089522649709e-13 -7.778907110989976559e-01
4.630000000000000000e+02 9.570527569684314585e+03 6.960503519051111806e-12 -8.913980664715381863e-13 -7.774459424910095118e-01 6.960503519051111806e-12 -8.913980664715381863e-13 -7.774459424910095118e-01
4.640000000000000000e+02 9.591198255579960460e+03 6.994102015670566936e-12 -9.021672298104022047e-13 -7.769514759701853235e-01 6.994102015670566936e-12 -9.021672298104022047e-13 -7.769514759701853235e-01
4.650000000000000000e+02 9.611868941475606334e+03 7.027728592861554486e-12 -9.414691248821327463e-13 -7.764560065584753534e-01 7.027728592861554486e-12 -9.414691248821327463e-13 -7.764560065584753534e-01
4.660000000000000000e+02 9.632539627371252209e+03 7.061174124850071343e-12 -9.119371924271035823e-13 -7.760232921243992443e-01 7.061174124850071343e-12 -9.119371924271035823e-13 -7.760232921243992443e-01
4.670000000000000000e+02 9.653210313266898083e+03 7.100801103142600939e-12 -9.251488464201429451e-13 -7.757270550362619366e-01 7.100801103142600939e-12 -9.251488464201429451e-13 -7.757270550362619366e-01
4.680000000000000000e+02 9.673880999162543958e+03 7.136379811940618529e-12 -9.224843111610425694e-13 -7.756410145410898016e-01 7.136379811940618529e-12 -9.224843111610425694e-13 -7.756410145410898016e-01
4.690000000000000000e+02 9.694551685058189832e+03 7.183113889652027794e-12 -9.382494781107197923e-13 -7.758252664659619491e-01 7.183113889652027794e-12 -9.382494781107197923e-13 -7.758252664659619491e-01
4.700000000000000000e+02 9.715222370953835707e+03 7.221780807895398565e-12 -9.223732888585800538e-13 -7.763127640340414803e-01 7.221780807895398565e-12 -9.223732888585800538e-13 -7.763127640340414803e-01
4.710000000000000000e+02 9.735893056849481582e+03 7.270741440499520679e-12 -9.579004256465850631e-13 -7.771005629298848305e-01 7.270741440499520679e-12 -9.579004256465850631e-13 -7.771005629298848305e-01
4.720000000000000000e+02 9.756563742745127456e+03 7.322399618611781232e-12 -9.461320615855584037e-13 -7.781445754257634295e-01 7.322399618611781232e-12 -9.461320615855584037e-13 -7.781445754257634295e-01
4.730000000000000000e+02 9.777234428640773331e+03 7.369875563325430890e-12 -9.993117444651034020e-13 -7.793718919753985785e-01 7.369875563325430890e-12 -9.993117444651034020e-13 -7.793718919753985785e-01
4.740000000000000000e+02 9.797905114536419205e+03 7.423333811253502042e-12 -9.892087149410144775e-13 -7.806905163045579910e-01 7.423333811253502042e-12 -9.892087149410144775e-13 -7.806905163045579910e-01
4.750000000000000000e+02 9.818575800432065080e+03 7.474371196951271638e-12 -1.018629625093581126e-12 -7.820048178685735651e-01 7.474371196951271638e-12 -1.018629625093581126e-12 -7.820048178685735651e-01
4.760000000000000000e+02 9.839246486327710954e+03 7.524956161272646213e-12 -1.030953100666920363e-12 -7.832278812359046993e-01 7.524956161272646213e-12 -1.030953100666920363e-12 -7.832278812359046993e-01
4.770000000000000000e+02 9.859917172223356829e+03 7.573157267813183880e-12 -1.063482635288437450e-12 -7.842890306515529764e-01 7.573157267813183880e-12 -1.063482635288437450e-12 -7.842890306515529764e-01
4.780000000000000000e+02 9.880587858119002703e+03 7.614772845527827727e-12 -1.031397189876770426e-12 -7.851366037142056831e-01 7.614772845527827727e-12 -1.031397189876770426e-12 -7.851366037142056831e-01
4.790000000000000000e+02 9.901258544014648578e+03 7.662833351275862976e-12 -1.059041743189936824e-12 -7.857374291186658422e-01 7.662833351275862976e-12 -1.059041743189936824e-12 -7.857374291186658422e-01
4.800000000000000000e+02 9.921929229910294453e+03 7.702591043745620744e-12 -1.039945907166384131e-12 -7.860760250601219745e-01 7.702591043745620744e-12 -1.039945907166384131e-12 -7.860760250601219745e-01
4.810000000000000000e+02 9.942599915805940327e+03 7.746293703717682705e-12 -1.045163955382122367e-12 -7.861559134140144733e-01 7.746293703717682705e-12 -1.045163955382122367e-12 -7.861559134140144733e-01
4.820000000000000000e+02 9.963270601701586202e+03 7.777849707468724269e-12 -1.061817300751499715e-12 -7.859956519107655915e-01 7.777849707468724269e-12 -1.061817300751499715e-12 -7.859956519107655915e-01
4.830000000000000000e+02 9.983941287597232076e+03 7.817990461575347538e-12 -1.048827691363385384e-12 -7.856343146312849690e-01 7.817990461575347538e-12 -1.048827691363385384e-12 -7.856343146312849690e-01
4.840000000000000000e+02 1.000461197349287795e+04 7.854033232267374654e-12 -1.067590460479550529e-12 -7.851293445890012990e-01 7.854033232267374654e-12 -1.067590460479550529e-12 -7.851293445890012990e-01
4.850000000000000000e+02 1.002528265938852383e+04 7.888700065474089256e-12 -1.097899549051817303e-12 -7.845525471553997932e-01 7.888700065474089256e-12 -1.097899549051817303e-12 -7.845525471553997932e-01
4.860000000000000000e+02 1.004595334528416970e+04 7.921308542165863973e-12 -1.121991388686183200e-12 -7.839813854317684294e-01 7.921308542165863973e-12 -1.121991388686183200e-12 -7.839813854317684294e-01
4.870000000000000000e+02 1.006662403117981557e+04 7.956874594394463188e-12 -1.114108805211344588e-12 -7.834864039773616895e-01 7.956874594394463188e-12 -1.114108805211344588e-12 -7.834864039773616895e-01
4.880000000000000000e+02 1.008729471707546145e+04 7.991169765803942767e-12 -1.128208637624084076e-12 -7.831177641924972344e-01 7.991169765803942767e-12 -1.128208637624084076e-12 -7.831177641924972344e-01
4.890000000000000000e+02 1.010796540297110732e+04 8.034156182771836415e-12 -1.138200644845710485e-12 -7.828958843426182534e-01 8.034156182771836415e-12 -1.138200644845710485e-12 -7.828958843426182534e-01
4.900000000000000000e+02 1.012863608886675320e+04 8.071413351304964003e-12 -1.136202243401385203e-12 -7.828054077359971608e-01 8.071413351304964003e-12 -1.136202243401385203e-12 -7.828054077359971608e-01
4.910000000000000000e+02 1.014930677476239907e+04 8.113562759405218034e-12 -1.148969808184574504e-12 -7.828040259859746497e-01 8.113562759405218034e-12 -1.148969808184574504e-12 -7.828040259859746497e-01
4.920000000000000000e+02 1.016997746065804495e+04 8.154948772011824781e-12 -1.191158283120330452e-12 -7.828307063158227441e-01 8.154948772011824781e-12 -1.191158283120330452e-12 -7.828307063158227441e-01
4.930000000000000000e+02 1.019064814655369082e+04 8.192555280826694646e-12 -1.148081629764874378e-12 -7.828198190851388683e-01 8.192555280826694646e-12 -1.148081629764874378e-12 -7.828198190851388683e-01
4.940000000000000000e+02 1.021131883244933670e+04 8.231767954001098270e-12 -1.184385922670116997e-12 -7.827127111212922594e-01 8.231767954001098270e-12 -1.184385922670116997e-12 -7.827127111212922594e-01
4.950000000000000000e+02 1.023198951834498257e+04 8.271449158572556328e-12 -1.197042465150843782e-12 -7.824651473610829688e-01 8.271449158572556328e-12 -1.197042465150843782e-12 -7.824651473610829688e-01
4.960000000000000000e+02 1.025266020424062845e+04 8.303952250051910490e-12 -1.180056052874078887e-12 -7.820503261831920350e-01 8.303952250051910490e-12 -1.180056052874078887e-12 -7.820503261831920350e-01
4.970000000000000000e+02 1.027333089013627432e+04 8.343717164057883503e-12 -1.202371535669044533e-12 -7.814584766923995396e-01 8.343717164057883503e-12 -1.202371535669044533e-12 -7.814584766923995396e-01
4.980000000000000000e+02 1.029400157603192019e+04 8.367840617241868969e-12 -1.221134304785209679e-12 -7.806954106635520807e-01 8.367840617241868969e-12 -1.221134304785209679e-12 -7.806954106635520807e-01
4.990000000000000000e+02 1.031467226192756607e+04 8.402885080458801079e-12 -1.203814825601057237e-12 -7.797860422749195441e-01 8.402885080458801079e-12 -1.203814825601057237e-12 -7.797860422749195441e-01
5.000000000000000000e+02 1.033534294782321194e+04 8.429777864748072564e-12 -1.233568802661011432e-12 -7.787687427001152018e-01 8.429777864748072564e-12 -1.233568802661011432e-12 -7.787687427001152018e-01
5.010000000000000000e+02 1.035601363371885782e+04 8.459956925955428417e-12 -1.226130308396022883e-12 -7.777001791464025482e-01 8.459956925955428417e-12 -1.226130308396022883e-12 -7.777001791464025482e-01
5.020000000000000000e+02 1.037668431961450369e+04 8.487458571785469764e-12 -1.259881088344627642e-12 -7.766540317405463689e-01 8.487458571785469764e-12 -1.259881088344627642e-12 -7.766540317405463689e-01
5.030000000000000000e+02 1.039735500551014957e+04 8.513910185532058690e-12 -1.273314786942592036e-12 -7.757163969431706274e-01 8.513910185532058690e-12 -1.273314786942592036e-12 -7.757163969431706274e-01
5.040000000000000000e+02 1.041802569140579544e+04 8.553423966686369950e-12 -1.241562408438312559e-12 -7.749763474944884045e-01 8.553423966686369950e-12 -1.241562408438312559e-12 -7.749763474944884045e-01
5.050000000000000000e+02 1.043869637730144132e+04 8.590254507883504047e-12 -1.272204563917966880e-12 -7.745123018804861426e-01 8.590254507883504047e-12 -1.272204563917966880e-12 -7.745123018804861426e-01
5.060000000000000000e+02 1.045936706319708719e+04 8.626816744394361306e-12 -1.273314786942592036e-12 -7.743773447699985324e-01 8.626816744394361306e-12 -1.273314786942592036e-12 -7.743773447699985324e-01
5.070000000000000000e+02 1.048003774909273307e+04 8.675378712057928711e-12 -1.292077556058757182e-12 -7.745880552659861751e-01 8.675378712057928711e-12 -1.292077556058757182e-12 -7.745880552659861751e-01
5.080000000000000000e+02 1.050070843498837894e+04 8.725266123508559654e-12 -1.294409024410470010e-12 -7.751208041382039449e-01 8.725266123508559654e-12 -1.294409024410470010e-12 -7.751208041382039449e-01
5.090000000000000000e+02 1.052137912088402481e+04 8.771433676743950800e-12 -1.320388243186698674e-12 -7.759169186071582791e-01 8.771433676743950800e-12 -1.320388243186698674e-12 -7.759169186071582791e-01
5.100000000000000000e+02 1.054204980677967069e+04 8.829037829985055324e-12 -1.331268428828025208e-12 -7.768947781271833275e-01 8.829037829985055324e-12 -1.331268428828025208e-12 -7.768947781271833275e-01
5.110000000000000000e+02 1.056272049267531656e+04 8.878297029148025766e-12 -1.341926569864426710e-12 -7.779646273516095389e-01 8.878297029148025766e-12 -1.341926569864426710e-12 -7.779646273516095389e-01
5.120000000000000000e+02 1.058339117857096244e+04 8.932902384356131050e-12 -1.372457703041618515e-12 -7.790416638430973650e-01 8.932902384356131050e-12 -1.372457703041618515e-12 -7.790416638430973650e-01
5.130000000000000000e+02 1.060406186446660831e+04 8.985193782874045104e-12 -1.381228464936157252e-12 -7.800546220759310145e-01 8.985193782874045104e-12 -1.381228464936157252e-12 -7.800546220759310145e-01
5.140000000000000000e+02 1.062473255036225419e+04 9.040977474639118093e-12 -1.395106252743971709e-12 -7.809494408805234267e-01 9.040977474639118093e-12 -1.395106252743971709e-12 -7.809494408805234267e-01
5.150000000000000000e+02 1.064540323625790006e+04 9.090131996925713485e-12 -1.384670156312495237e-12 -7.816892509851794957e-01 9.090131996925713485e-12 -1.384670156312495237e-12 -7.816892509851794957e-01
5.160000000000000000e+02 1.066607392215354594e+04 9.136110550450319718e-12 -1.395217275046434224e-12 -7.822532196459052178e-01 9.136110550450319718e-12 -1.395217275046434224e-12 -7.822532196459052178e-01
5.170000000000000000e+02 1.068674460804919181e+04 9.180988385518403134e-12 -1.411759598113349057e-12 -7.826393127153903340e-01 9.180988385518403134e-12 -1.411759598113349057e-12 -7.826393127153903340e-01
5.180000000000000000e+02 1.070741529394483769e+04 9.227862097034960009e-12 -1.433075880186152062e-12 -7.828585150172889806e-01 9.227862097034960009e-12 -1.433075880186152062e-12 -7.828585150172889806e-01
5.190000000000000000e+02 1.072808597984048356e+04 9.265404196262729009e-12 -1.405431326872985665e-12 -7.829405838442387022e-01 9.265404196262729009e-12 -1.405431326872985665e-12 -7.829405838442387022e-01
5.200000000000000000e+02 1.074875666573612943e+04 9.312660912699572413e-12 -1.450839448580154567e-12 -7.829326524724165015e-01 9.312660912699572413e-12 -1.450839448580154567e-12 -7.829326524724165015e-01
5.210000000000000000e+02 1.076942735163177531e+04 9.350962126492061751e-12 -1.437405749982190173e-12 -7.828953763417235701e-01 9.350962126492061751e-12 -1.437405749982190173e-12 -7.828953763417235701e-01
5.220000000000000000e+02 1.079009803752742118e+04 9.391575425560232343e-12 -1.438071883796965267e-12 -7.828947416005015425e-01 9.391575425560232343e-12 -1.438071883796965267e-12 -7.828947416005015425e-01
5.230000000000000000e+02 1.081076872342306706e+04 9.440180281668387621e-12 -1.452837850024479849e-12 -7.829899477828309307e-01 9.440180281668387621e-12 -1.452837850024479849e-12 -7.829899477828309307e-01
5.240000000000000000e+02 1.083143940931871293e+04 9.486571662911923613e-12 -1.468047905461844493e-12 -7.832201418242843438e-01 9.486571662911923613e-12 -1.468047905461844493e-12 -7.832201418242843438e-01
5.250000000000000000e+02 1.085211009521435881e+04 9.532065407312539920e-12 -1.462496790338718711e-12 -7.835950213052916835e-01 9.532065407312539920e-12 -1.462496790338718711e-12 -7.835950213052916835e-01
5.260000000000000000e+02 1.087278078111000468e+04 9.585353506456429576e-12 -1.510902514212375536e-12 -7.840885559196223431e-01 9.585353506456429576e-12 -1.510902514212375536e-12 -7.840885559196223431e-01
5.270000000000000000e+02 1.089345146700565056e+04 9.630904373481777224e-12 -1.504019131459699565e-12 -7.846474678135823000e-01 9.630904373481777224e-12 -1.504019131459699565e-12 -7.846474678135823000e-01
5.280000000000000000e+02 1.091412215290129643e+04 9.683579856219998486e-12 -1.523003945180789742e-12 -7.851994799559396387e-01 9.683579856219998486e-12 -1.523003945180789742e-12 -7.851994799559396387e-01
5.290000000000000000e+02 1.093479283879694231e+04 9.731427183172795524e-12 -1.541655691994492372e-12 -7.856676925635526221e-01 9.731427183172795524e-12 -1.541655691994492372e-12 -7.856676925635526221e-01
5.300000000000000000e+02 1.095546352469258818e+04 9.773896497060795633e-12 -1.559086193481107330e-12 -7.859826200024845333e-01 9.773896497060795633e-12 -1.559086193481107330e-12 -7.859826200024845333e-01
5.310000000000000000e+02 1.097613421058823405e+04 9.819358138542234254e-12 -1.546429651000380545e-12 -7.860901320011490778e-01 9.819358138542234254e-12 -1.546429651000380545e-12 -7.860901320011490778e-01
5.320000000000000000e+02 1.099680489648387993e+04 9.858812075768370474e-12 -1.545208405673292873e-12 -7.859548569350374159e-01 9.858812075768370474e-12 -1.545208405673292873e-12 -7.859548569350374159e-01
5.330000000000000000e+02 1.101747558237952580e+04 9.896400183879276398e-12 -1.603273069861188560e-12 -7.855603043797652063e-01 9.896400183879276398e-12 -1.603273069861188560e-12 -7.855603043797652063e-01
5.340000000000000000e+02 1.103814626827517168e+04 9.932399110468342491e-12 -1.584177233837635868e-12 -7.849060766941788891e-01 9.932399110468342491e-12 -1.584177233837635868e-12 -7.849060766941788891e-01
5.350000000000000000e+02 1.105881695417081755e+04 9.965084860224175481e-12 -1.599942400787313090e-12 -7.840125921984520962e-01 9.965084860224175481e-12 -1.599942400787313090e-12 -7.840125921984520962e-01
5.360000000000000000e+02 1.107948764006646343e+04 9.991506745297038622e-12 -1.613820188595127547e-12 -7.829152904305827221e-01 9.991506745297038622e-12 -1.613820188595127547e-12 -7.829152904305827221e-01
5.370000000000000000e+02 1.110015832596210930e+04 1.001789399692305344e-11 -1.592725951127249573e-12 -7.816689911486969233e-01 1.001789399692305344e-11 -1.592725951127249573e-12 -7.816689911486969233e-01
5.380000000000000000e+02 1.112082901185775518e+04 1.004398967895716592e-11 -1.619038236810865783e-12 -7.803474835333178428e-01 1.004398967895716592e-11 -1.619038236810865783e-12 -7.803474835333178428e-01
5.390000000000000000e+02 1.114149969775340105e+04 1.007207515782816556e-11 -1.638356117439343507e-12 -7.790398663798482337e-01 1.007207515782816556e-11 -1.638356117439343507e-12 -7.790398663798482337e-01
5.400000000000000000e+02 1.116217038364904693e+04 1.009945854360710094e-11 -1.612820987872964906e-12 -7.778421439218260458e-01 1.009945854360710094e-11 -1.612820987872964906e-12 -7.778421439218260458e-01
5.410000000000000000e+02 1.118284106954469280e+04 1.013344251271418921e-11 -1.642908031840306649e-12 -7.768442749471572428e-01 1.013344251271418921e-11 -1.642908031840306649e-12 -7.768442749471572428e-01
5.420000000000000000e+02 1.120351175544033867e+04 1.016872273555733107e-11 -1.658118087277671293e-12 -7.761154478464845630e-01 1.016872273555733107e-11 -1.658118087277671293e-12 -7.761154478464845630e-01
5.430000000000000000e+02 1.122418244133598455e+04 1.020999905401982370e-11 -1.665334536937734811e-12 -7.756923268834543528e-01 1.020999905401982370e-11 -1.665334536937734811e-12 -7.756923268834543528e-01
5.440000000000000000e+02 1.124485312723163042e+04 1.025405748279527798e-11 -1.665112492332809779e-12 -7.755701226617961463e-01 1.025405748279527798e-11 -1.665112492332809779e-12 -7.755701226617961463e-01
5.450000000000000000e+02 1.126552381312727630e+04 1.030043864293080837e-11 -1.704081320497152774e-12 -7.757115288529242703e-01 1.030043864293080837e-11 -1.704081320497152774e-12 -7.757115288529242703e-01
5.460000000000000000e+02 1.128619449902292217e+04 1.035446886017751045e-11 -1.721289777378842700e-12 -7.760526646912011550e-01 1.035446886017751045e-11 -1.721289777378842700e-12 -7.760526646912011550e-01
5.470000000000000000e+02 1.130686518491856805e+04 1.040853240003790536e-11 -1.740496635704857908e-12 -7.765184618073888156e-01 1.040853240003790536e-11 -1.740496635704857908e-12 -7.765184618073888156e-01
5.480000000000000000e+02 1.132753587081421392e+04 1.045686332501759681e-11 -1.730060539273381437e-12 -7.770358806524166884e-01 1.045686332501759681e-11 -1.730060539273381437e-12 -7.770358806524166884e-01
5.490000000000000000e+02 1.134820655670985980e+04 1.050441966349659511e-11 -1.711075725552291260e-12 -7.775430619756760198e-01 1.050441966349659511e-11 -1.711075725552291260e-12 -7.775430619756760198e-01
5.500000000000000000e+02 1.136887724260550567e+04 1.056216605552138551e-11 -1.755595668839760037e-12 -7.779936795243513892e-01 1.056216605552138551e-11 -1.755595668839760037e-12 -7.779936795243513892e-01
5.510000000000000000e+02 1.138954792850115155e+04 1.061396379652358437e-11 -1.774913549468237761e-12 -7.783576509450482739e-01 1.061396379652358437e-11 -1.774913549468237761e-12 -7.783576509450482739e-01
5.520000000000000000e+02 1.141021861439679742e+04 1.066228281774782373e-11 -1.781796932220913732e-12 -7.786194555512404580e-01 1.066228281774782373e-11 -1.781796932220913732e-12 -7.786194555512404580e-01
5.530000000000000000e+02 1.143088930029244329e+04 1.071270828260185255e-11 -1.800448679034616362e-12 -7.787803715580903230e-01 1.071270828260185255e-11 -1.800448679034616362e-12 -7.787803715580903230e-01
5.540000000000000000e+02 1.145155998618808917e+04 1.076057866400517893e-11 -1.805555704947892082e-12 -7.788546828007788525e-01 1.076057866400517893e-11 -1.805555704947892082e-12 -7.788546828007788525e-01
5.550000000000000000e+02 1.147223067208373504e+04 1.080302334477136193e-11 -1.836530927334933949e-12 -7.788737371928027287e-01 1.080302334477136193e-11 -1.836530927334933949e-12 -7.788737371928027287e-01
5.560000000000000000e+02 1.149290135797938092e+04 1.084812794420308290e-11 -1.814770556052280881e-12 -7.788848336907544523e-01 1.084812794420308290e-11 -1.814770556052280881e-12 -7.788848336907544523e-01
5.570000000000000000e+02 1.151357204387502679e+04 1.089703075513539987e-11 -1.853073250401848782e-12 -7.789478870566056701e-01 1.089703075513539987e-11 -1.853073250401848782e-12 -7.789478870566056701e-01
5.580000000000000000e+02 1.153424272977067267e+04 1.094413428319634789e-11 -1.854960629543711548e-12 -7.791274994486524497e-01 1.094413428319634789e-11 -1.854960629543711548e-12 -7.791274994486524497e-01
5.590000000000000000e+02 1.155491341566631854e+04 1.099876621706607154e-11 -1.844302488507310045e-12 -7.794808884460400211e-01 1.099876621706607154e-11 -1.844302488507310045e-12 -7.794808884460400211e-01
5.600000000000000000e+02 1.157558410156196442e+04 1.105342828910577114e-11 -1.860733789271762362e-12 -7.800444965683321907e-01 1.105342828910577114e-11 -1.860733789271762362e-12 -7.800444965683321907e-01
5.610000000000000000e+02 1.159625478745761029e+04 1.111571813848855510e-11 -1.924682635490171378e-12 -7.808241931707001759e-01 1.111571813848855510e-11 -1.924682635490171378e-12 -7.808241931707001759e-01
5.620000000000000000e+02 1.161692547335325617e+04 1.117218038390438722e-11 -1.943001315396486461e-12 -7.817867872166922583e-01 1.117218038390438722e-11 -1.943001315396486461e-12 -7.817867872166922583e-01
5.630000000000000000e+02 1.163759615924890204e+04 1.123436514846761313e-11 -1.936895088761048100e-12 -7.828698970211452890e-01 1.123436514846761313e-11 -1.936895088761048100e-12 -7.828698970211452890e-01
5.640000000000000000e+02 1.165826684514454791e+04 1.129683318963284347e-11 -1.937894289483210741e-12 -7.839901537605310500e-01 1.129683318963284347e-11 -1.937894289483210741e-12 -7.839901537605310500e-01
5.650000000000000000e+02 1.167893753104019379e+04 1.136200555054217269e-11 -1.991407039270143287e-12 -7.850573487881727930e-01 1.136200555054217269e-11 -1.991407039270143287e-12 -7.850573487881727930e-01
5.660000000000000000e+02 1.169960821693583966e+04 1.142142250567282710e-11 -1.956657058599375887e-12 -7.859876477134212225e-01 1.142142250567282710e-11 -1.956657058599375887e-12 -7.859876477134212225e-01
5.670000000000000000e+02 1.172027890283148554e+04 1.147707369926840823e-11 -2.014832745089734090e-12 -7.867123966035571847e-01 1.147707369926840823e-11 -2.014832745089734090e-12 -7.867123966035571847e-01
5.680000000000000000e+02 1.174094958872713141e+04 1.153027936968381366e-11 -2.048139435828488786e-12 -7.871821054792493833e-01 1.153027936968381366e-11 -2.048139435828488786e-12 -7.871821054792493833e-01
5.690000000000000000e+02 1.176162027462277729e+04 1.157724925532298049e-11 -2.004396648658257618e-12 -7.873668456046948316e-01 1.157724925532298049e-11 -2.004396648658257618e-12 -7.873668456046948316e-01
5.700000000000000000e+02 1.178229096051842316e+04 1.162153006826371867e-11 -2.070343896320991917e-12 -7.872551447634816846e-01 1.162153006826371867e-11 -2.070343896320991917e-12 -7.872551447634816846e-01
5.710000000000000000e+02 1.180296164641406904e+04 1.165727317469063474e-11 -2.048139435828488786e-12 -7.868532314745808609e-01 1.165727317469063474e-11 -2.048139435828488786e-12 -7.868532314745808609e-01
5.720000000000000000e+02 1.182363233230971491e+04 1.169471943777699701e-11 -2.074340699209642480e-12 -7.861854602296081129e-01 1.169471943777699701e-11 -2.074340699209642480e-12 -7.861854602296081129e-01
5.730000000000000000e+02 1.184430301820536079e+04 1.172990718894025841e-11 -2.044475699847225769e-12 -7.852954822209569086e-01 1.172990718894025841e-11 -2.044475699847225769e-12 -7.852954822209569086e-01
5.740000000000000000e+02 1.186497370410100666e+04 1.176025546696324689e-11 -2.086109063270669139e-12 -7.842465478337019569e-01 1.176025546696324689e-11 -2.086109063270669139e-12 -7.842465478337019569e-01
5.750000000000000000e+02 1.188564438999665254e+04 1.178956743384215720e-11 -2.088995643134694546e-12 -7.831188286149258770e-01 1.178956743384215720e-11 -2.088995643134694546e-12 -7.831188286149258770e-01
5.760000000000000000e+02 1.190631507589229841e+04 1.181967591654191228e-11 -2.102762408640046488e-12 -7.820021359566894370e-01 1.181967591654191228e-11 -2.102762408640046488e-12 -7.820021359566894370e-01
5.770000000000000000e+02 1.192698576178794428e+04 1.185091211173747604e-11 -2.100764007195721206e-12 -7.809840435965278438e-01 1.185091211173747604e-11 -2.100764007195721206e-12 -7.809840435965278438e-01
5.780000000000000000e+02 1.194765644768359016e+04 1.188597187409772928e-11 -2.135736032471413637e-12 -7.801357754334475869e-01 1.188597187409772928e-11 -2.135736032471413637e-12 -7.801357754334475869e-01
5.790000000000000000e+02 1.196832713357923603e+04 1.193059254293637579e-11 -2.119415754009423836e-12 -7.795004165619728864e-01 1.193059254293637579e-11 -2.119415754009423836e-12 -7.795004165619728864e-01
5.800000000000000000e+02 1.198899781947488191e+04 1.196876871040235374e-11 -2.156941292241754127e-12 -7.790826917272695162e-01 1.196876871040235374e-11 -2.156941292241754127e-12 -7.790826917272695162e-01
5.810000000000000000e+02 1.200966850537052778e+04 1.201577379947760553e-11 -2.169042723210168333e-12 -7.788558464879522525e-01 1.201577379947760553e-11 -2.169042723210168333e-12 -7.788558464879522525e-01
5.820000000000000000e+02 1.203033919126617366e+04 1.206353076434592183e-11 -2.188027536931258510e-12 -7.787680588876294552e-01 1.206353076434592183e-11 -2.188027536931258510e-12 -7.787680588876294552e-01
5.830000000000000000e+02 1.205100987716181953e+04 1.211306886691259453e-11 -2.171818280771731224e-12 -7.787553948991945418e-01 1.211306886691259453e-11 -2.171818280771731224e-12 -7.787553948991945418e-01
5.840000000000000000e+02 1.207168056305746541e+04 1.215784721679213432e-11 -2.199795900992285169e-12 -7.787551768542628761e-01 1.215784721679213432e-11 -2.199795900992285169e-12 -7.787551768542628761e-01
5.850000000000000000e+02 1.209235124895311128e+04 1.220474566348056566e-11 -2.224775919046351191e-12 -7.787153554799065569e-01 1.220474566348056566e-11 -2.224775919046351191e-12 -7.787153554799065569e-01
5.860000000000000000e+02 1.211302193484875716e+04 1.225436681646383636e-11 -2.227995565817764145e-12 -7.785992325280767234e-01 1.225436681646383636e-11 -2.227995565817764145e-12 -7.785992325280767234e-01
5.870000000000000000e+02 1.213369262074440303e+04 1.229941145884292428e-11 -2.195021941986396996e-12 -7.783864552761122768e-01 1.229941145884292428e-11 -2.195021941986396996e-12 -7.783864552761122768e-01
5.880000000000000000e+02 1.215436330664004890e+04 1.234002248821772295e-11 -2.258415676692493435e-12 -7.780714415352347757e-01 1.234002248821772295e-11 -2.258415676692493435e-12 -7.780714415352347757e-01
5.890000000000000000e+02 1.217503399253569478e+04 1.238146321424840079e-11 -2.267963594704269781e-12 -7.776650645465386091e-01 1.238146321424840079e-11 -2.267963594704269781e-12 -7.776650645465386091e-01
5.900000000000000000e+02 1.219570467843134065e+04 1.242517781954804625e-11 -2.253974784593992808e-12 -7.771915506196488410e-01 1.242517781954804625e-11 -2.253974784593992808e-12 -7.771915506196488410e-01
5.910000000000000000e+02 1.221637536432698653e+04 1.246522233102112260e-11 -2.247535491051166900e-12 -7.766917049705350795e-01 1.246522233102112260e-11 -2.247535491051166900e-12 -7.766917049705350795e-01
5.920000000000000000e+02 1.223704605022263240e+04 1.251159150927757057e-11 -2.293831791178035928e-12 -7.762223699245348607e-01 1.251159150927757057e-11 -2.293831791178035928e-12 -7.762223699245348607e-01
5.930000000000000000e+02 1.225771673611827828e+04 1.255646822193859556e-11 -2.290834189011548006e-12 -7.758533876351453307e-01 1.255646822193859556e-11 -2.290834189011548006e-12 -7.758533876351453307e-01
5.940000000000000000e+02 1.227838742201392415e+04 1.260459900423944852e-11 -2.321254299886277295e-12 -7.756599573480547072e-01 1.260459900423944852e-11 -2.321254299886277295e-12 -7.756599573480547072e-01
5.950000000000000000e+02 1.229905810790957003e+04 1.265041336675079588e-11 -2.313038649504051136e-12 -7.757104664208154254e-01 1.265041336675079588e-11 -2.313038649504051136e-12 -7.757104664208154254e-01
5.960000000000000000e+02 1.231972879380521590e+04 1.271195520364675007e-11 -2.358113704303832492e-12 -7.760522266725762286e-01 1.271195520364675007e-11 -2.358113704303832492e-12 -7.760522266725762286e-01
5.970000000000000000e+02 1.234039947970086178e+04 1.277335623046802196e-11 -2.373656826648584683e-12 -7.767006965691957143e-01 1.277335623046802196e-11 -2.373656826648584683e-12 -7.767006965691957143e-01
5.980000000000000000e+02 1.236107016559650765e+04 1.283337341439907524e-11 -2.377542607234772731e-12 -7.776303337992465092e-01 1.283337341439907524e-11 -2.377542607234772731e-12 -7.776303337992465092e-01
5.990000000000000000e+02 1.238174085149215352e+04 1.290674446278346743e-11 -2.406075338967639254e-12 -7.787811921768084122e-01 1.290674446278346743e-11 -2.406075338967639254e-12 -7.787811921768084122e-01
6.000000000000000000e+02 1.240241153738779940e+04 1.297414787739032012e-11 -2.427724687947829807e-12 -7.800684591290600878e-01 1.297414787739032012e-11 -2.427724687947829807e-12 -7.800684591290600878e-01
6.010000000000000000e+02 1.242308222328344527e+04 1.305068579847523431e-11 -2.468358850649110536e-12 -7.813964590291425649e-01 1.305068579847523431e-11 -2.468358850649110536e-12 -7.813964590291425649e-01
6.020000000000000000e+02 1.244375290917909115e+04 1.312413554229218091e-11 -2.464140003155534941e-12 -7.826728503151426652e-01 1.312413554229218091e-11 -2.464140003155534941e-12 -7.826728503151426652e-01
6.030000000000000000e+02 1.246442359507473702e+04 1.319174902755190798e-11 -2.461364445593972050e-12 -7.838185767056979891e-01 1.319174902755190798e-11 -2.461364445593972050e-12 -7.838185767056979891e-01
6.040000000000000000e+02 1.248509428097038290e+04 1.325707983864696609e-11 -2.482902772271700087e-12 -7.847727842366293283e-01 1.325707983864696609e-11 -2.482902772271700087e-12 -7.847727842366293283e-01
6.050000000000000000e+02 1.250576496686602877e+04 1.331726504244772007e-11 -2.506661544998678437e-12 -7.854936927283231451e-01 1.331726504244772007e-11 -2.506661544998678437e-12 -7.854936927283231451e-01
6.060000000000000000e+02 1.252643565276167465e+04 1.337422865864597255e-11 -2.531308496145356912e-12 -7.859569187855662831e-01 1.337422865864597255e-11 -2.531308496145356912e-12 -7.859569187855662831e-01
6.070000000000000000e+02 1.254710633865732052e+04 1.343037849549037560e-11 -2.523647957275443332e-12 -7.861580520124571425e-01 1.343037849549037560e-11 -2.523647957275443332e-12 -7.861580520124571425e-01
6.080000000000000000e+02 1.256777702455296640e+04 1.347700834197192135e-11 -2.544298105533471244e-12 -7.861072868820243587e-01 1.347700834197192135e-11 -2.544298105533471244e-12 -7.861072868820243587e-01
6.090000000000000000e+02 1.258844771044861227e+04 1.352010120395675949e-11 -2.574385149500812986e-12 -7.858341835610068715e-01 1.352010120395675949e-11 -2.574385149500812986e-12 -7.858341835610068715e-01
6.100000000000000000e+02 1.260911839634425814e+04 1.356187799997943643e-11 -2.540523347249745711e-12 -7.853876653372431349e-01 1.356187799997943643e-11 -2.540523347249745711e-12 -7.853876653372431349e-01
6.110000000000000000e+02 1.262978908223990402e+04 1.360449928316792753e-11 -2.581712621463339019e-12 -7.848334891618365949e-01 1.360449928316792753e-11 -2.581712621463339019e-12 -7.848334891618365949e-01
6.120000000000000000e+02 1.265045976813554989e+04 1.364396161470804846e-11 -2.595923476178541023e-12 -7.842478312261634832e-01 1.364396161470804846e-11 -2.595923476178541023e-12 -7.842478312261634832e-01
6.130000000000000000e+02 1.267113045403119577e+04 1.368631748183313502e-11 -2.605582416492779885e-12 -7.837063196454564507e-01 1.368631748183313502e-11 -2.605582416492779885e-12 -7.837063196454564507e-01
6.140000000000000000e+02 1.269180113992684164e+04 1.373127105340235311e-11 -2.599476189857341524e-12 -7.832704949683468865e-01 1.373127105340235311e-11 -2.599476189857341524e-12 -7.832704949683468865e-01
6.150000000000000000e+02 1.271247182582248752e+04 1.377631722869856123e-11 -2.633782081318258861e-12 -7.829761812403404075e-01 1.377631722869856123e-11 -2.633782081318258861e-12 -7.829761812403404075e-01
6.160000000000000000e+02 1.273314251171813339e+04 1.382421871881667014e-11 -2.654987341088599351e-12 -7.828244853552213112e-01 1.382421871881667014e-11 -2.654987341088599351e-12 -7.828244853552213112e-01
6.170000000000000000e+02 1.275381319761377927e+04 1.387693611346232591e-11 -2.658873121674787399e-12 -7.827856264654967644e-01 1.387693611346232591e-11 -2.658873121674787399e-12 -7.827856264654967644e-01
6.180000000000000000e+02 1.277448388350942514e+04 1.393560591351922252e-11 -2.673194998692451918e-12 -7.828057251436921771e-01 1.393560591351922252e-11 -2.673194998692451918e-12 -7.828057251436921771e-01
6.190000000000000000e+02 1.279515456940507102e+04 1.398348189000502963e-11 -2.705058399499193911e-12 -7.828197548751072432e-01 1.398348189000502963e-11 -2.705058399499193911e-12 -7.828197548751072432e-01
6.200000000000000000e+02 1.281582525530071689e+04 1.403094566161806393e-11 -2.687072786500266375e-12 -7.827645255789238421e-01 1.403094566161806393e-11 -2.687072786500266375e-12 -7.827645255789238421e-01
6.210000000000000000e+02 1.283649594119636276e+04 1.408459730631837149e-11 -2.736033621886235778e-12 -7.825882764458179652e-01 1.408459730631837149e-11 -2.736033621886235778e-12 -7.825882764458179652e-01
6.220000000000000000e+02 1.285716662709200864e+04 1.412419889817494645e-11 -2.733480108929597918e-12 -7.822557217898900017e-01 1.412419889817494645e-11 -2.733480108929597918e-12 -7.822557217898900017e-01
6.230000000000000000e+02 1.287783731298765451e+04 1.417035355918511059e-11 -2.735034421164073137e-12 -7.817491982436022280e-01 1.417035355918511059e-11 -2.735034421164073137e-12 -7.817491982436022280e-01
6.240000000000000000e+02 1.289850799888330039e+04 1.420434595799311718e-11 -2.744693361478311999e-12 -7.810668077979714408e-01 1.420434595799311718e-11 -2.744693361478311999e-12 -7.810668077979714408e-01
6.250000000000000000e+02 1.291917868477894626e+04 1.424392982296255254e-11 -2.752797989558075642e-12 -7.802244782889837804e-01 1.424392982296255254e-11 -2.752797989558075642e-12 -7.802244782889837804e-01
6.260000000000000000e+02 1.293984937067459214e+04 1.427920663018511843e-11 -2.785105479574667697e-12 -7.792541402926435046e-01 1.427920663018511843e-11 -2.785105479574667697e-12 -7.792541402926435046e-01
6.270000000000000000e+02 1.296052005657023801e+04 1.431422079251739085e-11 -2.798650200475094607e-12 -7.782034081908431045e-01 1.431422079251739085e-11 -2.798650200475094607e-12 -7.782034081908431045e-01
6.280000000000000000e+02 1.298119074246588389e+04 1.434278128606649997e-11 -2.780775609778629587e-12 -7.771381120257053743e-01 1.434278128606649997e-11 -2.780775609778629587e-12 -7.771381120257053743e-01
6.290000000000000000e+02 1.300186142836152976e+04 1.438131861742334141e-11 -2.831290757399074209e-12 -7.761392278679206669e-01 1.438131861742334141e-11 -2.831290757399074209e-12 -7.761392278679206669e-01
6.300000000000000000e+02 1.302253211425717564e+04 1.442237801931173001e-11 -2.825850664578410942e-12 -7.752958500356776916e-01 1.442237801931173001e-11 -2.825850664578410942e-12 -7.752958500356776916e-01
6.310000000000000000e+02 1.304320280015282151e+04 1.446548858816936197e-11 -2.782107877408179775e-12 -7.746933164916154357e-01 1.446548858816936197e-11 -2.782107877408179775e-12 -7.746933164916154357e-01
6.320000000000000000e+02 1.306387348604846738e+04 1.451578137426188888e-11 -2.842504009947788290e-12 -7.743985135072458670e-01 1.451578137426188888e-11 -2.842504009947788290e-12 -7.743985135072458670e-01
6.330000000000000000e+02 1.308454417194411326e+04 1.457013138841433975e-11 -2.821853861689760379e-12 -7.744464427610181501e-01 1.457013138841433975e-11 -2.821853861689760379e-12 -7.744464427610181501e-01
6.340000000000000000e+02 1.310521485783975913e+04 1.463398321803368850e-11 -2.877698079828405753e-12 -7.748325678114432735e-01 1.463398321803368850e-11 -2.877698079828405753e-12 -7.748325678114432735e-01
6.350000000000000000e+02 1.312588554373540501e+04 1.470089284497337367e-11 -2.872146964705279970e-12 -7.755137883322474890e-01 1.470089284497337367e-11 -2.872146964705279970e-12 -7.755137883322474890e-01
6.360000000000000000e+02 1.314655622963105088e+04 1.477456335526546375e-11 -2.894462447500245617e-12 -7.764176314219489727e-01 1.477456335526546375e-11 -2.894462447500245617e-12 -7.764176314219489727e-01
6.370000000000000000e+02 1.316722691552669676e+04 1.484558713533137954e-11 -2.878586258248105878e-12 -7.774563646314881504e-01 1.484558713533137954e-11 -2.878586258248105878e-12 -7.774563646314881504e-01
6.380000000000000000e+02 1.318789760142234263e+04 1.492450860533972246e-11 -2.893352224475620460e-12 -7.785413908289893214e-01 1.492450860533972246e-11 -2.893352224475620460e-12 -7.785413908289893214e-01
6.390000000000000000e+02 1.320856828731798851e+04 1.500281594474777971e-11 -2.942646126768977410e-12 -7.795941864960892476e-01 1.500281594474777971e-11 -2.942646126768977410e-12 -7.795941864960892476e-01
6.400000000000000000e+02 1.322923897321363438e+04 1.507463049490012158e-11 -2.954858580039854132e-12 -7.805522366221455677e-01 1.507463049490012158e-11 -2.954858580039854132e-12 -7.805522366221455677e-01
6.410000000000000000e+02 1.324990965910928026e+04 1.513722218125673482e-11 -2.952527111688141304e-12 -7.813706036885896822e-01 1.513722218125673482e-11 -2.952527111688141304e-12 -7.813706036885896822e-01
6.420000000000000000e+02 1.327058034500492613e+04 1.520462261516270468e-11 -2.983169267167795624e-12 -7.820205585192222530e-01 1.520462261516270468e-11 -2.983169267167795624e-12 -7.820205585192222530e-01
6.430000000000000000e+02 1.329125103090057200e+04 1.526522215963647873e-11 -2.989497538408159016e-12 -7.824914372967022302e-01 1.526522215963647873e-11 -2.989497538408159016e-12 -7.824914372967022302e-01
6.440000000000000000e+02 1.331192171679621788e+04 1.532834731954054523e-11 -2.995603765043597377e-12 -7.827877569514716249e-01 1.532834731954054523e-11 -2.995603765043597377e-12 -7.827877569514716249e-01
6.450000000000000000e+02 1.333259240269186375e+04 1.538625933885629260e-11 -3.010036664363724412e-12 -7.829300608958155161e-01 1.538625933885629260e-11 -3.010036664363724412e-12 -7.829300608958155161e-01
6.460000000000000000e+02 1.335326308858750963e+04 1.543763708398503692e-11 -3.043565399707404140e-12 -7.829574570336745865e-01 1.543763708398503692e-11 -3.043565399707404140e-12 -7.829574570336745865e-01
6.470000000000000000e+02 1.337393377448315550e+04 1.549241926243611637e-11 -3.053890473836418096e-12 -7.829248694801057562e-01 1.549241926243611637e-11 -3.053890473836418096e-12 -7.829248694801057562e-01
6.480000000000000000e+02 1.339460446037880138e+04 1.554976454693808310e-11 -3.050337760157617595e-12 -7.828970646445622128e-01 1.554976454693808310e-11 -3.050337760157617595e-12 -7.828970646445622128e-01
6.490000000000000000e+02 1.341527514627444725e+04 1.560237776654192954e-11 -3.084754673920997448e-12 -7.829381967712392143e-01 1.560237776654192954e-11 -3.084754673920997448e-12 -7.829381967712392143e-01
6.500000000000000000e+02 1.343594583217009313e+04 1.566436548812582923e-11 -3.097078149494336685e-12 -7.830986266216005687e-01 1.566436548812582923e-11 -3.097078149494336685e-12 -7.830986266216005687e-01
6.510000000000000000e+02 1.345661651806573900e+04 1.572789190154419255e-11 -3.073874488279670913e-12 -7.834034181568150235e-01 1.572789190154419255e-11 -3.073874488279670913e-12 -7.834034181568150235e-01
6.520000000000000000e+02 1.347728720396138488e+04 1.578860492310283179e-11 -3.132272219374954147e-12 -7.838426807158876963e-01 1.578860492310283179e-11 -3.132272219374954147e-12 -7.838426807158876963e-01
6.530000000000000000e+02 1.349795788985703075e+04 1.585619777573276626e-11 -3.133271420097116788e-12 -7.843762172427829471e-01 1.585619777573276626e-11 -3.133271420097116788e-12 -7.843762172427829471e-01
6.540000000000000000e+02 1.351862857575267662e+04 1.591720993545339739e-11 -3.134936754634054523e-12 -7.849389038409051444e-01 1.591720993545339739e-11 -3.134936754634054523e-12 -7.849389038409051444e-01
6.550000000000000000e+02 1.353929926164832250e+04 1.598924311238257106e-11 -3.173128426681159908e-12 -7.854544305863738751e-01 1.598924311238257106e-11 -3.173128426681159908e-12 -7.854544305863738751e-01
6.560000000000000000e+02 1.355996994754396837e+04 1.604787066396091762e-11 -3.167799356162959157e-12 -7.858485279656135525e-01 1.604787066396091762e-11 -3.167799356162959157e-12 -7.858485279656135525e-01
6.570000000000000000e+02 1.358064063343961425e+04 1.610952741296856837e-11 -3.199662756969701150e-12 -7.860590629980102051e-01 1.610952741296856837e-11 -3.199662756969701150e-12 -7.860590629980102051e-01
6.580000000000000000e+02 1.360131131933526012e+04 1.616398821268859259e-11 -3.182898389297861286e-12 -7.860415365900305096e-01 1.616398821268859259e-11 -3.182898389297861286e-12 -7.860415365900305096e-01
6.590000000000000000e+02 1.362198200523090600e+04 1.621404853877561219e-11 -3.175681939637797768e-12 -7.857705913527156527e-01 1.621404853877561219e-11 -3.175681939637797768e-12 -7.857705913527156527e-01
6.600000000000000000e+02 1.364265269112655187e+04 1.625575864772587675e-11 -3.228861622517342767e-12 -7.852382933713869528e-01 1.625575864772587675e-11 -3.228861622517342767e-12 -7.852382933713869528e-01
6.610000000000000000e+02 1.366332337702219775e+04 1.629228210628354356e-11 -3.231859224683830689e-12 -7.844549275722307868e-01 1.629228210628354356e-11 -3.231859224683830689e-12 -7.844549275722307868e-01
6.620000000000000000e+02 1.368399406291784362e+04 1.633119583958875963e-11 -3.261280134836397337e-12 -7.834489216796062250e-01 1.633119583958875963e-11 -3.261280134836397337e-12 -7.834489216796062250e-01
6.630000000000000000e+02 1.370466474881348950e+04 1.636038467443367742e-11 -3.236744205992181378e-12 -7.822655033338731245e-01 1.636038467443367742e-11 -3.236744205992181378e-12 -7.822655033338731245e-01
6.640000000000000000e+02 1.372533543470913537e+04 1.639073972823760504e-11 -3.254285729781258851e-12 -7.809696185982679673e-01 1.639073972823760504e-11 -3.254285729781258851e-12 -7.809696185982679673e-01
6.650000000000000000e+02 1.374600612060478124e+04 1.641574191923543323e-11 -3.256284131225584133e-12 -7.796437699030022150e-01 1.641574191923543323e-11 -3.256284131225584133e-12 -7.796437699030022150e-01
6.660000000000000000e+02 1.376667680650042712e+04 1.645262653463136991e-11 -3.243960655652244895e-12 -7.783820255446052272e-01 1.645262653463136991e-11 -3.243960655652244895e-12 -7.783820255446052272e-01
6.670000000000000000e+02 1.378734749239607299e+04 1.648832083000319086e-11 -3.267053294564448152e-12 -7.772790554368856908e-01 1.648832083000319086e-11 -3.267053294564448152e-12 -7.772790554368856908e-01
6.680000000000000000e+02 1.380801817829171887e+04 1.652047626989835324e-11 -3.288036509729863610e-12 -7.764157485053474472e-01 1.652047626989835324e-11 -3.288036509729863610e-12 -7.764157485053474472e-01
6.690000000000000000e+02 1.382868886418736474e+04 1.657200421830246084e-11 -3.280042903952562483e-12 -7.758455759994516976e-01 1.657200421830246084e-11 -3.280042903952562483e-12 -7.758455759994516976e-01
6.700000000000000000e+02 1.384935955008301062e+04 1.662331883956635536e-11 -3.293032513340676815e-12 -7.755837658017834535e-01 1.662331883956635536e-11 -3.293032513340676815e-12 -7.755837658017834535e-01
6.710000000000000000e+02 1.387003023597865649e+04 1.668137123379254211e-11 -3.319455821326755540e-12 -7.756074985610750261e-01 1.668137123379254211e-11 -3.319455821326755540e-12 -7.756074985610750261e-01
6.720000000000000000e+02 1.389070092187430237e+04 1.674328566525747580e-11 -3.333888720646882575e-12 -7.758640429998431287e-01 1.674328566525747580e-11 -3.333888720646882575e-12 -7.758640429998431287e-01
6.730000000000000000e+02 1.391137160776994824e+04 1.681060420907101555e-11 -3.358424649491098535e-12 -7.762817990044399430e-01 1.681060420907101555e-11 -3.358424649491098535e-12 -7.762817990044399430e-01
6.740000000000000000e+02 1.393204229366559412e+04 1.688183952831410116e-11 -3.346323218522684328e-12 -7.767852724490149630e-01 1.688183952831410116e-11 -3.346323218522684328e-12 -7.767852724490149630e-01
6.750000000000000000e+02 1.395271297956123999e+04 1.694520283165240878e-11 -3.382627511427926947e-12 -7.773063677281485395e-01 1.694520283165240878e-11 -3.382627511427926947e-12 -7.773063677281485395e-01
6.760000000000000000e+02 1.397338366545688586e+04 1.701624868036123539e-11 -3.375522084070325946e-12 -7.777910015809442745e-01 1.701624868036123539e-11 -3.375522084070325946e-12 -7.777910015809442745e-01
6.770000000000000000e+02 1.399405435135253174e+04 1.707847395544014423e-11 -3.408495707901693095e-12 -7.782013266926712802e-01 1.707847395544014423e-11 -3.408495707901693095e-12 -7.782013266926712802e-01
6.780000000000000000e+02 1.401472503724817761e+04 1.714408278537896208e-11 -3.431144257604046288e-12 -7.785150032473516779e-01 1.714408278537896208e-11 -3.431144257604046288e-12 -7.785150032473516779e-01
6.790000000000000000e+02 1.403539572314382349e+04 1.721172004733074039e-11 -3.437472528844409680e-12 -7.787250724994650986e-01 1.721172004733074039e-11 -3.437472528844409680e-12 -7.787250724994650986e-01
6.800000000000000000e+02 1.405606640903946936e+04 1.726347322481526851e-11 -3.439026841078884900e-12 -7.788395468648759978e-01 1.726347322481526851e-11 -3.439026841078884900e-12 -7.788395468648759978e-01
6.810000000000000000e+02 1.407673709493511524e+04 1.732841586677636486e-11 -3.458566766312287655e-12 -7.788814506009005267e-01 1.732841586677636486e-11 -3.458566766312287655e-12 -7.788814506009005267e-01
6.820000000000000000e+02 1.409740778083076111e+04 1.737996414541504708e-11 -3.480549182199865754e-12 -7.788905847585186892e-01 1.737996414541504708e-11 -3.480549182199865754e-12 -7.788905847585186892e-01
6.830000000000000000e+02 1.411807846672640699e+04 1.744377892895049142e-11 -3.477884646940765379e-12 -7.789214853118877624e-01 1.744377892895049142e-11 -3.477884646940765379e-12 -7.789214853118877624e-01
6.840000000000000000e+02 1.413874915262205286e+04 1.750496808855521588e-11 -3.499756040525880962e-12 -7.790377754772254137e-01 1.750496808855521588e-11 -3.499756040525880962e-12 -7.790377754772254137e-01
6.850000000000000000e+02 1.415941983851769874e+04 1.756964955413644601e-11 -3.531619441332622955e-12 -7.793018825407962424e-01 1.756964955413644601e-11 -3.531619441332622955e-12 -7.793018825407962424e-01
6.860000000000000000e+02 1.418009052441334461e+04 1.763871198599379943e-11 -3.524180947067634406e-12 -7.797617563161266530e-01 1.763871198599379943e-11 -3.524180947067634406e-12 -7.797617563161266530e-01
6.870000000000000000e+02 1.420076121030899048e+04 1.771151667680144119e-11 -3.539391002504999051e-12 -7.804389897293795286e-01 1.771151667680144119e-11 -3.539391002504999051e-12 -7.804389897293795286e-01
6.880000000000000000e+02 1.422143189620463636e+04 1.778920084726446833e-11 -3.555711280966988852e-12 -7.813193228827750580e-01 1.778920084726446833e-11 -3.555711280966988852e-12 -7.813193228827750580e-01
6.890000000000000000e+02 1.424210258210028223e+04 1.787246605870450138e-11 -3.589684105520518642e-12 -7.823528831207574585e-01 1.787246605870450138e-11 -3.589684105520518642e-12 -7.823528831207574585e-01
6.900000000000000000e+02 1.426277326799592811e+04 1.795740531033334381e-11 -3.585798324934330594e-12 -7.834650781932727126e-01 1.795740531033334381e-11 -3.585798324934330594e-12 -7.834650781932727126e-01
6.910000000000000000e+02 1.428344395389157398e+04 1.804113793681389369e-11 -3.635203249530150060e-12 -7.845671413872424838e-01 1.804113793681389369e-11 -3.635203249530150060e-12 -7.845671413872424838e-01
6.920000000000000000e+02 1.430411463978721986e+04 1.811865579521645073e-11 -3.634759160320299998e-12 -7.855708274000641200e-01 1.811865579521645073e-11 -3.634759160320299998e-12 -7.855708274000641200e-01
6.930000000000000000e+02 1.432478532568286573e+04 1.819616516299092042e-11 -3.656630553905415582e-12 -7.863994689634704605e-01 1.819616516299092042e-11 -3.656630553905415582e-12 -7.863994689634704605e-01
6.940000000000000000e+02 1.434545601157851161e+04 1.826642080227524478e-11 -3.667732784151667147e-12 -7.869942106311328400e-01 1.826642080227524478e-11 -3.667732784151667147e-12 -7.869942106311328400e-01
6.950000000000000000e+02 1.436612669747415748e+04 1.833008033318766309e-11 -3.677502746768368524e-12 -7.873158887797704342e-01 1.833008033318766309e-11 -3.677502746768368524e-12 -7.873158887797704342e-01
6.960000000000000000e+02 1.438679738336980336e+04 1.838533349448024152e-11 -3.723132913080462458e-12 -7.873443808115411224e-01 1.838533349448024152e-11 -3.723132913080462458e-12 -7.873443808115411224e-01
6.970000000000000000e+02 1.440746806926544923e+04 1.844057983090494277e-11 -3.709144102970185486e-12 -7.870774930921639045e-01 1.844057983090494277e-11 -3.709144102970185486e-12 -7.870774930921639045e-01
6.980000000000000000e+02 1.442813875516109510e+04 1.848263779973127418e-11 -3.735012299443951633e-12 -7.865308152945206244e-01 1.848263779973127418e-11 -3.735012299443951633e-12 -7.865308152945206244e-01
6.990000000000000000e+02 1.444880944105674098e+04 1.852028709844457933e-11 -3.757882893751229858e-12 -7.857386525753385920e-01 1.852028709844457933e-11 -3.757882893751229858e-12 -7.857386525753385920e-01
7.000000000000000000e+02 1.446948012695238685e+04 1.855707547862950146e-11 -3.758660049868467468e-12 -7.847550060226436974e-01 1.855707547862950146e-11 -3.758660049868467468e-12 -7.847550060226436974e-01
7.010000000000000000e+02 1.449015081284803273e+04 1.858864940323537441e-11 -3.762101741244805453e-12 -7.836525808548462368e-01 1.858864940323537441e-11 -3.762101741244805453e-12 -7.836525808548462368e-01
7.020000000000000000e+02 1.451082149874367860e+04 1.862457944318299604e-11 -3.744449195153265464e-12 -7.825178332014365301e-01 1.862457944318299604e-11 -3.744449195153265464e-12 -7.825178332014365301e-01
7.030000000000000000e+02 1.453149218463932448e+04 1.865905427631466241e-11 -3.794853320471247571e-12 -7.814411528690184960e-01 1.865905427631466241e-11 -3.794853320471247571e-12 -7.814411528690184960e-01
7.040000000000000000e+02 1.455216287053497035e+04 1.869313593388171180e-11 -3.799294212569748197e-12 -7.805033624003295811e-01 1.869313593388171180e-11 -3.799294212569748197e-12 -7.805033624003295811e-01
7.050000000000000000e+02 1.457283355643061623e+04 1.873588020087333596e-11 -3.809508264396299637e-12 -7.797623862680693740e-01 1.873588020087333596e-11 -3.809508264396299637e-12 -7.797623862680693740e-01
7.060000000000000000e+02 1.459350424232626210e+04 1.878383477593847828e-11 -3.820277427735163656e-12 -7.792418547499346815e-01 1.878383477593847828e-11 -3.820277427735163656e-12 -7.792418547499346815e-01
7.070000000000000000e+02 1.461417492822190798e+04 1.883873269007415091e-11 -3.816946758661288186e-12 -7.789288073616696950e-01 1.883873269007415091e-11 -3.816946758661288186e-12 -7.789288073616696950e-01
7.080000000000000000e+02 1.463484561411755385e+04 1.889686994105462491e-11 -3.850364471702505398e-12 -7.787824532568931035e-01 1.889686994105462491e-11 -3.850364471702505398e-12 -7.787824532568931035e-01
7.090000000000000000e+02 1.465551630001319973e+04 1.895698436173345759e-11 -3.864131237207857339e-12 -7.787427560407492733e-01 1.895698436173345759e-11 -3.864131237207857339e-12 -7.787427560407492733e-01
7.100000000000000000e+02 1.467618698590884560e+04 1.901755143632783489e-11 -3.876232668176271545e-12 -7.787449739012006766e-01 1.901755143632783489e-11 -3.876232668176271545e-12 -7.787449739012006766e-01
7.110000000000000000e+02 1.469685767180449147e+04 1.907537908795571243e-11 -3.903322109977125365e-12 -7.787310650510361754e-01 1.907537908795571243e-11 -3.903322109977125365e-12 -7.787310650510361754e-01
7.120000000000000000e+02 1.471752835770013735e+04 1.913370746536882091e-11 -3.911759804964276555e-12 -7.786566326971761098e-01 1.913370746536882091e-11 -3.911759804964276555e-12 -7.786566326971761098e-01
7.130000000000000000e+02 1.473819904359578322e+04 1.918875436060426187e-11 -3.910427537334726367e-12 -7.784934935432965553e-01 1.918875436060426187e-11 -3.910427537334726367e-12 -7.784934935432965553e-01
7.140000000000000000e+02 1.475886972949142910e+04 1.924230878663493057e-11 -3.909983448124876304e-12 -7.782294026917619956e-01 1.924230878663493057e-11 -3.909983448124876304e-12 -7.782294026917619956e-01
7.150000000000000000e+02 1.477954041538707497e+04 1.929682430241179313e-11 -3.944955473400568735e-12 -7.778664733009452714e-01 1.929682430241179313e-11 -3.944955473400568735e-12 -7.778664733009452714e-01
7.160000000000000000e+02 1.480021110128272085e+04 1.934481768007585593e-11 -3.932631997827229497e-12 -7.774232439849556586e-01 1.934481768007585593e-11 -3.932631997827229497e-12 -7.774232439849556586e-01
7.170000000000000000e+02 1.482088178717836672e+04 1.939402242304045273e-11 -3.965383577053671615e-12 -7.769321123800043694e-01 1.939402242304045273e-11 -3.965383577053671615e-12 -7.769321123800043694e-01
7.180000000000000000e+02 1.484155247307401260e+04 1.944091139351492238e-11 -3.982147944725511479e-12 -7.764423510632153524e-01 1.944091139351492238e-11 -3.982147944725511479e-12 -7.764423510632153524e-01
7.190000000000000000e+02 1.486222315896965847e+04 1.949379598252189268e-11 -3.984257368472299277e-12 -7.760181687717131460e-01 1.949379598252189268e-11 -3.984257368472299277e-12 -7.760181687717131460e-01
7.200000000000000000e+02 1.488289384486530435e+04 1.955196083599470365e-11 -3.996691866348101030e-12 -7.757334153781727526e-01 1.955196083599470365e-11 -3.996691866348101030e-12 -7.757334153781727526e-01
7.210000000000000000e+02 1.490356453076095022e+04 1.960879132512201889e-11 -4.003020137588464422e-12 -7.756614240303821850e-01 1.960879132512201889e-11 -4.003020137588464422e-12 -7.756614240303821850e-01
7.220000000000000000e+02 1.492423521665659609e+04 1.967777947106689703e-11 -4.025779709593280131e-12 -7.758613044037051543e-01 1.967777947106689703e-11 -4.025779709593280131e-12 -7.758613044037051543e-01
7.230000000000000000e+02 1.494490590255224197e+04 1.975541146229700972e-11 -4.051536883764583763e-12 -7.763645942046696335e-01 1.975541146229700972e-11 -4.051536883764583763e-12 -7.763645942046696335e-01
7.240000000000000000e+02 1.496557658844788784e+04 1.983482388226709622e-11 -4.077183035633424879e-12 -7.771665036537371840e-01 1.983482388226709622e-11 -4.077183035633424879e-12 -7.771665036537371840e-01
7.250000000000000000e+02 1.498624727434353372e+04 1.992557913146564666e-11 -4.066968983806873439e-12 -7.782214882780926768e-01 1.992557913146564666e-11 -4.066968983806873439e-12 -7.782214882780926768e-01
7.260000000000000000e+02 1.500691796023917959e+04 2.002274096104610498e-11 -4.098610340008690400e-12 -7.794555385575966389e-01 2.002274096104610498e-11 -4.098610340008690400e-12 -7.794555385575966389e-01
7.270000000000000000e+02 1.502758864613482547e+04 2.011997456339840069e-11 -4.116151863797767874e-12 -7.807762023419703157e-01 2.011997456339840069e-11 -4.116151863797767874e-12 -7.807762023419703157e-01
7.280000000000000000e+02 1.504825933203047134e+04 2.021164503245846400e-11 -4.165334743788662308e-12 -7.820880042555597988e-01 2.021164503245846400e-11 -4.165334743788662308e-12 -7.820880042555597988e-01
7.290000000000000000e+02 1.506893001792611722e+04 2.030219470041233079e-11 -4.194644631638766441e-12 -7.833046145886587430e-01 2.030219470041233079e-11 -4.194644631638766441e-12 -7.833046145886587430e-01
7.300000000000000000e+02 1.508960070382176309e+04 2.039016090489187439e-11 -4.185429780534377642e-12 -7.843561566986047007e-01 2.039016090489187439e-11 -4.185429780534377642e-12 -7.843561566986047007e-01
7.310000000000000000e+02 1.511027138971740897e+04 2.047356355753748167e-11 -4.227729277772596106e-12 -7.851918087128318957e-01 2.047356355753748167e-11 -4.227729277772596106e-12 -7.851918087128318957e-01
7.320000000000000000e+02 1.513094207561305484e+04 2.054460407951001837e-11 -4.206079928792405553e-12 -7.857791667947423564e-01 2.054460407951001837e-11 -4.206079928792405553e-12 -7.857791667947423564e-01
7.330000000000000000e+02 1.515161276150870071e+04 2.061772531623372421e-11 -4.247602269913386408e-12 -7.861036640747450788e-01 2.061772531623372421e-11 -4.247602269913386408e-12 -7.861036640747450788e-01
7.340000000000000000e+02 1.517228344740434659e+04 2.067887829315533434e-11 -4.259592678579338099e-12 -7.861694284819173983e-01 2.067887829315533434e-11 -4.259592678579338099e-12 -7.861694284819173983e-01
7.350000000000000000e+02 1.519295413329999246e+04 2.073824103228873032e-11 -4.247935336820773955e-12 -7.859959428591898334e-01 2.073824103228873032e-11 -4.247935336820773955e-12 -7.859959428591898334e-01
7.360000000000000000e+02 1.521362481919563834e+04 2.078450094502897115e-11 -4.289679722546679841e-12 -7.856231554722364896e-01 2.078450094502897115e-11 -4.289679722546679841e-12 -7.856231554722364896e-01
7.370000000000000000e+02 1.523429550509128421e+04 2.083462786150599025e-11 -4.325984015451922460e-12 -7.851093011018651646e-01 2.083462786150599025e-11 -4.325984015451922460e-12 -7.851093011018651646e-01
7.380000000000000000e+02 1.525496619098693009e+04 2.087864117885872794e-11 -4.318545521186933911e-12 -7.845267178545934916e-01 2.087864117885872794e-11 -4.318545521186933911e-12 -7.845267178545934916e-01
7.390000000000000000e+02 1.527563687688257596e+04 2.092155011809663123e-11 -4.279021581510278338e-12 -7.839529481785905141e-01 2.092155011809663123e-11 -4.279021581510278338e-12 -7.839529481785905141e-01
7.400000000000000000e+02 1.529630756277822184e+04 2.097354677046451315e-11 -4.338640557932649244e-12 -7.834580499174784718e-01 2.097354677046451315e-11 -4.338640557932649244e-12 -7.834580499174784718e-01
7.410000000000000000e+02 1.531697824867386771e+04 2.102659461992204991e-11 -4.350964033505988482e-12 -7.830911970576721615e-01 2.102659461992204991e-11 -4.350964033505988482e-12 -7.830911970576721615e-01
7.420000000000000000e+02 1.533764893456951359e+04 2.108422222697583083e-11 -4.355626970209414139e-12 -7.828714839744835841e-01 2.108422222697583083e-11 -4.355626970209414139e-12 -7.828714839744835841e-01
7.430000000000000000e+02 1.535831962046515946e+04 2.114577639936573739e-11 -4.393152508441744430e-12 -7.827823126338222526e-01 2.114577639936573739e-11 -4.393152508441744430e-12 -7.827823126338222526e-01
7.440000000000000000e+02 1.537899030636080533e+04 2.120964940484574182e-11 -4.357625371653739421e-12 -7.827804460141325471e-01 2.120964940484574182e-11 -4.357625371653739421e-12 -7.827804460141325471e-01
7.450000000000000000e+02 1.539966099225645121e+04 2.127662247351476741e-11 -4.399480779682107823e-12 -7.828044588827272054e-01 2.127662247351476741e-11 -4.399480779682107823e-12 -7.828044588827272054e-01
7.460000000000000000e+02 1.542033167815209708e+04 2.133279980699668098e-11 -4.452660462561652821e-12 -7.827888536066696101e-01 2.133279980699668098e-11 -4.452660462561652821e-12 -7.827888536066696101e-01
7.470000000000000000e+02 1.544100236404774296e+04 2.139389285790278327e-11 -4.439337786266150943e-12 -7.826754962475083177e-01 2.139389285790278327e-11 -4.439337786266150943e-12 -7.826754962475083177e-01
7.480000000000000000e+02 1.546167304994338883e+04 2.144667136869018826e-11 -4.426126132273111580e-12 -7.824208662380027768e-01 2.144667136869018826e-11 -4.426126132273111580e-12 -7.824208662380027768e-01
7.490000000000000000e+02 1.548234373583903471e+04 2.149480627919186502e-11 -4.456213176240453322e-12 -7.819989099045169256e-01 2.149480627919186502e-11 -4.456213176240453322e-12 -7.819989099045169256e-01
7.500000000000000000e+02 1.550301442173468058e+04 2.154340516244164966e-11 -4.476752302196018718e-12 -7.814004995517889185e-01 2.154340516244164966e-11 -4.476752302196018718e-12 -7.814004995517889185e-01
7.510000000000000000e+02 1.552368510763032646e+04 2.158550959328709243e-11 -4.488520666257045377e-12 -7.806322174443552919e-01 2.158550959328709243e-11 -4.488520666257045377e-12 -7.806322174443552919e-01
7.520000000000000000e+02 1.554435579352597233e+04 2.161794978558815929e-11 -4.511835349774173665e-12 -7.797195583744427339e-01 2.161794978558815929e-11 -4.511835349774173665e-12 -7.797195583744427339e-01
7.530000000000000000e+02 1.556502647942161821e+04 2.165550587079113755e-11 -4.514055795823423978e-12 -7.787015519911698602e-01 2.165550587079113755e-11 -4.514055795823423978e-12 -7.787015519911698602e-01
7.540000000000000000e+02 1.558569716531726408e+04 2.168843020087393573e-11 -4.482969551133919595e-12 -7.776355745585377122e-01 2.168843020087393573e-11 -4.482969551133919595e-12 -7.776355745585377122e-01
7.550000000000000000e+02 1.560636785121290995e+04 2.172469658158406501e-11 -4.528377672841088497e-12 -7.765958846874584376e-01 2.172469658158406501e-11 -4.528377672841088497e-12 -7.765958846874584376e-01
7.560000000000000000e+02 1.562703853710855583e+04 2.176510928761918099e-11 -4.493516669867858582e-12 -7.756688492711953931e-01 2.176510928761918099e-11 -4.493516669867858582e-12 -7.756688492711953931e-01
7.570000000000000000e+02 1.564770922300420170e+04 2.180664044174824768e-11 -4.545475107420315908e-12 -7.749432959121729247e-01 2.180664044174824768e-11 -4.545475107420315908e-12 -7.749432959121729247e-01
7.580000000000000000e+02 1.566837990889984758e+04 2.186164498707789008e-11 -4.554800980827167223e-12 -7.744967622260481299e-01 2.186164498707789008e-11 -4.554800980827167223e-12 -7.744967622260481299e-01
7.590000000000000000e+02 1.568905059479549345e+04 2.192761351442265099e-11 -4.586220292424059153e-12 -7.743808718483552456e-01 2.192761351442265099e-11 -4.586220292424059153e-12 -7.743808718483552456e-01
7.600000000000000000e+02 1.570972128069113933e+04 2.199621508516453606e-11 -4.579225887368920667e-12 -7.746104155206375852e-01 2.199621508516453606e-11 -4.579225887368920667e-12 -7.746104155206375852e-01
7.610000000000000000e+02 1.573039196658678520e+04 2.207917222038927506e-11 -4.601097280954036250e-12 -7.751600166158668648e-01 2.207917222038927506e-11 -4.601097280954036250e-12 -7.751600166158668648e-01
7.620000000000000000e+02 1.575106265248243108e+04 2.216438757940958478e-11 -4.628186722754890070e-12 -7.759696576106509536e-01 2.216438757940958478e-11 -4.628186722754890070e-12 -7.759696576106509536e-01
7.630000000000000000e+02 1.577173333837807695e+04 2.225804936970145107e-11 -4.662381591913344892e-12 -7.769569839721091054e-01 2.225804936970145107e-11 -4.662381591913344892e-12 -7.769569839721091054e-01
7.640000000000000000e+02 1.579240402427372283e+04 2.235770576208063320e-11 -4.681033338727047521e-12 -7.780321302515348370e-01 2.235770576208063320e-11 -4.681033338727047521e-12 -7.780321302515348370e-01
7.650000000000000000e+02 1.581307471016936870e+04 2.244985307314863798e-11 -4.666267372499532939e-12 -7.791106588686316226e-01 2.244985307314863798e-11 -4.666267372499532939e-12 -7.791106588686316226e-01
7.660000000000000000e+02 1.583374539606501457e+04 2.254260251879854247e-11 -4.685918320035398210e-12 -7.801219295867097836e-01 2.254260251879854247e-11 -4.685918320035398210e-12 -7.801219295867097836e-01
7.670000000000000000e+02 1.585441608196066045e+04 2.263854839572499265e-11 -4.732547687069654785e-12 -7.810125812868836670e-01 2.263854839572499265e-11 -4.732547687069654785e-12 -7.810125812868836670e-01
7.680000000000000000e+02 1.587508676785630632e+04 2.271961295240014013e-11 -4.735545289236142708e-12 -7.817463900289270962e-01 2.271961295240014013e-11 -4.735545289236142708e-12 -7.817463900289270962e-01
7.690000000000000000e+02 1.589575745375195220e+04 2.279933004405086612e-11 -4.759526106568046089e-12 -7.823032736634043527e-01 2.279933004405086612e-11 -4.759526106568046089e-12 -7.823032736634043527e-01
7.700000000000000000e+02 1.591642813964759807e+04 2.287138135688986702e-11 -4.751310456185819930e-12 -7.826817978069431359e-01 2.287138135688986702e-11 -4.751310456185819930e-12 -7.826817978069431359e-01
7.710000000000000000e+02 1.593709882554324395e+04 2.294555068575717700e-11 -4.794387109541276004e-12 -7.828936415756664324e-01 2.294555068575717700e-11 -4.794387109541276004e-12 -7.828936415756664324e-01
7.720000000000000000e+02 1.595776951143888982e+04 2.301005111573220009e-11 -4.792055641189563175e-12 -7.829693486791368118e-01 2.301005111573220009e-11 -4.792055641189563175e-12 -7.829693486791368118e-01
7.730000000000000000e+02 1.597844019733453570e+04 2.307654097455839248e-11 -4.782507723177786829e-12 -7.829567450448084998e-01 2.307654097455839248e-11 -4.782507723177786829e-12 -7.829567450448084998e-01
7.740000000000000000e+02 1.599911088323018157e+04 2.313753102877445346e-11 -4.847899859328208549e-12 -7.829169435935598997e-01 2.313753102877445346e-11 -4.847899859328208549e-12 -7.829169435935598997e-01
7.750000000000000000e+02 1.601978156912582745e+04 2.320646683654411158e-11 -4.845790435581420752e-12 -7.829159634326905426e-01 2.320646683654411158e-11 -4.845790435581420752e-12 -7.829159634326905426e-01
7.760000000000000000e+02 1.604045225502147332e+04 2.327464950603426934e-11 -4.860778446413860365e-12 -7.830124969588986295e-01 2.327464950603426934e-11 -4.860778446413860365e-12 -7.830124969588986295e-01
7.770000000000000000e+02 1.606112294091711919e+04 2.334623628577270104e-11 -4.898970118460965750e-12 -7.832446844136521369e-01 2.334623628577270104e-11 -4.898970118460965750e-12 -7.832446844136521369e-01
7.780000000000000000e+02 1.608179362681276507e+04 2.342440560794817356e-11 -4.887534821307326638e-12 -7.836209196064566340e-01 2.342440560794817356e-11 -4.887534821307326638e-12 -7.836209196064566340e-01
7.790000000000000000e+02 1.610246431270841094e+04 2.350271400079279366e-11 -4.887423799004864122e-12 -7.841139424883020181e-01 2.350271400079279366e-11 -4.887423799004864122e-12 -7.841139424883020181e-01
7.800000000000000000e+02 1.612313499860405682e+04 2.358769580601717406e-11 -4.947597886939547607e-12 -7.846695534973430197e-01 2.358769580601717406e-11 -4.947597886939547607e-12 -7.846695534973430197e-01
7.810000000000000000e+02 1.614380568449970269e+04 2.367199274647000912e-11 -4.949707310686335404e-12 -7.852151162415423880e-01 2.367199274647000912e-11 -4.949707310686335404e-12 -7.852151162415423880e-01
7.820000000000000000e+02 1.616447637039534857e+04 2.374733140736920299e-11 -4.995226454695966822e-12 -7.856739225246363034e-01 2.374733140736920299e-11 -4.995226454695966822e-12 -7.856739225246363034e-01
7.830000000000000000e+02 1.618514705629099444e+04 2.382031705499762688e-11 -4.990785562597466196e-12 -7.859770925119023977e-01 2.382031705499762688e-11 -4.990785562597466196e-12 -7.859770925119023977e-01
7.840000000000000000e+02 1.620581774218664032e+04 2.388864841259429282e-11 -5.013545134602281905e-12 -7.860713199356700320e-01 2.388864841259429282e-11 -5.013545134602281905e-12 -7.860713199356700320e-01
7.850000000000000000e+02 1.622648842808228619e+04 2.395027078411603839e-11 -5.017208870583544922e-12 -7.859221075608987528e-01 2.395027078411603839e-11 -5.017208870583544922e-12 -7.859221075608987528e-01
7.860000000000000000e+02 1.624715911397793207e+04 2.399863318517101414e-11 -5.003997216590505559e-12 -7.855137659890949475e-01 2.399863318517101414e-11 -5.003997216590505559e-12 -7.855137659890949475e-01
7.870000000000000000e+02 1.626782979987357794e+04 2.404446063479298226e-11 -5.026534743990396237e-12 -7.848466748127520543e-01 2.404446063479298226e-11 -5.026534743990396237e-12 -7.848466748127520543e-01
7.880000000000000000e+02 1.628850048576922381e+04 2.407962734855696943e-11 -5.079603404567478719e-12 -7.839420888166677148e-01 2.407962734855696943e-11 -5.079603404567478719e-12 -7.839420888166677148e-01
7.890000000000000000e+02 1.630917117166486969e+04 2.411486902910523605e-11 -5.065281527549814200e-12 -7.828361862838026930e-01 2.411486902910523605e-11 -5.065281527549814200e-12 -7.828361862838026930e-01
7.900000000000000000e+02 1.632984185756051556e+04 2.414363623195601839e-11 -5.049516360600136977e-12 -7.815846418115430794e-01 2.414363623195601839e-11 -5.049516360600136977e-12 -7.815846418115430794e-01
7.910000000000000000e+02 1.635051254345616144e+04 2.416518320216590504e-11 -5.046851825341036601e-12 -7.802620063724862165e-01 2.416518320216590504e-11 -5.046851825341036601e-12 -7.802620063724862165e-01
7.920000000000000000e+02 1.637118322935180731e+04 2.419220536218603216e-11 -5.098255151381181349e-12 -7.789578795848521864e-01 2.419220536218603216e-11 -5.098255151381181349e-12 -7.789578795848521864e-01
7.930000000000000000e+02 1.639185391524745501e+04 2.422084392097445432e-11 -5.106581824065870023e-12 -7.777682901416892447e-01 2.422084392097445432e-11 -5.106581824065870023e-12 -7.777682901416892447e-01
7.940000000000000000e+02 1.641252460114310088e+04 2.425994813226283033e-11 -5.084821452783216955e-12 -7.767825948532903757e-01 2.425994813226283033e-11 -5.084821452783216955e-12 -7.767825948532903757e-01
7.950000000000000000e+02 1.643319528703874676e+04 2.431027782945582086e-11 -5.089151322579255066e-12 -7.760687764764013785e-01 2.431027782945582086e-11 -5.089151322579255066e-12 -7.760687764764013785e-01
7.960000000000000000e+02 1.645386597293439263e+04 2.436470749496352713e-11 -5.141109760131712392e-12 -7.756618241851245266e-01 2.436470749496352713e-11 -5.141109760131712392e-12 -7.756618241851245266e-01
7.970000000000000000e+02 1.647453665883003850e+04 2.443345087019034455e-11 -5.127231972323897935e-12 -7.755552845794745354e-01 2.443345087019034455e-11 -5.127231972323897935e-12 -7.755552845794745354e-01
7.980000000000000000e+02 1.649520734472568438e+04 2.450276471019804076e-11 -5.146549852952375659e-12 -7.757104692791548795e-01 2.450276471019804076e-11 -5.146549852952375659e-12 -7.757104692791548795e-01
7.990000000000000000e+02 1.651587803062133025e+04 2.458681948587961189e-11 -5.167088978907941055e-12 -7.760626150046046057e-01 2.458681948587961189e-11 -5.167088978907941055e-12 -7.760626150046046057e-01
8.000000000000000000e+02 1.653654871651697613e+04 2.466678569340774826e-11 -5.178080186851730105e-12 -7.765363941097087608e-01 2.466678569340774826e-11 -5.178080186851730105e-12 -7.765363941097087608e-01
8.010000000000000000e+02 1.655721940241262200e+04 2.475218974937694966e-11 -5.229705557496799884e-12 -7.770589847752797930e-01 2.475218974937694966e-11 -5.229705557496799884e-12 -7.770589847752797930e-01
8.020000000000000000e+02 1.657789008830826788e+04 2.483737797682340432e-11 -5.251021839569602889e-12 -7.775690251193565494e-01 2.483737797682340432e-11 -5.251021839569602889e-12 -7.775690251193565494e-01
8.030000000000000000e+02 1.659856077420391375e+04 2.491872157434290756e-11 -5.215272658176672849e-12 -7.780207808061316843e-01 2.491872157434290756e-11 -5.215272658176672849e-12 -7.780207808061316843e-01
8.040000000000000000e+02 1.661923146009955963e+04 2.499818379702909297e-11 -5.254907620155790937e-12 -7.783847445255602793e-01 2.499818379702909297e-11 -5.254907620155790937e-12 -7.783847445255602793e-01
8.050000000000000000e+02 1.663990214599520550e+04 2.507081761128707396e-11 -5.280220705117244506e-12 -7.786459231979048212e-01 2.507081761128707396e-11 -5.280220705117244506e-12 -7.786459231979048212e-01
8.060000000000000000e+02 1.666057283189085138e+04 2.514440331737548338e-11 -5.286548976357607899e-12 -7.788061566732685792e-01 2.514440331737548338e-11 -5.286548976357607899e-12 -7.788061566732685792e-01
8.070000000000000000e+02 1.668124351778649725e+04 2.521406423841754699e-11 -5.278999459790156834e-12 -7.788803082082772500e-01 2.521406423841754699e-11 -5.278999459790156834e-12 -7.788803082082772500e-01
8.080000000000000000e+02 1.670191420368214312e+04 2.528669361995308435e-11 -5.281997061956644757e-12 -7.789003505920608639e-01 2.528669361995308435e-11 -5.281997061956644757e-12 -7.789003505920608639e-01
8.090000000000000000e+02 1.672258488957778900e+04 2.535216200626570819e-11 -5.281886039654182241e-12 -7.789141489060387169e-01 2.535216200626570819e-11 -5.281886039654182241e-12 -7.789141489060387169e-01
8.100000000000000000e+02 1.674325557547343487e+04 2.542492552366748982e-11 -5.327738250571201206e-12 -7.789819574154049908e-01 2.542492552366748982e-11 -5.327738250571201206e-12 -7.789819574154049908e-01
8.110000000000000000e+02 1.676392626136908075e+04 2.549995997271971136e-11 -5.356159960001605214e-12 -7.791682973182425531e-01 2.549995997271971136e-11 -5.356159960001605214e-12 -7.791682973182425531e-01
8.120000000000000000e+02 1.678459694726472662e+04 2.558598682703700486e-11 -5.374478639907920297e-12 -7.795297596128386575e-01 2.558598682703700486e-11 -5.374478639907920297e-12 -7.795297596128386575e-01
8.130000000000000000e+02 1.680526763316037250e+04 2.566967572540754123e-11 -5.394795721258560661e-12 -7.801016700499667778e-01 2.566967572540754123e-11 -5.394795721258560661e-12 -7.801016700499667778e-01
8.140000000000000000e+02 1.682593831905601837e+04 2.576172165050328160e-11 -5.401235014801386569e-12 -7.808884294554055971e-01 2.576172165050328160e-11 -5.401235014801386569e-12 -7.808884294554055971e-01
8.150000000000000000e+02 1.684660900495166425e+04 2.586697704135509505e-11 -5.473399511402021744e-12 -7.818553604431068837e-01 2.586697704135509505e-11 -5.473399511402021744e-12 -7.818553604431068837e-01
8.160000000000000000e+02 1.686727969084731012e+04 2.596702965554507761e-11 -5.478728581920222496e-12 -7.829391191297280228e-01 2.596702965554507761e-11 -5.478728581920222496e-12 -7.829391191297280228e-01
8.170000000000000000e+02 1.688795037674295600e+04 2.607858595442062277e-11 -5.469846797723221243e-12 -7.840558128581418540e-01 2.607858595442062277e-11 -5.469846797723221243e-12 -7.840558128581418540e-01
8.180000000000000000e+02 1.690862106263860187e+04 2.617884103974127874e-11 -5.513700607195914927e-12 -7.851153427979621346e-01 2.617884103974127874e-11 -5.513700607195914927e-12 -7.851153427979621346e-01
8.190000000000000000e+02 1.692929174853424774e+04 2.627733952310420232e-11 -5.521139101460903476e-12 -7.860344512434453978e-01 2.627733952310420232e-11 -5.521139101460903476e-12 -7.860344512434453978e-01
8.200000000000000000e+02 1.694996243442989362e+04 2.636630914817917724e-11 -5.546119119514969498e-12 -7.867453201411495067e-01 2.636630914817917724e-11 -5.546119119514969498e-12 -7.867453201411495067e-01
8.210000000000000000e+02 1.697063312032553949e+04 2.645270153126906397e-11 -5.566547223168072378e-12 -7.871993691658452086e-01 2.645270153126906397e-11 -5.566547223168072378e-12 -7.871993691658452086e-01
8.220000000000000000e+02 1.699130380622118537e+04 2.652431527405456478e-11 -5.584199769259612367e-12 -7.873675469473453425e-01 2.652431527405456478e-11 -5.584199769259612367e-12 -7.873675469473453425e-01
8.230000000000000000e+02 1.701197449211683124e+04 2.658645084170096170e-11 -5.581313189395586960e-12 -7.872392079884582561e-01 2.658645084170096170e-11 -5.581313189395586960e-12 -7.872392079884582561e-01
8.240000000000000000e+02 1.703264517801247712e+04 2.663712627248086414e-11 -5.591194174314750853e-12 -7.868214025079603990e-01 2.663712627248086414e-11 -5.591194174314750853e-12 -7.868214025079603990e-01
8.250000000000000000e+02 1.705331586390812299e+04 2.668199858681678193e-11 -5.617506459998367063e-12 -7.861393453908691598e-01 2.668199858681678193e-11 -5.617506459998367063e-12 -7.861393453908691598e-01
8.260000000000000000e+02 1.707398654980376887e+04 2.672053478779765232e-11 -5.634936961484982021e-12 -7.852375932963489014e-01 2.672053478779765232e-11 -5.634936961484982021e-12 -7.852375932963489014e-01
8.270000000000000000e+02 1.709465723569941474e+04 2.675275279741574305e-11 -5.663580715520311060e-12 -7.841802637623137562e-01 2.675275279741574305e-11 -5.663580715520311060e-12 -7.841802637623137562e-01
8.280000000000000000e+02 1.711532792159506062e+04 2.678195172900102575e-11 -5.624056775843655487e-12 -7.830481887880526015e-01 2.678195172900102575e-11 -5.624056775843655487e-12 -7.830481887880526015e-01
8.290000000000000000e+02 1.713599860749070649e+04 2.681471335222144611e-11 -5.643041589564745664e-12 -7.819314245158138776e-01 2.681471335222144611e-11 -5.643041589564745664e-12 -7.819314245158138776e-01
8.300000000000000000e+02 1.715666929338635236e+04 2.685090596555055044e-11 -5.656919377372560120e-12 -7.809172122390819482e-01 2.685090596555055044e-11 -5.656919377372560120e-12 -7.809172122390819482e-01
8.310000000000000000e+02 1.717733997928199824e+04 2.688766848927542102e-11 -5.681011217006926017e-12 -7.800758601648827284e-01 2.688766848927542102e-11 -5.681011217006926017e-12 -7.800758601648827284e-01
8.320000000000000000e+02 1.719801066517764411e+04 2.694138352290256327e-11 -5.689337889691614691e-12 -7.794490819937229809e-01 2.694138352290256327e-11 -5.689337889691614691e-12 -7.794490819937229809e-01
8.330000000000000000e+02 1.721868135107328999e+04 2.699379298758183872e-11 -5.687561532852214441e-12 -7.790400204100339510e-01 2.699379298758183872e-11 -5.687561532852214441e-12 -7.790400204100339510e-01
8.340000000000000000e+02 1.723935203696893586e+04 2.706254284261991148e-11 -5.727973650948570139e-12 -7.788207939403215541e-01 2.706254284261991148e-11 -5.727973650948570139e-12 -7.788207939403215541e-01
8.350000000000000000e+02 1.726002272286458174e+04 2.712939577445968171e-11 -5.727529561738720076e-12 -7.787387416194808676e-01 2.712939577445968171e-11 -5.727529561738720076e-12 -7.787387416194808676e-01
8.360000000000000000e+02 1.728069340876022761e+04 2.719696782753991354e-11 -5.738076680472659064e-12 -7.787297040313643226e-01 2.719696782753991354e-11 -5.738076680472659064e-12 -7.787297040313643226e-01
8.370000000000000000e+02 1.730136409465587349e+04 2.727242190387828690e-11 -5.757172516496211756e-12 -7.787312440154627868e-01 2.727242190387828690e-11 -5.757172516496211756e-12 -7.787312440154627868e-01
8.380000000000000000e+02 1.732203478055151936e+04 2.734200032000964502e-11 -5.761946475502099929e-12 -7.786918328035654646e-01 2.734200032000964502e-11 -5.761946475502099929e-12 -7.786918328035654646e-01
8.390000000000000000e+02 1.734270546644716524e+04 2.740369786044614813e-11 -5.796918500777792360e-12 -7.785753890490315632e-01 2.740369786044614813e-11 -5.796918500777792360e-12 -7.785753890490315632e-01
8.400000000000000000e+02 1.736337615234281111e+04 2.746652466205484096e-11 -5.822675674949095992e-12 -7.783621594590206527e-01 2.746652466205484096e-11 -5.822675674949095992e-12 -7.783621594590206527e-01
8.410000000000000000e+02 1.738404683823845698e+04 2.752288358993940248e-11 -5.798916902222117642e-12 -7.780470924830061863e-01 2.752288358993940248e-11 -5.798916902222117642e-12 -7.780470924830061863e-01
8.420000000000000000e+02 1.740471752413410286e+04 2.758388333908980206e-11 -5.810463221678219270e-12 -7.776416290947540944e-01 2.758388333908980206e-11 -5.810463221678219270e-12 -7.776416290947540944e-01
8.430000000000000000e+02 1.742538821002974873e+04 2.763314589088317971e-11 -5.814793091474257380e-12 -7.771705185922417325e-01 2.763314589088317971e-11 -5.814793091474257380e-12 -7.771705185922417325e-01
8.440000000000000000e+02 1.744605889592539461e+04 2.768583654088035871e-11 -5.836331418151985417e-12 -7.766751744735489460e-01 2.768583654088035871e-11 -5.836331418151985417e-12 -7.766751744735489460e-01
8.450000000000000000e+02 1.746672958182104048e+04 2.774468855937381726e-11 -5.845435246953911701e-12 -7.762129720854279435e-01 2.774468855937381726e-11 -5.845435246953911701e-12 -7.762129720854279435e-01
8.460000000000000000e+02 1.748740026771668636e+04 2.780423884008368411e-11 -5.859979168576501252e-12 -7.758540623015901527e-01 2.780423884008368411e-11 -5.859979168576501252e-12 -7.758540623015901527e-01
8.470000000000000000e+02 1.750807095361233223e+04 2.786683197093952289e-11 -5.883626919001017086e-12 -7.756735238715000147e-01 2.786683197093952289e-11 -5.883626919001017086e-12 -7.756735238715000147e-01
8.480000000000000000e+02 1.752874163950797811e+04 2.794512883238994700e-11 -5.884515097420717211e-12 -7.757390462902699069e-01 2.794512883238994700e-11 -5.884515097420717211e-12 -7.757390462902699069e-01
8.490000000000000000e+02 1.754941232540362398e+04 2.802583744510038164e-11 -5.879075004600053944e-12 -7.760966755002524087e-01 2.802583744510038164e-11 -5.879075004600053944e-12 -7.760966755002524087e-01
8.500000000000000000e+02 1.757008301129926986e+04 2.812411933072931580e-11 -5.927369706171248254e-12 -7.767603002548191249e-01 2.812411933072931580e-11 -5.927369706171248254e-12 -7.767603002548191249e-01
8.510000000000000000e+02 1.759075369719491573e+04 2.823324660836682117e-11 -5.939915226349512523e-12 -7.777025330838021056e-01 2.823324660836682117e-11 -5.939915226349512523e-12 -7.777025330838021056e-01
8.520000000000000000e+02 1.761142438309056161e+04 2.834721416251136557e-11 -5.983769035822206206e-12 -7.788622269758093131e-01 2.834721416251136557e-11 -5.983769035822206206e-12 -7.788622269758093131e-01
8.530000000000000000e+02 1.763209506898620748e+04 2.846356326665674030e-11 -6.000422381191583554e-12 -7.801537689419788535e-01 2.846356326665674030e-11 -6.000422381191583554e-12 -7.801537689419788535e-01
8.540000000000000000e+02 1.765276575488185335e+04 2.858718114075206706e-11 -6.027955912202287436e-12 -7.814813638841887622e-01 2.858718114075206706e-11 -6.027955912202287436e-12 -7.814813638841887622e-01
8.550000000000000000e+02 1.767343644077749923e+04 2.869923460214268144e-11 -6.047495837435690191e-12 -7.827530772144797311e-01 2.869923460214268144e-11 -6.047495837435690191e-12 -7.827530772144797311e-01
8.560000000000000000e+02 1.769410712667314510e+04 2.881279099857638079e-11 -6.074252212329156464e-12 -7.838905758528394996e-01 2.881279099857638079e-11 -6.074252212329156464e-12 -7.838905758528394996e-01
8.570000000000000000e+02 1.771477781256879098e+04 2.891624648643583102e-11 -6.106670724648211035e-12 -7.848338433766519628e-01 2.891624648643583102e-11 -6.106670724648211035e-12 -7.848338433766519628e-01
8.580000000000000000e+02 1.773544849846443685e+04 2.900961183377728120e-11 -6.133427099541677308e-12 -7.855419187763853506e-01 2.900961183377728120e-11 -6.133427099541677308e-12 -7.855419187763853506e-01
8.590000000000000000e+02 1.775611918436008273e+04 2.909843917833427103e-11 -6.131317675794889510e-12 -7.859911856926398155e-01 2.909843917833427103e-11 -6.131317675794889510e-12 -7.859911856926398155e-01
8.600000000000000000e+02 1.777678987025572860e+04 2.917487289080140234e-11 -6.126432694486538821e-12 -7.861781235300047133e-01 2.917487289080140234e-11 -6.126432694486538821e-12 -7.861781235300047133e-01
8.610000000000000000e+02 1.779746055615137448e+04 2.924148634063256160e-11 -6.153411113984930125e-12 -7.861135772992522419e-01 2.924148634063256160e-11 -6.153411113984930125e-12 -7.861135772992522419e-01
8.620000000000000000e+02 1.781813124204702035e+04 2.930054857752723950e-11 -6.171729793891245208e-12 -7.858280561859519731e-01 2.930054857752723950e-11 -6.171729793891245208e-12 -7.858280561859519731e-01
8.630000000000000000e+02 1.783880192794266623e+04 2.935872099562042207e-11 -6.192157897544348089e-12 -7.853713299807935089e-01 2.935872099562042207e-11 -6.192157897544348089e-12 -7.853713299807935089e-01
8.640000000000000000e+02 1.785947261383831210e+04 2.940642674239372417e-11 -6.213363157314688578e-12 -7.848098384968399399e-01 2.940642674239372417e-11 -6.213363157314688578e-12 -7.848098384968399399e-01
8.650000000000000000e+02 1.788014329973395797e+04 2.945580279651114096e-11 -6.206368752259550092e-12 -7.842200759699287094e-01 2.945580279651114096e-11 -6.206368752259550092e-12 -7.842200759699287094e-01
8.660000000000000000e+02 1.790081398562960385e+04 2.950344669656354678e-11 -6.215583603363938892e-12 -7.836774605055679688e-01 2.950344669656354678e-11 -6.215583603363938892e-12 -7.836774605055679688e-01
8.670000000000000000e+02 1.792148467152524972e+04 2.956466820604139039e-11 -6.217026893295951595e-12 -7.832427576708678174e-01 2.956466820604139039e-11 -6.217026893295951595e-12 -7.832427576708678174e-01
8.680000000000000000e+02 1.794215535742089560e+04 2.962424344602170935e-11 -6.270206576175496593e-12 -7.829506535502507303e-01 2.962424344602170935e-11 -6.270206576175496593e-12 -7.829506535502507303e-01
8.690000000000000000e+02 1.796282604331654147e+04 2.969401270440866199e-11 -6.248446204892843525e-12 -7.828008010466894762e-01 2.969401270440866199e-11 -6.248446204892843525e-12 -7.828008010466894762e-01
8.700000000000000000e+02 1.798349672921218735e+04 2.976536333881299434e-11 -6.287748099964574067e-12 -7.827624190659557835e-01 2.976536333881299434e-11 -6.287748099964574067e-12 -7.827624190659557835e-01
8.710000000000000000e+02 1.800416741510783322e+04 2.983567423809246959e-11 -6.286082765427636332e-12 -7.827809331971105067e-01 2.983567423809246959e-11 -6.286082765427636332e-12 -7.827809331971105067e-01
8.720000000000000000e+02 1.802483810100347910e+04 2.990986155191277361e-11 -6.344591518825382082e-12 -7.827912073260834269e-01 2.990986155191277361e-11 -6.344591518825382082e-12 -7.827912073260834269e-01
8.730000000000000000e+02 1.804550878689912497e+04 2.997894106433753821e-11 -6.326938972733842093e-12 -7.827304073244609750e-01 2.997894106433753821e-11 -6.326938972733842093e-12 -7.827304073244609750e-01
8.740000000000000000e+02 1.806617947279477085e+04 3.004378242997562268e-11 -6.346700942572169879e-12 -7.825474164277352873e-01 3.004378242997562268e-11 -6.346700942572169879e-12 -7.825474164277352873e-01
8.750000000000000000e+02 1.808685015869041672e+04 3.009828215802107033e-11 -6.379785588705999544e-12 -7.822076964526107901e-01 3.009828215802107033e-11 -6.379785588705999544e-12 -7.822076964526107901e-01
8.760000000000000000e+02 1.810752084458606259e+04 3.015262344001921408e-11 -6.350364678553432896e-12 -7.816943009025004718e-01 3.015262344001921408e-11 -6.350364678553432896e-12 -7.816943009025004718e-01
8.770000000000000000e+02 1.812819153048170847e+04 3.019782727183659963e-11 -6.360467708077521820e-12 -7.810058614517498832e-01 3.019782727183659963e-11 -6.360467708077521820e-12 -7.810058614517498832e-01
8.780000000000000000e+02 1.814886221637735434e+04 3.023411372902799237e-11 -6.422418152851605555e-12 -7.801593850169292743e-01 3.023411372902799237e-11 -6.422418152851605555e-12 -7.801593850169292743e-01
8.790000000000000000e+02 1.816953290227300022e+04 3.026827864739479706e-11 -6.397882224007389595e-12 -7.791870324421668048e-01 3.026827864739479706e-11 -6.397882224007389595e-12 -7.791870324421668048e-01
8.800000000000000000e+02 1.819020358816864609e+04 3.030879868692937453e-11 -6.393663376513814001e-12 -7.781372475568533176e-01 3.030879868692937453e-11 -6.393663376513814001e-12 -7.781372475568533176e-01
8.810000000000000000e+02 1.821087427406429197e+04 3.033658210457494530e-11 -6.442069100387470826e-12 -7.770765154964722754e-01 3.033658210457494530e-11 -6.442069100387470826e-12 -7.770765154964722754e-01
8.820000000000000000e+02 1.823154495995993784e+04 3.037402972827740573e-11 -6.432077093165844417e-12 -7.760862568722384225e-01 3.037402972827740573e-11 -6.432077093165844417e-12 -7.760862568722384225e-01
8.830000000000000000e+02 1.825221564585558372e+04 3.041547344326896581e-11 -6.427969267974731338e-12 -7.752555902314265390e-01 3.041547344326896581e-11 -6.427969267974731338e-12 -7.752555902314265390e-01
8.840000000000000000e+02 1.827288633175122959e+04 3.046664545862362914e-11 -6.447065103998284030e-12 -7.746692821050690236e-01 3.046664545862362914e-11 -6.447065103998284030e-12 -7.746692821050690236e-01
8.850000000000000000e+02 1.829355701764687547e+04 3.052945632508417103e-11 -6.476930103360700741e-12 -7.743930154068415783e-01 3.052945632508417103e-11 -6.476930103360700741e-12 -7.743930154068415783e-01
8.860000000000000000e+02 1.831422770354252134e+04 3.061257970144810672e-11 -6.473710456589287787e-12 -7.744601187545889776e-01 3.061257970144810672e-11 -6.473710456589287787e-12 -7.744601187545889776e-01
8.870000000000000000e+02 1.833489838943816721e+04 3.070190184878247307e-11 -6.484701664533076837e-12 -7.748642379617334264e-01 3.070190184878247307e-11 -6.484701664533076837e-12 -7.748642379617334264e-01
8.880000000000000000e+02 1.835556907533381309e+04 3.080588324880189498e-11 -6.530220808542708255e-12 -7.755606995392694269e-01 3.080588324880189498e-11 -6.530220808542708255e-12 -7.755606995392694269e-01
8.890000000000000000e+02 1.837623976122945896e+04 3.091553191164489107e-11 -6.515787909222581220e-12 -7.764759898308057906e-01 3.091553191164489107e-11 -6.515787909222581220e-12 -7.764759898308057906e-01
8.900000000000000000e+02 1.839691044712510484e+04 3.102884980114855653e-11 -6.597500323834992741e-12 -7.775219784297776604e-01 3.102884980114855653e-11 -6.597500323834992741e-12 -7.775219784297776604e-01
8.910000000000000000e+02 1.841758113302075071e+04 3.114903954637712993e-11 -6.583733558329640800e-12 -7.786102313201238578e-01 3.114903954637712993e-11 -6.583733558329640800e-12 -7.786102313201238578e-01
8.920000000000000000e+02 1.843825181891639659e+04 3.126975873016841299e-11 -6.606382108031993994e-12 -7.796627528242567884e-01 3.126975873016841299e-11 -6.606382108031993994e-12 -7.796627528242567884e-01
8.930000000000000000e+02 1.845892250481204246e+04 3.137462157877057393e-11 -6.627698390104796999e-12 -7.806177115071337713e-01 3.137462157877057393e-11 -6.627698390104796999e-12 -7.806177115071337713e-01
8.940000000000000000e+02 1.847959319070768834e+04 3.148208118602131021e-11 -6.685207942780380108e-12 -7.814308579079226602e-01 3.148208118602131021e-11 -6.685207942780380108e-12 -7.814308579079226602e-01
8.950000000000000000e+02 1.850026387660333421e+04 3.158349858342377800e-11 -6.678324560027704138e-12 -7.820740831097025003e-01 3.158349858342377800e-11 -6.678324560027704138e-12 -7.820740831097025003e-01
8.960000000000000000e+02 1.852093456249898009e+04 3.167373876161823030e-11 -6.708966715507358458e-12 -7.825375657823311348e-01 3.167373876161823030e-11 -6.708966715507358458e-12 -7.825375657823311348e-01
8.970000000000000000e+02 1.854160524839462596e+04 3.176038824738412364e-11 -6.729727886067848885e-12 -7.828262930075707837e-01 3.176038824738412364e-11 -6.729727886067848885e-12 -7.828262930075707837e-01
8.980000000000000000e+02 1.856227593429027183e+04 3.184086409161307485e-11 -6.769695914954354521e-12 -7.829616369195199210e-01 3.184086409161307485e-11 -6.769695914954354521e-12 -7.829616369195199210e-01
8.990000000000000000e+02 1.858294662018591771e+04 3.191847035406502605e-11 -6.770584093374054646e-12 -7.829834494187704053e-01 3.191847035406502605e-11 -6.770584093374054646e-12 -7.829834494187704053e-01
9.000000000000000000e+02 1.860361730608156358e+04 3.198970413134182619e-11 -6.759592885430265596e-12 -7.829472497903202655e-01 3.198970413134182619e-11 -6.759592885430265596e-12 -7.829472497903202655e-01
9.010000000000000000e+02 1.862428799197720946e+04 3.206019441923804914e-11 -6.788902773280369729e-12 -7.829180625901035473e-01 3.206019441923804914e-11 -6.788902773280369729e-12 -7.829180625901035473e-01
9.020000000000000000e+02 1.864495867787285533e+04 3.213915038231943351e-11 -6.803113627995571733e-12 -7.829598004078441864e-01 3.213915038231943351e-11 -6.803113627995571733e-12 -7.829598004078441864e-01
9.030000000000000000e+02 1.866562936376850121e+04 3.222216052521657147e-11 -6.836642363339251460e-12 -7.831220391362425648e-01 3.222216052521657147e-11 -6.836642363339251460e-12 -7.831220391362425648e-01
9.040000000000000000e+02 1.868630004966414708e+04 3.231179940008423122e-11 -6.861067269881004904e-12 -7.834284128232897881e-01 3.231179940008423122e-11 -6.861067269881004904e-12 -7.834284128232897881e-01
9.050000000000000000e+02 1.870697073555979296e+04 3.239789684036351885e-11 -6.843858812999314978e-12 -7.838684278874150646e-01 3.239789684036351885e-11 -6.843858812999314978e-12 -7.838684278874150646e-01
9.060000000000000000e+02 1.872764142145543883e+04 3.250012949156096575e-11 -6.904476990143848525e-12 -7.844000780141446860e-01 3.250012949156096575e-11 -6.904476990143848525e-12 -7.844000780141446860e-01
9.070000000000000000e+02 1.874831210735108471e+04 3.259764096035982261e-11 -6.894707027527147147e-12 -7.849578332596598429e-01 3.259764096035982261e-11 -6.894707027527147147e-12 -7.849578332596598429e-01
9.080000000000000000e+02 1.876898279324673058e+04 3.269371659504005603e-11 -6.946665465079604473e-12 -7.854653218692907446e-01 3.269371659504005603e-11 -6.946665465079604473e-12 -7.854653218692907446e-01
9.090000000000000000e+02 1.878965347914237645e+04 3.278097400113375009e-11 -6.971645483133670496e-12 -7.858487043330986133e-01 3.278097400113375009e-11 -6.971645483133670496e-12 -7.858487043330986133e-01
9.100000000000000000e+02 1.881032416503802233e+04 3.286609030082603065e-11 -6.962874721239131759e-12 -7.860465912612265571e-01 3.286609030082603065e-11 -6.962874721239131759e-12 -7.860465912612265571e-01
9.110000000000000000e+02 1.883099485093366820e+04 3.293741788384958008e-11 -6.970313215504120308e-12 -7.860153498018412899e-01 3.293741788384958008e-11 -6.970313215504120308e-12 -7.860153498018412899e-01
9.120000000000000000e+02 1.885166553682931408e+04 3.299856361002712252e-11 -7.029266058111716120e-12 -7.857304807030498495e-01 3.299856361002712252e-11 -7.029266058111716120e-12 -7.857304807030498495e-01
9.130000000000000000e+02 1.887233622272495995e+04 3.304558419769871431e-11 -7.027267656667390838e-12 -7.851847908726888869e-01 3.304558419769871431e-11 -7.027267656667390838e-12 -7.851847908726888869e-01
9.140000000000000000e+02 1.889300690862060583e+04 3.308503468053227068e-11 -7.059020035171670315e-12 -7.843894125124662997e-01 3.308503468053227068e-11 -7.059020035171670315e-12 -7.843894125124662997e-01
9.150000000000000000e+02 1.891367759451625170e+04 3.311754874239359572e-11 -7.023381876081202790e-12 -7.833735239006791584e-01 3.311754874239359572e-11 -7.023381876081202790e-12 -7.833735239006791584e-01
9.160000000000000000e+02 1.893434828041189758e+04 3.314550485237202891e-11 -7.046696559598331078e-12 -7.821831773516262354e-01 3.314550485237202891e-11 -7.046696559598331078e-12 -7.821831773516262354e-01
9.170000000000000000e+02 1.895501896630754345e+04 3.316213397749173948e-11 -7.041256466777667811e-12 -7.808841370361967460e-01 3.316213397749173948e-11 -7.041256466777667811e-12 -7.808841370361967460e-01
9.180000000000000000e+02 1.897568965220318933e+04 3.318116859600344907e-11 -7.048250871832806297e-12 -7.795595573784557253e-01 3.318116859600344907e-11 -7.048250871832806297e-12 -7.795595573784557253e-01
9.190000000000000000e+02 1.899636033809883520e+04 3.320693248748677760e-11 -7.049472117159893969e-12 -7.783037839230744215e-01 3.320693248748677760e-11 -7.049472117159893969e-12 -7.783037839230744215e-01
9.200000000000000000e+02 1.901703102399448107e+04 3.323570212188083060e-11 -7.068567953183446662e-12 -7.772111943246984289e-01 3.323570212188083060e-11 -7.068567953183446662e-12 -7.772111943246984289e-01
9.210000000000000000e+02 1.903770170989012695e+04 3.327935274194679244e-11 -7.064349105689871067e-12 -7.763617413956269697e-01 3.327935274194679244e-11 -7.064349105689871067e-12 -7.763617413956269697e-01
9.220000000000000000e+02 1.905837239578577282e+04 3.333186999591426720e-11 -7.088218900719311932e-12 -7.758074606713333266e-01 3.333186999591426720e-11 -7.088218900719311932e-12 -7.758074606713333266e-01
9.230000000000000000e+02 1.907904308168141870e+04 3.339862719327563376e-11 -7.102318733132051420e-12 -7.755617266574466040e-01 3.339862719327563376e-11 -7.102318733132051420e-12 -7.755617266574466040e-01
9.240000000000000000e+02 1.909971376757706457e+04 3.347873904142221887e-11 -7.129408174932905240e-12 -7.756003130375360710e-01 3.347873904142221887e-11 -7.129408174932905240e-12 -7.756003130375360710e-01
9.250000000000000000e+02 1.912038445347271045e+04 3.356958410296362897e-11 -7.134404178543718444e-12 -7.758692716291953895e-01 3.356958410296362897e-11 -7.134404178543718444e-12 -7.758692716291953895e-01
9.260000000000000000e+02 1.914105513936835632e+04 3.366486944787562712e-11 -7.186251593793713255e-12 -7.762964647012058350e-01 3.366486944787562712e-11 -7.186251593793713255e-12 -7.762964647012058350e-01
9.270000000000000000e+02 1.916172582526400220e+04 3.376239883813481966e-11 -7.177480831899174518e-12 -7.768064090299398039e-01 3.376239883813481966e-11 -7.177480831899174518e-12 -7.768064090299398039e-01
9.280000000000000000e+02 1.918239651115964807e+04 3.386663120268970917e-11 -7.206013563632041041e-12 -7.773313983837134566e-01 3.386663120268970917e-11 -7.206013563632041041e-12 -7.773313983837134566e-01
9.290000000000000000e+02 1.920306719705529395e+04 3.396184760081994779e-11 -7.221778730581718264e-12 -7.778179152989622702e-01 3.396184760081994779e-11 -7.221778730581718264e-12 -7.778179152989622702e-01
9.300000000000000000e+02 1.922373788295093982e+04 3.405570475431282307e-11 -7.265077428542099369e-12 -7.782287050787956018e-01 3.405570475431282307e-11 -7.265077428542099369e-12 -7.782287050787956018e-01
9.310000000000000000e+02 1.924440856884658569e+04 3.414510513357500388e-11 -7.254863376715547929e-12 -7.785419147445019616e-01 3.414510513357500388e-11 -7.254863376715547929e-12 -7.785419147445019616e-01
9.320000000000000000e+02 1.926507925474223157e+04 3.422942808903172442e-11 -7.288836201269077719e-12 -7.787513019924268143e-01 3.422942808903172442e-11 -7.288836201269077719e-12 -7.787513019924268143e-01
9.330000000000000000e+02 1.928574994063787744e+04 3.431050678348625425e-11 -7.300826609935029410e-12 -7.788652685153881761e-01 3.431050678348625425e-11 -7.300826609935029410e-12 -7.788652685153881761e-01
9.340000000000000000e+02 1.930642062653352332e+04 3.438451939960158313e-11 -7.342682017963397811e-12 -7.789075112652757982e-01 3.438451939960158313e-11 -7.342682017963397811e-12 -7.789075112652757982e-01
9.350000000000000000e+02 1.932709131242916919e+04 3.446704096279738665e-11 -7.344791441710185609e-12 -7.789184407643219288e-01 3.446704096279738665e-11 -7.344791441710185609e-12 -7.789184407643219288e-01
9.360000000000000000e+02 1.934776199832481507e+04 3.454287411478543275e-11 -7.400302592941443436e-12 -7.789530661724102245e-01 3.454287411478543275e-11 -7.400302592941443436e-12 -7.789530661724102245e-01
9.370000000000000000e+02 1.936843268422046094e+04 3.462962357665062040e-11 -7.390643652627204574e-12 -7.790751538603296611e-01 3.462962357665062040e-11 -7.390643652627204574e-12 -7.790751538603296611e-01
9.380000000000000000e+02 1.938910337011610682e+04 3.471894772489862181e-11 -7.419176384360071097e-12 -7.793467739717108156e-01 3.471894772489862181e-11 -7.419176384360071097e-12 -7.793467739717108156e-01
9.390000000000000000e+02 1.940977405601175269e+04 3.481205370863809224e-11 -7.427725101649684802e-12 -7.798149693619229605e-01 3.481205370863809224e-11 -7.427725101649684802e-12 -7.798149693619229605e-01
9.400000000000000000e+02 1.943044474190739857e+04 3.492174085954131741e-11 -7.441491867155036743e-12 -7.805000706795431897e-01 3.492174085954131741e-11 -7.441491867155036743e-12 -7.805000706795431897e-01
9.410000000000000000e+02 1.945111542780304444e+04 3.503298560710411026e-11 -7.462364060017989686e-12 -7.813861271254869401e-01 3.503298560710411026e-11 -7.462364060017989686e-12 -7.813861271254869401e-01
9.420000000000000000e+02 1.947178611369869031e+04 3.516284711049167788e-11 -7.519318501181260217e-12 -7.824221895126979298e-01 3.516284711049167788e-11 -7.519318501181260217e-12 -7.824221895126979298e-01
9.430000000000000000e+02 1.949245679959433619e+04 3.528691953289775871e-11 -7.517764188946784998e-12 -7.835328402822806515e-01 3.528691953289775871e-11 -7.517764188946784998e-12 -7.835328402822806515e-01
9.440000000000000000e+02 1.951312748548998206e+04 3.541735604655856938e-11 -7.575717830832218169e-12 -7.846291383416624798e-01 3.541735604655856938e-11 -7.575717830832218169e-12 -7.846291383416624798e-01
9.450000000000000000e+02 1.953379817138562794e+04 3.553437884912276692e-11 -7.565059689795816666e-12 -7.856232157679532424e-01 3.553437884912276692e-11 -7.565059689795816666e-12 -7.856232157679532424e-01
9.460000000000000000e+02 1.955446885728127381e+04 3.564866017670142064e-11 -7.635669874161976622e-12 -7.864391434085855614e-01 3.564866017670142064e-11 -7.635669874161976622e-12 -7.864391434085855614e-01
9.470000000000000000e+02 1.957513954317691969e+04 3.574841464764556630e-11 -7.617462216558124055e-12 -7.870189590401436286e-01 3.574841464764556630e-11 -7.617462216558124055e-12 -7.870189590401436286e-01
9.480000000000000000e+02 1.959581022907256556e+04 3.583584808548364581e-11 -7.657430245444629691e-12 -7.873243991091015692e-01 3.583584808548364581e-11 -7.657430245444629691e-12 -7.873243991091015692e-01
9.490000000000000000e+02 1.961648091496821144e+04 3.591312814050092261e-11 -7.683964575733170932e-12 -7.873361931389504242e-01 3.591312814050092261e-11 -7.683964575733170932e-12 -7.873361931389504242e-01
9.500000000000000000e+02 1.963715160086385731e+04 3.597232470133558067e-11 -7.693179426837559731e-12 -7.870529531906292897e-01 3.597232470133558067e-11 -7.693179426837559731e-12 -7.870529531906292897e-01
9.510000000000000000e+02 1.965782228675950319e+04 3.601794608167254912e-11 -7.717604333379313175e-12 -7.864911175695541434e-01 3.601794608167254912e-11 -7.717604333379313175e-12 -7.864911175695541434e-01
9.520000000000000000e+02 1.967849297265514906e+04 3.605681997148421726e-11 -7.711609129046337330e-12 -7.856858760065135172e-01 3.605681997148421726e-11 -7.711609129046337330e-12 -7.856858760065135172e-01
9.530000000000000000e+02 1.969916365855079493e+04 3.608999205615830974e-11 -7.741696173013679072e-12 -7.846921310780148318e-01 3.608999205615830974e-11 -7.741696173013679072e-12 -7.846921310780148318e-01
9.540000000000000000e+02 1.971983434444644081e+04 3.611698435636693796e-11 -7.750688979513142840e-12 -7.835833725086037704e-01 3.611698435636693796e-11 -7.750688979513142840e-12 -7.835833725086037704e-01
9.550000000000000000e+02 1.974050503034208668e+04 3.613476474040869350e-11 -7.726486117576314427e-12 -7.824465255101390460e-01 3.613476474040869350e-11 -7.726486117576314427e-12 -7.824465255101390460e-01
9.560000000000000000e+02 1.976117571623773256e+04 3.616645610558845396e-11 -7.732592344211752788e-12 -7.813719366134010968e-01 3.616645610558845396e-11 -7.732592344211752788e-12 -7.813719366134010968e-01
9.570000000000000000e+02 1.978184640213337843e+04 3.619969864701122899e-11 -7.760792009037231765e-12 -7.804397772898693519e-01 3.619969864701122899e-11 -7.760792009037231765e-12 -7.804397772898693519e-01
9.580000000000000000e+02 1.980251708802902431e+04 3.624465890780653010e-11 -7.784106692554360052e-12 -7.797070553678713267e-01 3.624465890780653010e-11 -7.784106692554360052e-12 -7.797070553678713267e-01
9.590000000000000000e+02 1.982318777392467018e+04 3.630002632886966871e-11 -7.784439759461747599e-12 -7.791950847928927892e-01 3.630002632886966871e-11 -7.784439759461747599e-12 -7.791950847928927892e-01
9.600000000000000000e+02 1.984385845982031606e+04 3.636498791103342426e-11 -7.789213718467635772e-12 -7.788903340757591387e-01 3.636498791103342426e-11 -7.789213718467635772e-12 -7.788903340757591387e-01
9.610000000000000000e+02 1.986452914571596193e+04 3.643119197579007816e-11 -7.804867863114850479e-12 -7.787507072347069625e-01 3.643119197579007816e-11 -7.804867863114850479e-12 -7.787507072347069625e-01
9.620000000000000000e+02 1.988519983161160781e+04 3.650959010834550698e-11 -7.837508420038830081e-12 -7.787156675953743612e-01 3.650959010834550698e-11 -7.837508420038830081e-12 -7.787156675953743612e-01
9.630000000000000000e+02 1.990587051750725368e+04 3.658854805114563881e-11 -7.834399795569879643e-12 -7.787205102340087892e-01 3.658854805114563881e-11 -7.834399795569879643e-12 -7.787205102340087892e-01
9.640000000000000000e+02 1.992654120340289955e+04 3.666290714230798822e-11 -7.871370222289897356e-12 -7.787076042641065676e-01 3.666290714230798822e-11 -7.871370222289897356e-12 -7.787076042641065676e-01
9.650000000000000000e+02 1.994721188929854543e+04 3.673667309299126897e-11 -7.874700891363772826e-12 -7.786331428258106424e-01 3.673667309299126897e-11 -7.874700891363772826e-12 -7.786331428258106424e-01
9.660000000000000000e+02 1.996788257519419130e+04 3.680647622609701995e-11 -7.905232024540964630e-12 -7.784695583280963893e-01 3.680647622609701995e-11 -7.905232024540964630e-12 -7.784695583280963893e-01
9.670000000000000000e+02 1.998855326108983718e+04 3.687198342832924175e-11 -7.936207246928006498e-12 -7.782051415135192718e-01 3.687198342832924175e-11 -7.936207246928006498e-12 -7.782051415135192718e-01
9.680000000000000000e+02 2.000922394698548305e+04 3.692766189454893760e-11 -7.936762358440319076e-12 -7.778426417540983406e-01 3.692766189454893760e-11 -7.936762358440319076e-12 -7.778426417540983406e-01
9.690000000000000000e+02 2.002989463288112893e+04 3.699044103694139080e-11 -7.965295090173185599e-12 -7.774010242756752564e-01 3.699044103694139080e-11 -7.965295090173185599e-12 -7.774010242756752564e-01
9.700000000000000000e+02 2.005056531877677480e+04 3.704489215934070171e-11 -7.974620963580036914e-12 -7.769133167406482299e-01 3.704489215934070171e-11 -7.974620963580036914e-12 -7.769133167406482299e-01
9.710000000000000000e+02 2.007123600467242068e+04 3.709596281807524276e-11 -7.969624959969223710e-12 -7.764293667519349684e-01 3.709596281807524276e-11 -7.969624959969223710e-12 -7.764293667519349684e-01
9.720000000000000000e+02 2.009190669056806655e+04 3.715482822739415161e-11 -7.988387729085388855e-12 -7.760138244283922848e-01 3.715482822739415161e-11 -7.988387729085388855e-12 -7.760138244283922848e-01
9.730000000000000000e+02 2.011257737646371243e+04 3.722214153567110452e-11 -8.019029884565043176e-12 -7.757406491273022286e-01 3.722214153567110452e-11 -8.019029884565043176e-12 -7.757406491273022286e-01
9.740000000000000000e+02 2.013324806235935830e+04 3.729990610704904306e-11 -8.023137709756156255e-12 -7.756827638195530339e-01 3.729990610704904306e-11 -8.023137709756156255e-12 -7.756827638195530339e-01
9.750000000000000000e+02 2.015391874825500418e+04 3.738837537662788137e-11 -8.077760682567713957e-12 -7.758982684114203998e-01 3.738837537662788137e-11 -8.077760682567713957e-12 -7.758982684114203998e-01
9.760000000000000000e+02 2.017458943415065005e+04 3.749556562878039134e-11 -8.078315794080026535e-12 -7.764172787950939236e-01 3.749556562878039134e-11 -8.078315794080026535e-12 -7.764172787950939236e-01
9.770000000000000000e+02 2.019526012004629592e+04 3.761264387595341146e-11 -8.090972336560753320e-12 -7.772331353727979231e-01 3.761264387595341146e-11 -8.090972336560753320e-12 -7.772331353727979231e-01
9.780000000000000000e+02 2.021593080594194180e+04 3.774401836916087473e-11 -8.136935569780234800e-12 -7.782988779771675691e-01 3.774401836916087473e-11 -8.136935569780234800e-12 -7.782988779771675691e-01
9.790000000000000000e+02 2.023660149183758767e+04 3.788361154984989424e-11 -8.161915587834300823e-12 -7.795394133823245753e-01 3.788361154984989424e-11 -8.161915587834300823e-12 -7.795394133823245753e-01
9.800000000000000000e+02 2.025727217773323355e+04 3.802697325386964717e-11 -8.223643988003459526e-12 -7.808618631679715705e-01 3.802697325386964717e-11 -8.223643988003459526e-12 -7.808618631679715705e-01
9.810000000000000000e+02 2.027794286362887942e+04 3.816688506009569972e-11 -8.226863634774872480e-12 -7.821709305813000501e-01 3.816688506009569972e-11 -8.226863634774872480e-12 -7.821709305813000501e-01
9.820000000000000000e+02 2.029861354952452530e+04 3.830160689743581102e-11 -8.285039321265230683e-12 -7.833808859092264987e-01 3.830160689743581102e-11 -8.285039321265230683e-12 -7.833808859092264987e-01
9.830000000000000000e+02 2.031928423542017117e+04 3.843072537697088657e-11 -8.296363596116407280e-12 -7.844226571588177599e-01 3.843072537697088657e-11 -8.296363596116407280e-12 -7.844226571588177599e-01
9.840000000000000000e+02 2.033995492131581705e+04 3.854730489387023981e-11 -8.327671885410836694e-12 -7.852462629575714947e-01 3.854730489387023981e-11 -8.327671885410836694e-12 -7.852462629575714947e-01
9.850000000000000000e+02 2.036062560721146292e+04 3.864770433905782694e-11 -8.347877944459014543e-12 -7.858200604430488623e-01 3.864770433905782694e-11 -8.347877944459014543e-12 -7.858200604430488623e-01
9.860000000000000000e+02 2.038129629310710880e+04 3.874506426852173162e-11 -8.383405081247019552e-12 -7.861304158416136945e-01 3.874506426852173162e-11 -8.383405081247019552e-12 -7.861304158416136945e-01
9.870000000000000000e+02 2.040196697900275467e+04 3.882307176057659535e-11 -8.408496121603548090e-12 -7.861820442777152085e-01 3.882307176057659535e-11 -8.408496121603548090e-12 -7.861820442777152085e-01
9.880000000000000000e+02 2.042263766489840054e+04 3.888567632625521292e-11 -8.420042441059649718e-12 -7.859953674445461225e-01 3.888567632625521292e-11 -8.420042441059649718e-12 -7.859953674445461225e-01
9.890000000000000000e+02 2.044330835079404642e+04 3.894689742747042024e-11 -8.413603147516823810e-12 -7.856112054394215338e-01 3.894689742747042024e-11 -8.413603147516823810e-12 -7.856112054394215338e-01
9.900000000000000000e+02 2.046397903668969229e+04 3.900002847223739013e-11 -8.463896250532343402e-12 -7.850885785710837173e-01 3.900002847223739013e-11 -8.463896250532343402e-12 -7.850885785710837173e-01
9.910000000000000000e+02 2.048464972258533817e+04 3.904648314016893665e-11 -8.445022459113715740e-12 -7.845003428314590854e-01 3.904648314016893665e-11 -8.445022459113715740e-12 -7.845003428314590854e-01
9.920000000000000000e+02 2.050532040848098404e+04 3.909386453575017957e-11 -8.475220525383519998e-12 -7.839240980624824218e-01 3.909386453575017957e-11 -8.475220525383519998e-12 -7.839240980624824218e-01
9.930000000000000000e+02 2.052599109437662992e+04 3.915110457298598047e-11 -8.490652625425809674e-12 -7.834293915802142960e-01 3.915110457298598047e-11 -8.490652625425809674e-12 -7.834293915802142960e-01
9.940000000000000000e+02 2.054666178027227579e+04 3.920880294019089323e-11 -8.513301175128162868e-12 -7.830643992155345012e-01 3.920880294019089323e-11 -8.513301175128162868e-12 -7.830643992155345012e-01
9.950000000000000000e+02 2.056733246616792167e+04 3.927694299053267734e-11 -8.483436175765746157e-12 -7.828468648118210860e-01 3.927694299053267734e-11 -8.483436175765746157e-12 -7.828468648118210860e-01
9.960000000000000000e+02 2.058800315206356754e+04 3.935141361505911416e-11 -8.547385021984155173e-12 -7.827589770926171031e-01 3.935141361505911416e-11 -8.547385021984155173e-12 -7.827589770926171031e-01
9.970000000000000000e+02 2.060867383795921342e+04 3.943564011738416531e-11 -8.551603869477730768e-12 -7.827565821524118395e-01 3.943564011738416531e-11 -8.551603869477730768e-12 -7.827565821524118395e-01
9.980000000000000000e+02 2.062934452385485929e+04 3.951413589587172973e-11 -8.567480058729870507e-12 -7.827778843234565187e-01 3.951413589587172973e-11 -8.567480058729870507e-12 -7.827778843234565187e-01
9.990000000000000000e+02 2.065001520975050516e+04 3.959383127673936520e-11 -8.603118217820338032e-12 -7.827575364131988955e-01 3.959383127673936520e-11 -8.603118217820338032e-12 -7.827575364131988955e-01
1.000000000000000000e+03 2.067068589564615104e+04 3.966423706040990336e-11 -8.584577493309097918e-12 -7.826379346028268236e-01 3.966423706040990336e-11 -8.584577493309097918e-12 -7.826379346028268236e-01
1.001000000000000000e+03 2.069135658154179691e+04 3.972624994104444171e-11 -8.609002399850851361e-12 -7.823762759374286446e-01 3.972624994104444171e-11 -8.609002399850851361e-12 -7.823762759374286446e-01
1.002000000000000000e+03 2.071202726743744279e+04 3.978214731391451494e-11 -8.657186079119583155e-12 -7.819472524707675731e-01 3.978214731391451494e-11 -8.657186079119583155e-12 -7.819472524707675731e-01
1.003000000000000000e+03 2.073269795333308866e+04 3.983278106270795074e-11 -8.676614982050523395e-12 -7.813423709026977582e-01 3.983278106270795074e-11 -8.676614982050523395e-12 -7.813423709026977582e-01
1.004000000000000000e+03 2.075336863922873454e+04 3.986895686681308329e-11 -8.679834628821936349e-12 -7.805690009929688866e-01 3.986895686681308329e-11 -8.679834628821936349e-12 -7.805690009929688866e-01
1.005000000000000000e+03 2.077403932512438041e+04 3.989954686005355414e-11 -8.685829833154912194e-12 -7.796531935816612968e-01 3.989954686005355414e-11 -8.685829833154912194e-12 -7.796531935816612968e-01
1.006000000000000000e+03 2.079471001102002629e+04 3.992828989441737384e-11 -8.697043085703626275e-12 -7.786346504620700326e-01 3.992828989441737384e-11 -8.697043085703626275e-12 -7.786346504620700326e-01
1.007000000000000000e+03 2.081538069691567216e+04 3.995466062583602724e-11 -8.684830632432749553e-12 -7.775714519387595391e-01 3.995466062583602724e-11 -8.684830632432749553e-12 -7.775714519387595391e-01
1.008000000000000000e+03 2.083605138281131804e+04 3.997569177839671933e-11 -8.688938457623862632e-12 -7.765384253009355309e-01 3.997569177839671933e-11 -8.688938457623862632e-12 -7.765384253009355309e-01
1.009000000000000000e+03 2.085672206870696391e+04 4.001170841742173883e-11 -8.726575018158655439e-12 -7.756221890850737433e-01 4.001170841742173883e-11 -8.726575018158655439e-12 -7.756221890850737433e-01
1.010000000000000000e+03 2.087739275460260978e+04 4.005688260515307546e-11 -8.692380149000200618e-12 -7.749112995282174676e-01 4.005688260515307546e-11 -8.692380149000200618e-12 -7.749112995282174676e-01
1.011000000000000000e+03 2.089806344049825566e+04 4.012218916023284277e-11 -8.760547842712185229e-12 -7.744823857376701426e-01 4.012218916023284277e-11 -8.760547842712185229e-12 -7.744823857376701426e-01
1.012000000000000000e+03 2.091873412639390153e+04 4.019620806669154280e-11 -8.761547043434347870e-12 -7.743855896312146214e-01 4.019620806669154280e-11 -8.761547043434347870e-12 -7.743855896312146214e-01
1.013000000000000000e+03 2.093940481228954741e+04 4.029157847114414098e-11 -8.771205983748586732e-12 -7.746339083499407252e-01 4.029157847114414098e-11 -8.771205983748586732e-12 -7.746339083499407252e-01
1.014000000000000000e+03 2.096007549818519328e+04 4.040604309200598391e-11 -8.815947971640980541e-12 -7.752002275870841785e-01 4.040604309200598391e-11 -8.815947971640980541e-12 -7.752002275870841785e-01
1.015000000000000000e+03 2.098074618408083916e+04 4.052600941146258885e-11 -8.820388863739481167e-12 -7.760232089496363894e-01 4.052600941146258885e-11 -8.820388863739481167e-12 -7.760232089496363894e-01
1.016000000000000000e+03 2.100141686997648503e+04 4.066342400940873105e-11 -8.891221092710566154e-12 -7.770197921675939812e-01 4.066342400940873105e-11 -8.891221092710566154e-12 -7.770197921675939812e-01
1.017000000000000000e+03 2.102208755587213091e+04 4.079408141990606205e-11 -8.896883230136154452e-12 -7.781000264978907843e-01 4.079408141990606205e-11 -8.896883230136154452e-12 -7.781000264978907843e-01
1.018000000000000000e+03 2.104275824176777678e+04 4.092975703411006863e-11 -8.937739437442360213e-12 -7.791798556229431183e-01 4.092975703411006863e-11 -8.937739437442360213e-12 -7.791798556229431183e-01
1.019000000000000000e+03 2.106342892766342266e+04 4.106518697735293919e-11 -8.949507801503386872e-12 -7.801892720735450482e-01 4.106518697735293919e-11 -8.949507801503386872e-12 -7.801892720735450482e-01
1.020000000000000000e+03 2.108409961355906853e+04 4.119305915441974767e-11 -9.015233004561196140e-12 -7.810756159280735078e-01 4.119305915441974767e-11 -9.015233004561196140e-12 -7.810756159280735078e-01
1.021000000000000000e+03 2.110477029945471440e+04 4.131095302129987321e-11 -9.039768933405412099e-12 -7.818033042733287807e-01 4.131095302129987321e-11 -9.039768933405412099e-12 -7.818033042733287807e-01
1.022000000000000000e+03 2.112544098535036028e+04 4.141686711406938109e-11 -9.061196237780677620e-12 -7.823530229060018382e-01 4.141686711406938109e-11 -9.061196237780677620e-12 -7.823530229060018382e-01
1.023000000000000000e+03 2.114611167124600615e+04 4.151334809329239032e-11 -9.105605158765683882e-12 -7.827239143109833153e-01 4.151334809329239032e-11 -9.105605158765683882e-12 -7.827239143109833153e-01
1.024000000000000000e+03 2.116678235714165203e+04 4.160517431786450516e-11 -9.082179452946093079e-12 -7.829283721617372738e-01 4.160517431786450516e-11 -9.082179452946093079e-12 -7.829283721617372738e-01
1.025000000000000000e+03 2.118745304303729790e+04 4.168388615665729276e-11 -9.108935827839559352e-12 -7.829977233472475984e-01 4.168388615665729276e-11 -9.108935827839559352e-12 -7.829977233472475984e-01
1.026000000000000000e+03 2.120812372893294378e+04 4.176371854378044438e-11 -9.153455771127028129e-12 -7.829804814312986139e-01 4.176371854378044438e-11 -9.153455771127028129e-12 -7.829804814312986139e-01
1.027000000000000000e+03 2.122879441482858965e+04 4.184631300074060509e-11 -9.162781644533879444e-12 -7.829382037777865566e-01 4.184631300074060509e-11 -9.162781644533879444e-12 -7.829382037777865566e-01
1.028000000000000000e+03 2.124946510072423553e+04 4.192650631393940244e-11 -9.189871086334733263e-12 -7.829369225144973132e-01 4.192650631393940244e-11 -9.189871086334733263e-12 -7.829369225144973132e-01
1.029000000000000000e+03 2.127013578661988140e+04 4.200924068270615758e-11 -9.207190565518885705e-12 -7.830348010641619005e-01 4.200924068270615758e-11 -9.207190565518885705e-12 -7.830348010641619005e-01
1.030000000000000000e+03 2.129080647251552728e+04 4.210250399184286165e-11 -9.254597088670379890e-12 -7.832689580843148480e-01 4.210250399184286165e-11 -9.254597088670379890e-12 -7.832689580843148480e-01
1.031000000000000000e+03 2.131147715841117315e+04 4.220395894836978174e-11 -9.269696121805282019e-12 -7.836464745009378285e-01 4.220395894836978174e-11 -9.269696121805282019e-12 -7.836464745009378285e-01
1.032000000000000000e+03 2.133214784430681902e+04 4.231315355581201668e-11 -9.266698519638794096e-12 -7.841388756199826338e-01 4.231315355581201668e-11 -9.266698519638794096e-12 -7.841388756199826338e-01
1.033000000000000000e+03 2.135281853020246490e+04 4.241863530088856444e-11 -9.301670544914486527e-12 -7.846910569330659557e-01 4.241863530088856444e-11 -9.301670544914486527e-12 -7.846910569330659557e-01
1.034000000000000000e+03 2.137348921609811077e+04 4.252914267232644018e-11 -9.344192086757630022e-12 -7.852300474450292223e-01 4.252914267232644018e-11 -9.344192086757630022e-12 -7.852300474450292223e-01
1.035000000000000000e+03 2.139415990199375665e+04 4.263372055395794586e-11 -9.352296714837393665e-12 -7.856793507981020275e-01 4.263372055395794586e-11 -9.352296714837393665e-12 -7.856793507981020275e-01
1.036000000000000000e+03 2.141483058788940252e+04 4.273190207929118450e-11 -9.417688850987815385e-12 -7.859707054727995690e-01 4.273190207929118450e-11 -9.417688850987815385e-12 -7.859707054727995690e-01
1.037000000000000000e+03 2.143550127378504840e+04 4.281355904627341870e-11 -9.443668069764044048e-12 -7.860516335737751659e-01 4.281355904627341870e-11 -9.443668069764044048e-12 -7.860516335737751659e-01
1.038000000000000000e+03 2.145617195968069427e+04 4.288450535226550829e-11 -9.434897307869505312e-12 -7.858885111807313306e-01 4.288450535226550829e-11 -9.434897307869505312e-12 -7.858885111807313306e-01
1.039000000000000000e+03 2.147684264557634015e+04 4.293691581891544842e-11 -9.446554649628069456e-12 -7.854664389260438417e-01 4.293691581891544842e-11 -9.446554649628069456e-12 -7.854664389260438417e-01
1.040000000000000000e+03 2.149751333147198602e+04 4.297885540857276564e-11 -9.490186414495838108e-12 -7.847865952835344494e-01 4.297885540857276564e-11 -9.490186414495838108e-12 -7.847865952835344494e-01
1.041000000000000000e+03 2.151818401736763190e+04 4.300673456746213721e-11 -9.516054610969604255e-12 -7.838710440481911901e-01 4.300673456746213721e-11 -9.516054610969604255e-12 -7.838710440481911901e-01
1.042000000000000000e+03 2.153885470326327777e+04 4.302653968676136363e-11 -9.502287845464252314e-12 -7.827567173585390226e-01 4.302653968676136363e-11 -9.502287845464252314e-12 -7.827567173585390226e-01
1.043000000000000000e+03 2.155952538915892364e+04 4.303336660308058588e-11 -9.494072195082026155e-12 -7.815001409751025641e-01 4.303336660308058588e-11 -9.494072195082026155e-12 -7.815001409751025641e-01
1.044000000000000000e+03 2.158019607505456952e+04 4.304607762304731347e-11 -9.500955577834702126e-12 -7.801766198463931934e-01 4.304607762304731347e-11 -9.500955577834702126e-12 -7.801766198463931934e-01
1.045000000000000000e+03 2.160086676095021539e+04 4.305105394739219545e-11 -9.497846953365751688e-12 -7.788762374886591955e-01 4.305105394739219545e-11 -9.497846953365751688e-12 -7.788762374886591955e-01
1.046000000000000000e+03 2.162153744684586127e+04 4.307099042600252217e-11 -9.510170428939090925e-12 -7.776950216128744042e-01 4.307099042600252217e-11 -9.510170428939090925e-12 -7.776950216128744042e-01
1.047000000000000000e+03 2.164220813274150714e+04 4.309969414527619575e-11 -9.509060205914465769e-12 -7.767216981896580830e-01 4.309969414527619575e-11 -9.509060205914465769e-12 -7.767216981896580830e-01
1.048000000000000000e+03 2.166287881863715302e+04 4.314604041199052867e-11 -9.508505094402153190e-12 -7.760230223551405349e-01 4.314604041199052867e-11 -9.508505094402153190e-12 -7.760230223551405349e-01
1.049000000000000000e+03 2.168354950453279889e+04 4.320824012833042599e-11 -9.558909219720135297e-12 -7.756322842475785739e-01 4.320824012833042599e-11 -9.558909219720135297e-12 -7.756322842475785739e-01
1.050000000000000000e+03 2.170422019042844477e+04 4.329082841505592137e-11 -9.574341319762424973e-12 -7.755413945480132965e-01 4.329082841505592137e-11 -9.574341319762424973e-12 -7.755413945480132965e-01
1.051000000000000000e+03 2.172489087632409064e+04 4.337861769902993351e-11 -9.607870055106104701e-12 -7.757102809840913382e-01 4.337861769902993351e-11 -9.607870055106104701e-12 -7.757102809840913382e-01
1.052000000000000000e+03 2.174556156221973652e+04 4.348073844574800679e-11 -9.624523400475482049e-12 -7.760733290587078503e-01 4.348073844574800679e-11 -9.624523400475482049e-12 -7.760733290587078503e-01
1.053000000000000000e+03 2.176623224811538239e+04 4.359476055821198239e-11 -9.651057730764023290e-12 -7.765549748256030949e-01 4.359476055821198239e-11 -9.651057730764023290e-12 -7.765549748256030949e-01
1.054000000000000000e+03 2.178690293401102826e+04 4.369982381743810151e-11 -9.663048139429974981e-12 -7.770826301596326369e-01 4.369982381743810151e-11 -9.663048139429974981e-12 -7.770826301596326369e-01
1.055000000000000000e+03 2.180757361990667414e+04 4.381822389400002856e-11 -9.712675108630719478e-12 -7.775954380661271870e-01 4.381822389400002856e-11 -9.712675108630719478e-12 -7.775954380661271870e-01
1.056000000000000000e+03 2.182824430580232001e+04 4.392134754416763942e-11 -9.743428286412836314e-12 -7.780482574294783626e-01 4.392134754416763942e-11 -9.743428286412836314e-12 -7.780482574294783626e-01
1.057000000000000000e+03 2.184891499169796589e+04 4.402264721514336676e-11 -9.751199847585212410e-12 -7.784121531434008423e-01 4.402264721514336676e-11 -9.751199847585212410e-12 -7.784121531434008423e-01
1.058000000000000000e+03 2.186958567759361176e+04 4.411636018437869187e-11 -9.814260515383921302e-12 -7.786726648047633814e-01 4.411636018437869187e-11 -9.814260515383921302e-12 -7.786726648047633814e-01
1.059000000000000000e+03 2.189025636348925764e+04 4.420538992801011881e-11 -9.832579195290236385e-12 -7.788321877450485875e-01 4.420538992801011881e-11 -9.832579195290236385e-12 -7.788321877450485875e-01
1.060000000000000000e+03 2.191092704938490351e+04 4.429175274657434311e-11 -9.848233339937451092e-12 -7.789061728955134489e-01 4.429175274657434311e-11 -9.848233339937451092e-12 -7.789061728955134489e-01
1.061000000000000000e+03 2.193159773528054939e+04 4.437644918004142908e-11 -9.840683823370000027e-12 -7.789272172093916202e-01 4.437644918004142908e-11 -9.840683823370000027e-12 -7.789272172093916202e-01
1.062000000000000000e+03 2.195226842117619526e+04 4.445843288028072271e-11 -9.903300401958858856e-12 -7.789437470773501460e-01 4.445843288028072271e-11 -9.903300401958858856e-12 -7.789437470773501460e-01
1.063000000000000000e+03 2.197293910707184114e+04 4.454231843045076994e-11 -9.899525643675133324e-12 -7.790163434170159773e-01 4.454231843045076994e-11 -9.899525643675133324e-12 -7.790163434170159773e-01
1.064000000000000000e+03 2.199360979296748701e+04 4.463922270608658967e-11 -9.929834732247400098e-12 -7.792094265595539415e-01 4.463922270608658967e-11 -9.929834732247400098e-12 -7.792094265595539415e-01
1.065000000000000000e+03 2.201428047886313288e+04 4.474391661267811758e-11 -9.921286014957786392e-12 -7.795789389740399589e-01 4.474391661267811758e-11 -9.921286014957786392e-12 -7.795789389740399589e-01
1.066000000000000000e+03 2.203495116475877876e+04 4.485819277909262018e-11 -9.987233262620520691e-12 -7.801590769854997998e-01 4.485819277909262018e-11 -9.987233262620520691e-12 -7.801590769854997998e-01
1.067000000000000000e+03 2.205562185065442463e+04 4.499254827583022073e-11 -1.003230831742030205e-11 -7.809527523809927096e-01 4.499254827583022073e-11 -1.003230831742030205e-11 -7.809527523809927096e-01
1.068000000000000000e+03 2.207629253655007051e+04 4.512533541224017828e-11 -1.006195127217779373e-11 -7.819238366664343909e-01 4.512533541224017828e-11 -1.006195127217779373e-11 -7.819238366664343909e-01
1.069000000000000000e+03 2.209696322244571638e+04 4.527766616487062277e-11 -1.012290251622971482e-11 -7.830080292212590054e-01 4.527766616487062277e-11 -1.012290251622971482e-11 -7.830080292212590054e-01
1.070000000000000000e+03 2.211763390834136226e+04 4.541923167044167894e-11 -1.015165729256750637e-11 -7.841209441331177254e-01 4.541923167044167894e-11 -1.015165729256750637e-11 -7.841209441331177254e-01
1.071000000000000000e+03 2.213830459423700813e+04 4.556290882058760243e-11 -1.017452788687478460e-11 -7.851726161582858188e-01 4.556290882058760243e-11 -1.017452788687478460e-11 -7.851726161582858188e-01
1.072000000000000000e+03 2.215897528013265401e+04 4.569746924036842439e-11 -1.022903983738387979e-11 -7.860803797123773196e-01 4.569746924036842439e-11 -1.022903983738387979e-11 -7.860803797123773196e-01
1.073000000000000000e+03 2.217964596602829988e+04 4.581650601502989348e-11 -1.027844476197969925e-11 -7.867772591583087616e-01 4.581650601502989348e-11 -1.027844476197969925e-11 -7.867772591583087616e-01
1.074000000000000000e+03 2.220031665192394576e+04 4.592186352481065035e-11 -1.028410689940528755e-11 -7.872155840221901624e-01 4.592186352481065035e-11 -1.028410689940528755e-11 -7.872155840221901624e-01
1.075000000000000000e+03 2.222098733781959163e+04 4.600928371366473426e-11 -1.030220353470667760e-11 -7.873671781203134268e-01 4.600928371366473426e-11 -1.030220353470667760e-11 -7.873671781203134268e-01
1.076000000000000000e+03 2.224165802371523750e+04 4.608413109533884460e-11 -1.030886487285442854e-11 -7.872222208247293684e-01 4.608413109533884460e-11 -1.030886487285442854e-11 -7.872222208247293684e-01
1.077000000000000000e+03 2.226232870961088338e+04 4.613669632388602702e-11 -1.032118834842776778e-11 -7.867885854564128367e-01 4.613669632388602702e-11 -1.032118834842776778e-11 -7.867885854564128367e-01
1.078000000000000000e+03 2.228299939550652925e+04 4.617592860456593149e-11 -1.034461405424735858e-11 -7.860923492147512404e-01 4.617592860456593149e-11 -1.034461405424735858e-11 -7.860923492147512404e-01
1.079000000000000000e+03 2.230367008140217513e+04 4.620466965087060624e-11 -1.034095031826609556e-11 -7.851789747475106385e-01 4.620466965087060624e-11 -1.034095031826609556e-11 -7.851789747475106385e-01
1.080000000000000000e+03 2.232434076729782100e+04 4.622175147502922301e-11 -1.036914998309157454e-11 -7.841134417103556853e-01 4.622175147502922301e-11 -1.036914998309157454e-11 -7.841134417103556853e-01
1.081000000000000000e+03 2.234501145319346688e+04 4.623589610121157351e-11 -1.037481212051716284e-11 -7.829772289464359547e-01 4.623589610121157351e-11 -1.037481212051716284e-11 -7.829772289464359547e-01
1.082000000000000000e+03 2.236568213908911275e+04 4.625535328685959608e-11 -1.038380492701662661e-11 -7.818606151192507570e-01 4.625535328685959608e-11 -1.038380492701662661e-11 -7.818606151192507570e-01
1.083000000000000000e+03 2.238635282498475863e+04 4.627693961992257224e-11 -1.038102936945506372e-11 -7.808504824119906207e-01 4.627693961992257224e-11 -1.038102936945506372e-11 -7.808504824119906207e-01
1.084000000000000000e+03 2.240702351088040450e+04 4.631492845349055956e-11 -1.037470109821470032e-11 -7.800162016361853468e-01 4.631492845349055956e-11 -1.037470109821470032e-11 -7.800162016361853468e-01
1.085000000000000000e+03 2.242769419677605038e+04 4.635987537619515837e-11 -1.042255171057604457e-11 -7.793980892270854222e-01 4.635987537619515837e-11 -1.042255171057604457e-11 -7.793980892270854222e-01
1.086000000000000000e+03 2.244836488267169625e+04 4.642205194424125582e-11 -1.041766672926769388e-11 -7.789977297076858820e-01 4.642205194424125582e-11 -1.041766672926769388e-11 -7.789977297076858820e-01
1.087000000000000000e+03 2.246903556856734212e+04 4.649365198184672724e-11 -1.044697661711779801e-11 -7.787861115292786796e-01 4.649365198184672724e-11 -1.044697661711779801e-11 -7.787861115292786796e-01
1.088000000000000000e+03 2.248970625446298800e+04 4.657433244555125356e-11 -1.047295583589402668e-11 -7.787097610932574021e-01 4.657433244555125356e-11 -1.047295583589402668e-11 -7.787097610932574021e-01
1.089000000000000000e+03 2.251037694035863387e+04 4.665563821904899316e-11 -1.046196462795023763e-11 -7.787043148407860604e-01 4.665563821904899316e-11 -1.046196462795023763e-11 -7.787043148407860604e-01
1.090000000000000000e+03 2.253104762625427975e+04 4.674101375616867066e-11 -1.051270182017560728e-11 -7.787075907992910828e-01 4.674101375616867066e-11 -1.051270182017560728e-11 -7.787075907992910828e-01
1.091000000000000000e+03 2.255171831214992562e+04 4.681778816417862929e-11 -1.054345499795772412e-11 -7.786685872609111492e-01 4.681778816417862929e-11 -1.054345499795772412e-11 -7.786685872609111492e-01
1.092000000000000000e+03 2.257238899804557150e+04 4.689776459870030833e-11 -1.059219378873876849e-11 -7.785518399753743601e-01 4.689776459870030833e-11 -1.059219378873876849e-11 -7.785518399753743601e-01
1.093000000000000000e+03 2.259305968394121737e+04 4.696543266823830384e-11 -1.058308995993684221e-11 -7.783381925690626701e-01 4.696543266823830384e-11 -1.058308995993684221e-11 -7.783381925690626701e-01
1.094000000000000000e+03 2.261373036983686325e+04 4.702800913707891617e-11 -1.061650767297805942e-11 -7.780231274889880533e-01 4.702800913707891617e-11 -1.061650767297805942e-11 -7.780231274889880533e-01
1.095000000000000000e+03 2.263440105573250912e+04 4.708473661233326417e-11 -1.062638865789722331e-11 -7.776186358297797474e-01 4.708473661233326417e-11 -1.062638865789722331e-11 -7.776186358297797474e-01
1.096000000000000000e+03 2.265507174162815500e+04 4.713631057301197989e-11 -1.059896614918898194e-11 -7.771500096487565790e-01 4.713631057301197989e-11 -1.059896614918898194e-11 -7.771500096487565790e-01
1.097000000000000000e+03 2.267574242752380087e+04 4.719473563033596442e-11 -1.064304200326660066e-11 -7.766592638548954763e-01 4.719473563033596442e-11 -1.064304200326660066e-11 -7.766592638548954763e-01
1.098000000000000000e+03 2.269641311341944674e+04 4.725341964667001623e-11 -1.064359711477891324e-11 -7.762043011258070724e-01 4.725341964667001623e-11 -1.064359711477891324e-11 -7.762043011258070724e-01
1.099000000000000000e+03 2.271708379931509262e+04 4.731218541012326003e-11 -1.068045651919646843e-11 -7.758555670865160403e-01 4.731218541012326003e-11 -1.068045651919646843e-11 -7.758555670865160403e-01
1.100000000000000000e+03 2.273775448521073849e+04 4.739085823028924897e-11 -1.069189181635010755e-11 -7.756879982422314468e-01 4.739085823028924897e-11 -1.069189181635010755e-11 -7.756879982422314468e-01
1.101000000000000000e+03 2.275842517110638437e+04 4.747567663266852810e-11 -1.069611066384368314e-11 -7.757685613453035867e-01 4.747567663266852810e-11 -1.069611066384368314e-11 -7.757685613453035867e-01
1.102000000000000000e+03 2.277909585700203024e+04 4.758859156890303849e-11 -1.074051958482868940e-11 -7.761420189299852446e-01 4.758859156890303849e-11 -1.074051958482868940e-11 -7.761420189299852446e-01
1.103000000000000000e+03 2.279976654289767612e+04 4.771805721729084789e-11 -1.074773603448875292e-11 -7.768206706993809885e-01 4.771805721729084789e-11 -1.074773603448875292e-11 -7.768206706993809885e-01
1.104000000000000000e+03 2.282043722879332199e+04 4.785993757957451916e-11 -1.081490452747857489e-11 -7.777753158521595322e-01 4.785993757957451916e-11 -1.081490452747857489e-11 -7.777753158521595322e-01
1.105000000000000000e+03 2.284110791468896787e+04 4.801238732661319447e-11 -1.086253309523499411e-11 -7.789436091024286579e-01 4.801238732661319447e-11 -1.086253309523499411e-11 -7.789436091024286579e-01
1.106000000000000000e+03 2.286177860058461374e+04 4.817726792524576389e-11 -1.090683099391753785e-11 -7.802391715242793513e-01 4.817726792524576389e-11 -1.090683099391753785e-11 -7.802391715242793513e-01
1.107000000000000000e+03 2.288244928648025962e+04 4.834140725232395841e-11 -1.092070878172535231e-11 -7.815661153847149878e-01 4.834140725232395841e-11 -1.092070878172535231e-11 -7.815661153847149878e-01
1.108000000000000000e+03 2.290311997237590549e+04 4.850760058691529535e-11 -1.096056578830939543e-11 -7.828329319292012256e-01 4.850760058691529535e-11 -1.096056578830939543e-11 -7.828329319292012256e-01
1.109000000000000000e+03 2.292379065827155137e+04 4.865498005450372578e-11 -1.100142199561560119e-11 -7.839620207161925869e-01 4.865498005450372578e-11 -1.100142199561560119e-11 -7.839620207161925869e-01
1.110000000000000000e+03 2.294446134416719724e+04 4.879463586181597072e-11 -1.103872548924300645e-11 -7.848942050456356734e-01 4.879463586181597072e-11 -1.103872548924300645e-11 -7.848942050456356734e-01
1.111000000000000000e+03 2.296513203006284311e+04 4.891977343665446272e-11 -1.110311842467126553e-11 -7.855893409757837009e-01 4.891977343665446272e-11 -1.110311842467126553e-11 -7.855893409757837009e-01
1.112000000000000000e+03 2.298580271595848899e+04 4.902827720578294727e-11 -1.111877256931848024e-11 -7.860245904568106123e-01 4.902827720578294727e-11 -1.111877256931848024e-11 -7.860245904568106123e-01
1.113000000000000000e+03 2.300647340185413486e+04 4.911595991310291391e-11 -1.114242031974299607e-11 -7.861972938768165831e-01 4.911595991310291391e-11 -1.114242031974299607e-11 -7.861972938768165831e-01
1.114000000000000000e+03 2.302714408774978074e+04 4.919995381310378932e-11 -1.117117509608078763e-11 -7.861189791663876214e-01 4.919995381310378932e-11 -1.117117509608078763e-11 -7.861189791663876214e-01
1.115000000000000000e+03 2.304781477364542661e+04 4.925855470640080987e-11 -1.115862957590252336e-11 -7.858210959690362651e-01 4.925855470640080987e-11 -1.115862957590252336e-11 -7.858210959690362651e-01
1.116000000000000000e+03 2.306848545954107249e+04 4.931219841905343790e-11 -1.119304648966590321e-11 -7.853542578686449893e-01 4.931219841905343790e-11 -1.119304648966590321e-11 -7.853542578686449893e-01
1.117000000000000000e+03 2.308915614543671836e+04 4.936120087689480647e-11 -1.119138115512896547e-11 -7.847855768508900098e-01 4.936120087689480647e-11 -1.119138115512896547e-11 -7.847855768508900098e-01
1.118000000000000000e+03 2.310982683133236424e+04 4.940161308524399870e-11 -1.122013593146675703e-11 -7.841918462009691559e-01 4.940161308524399870e-11 -1.122013593146675703e-11 -7.841918462009691559e-01
1.119000000000000000e+03 2.313049751722801011e+04 4.945413626872252493e-11 -1.119693227025209126e-11 -7.836482502285230245e-01 4.945413626872252493e-11 -1.119693227025209126e-11 -7.836482502285230245e-01
1.120000000000000000e+03 2.315116820312365599e+04 4.951198897504629703e-11 -1.123590109841643425e-11 -7.832147579401746995e-01 4.951198897504629703e-11 -1.123590109841643425e-11 -7.832147579401746995e-01
1.121000000000000000e+03 2.317183888901930186e+04 4.957891928089604862e-11 -1.123889870058292217e-11 -7.829248973069615758e-01 4.957891928089604862e-11 -1.123889870058292217e-11 -7.829248973069615758e-01
1.122000000000000000e+03 2.319250957491494773e+04 4.965104125885041529e-11 -1.128330762156792844e-11 -7.827768923891224029e-01 4.965104125885041529e-11 -1.128330762156792844e-11 -7.827768923891224029e-01
1.123000000000000000e+03 2.321318026081059361e+04 4.973855369120927663e-11 -1.130096016765946842e-11 -7.827389517169627275e-01 4.973855369120927663e-11 -1.130096016765946842e-11 -7.827389517169627275e-01
1.124000000000000000e+03 2.323385094670623948e+04 4.982013929327094570e-11 -1.130029403384469333e-11 -7.827558354599097878e-01 4.982013929327094570e-11 -1.130029403384469333e-11 -7.827558354599097878e-01
1.125000000000000000e+03 2.325452163260188536e+04 4.990174937180872704e-11 -1.133260152386128539e-11 -7.827623187061669707e-01 4.990174937180872704e-11 -1.133260152386128539e-11 -7.827623187061669707e-01
1.126000000000000000e+03 2.327519231849753123e+04 4.998408138951104167e-11 -1.140776362262840848e-11 -7.826959380492086726e-01 4.998408138951104167e-11 -1.140776362262840848e-11 -7.826959380492086726e-01
1.127000000000000000e+03 2.329586300439317711e+04 5.005552211086072267e-11 -1.137989702471031705e-11 -7.825062274115581751e-01 5.005552211086072267e-11 -1.137989702471031705e-11 -7.825062274115581751e-01
1.128000000000000000e+03 2.331653369028882298e+04 5.011499506545842398e-11 -1.141997607589928521e-11 -7.821593961135112627e-01 5.011499506545842398e-11 -1.141997607589928521e-11 -7.821593961135112627e-01
1.129000000000000000e+03 2.333720437618446886e+04 5.016201104328673830e-11 -1.141708949603525980e-11 -7.816392092630017885e-01 5.016201104328673830e-11 -1.141708949603525980e-11 -7.816392092630017885e-01
1.130000000000000000e+03 2.335787506208011473e+04 5.020372782050857178e-11 -1.144395689323118859e-11 -7.809448931589677567e-01 5.020372782050857178e-11 -1.144395689323118859e-11 -7.809448931589677567e-01
1.131000000000000000e+03 2.337854574797576061e+04 5.023465530854158297e-11 -1.145572525729221525e-11 -7.800943408970398840e-01 5.023465530854158297e-11 -1.145572525729221525e-11 -7.800943408970398840e-01
1.132000000000000000e+03 2.339921643387140648e+04 5.025454004040281433e-11 -1.144850880763215173e-11 -7.791201311977449251e-01 5.025454004040281433e-11 -1.144850880763215173e-11 -7.791201311977449251e-01
1.133000000000000000e+03 2.341988711976705235e+04 5.026761846224815839e-11 -1.147604233864285561e-11 -7.780714760288360843e-01 5.026761846224815839e-11 -1.147604233864285561e-11 -7.780714760288360843e-01
1.134000000000000000e+03 2.344055780566269823e+04 5.028632793870284206e-11 -1.148758865809895724e-11 -7.770155091498949229e-01 5.028632793870284206e-11 -1.148758865809895724e-11 -7.770155091498949229e-01
1.135000000000000000e+03 2.346122849155834410e+04 5.031212157243103510e-11 -1.146172046162519109e-11 -7.760340813203083776e-01 5.031212157243103510e-11 -1.146172046162519109e-11 -7.760340813203083776e-01
1.136000000000000000e+03 2.348189917745398998e+04 5.034578376593014485e-11 -1.150568529340034729e-11 -7.752163121544117796e-01 5.034578376593014485e-11 -1.150568529340034729e-11 -7.752163121544117796e-01
1.137000000000000000e+03 2.350256986334963585e+04 5.039507557143551076e-11 -1.149791373222797120e-11 -7.746463688108630175e-01 5.039507557143551076e-11 -1.149791373222797120e-11 -7.746463688108630175e-01
1.138000000000000000e+03 2.352324054924528173e+04 5.046785868109607578e-11 -1.150679551642497245e-11 -7.743887058372291854e-01 5.046785868109607578e-11 -1.150679551642497245e-11 -7.743887058372291854e-01
1.139000000000000000e+03 2.354391123514092760e+04 5.056552681682987075e-11 -1.153632744888000161e-11 -7.744749653908488130e-01 5.056552681682987075e-11 -1.153632744888000161e-11 -7.744749653908488130e-01
1.140000000000000000e+03 2.356458192103657348e+04 5.067453280245375107e-11 -1.157296480869263178e-11 -7.748969781431311876e-01 5.067453280245375107e-11 -1.157296480869263178e-11 -7.748969781431311876e-01
1.141000000000000000e+03 2.358525260693221935e+04 5.081079058508434480e-11 -1.160060936200579818e-11 -7.756085156681614690e-01 5.081079058508434480e-11 -1.160060936200579818e-11 -7.756085156681614690e-01
1.142000000000000000e+03 2.360592329282786523e+04 5.095998407632617313e-11 -1.163935614556521614e-11 -7.765350507221113752e-01 5.095998407632617313e-11 -1.163935614556521614e-11 -7.765350507221113752e-01
1.143000000000000000e+03 2.362659397872351110e+04 5.111484764864016384e-11 -1.165800789237891877e-11 -7.775880822915695045e-01 5.111484764864016384e-11 -1.165800789237891877e-11 -7.775880822915695045e-01
1.144000000000000000e+03 2.364726466461915697e+04 5.127651161844682448e-11 -1.172595354148597835e-11 -7.786793602469000986e-01 5.127651161844682448e-11 -1.172595354148597835e-11 -7.786793602469000986e-01
1.145000000000000000e+03 2.366793535051480285e+04 5.142533693610181649e-11 -1.178213082653201127e-11 -7.797314283151036696e-01 5.142533693610181649e-11 -1.178213082653201127e-11 -7.797314283151036696e-01
1.146000000000000000e+03 2.368860603641044872e+04 5.157562590386752464e-11 -1.180577857695652710e-11 -7.806831424112951057e-01 5.157562590386752464e-11 -1.180577857695652710e-11 -7.806831424112951057e-01
1.147000000000000000e+03 2.370927672230609460e+04 5.171191385853119160e-11 -1.183353415257215602e-11 -7.814909397405100933e-01 5.171191385853119160e-11 -1.183353415257215602e-11 -7.814909397405100933e-01
1.148000000000000000e+03 2.372994740820174047e+04 5.183730450118310439e-11 -1.186839515554538593e-11 -7.821273386488311052e-01 5.183730450118310439e-11 -1.186839515554538593e-11 -7.821273386488311052e-01
1.149000000000000000e+03 2.375061809409738635e+04 5.195587957498198086e-11 -1.190314513621615333e-11 -7.825833486053246357e-01 5.195587957498198086e-11 -1.190314513621615333e-11 -7.825833486053246357e-01
1.150000000000000000e+03 2.377128877999303222e+04 5.206122134351006506e-11 -1.196598375940993719e-11 -7.828644398057389431e-01 5.206122134351006506e-11 -1.196598375940993719e-11 -7.828644398057389431e-01
1.151000000000000000e+03 2.379195946588867810e+04 5.215446418914881924e-11 -1.195299415002182286e-11 -7.829928139749388061e-01 5.215446418914881924e-11 -1.195299415002182286e-11 -7.829928139749388061e-01
1.152000000000000000e+03 2.381263015178432397e+04 5.223802160266500843e-11 -1.198685595227289014e-11 -7.830090646357319439e-01 5.223802160266500843e-11 -1.198685595227289014e-11 -7.830090646357319439e-01
1.153000000000000000e+03 2.383330083767996985e+04 5.231939651399789020e-11 -1.201838628617224458e-11 -7.829692971603573470e-01 5.231939651399789020e-11 -1.201838628617224458e-11 -7.829692971603573470e-01
1.154000000000000000e+03 2.385397152357561572e+04 5.240586552380378069e-11 -1.200961552427770584e-11 -7.829387772086370267e-01 5.240586552380378069e-11 -1.200961552427770584e-11 -7.829387772086370267e-01
1.155000000000000000e+03 2.387464220947126159e+04 5.249111270487927067e-11 -1.204036870205982268e-11 -7.829811539585024294e-01 5.249111270487927067e-11 -1.204036870205982268e-11 -7.829811539585024294e-01
1.156000000000000000e+03 2.389531289536690747e+04 5.259508254547791138e-11 -1.209576883098861799e-11 -7.831451984234508723e-01 5.259508254547791138e-11 -1.209576883098861799e-11 -7.831451984234508723e-01
1.157000000000000000e+03 2.391598358126255334e+04 5.270139412886534293e-11 -1.211453160010478314e-11 -7.834534124204020067e-01 5.270139412886534293e-11 -1.211453160010478314e-11 -7.834534124204020067e-01
1.158000000000000000e+03 2.393665426715819922e+04 5.281861343678554820e-11 -1.217403955422469153e-11 -7.838937794110245605e-01 5.281861343678554820e-11 -1.217403955422469153e-11 -7.838937794110245605e-01
1.159000000000000000e+03 2.395732495305384509e+04 5.294218492733126044e-11 -1.218103395927983001e-11 -7.844234210994188716e-01 5.294218492733126044e-11 -1.218103395927983001e-11 -7.844234210994188716e-01
1.160000000000000000e+03 2.397799563894949097e+04 5.306025758860914353e-11 -1.220745726726590874e-11 -7.849761172748068727e-01 5.306025758860914353e-11 -1.220745726726590874e-11 -7.849761172748068727e-01
1.161000000000000000e+03 2.399866632484513684e+04 5.318315027979830771e-11 -1.223787737814063803e-11 -7.854754568383457425e-01 5.318315027979830771e-11 -1.223787737814063803e-11 -7.854754568383457425e-01
1.162000000000000000e+03 2.401933701074078272e+04 5.329665999057977357e-11 -1.227451473795326820e-11 -7.858480468101176619e-01 5.329665999057977357e-11 -1.227451473795326820e-11 -7.858480468101176619e-01
1.163000000000000000e+03 2.404000769663642859e+04 5.339271526247021746e-11 -1.229782942147039648e-11 -7.860332495466454406e-01 5.339271526247021746e-11 -1.229782942147039648e-11 -7.860332495466454406e-01
1.164000000000000000e+03 2.406067838253207447e+04 5.347524191216600658e-11 -1.229694124305069636e-11 -7.859882996201097427e-01 5.347524191216600658e-11 -1.229694124305069636e-11 -7.859882996201097427e-01
1.165000000000000000e+03 2.408134906842772034e+04 5.353806192244917702e-11 -1.233790847265936463e-11 -7.856895527484794028e-01 5.353806192244917702e-11 -1.233790847265936463e-11 -7.856895527484794028e-01
1.166000000000000000e+03 2.410201975432336621e+04 5.358434644907756835e-11 -1.237909774687295794e-11 -7.851307931661326567e-01 5.358434644907756835e-11 -1.237909774687295794e-11 -7.851307931661326567e-01
1.167000000000000000e+03 2.412269044021901209e+04 5.361347208370003177e-11 -1.238020796989758310e-11 -7.843232834644333629e-01 5.361347208370003177e-11 -1.238020796989758310e-11 -7.843232834644333629e-01
1.168000000000000000e+03 2.414336112611465796e+04 5.362918017253632251e-11 -1.238964486560689693e-11 -7.832976689968766948e-01 5.362918017253632251e-11 -1.238964486560689693e-11 -7.832976689968766948e-01
1.169000000000000000e+03 2.416403181201030384e+04 5.362968952610009285e-11 -1.236954982886118160e-11 -7.821005895710386735e-01 5.362968952610009285e-11 -1.236954982886118160e-11 -7.821005895710386735e-01
1.170000000000000000e+03 2.418470249790594971e+04 5.363095625867372641e-11 -1.236066804466418034e-11 -7.807986229888685958e-01 5.363095625867372641e-11 -1.236066804466418034e-11 -7.807986229888685958e-01
1.171000000000000000e+03 2.420537318380159559e+04 5.362599553450031892e-11 -1.239108815553890963e-11 -7.794755634267378497e-01 5.362599553450031892e-11 -1.239108815553890963e-11 -7.794755634267378497e-01
1.172000000000000000e+03 2.422604386969724146e+04 5.362791194844956440e-11 -1.237687730082370763e-11 -7.782260120311008667e-01 5.362791194844956440e-11 -1.237687730082370763e-11 -7.782260120311008667e-01
1.173000000000000000e+03 2.424671455559288734e+04 5.364315000540401384e-11 -1.239830460519897315e-11 -7.771440260583202253e-01 5.364315000540401384e-11 -1.239830460519897315e-11 -7.771440260583202253e-01
1.174000000000000000e+03 2.426738524148853321e+04 5.367740264758056192e-11 -1.238686930804533404e-11 -7.763085948795533930e-01 5.367740264758056192e-11 -1.238686930804533404e-11 -7.763085948795533930e-01
1.175000000000000000e+03 2.428805592738417909e+04 5.372452560338539637e-11 -1.240541003255657415e-11 -7.757703207055854921e-01 5.372452560338539637e-11 -1.240541003255657415e-11 -7.757703207055854921e-01
1.176000000000000000e+03 2.430872661327982496e+04 5.380366427267650198e-11 -1.244881975281941777e-11 -7.755406563570333978e-01 5.380366427267650198e-11 -1.244881975281941777e-11 -7.755406563570333978e-01
1.177000000000000000e+03 2.432939729917547083e+04 5.389134013628361409e-11 -1.244804259670218016e-11 -7.755940452121662387e-01 5.389134013628361409e-11 -1.244804259670218016e-11 -7.755940452121662387e-01
1.178000000000000000e+03 2.435006798507111671e+04 5.400036526548206501e-11 -1.250788361772947610e-11 -7.758753231342937484e-01 5.400036526548206501e-11 -1.250788361772947610e-11 -7.758753231342937484e-01
1.179000000000000000e+03 2.437073867096676258e+04 5.412295427129341959e-11 -1.252786763217272892e-11 -7.763118396742950678e-01 5.412295427129341959e-11 -1.252786763217272892e-11 -7.763118396742950678e-01
1.180000000000000000e+03 2.439140935686240846e+04 5.424408500768269610e-11 -1.256872383947893468e-11 -7.768281422791067925e-01 5.424408500768269610e-11 -1.256872383947893468e-11 -7.768281422791067925e-01
1.181000000000000000e+03 2.441208004275805433e+04 5.437149636816957289e-11 -1.260047621798321416e-11 -7.773569256365241431e-01 5.437149636816957289e-11 -1.260047621798321416e-11 -7.773569256365241431e-01
1.182000000000000000e+03 2.443275072865370021e+04 5.449332770886750126e-11 -1.262212556696340471e-11 -7.778452420366790410e-01 5.449332770886750126e-11 -1.262212556696340471e-11 -7.778452420366790410e-01
1.183000000000000000e+03 2.445342141454934608e+04 5.460687890152663677e-11 -1.266209359584991034e-11 -7.782564290405282748e-01 5.460687890152663677e-11 -1.266209359584991034e-11 -7.782564290405282748e-01
1.184000000000000000e+03 2.447409210044499196e+04 5.471921690170723918e-11 -1.268429805634241347e-11 -7.785691680285607985e-01 5.471921690170723918e-11 -1.268429805634241347e-11 -7.785691680285607985e-01
1.185000000000000000e+03 2.449476278634063783e+04 5.481931499812658763e-11 -1.273225969100622024e-11 -7.787777875933133975e-01 5.481931499812658763e-11 -1.273225969100622024e-11 -7.787777875933133975e-01
1.186000000000000000e+03 2.451543347223628371e+04 5.491150521864267737e-11 -1.275135552702977293e-11 -7.788912285650377854e-01 5.491150521864267737e-11 -1.275135552702977293e-11 -7.788912285650377854e-01
1.187000000000000000e+03 2.453610415813192958e+04 5.500309734050331735e-11 -1.275202166084454802e-11 -7.789338134080466824e-01 5.500309734050331735e-11 -1.275202166084454802e-11 -7.789338134080466824e-01
1.188000000000000000e+03 2.455677484402757545e+04 5.509338161783753050e-11 -1.279276684584829127e-11 -7.789465606428991329e-01 5.509338161783753050e-11 -1.279276684584829127e-11 -7.789465606428991329e-01
1.189000000000000000e+03 2.457744552992322133e+04 5.518490988024611041e-11 -1.279143457821874108e-11 -7.789849438326897912e-01 5.518490988024611041e-11 -1.279143457821874108e-11 -7.789849438326897912e-01
1.190000000000000000e+03 2.459811621581886720e+04 5.528239360747991068e-11 -1.283029238408062156e-11 -7.791128556754212120e-01 5.528239360747991068e-11 -1.283029238408062156e-11 -7.791128556754212120e-01
1.191000000000000000e+03 2.461878690171451308e+04 5.538971719186709598e-11 -1.286315498560952619e-11 -7.793919873319136160e-01 5.538971719186709598e-11 -1.286315498560952619e-11 -7.793919873319136160e-01
1.192000000000000000e+03 2.463945758761015895e+04 5.550991050982632486e-11 -1.289313100727440542e-11 -7.798684552348559285e-01 5.550991050982632486e-11 -1.289313100727440542e-11 -7.798684552348559285e-01
1.193000000000000000e+03 2.466012827350580483e+04 5.564920728178410096e-11 -1.293054552320427320e-11 -7.805613192483901175e-01 5.564920728178410096e-11 -1.293054552320427320e-11 -7.805613192483901175e-01
1.194000000000000000e+03 2.468079895940145070e+04 5.580195227910662280e-11 -1.295774598730758953e-11 -7.814529282066736693e-01 5.580195227910662280e-11 -1.295774598730758953e-11 -7.814529282066736693e-01
1.195000000000000000e+03 2.470146964529709658e+04 5.596604069417703027e-11 -1.302169483352599855e-11 -7.824912894137117103e-01 5.596604069417703027e-11 -1.302169483352599855e-11 -7.824912894137117103e-01
1.196000000000000000e+03 2.472214033119274245e+04 5.613439388088607678e-11 -1.306676988832577990e-11 -7.836001777882615205e-01 5.613439388088607678e-11 -1.306676988832577990e-11 -7.836001777882615205e-01
1.197000000000000000e+03 2.474281101708838833e+04 5.629851406860542668e-11 -1.308431141211485738e-11 -7.846905046948707829e-01 5.629851406860542668e-11 -1.308431141211485738e-11 -7.846905046948707829e-01
1.198000000000000000e+03 2.476348170298403420e+04 5.645693113481346690e-11 -1.317179698645531971e-11 -7.856747992975434691e-01 5.645693113481346690e-11 -1.317179698645531971e-11 -7.856747992975434691e-01
1.199000000000000000e+03 2.478415238887968007e+04 5.659577006527738908e-11 -1.319488962536752297e-11 -7.864778812551959097e-01 5.659577006527738908e-11 -1.319488962536752297e-11 -7.864778812551959097e-01
1.200000000000000000e+03 2.480482307477532595e+04 5.672005181672238329e-11 -1.325106691041355589e-11 -7.870426844281530609e-01 5.672005181672238329e-11 -1.325106691041355589e-11 -7.870426844281530609e-01
1.201000000000000000e+03 2.482549376067097182e+04 5.682607663432861196e-11 -1.328204213280059776e-11 -7.873318438715930512e-01 5.682607663432861196e-11 -1.328204213280059776e-11 -7.873318438715930512e-01
1.202000000000000000e+03 2.484616444656661770e+04 5.691174155856833026e-11 -1.330358045947832579e-11 -7.873269481447328078e-01 5.691174155856833026e-11 -1.330358045947832579e-11 -7.873269481447328078e-01
1.203000000000000000e+03 2.486683513246226357e+04 5.697653300313959176e-11 -1.328714915871387348e-11 -7.870273876480040620e-01 5.697653300313959176e-11 -1.328714915871387348e-11 -7.870273876480040620e-01
1.204000000000000000e+03 2.488750581835790945e+04 5.702141060404196052e-11 -1.329447663067639951e-11 -7.864504785426673639e-01 5.702141060404196052e-11 -1.329447663067639951e-11 -7.864504785426673639e-01
1.205000000000000000e+03 2.490817650425355532e+04 5.704716022020332580e-11 -1.331690313577382767e-11 -7.856322878317065772e-01 5.704716022020332580e-11 -1.331690313577382767e-11 -7.856322878317065772e-01
1.206000000000000000e+03 2.492884719014920120e+04 5.705976446558251173e-11 -1.334077293080326854e-11 -7.846286177978805121e-01 5.705976446558251173e-11 -1.334077293080326854e-11 -7.846286177978805121e-01
1.207000000000000000e+03 2.494951787604484707e+04 5.706719510464597888e-11 -1.333733123942693055e-11 -7.835137335040671669e-01 5.706719510464597888e-11 -1.333733123942693055e-11 -7.835137335040671669e-01
1.208000000000000000e+03 2.497018856194049295e+04 5.707240717414742311e-11 -1.332600696457575395e-11 -7.823750109630926985e-01 5.707240717414742311e-11 -1.332600696457575395e-11 -7.823750109630926985e-01
1.209000000000000000e+03 2.499085924783613882e+04 5.708121141057945230e-11 -1.336719623878934726e-11 -7.813027280895152860e-01 5.708121141057945230e-11 -1.336719623878934726e-11 -7.813027280895152860e-01
1.210000000000000000e+03 2.501152993373178469e+04 5.710061806079119307e-11 -1.336819543951150990e-11 -7.803763794390442543e-01 5.710061806079119307e-11 -1.336819543951150990e-11 -7.803763794390442543e-01
1.211000000000000000e+03 2.503220061962743057e+04 5.714336288103602035e-11 -1.338318345034394952e-11 -7.796515208640937278e-01 5.714336288103602035e-11 -1.338318345034394952e-11 -7.796515208640937278e-01
1.212000000000000000e+03 2.505287130552307644e+04 5.719357545587085556e-11 -1.338629207481289995e-11 -7.791486859980768509e-01 5.719357545587085556e-11 -1.338629207481289995e-11 -7.791486859980768509e-01
1.213000000000000000e+03 2.507354199141872232e+04 5.726329783024676555e-11 -1.342148614469351742e-11 -7.788522428699430344e-01 5.726329783024676555e-11 -1.342148614469351742e-11 -7.788522428699430344e-01
1.214000000000000000e+03 2.509421267731436819e+04 5.734528122275666041e-11 -1.346101008437017299e-11 -7.787193187560117469e-01 5.734528122275666041e-11 -1.346101008437017299e-11 -7.787193187560117469e-01
1.215000000000000000e+03 2.511488336321001407e+04 5.742732457284196971e-11 -1.345235034477809677e-11 -7.786889005630017735e-01 5.742732457284196971e-11 -1.345235034477809677e-11 -7.786889005630017735e-01
1.216000000000000000e+03 2.513555404910565994e+04 5.751919844804106811e-11 -1.348077205420850078e-11 -7.786963384433835955e-01 5.751919844804106811e-11 -1.348077205420850078e-11 -7.786963384433835955e-01
1.217000000000000000e+03 2.515622473500130582e+04 5.760714256287099687e-11 -1.350553002765764177e-11 -7.786844228635446674e-01 5.760714256287099687e-11 -1.350553002765764177e-11 -7.786844228635446674e-01
1.218000000000000000e+03 2.517689542089695169e+04 5.768910025079642546e-11 -1.354705236877862262e-11 -7.786099398131385296e-01 5.768910025079642546e-11 -1.354705236877862262e-11 -7.786099398131385296e-01
1.219000000000000000e+03 2.519756610679259757e+04 5.776698623436042655e-11 -1.357891576958536461e-11 -7.784459357941213575e-01 5.776698623436042655e-11 -1.357891576958536461e-11 -7.784459357941213575e-01
1.220000000000000000e+03 2.521823679268824344e+04 5.783136746669393448e-11 -1.356670331631448789e-11 -7.781812239932694997e-01 5.783136746669393448e-11 -1.356670331631448789e-11 -7.781812239932694997e-01
1.221000000000000000e+03 2.523890747858388931e+04 5.789405301059102042e-11 -1.359279355739317907e-11 -7.778192198695376147e-01 5.789405301059102042e-11 -1.359279355739317907e-11 -7.778192198695376147e-01
1.222000000000000000e+03 2.525957816447953519e+04 5.794929755122966302e-11 -1.356892376236373821e-11 -7.773792861467092585e-01 5.794929755122966302e-11 -1.356892376236373821e-11 -7.773792861467092585e-01
1.223000000000000000e+03 2.528024885037518106e+04 5.800272837847216397e-11 -1.362110424452112056e-11 -7.768950912447697421e-01 5.800272837847216397e-11 -1.362110424452112056e-11 -7.768950912447697421e-01
1.224000000000000000e+03 2.530091953627082694e+04 5.805582509031263079e-11 -1.362476798050238358e-11 -7.764170552128176750e-01 5.805582509031263079e-11 -1.362476798050238358e-11 -7.764170552128176750e-01
1.225000000000000000e+03 2.532159022216647281e+04 5.812060270130247756e-11 -1.367039814681447751e-11 -7.760102598184609457e-01 5.812060270130247756e-11 -1.367039814681447751e-11 -7.760102598184609457e-01
1.226000000000000000e+03 2.534226090806211869e+04 5.819289678979578357e-11 -1.365096924388353727e-11 -7.757487556313966692e-01 5.819289678979578357e-11 -1.365096924388353727e-11 -7.757487556313966692e-01
1.227000000000000000e+03 2.536293159395776456e+04 5.827735575360598236e-11 -1.370559221669509498e-11 -7.757050312580729967e-01 5.827735575360598236e-11 -1.370559221669509498e-11 -7.757050312580729967e-01
1.228000000000000000e+03 2.538360227985341044e+04 5.838720078504026203e-11 -1.368682944757892983e-11 -7.759361534170021724e-01 5.838720078504026203e-11 -1.368682944757892983e-11 -7.759361534170021724e-01
1.229000000000000000e+03 2.540427296574905631e+04 5.851910041138219219e-11 -1.379041325577645694e-11 -7.764708093797044741e-01 5.851910041138219219e-11 -1.379041325577645694e-11 -7.764708093797044741e-01
1.230000000000000000e+03 2.542494365164470219e+04 5.867231174020068313e-11 -1.377653546796864248e-11 -7.773004485980257172e-01 5.867231174020068313e-11 -1.377653546796864248e-11 -7.773004485980257172e-01
1.231000000000000000e+03 2.544561433754034806e+04 5.884310001068671464e-11 -1.386757375598790532e-11 -7.783767337412984544e-01 5.884310001068671464e-11 -1.386757375598790532e-11 -7.783767337412984544e-01
1.232000000000000000e+03 2.546628502343599393e+04 5.903046388159218266e-11 -1.390987325322612378e-11 -7.796235055029754335e-01 5.903046388159218266e-11 -1.390987325322612378e-11 -7.796235055029754335e-01
1.233000000000000000e+03 2.548695570933163981e+04 5.921759911184214092e-11 -1.393529736049003986e-11 -7.809474885001164157e-01 5.921759911184214092e-11 -1.393529736049003986e-11 -7.809474885001164157e-01
1.234000000000000000e+03 2.550762639522728568e+04 5.940637644168497240e-11 -1.403432925428660383e-11 -7.822535876968583768e-01 5.940637644168497240e-11 -1.403432925428660383e-11 -7.822535876968583768e-01
1.235000000000000000e+03 2.552829708112293156e+04 5.958130370265110326e-11 -1.407673977382728481e-11 -7.834566872841868257e-01 5.958130370265110326e-11 -1.407673977382728481e-11 -7.834566872841868257e-01
1.236000000000000000e+03 2.554896776701857743e+04 5.975066657247269983e-11 -1.410427330483798869e-11 -7.844885252150570754e-01 5.975066657247269983e-11 -1.410427330483798869e-11 -7.844885252150570754e-01
1.237000000000000000e+03 2.556963845291422331e+04 5.990169782319330331e-11 -1.413669181715704326e-11 -7.852999605066661726e-01 5.990169782319330331e-11 -1.413669181715704326e-11 -7.852999605066661726e-01
1.238000000000000000e+03 2.559030913880986918e+04 6.002610323905893649e-11 -1.417133077552534814e-11 -7.858601028815455081e-01 6.002610323905893649e-11 -1.417133077552534814e-11 -7.858601028815455081e-01
1.239000000000000000e+03 2.561097982470551506e+04 6.013762017315174780e-11 -1.416988748559333544e-11 -7.861562755553275217e-01 6.013762017315174780e-11 -1.416988748559333544e-11 -7.861562755553275217e-01
1.240000000000000000e+03 2.563165051060116093e+04 6.022738219819036414e-11 -1.423472451023144458e-11 -7.861937576490675150e-01 6.022738219819036414e-11 -1.423472451023144458e-11 -7.861937576490675150e-01
1.241000000000000000e+03 2.565232119649680681e+04 6.030344771773794249e-11 -1.423283713108958182e-11 -7.859939238385325044e-01 6.030344771773794249e-11 -1.423283713108958182e-11 -7.859939238385325044e-01
1.242000000000000000e+03 2.567299188239245268e+04 6.035407268539936299e-11 -1.425293216783529715e-11 -7.855984642001396789e-01 6.035407268539936299e-11 -1.425293216783529715e-11 -7.855984642001396789e-01
1.243000000000000000e+03 2.569366256828809856e+04 6.040668460139315984e-11 -1.426159190742737337e-11 -7.850671780820668300e-01 6.040668460139315984e-11 -1.426159190742737337e-11 -7.850671780820668300e-01
1.244000000000000000e+03 2.571433325418374443e+04 6.044929056924212211e-11 -1.429478757586366555e-11 -7.844734242203528218e-01 6.044929056924212211e-11 -1.429478757586366555e-11 -7.844734242203528218e-01
1.245000000000000000e+03 2.573500394007939030e+04 6.049349010402729462e-11 -1.431044172051088026e-11 -7.838948376982317612e-01 6.049349010402729462e-11 -1.431044172051088026e-11 -7.838948376982317612e-01
1.246000000000000000e+03 2.575567462597503618e+04 6.054240738613340798e-11 -1.431788021477586881e-11 -7.834004315043472388e-01 6.054240738613340798e-11 -1.431788021477586881e-11 -7.834004315043472388e-01
1.247000000000000000e+03 2.577634531187068205e+04 6.060890185279817977e-11 -1.438549279697554084e-11 -7.830373745911398675e-01 6.060890185279817977e-11 -1.438549279697554084e-11 -7.830373745911398675e-01
1.248000000000000000e+03 2.579701599776632793e+04 6.068082222658551419e-11 -1.440347840997446838e-11 -7.828220288175231634e-01 6.068082222658551419e-11 -1.440347840997446838e-11 -7.828220288175231634e-01
1.249000000000000000e+03 2.581768668366197380e+04 6.076603714914647462e-11 -1.440059183011044297e-11 -7.827354031909405929e-01 6.076603714914647462e-11 -1.440059183011044297e-11 -7.827354031909405929e-01
1.250000000000000000e+03 2.583835736955761968e+04 6.085133167944442440e-11 -1.443600794459598546e-11 -7.827324372272228548e-01 6.085133167944442440e-11 -1.443600794459598546e-11 -7.827324372272228548e-01
1.251000000000000000e+03 2.585902805545326555e+04 6.094433536170566079e-11 -1.446665010007563978e-11 -7.827509866758552981e-01 6.094433536170566079e-11 -1.446665010007563978e-11 -7.827509866758552981e-01
1.252000000000000000e+03 2.587969874134891143e+04 6.103375943149009413e-11 -1.450461972751782014e-11 -7.827258729345343280e-01 6.103375943149009413e-11 -1.450461972751782014e-11 -7.827258729345343280e-01
1.253000000000000000e+03 2.590036942724455730e+04 6.111159032417537434e-11 -1.453337450385561169e-11 -7.826000328741977707e-01 6.111159032417537434e-11 -1.453337450385561169e-11 -7.826000328741977707e-01
1.254000000000000000e+03 2.592104011314020318e+04 6.117673347371035875e-11 -1.453248632543591157e-11 -7.823313840528556273e-01 6.117673347371035875e-11 -1.453248632543591157e-11 -7.823313840528556273e-01
1.255000000000000000e+03 2.594171079903584905e+04 6.123219220043222478e-11 -1.458821952127209443e-11 -7.818953619256387988e-01 6.123219220043222478e-11 -1.458821952127209443e-11 -7.818953619256387988e-01
1.256000000000000000e+03 2.596238148493149492e+04 6.127491089174587485e-11 -1.455491283053333973e-11 -7.812840991147675940e-01 6.127491089174587485e-11 -1.455491283053333973e-11 -7.812840991147675940e-01
1.257000000000000000e+03 2.598305217082714080e+04 6.130048271903141780e-11 -1.457900467016770563e-11 -7.805057693022026122e-01 6.130048271903141780e-11 -1.457900467016770563e-11 -7.805057693022026122e-01
1.258000000000000000e+03 2.600372285672278667e+04 6.131421020085398646e-11 -1.460065401914789618e-11 -7.795869561438855122e-01 6.131421020085398646e-11 -1.460065401914789618e-11 -7.795869561438855122e-01
1.259000000000000000e+03 2.602439354261843255e+04 6.132642087999884553e-11 -1.460465082203654674e-11 -7.785680464100082077e-01 6.132642087999884553e-11 -1.460465082203654674e-11 -7.785680464100082077e-01
1.260000000000000000e+03 2.604506422851407842e+04 6.133757572129461254e-11 -1.460798149111042221e-11 -7.775078195285054505e-01 6.133757572129461254e-11 -1.460798149111042221e-11 -7.775078195285054505e-01
1.261000000000000000e+03 2.606573491440972430e+04 6.134352803664457864e-11 -1.461819554293697365e-11 -7.764816614157594721e-01 6.134352803664457864e-11 -1.461819554293697365e-11 -7.764816614157594721e-01
1.262000000000000000e+03 2.608640560030537017e+04 6.136781041314766732e-11 -1.462707732713397490e-11 -7.755764231620491111e-01 6.136781041314766732e-11 -1.462707732713397490e-11 -7.755764231620491111e-01
1.263000000000000000e+03 2.610707628620101605e+04 6.140358220999859334e-11 -1.462985288469553780e-11 -7.748803632330132363e-01 6.140358220999859334e-11 -1.462985288469553780e-11 -7.748803632330132363e-01
1.264000000000000000e+03 2.612774697209666192e+04 6.146521230684171515e-11 -1.466149424089735476e-11 -7.744691746708143310e-01 6.146521230684171515e-11 -1.466149424089735476e-11 -7.744691746708143310e-01
1.265000000000000000e+03 2.614841765799230780e+04 6.155054201721539875e-11 -1.467959087619874481e-11 -7.743914972327583524e-01 6.155054201721539875e-11 -1.467959087619874481e-11 -7.743914972327583524e-01
1.266000000000000000e+03 2.616908834388795367e+04 6.166861321549472737e-11 -1.469446786472872191e-11 -7.746585301836578230e-01 6.166861321549472737e-11 -1.469446786472872191e-11 -7.746585301836578230e-01
1.267000000000000000e+03 2.618975902978359954e+04 6.180665513631691475e-11 -1.476985200810077004e-11 -7.752414313342281815e-01 6.180665513631691475e-11 -1.476985200810077004e-11 -7.752414313342281815e-01
1.268000000000000000e+03 2.621042971567924542e+04 6.196449228887004935e-11 -1.479505407075976109e-11 -7.760775656605939377e-01 6.196449228887004935e-11 -1.479505407075976109e-11 -7.760775656605939377e-01
1.269000000000000000e+03 2.623110040157489129e+04 6.213771435862287834e-11 -1.485800371625600746e-11 -7.770831953372199230e-01 6.213771435862287834e-11 -1.485800371625600746e-11 -7.770831953372199230e-01
1.270000000000000000e+03 2.625177108747053717e+04 6.231694751852908797e-11 -1.492705958838769220e-11 -7.781683088346067478e-01 6.231694751852908797e-11 -1.492705958838769220e-11 -7.781683088346067478e-01
1.271000000000000000e+03 2.627244177336618304e+04 6.249403599207246808e-11 -1.494293577763983194e-11 -7.792492471474339322e-01 6.249403599207246808e-11 -1.494293577763983194e-11 -7.792492471474339322e-01
1.272000000000000000e+03 2.629311245926182892e+04 6.266502083807797667e-11 -1.498345891803865015e-11 -7.802566427917209113e-01 6.266502083807797667e-11 -1.498345891803865015e-11 -7.802566427917209113e-01
1.273000000000000000e+03 2.631378314515747479e+04 6.282266902226324828e-11 -1.504851798728168433e-11 -7.811385380679347623e-01 6.282266902226324828e-11 -1.504851798728168433e-11 -7.811385380679347623e-01
1.274000000000000000e+03 2.633445383105312067e+04 6.297649274707281294e-11 -1.505617852615159791e-11 -7.818599864938076127e-01 6.297649274707281294e-11 -1.505617852615159791e-11 -7.818599864938076127e-01
1.275000000000000000e+03 2.635512451694876654e+04 6.310336447860140058e-11 -1.509337099747654065e-11 -7.824024602533935502e-01 6.310336447860140058e-11 -1.509337099747654065e-11 -7.824024602533935502e-01
1.276000000000000000e+03 2.637579520284441242e+04 6.322616742008200848e-11 -1.511291092270994341e-11 -7.827656558048852187e-01 6.322616742008200848e-11 -1.511291092270994341e-11 -7.827656558048852187e-01
1.277000000000000000e+03 2.639646588874005829e+04 6.332897739640146741e-11 -1.517452830057663959e-11 -7.829627009363079315e-01 6.332897739640146741e-11 -1.517452830057663959e-11 -7.829627009363079315e-01
1.278000000000000000e+03 2.641713657463570416e+04 6.343051175952912782e-11 -1.517530545669387720e-11 -7.830257028001629260e-01 6.343051175952912782e-11 -1.517530545669387720e-11 -7.830257028001629260e-01
1.279000000000000000e+03 2.643780726053135004e+04 6.351373574014166985e-11 -1.518962733371154172e-11 -7.830038573819397829e-01 6.351373574014166985e-11 -1.518962733371154172e-11 -7.830038573819397829e-01
1.280000000000000000e+03 2.645847794642699591e+04 6.360461778717070213e-11 -1.522992842950543491e-11 -7.829591531850590425e-01 6.360461778717070213e-11 -1.522992842950543491e-11 -7.829591531850590425e-01
1.281000000000000000e+03 2.647914863232264179e+04 6.368929616003795088e-11 -1.527267201595350343e-11 -7.829576152381266807e-01 6.368929616003795088e-11 -1.527267201595350343e-11 -7.829576152381266807e-01
1.282000000000000000e+03 2.649981931821828766e+04 6.379286935273001652e-11 -1.528455140231699261e-11 -7.830568561737134559e-01 6.379286935273001652e-11 -1.528455140231699261e-11 -7.830568561737134559e-01
1.283000000000000000e+03 2.652049000411393354e+04 6.390336918561592379e-11 -1.533528859454236226e-11 -7.832929590810746578e-01 6.390336918561592379e-11 -1.533528859454236226e-11 -7.832929590810746578e-01
1.284000000000000000e+03 2.654116069000957941e+04 6.402408350505935728e-11 -1.537381333349685519e-11 -7.836716817071582852e-01 6.402408350505935728e-11 -1.537381333349685519e-11 -7.836716817071582852e-01
1.285000000000000000e+03 2.656183137590522529e+04 6.415746244151020769e-11 -1.542388439190744975e-11 -7.841633510154280007e-01 6.415746244151020769e-11 -1.542388439190744975e-11 -7.841633510154280007e-01
1.286000000000000000e+03 2.658250206180087116e+04 6.429938127044720370e-11 -1.544586680779502785e-11 -7.847119748950847073e-01 6.429938127044720370e-11 -1.544586680779502785e-11 -7.847119748950847073e-01
1.287000000000000000e+03 2.660317274769651704e+04 6.443152539249283105e-11 -1.548194905609534544e-11 -7.852442720066894477e-01 6.443152539249283105e-11 -1.548194905609534544e-11 -7.852442720066894477e-01
1.288000000000000000e+03 2.662384343359216291e+04 6.455952941237587659e-11 -1.551891948281536315e-11 -7.856839777854240925e-01 6.455952941237587659e-11 -1.551891948281536315e-11 -7.856839777854240925e-01
1.289000000000000000e+03 2.664451411948780878e+04 6.467283189164544136e-11 -1.556810236280625759e-11 -7.859634612067998294e-01 6.467283189164544136e-11 -1.556810236280625759e-11 -7.859634612067998294e-01
1.290000000000000000e+03 2.666518480538345466e+04 6.476672861113284759e-11 -1.560096496433516222e-11 -7.860310768798067782e-01 6.476672861113284759e-11 -1.560096496433516222e-11 -7.860310768798067782e-01
1.291000000000000000e+03 2.668585549127910053e+04 6.483642078031677947e-11 -1.564748330906695628e-11 -7.858540730397101104e-01 6.483642078031677947e-11 -1.564748330906695628e-11 -7.858540730397101104e-01
1.292000000000000000e+03 2.670652617717474641e+04 6.489418550253871828e-11 -1.565136908965314433e-11 -7.854183285583082874e-01 6.489418550253871828e-11 -1.565136908965314433e-11 -7.854183285583082874e-01
1.293000000000000000e+03 2.672719686307039228e+04 6.492780101364716769e-11 -1.563982277019704270e-11 -7.847258448610090475e-01 6.492780101364716769e-11 -1.563982277019704270e-11 -7.847258448610090475e-01
1.294000000000000000e+03 2.674786754896603816e+04 6.493777071507031945e-11 -1.565381158030731967e-11 -7.837994658278593096e-01 6.493777071507031945e-11 -1.565381158030731967e-11 -7.837994658278593096e-01
1.295000000000000000e+03 2.676853823486168403e+04 6.493640758051652787e-11 -1.567301843863333488e-11 -7.826768925657505704e-01 6.493640758051652787e-11 -1.567301843863333488e-11 -7.826768925657505704e-01
1.296000000000000000e+03 2.678920892075732991e+04 6.492225777515628786e-11 -1.564215423854875553e-11 -7.814154985068074710e-01 6.492225777515628786e-11 -1.564215423854875553e-11 -7.814154985068074710e-01
1.297000000000000000e+03 2.680987960665297578e+04 6.490739620767913253e-11 -1.566413665443633363e-11 -7.800913345129684151e-01 6.490739620767913253e-11 -1.566413665443633363e-11 -7.800913345129684151e-01
1.298000000000000000e+03 2.683055029254862166e+04 6.489087576305713466e-11 -1.568312146815742381e-11 -7.787949507430507179e-01 6.489087576305713466e-11 -1.568312146815742381e-11 -7.787949507430507179e-01
1.299000000000000000e+03 2.685122097844426753e+04 6.488614978615394209e-11 -1.565303442419008206e-11 -7.776223482285662403e-01 6.488614978615394209e-11 -1.565303442419008206e-11 -7.776223482285662403e-01
1.300000000000000000e+03 2.687189166433991340e+04 6.490221007014445023e-11 -1.564759433136941880e-11 -7.766615932206060169e-01 6.490221007014445023e-11 -1.564759433136941880e-11 -7.766615932206060169e-01
1.301000000000000000e+03 2.689256235023555928e+04 6.494127177606964048e-11 -1.570610308476716455e-11 -7.759781918735596529e-01 6.494127177606964048e-11 -1.570610308476716455e-11 -7.759781918735596529e-01
1.302000000000000000e+03 2.691323303613120515e+04 6.500591947347108048e-11 -1.570332752720560165e-11 -7.756037116596545822e-01 6.500591947347108048e-11 -1.570332752720560165e-11 -7.756037116596545822e-01
1.303000000000000000e+03 2.693390372202685103e+04 6.509737423427779885e-11 -1.573563501722219371e-11 -7.755284541907397911e-01 6.509737423427779885e-11 -1.573563501722219371e-11 -7.755284541907397911e-01
1.304000000000000000e+03 2.695457440792249690e+04 6.520405400084433746e-11 -1.577982189360227494e-11 -7.757109642550810147e-01 6.520405400084433746e-11 -1.577982189360227494e-11 -7.757109642550810147e-01
1.305000000000000000e+03 2.697524509381814278e+04 6.532916941635051815e-11 -1.581657027571736762e-11 -7.760848064576938432e-01 6.532916941635051815e-11 -1.581657027571736762e-11 -7.760848064576938432e-01
1.306000000000000000e+03 2.699591577971378865e+04 6.546595992118181288e-11 -1.587219244925108796e-11 -7.765742032968062647e-01 6.546595992118181288e-11 -1.587219244925108796e-11 -7.765742032968062647e-01
1.307000000000000000e+03 2.701658646560943453e+04 6.560620806460288527e-11 -1.589972598026179185e-11 -7.771068159868166347e-01 6.560620806460288527e-11 -1.589972598026179185e-11 -7.771068159868166347e-01
1.308000000000000000e+03 2.703725715150508040e+04 6.574220891442663997e-11 -1.593347676021039661e-11 -7.776222996866992698e-01 6.574220891442663997e-11 -1.593347676021039661e-11 -7.776222996866992698e-01
1.309000000000000000e+03 2.705792783740072628e+04 6.587299629776989724e-11 -1.596001109049893785e-11 -7.780761077116007396e-01 6.587299629776989724e-11 -1.596001109049893785e-11 -7.780761077116007396e-01
1.310000000000000000e+03 2.707859852329637215e+04 6.599378568326446326e-11 -1.600120036471253115e-11 -7.784398737584091732e-01 6.599378568326446326e-11 -1.600120036471253115e-11 -7.784398737584091732e-01
1.311000000000000000e+03 2.709926920919201802e+04 6.611212879929093117e-11 -1.603239763170449805e-11 -7.786996767073871561e-01 6.611212879929093117e-11 -1.603239763170449805e-11 -7.786996767073871561e-01
1.312000000000000000e+03 2.711993989508766390e+04 6.621479509549694723e-11 -1.605426902528961364e-11 -7.788584609988558061e-01 6.621479509549694723e-11 -1.605426902528961364e-11 -7.788584609988558061e-01
1.313000000000000000e+03 2.714061058098330977e+04 6.631693447919119369e-11 -1.605604538212901389e-11 -7.789322727335954433e-01 6.631693447919119369e-11 -1.605604538212901389e-11 -7.789322727335954433e-01
1.314000000000000000e+03 2.716128126687895565e+04 6.641336074149631479e-11 -1.612365796432868592e-11 -7.789543327519332649e-01 6.641336074149631479e-11 -1.612365796432868592e-11 -7.789543327519332649e-01
1.315000000000000000e+03 2.718195195277460152e+04 6.650513470209598284e-11 -1.616795586301122967e-11 -7.789736237385731510e-01 6.650513470209598284e-11 -1.616795586301122967e-11 -7.789736237385731510e-01
1.316000000000000000e+03 2.720262263867024740e+04 6.660772087577273547e-11 -1.616207168098071634e-11 -7.790510401601299373e-01 6.660772087577273547e-11 -1.616207168098071634e-11 -7.790510401601299373e-01
1.317000000000000000e+03 2.722329332456589327e+04 6.671854410251209553e-11 -1.617339595583189293e-11 -7.792508814009924123e-01 6.671854410251209553e-11 -1.617339595583189293e-11 -7.792508814009924123e-01
1.318000000000000000e+03 2.724396401046153915e+04 6.684573602217240950e-11 -1.624544943013006559e-11 -7.796284195063978295e-01 6.684573602217240950e-11 -1.624544943013006559e-11 -7.796284195063978295e-01
1.319000000000000000e+03 2.726463469635718502e+04 6.699457288204462896e-11 -1.630595658497213662e-11 -7.802167093369087869e-01 6.699457288204462896e-11 -1.630595658497213662e-11 -7.802167093369087869e-01
1.320000000000000000e+03 2.728530538225283090e+04 6.715377807031065448e-11 -1.636069058008615684e-11 -7.810171529206302310e-01 6.715377807031065448e-11 -1.636069058008615684e-11 -7.810171529206302310e-01
1.321000000000000000e+03 2.730597606814847677e+04 6.733785070866621647e-11 -1.637190383263487092e-11 -7.819922061070038177e-01 6.733785070866621647e-11 -1.637190383263487092e-11 -7.819922061070038177e-01
1.322000000000000000e+03 2.732664675404412264e+04 6.752203883797440531e-11 -1.645872327316055816e-11 -7.830766180346020455e-01 6.752203883797440531e-11 -1.645872327316055816e-11 -7.830766180346020455e-01
1.323000000000000000e+03 2.734731743993976852e+04 6.771079315278455360e-11 -1.650080072579385160e-11 -7.841855396588263138e-01 6.771079315278455360e-11 -1.650080072579385160e-11 -7.841855396588263138e-01
1.324000000000000000e+03 2.736798812583541439e+04 6.789258234373988140e-11 -1.656119685833346011e-11 -7.852291627479899283e-01 6.789258234373988140e-11 -1.656119685833346011e-11 -7.852291627479899283e-01
1.325000000000000000e+03 2.738865881173106027e+04 6.806279781409910117e-11 -1.659528070518945242e-11 -7.861254289049953714e-01 6.806279781409910117e-11 -1.659528070518945242e-11 -7.861254289049953714e-01
1.326000000000000000e+03 2.740932949762670614e+04 6.821660655238608537e-11 -1.663535975637842057e-11 -7.868082111705707593e-01 6.821660655238608537e-11 -1.663535975637842057e-11 -7.868082111705707593e-01
1.327000000000000000e+03 2.743000018352235202e+04 6.834369166299760217e-11 -1.669497873280079148e-11 -7.872307490130856511e-01 6.834369166299760217e-11 -1.669497873280079148e-11 -7.872307490130856511e-01
1.328000000000000000e+03 2.745067086941799789e+04 6.844457437786280095e-11 -1.669409055438109135e-11 -7.873657393490949286e-01 6.844457437786280095e-11 -1.669409055438109135e-11 -7.873657393490949286e-01
1.329000000000000000e+03 2.747134155531364377e+04 6.852129531997046095e-11 -1.673050586958879649e-11 -7.872041846176780489e-01 6.852129531997046095e-11 -1.673050586958879649e-11 -7.872041846176780489e-01
1.330000000000000000e+03 2.749201224120928964e+04 6.857291282832207295e-11 -1.672140204078687020e-11 -7.867547829007235372e-01 6.857291282832207295e-11 -1.672140204078687020e-11 -7.867547829007235372e-01
1.331000000000000000e+03 2.751268292710493552e+04 6.859784271954406734e-11 -1.676148109197583835e-11 -7.860444757137915461e-01 6.859784271954406734e-11 -1.676148109197583835e-11 -7.860444757137915461e-01
1.332000000000000000e+03 2.753335361300058139e+04 6.861349582994741937e-11 -1.676259131500046351e-11 -7.851196321469198214e-01 6.861349582994741937e-11 -1.676259131500046351e-11 -7.851196321469198214e-01
1.333000000000000000e+03 2.755402429889622726e+04 6.861420739712965907e-11 -1.678090999490677859e-11 -7.840460887181830429e-01 6.861420739712965907e-11 -1.678090999490677859e-11 -7.840460887181830429e-01
1.334000000000000000e+03 2.757469498479187314e+04 6.860709346670268640e-11 -1.681643713169478360e-11 -7.829059571932164285e-01 6.860709346670268640e-11 -1.681643713169478360e-11 -7.829059571932164285e-01
1.335000000000000000e+03 2.759536567068751901e+04 6.860356650817918923e-11 -1.681710326550955870e-11 -7.817897162509119813e-01 6.860356650817918923e-11 -1.681710326550955870e-11 -7.817897162509119813e-01
1.336000000000000000e+03 2.761603635658316489e+04 6.861406298083424689e-11 -1.679079097982594249e-11 -7.807838622258553851e-01 6.861406298083424689e-11 -1.679079097982594249e-11 -7.807838622258553851e-01
1.337000000000000000e+03 2.763670704247881076e+04 6.863472549723869394e-11 -1.684463679652026258e-11 -7.799568072454291512e-01 6.863472549723869394e-11 -1.684463679652026258e-11 -7.799568072454291512e-01
1.338000000000000000e+03 2.765737772837445664e+04 6.867578450987129736e-11 -1.683764239146512409e-11 -7.793474441898482485e-01 6.867578450987129736e-11 -1.683764239146512409e-11 -7.793474441898482485e-01
1.339000000000000000e+03 2.767804841427010251e+04 6.873943191780391071e-11 -1.686073503037732735e-11 -7.789558246135493969e-01 6.873943191780391071e-11 -1.686073503037732735e-11 -7.789558246135493969e-01
1.340000000000000000e+03 2.769871910016574839e+04 6.881411800838746123e-11 -1.689703932328256997e-11 -7.787518037518654790e-01 6.881411800838746123e-11 -1.689703932328256997e-11 -7.787518037518654790e-01
1.341000000000000000e+03 2.771938978606139426e+04 6.890612593916289256e-11 -1.690492190675740858e-11 -7.786811218709190907e-01 6.890612593916289256e-11 -1.690492190675740858e-11 -7.786811218709190907e-01
1.342000000000000000e+03 2.774006047195704014e+04 6.899526532243877138e-11 -1.694633322557592692e-11 -7.786792322617934747e-01 6.899526532243877138e-11 -1.694633322557592692e-11 -7.786792322617934747e-01
1.343000000000000000e+03 2.776073115785268601e+04 6.909344268298990072e-11 -1.698052809473438174e-11 -7.786842225102932336e-01 6.909344268298990072e-11 -1.698052809473438174e-11 -7.786842225102932336e-01
1.344000000000000000e+03 2.778140184374833188e+04 6.918331008302053630e-11 -1.703681640208287718e-11 -7.786456242668735594e-01 6.918331008302053630e-11 -1.703681640208287718e-11 -7.786456242668735594e-01
1.345000000000000000e+03 2.780207252964397776e+04 6.926703878236779886e-11 -1.702116225743566247e-11 -7.785285904612220254e-01 6.926703878236779886e-11 -1.702116225743566247e-11 -7.785285904612220254e-01
1.346000000000000000e+03 2.782274321553962363e+04 6.934463897091197312e-11 -1.706312868776649339e-11 -7.783145591421805065e-01 6.934463897091197312e-11 -1.706312868776649339e-11 -7.783145591421805065e-01
1.347000000000000000e+03 2.784341390143526951e+04 6.940996669157607610e-11 -1.703992502655182761e-11 -7.779995487118461783e-01 6.940996669157607610e-11 -1.703992502655182761e-11 -7.779995487118461783e-01
1.348000000000000000e+03 2.786408458733091538e+04 6.946695887786739256e-11 -1.708233554609250859e-11 -7.775960878284700062e-01 6.946695887786739256e-11 -1.708233554609250859e-11 -7.775960878284700062e-01
1.349000000000000000e+03 2.788475527322656126e+04 6.951840352280221134e-11 -1.711386587999186304e-11 -7.771300262162319505e-01 6.951840352280221134e-11 -1.711386587999186304e-11 -7.771300262162319505e-01
1.350000000000000000e+03 2.790542595912220713e+04 6.957050856625887770e-11 -1.715327879736605610e-11 -7.766439749582418894e-01 6.957050856625887770e-11 -1.715327879736605610e-11 -7.766439749582418894e-01
1.351000000000000000e+03 2.792609664501785301e+04 6.962947210007157553e-11 -1.715327879736605610e-11 -7.761963581781496924e-01 6.962947210007157553e-11 -1.715327879736605610e-11 -7.761963581781496924e-01
1.352000000000000000e+03 2.794676733091349888e+04 6.969066169567467056e-11 -1.713740260811391636e-11 -7.758579020163312023e-01 6.969066169567467056e-11 -1.713740260811391636e-11 -7.758579020163312023e-01
1.353000000000000000e+03 2.796743801680914476e+04 6.977247490556202612e-11 -1.718081232837675998e-11 -7.757033787901540522e-01 6.977247490556202612e-11 -1.718081232837675998e-11 -7.757033787901540522e-01
1.354000000000000000e+03 2.798810870270479063e+04 6.988248763305072199e-11 -1.724154152782375604e-11 -7.757990076469960528e-01 6.988248763305072199e-11 -1.724154152782375604e-11 -7.757990076469960528e-01
1.355000000000000000e+03 2.800877938860043650e+04 7.001105776198542447e-11 -1.725897202931037100e-11 -7.761882511123435746e-01 7.001105776198542447e-11 -1.725897202931037100e-11 -7.761882511123435746e-01
1.356000000000000000e+03 2.802945007449608238e+04 7.017257803281487884e-11 -1.730104948194366443e-11 -7.768818004767290564e-01 7.017257803281487884e-11 -1.730104948194366443e-11 -7.768818004767290564e-01
1.357000000000000000e+03 2.805012076039172825e+04 7.035597829229879168e-11 -1.738098553971667570e-11 -7.778486717838672959e-01 7.035597829229879168e-11 -1.738098553971667570e-11 -7.778486717838672959e-01
1.358000000000000000e+03 2.807079144628737413e+04 7.055797028885820781e-11 -1.744349109600307202e-11 -7.790253276008549665e-01 7.055797028885820781e-11 -1.744349109600307202e-11 -7.790253276008549665e-01
1.359000000000000000e+03 2.809146213218302000e+04 7.077208584565451533e-11 -1.747790800976645187e-11 -7.803246562379475559e-01 7.077208584565451533e-11 -1.747790800976645187e-11 -7.803246562379475559e-01
1.360000000000000000e+03 2.811213281807866588e+04 7.098522089056300258e-11 -1.757916034961226615e-11 -7.816507038567092058e-01 7.098522089056300258e-11 -1.757916034961226615e-11 -7.816507038567092058e-01
1.361000000000000000e+03 2.813280350397431175e+04 7.119713600721288388e-11 -1.759825618563581884e-11 -7.829124060124799112e-01 7.119713600721288388e-11 -1.759825618563581884e-11 -7.829124060124799112e-01
1.362000000000000000e+03 2.815347418986995763e+04 7.138931727887019010e-11 -1.764965951167596359e-11 -7.840329040253717352e-01 7.138931727887019010e-11 -1.764965951167596359e-11 -7.840329040253717352e-01
1.363000000000000000e+03 2.817414487576560350e+04 7.156774862410058313e-11 -1.770172897153088343e-11 -7.849538629499999143e-01 7.156774862410058313e-11 -1.770172897153088343e-11 -7.849538629499999143e-01
1.364000000000000000e+03 2.819481556166124938e+04 7.171584043478944762e-11 -1.774835833856514000e-11 -7.856359536810573196e-01 7.171584043478944762e-11 -1.774835833856514000e-11 -7.856359536810573196e-01
1.365000000000000000e+03 2.821548624755689525e+04 7.184877771312468557e-11 -1.778655001061224539e-11 -7.860571287828512776e-01 7.184877771312468557e-11 -1.778655001061224539e-11 -7.860571287828512776e-01
1.366000000000000000e+03 2.823615693345254113e+04 7.195619952552900020e-11 -1.783584391290560234e-11 -7.862155593340953708e-01 7.195619952552900020e-11 -1.783584391290560234e-11 -7.862155593340953708e-01
1.367000000000000000e+03 2.825682761934818700e+04 7.203911726670752662e-11 -1.787636705330442055e-11 -7.861234899798796860e-01 7.203911726670752662e-11 -1.787636705330442055e-11 -7.861234899798796860e-01
1.368000000000000000e+03 2.827749830524383287e+04 7.210475285935102856e-11 -1.788635906052604696e-11 -7.858133018366870726e-01 7.210475285935102856e-11 -1.788635906052604696e-11 -7.858133018366870726e-01
1.369000000000000000e+03 2.829816899113947875e+04 7.215167209227170007e-11 -1.787969772237829602e-11 -7.853364494155441466e-01 7.215167209227170007e-11 -1.787969772237829602e-11 -7.853364494155441466e-01
1.370000000000000000e+03 2.831883967703512462e+04 7.219424122860909226e-11 -1.790312342819788682e-11 -7.847607058996516338e-01 7.219424122860909226e-11 -1.790312342819788682e-11 -7.847607058996516338e-01
1.371000000000000000e+03 2.833951036293077050e+04 7.223315695921035301e-11 -1.792332948724606467e-11 -7.841631443681520430e-01 7.223315695921035301e-11 -1.792332948724606467e-11 -7.841631443681520430e-01
1.372000000000000000e+03 2.836018104882641637e+04 7.227465019020169882e-11 -1.795086301825676856e-11 -7.836186914456202413e-01 7.227465019020169882e-11 -1.795086301825676856e-11 -7.836186914456202413e-01
1.373000000000000000e+03 2.838085173472206225e+04 7.233541468524188147e-11 -1.800770643711757657e-11 -7.831864982731937541e-01 7.233541468524188147e-11 -1.800770643711757657e-11 -7.831864982731937541e-01
1.374000000000000000e+03 2.840152242061770812e+04 7.240118458978481917e-11 -1.801647719901211531e-11 -7.828989157177903557e-01 7.240118458978481917e-11 -1.801647719901211531e-11 -7.828989157177903557e-01
1.375000000000000000e+03 2.842219310651335400e+04 7.248417336127564631e-11 -1.805045002356564510e-11 -7.827527613462881284e-01 7.248417336127564631e-11 -1.805045002356564510e-11 -7.827527613462881284e-01
1.376000000000000000e+03 2.844286379240899987e+04 7.257671774033231697e-11 -1.803812654799230586e-11 -7.827152268659838263e-01 7.257671774033231697e-11 -1.803812654799230586e-11 -7.827152268659838263e-01
1.377000000000000000e+03 2.846353447830464575e+04 7.267252235418334635e-11 -1.810651628630921550e-11 -7.827304354017989851e-01 7.267252235418334635e-11 -1.810651628630921550e-11 -7.827304354017989851e-01
1.378000000000000000e+03 2.848420516420029162e+04 7.276877187035319073e-11 -1.812205940865396769e-11 -7.827330938316920950e-01 7.276877187035319073e-11 -1.812205940865396769e-11 -7.827330938316920950e-01
1.379000000000000000e+03 2.850487585009593749e+04 7.285872028102979742e-11 -1.817845873830492565e-11 -7.826611239208545179e-01 7.285872028102979742e-11 -1.817845873830492565e-11 -7.826611239208545179e-01
1.380000000000000000e+03 2.852554653599158337e+04 7.292970494601132192e-11 -1.819244754841520262e-11 -7.824647166470170001e-01 7.292970494601132192e-11 -1.819244754841520262e-11 -7.824647166470170001e-01
1.381000000000000000e+03 2.854621722188722924e+04 7.299461200738713449e-11 -1.821165440674121783e-11 -7.821108286947027199e-01 7.299461200738713449e-11 -1.821165440674121783e-11 -7.821108286947027199e-01
1.382000000000000000e+03 2.856688790778287512e+04 7.303509551141998111e-11 -1.822608730606134486e-11 -7.815839312237187197e-01 7.303509551141998111e-11 -1.822608730606134486e-11 -7.815839312237187197e-01
1.383000000000000000e+03 2.858755859367852099e+04 7.306345293666174708e-11 -1.823985407156669680e-11 -7.808838664854441669e-01 7.306345293666174708e-11 -1.823985407156669680e-11 -7.808838664854441669e-01
1.384000000000000000e+03 2.860822927957416687e+04 7.307972610116531797e-11 -1.824462803057258498e-11 -7.800293540543710158e-01 7.307972610116531797e-11 -1.824462803057258498e-11 -7.800293540543710158e-01
1.385000000000000000e+03 2.862889996546981274e+04 7.308200269761292855e-11 -1.822986206434507039e-11 -7.790534447448458355e-01 7.308200269761292855e-11 -1.822986206434507039e-11 -7.790534447448458355e-01
1.386000000000000000e+03 2.864957065136545862e+04 7.307575864589213106e-11 -1.823030615355492046e-11 -7.780061017742969653e-01 7.307575864589213106e-11 -1.823030615355492046e-11 -7.780061017742969653e-01
1.387000000000000000e+03 2.867024133726110449e+04 7.307500444461829637e-11 -1.827571427526208936e-11 -7.769551009326771673e-01 7.307500444461829637e-11 -1.827571427526208936e-11 -7.769551009326771673e-01
1.388000000000000000e+03 2.869091202315675037e+04 7.308594765192916114e-11 -1.826339079968875012e-11 -7.759827084445856116e-01 7.308594765192916114e-11 -1.826339079968875012e-11 -7.759827084445856116e-01
1.389000000000000000e+03 2.871158270905239624e+04 7.310549628655996429e-11 -1.829336682135362935e-11 -7.751780215719745737e-01 7.310549628655996429e-11 -1.829336682135362935e-11 -7.751780215719745737e-01
1.390000000000000000e+03 2.873225339494804211e+04 7.314897990136109654e-11 -1.829658646812504230e-11 -7.746245801064478576e-01 7.314897990136109654e-11 -1.829658646812504230e-11 -7.746245801064478576e-01
1.391000000000000000e+03 2.875292408084368799e+04 7.322273137167741352e-11 -1.833289076103028492e-11 -7.743855854482264434e-01 7.322273137167741352e-11 -1.833289076103028492e-11 -7.743855854482264434e-01
1.392000000000000000e+03 2.877359476673933386e+04 7.333164447069254793e-11 -1.837308083452171559e-11 -7.744909804198547576e-01 7.333164447069254793e-11 -1.837308083452171559e-11 -7.744909804198547576e-01
1.393000000000000000e+03 2.879426545263497974e+04 7.347306710061664619e-11 -1.842304087062984763e-11 -7.749307836379766279e-01 7.347306710061664619e-11 -1.842304087062984763e-11 -7.749307836379766279e-01
1.394000000000000000e+03 2.881493613853062561e+04 7.364349312127758693e-11 -1.844768782177652611e-11 -7.756572303615658637e-01 7.364349312127758693e-11 -1.844768782177652611e-11 -7.756572303615658637e-01
1.395000000000000000e+03 2.883560682442627149e+04 7.382839368452040569e-11 -1.853928122130810152e-11 -7.765948069874439863e-01 7.382839368452040569e-11 -1.853928122130810152e-11 -7.765948069874439863e-01
1.396000000000000000e+03 2.885627751032191736e+04 7.402943256973489988e-11 -1.854183473426473938e-11 -7.776546690332113432e-01 7.402943256973489988e-11 -1.854183473426473938e-11 -7.776546690332113432e-01
1.397000000000000000e+03 2.887694819621756324e+04 7.422794941456615686e-11 -1.860611664739053595e-11 -7.787487706746827332e-01 7.422794941456615686e-11 -1.860611664739053595e-11 -7.787487706746827332e-01
1.398000000000000000e+03 2.889761888211320911e+04 7.442445039787418160e-11 -1.870970045558806305e-11 -7.798002062890294628e-01 7.442445039787418160e-11 -1.870970045558806305e-11 -7.798002062890294628e-01
1.399000000000000000e+03 2.891828956800885499e+04 7.461081058562685552e-11 -1.875044564059180630e-11 -7.807485227390311699e-01 7.461081058562685552e-11 -1.875044564059180630e-11 -7.807485227390311699e-01
1.400000000000000000e+03 2.893896025390450086e+04 7.477817316634401578e-11 -1.876432342839962075e-11 -7.815508423634618396e-01 7.477817316634401578e-11 -1.876432342839962075e-11 -7.815508423634618396e-01
1.401000000000000000e+03 2.895963093980014673e+04 7.493635658235032978e-11 -1.882871636382787983e-11 -7.821803191110068276e-01 7.493635658235032978e-11 -1.882871636382787983e-11 -7.821803191110068276e-01
1.402000000000000000e+03 2.898030162569579261e+04 7.507156426426753643e-11 -1.887789924381877427e-11 -7.826287790559731672e-01 7.507156426426753643e-11 -1.887789924381877427e-11 -7.826287790559731672e-01
1.403000000000000000e+03 2.900097231159143848e+04 7.518442293262310802e-11 -1.890210210575560268e-11 -7.829021911292706193e-01 7.518442293262310802e-11 -1.890210210575560268e-11 -7.829021911292706193e-01
1.404000000000000000e+03 2.902164299748708436e+04 7.529499605247622929e-11 -1.892752621301951876e-11 -7.830235865150965147e-01 7.529499605247622929e-11 -1.892752621301951876e-11 -7.830235865150965147e-01
1.405000000000000000e+03 2.904231368338273023e+04 7.539187442219162131e-11 -1.898492474339263936e-11 -7.830342979419107063e-01 7.539187442219162131e-11 -1.898492474339263936e-11 -7.830342979419107063e-01
1.406000000000000000e+03 2.906298436927837611e+04 7.548483669652786838e-11 -1.903588398022293404e-11 -7.829910075345309917e-01 7.548483669652786838e-11 -1.903588398022293404e-11 -7.829910075345309917e-01
1.407000000000000000e+03 2.908365505517402198e+04 7.557538031015451887e-11 -1.900901658302700525e-11 -7.829592047780254971e-01 7.557538031015451887e-11 -1.900901658302700525e-11 -7.829592047780254971e-01
1.408000000000000000e+03 2.910432574106966786e+04 7.567899194470909303e-11 -1.906375057814102547e-11 -7.830022535943874651e-01 7.567899194470909303e-11 -1.906375057814102547e-11 -7.830022535943874651e-01
1.409000000000000000e+03 2.912499642696531373e+04 7.578873250337832775e-11 -1.911659719411318292e-11 -7.831681002467291153e-01 7.578873250337832775e-11 -1.911659719411318292e-11 -7.831681002467291153e-01
1.410000000000000000e+03 2.914566711286095961e+04 7.591719126697901326e-11 -1.917221936764690327e-11 -7.834780777470389257e-01 7.591719126697901326e-11 -1.917221936764690327e-11 -7.834780777470389257e-01
1.411000000000000000e+03 2.916633779875660548e+04 7.605910668639921035e-11 -1.916167224891296428e-11 -7.839187294001379591e-01 7.605910668639921035e-11 -1.916167224891296428e-11 -7.839187294001379591e-01
1.412000000000000000e+03 2.918700848465225135e+04 7.620696312919571051e-11 -1.925370973765438976e-11 -7.844462403747396451e-01 7.620696312919571051e-11 -1.925370973765438976e-11 -7.844462403747396451e-01
1.413000000000000000e+03 2.920767917054789723e+04 7.635531308752465010e-11 -1.925926085277751554e-11 -7.849937505884674316e-01 7.635531308752465010e-11 -1.925926085277751554e-11 -7.849937505884674316e-01
1.414000000000000000e+03 2.922834985644354310e+04 7.649576949257196800e-11 -1.934541415948842769e-11 -7.854848319882586916e-01 7.649576949257196800e-11 -1.934541415948842769e-11 -7.854848319882586916e-01
1.415000000000000000e+03 2.924902054233918898e+04 7.662154561887672998e-11 -1.937838778331979483e-11 -7.858465543060580982e-01 7.662154561887672998e-11 -1.937838778331979483e-11 -7.858465543060580982e-01
1.416000000000000000e+03 2.926969122823483485e+04 7.673754795567807745e-11 -1.940680949275019884e-11 -7.860190394277657422e-01 7.673754795567807745e-11 -1.940680949275019884e-11 -7.860190394277657422e-01
1.417000000000000000e+03 2.929036191413048073e+04 7.682464359304499246e-11 -1.942312977121218864e-11 -7.859603902720340152e-01 7.682464359304499246e-11 -1.942312977121218864e-11 -7.859603902720340152e-01
1.418000000000000000e+03 2.931103260002612660e+04 7.688585091221161377e-11 -1.946387495621593189e-11 -7.856478139816058803e-01 7.688585091221161377e-11 -1.946387495621593189e-11 -7.856478139816058803e-01
1.419000000000000000e+03 2.933170328592177248e+04 7.692229765223773455e-11 -1.947930705625822156e-11 -7.850755406164833250e-01 7.692229765223773455e-11 -1.947930705625822156e-11 -7.850755406164833250e-01
1.420000000000000000e+03 2.935237397181741835e+04 7.693853454396327823e-11 -1.948918804117738546e-11 -7.842565513657773213e-01 7.693853454396327823e-11 -1.948918804117738546e-11 -7.842565513657773213e-01
1.421000000000000000e+03 2.937304465771306423e+04 7.693077755077742465e-11 -1.949418404478819866e-11 -7.832213700181249738e-01 7.693077755077742465e-11 -1.949418404478819866e-11 -7.832213700181249738e-01
1.422000000000000000e+03 2.939371534360871010e+04 7.690665203521322288e-11 -1.949052030880693565e-11 -7.820177548342153173e-01 7.690665203521322288e-11 -1.949052030880693565e-11 -7.820177548342153173e-01
1.423000000000000000e+03 2.941438602950435597e+04 7.687298049221659248e-11 -1.950895001101571324e-11 -7.807130926383584191e-01 7.687298049221659248e-11 -1.950895001101571324e-11 -7.807130926383584191e-01
1.424000000000000000e+03 2.943505671540000185e+04 7.684090795219693235e-11 -1.950661854266400042e-11 -7.793918047106139779e-01 7.684090795219693235e-11 -1.950661854266400042e-11 -7.793918047106139779e-01
1.425000000000000000e+03 2.945572740129564772e+04 7.681368626162669345e-11 -1.953692763123626719e-11 -7.781487257754624576e-01 7.681368626162669345e-11 -1.953692763123626719e-11 -7.781487257754624576e-01
1.426000000000000000e+03 2.947639808719129360e+04 7.680395248801136072e-11 -1.951216965778712620e-11 -7.770775644018446116e-01 7.680395248801136072e-11 -1.951216965778712620e-11 -7.770775644018446116e-01
1.427000000000000000e+03 2.949706877308693947e+04 7.682397804962540357e-11 -1.953659456432887964e-11 -7.762563194552307699e-01 7.682397804962540357e-11 -1.953659456432887964e-11 -7.762563194552307699e-01
1.428000000000000000e+03 2.951773945898258535e+04 7.686840824688943801e-11 -1.954347794708155561e-11 -7.757341357840341622e-01 7.686840824688943801e-11 -1.954347794708155561e-11 -7.757341357840341622e-01
1.429000000000000000e+03 2.953841014487823122e+04 7.694990174161334472e-11 -1.961819595663882865e-11 -7.755205575469990009e-01 7.694990174161334472e-11 -1.961819595663882865e-11 -7.755205575469990009e-01
1.430000000000000000e+03 2.955908083077387710e+04 7.705232637212829814e-11 -1.961431017605264060e-11 -7.755886944077448053e-01 7.705232637212829814e-11 -1.961431017605264060e-11 -7.755886944077448053e-01
1.431000000000000000e+03 2.957975151666952297e+04 7.718101339184448592e-11 -1.965916318624749692e-11 -7.758821946466194497e-01 7.718101339184448592e-11 -1.965916318624749692e-11 -7.758821946466194497e-01
1.432000000000000000e+03 2.960042220256516885e+04 7.732413182156644503e-11 -1.971078855689256670e-11 -7.763279198364037015e-01 7.732413182156644503e-11 -1.971078855689256670e-11 -7.763279198364037015e-01
1.433000000000000000e+03 2.962109288846081472e+04 7.747659470269596483e-11 -1.972588759002746883e-11 -7.768504675853539210e-01 7.747659470269596483e-11 -1.972588759002746883e-11 -7.768504675853539210e-01
1.434000000000000000e+03 2.964176357435646059e+04 7.762389709332820999e-11 -1.977173980094448780e-11 -7.773829447033860918e-01 7.762389709332820999e-11 -1.977173980094448780e-11 -7.773829447033860918e-01
1.435000000000000000e+03 2.966243426025210647e+04 7.777076153521831011e-11 -1.982691788526835808e-11 -7.778729769420318352e-01 7.777076153521831011e-11 -1.982691788526835808e-11 -7.778729769420318352e-01
1.436000000000000000e+03 2.968310494614775234e+04 7.790675238048664616e-11 -1.988675890629565401e-11 -7.782844936370503230e-01 7.790675238048664616e-11 -1.988675890629565401e-11 -7.782844936370503230e-01
1.437000000000000000e+03 2.970377563204339822e+04 7.803039010311614763e-11 -1.989719500272713049e-11 -7.785966477308956524e-01 7.803039010311614763e-11 -1.989719500272713049e-11 -7.785966477308956524e-01
1.438000000000000000e+03 2.972444631793904409e+04 7.814388233591806572e-11 -1.994437948127369964e-11 -7.788045241806316188e-01 7.814388233591806572e-11 -1.994437948127369964e-11 -7.788045241806316188e-01
1.439000000000000000e+03 2.974511700383468997e+04 7.825200108278405431e-11 -1.997002563314254076e-11 -7.789174219436080238e-01 7.825200108278405431e-11 -1.997002563314254076e-11 -7.789174219436080238e-01
1.440000000000000000e+03 2.976578768973033584e+04 7.835544203458123581e-11 -2.000610788144285834e-11 -7.789603522043877515e-01 7.835544203458123581e-11 -2.000610788144285834e-11 -7.789603522043877515e-01
1.441000000000000000e+03 2.978645837562598172e+04 7.845495147589209559e-11 -2.004507670960720134e-11 -7.789749398165712879e-01 7.845495147589209559e-11 -2.004507670960720134e-11 -7.789749398165712879e-01
1.442000000000000000e+03 2.980712906152162759e+04 7.855243798322052628e-11 -2.009403754499317074e-11 -7.790171136675907437e-01 7.855243798322052628e-11 -2.009403754499317074e-11 -7.790171136675907437e-01
1.443000000000000000e+03 2.982779974741727347e+04 7.866422363492636838e-11 -2.011246724720194834e-11 -7.791508756850646922e-01 7.866422363492636838e-11 -2.011246724720194834e-11 -7.791508756850646922e-01
1.444000000000000000e+03 2.984847043331291934e+04 7.878760087136211676e-11 -2.014766131708256580e-11 -7.794375161239339711e-01 7.878760087136211676e-11 -2.014766131708256580e-11 -7.794375161239339711e-01
1.445000000000000000e+03 2.986914111920856521e+04 7.894103427199558729e-11 -2.020505984745568639e-11 -7.799222058712393935e-01 7.894103427199558729e-11 -2.020505984745568639e-11 -7.799222058712393935e-01
1.446000000000000000e+03 2.988981180510421109e+04 7.910911707337057092e-11 -2.025402068284165580e-11 -7.806226806641722860e-01 7.910911707337057092e-11 -2.025402068284165580e-11 -7.806226806641722860e-01
1.447000000000000000e+03 2.991048249099985696e+04 7.929499818521516907e-11 -2.026767642604454522e-11 -7.815197151036779033e-01 7.929499818521516907e-11 -2.026767642604454522e-11 -7.815197151036779033e-01
1.448000000000000000e+03 2.993115317689550284e+04 7.949703809388421713e-11 -2.033972990034271788e-11 -7.825601713669674275e-01 7.949703809388421713e-11 -2.033972990034271788e-11 -7.825601713669674275e-01
1.449000000000000000e+03 2.995182386279114871e+04 7.970940251573355953e-11 -2.045830171937268460e-11 -7.836670800252791835e-01 7.970940251573355953e-11 -2.045830171937268460e-11 -7.836670800252791835e-01
1.450000000000000000e+03 2.997249454868679459e+04 7.991547149617686837e-11 -2.048483604966122584e-11 -7.847512314325251204e-01 7.991547149617686837e-11 -2.048483604966122584e-11 -7.847512314325251204e-01
1.451000000000000000e+03 2.999316523458244046e+04 8.010759620004905922e-11 -2.053812675484323336e-11 -7.857255711787399788e-01 8.010759620004905922e-11 -2.053812675484323336e-11 -7.857255711787399788e-01
1.452000000000000000e+03 3.001383592047808634e+04 8.028173817050074385e-11 -2.056055325994066152e-11 -7.865156780602537978e-01 8.028173817050074385e-11 -2.056055325994066152e-11 -7.865156780602537978e-01
1.453000000000000000e+03 3.003450660637373221e+04 8.043147168264029022e-11 -2.064370896448508574e-11 -7.870653846385292640e-01 8.043147168264029022e-11 -2.064370896448508574e-11 -7.870653846385292640e-01
1.454000000000000000e+03 3.005517729226937809e+04 8.055490708074876838e-11 -2.064937110191067404e-11 -7.873382230453984665e-01 8.055490708074876838e-11 -2.064937110191067404e-11 -7.873382230453984665e-01
1.455000000000000000e+03 3.007584797816502396e+04 8.064415759402205759e-11 -2.070676963228379464e-11 -7.873169222431122272e-01 8.064415759402205759e-11 -2.070676963228379464e-11 -7.873169222431122272e-01
1.456000000000000000e+03 3.009651866406066983e+04 8.070256764926241719e-11 -2.072020333088175903e-11 -7.870008005763657888e-01 8.070256764926241719e-11 -2.072020333088175903e-11 -7.870008005763657888e-01
1.457000000000000000e+03 3.011718934995631571e+04 8.073863118263118012e-11 -2.076294691732982756e-11 -7.864089044713753474e-01 8.073863118263118012e-11 -2.076294691732982756e-11 -7.864089044713753474e-01
1.458000000000000000e+03 3.013786003585196158e+04 8.074728047076307781e-11 -2.073508031941173613e-11 -7.855778965022519600e-01 8.074728047076307781e-11 -2.073508031941173613e-11 -7.855778965022519600e-01
1.459000000000000000e+03 3.015853072174760746e+04 8.074086646889260953e-11 -2.072986227119599789e-11 -7.845644766171022688e-01 8.074086646889260953e-11 -2.072986227119599789e-11 -7.845644766171022688e-01
1.460000000000000000e+03 3.017920140764325333e+04 8.071904442628115441e-11 -2.076117056049042731e-11 -7.834436756838187854e-01 8.071904442628115441e-11 -2.076117056049042731e-11 -7.834436756838187854e-01
1.461000000000000000e+03 3.019987209353889921e+04 8.069945630027948630e-11 -2.079236782748239420e-11 -7.823033018623455348e-01 8.069945630027948630e-11 -2.079236782748239420e-11 -7.823033018623455348e-01
1.462000000000000000e+03 3.022054277943454508e+04 8.068703757141724296e-11 -2.079125760445776905e-11 -7.812335389100146799e-01 8.068703757141724296e-11 -2.079125760445776905e-11 -7.812335389100146799e-01
1.463000000000000000e+03 3.024121346533019096e+04 8.068460949178941934e-11 -2.078714977926665597e-11 -7.803131787996743229e-01 8.068460949178941934e-11 -2.078714977926665597e-11 -7.803131787996743229e-01
1.464000000000000000e+03 3.026188415122583683e+04 8.071381541889249223e-11 -2.080102756707447043e-11 -7.795965448943529275e-01 8.071381541889249223e-11 -2.080102756707447043e-11 -7.795965448943529275e-01
1.465000000000000000e+03 3.028255483712148271e+04 8.076175725987044798e-11 -2.083033745492457456e-11 -7.791026640029066197e-01 8.076175725987044798e-11 -2.083033745492457456e-11 -7.791026640029066197e-01
1.466000000000000000e+03 3.030322552301712858e+04 8.082991897654191271e-11 -2.084754591180626448e-11 -7.788145375364416978e-01 8.082991897654191271e-11 -2.084754591180626448e-11 -7.788145375364416978e-01
1.467000000000000000e+03 3.032389620891277445e+04 8.092155282591375414e-11 -2.088640371766814496e-11 -7.786882908350597488e-01 8.092155282591375414e-11 -2.088640371766814496e-11 -7.786882908350597488e-01
1.468000000000000000e+03 3.034456689480842033e+04 8.100761711145217104e-11 -2.093059059404822619e-11 -7.786624579613965480e-01 8.100761711145217104e-11 -2.093059059404822619e-11 -7.786624579613965480e-01
1.469000000000000000e+03 3.036523758070406620e+04 8.110799923278629885e-11 -2.094313611422649046e-11 -7.786724620604481562e-01 8.110799923278629885e-11 -2.094313611422649046e-11 -7.786724620604481562e-01
1.470000000000000000e+03 3.038590826659971208e+04 8.120558828896027887e-11 -2.093336615160978909e-11 -7.786615250662596299e-01 8.120558828896027887e-11 -2.093336615160978909e-11 -7.786615250662596299e-01
1.471000000000000000e+03 3.040657895249535795e+04 8.129099311421613857e-11 -2.097166884595935699e-11 -7.785870284747504755e-01 8.129099311421613857e-11 -2.097166884595935699e-11 -7.785870284747504755e-01
1.472000000000000000e+03 3.042724963839100383e+04 8.137300397132221826e-11 -2.101563367773451318e-11 -7.784226311692333811e-01 8.137300397132221826e-11 -2.101563367773451318e-11 -7.784226311692333811e-01
1.473000000000000000e+03 3.044792032428664970e+04 8.144270807381916628e-11 -2.106081975483675706e-11 -7.781576553525831885e-01 8.144270807381916628e-11 -2.106081975483675706e-11 -7.781576553525831885e-01
1.474000000000000000e+03 3.046859101018229558e+04 8.149724681791813125e-11 -2.107203300738547114e-11 -7.777962132593263522e-01 8.149724681791813125e-11 -2.107203300738547114e-11 -7.777962132593263522e-01
1.475000000000000000e+03 3.048926169607794145e+04 8.154914829820369486e-11 -2.111577579455570230e-11 -7.773580354260338776e-01 8.154914829820369486e-11 -2.111577579455570230e-11 -7.773580354260338776e-01
1.476000000000000000e+03 3.050993238197358733e+04 8.159711977979261686e-11 -2.110434049740206319e-11 -7.768774418205677268e-01 8.159711977979261686e-11 -2.110434049740206319e-11 -7.768774418205677268e-01
1.477000000000000000e+03 3.053060306786923320e+04 8.164475843153853140e-11 -2.115296826588064505e-11 -7.764054221782077381e-01 8.164475843153853140e-11 -2.115296826588064505e-11 -7.764054221782077381e-01
1.478000000000000000e+03 3.055127375376487907e+04 8.170157256487776526e-11 -2.114441954859103134e-11 -7.760074798400554696e-01 8.170157256487776526e-11 -2.114441954859103134e-11 -7.760074798400554696e-01
1.479000000000000000e+03 3.057194443966052495e+04 8.177024550394949853e-11 -2.120137398975430187e-11 -7.757577380019651248e-01 8.177024550394949853e-11 -2.120137398975430187e-11 -7.757577380019651248e-01
1.480000000000000000e+03 3.059261512555617082e+04 8.186876764515230982e-11 -2.121280928690794099e-11 -7.757282266124700953e-01 8.186876764515230982e-11 -2.121280928690794099e-11 -7.757282266124700953e-01
1.481000000000000000e+03 3.061328581145181670e+04 8.199444065902803874e-11 -2.125566389565847203e-11 -7.759749560788269385e-01 8.199444065902803874e-11 -2.125566389565847203e-11 -7.759749560788269385e-01
1.482000000000000000e+03 3.063395649734746257e+04 8.215733473964254680e-11 -2.133382359659208305e-11 -7.765251775944209678e-01 8.215733473964254680e-11 -2.133382359659208305e-11 -7.765251775944209678e-01
1.483000000000000000e+03 3.065462718324310845e+04 8.234085565391949648e-11 -2.138322852118790252e-11 -7.773684327055074839e-01 8.234085565391949648e-11 -2.138322852118790252e-11 -7.773684327055074839e-01
1.484000000000000000e+03 3.067529786913875432e+04 8.255609035521679273e-11 -2.141820054646359495e-11 -7.784550424142326897e-01 8.255609035521679273e-11 -2.141820054646359495e-11 -7.784550424142326897e-01
1.485000000000000000e+03 3.069596855503440020e+04 8.278614739450859178e-11 -2.150457589777943213e-11 -7.797078006454621901e-01 8.278614739450859178e-11 -2.150457589777943213e-11 -7.797078006454621901e-01
1.486000000000000000e+03 3.071663924093004607e+04 8.302383990727462507e-11 -2.157540812675051711e-11 -7.810330641579590338e-01 8.302383990727462507e-11 -2.157540812675051711e-11 -7.810330641579590338e-01
1.487000000000000000e+03 3.073730992682569195e+04 8.326120418334719575e-11 -2.163025314416699985e-11 -7.823359623813892494e-01 8.326120418334719575e-11 -2.163025314416699985e-11 -7.823359623813892494e-01
1.488000000000000000e+03 3.075798061272133782e+04 8.348108407678920326e-11 -2.171318680410649904e-11 -7.835320069160313095e-01 8.348108407678920326e-11 -2.171318680410649904e-11 -7.835320069160313095e-01
1.489000000000000000e+03 3.077865129861698369e+04 8.368920465584443365e-11 -2.178435209998497157e-11 -7.845537506544830730e-01 8.368920465584443365e-11 -2.178435209998497157e-11 -7.845537506544830730e-01
1.490000000000000000e+03 3.079932198451262957e+04 8.387051294480920005e-11 -2.181177460869321294e-11 -7.853528927362110057e-01 8.387051294480920005e-11 -2.181177460869321294e-11 -7.853528927362110057e-01
1.491000000000000000e+03 3.081999267040827544e+04 8.401607015837029794e-11 -2.187328096425744661e-11 -7.858992801092583580e-01 8.401607015837029794e-11 -2.187328096425744661e-11 -7.858992801092583580e-01
1.492000000000000000e+03 3.084066335630392132e+04 8.414641022413936990e-11 -2.190314596361986332e-11 -7.861812376499817123e-01 8.414641022413936990e-11 -2.190314596361986332e-11 -7.861812376499817123e-01
1.493000000000000000e+03 3.086133404219956719e+04 8.424340411528162728e-11 -2.195532644577724568e-11 -7.862045655205638361e-01 8.424340411528162728e-11 -2.195532644577724568e-11 -7.862045655205638361e-01
1.494000000000000000e+03 3.088200472809521307e+04 8.431234294981635406e-11 -2.200795101714447810e-11 -7.859916111281846085e-01 8.431234294981635406e-11 -2.200795101714447810e-11 -7.859916111281846085e-01
1.495000000000000000e+03 3.090267541399085894e+04 8.436464662953445191e-11 -2.195921222636343373e-11 -7.855849329688986415e-01 8.436464662953445191e-11 -2.195921222636343373e-11 -7.855849329688986415e-01
1.496000000000000000e+03 3.092334609988650482e+04 8.440398450714411031e-11 -2.203748294959950726e-11 -7.850451025928135707e-01 8.440398450714411031e-11 -2.203748294959950726e-11 -7.850451025928135707e-01
1.497000000000000000e+03 3.094401678578215069e+04 8.443352082979026629e-11 -2.202604765244586815e-11 -7.844459659789482231e-01 8.443352082979026629e-11 -2.202604765244586815e-11 -7.844459659789482231e-01
1.498000000000000000e+03 3.096468747167779657e+04 8.446851676591037820e-11 -2.205580162950582235e-11 -7.838651710858779431e-01 8.446851676591037820e-11 -2.205580162950582235e-11 -7.838651710858779431e-01
1.499000000000000000e+03 3.098535815757344244e+04 8.451190472967389448e-11 -2.209765703753419075e-11 -7.833711728509273886e-01 8.451190472967389448e-11 -2.209765703753419075e-11 -7.833711728509273886e-01
1.500000000000000000e+03 3.100602884346908832e+04 8.457039605518749453e-11 -2.214117778009949689e-11 -7.830101268350313504e-01 8.457039605518749453e-11 -2.214117778009949689e-11 -7.830101268350313504e-01
1.501000000000000000e+03 3.102669952936473419e+04 8.464458626338877202e-11 -2.214983751969157311e-11 -7.827969766015747677e-01 8.464458626338877202e-11 -2.214983751969157311e-11 -7.827969766015747677e-01
1.502000000000000000e+03 3.104737021526038006e+04 8.473449209566545036e-11 -2.219768813205291735e-11 -7.827115908213575501e-01 8.473449209566545036e-11 -2.219768813205291735e-11 -7.827115908213575501e-01
1.503000000000000000e+03 3.106804090115602594e+04 8.483381920239847526e-11 -2.221178796446565684e-11 -7.827080113072057976e-01 8.483381920239847526e-11 -2.221178796446565684e-11 -7.827080113072057976e-01
1.504000000000000000e+03 3.108871158705167181e+04 8.492776526275144656e-11 -2.226396844662303920e-11 -7.827237670054563168e-01 8.492776526275144656e-11 -2.226396844662303920e-11 -7.827237670054563168e-01
1.505000000000000000e+03 3.110938227294731769e+04 8.502436100469291670e-11 -2.226552275885751442e-11 -7.826938657852073877e-01 8.502436100469291670e-11 -2.226552275885751442e-11 -7.826938657852073877e-01
1.506000000000000000e+03 3.113005295884296356e+04 8.510297408595015955e-11 -2.227618089989391592e-11 -7.825617954301190560e-01 8.510297408595015955e-11 -2.227618089989391592e-11 -7.825617954301190560e-01
1.507000000000000000e+03 3.115072364473860944e+04 8.516571903250718243e-11 -2.234712415116746342e-11 -7.822861966334133665e-01 8.516571903250718243e-11 -2.234712415116746342e-11 -7.822861966334133665e-01
1.508000000000000000e+03 3.117139433063425531e+04 8.521730090360414883e-11 -2.235167606556842657e-11 -7.818432457358950316e-01 8.521730090360414883e-11 -2.235167606556842657e-11 -7.818432457358950316e-01
1.509000000000000000e+03 3.119206501652990119e+04 8.524648304614213325e-11 -2.238420560018994365e-11 -7.812256932549130894e-01 8.524648304614213325e-11 -2.238420560018994365e-11 -7.812256932549130894e-01
1.510000000000000000e+03 3.121273570242554706e+04 8.525926472470260217e-11 -2.235100993175365147e-11 -7.804425320654000409e-01 8.525926472470260217e-11 -2.235100993175365147e-11 -7.804425320654000409e-01
1.511000000000000000e+03 3.123340638832119294e+04 8.525527377542922378e-11 -2.239575191964604528e-11 -7.795208570925242775e-01 8.525527377542922378e-11 -2.239575191964604528e-11 -7.795208570925242775e-01
1.512000000000000000e+03 3.125407707421683881e+04 8.523894449858370126e-11 -2.237898755197420542e-11 -7.785017518661541125e-01 8.523894449858370126e-11 -2.237898755197420542e-11 -7.785017518661541125e-01
1.513000000000000000e+03 3.127474776011248468e+04 8.522442548558720785e-11 -2.241096197508340992e-11 -7.774446899922816678e-01 8.522442548558720785e-11 -2.241096197508340992e-11 -7.774446899922816678e-01
1.514000000000000000e+03 3.129541844600813056e+04 8.520633143275771349e-11 -2.243849550609411381e-11 -7.764256056091154434e-01 8.520633143275771349e-11 -2.243849550609411381e-11 -7.764256056091154434e-01
1.515000000000000000e+03 3.131608913190377643e+04 8.520969497102980270e-11 -2.243538688162516337e-11 -7.755315628948746820e-01 8.520969497102980270e-11 -2.243538688162516337e-11 -7.755315628948746820e-01
1.516000000000000000e+03 3.133675981779942231e+04 8.523571719317679779e-11 -2.245470476225364109e-11 -7.748504959424244998e-01 8.523571719317679779e-11 -2.245470476225364109e-11 -7.748504959424244998e-01
1.517000000000000000e+03 3.135743050369506818e+04 8.529439209103121265e-11 -2.246924868387623064e-11 -7.744571343169345257e-01 8.529439209103121265e-11 -2.246924868387623064e-11 -7.744571343169345257e-01
1.518000000000000000e+03 3.137810118959071406e+04 8.538880126519816395e-11 -2.249889163863372232e-11 -7.743985954391945370e-01 8.538880126519816395e-11 -2.249889163863372232e-11 -7.743985954391945370e-01
1.519000000000000000e+03 3.139877187548635993e+04 8.551935767832612949e-11 -2.254907371934677940e-11 -7.746842779063742856e-01 8.551935767832612949e-11 -2.254907371934677940e-11 -7.746842779063742856e-01
1.520000000000000000e+03 3.141944256138200581e+04 8.569037074490865744e-11 -2.258804254751112239e-11 -7.752836213663573117e-01 8.569037074490865744e-11 -2.258804254751112239e-11 -7.752836213663573117e-01
1.521000000000000000e+03 3.144011324727765168e+04 8.587854608605676168e-11 -2.267286358659248435e-11 -7.761327190359731398e-01 8.587854608605676168e-11 -2.267286358659248435e-11 -7.761327190359731398e-01
1.522000000000000000e+03 3.146078393317329756e+04 8.609457168150783066e-11 -2.271605126225040294e-11 -7.771471837341547007e-01 8.609457168150783066e-11 -2.271605126225040294e-11 -7.771471837341547007e-01
1.523000000000000000e+03 3.148145461906894343e+04 8.631622078664256628e-11 -2.280653443875735320e-11 -7.782369673773963381e-01 8.631622078664256628e-11 -2.280653443875735320e-11 -7.782369673773963381e-01
1.524000000000000000e+03 3.150212530496458930e+04 8.652894105409778011e-11 -2.285571731874824764e-11 -7.793188239379083004e-01 8.652894105409778011e-11 -2.285571731874824764e-11 -7.793188239379083004e-01
1.525000000000000000e+03 3.152279599086023518e+04 8.673847225346036566e-11 -2.293665257724342155e-11 -7.803240328161362704e-01 8.673847225346036566e-11 -2.293665257724342155e-11 -7.803240328161362704e-01
1.526000000000000000e+03 3.154346667675588105e+04 8.693310658845401328e-11 -2.296884904495755109e-11 -7.812013393615484524e-01 8.693310658845401328e-11 -2.296884904495755109e-11 -7.812013393615484524e-01
1.527000000000000000e+03 3.156413736265152693e+04 8.710903070219171485e-11 -2.304223478688527393e-11 -7.819164282757171680e-01 8.710903070219171485e-11 -2.304223478688527393e-11 -7.819164282757171680e-01
1.528000000000000000e+03 3.158480804854717280e+04 8.726505518900996348e-11 -2.309652469278944409e-11 -7.824515784871816093e-01 8.726505518900996348e-11 -2.309652469278944409e-11 -7.824515784871816093e-01
1.529000000000000000e+03 3.160547873444281868e+04 8.739410940091649870e-11 -2.315470037927980229e-11 -7.828070165240201828e-01 8.739410940091649870e-11 -2.315470037927980229e-11 -7.828070165240201828e-01
1.530000000000000000e+03 3.162614942033846455e+04 8.751805988007154522e-11 -2.317757097358708052e-11 -7.829966233695772049e-01 8.751805988007154522e-11 -2.317757097358708052e-11 -7.829966233695772049e-01
1.531000000000000000e+03 3.164682010623411043e+04 8.761768049885446370e-11 -2.322930736653461281e-11 -7.830532837448154204e-01 8.761768049885446370e-11 -2.322930736653461281e-11 -7.830532837448154204e-01
1.532000000000000000e+03 3.166749079212975630e+04 8.771126526127613763e-11 -2.325983849971180462e-11 -7.830268705423671927e-01 8.771126526127613763e-11 -2.325983849971180462e-11 -7.830268705423671927e-01
1.533000000000000000e+03 3.168816147802540218e+04 8.780384138924041991e-11 -2.330724502286329880e-11 -7.829797897695908171e-01 8.780384138924041991e-11 -2.330724502286329880e-11 -7.829797897695908171e-01
1.534000000000000000e+03 3.170883216392104805e+04 8.790648825234436917e-11 -2.333400139775676507e-11 -7.829780390419717184e-01 8.790648825234436917e-11 -2.333400139775676507e-11 -7.829780390419717184e-01
1.535000000000000000e+03 3.172950284981669392e+04 8.801096164799289085e-11 -2.335054372082367991e-11 -7.830786584643858461e-01 8.801096164799289085e-11 -2.335054372082367991e-11 -7.830786584643858461e-01
1.536000000000000000e+03 3.175017353571233980e+04 8.814031405240069543e-11 -2.341804528072088942e-11 -7.833166828491582301e-01 8.814031405240069543e-11 -2.341804528072088942e-11 -7.833166828491582301e-01
1.537000000000000000e+03 3.177084422160798567e+04 8.828116151646818967e-11 -2.345645899737291984e-11 -7.836965346273390143e-01 8.828116151646818967e-11 -2.345645899737291984e-11 -7.836965346273390143e-01
1.538000000000000000e+03 3.179151490750363155e+04 8.843079511215086515e-11 -2.351963068747409125e-11 -7.841873611485578044e-01 8.843079511215086515e-11 -2.351963068747409125e-11 -7.841873611485578044e-01
1.539000000000000000e+03 3.181218559339927742e+04 8.859269298768198653e-11 -2.356193018471230971e-11 -7.847323002046402429e-01 8.859269298768198653e-11 -2.356193018471230971e-11 -7.847323002046402429e-01
1.540000000000000000e+03 3.183285627929492330e+04 8.874501095876154336e-11 -2.362665618704795634e-11 -7.852577840669179299e-01 8.874501095876154336e-11 -2.362665618704795634e-11 -7.852577840669179299e-01
1.541000000000000000e+03 3.185352696519056917e+04 8.888982274388780631e-11 -2.362077200501744301e-11 -7.856877996421990362e-01 8.888982274388780631e-11 -2.362077200501744301e-11 -7.856877996421990362e-01
1.542000000000000000e+03 3.187419765108621505e+04 8.901644218299780775e-11 -2.368927276563681517e-11 -7.859553582173921527e-01 8.901644218299780775e-11 -2.368927276563681517e-11 -7.859553582173921527e-01
1.543000000000000000e+03 3.189486833698186092e+04 8.912034806889595609e-11 -2.373012897294302093e-11 -7.860096507408127486e-01 8.912034806889595609e-11 -2.373012897294302093e-11 -7.860096507408127486e-01
1.544000000000000000e+03 3.191553902287750680e+04 8.918836235169677765e-11 -2.375033503199119878e-11 -7.858187962818879990e-01 8.918836235169677765e-11 -2.375033503199119878e-11 -7.858187962818879990e-01
1.545000000000000000e+03 3.193620970877315267e+04 8.923210155564736066e-11 -2.380151631342641849e-11 -7.853694394827872571e-01 8.923210155564736066e-11 -2.380151631342641849e-11 -7.853694394827872571e-01
1.546000000000000000e+03 3.195688039466879854e+04 8.924696837170493977e-11 -2.380418084868551887e-11 -7.846644306107047884e-01 8.924696837170493977e-11 -2.380418084868551887e-11 -7.846644306107047884e-01
1.547000000000000000e+03 3.197755108056444442e+04 8.923440795256811637e-11 -2.382760655450510967e-11 -7.837273635916639503e-01 8.923440795256811637e-11 -2.382760655450510967e-11 -7.837273635916639503e-01
1.548000000000000000e+03 3.199822176646009029e+04 8.920554737699779041e-11 -2.382005703793765861e-11 -7.825967234347726009e-01 8.920554737699779041e-11 -2.382005703793765861e-11 -7.825967234347726009e-01
1.549000000000000000e+03 3.201889245235573617e+04 8.915850059712430595e-11 -2.383082620127652262e-11 -7.813307277929996131e-01 8.915850059712430595e-11 -2.383082620127652262e-11 -7.813307277929996131e-01
1.550000000000000000e+03 3.203956313825138204e+04 8.910403934659700651e-11 -2.381572716814162050e-11 -7.800061650185092788e-01 8.910403934659700651e-11 -2.381572716814162050e-11 -7.800061650185092788e-01
1.551000000000000000e+03 3.206023382414702792e+04 8.905436618832649010e-11 -2.383993003007844891e-11 -7.787140342380114433e-01 8.905436618832649010e-11 -2.383993003007844891e-11 -7.787140342380114433e-01
1.552000000000000000e+03 3.208090451004267379e+04 8.901592837446299117e-11 -2.381406183360468276e-11 -7.775502838179502163e-01 8.901592837446299117e-11 -2.381406183360468276e-11 -7.775502838179502163e-01
1.553000000000000000e+03 3.210157519593831967e+04 8.900927121121515136e-11 -2.381650432425885811e-11 -7.766022914354085982e-01 8.900927121121515136e-11 -2.381650432425885811e-11 -7.766022914354085982e-01
1.554000000000000000e+03 3.212224588183396554e+04 8.903147109014631548e-11 -2.384648034592373733e-11 -7.759342937010322849e-01 8.903147109014631548e-11 -2.384648034592373733e-11 -7.759342937010322849e-01
1.555000000000000000e+03 3.214291656772961142e+04 8.909357510418912547e-11 -2.386113528984878940e-11 -7.755761120802606712e-01 8.909357510418912547e-11 -2.386113528984878940e-11 -7.755761120802606712e-01
1.556000000000000000e+03 3.216358725362525729e+04 8.918411862671329569e-11 -2.389455300289000661e-11 -7.755164651652088903e-01 8.918411862671329569e-11 -2.389455300289000661e-11 -7.755164651652088903e-01
1.557000000000000000e+03 3.218425793952090316e+04 8.930882320728352456e-11 -2.393396592026419967e-11 -7.757125185683901858e-01 8.930882320728352456e-11 -2.393396592026419967e-11 -7.757125185683901858e-01
1.558000000000000000e+03 3.220492862541654904e+04 8.945335828777243711e-11 -2.402722465433271282e-11 -7.760970454614535274e-01 8.945335828777243711e-11 -2.402722465433271282e-11 -7.760970454614535274e-01
1.559000000000000000e+03 3.222559931131219491e+04 8.960918139458611628e-11 -2.407007926308324386e-11 -7.765940773329169655e-01 8.960918139458611628e-11 -2.407007926308324386e-11 -7.765940773329169655e-01
1.560000000000000000e+03 3.224626999720784079e+04 8.976762505168155603e-11 -2.411215671571653729e-11 -7.771315400420959474e-01 8.976762505168155603e-11 -2.411215671571653729e-11 -7.771315400420959474e-01
1.561000000000000000e+03 3.226694068310348666e+04 8.993053913488752909e-11 -2.416011835038034405e-11 -7.776496078613825969e-01 8.993053913488752909e-11 -2.416011835038034405e-11 -7.776496078613825969e-01
1.562000000000000000e+03 3.228761136899913254e+04 9.007329028563058833e-11 -2.423383715921545445e-11 -7.781043295821320482e-01 9.007329028563058833e-11 -2.423383715921545445e-11 -7.781043295821320482e-01
1.563000000000000000e+03 3.230828205489477841e+04 9.021389146476936178e-11 -2.424616063478879369e-11 -7.784679034964766542e-01 9.021389146476936178e-11 -2.424616063478879369e-11 -7.784679034964766542e-01
1.564000000000000000e+03 3.232895274079042429e+04 9.034183256493012663e-11 -2.430433632127915189e-11 -7.787269564968132274e-01 9.034183256493012663e-11 -2.430433632127915189e-11 -7.787269564968132274e-01
1.565000000000000000e+03 3.234962342668607016e+04 9.045719679253823724e-11 -2.431932433211159150e-11 -7.788849745225482346e-01 9.045719679253823724e-11 -2.431932433211159150e-11 -7.788849745225482346e-01
1.566000000000000000e+03 3.237029411258171604e+04 9.056572563339345414e-11 -2.440803115177914151e-11 -7.789586060783579846e-01 9.056572563339345414e-11 -2.440803115177914151e-11 -7.789586060783579846e-01
1.567000000000000000e+03 3.239096479847736191e+04 9.066270453468531884e-11 -2.444255908784498388e-11 -7.789816958089851306e-01 9.066270453468531884e-11 -2.444255908784498388e-11 -7.789816958089851306e-01
1.568000000000000000e+03 3.241163548437300778e+04 9.076786855036623363e-11 -2.444355828856714652e-11 -7.790037773809151966e-01 9.076786855036623363e-11 -2.444355828856714652e-11 -7.790037773809151966e-01
1.569000000000000000e+03 3.243230617026865366e+04 9.086812378778329332e-11 -2.452515968087709552e-11 -7.790860453824823839e-01 9.086812378778329332e-11 -2.452515968087709552e-11 -7.790860453824823839e-01
1.570000000000000000e+03 3.245297685616429953e+04 9.099357932960277353e-11 -2.455025072123362406e-11 -7.792926579813710397e-01 9.099357932960277353e-11 -2.455025072123362406e-11 -7.792926579813710397e-01
1.571000000000000000e+03 3.247364754205994541e+04 9.113732463825306586e-11 -2.460209813648361887e-11 -7.796781950161526531e-01 9.113732463825306586e-11 -2.460209813648361887e-11 -7.796781950161526531e-01
1.572000000000000000e+03 3.249431822795559128e+04 9.130707582013682458e-11 -2.466360449204785255e-11 -7.802745585454486932e-01 9.130707582013682458e-11 -2.466360449204785255e-11 -7.802745585454486932e-01
1.573000000000000000e+03 3.251498891385123716e+04 9.150061410059193472e-11 -2.472166915623574823e-11 -7.810816201283302673e-01 9.150061410059193472e-11 -2.472166915623574823e-11 -7.810816201283302673e-01
1.574000000000000000e+03 3.253565959974688303e+04 9.171912186096459215e-11 -2.481115313202053585e-11 -7.820604558895880576e-01 9.171912186096459215e-11 -2.481115313202053585e-11 -7.820604558895880576e-01
1.575000000000000000e+03 3.255633028564252891e+04 9.193833865143072866e-11 -2.489464190347234762e-11 -7.831448722639164917e-01 9.193833865143072866e-11 -2.489464190347234762e-11 -7.831448722639164917e-01
1.576000000000000000e+03 3.257700097153817478e+04 9.216733673555204890e-11 -2.494260353813615438e-11 -7.842495868899318490e-01 9.216733673555204890e-11 -2.494260353813615438e-11 -7.842495868899318490e-01
1.577000000000000000e+03 3.259767165743382066e+04 9.238230462813766096e-11 -2.501998608295252779e-11 -7.852849716650475154e-01 9.238230462813766096e-11 -2.501998608295252779e-11 -7.852849716650475154e-01
1.578000000000000000e+03 3.261834234332946653e+04 9.258343235135736863e-11 -2.508360186226354926e-11 -7.861695900535258241e-01 9.258343235135736863e-11 -2.508360186226354926e-11 -7.861695900535258241e-01
1.579000000000000000e+03 3.263901302922511240e+04 9.275959650121282235e-11 -2.514599639624748306e-11 -7.868381697034086963e-01 9.275959650121282235e-11 -2.514599639624748306e-11 -7.868381697034086963e-01
1.580000000000000000e+03 3.265968371512075828e+04 9.290188424903940823e-11 -2.516842290134491122e-11 -7.872448599386134838e-01 9.290188424903940823e-11 -2.516842290134491122e-11 -7.872448599386134838e-01
1.581000000000000000e+03 3.268035440101640415e+04 9.300615982306526927e-11 -2.521327591153976755e-11 -7.873632287254981321e-01 9.300615982306526927e-11 -2.521327591153976755e-11 -7.873632287254981321e-01
1.582000000000000000e+03 3.270102508691205003e+04 9.307956101722780879e-11 -2.525646358719768614e-11 -7.871850996784238719e-01 9.307956101722780879e-11 -2.525646358719768614e-11 -7.871850996784238719e-01
1.583000000000000000e+03 3.272169577280769590e+04 9.312553630940131249e-11 -2.528199871676406474e-11 -7.867199975435708037e-01 9.312553630940131249e-11 -2.528199871676406474e-11 -7.867199975435708037e-01
1.584000000000000000e+03 3.274236645870334178e+04 9.312929429999624109e-11 -2.533018239603279653e-11 -7.859957301055791046e-01 9.312929429999624109e-11 -2.533018239603279653e-11 -7.859957301055791046e-01
1.585000000000000000e+03 3.276303714459898765e+04 9.311792802463632417e-11 -2.530908815856491856e-11 -7.850595731789018483e-01 9.311792802463632417e-11 -2.530908815856491856e-11 -7.850595731789018483e-01
1.586000000000000000e+03 3.278370783049463353e+04 9.308480780068845318e-11 -2.532773990537862119e-11 -7.839782145604738961e-01 9.308480780068845318e-11 -2.532773990537862119e-11 -7.839782145604738961e-01
1.587000000000000000e+03 3.280437851639027940e+04 9.304631952629434240e-11 -2.530631260100335567e-11 -7.828343846113818838e-01 9.304631952629434240e-11 -2.530631260100335567e-11 -7.828343846113818838e-01
1.588000000000000000e+03 3.282504920228592528e+04 9.300891451028383323e-11 -2.533484533273622219e-11 -7.817187392036584193e-01 9.300891451028383323e-11 -2.533484533273622219e-11 -7.817187392036584193e-01
1.589000000000000000e+03 3.284571988818157115e+04 9.298934524918085398e-11 -2.532485332551459578e-11 -7.807173620416604232e-01 9.298934524918085398e-11 -2.532485332551459578e-11 -7.807173620416604232e-01
1.590000000000000000e+03 3.286639057407721702e+04 9.300088484256704611e-11 -2.533462328813129716e-11 -7.798976858109158972e-01 9.300088484256704611e-11 -2.533462328813129716e-11 -7.798976858109158972e-01
1.591000000000000000e+03 3.288706125997286290e+04 9.302353831447718209e-11 -2.534572551837754872e-11 -7.792971533532060402e-01 9.302353831447718209e-11 -2.534572551837754872e-11 -7.792971533532060402e-01
1.592000000000000000e+03 3.290773194586850877e+04 9.307418197664692576e-11 -2.536670873354296418e-11 -7.789143096265174204e-01 9.307418197664692576e-11 -2.536670873354296418e-11 -7.789143096265174204e-01
1.593000000000000000e+03 3.292840263176415465e+04 9.315274664932365400e-11 -2.539746191132508102e-11 -7.787178739025271135e-01 9.315274664932365400e-11 -2.539746191132508102e-11 -7.787178739025271135e-01
1.594000000000000000e+03 3.294907331765980052e+04 9.324588406382594430e-11 -2.542488442003332239e-11 -7.786528269055945639e-01 9.324588406382594430e-11 -2.542488442003332239e-11 -7.786528269055945639e-01
1.595000000000000000e+03 3.296974400355544640e+04 9.334495454869321277e-11 -2.546562960503706563e-11 -7.786544595594850904e-01 9.334495454869321277e-11 -2.546562960503706563e-11 -7.786544595594850904e-01
1.596000000000000000e+03 3.299041468945109227e+04 9.344292845911072708e-11 -2.553346423184166269e-11 -7.786611430543376455e-01 9.344292845911072708e-11 -2.553346423184166269e-11 -7.786611430543376455e-01
1.597000000000000000e+03 3.301108537534673815e+04 9.353456679991032717e-11 -2.555389233549476558e-11 -7.786229483851154765e-01 9.353456679991032717e-11 -2.555389233549476558e-11 -7.786229483851154765e-01
1.598000000000000000e+03 3.303175606124238402e+04 9.361618987776883271e-11 -2.560884837521371082e-11 -7.785056455640503303e-01 9.361618987776883271e-11 -2.560884837521371082e-11 -7.785056455640503303e-01
1.599000000000000000e+03 3.305242674713802990e+04 9.368987448240284751e-11 -2.563727008464411483e-11 -7.782912644769413024e-01 9.368987448240284751e-11 -2.563727008464411483e-11 -7.782912644769413024e-01
1.600000000000000000e+03 3.307309743303367577e+04 9.374888425052012850e-11 -2.564826129258790388e-11 -7.779763603441525177e-01 9.374888425052012850e-11 -2.564826129258790388e-11 -7.779763603441525177e-01
1.601000000000000000e+03 3.309376811892932164e+04 9.379929194261308506e-11 -2.569189305745567253e-11 -7.775739908070995465e-01 9.379929194261308506e-11 -2.569189305745567253e-11 -7.775739908070995465e-01
1.602000000000000000e+03 3.311443880482496752e+04 9.384524477831989264e-11 -2.571298729492355051e-11 -7.771105741472680295e-01 9.384524477831989264e-11 -2.571298729492355051e-11 -7.771105741472680295e-01
1.603000000000000000e+03 3.313510949072061339e+04 9.387808078322239281e-11 -2.576350244254399513e-11 -7.766293136112829565e-01 9.387808078322239281e-11 -2.576350244254399513e-11 -7.766293136112829565e-01
1.604000000000000000e+03 3.315578017661625927e+04 9.392568892195110677e-11 -2.575895052814303199e-11 -7.761891485817364877e-01 9.392568892195110677e-11 -2.575895052814303199e-11 -7.761891485817364877e-01
1.605000000000000000e+03 3.317645086251190514e+04 9.398710186451820469e-11 -2.579880753472707511e-11 -7.758610711316631381e-01 9.398710186451820469e-11 -2.579880753472707511e-11 -7.758610711316631381e-01
1.606000000000000000e+03 3.319712154840755102e+04 9.407250592177847024e-11 -2.586419967087749683e-11 -7.757196672205681764e-01 9.407250592177847024e-11 -2.586419967087749683e-11 -7.757196672205681764e-01
1.607000000000000000e+03 3.321779223430319689e+04 9.418895606297628913e-11 -2.586109104640854639e-11 -7.758303835907791601e-01 9.418895606297628913e-11 -2.586109104640854639e-11 -7.758303835907791601e-01
1.608000000000000000e+03 3.323846292019884277e+04 9.433765872986254144e-11 -2.591593606382502912e-11 -7.762353672956615602e-01 9.433765872986254144e-11 -2.591593606382502912e-11 -7.762353672956615602e-01
1.609000000000000000e+03 3.325913360609448864e+04 9.452166504265641031e-11 -2.597622117406217512e-11 -7.769436811927422637e-01 9.452166504265641031e-11 -2.597622117406217512e-11 -7.769436811927422637e-01
1.610000000000000000e+03 3.327980429199013452e+04 9.474604282950107267e-11 -2.604416682316923470e-11 -7.779225887752222457e-01 9.474604282950107267e-11 -2.604416682316923470e-11 -7.779225887752222457e-01
1.611000000000000000e+03 3.330047497788578039e+04 9.498871621899676035e-11 -2.610422988880145567e-11 -7.791073686237106610e-01 9.498871621899676035e-11 -2.610422988880145567e-11 -7.791073686237106610e-01
1.612000000000000000e+03 3.332114566378142626e+04 9.524586435106964098e-11 -2.614453098459534885e-11 -7.804102087943760591e-01 9.524586435106964098e-11 -2.614453098459534885e-11 -7.804102087943760591e-01
1.613000000000000000e+03 3.334181634967707214e+04 9.550486052930500994e-11 -2.629374495910496989e-11 -7.817351156120700972e-01 9.550486052930500994e-11 -2.629374495910496989e-11 -7.817351156120700972e-01
1.614000000000000000e+03 3.336248703557271801e+04 9.575507212171127716e-11 -2.639111151836459612e-11 -7.829914870203646959e-01 9.575507212171127716e-11 -2.639111151836459612e-11 -7.829914870203646959e-01
1.615000000000000000e+03 3.338315772146836389e+04 9.598619670762908800e-11 -2.644628960268846640e-11 -7.841032148614828223e-01 9.598619670762908800e-11 -2.644628960268846640e-11 -7.841032148614828223e-01
1.616000000000000000e+03 3.340382840736400976e+04 9.619592784476116914e-11 -2.651290298416597579e-11 -7.850128077579994201e-01 9.619592784476116914e-11 -2.651290298416597579e-11 -7.850128077579994201e-01
1.617000000000000000e+03 3.342449909325965564e+04 9.636994041098810272e-11 -2.660760500816650165e-11 -7.856817489836014357e-01 9.636994041098810272e-11 -2.660760500816650165e-11 -7.856817489836014357e-01
1.618000000000000000e+03 3.344516977915530151e+04 9.652267377801813293e-11 -2.663536058378213056e-11 -7.860887946010260974e-01 9.652267377801813293e-11 -2.663536058378213056e-11 -7.860887946010260974e-01
1.619000000000000000e+03 3.346584046505094739e+04 9.662945238169672959e-11 -2.670585974584582800e-11 -7.862329158142284946e-01 9.662945238169672959e-11 -2.670585974584582800e-11 -7.862329158142284946e-01
1.620000000000000000e+03 3.348651115094659326e+04 9.671538276687733620e-11 -2.670397236670396524e-11 -7.861271077533898977e-01 9.671538276687733620e-11 -2.670397236670396524e-11 -7.861271077533898977e-01
1.621000000000000000e+03 3.350718183684223914e+04 9.677064772294743910e-11 -2.676614485608297400e-11 -7.858046739735103925e-01 9.677064772294743910e-11 -2.676614485608297400e-11 -7.858046739735103925e-01
1.622000000000000000e+03 3.352785252273788501e+04 9.680715011034552772e-11 -2.678945953960010229e-11 -7.853179067756907994e-01 9.680715011034552772e-11 -2.678945953960010229e-11 -7.853179067756907994e-01
1.623000000000000000e+03 3.354852320863353088e+04 9.683379686649797780e-11 -2.679856336840202857e-11 -7.847352291947931047e-01 9.683379686649797780e-11 -2.679856336840202857e-11 -7.847352291947931047e-01
1.624000000000000000e+03 3.356919389452917676e+04 9.686467606721013094e-11 -2.678024468849571349e-11 -7.841339745442404974e-01 9.686467606721013094e-11 -2.678024468849571349e-11 -7.841339745442404974e-01
1.625000000000000000e+03 3.358986458042482263e+04 9.689014151872510263e-11 -2.681832533824035636e-11 -7.835887877967802062e-01 9.689014151872510263e-11 -2.681832533824035636e-11 -7.835887877967802062e-01
1.626000000000000000e+03 3.361053526632046851e+04 9.693820824841686818e-11 -2.685629496568253671e-11 -7.831579813423019676e-01 9.693820824841686818e-11 -2.685629496568253671e-11 -7.831579813423019676e-01
1.627000000000000000e+03 3.363120595221611438e+04 9.699676160442724440e-11 -2.685829336712686199e-11 -7.828727112315891912e-01 9.699676160442724440e-11 -2.685829336712686199e-11 -7.828727112315891912e-01
1.628000000000000000e+03 3.365187663811176026e+04 9.708070257407313603e-11 -2.690969669316700674e-11 -7.827284080839769231e-01 9.708070257407313603e-11 -2.690969669316700674e-11 -7.827284080839769231e-01
1.629000000000000000e+03 3.367254732400740613e+04 9.717682245629860567e-11 -2.692679412774623415e-11 -7.826912444480869091e-01 9.717682245629860567e-11 -2.692679412774623415e-11 -7.826912444480869091e-01
1.630000000000000000e+03 3.369321800990305201e+04 9.727782789160949558e-11 -2.701761037116057196e-11 -7.827047335912789006e-01 9.727782789160949558e-11 -2.701761037116057196e-11 -7.827047335912789006e-01
1.631000000000000000e+03 3.371388869579869788e+04 9.737291404824681902e-11 -2.704136914388755031e-11 -7.827035345977997327e-01 9.737291404824681902e-11 -2.704136914388755031e-11 -7.827035345977997327e-01
1.632000000000000000e+03 3.373455938169434376e+04 9.745989848143126372e-11 -2.711564306423497328e-11 -7.826259685251075737e-01 9.745989848143126372e-11 -2.711564306423497328e-11 -7.826259685251075737e-01
1.633000000000000000e+03 3.375523006758998963e+04 9.753172669509828579e-11 -2.708633317638486915e-11 -7.824228894483964414e-01 9.753172669509828579e-11 -2.708633317638486915e-11 -7.824228894483964414e-01
1.634000000000000000e+03 3.377590075348563551e+04 9.759122372659177699e-11 -2.711220137285863530e-11 -7.820620010659672383e-01 9.759122372659177699e-11 -2.711220137285863530e-11 -7.820620010659672383e-01
1.635000000000000000e+03 3.379657143938128138e+04 9.762050095529429322e-11 -2.715561109312147892e-11 -7.815284746454402853e-01 9.762050095529429322e-11 -2.715561109312147892e-11 -7.815284746454402853e-01
1.636000000000000000e+03 3.381724212527692725e+04 9.762886026589396792e-11 -2.717326363921301891e-11 -7.808227822831602660e-01 9.762886026589396792e-11 -2.717326363921301891e-11 -7.808227822831602660e-01
1.637000000000000000e+03 3.383791281117257313e+04 9.761733269766624841e-11 -2.717959191045338230e-11 -7.799644349044394520e-01 9.761733269766624841e-11 -2.717959191045338230e-11 -7.799644349044394520e-01
1.638000000000000000e+03 3.385858349706821900e+04 9.759249622668056429e-11 -2.718236746801494519e-11 -7.789869845982907437e-01 9.759249622668056429e-11 -2.718236746801494519e-11 -7.789869845982907437e-01
1.639000000000000000e+03 3.387925418296386488e+04 9.756098227264278352e-11 -2.714795055425156534e-11 -7.779411371315372303e-01 9.756098227264278352e-11 -2.714795055425156534e-11 -7.779411371315372303e-01
1.640000000000000000e+03 3.389992486885951075e+04 9.752478712773620972e-11 -2.720257352706312304e-11 -7.768953034783311340e-01 9.752478712773620972e-11 -2.720257352706312304e-11 -7.768953034783311340e-01
1.641000000000000000e+03 3.392059555475515663e+04 9.750574810953355940e-11 -2.720679237455669863e-11 -7.759321502546361327e-01 9.750574810953355940e-11 -2.720679237455669863e-11 -7.759321502546361327e-01
1.642000000000000000e+03 3.394126624065080250e+04 9.751234591363145329e-11 -2.722033709545712554e-11 -7.751407286474958358e-01 9.751234591363145329e-11 -2.722033709545712554e-11 -7.751407286474958358e-01
1.643000000000000000e+03 3.396193692654644838e+04 9.754662777962267731e-11 -2.722977399116643937e-11 -7.746039230539648601e-01 9.754662777962267731e-11 -2.722977399116643937e-11 -7.746039230539648601e-01
1.644000000000000000e+03 3.398260761244209425e+04 9.762311947579477178e-11 -2.725319969698603018e-11 -7.743836572748122871e-01 9.762311947579477178e-11 -2.725319969698603018e-11 -7.743836572748122871e-01
1.645000000000000000e+03 3.400327829833774013e+04 9.774144399782003969e-11 -2.731848081083398938e-11 -7.745081626320668988e-01 9.774144399782003969e-11 -2.731848081083398938e-11 -7.745081626320668988e-01
1.646000000000000000e+03 3.402394898423338600e+04 9.790028085230508562e-11 -2.736377791023869577e-11 -7.749656494400493090e-01 9.790028085230508562e-11 -2.736377791023869577e-11 -7.749656494400493090e-01
1.647000000000000000e+03 3.404461967012903187e+04 9.809672844514004823e-11 -2.743616445144425597e-11 -7.757068358409074937e-01 9.809672844514004823e-11 -2.743616445144425597e-11 -7.757068358409074937e-01
1.648000000000000000e+03 3.406529035602467775e+04 9.831246895867340194e-11 -2.747591043572583658e-11 -7.766552492824769782e-01 9.831246895867340194e-11 -2.747591043572583658e-11 -7.766552492824769782e-01
1.649000000000000000e+03 3.408596104192032362e+04 9.855002725417154242e-11 -2.757416517340516293e-11 -7.777217287955507929e-01 9.855002725417154242e-11 -2.757416517340516293e-11 -7.777217287955507929e-01
1.650000000000000000e+03 3.410663172781596950e+04 9.878543624371251235e-11 -2.765632167722742452e-11 -7.788184529237386355e-01 9.878543624371251235e-11 -2.765632167722742452e-11 -7.788184529237386355e-01
1.651000000000000000e+03 3.412730241371161537e+04 9.902275112871799121e-11 -2.772437834863694661e-11 -7.798690775740844128e-01 9.902275112871799121e-11 -2.772437834863694661e-11 -7.798690775740844128e-01
1.652000000000000000e+03 3.414797309960726125e+04 9.923813642055149114e-11 -2.783284713814282441e-11 -7.808138439074545634e-01 9.923813642055149114e-11 -2.783284713814282441e-11 -7.808138439074545634e-01
1.653000000000000000e+03 3.416864378550290712e+04 9.943870251129635831e-11 -2.789513064982429569e-11 -7.816105576379506203e-01 9.943870251129635831e-11 -2.789513064982429569e-11 -7.816105576379506203e-01
1.654000000000000000e+03 3.418931447139855300e+04 9.961221758042173961e-11 -2.794142694995116472e-11 -7.822330179053430532e-01 9.961221758042173961e-11 -2.794142694995116472e-11 -7.822330179053430532e-01
1.655000000000000000e+03 3.420998515729419887e+04 9.976880524160698137e-11 -2.803124399264333988e-11 -7.826738507410146983e-01 9.976880524160698137e-11 -2.803124399264333988e-11 -7.826738507410146983e-01
1.656000000000000000e+03 3.423065584318984475e+04 9.989333646708133994e-11 -2.803313137178520265e-11 -7.829395418107865101e-01 9.989333646708133994e-11 -2.803313137178520265e-11 -7.829395418107865101e-01
1.657000000000000000e+03 3.425132652908549062e+04 1.000113744889883140e-10 -2.809041887985586072e-11 -7.830539506266565031e-01 1.000113744889883140e-10 -2.809041887985586072e-11 -7.830539506266565031e-01
1.658000000000000000e+03 3.427199721498113649e+04 1.001060163712749560e-10 -2.815425670377180722e-11 -7.830591465456056000e-01 1.001060163712749560e-10 -2.815425670377180722e-11 -7.830591465456056000e-01
1.659000000000000000e+03 3.429266790087678237e+04 1.002024383922852087e-10 -2.815703226133337012e-11 -7.830123787729539320e-01 1.002024383922852087e-10 -2.815703226133337012e-11 -7.830123787729539320e-01
1.660000000000000000e+03 3.431333858677242824e+04 1.002915133285761705e-10 -2.821243239026216543e-11 -7.829793430586011738e-01 1.002915133285761705e-10 -2.821243239026216543e-11 -7.829793430586011738e-01
1.661000000000000000e+03 3.433400927266807412e+04 1.004036982673210952e-10 -2.823552502917436868e-11 -7.830230961615122220e-01 1.004036982673210952e-10 -2.823552502917436868e-11 -7.830230961615122220e-01
1.662000000000000000e+03 3.435467995856371999e+04 1.005259090465236729e-10 -2.828504097607265066e-11 -7.831907399632853650e-01 1.005259090465236729e-10 -2.828504097607265066e-11 -7.831907399632853650e-01
1.663000000000000000e+03 3.437535064445936587e+04 1.006616588174283004e-10 -2.834155132802607113e-11 -7.835024150175255997e-01 1.006616588174283004e-10 -2.834155132802607113e-11 -7.835024150175255997e-01
1.664000000000000000e+03 3.439602133035501174e+04 1.008182258623104531e-10 -2.841438195844148140e-11 -7.839432706016942198e-01 1.008182258623104531e-10 -2.841438195844148140e-11 -7.839432706016942198e-01
1.665000000000000000e+03 3.441669201625065762e+04 1.009888687484053570e-10 -2.846567426217916363e-11 -7.844685284598799102e-01 1.009888687484053570e-10 -2.846567426217916363e-11 -7.844685284598799102e-01
1.666000000000000000e+03 3.443736270214630349e+04 1.011563542219892379e-10 -2.851874292275624612e-11 -7.850107267143381362e-01 1.011563542219892379e-10 -2.851874292275624612e-11 -7.850107267143381362e-01
1.667000000000000000e+03 3.445803338804194937e+04 1.013193721564924048e-10 -2.859712466829478217e-11 -7.854934425679396259e-01 1.013193721564924048e-10 -2.859712466829478217e-11 -7.854934425679396259e-01
1.668000000000000000e+03 3.447870407393759524e+04 1.014582008873565408e-10 -2.866418213898214162e-11 -7.858442243034323704e-01 1.014582008873565408e-10 -2.866418213898214162e-11 -7.858442243034323704e-01
1.669000000000000000e+03 3.449937475983324111e+04 1.015801028786176309e-10 -2.870081949879477179e-11 -7.860039607758156910e-01 1.015801028786176309e-10 -2.870081949879477179e-11 -7.860039607758156910e-01
1.670000000000000000e+03 3.452004544572888699e+04 1.016622326130640937e-10 -2.875610860542110458e-11 -7.859316239518543412e-01 1.016622326130640937e-10 -2.875610860542110458e-11 -7.859316239518543412e-01
1.671000000000000000e+03 3.454071613162453286e+04 1.017173408355828818e-10 -2.874556148668716560e-11 -7.856052684551463328e-01 1.017173408355828818e-10 -2.874556148668716560e-11 -7.856052684551463328e-01
1.672000000000000000e+03 3.456138681752017874e+04 1.017388522815905419e-10 -2.879052551918448444e-11 -7.850197674249609348e-01 1.017388522815905419e-10 -2.879052551918448444e-11 -7.850197674249609348e-01
1.673000000000000000e+03 3.458205750341582461e+04 1.017273644055198515e-10 -2.879962934798641072e-11 -7.841892253645756927e-01 1.017273644055198515e-10 -2.879962934798641072e-11 -7.841892253645756927e-01
1.674000000000000000e+03 3.460272818931147049e+04 1.016886589098853620e-10 -2.883104865958330265e-11 -7.831446386792279002e-01 1.016886589098853620e-10 -2.883104865958330265e-11 -7.831446386792279002e-01
1.675000000000000000e+03 3.462339887520711636e+04 1.016336824896887980e-10 -2.879751992423962292e-11 -7.819346872593938569e-01 1.016336824896887980e-10 -2.879751992423962292e-11 -7.819346872593938569e-01
1.676000000000000000e+03 3.464406956110276224e+04 1.015612035873084058e-10 -2.878719485011060897e-11 -7.806275618926334925e-01 1.015612035873084058e-10 -2.878719485011060897e-11 -7.806275618926334925e-01
1.677000000000000000e+03 3.466474024699840811e+04 1.014845356406992143e-10 -2.875499838239647943e-11 -7.793082978298583319e-01 1.014845356406992143e-10 -2.875499838239647943e-11 -7.793082978298583319e-01
1.678000000000000000e+03 3.468541093289405399e+04 1.014266215770496093e-10 -2.879174676451157211e-11 -7.780719409333195502e-01 1.014266215770496093e-10 -2.879174676451157211e-11 -7.780719409333195502e-01
1.679000000000000000e+03 3.470608161878969986e+04 1.013869555207474106e-10 -2.875011340108812874e-11 -7.770118226587940935e-01 1.013869555207474106e-10 -2.875011340108812874e-11 -7.770118226587940935e-01
1.680000000000000000e+03 3.472675230468534573e+04 1.013904476492632178e-10 -2.879463334437559752e-11 -7.762049246499312938e-01 1.013904476492632178e-10 -2.879463334437559752e-11 -7.762049246499312938e-01
1.681000000000000000e+03 3.474742299058099161e+04 1.014249902896359946e-10 -2.877320604000033200e-11 -7.756989114442165434e-01 1.014249902896359946e-10 -2.877320604000033200e-11 -7.756989114442165434e-01
1.682000000000000000e+03 3.476809367647663748e+04 1.015008653040974298e-10 -2.885391925389058088e-11 -7.755014308313614713e-01 1.015008653040974298e-10 -2.885391925389058088e-11 -7.755014308313614713e-01
1.683000000000000000e+03 3.478876436237228336e+04 1.016141725239579035e-10 -2.888311811943822249e-11 -7.755842576626993390e-01 1.016141725239579035e-10 -2.888311811943822249e-11 -7.755842576626993390e-01
1.684000000000000000e+03 3.480943504826792923e+04 1.017538695164859667e-10 -2.889899430869036223e-11 -7.758898809901323412e-01 1.017538695164859667e-10 -2.889899430869036223e-11 -7.758898809901323412e-01
1.685000000000000000e+03 3.483010573416357511e+04 1.019165058785628756e-10 -2.900768514280116506e-11 -7.763446990398100711e-01 1.019165058785628756e-10 -2.900768514280116506e-11 -7.763446990398100711e-01
1.686000000000000000e+03 3.485077642005922098e+04 1.020840416928977900e-10 -2.906708207461861093e-11 -7.768733787756075815e-01 1.020840416928977900e-10 -2.906708207461861093e-11 -7.768733787756075815e-01
1.687000000000000000e+03 3.487144710595486686e+04 1.022552606298807511e-10 -2.909184004806775192e-11 -7.774094499470504127e-01 1.022552606298807511e-10 -2.909184004806775192e-11 -7.774094499470504127e-01
1.688000000000000000e+03 3.489211779185051273e+04 1.024188537299634166e-10 -2.917510677491463866e-11 -7.779011151691131998e-01 1.024188537299634166e-10 -2.917510677491463866e-11 -7.779011151691131998e-01
1.689000000000000000e+03 3.491278847774615861e+04 1.025713518217749862e-10 -2.926991982121762703e-11 -7.783128948762393362e-01 1.025713518217749862e-10 -2.926991982121762703e-11 -7.783128948762393362e-01
1.690000000000000000e+03 3.493345916364180448e+04 1.027139501607484308e-10 -2.930922171628935757e-11 -7.786244184015768122e-01 1.027139501607484308e-10 -2.930922171628935757e-11 -7.786244184015768122e-01
1.691000000000000000e+03 3.495412984953745035e+04 1.028358886478625204e-10 -2.936184628765658999e-11 -7.788315099836917721e-01 1.028358886478625204e-10 -2.936184628765658999e-11 -7.788315099836917721e-01
1.692000000000000000e+03 3.497480053543309623e+04 1.029508760685049582e-10 -2.939015697478453149e-11 -7.789438481520718494e-01 1.029508760685049582e-10 -2.939015697478453149e-11 -7.789438481520718494e-01
1.693000000000000000e+03 3.499547122132874210e+04 1.030563948606624054e-10 -2.943278953893013750e-11 -7.789871283398035473e-01 1.030563948606624054e-10 -2.943278953893013750e-11 -7.789871283398035473e-01
1.694000000000000000e+03 3.501614190722438798e+04 1.031578515096059317e-10 -2.948530308799490740e-11 -7.790035797164618359e-01 1.031578515096059317e-10 -2.948530308799490740e-11 -7.790035797164618359e-01
1.695000000000000000e+03 3.503681259312003385e+04 1.032647982852006481e-10 -2.951583422117209921e-11 -7.790495769958473149e-01 1.032647982852006481e-10 -2.951583422117209921e-11 -7.790495769958473149e-01
1.696000000000000000e+03 3.505748327901567973e+04 1.033831490278800688e-10 -2.957945000048312068e-11 -7.791892139066340928e-01 1.033831490278800688e-10 -2.957945000048312068e-11 -7.791892139066340928e-01
1.697000000000000000e+03 3.507815396491132560e+04 1.035231696904445122e-10 -2.961164646819725021e-11 -7.794833578257867046e-01 1.035231696904445122e-10 -2.961164646819725021e-11 -7.794833578257867046e-01
1.698000000000000000e+03 3.509882465080697148e+04 1.036924201611833872e-10 -2.963729262006609133e-11 -7.799762154739372511e-01 1.036924201611833872e-10 -2.963729262006609133e-11 -7.799762154739372511e-01
1.699000000000000000e+03 3.511949533670261735e+04 1.038808641287505997e-10 -2.972777579657304159e-11 -7.806842285344457455e-01 1.038808641287505997e-10 -2.972777579657304159e-11 -7.806842285344457455e-01
1.700000000000000000e+03 3.514016602259826323e+04 1.041058453313519729e-10 -2.977440516360729816e-11 -7.815864754336816489e-01 1.041058453313519729e-10 -2.977440516360729816e-11 -7.815864754336816489e-01
1.701000000000000000e+03 3.516083670849390910e+04 1.043404608718808897e-10 -2.991451530931499292e-11 -7.826288211896251790e-01 1.043404608718808897e-10 -2.991451530931499292e-11 -7.826288211896251790e-01
1.702000000000000000e+03 3.518150739438955497e+04 1.045911728876779034e-10 -3.001043857864260644e-11 -7.837335325734220426e-01 1.045911728876779034e-10 -3.001043857864260644e-11 -7.837335325734220426e-01
1.703000000000000000e+03 3.520217808028520085e+04 1.048319675510327688e-10 -3.005629078955962541e-11 -7.848113052445735427e-01 1.048319675510327688e-10 -3.005629078955962541e-11 -7.848113052445735427e-01
1.704000000000000000e+03 3.522284876618084672e+04 1.050562501275866548e-10 -3.015432348263402673e-11 -7.857755201872226314e-01 1.050562501275866548e-10 -3.015432348263402673e-11 -7.857755201872226314e-01
1.705000000000000000e+03 3.524351945207649260e+04 1.052575063797833070e-10 -3.026279227213990453e-11 -7.865525252422518321e-01 1.052575063797833070e-10 -3.026279227213990453e-11 -7.865525252422518321e-01
1.706000000000000000e+03 3.526419013797213847e+04 1.054253150367957285e-10 -3.031652706653176210e-11 -7.870870539685732581e-01 1.054253150367957285e-10 -3.031652706653176210e-11 -7.870870539685732581e-01
1.707000000000000000e+03 3.528486082386778435e+04 1.055550846209268629e-10 -3.036326745586848119e-11 -7.873435338921898063e-01 1.055550846209268629e-10 -3.036326745586848119e-11 -7.873435338921898063e-01
1.708000000000000000e+03 3.530553150976343022e+04 1.056499352446438744e-10 -3.037703422137383313e-11 -7.873044162277269553e-01 1.056499352446438744e-10 -3.037703422137383313e-11 -7.873044162277269553e-01
1.709000000000000000e+03 3.532620219565907610e+04 1.056974514790751866e-10 -3.040478979698946205e-11 -7.869731938322446219e-01 1.056974514790751866e-10 -3.040478979698946205e-11 -7.869731938322446219e-01
1.710000000000000000e+03 3.534687288155472197e+04 1.057150939720460737e-10 -3.045008689639416843e-11 -7.863663991027238787e-01 1.057150939720460737e-10 -3.045008689639416843e-11 -7.863663991027238787e-01
1.711000000000000000e+03 3.536754356745036785e+04 1.056989645237955701e-10 -3.043254537260509096e-11 -7.855227077854924911e-01 1.056989645237955701e-10 -3.043254537260509096e-11 -7.855227077854924911e-01
1.712000000000000000e+03 3.538821425334601372e+04 1.056605783564029914e-10 -3.043776342082082920e-11 -7.844997153379430488e-01 1.056605783564029914e-10 -3.043776342082082920e-11 -7.844997153379430488e-01
1.713000000000000000e+03 3.540888493924165959e+04 1.056049448199937185e-10 -3.040767637685348745e-11 -7.833732085907647580e-01 1.056049448199937185e-10 -3.040767637685348745e-11 -7.833732085907647580e-01
1.714000000000000000e+03 3.542955562513730547e+04 1.055498904179165266e-10 -3.042188723156868946e-11 -7.822314088580141211e-01 1.055498904179165266e-10 -3.042188723156868946e-11 -7.822314088580141211e-01
1.715000000000000000e+03 3.545022631103295134e+04 1.055040721231149992e-10 -3.041744633947018883e-11 -7.811643799879336436e-01 1.055040721231149992e-10 -3.041744633947018883e-11 -7.811643799879336436e-01
1.716000000000000000e+03 3.547089699692859722e+04 1.054831074445444234e-10 -3.042932572583367801e-11 -7.802501858278266811e-01 1.054831074445444234e-10 -3.042932572583367801e-11 -7.802501858278266811e-01
1.717000000000000000e+03 3.549156768282424309e+04 1.054882222251380870e-10 -3.046263241657243270e-11 -7.795419280747379887e-01 1.054882222251380870e-10 -3.046263241657243270e-11 -7.795419280747379887e-01
1.718000000000000000e+03 3.551223836871988897e+04 1.055248399610990175e-10 -3.047795349431225986e-11 -7.790570273429976433e-01 1.055248399610990175e-10 -3.047795349431225986e-11 -7.790570273429976433e-01
1.719000000000000000e+03 3.553290905461553484e+04 1.055879996600679329e-10 -3.050659724834758890e-11 -7.787772256757472533e-01 1.055879996600679329e-10 -3.050659724834758890e-11 -7.787772256757472533e-01
1.720000000000000000e+03 3.555357974051118072e+04 1.056721103508076582e-10 -3.055711239596803352e-11 -7.786576307148296294e-01 1.056721103508076582e-10 -3.055711239596803352e-11 -7.786576307148296294e-01
1.721000000000000000e+03 3.557425042640682659e+04 1.057676369755092368e-10 -3.057809561113344898e-11 -7.786363469210216826e-01 1.057676369755092368e-10 -3.057809561113344898e-11 -7.786363469210216826e-01
1.722000000000000000e+03 3.559492111230247247e+04 1.058723941275923810e-10 -3.064748455017252127e-11 -7.786488880847779459e-01 1.058723941275923810e-10 -3.064748455017252127e-11 -7.786488880847779459e-01
1.723000000000000000e+03 3.561559179819811834e+04 1.059698597883170045e-10 -3.066646936389361144e-11 -7.786389174637652344e-01 1.059698597883170045e-10 -3.066646936389361144e-11 -7.786389174637652344e-01
1.724000000000000000e+03 3.563626248409376421e+04 1.060576758793764092e-10 -3.071964904677315644e-11 -7.785644145762915525e-01 1.060576758793764092e-10 -3.071964904677315644e-11 -7.785644145762915525e-01
1.725000000000000000e+03 3.565693316998941009e+04 1.061362913518502878e-10 -3.076638943610987553e-11 -7.783996490053373130e-01 1.061362913518502878e-10 -3.076638943610987553e-11 -7.783996490053373130e-01
1.726000000000000000e+03 3.567760385588505596e+04 1.061954269907135364e-10 -3.077871291168321477e-11 -7.781344400824153906e-01 1.061954269907135364e-10 -3.077871291168321477e-11 -7.781344400824153906e-01
1.727000000000000000e+03 3.569827454178070184e+04 1.062423421709147281e-10 -3.080335986282989325e-11 -7.777736235054586444e-01 1.062423421709147281e-10 -3.080335986282989325e-11 -7.777736235054586444e-01
1.728000000000000000e+03 3.571894522767634771e+04 1.062843323436299680e-10 -3.086719768674583975e-11 -7.773372723943686724e-01 1.062843323436299680e-10 -3.086719768674583975e-11 -7.773372723943686724e-01
1.729000000000000000e+03 3.573961591357199359e+04 1.063231554242939134e-10 -3.084321686941393637e-11 -7.768603676390416490e-01 1.063231554242939134e-10 -3.084321686941393637e-11 -7.768603676390416490e-01
1.730000000000000000e+03 3.576028659946763946e+04 1.063590122240019380e-10 -3.088607147816446741e-11 -7.763944658379764441e-01 1.063590122240019380e-10 -3.088607147816446741e-11 -7.763944658379764441e-01
1.731000000000000000e+03 3.578095728536328534e+04 1.064050652431164457e-10 -3.089029032565804300e-11 -7.760054816074221096e-01 1.064050652431164457e-10 -3.089029032565804300e-11 -7.760054816074221096e-01
1.732000000000000000e+03 3.580162797125893121e+04 1.064744075305557770e-10 -3.093403311282827417e-11 -7.757675919468318693e-01 1.064744075305557770e-10 -3.093403311282827417e-11 -7.757675919468318693e-01
1.733000000000000000e+03 3.582229865715457709e+04 1.065786254086808954e-10 -3.097067047264090434e-11 -7.757523437461291138e-01 1.065786254086808954e-10 -3.097067047264090434e-11 -7.757523437461291138e-01
1.734000000000000000e+03 3.584296934305022296e+04 1.067126302687940383e-10 -3.100875112238554721e-11 -7.760146681900859100e-01 1.067126302687940383e-10 -3.100875112238554721e-11 -7.760146681900859100e-01
1.735000000000000000e+03 3.586364002894586883e+04 1.068926241854449184e-10 -3.108169277510341999e-11 -7.765803720278693367e-01 1.068926241854449184e-10 -3.108169277510341999e-11 -7.765803720278693367e-01
1.736000000000000000e+03 3.588431071484151471e+04 1.071132030483141976e-10 -3.115818714150009328e-11 -7.774370759278349530e-01 1.071132030483141976e-10 -3.115818714150009328e-11 -7.774370759278349530e-01
1.737000000000000000e+03 3.590498140073716058e+04 1.073679660378358247e-10 -3.126710002021582113e-11 -7.785337914305024976e-01 1.073679660378358247e-10 -3.126710002021582113e-11 -7.785337914305024976e-01
1.738000000000000000e+03 3.592565208663280646e+04 1.076400186800897664e-10 -3.134748016719868247e-11 -7.797922864542372601e-01 1.076400186800897664e-10 -3.134748016719868247e-11 -7.797922864542372601e-01
1.739000000000000000e+03 3.594632277252845233e+04 1.079257346000847301e-10 -3.144495774876077121e-11 -7.811185787089540700e-01 1.079257346000847301e-10 -3.144495774876077121e-11 -7.811185787089540700e-01
1.740000000000000000e+03 3.596699345842409821e+04 1.082059039349093332e-10 -3.152911265402735808e-11 -7.824180444835515669e-01 1.082059039349093332e-10 -3.152911265402735808e-11 -7.824180444835515669e-01
1.741000000000000000e+03 3.598766414431974408e+04 1.084704667756355107e-10 -3.163014294926824732e-11 -7.836068359555334872e-01 1.084704667756355107e-10 -3.163014294926824732e-11 -7.836068359555334872e-01
1.742000000000000000e+03 3.600833483021538996e+04 1.087033350482944387e-10 -3.172806462004018613e-11 -7.846183257508789755e-01 1.087033350482944387e-10 -3.172806462004018613e-11 -7.846183257508789755e-01
1.743000000000000000e+03 3.602900551611103583e+04 1.089101846815200438e-10 -3.180511409794917199e-11 -7.854050528138281084e-01 1.089101846815200438e-10 -3.180511409794917199e-11 -7.854050528138281084e-01
1.744000000000000000e+03 3.604967620200668171e+04 1.090811053844366465e-10 -3.190447905865312350e-11 -7.859375383022112471e-01 1.090811053844366465e-10 -3.190447905865312350e-11 -7.859375383022112471e-01
1.745000000000000000e+03 3.607034688790232758e+04 1.092210247026559725e-10 -3.194244868609530386e-11 -7.862052967674048043e-01 1.092210247026559725e-10 -3.194244868609530386e-11 -7.862052967674048043e-01
1.746000000000000000e+03 3.609101757379797345e+04 1.093150771852631493e-10 -3.197098141782817038e-11 -7.862144641454810179e-01 1.093150771852631493e-10 -3.197098141782817038e-11 -7.862144641454810179e-01
1.747000000000000000e+03 3.611168825969361933e+04 1.093757693186270590e-10 -3.198130649195718433e-11 -7.859884271275751066e-01 1.093757693186270590e-10 -3.198130649195718433e-11 -7.859884271275751066e-01
1.748000000000000000e+03 3.613235894558926520e+04 1.094264149051114063e-10 -3.201583442802302670e-11 -7.855706113862812590e-01 1.094264149051114063e-10 -3.201583442802302670e-11 -7.855706113862812590e-01
1.749000000000000000e+03 3.615302963148491108e+04 1.094429968692874756e-10 -3.203881604463276744e-11 -7.850223535942937314e-01 1.094429968692874756e-10 -3.203881604463276744e-11 -7.850223535942937314e-01
1.750000000000000000e+03 3.617370031738055695e+04 1.094599788171612867e-10 -3.208022736345128578e-11 -7.844179711819446732e-01 1.094599788171612867e-10 -3.208022736345128578e-11 -7.844179711819446732e-01
1.751000000000000000e+03 3.619437100327620283e+04 1.094794353051086287e-10 -3.205247178783565687e-11 -7.838351024028377134e-01 1.094794353051086287e-10 -3.205247178783565687e-11 -7.838351024028377134e-01
1.752000000000000000e+03 3.621504168917184870e+04 1.095112012666890074e-10 -3.208422416633993635e-11 -7.833416204030065888e-01 1.095112012666890074e-10 -3.208422416633993635e-11 -7.833416204030065888e-01
1.753000000000000000e+03 3.623571237506749458e+04 1.095583804007780051e-10 -3.212097254845502903e-11 -7.829826633865171193e-01 1.095583804007780051e-10 -3.212097254845502903e-11 -7.829826633865171193e-01
1.754000000000000000e+03 3.625638306096314045e+04 1.096338732278601671e-10 -3.212696775278800487e-11 -7.827717136151800537e-01 1.096338732278601671e-10 -3.212696775278800487e-11 -7.827717136151800537e-01
1.755000000000000000e+03 3.627705374685878633e+04 1.097213402914282101e-10 -3.217259791910009881e-11 -7.826875460322325617e-01 1.097213402914282101e-10 -3.217259791910009881e-11 -7.826875460322325617e-01
1.756000000000000000e+03 3.629772443275443220e+04 1.098188742635803247e-10 -3.225975042653317360e-11 -7.826833114296756211e-01 1.098188742635803247e-10 -3.225975042653317360e-11 -7.826833114296756211e-01
1.757000000000000000e+03 3.631839511865007808e+04 1.099239204669498483e-10 -3.225675282436668567e-11 -7.826962335646683311e-01 1.099239204669498483e-10 -3.225675282436668567e-11 -7.826962335646683311e-01
1.758000000000000000e+03 3.633906580454572395e+04 1.100159179526960943e-10 -3.233979750660864738e-11 -7.826615243822557799e-01 1.100159179526960943e-10 -3.233979750660864738e-11 -7.826615243822557799e-01
1.759000000000000000e+03 3.635973649044136982e+04 1.100964528137392186e-10 -3.236622081459472611e-11 -7.825232325226275654e-01 1.100964528137392186e-10 -3.236622081459472611e-11 -7.825232325226275654e-01
1.760000000000000000e+03 3.638040717633701570e+04 1.101522481373874435e-10 -3.238753709666752911e-11 -7.822407242693070195e-01 1.101522481373874435e-10 -3.238753709666752911e-11 -7.822407242693070195e-01
1.761000000000000000e+03 3.640107786223266157e+04 1.101884353985790244e-10 -3.243638690975103600e-11 -7.817909142608214790e-01 1.101884353985790244e-10 -3.243638690975103600e-11 -7.817909142608214790e-01
1.762000000000000000e+03 3.642174854812830745e+04 1.102036609897639678e-10 -3.244904345223176279e-11 -7.811671636225774318e-01 1.102036609897639678e-10 -3.244904345223176279e-11 -7.811671636225774318e-01
1.763000000000000000e+03 3.644241923402395332e+04 1.101868337767035154e-10 -3.244504664934311222e-11 -7.803792982116344312e-01 1.101868337767035154e-10 -3.244504664934311222e-11 -7.803792982116344312e-01
1.764000000000000000e+03 3.646308991991959920e+04 1.101582943451421266e-10 -3.247946356310649207e-11 -7.794549048830383686e-01 1.101582943451421266e-10 -3.247946356310649207e-11 -7.794549048830383686e-01
1.765000000000000000e+03 3.648376060581524507e+04 1.101134958284999814e-10 -3.244327029250371197e-11 -7.784357746887022866e-01 1.101134958284999814e-10 -3.244327029250371197e-11 -7.784357746887022866e-01
1.766000000000000000e+03 3.650443129171089095e+04 1.100640430391986999e-10 -3.246025670478047687e-11 -7.773820705729468372e-01 1.100640430391986999e-10 -3.246025670478047687e-11 -7.773820705729468372e-01
1.767000000000000000e+03 3.652510197760653682e+04 1.100207385531134173e-10 -3.243461055291163575e-11 -7.763702642693786071e-01 1.100207385531134173e-10 -3.243461055291163575e-11 -7.763702642693786071e-01
1.768000000000000000e+03 3.654577266350218270e+04 1.100002439416172370e-10 -3.242750512555403475e-11 -7.754876133013972606e-01 1.100002439416172370e-10 -3.242750512555403475e-11 -7.754876133013972606e-01
1.769000000000000000e+03 3.656644334939782857e+04 1.100098235800313866e-10 -3.244227109178154933e-11 -7.748217006210710300e-01 1.100098235800313866e-10 -3.244227109178154933e-11 -7.748217006210710300e-01
1.770000000000000000e+03 3.658711403529347444e+04 1.100583740764681018e-10 -3.247790925087201686e-11 -7.744462649771557405e-01 1.100583740764681018e-10 -3.247790925087201686e-11 -7.744462649771557405e-01
1.771000000000000000e+03 3.660778472118912032e+04 1.101607083282291112e-10 -3.251920954738807268e-11 -7.744068811429192234e-01 1.101607083282291112e-10 -3.251920954738807268e-11 -7.744068811429192234e-01
1.772000000000000000e+03 3.662845540708476619e+04 1.103101697192063027e-10 -3.258227021518678157e-11 -7.747111461962075118e-01 1.103101697192063027e-10 -3.258227021518678157e-11 -7.747111461962075118e-01
1.773000000000000000e+03 3.664912609298041207e+04 1.105004614939942337e-10 -3.267175419097156919e-11 -7.753267903073541856e-01 1.105004614939942337e-10 -3.267175419097156919e-11 -7.753267903073541856e-01
1.774000000000000000e+03 3.666979677887605794e+04 1.107258495734675842e-10 -3.272426774003633909e-11 -7.761886604677510348e-01 1.107258495734675842e-10 -3.272426774003633909e-11 -7.761886604677510348e-01
1.775000000000000000e+03 3.669046746477170382e+04 1.109724221225066198e-10 -3.280820060069800093e-11 -7.772117482401619259e-01 1.109724221225066198e-10 -3.280820060069800093e-11 -7.772117482401619259e-01
1.776000000000000000e+03 3.671113815066734969e+04 1.112301442682334688e-10 -3.291011907435859030e-11 -7.783059929255204956e-01 1.112301442682334688e-10 -3.291011907435859030e-11 -7.783059929255204956e-01
1.777000000000000000e+03 3.673180883656299557e+04 1.114843885521104747e-10 -3.300681949980344143e-11 -7.793885768166526340e-01 1.114843885521104747e-10 -3.300681949980344143e-11 -7.793885768166526340e-01
1.778000000000000000e+03 3.675247952245864144e+04 1.117282827592335689e-10 -3.308564533455182755e-11 -7.803914328850407589e-01 1.117282827592335689e-10 -3.308564533455182755e-11 -7.803914328850407589e-01
1.779000000000000000e+03 3.677315020835428732e+04 1.119510409915240339e-10 -3.317579544415139026e-11 -7.812640102732293368e-01 1.119510409915240339e-10 -3.317579544415139026e-11 -7.812640102732293368e-01
1.780000000000000000e+03 3.679382089424993319e+04 1.121574672904698570e-10 -3.324518438319046254e-11 -7.819726181787426400e-01 1.121574672904698570e-10 -3.324518438319046254e-11 -7.819726181787426400e-01
1.781000000000000000e+03 3.681449158014557906e+04 1.123294389998202763e-10 -3.330857811789655898e-11 -7.825003674104111795e-01 1.123294389998202763e-10 -3.330857811789655898e-11 -7.825003674104111795e-01
1.782000000000000000e+03 3.683516226604122494e+04 1.124814186046260273e-10 -3.331757092439602275e-11 -7.828479869544746617e-01 1.124814186046260273e-10 -3.331757092439602275e-11 -7.828479869544746617e-01
1.783000000000000000e+03 3.685583295193687081e+04 1.126053695890888433e-10 -3.340561161024879766e-11 -7.830301306682370122e-01 1.126053695890888433e-10 -3.340561161024879766e-11 -7.830301306682370122e-01
1.784000000000000000e+03 3.687650363783251669e+04 1.127130213145175758e-10 -3.344702292906731600e-11 -7.830804584685283620e-01 1.127130213145175758e-10 -3.344702292906731600e-11 -7.830804584685283620e-01
1.785000000000000000e+03 3.689717432372816256e+04 1.128101045143018768e-10 -3.347666588382480768e-11 -7.830495144453608614e-01 1.128101045143018768e-10 -3.347666588382480768e-11 -7.830495144453608614e-01
1.786000000000000000e+03 3.691784500962380844e+04 1.129016610037588395e-10 -3.353162192354375293e-11 -7.830001082098007048e-01 1.129016610037588395e-10 -3.353162192354375293e-11 -7.830001082098007048e-01
1.787000000000000000e+03 3.693851569551945431e+04 1.130038416772482957e-10 -3.357336630926965881e-11 -7.829981894565394285e-01 1.130038416772482957e-10 -3.357336630926965881e-11 -7.829981894565394285e-01
1.788000000000000000e+03 3.695918638141510019e+04 1.131189401737380059e-10 -3.361932954248914029e-11 -7.831002040112822193e-01 1.131189401737380059e-10 -3.361932954248914029e-11 -7.831002040112822193e-01
1.789000000000000000e+03 3.697985706731074606e+04 1.132583683332972993e-10 -3.368316736640508680e-11 -7.833401270878525002e-01 1.132583683332972993e-10 -3.368316736640508680e-11 -7.833401270878525002e-01
1.790000000000000000e+03 3.700052775320639194e+04 1.134175521787642671e-10 -3.370737022834191521e-11 -7.837210306008941529e-01 1.134175521787642671e-10 -3.370737022834191521e-11 -7.837210306008941529e-01
1.791000000000000000e+03 3.702119843910203781e+04 1.135876135555550923e-10 -3.378142210408441315e-11 -7.842109043118923317e-01 1.135876135555550923e-10 -3.378142210408441315e-11 -7.842109043118923317e-01
1.792000000000000000e+03 3.704186912499768368e+04 1.137694089726413242e-10 -3.383626712150089588e-11 -7.847520328299100179e-01 1.137694089726413242e-10 -3.383626712150089588e-11 -7.847520328299100179e-01
1.793000000000000000e+03 3.706253981089332956e+04 1.139464403800587999e-10 -3.395184133836437468e-11 -7.852705856448287669e-01 1.139464403800587999e-10 -3.395184133836437468e-11 -7.852705856448287669e-01
1.794000000000000000e+03 3.708321049678897543e+04 1.141054358741475292e-10 -3.398592518522036698e-11 -7.856908205135202383e-01 1.141054358741475292e-10 -3.398592518522036698e-11 -7.856908205135202383e-01
1.795000000000000000e+03 3.710388118268462131e+04 1.142427430102468013e-10 -3.403521908751372393e-11 -7.859464025405610288e-01 1.142427430102468013e-10 -3.403521908751372393e-11 -7.859464025405610288e-01
1.796000000000000000e+03 3.712455186858026718e+04 1.143494992057434831e-10 -3.412348181797142388e-11 -7.859873626553929293e-01 1.143494992057434831e-10 -3.412348181797142388e-11 -7.859873626553929293e-01
1.797000000000000000e+03 3.714522255447591306e+04 1.144175907810949901e-10 -3.415401295114861568e-11 -7.857826893883858022e-01 1.144175907810949901e-10 -3.415401295114861568e-11 -7.857826893883858022e-01
1.798000000000000000e+03 3.716589324037155893e+04 1.144456555170904359e-10 -3.417821581308544410e-11 -7.853197803939486743e-01 1.144456555170904359e-10 -3.417821581308544410e-11 -7.853197803939486743e-01
1.799000000000000000e+03 3.718656392626720481e+04 1.144429437056676711e-10 -3.420230765271980999e-11 -7.846023618454120996e-01 1.144429437056676711e-10 -3.420230765271980999e-11 -7.846023618454120996e-01
1.800000000000000000e+03 3.720723461216285068e+04 1.144050926082458015e-10 -3.419209360089325855e-11 -7.836547473706438893e-01 1.144050926082458015e-10 -3.419209360089325855e-11 -7.836547473706438893e-01
1.801000000000000000e+03 3.722790529805849656e+04 1.143385122050944149e-10 -3.419475813615235893e-11 -7.825162205824280903e-01 1.143385122050944149e-10 -3.419475813615235893e-11 -7.825162205824280903e-01
1.802000000000000000e+03 3.724857598395414243e+04 1.142522838306636626e-10 -3.415223659430921543e-11 -7.812458400553086157e-01 1.142522838306636626e-10 -3.415223659430921543e-11 -7.812458400553086157e-01
1.803000000000000000e+03 3.726924666984978830e+04 1.141594078456725292e-10 -3.413203053526103758e-11 -7.799211229804834389e-01 1.141594078456725292e-10 -3.413203053526103758e-11 -7.799211229804834389e-01
1.804000000000000000e+03 3.728991735574543418e+04 1.140722704878431483e-10 -3.414979410365504009e-11 -7.786334994648621555e-01 1.140722704878431483e-10 -3.414979410365504009e-11 -7.786334994648621555e-01
1.805000000000000000e+03 3.731058804164108005e+04 1.140102724583046959e-10 -3.409927895603459547e-11 -7.774788389781033260e-01 1.140102724583046959e-10 -3.409927895603459547e-11 -7.774788389781033260e-01
1.806000000000000000e+03 3.733125872753672593e+04 1.139731405755984097e-10 -3.407851778547410504e-11 -7.765438017455041919e-01 1.139731405755984097e-10 -3.407851778547410504e-11 -7.765438017455041919e-01
1.807000000000000000e+03 3.735192941343237180e+04 1.139846285428584214e-10 -3.412314875106403633e-11 -7.758913350042504486e-01 1.139846285428584214e-10 -3.412314875106403633e-11 -7.758913350042504486e-01
1.808000000000000000e+03 3.737260009932801768e+04 1.140392481380691040e-10 -3.415467908496339078e-11 -7.755494906175204317e-01 1.140392481380691040e-10 -3.415467908496339078e-11 -7.755494906175204317e-01
1.809000000000000000e+03 3.739327078522366355e+04 1.141350185264232859e-10 -3.419708960450407176e-11 -7.755054296256480573e-01 1.141350185264232859e-10 -3.419708960450407176e-11 -7.755054296256480573e-01
1.810000000000000000e+03 3.741394147111930943e+04 1.142685001551831381e-10 -3.424482919456295349e-11 -7.757149445393676235e-01 1.142685001551831381e-10 -3.424482919456295349e-11 -7.757149445393676235e-01
1.811000000000000000e+03 3.743461215701495530e+04 1.144351273397582772e-10 -3.433642259409452890e-11 -7.761100456477867393e-01 1.144351273397582772e-10 -3.433642259409452890e-11 -7.761100456477867393e-01
1.812000000000000000e+03 3.745528284291060118e+04 1.146094935956721238e-10 -3.438516138487557328e-11 -7.766145957535889321e-01 1.146094935956721238e-10 -3.438516138487557328e-11 -7.766145957535889321e-01
1.813000000000000000e+03 3.747595352880624705e+04 1.147902324945250728e-10 -3.447053753546924781e-11 -7.771568003845585881e-01 1.147902324945250728e-10 -3.447053753546924781e-11 -7.771568003845585881e-01
1.814000000000000000e+03 3.749662421470189292e+04 1.149720055265877716e-10 -3.453615171622459457e-11 -7.776773596874724248e-01 1.149720055265877716e-10 -3.453615171622459457e-11 -7.776773596874724248e-01
1.815000000000000000e+03 3.751729490059753880e+04 1.151369923043651111e-10 -3.457123476380274951e-11 -7.781329189362395926e-01 1.151369923043651111e-10 -3.457123476380274951e-11 -7.781329189362395926e-01
1.816000000000000000e+03 3.753796558649318467e+04 1.152965543817529967e-10 -3.466682496622297549e-11 -7.784962359308426061e-01 1.152965543817529967e-10 -3.466682496622297549e-11 -7.784962359308426061e-01
1.817000000000000000e+03 3.755863627238883055e+04 1.154352109165414301e-10 -3.471056775339320666e-11 -7.787544972321394088e-01 1.154352109165414301e-10 -3.471056775339320666e-11 -7.787544972321394088e-01
1.818000000000000000e+03 3.757930695828447642e+04 1.155619909588579672e-10 -3.476730014995155216e-11 -7.789117206462023990e-01 1.155619909588579672e-10 -3.476730014995155216e-11 -7.789117206462023990e-01
1.819000000000000000e+03 3.759997764418012230e+04 1.156683038253334495e-10 -3.481503974001043389e-11 -7.789851646757978143e-01 1.156683038253334495e-10 -3.481503974001043389e-11 -7.789851646757978143e-01
1.820000000000000000e+03 3.762064833007576817e+04 1.157762048645332125e-10 -3.478917154353666774e-11 -7.790092979026737030e-01 1.157762048645332125e-10 -3.478917154353666774e-11 -7.790092979026737030e-01
1.821000000000000000e+03 3.764131901597141405e+04 1.158770683964708911e-10 -3.489120103949971963e-11 -7.790341994816669668e-01 1.158770683964708911e-10 -3.489120103949971963e-11 -7.790341994816669668e-01
1.822000000000000000e+03 3.766198970186705992e+04 1.159951252175886681e-10 -3.494782241375560261e-11 -7.791213504529153067e-01 1.159951252175886681e-10 -3.494782241375560261e-11 -7.791213504529153067e-01
1.823000000000000000e+03 3.768266038776270580e+04 1.161326912849414386e-10 -3.495514988571812864e-11 -7.793347473211320597e-01 1.161326912849414386e-10 -3.495514988571812864e-11 -7.793347473211320597e-01
1.824000000000000000e+03 3.770333107365835167e+04 1.162909678290690682e-10 -3.505251644497775487e-11 -7.797282559708131888e-01 1.162909678290690682e-10 -3.505251644497775487e-11 -7.797282559708131888e-01
1.825000000000000000e+03 3.772400175955399754e+04 1.164885587059178583e-10 -3.508260348894509661e-11 -7.803326147855171868e-01 1.164885587059178583e-10 -3.508260348894509661e-11 -7.803326147855171868e-01
1.826000000000000000e+03 3.774467244544964342e+04 1.167071862963509940e-10 -3.518563218563031114e-11 -7.811461440300808690e-01 1.167071862963509940e-10 -3.518563218563031114e-11 -7.811461440300808690e-01
1.827000000000000000e+03 3.776534313134528929e+04 1.169628403599764273e-10 -3.530098435788886491e-11 -7.821285761791840763e-01 1.169628403599764273e-10 -3.530098435788886491e-11 -7.821285761791840763e-01
1.828000000000000000e+03 3.778601381724093517e+04 1.172225248232067528e-10 -3.539457615886476560e-11 -7.832127832863247097e-01 1.172225248232067528e-10 -3.539457615886476560e-11 -7.832127832863247097e-01
1.829000000000000000e+03 3.780668450313658104e+04 1.174894259091256449e-10 -3.549027738358745410e-11 -7.843130790595597146e-01 1.174894259091256449e-10 -3.549027738358745410e-11 -7.843130790595597146e-01
1.830000000000000000e+03 3.782735518903222692e+04 1.177465173535389387e-10 -3.559752492776624422e-11 -7.853400382941645441e-01 1.177465173535389387e-10 -3.559752492776624422e-11 -7.853400382941645441e-01
1.831000000000000000e+03 3.784802587492787279e+04 1.179732386372525275e-10 -3.566935635745949185e-11 -7.862128606414993115e-01 1.179732386372525275e-10 -3.566935635745949185e-11 -7.862128606414993115e-01
1.832000000000000000e+03 3.786869656082351867e+04 1.181729916659051232e-10 -3.572142581731441169e-11 -7.868671340481497856e-01 1.181729916659051232e-10 -3.572142581731441169e-11 -7.868671340481497856e-01
1.833000000000000000e+03 3.788936724671916454e+04 1.183286707225915482e-10 -3.582600882623410143e-11 -7.872579175440411747e-01 1.183286707225915482e-10 -3.582600882623410143e-11 -7.872579175440411747e-01
1.834000000000000000e+03 3.791003793261481042e+04 1.184451968374621133e-10 -3.586586583281814455e-11 -7.873596482655760287e-01 1.184451968374621133e-10 -3.586586583281814455e-11 -7.873596482655760287e-01
1.835000000000000000e+03 3.793070861851045629e+04 1.185163016342629380e-10 -3.590427954947017497e-11 -7.871649690417670264e-01 1.185163016342629380e-10 -3.590427954947017497e-11 -7.871649690417670264e-01
1.836000000000000000e+03 3.795137930440610216e+04 1.185392108274358314e-10 -3.590616692861203774e-11 -7.866842336271054892e-01 1.185392108274358314e-10 -3.590616692861203774e-11 -7.866842336271054892e-01
1.837000000000000000e+03 3.797204999030174804e+04 1.185308762132030031e-10 -3.590372443795786239e-11 -7.859461180554992987e-01 1.185308762132030031e-10 -3.590372443795786239e-11 -7.859461180554992987e-01
1.838000000000000000e+03 3.799272067619739391e+04 1.184826031588093954e-10 -3.590416852716771245e-11 -7.849988051015579504e-01 1.184826031588093954e-10 -3.590416852716771245e-11 -7.849988051015579504e-01
1.839000000000000000e+03 3.801339136209303979e+04 1.184236803215506382e-10 -3.589573083218056126e-11 -7.839098280507769134e-01 1.184236803215506382e-10 -3.589573083218056126e-11 -7.839098280507769134e-01
1.840000000000000000e+03 3.803406204798868566e+04 1.183487636029194636e-10 -3.592526276463559043e-11 -7.827625212278114253e-01 1.183487636029194636e-10 -3.592526276463559043e-11 -7.827625212278114253e-01
1.841000000000000000e+03 3.805473273388433154e+04 1.182835195952360150e-10 -3.589251118540914831e-11 -7.816476945998510617e-01 1.182835195952360150e-10 -3.589251118540914831e-11 -7.816476945998510617e-01
1.842000000000000000e+03 3.807540341977997741e+04 1.182361121902790203e-10 -3.589406549764362353e-11 -7.806509923753865987e-01 1.182361121902790203e-10 -3.589406549764362353e-11 -7.806509923753865987e-01
1.843000000000000000e+03 3.809607410567562329e+04 1.182151442405058341e-10 -3.588951358324266039e-11 -7.798388474480782984e-01 1.182151442405058341e-10 -3.588951358324266039e-11 -7.798388474480782984e-01
1.844000000000000000e+03 3.811674479157126916e+04 1.182336069815442400e-10 -3.593514374955475432e-11 -7.792472257576773531e-01 1.182336069815442400e-10 -3.593514374955475432e-11 -7.792472257576773531e-01
1.845000000000000000e+03 3.813741547746691504e+04 1.182841480481868584e-10 -3.596944964101567166e-11 -7.788731927424340507e-01 1.182841480481868584e-10 -3.596944964101567166e-11 -7.788731927424340507e-01
1.846000000000000000e+03 3.815808616336256091e+04 1.183568973000653549e-10 -3.598876752164414938e-11 -7.786843294368964719e-01 1.183568973000653549e-10 -3.598876752164414938e-11 -7.786843294368964719e-01
1.847000000000000000e+03 3.817875684925820678e+04 1.184493883724783160e-10 -3.605360454628225853e-11 -7.786248834568931798e-01 1.184493883724783160e-10 -3.605360454628225853e-11 -7.786248834568931798e-01
1.848000000000000000e+03 3.819942753515385266e+04 1.185540319872388987e-10 -3.610911569751351635e-11 -7.786300039023419384e-01 1.185540319872388987e-10 -3.610911569751351635e-11 -7.786300039023419384e-01
1.849000000000000000e+03 3.822009822104949853e+04 1.186590724614764264e-10 -3.617817156964520109e-11 -7.786383593365874267e-01 1.186590724614764264e-10 -3.617817156964520109e-11 -7.786383593365874267e-01
1.850000000000000000e+03 3.824076890694514441e+04 1.187569374938389181e-10 -3.618827459916929001e-11 -7.786005658798190732e-01 1.187569374938389181e-10 -3.618827459916929001e-11 -7.786005658798190732e-01
1.851000000000000000e+03 3.826143959284079028e+04 1.188404728357430575e-10 -3.622724342733363301e-11 -7.784830104760074310e-01 1.188404728357430575e-10 -3.622724342733363301e-11 -7.784830104760074310e-01
1.852000000000000000e+03 3.828211027873643616e+04 1.189097102865386020e-10 -3.625533206985664947e-11 -7.782683122644757923e-01 1.189097102865386020e-10 -3.625533206985664947e-11 -7.782683122644757923e-01
1.853000000000000000e+03 3.830278096463208203e+04 1.189634831570455089e-10 -3.631228651101992000e-11 -7.779535635879154531e-01 1.189634831570455089e-10 -3.631228651101992000e-11 -7.779535635879154531e-01
1.854000000000000000e+03 3.832345165052772791e+04 1.190073122042360474e-10 -3.629652134407024278e-11 -7.775523455698035713e-01 1.190073122042360474e-10 -3.629652134407024278e-11 -7.775523455698035713e-01
1.855000000000000000e+03 3.834412233642337378e+04 1.190351835116037657e-10 -3.633193745855578527e-11 -7.770916529950500085e-01 1.190351835116037657e-10 -3.633193745855578527e-11 -7.770916529950500085e-01
1.856000000000000000e+03 3.836479302231901966e+04 1.190683538627869459e-10 -3.635003409385717532e-11 -7.766152783200029885e-01 1.190683538627869459e-10 -3.635003409385717532e-11 -7.766152783200029885e-01
1.857000000000000000e+03 3.838546370821466553e+04 1.191014705264627616e-10 -3.637690149105310411e-11 -7.761826698302780603e-01 1.191014705264627616e-10 -3.637690149105310411e-11 -7.761826698302780603e-01
1.858000000000000000e+03 3.840613439411031140e+04 1.191594403444214556e-10 -3.638611634215749291e-11 -7.758650707045962047e-01 1.191594403444214556e-10 -3.638611634215749291e-11 -7.758650707045962047e-01
1.859000000000000000e+03 3.842680508000595728e+04 1.192447470816694291e-10 -3.641908996598886006e-11 -7.757368581889294568e-01 1.192447470816694291e-10 -3.641908996598886006e-11 -7.757368581889294568e-01
1.860000000000000000e+03 3.844747576590160315e+04 1.193681062662047148e-10 -3.651234870005737321e-11 -7.758626818319999119e-01 1.193681062662047148e-10 -3.651234870005737321e-11 -7.758626818319999119e-01
1.861000000000000000e+03 3.846814645179724903e+04 1.195390128323654129e-10 -3.652778080009966288e-11 -7.762833588064099732e-01 1.195390128323654129e-10 -3.652778080009966288e-11 -7.762833588064099732e-01
1.862000000000000000e+03 3.848881713769289490e+04 1.197562380773251489e-10 -3.664235581624097904e-11 -7.770063021862561037e-01 1.197562380773251489e-10 -3.664235581624097904e-11 -7.770063021862561037e-01
1.863000000000000000e+03 3.850948782358854078e+04 1.200165958736678222e-10 -3.676803306262854676e-11 -7.779970545260969095e-01 1.200165958736678222e-10 -3.676803306262854676e-11 -7.779970545260969095e-01
1.864000000000000000e+03 3.853015850948418665e+04 1.203068005979456620e-10 -3.683786609087746911e-11 -7.791897196833079686e-01 1.203068005979456620e-10 -3.683786609087746911e-11 -7.791897196833079686e-01
1.865000000000000000e+03 3.855082919537983253e+04 1.206097951120882483e-10 -3.694444750124148413e-11 -7.804958173520771814e-01 1.206097951120882483e-10 -3.694444750124148413e-11 -7.804958173520771814e-01
1.866000000000000000e+03 3.857149988127547840e+04 1.209198426115648773e-10 -3.707989471024575323e-11 -7.818193399750071881e-01 1.209198426115648773e-10 -3.707989471024575323e-11 -7.818193399750071881e-01
1.867000000000000000e+03 3.859217056717112428e+04 1.212088591749453468e-10 -3.719180519112796901e-11 -7.830701655990537358e-01 1.212088591749453468e-10 -3.719180519112796901e-11 -7.830701655990537358e-01
1.868000000000000000e+03 3.861284125306677015e+04 1.214835981260262391e-10 -3.728550801440633222e-11 -7.841729450751070418e-01 1.214835981260262391e-10 -3.728550801440633222e-11 -7.841729450751070418e-01
1.869000000000000000e+03 3.863351193896241602e+04 1.217269203661248297e-10 -3.735045606134690388e-11 -7.850710323000962276e-01 1.217269203661248297e-10 -3.735045606134690388e-11 -7.850710323000962276e-01
1.870000000000000000e+03 3.865418262485806190e+04 1.219249622791862642e-10 -3.745181942349518067e-11 -7.857267203243967213e-01 1.219249622791862642e-10 -3.745181942349518067e-11 -7.857267203243967213e-01
1.871000000000000000e+03 3.867485331075370777e+04 1.220878448626712729e-10 -3.752187449634902805e-11 -7.861195819539822383e-01 1.220878448626712729e-10 -3.752187449634902805e-11 -7.861195819539822383e-01
1.872000000000000000e+03 3.869552399664935365e+04 1.222067090181494968e-10 -3.755495914248285771e-11 -7.862493589334538235e-01 1.222067090181494968e-10 -3.755495914248285771e-11 -7.862493589334538235e-01
1.873000000000000000e+03 3.871619468254499952e+04 1.222795191522311697e-10 -3.755928901227889583e-11 -7.861298294998531055e-01 1.222795191522311697e-10 -3.755928901227889583e-11 -7.861298294998531055e-01
1.874000000000000000e+03 3.873686536844064540e+04 1.223366532896477228e-10 -3.758526823105512449e-11 -7.857952111098545078e-01 1.223366532896477228e-10 -3.758526823105512449e-11 -7.857952111098545078e-01
1.875000000000000000e+03 3.875753605433629127e+04 1.223576326631925290e-10 -3.759881295195555140e-11 -7.852986305524628508e-01 1.223576326631925290e-10 -3.759881295195555140e-11 -7.852986305524628508e-01
1.876000000000000000e+03 3.877820674023193715e+04 1.223730928817039782e-10 -3.762423705921946748e-11 -7.847091490877345921e-01 1.223730928817039782e-10 -3.762423705921946748e-11 -7.847091490877345921e-01
1.877000000000000000e+03 3.879887742612758302e+04 1.223812455490239770e-10 -3.766376099889612306e-11 -7.841043404364700375e-01 1.223812455490239770e-10 -3.766376099889612306e-11 -7.841043404364700375e-01
1.878000000000000000e+03 3.881954811202322890e+04 1.223934943992696297e-10 -3.768008127735811286e-11 -7.835585438274529357e-01 1.223934943992696297e-10 -3.768008127735811286e-11 -7.835585438274529357e-01
1.879000000000000000e+03 3.884021879791887477e+04 1.224318064440260353e-10 -3.767874900972856267e-11 -7.831292123537855199e-01 1.224318064440260353e-10 -3.767874900972856267e-11 -7.831292123537855199e-01
1.880000000000000000e+03 3.886088948381452064e+04 1.224894859545958323e-10 -3.775413315310061080e-11 -7.828462903303494702e-01 1.224894859545958323e-10 -3.775413315310061080e-11 -7.828462903303494702e-01
1.881000000000000000e+03 3.888156016971016652e+04 1.225729693347880384e-10 -3.777256285530938840e-11 -7.827038383429839596e-01 1.225729693347880384e-10 -3.777256285530938840e-11 -7.827038383429839596e-01
1.882000000000000000e+03 3.890223085560581239e+04 1.226673511864226548e-10 -3.782707480581848358e-11 -7.826670110350114618e-01 1.226673511864226548e-10 -3.782707480581848358e-11 -7.826670110350114618e-01
1.883000000000000000e+03 3.892290154150145827e+04 1.227747139431272748e-10 -3.789812907939449360e-11 -7.826787377413210178e-01 1.227747139431272748e-10 -3.789812907939449360e-11 -7.826787377413210178e-01
1.884000000000000000e+03 3.894357222739710414e+04 1.228761333810451988e-10 -3.794131675505241219e-11 -7.826736499451102391e-01 1.228761333810451988e-10 -3.794131675505241219e-11 -7.826736499451102391e-01
1.885000000000000000e+03 3.896424291329275002e+04 1.229633024066841116e-10 -3.798006353861183015e-11 -7.825904818205139390e-01 1.229633024066841116e-10 -3.798006353861183015e-11 -7.825904818205139390e-01
1.886000000000000000e+03 3.898491359918839589e+04 1.230334775204136493e-10 -3.801747805454169793e-11 -7.823807563520841502e-01 1.230334775204136493e-10 -3.801747805454169793e-11 -7.823807563520841502e-01
1.887000000000000000e+03 3.900558428508404177e+04 1.230792514172576798e-10 -3.807298920577295576e-11 -7.820129238110800074e-01 1.230792514172576798e-10 -3.807298920577295576e-11 -7.820129238110800074e-01
1.888000000000000000e+03 3.902625497097968764e+04 1.230931515468891451e-10 -3.803013459702242471e-11 -7.814728493329670123e-01 1.230931515468891451e-10 -3.803013459702242471e-11 -7.814728493329670123e-01
1.889000000000000000e+03 3.904692565687533352e+04 1.230829863733455991e-10 -3.806277515394640432e-11 -7.807616474885258340e-01 1.230829863733455991e-10 -3.806277515394640432e-11 -7.807616474885258340e-01
1.890000000000000000e+03 3.906759634277097939e+04 1.230447549019006776e-10 -3.808464654753151990e-11 -7.798995921551741262e-01 1.230447549019006776e-10 -3.808464654753151990e-11 -7.798995921551741262e-01
1.891000000000000000e+03 3.908826702866662527e+04 1.229966731422304757e-10 -3.808042770003794431e-11 -7.789207588545157268e-01 1.229966731422304757e-10 -3.808042770003794431e-11 -7.789207588545157268e-01
1.892000000000000000e+03 3.910893771456227114e+04 1.229351703624044551e-10 -3.805344928053955300e-11 -7.778765895921772033e-01 1.229351703624044551e-10 -3.805344928053955300e-11 -7.778765895921772033e-01
1.893000000000000000e+03 3.912960840045791701e+04 1.228691450209138939e-10 -3.801703396533184787e-11 -7.768361235613636673e-01 1.228691450209138939e-10 -3.801703396533184787e-11 -7.768361235613636673e-01
1.894000000000000000e+03 3.915027908635356289e+04 1.228259873675164698e-10 -3.806510662229811714e-11 -7.758824124273552281e-01 1.228259873675164698e-10 -3.806510662229811714e-11 -7.758824124273552281e-01
1.895000000000000000e+03 3.917094977224920876e+04 1.228079365693443940e-10 -3.804734305390411464e-11 -7.751044373399846865e-01 1.228079365693443940e-10 -3.804734305390411464e-11 -7.751044373399846865e-01
1.896000000000000000e+03 3.919162045814485464e+04 1.228291464858017670e-10 -3.803979353733666358e-11 -7.745843992221495000e-01 1.228291464858017670e-10 -3.803979353733666358e-11 -7.745843992221495000e-01
1.897000000000000000e+03 3.921229114404050051e+04 1.229053435674101751e-10 -3.810496362888216026e-11 -7.743829200236048704e-01 1.229053435674101751e-10 -3.810496362888216026e-11 -7.743829200236048704e-01
1.898000000000000000e+03 3.923296182993614639e+04 1.230328948475060080e-10 -3.815880944557648036e-11 -7.745265079099725725e-01 1.230328948475060080e-10 -3.815880944557648036e-11 -7.745265079099725725e-01
1.899000000000000000e+03 3.925363251583179226e+04 1.232163091724291824e-10 -3.823008576375741541e-11 -7.750015690415992253e-01 1.232163091724291824e-10 -3.823008576375741541e-11 -7.750015690415992253e-01
1.900000000000000000e+03 3.927430320172743814e+04 1.234410638609849659e-10 -3.835487483172528300e-11 -7.757573239850756863e-01 1.234410638609849659e-10 -3.835487483172528300e-11 -7.757573239850756863e-01
1.901000000000000000e+03 3.929497388762308401e+04 1.236996436515065571e-10 -3.841926776715354208e-11 -7.767163686714657622e-01 1.236996436515065571e-10 -3.841926776715354208e-11 -7.767163686714657622e-01
1.902000000000000000e+03 3.931564457351872989e+04 1.239731301547338498e-10 -3.851585717029593070e-11 -7.777892524054124124e-01 1.239731301547338498e-10 -3.851585717029593070e-11 -7.777892524054124124e-01
1.903000000000000000e+03 3.933631525941437576e+04 1.242548862678707061e-10 -3.863454001162835993e-11 -7.788883978308145384e-01 1.242548862678707061e-10 -3.863454001162835993e-11 -7.788883978308145384e-01
1.904000000000000000e+03 3.935698594531002163e+04 1.245248399831602078e-10 -3.872413500971561007e-11 -7.799380329876502982e-01 1.245248399831602078e-10 -3.872413500971561007e-11 -7.799380329876502982e-01
1.905000000000000000e+03 3.937765663120566751e+04 1.247727220680014133e-10 -3.884792487696131502e-11 -7.808790965533688455e-01 1.247727220680014133e-10 -3.884792487696131502e-11 -7.808790965533688455e-01
1.906000000000000000e+03 3.939832731710131338e+04 1.250022138020280010e-10 -3.887090649357105576e-11 -7.816700757334261729e-01 1.250022138020280010e-10 -3.887090649357105576e-11 -7.816700757334261729e-01
1.907000000000000000e+03 3.941899800299695926e+04 1.252013903960781487e-10 -3.896405420533710640e-11 -7.822854257419471491e-01 1.252013903960781487e-10 -3.896405420533710640e-11 -7.822854257419471491e-01
1.908000000000000000e+03 3.943966868889260513e+04 1.253686916400574199e-10 -3.902123069110530196e-11 -7.827185538737060355e-01 1.253686916400574199e-10 -3.902123069110530196e-11 -7.827185538737060355e-01
1.909000000000000000e+03 3.946033937478825101e+04 1.255106071998997331e-10 -3.907751899845379739e-11 -7.829764826371155007e-01 1.255106071998997331e-10 -3.907751899845379739e-11 -7.829764826371155007e-01
1.910000000000000000e+03 3.948101006068389688e+04 1.256321430203589436e-10 -3.908828816179266141e-11 -7.830838980142393879e-01 1.256321430203589436e-10 -3.908828816179266141e-11 -7.830838980142393879e-01
1.911000000000000000e+03 3.950168074657954276e+04 1.257318910458698027e-10 -3.920019864267487719e-11 -7.830836033493115966e-01 1.257318910458698027e-10 -3.920019864267487719e-11 -7.830836033493115966e-01
1.912000000000000000e+03 3.952235143247518863e+04 1.258287861414782614e-10 -3.918210200737348714e-11 -7.830334050066872775e-01 1.258287861414782614e-10 -3.918210200737348714e-11 -7.830334050066872775e-01
1.913000000000000000e+03 3.954302211837083451e+04 1.259241503372761428e-10 -3.925881841837508546e-11 -7.829991871985788610e-01 1.259241503372761428e-10 -3.925881841837508546e-11 -7.829991871985788610e-01
1.914000000000000000e+03 3.956369280426648038e+04 1.260357769559972713e-10 -3.932165704156886932e-11 -7.830436775030756857e-01 1.260357769559972713e-10 -3.932165704156886932e-11 -7.830436775030756857e-01
1.915000000000000000e+03 3.958436349016212625e+04 1.261583607800569251e-10 -3.940570092453299367e-11 -7.832131138874345311e-01 1.261583607800569251e-10 -3.940570092453299367e-11 -7.832131138874345311e-01
1.916000000000000000e+03 3.960503417605777213e+04 1.263158241091270975e-10 -3.943845250375943579e-11 -7.835264239898456218e-01 1.263158241091270975e-10 -3.943845250375943579e-11 -7.835264239898456218e-01
1.917000000000000000e+03 3.962570486195341800e+04 1.264886805630167178e-10 -3.952038696297677234e-11 -7.839674007482645424e-01 1.264886805630167178e-10 -3.952038696297677234e-11 -7.839674007482645424e-01
1.918000000000000000e+03 3.964637554784906388e+04 1.266743567991384607e-10 -3.959788053009560826e-11 -7.844902845310338657e-01 1.266743567991384607e-10 -3.959788053009560826e-11 -7.844902845310338657e-01
1.919000000000000000e+03 3.966704623374470975e+04 1.268627029253082580e-10 -3.970435091815716078e-11 -7.850270467424786958e-01 1.268627029253082580e-10 -3.970435091815716078e-11 -7.850270467424786958e-01
1.920000000000000000e+03 3.968771691964035563e+04 1.270413340784646365e-10 -3.979483409466411103e-11 -7.855012918052618476e-01 1.270413340784646365e-10 -3.979483409466411103e-11 -7.855012918052618476e-01
1.921000000000000000e+03 3.970838760553600150e+04 1.271934858829718424e-10 -3.983502416815554170e-11 -7.858410620677102054e-01 1.271934858829718424e-10 -3.983502416815554170e-11 -7.858410620677102054e-01
1.922000000000000000e+03 3.972905829143164738e+04 1.273190014444650726e-10 -3.987121743875832180e-11 -7.859880205325328051e-01 1.273190014444650726e-10 -3.987121743875832180e-11 -7.859880205325328051e-01
1.923000000000000000e+03 3.974972897732729325e+04 1.274076949710934465e-10 -3.990263675035521374e-11 -7.859020088093450207e-01 1.274076949710934465e-10 -3.990263675035521374e-11 -7.859020088093450207e-01
1.924000000000000000e+03 3.977039966322293913e+04 1.274533210514129531e-10 -3.991695862737287825e-11 -7.855619247065510624e-01 1.274533210514129531e-10 -3.991695862737287825e-11 -7.855619247065510624e-01
1.925000000000000000e+03 3.979107034911858500e+04 1.274557247387537954e-10 -3.994105046700724415e-11 -7.849633196278604785e-01 1.274557247387537954e-10 -3.994105046700724415e-11 -7.849633196278604785e-01
1.926000000000000000e+03 3.981174103501423087e+04 1.274154954661742053e-10 -3.996714070808593533e-11 -7.841213149873849098e-01 1.274154954661742053e-10 -3.996714070808593533e-11 -7.841213149873849098e-01
1.927000000000000000e+03 3.983241172090987675e+04 1.273475887884277779e-10 -3.993461117346441824e-11 -7.830674848859721093e-01 1.273475887884277779e-10 -3.993461117346441824e-11 -7.830674848859721093e-01
1.928000000000000000e+03 3.985308240680552262e+04 1.272488522802322315e-10 -3.991074137843497738e-11 -7.818513971974916377e-01 1.272488522802322315e-10 -3.991074137843497738e-11 -7.818513971974916377e-01
1.929000000000000000e+03 3.987375309270116850e+04 1.271415938966056441e-10 -3.989253372083112481e-11 -7.805420415559815028e-01 1.271415938966056441e-10 -3.989253372083112481e-11 -7.805420415559815028e-01
1.930000000000000000e+03 3.989442377859681437e+04 1.270295152504130695e-10 -3.989342189925082494e-11 -7.792250537916932673e-01 1.270295152504130695e-10 -3.989342189925082494e-11 -7.792250537916932673e-01
1.931000000000000000e+03 3.991509446449246025e+04 1.269329741946981722e-10 -3.985711760634558232e-11 -7.779956681835151766e-01 1.269329741946981722e-10 -3.985711760634558232e-11 -7.779956681835151766e-01
1.932000000000000000e+03 3.993576515038810612e+04 1.268663028578959175e-10 -3.988864794024493676e-11 -7.769468104967321986e-01 1.268663028578959175e-10 -3.988864794024493676e-11 -7.769468104967321986e-01
1.933000000000000000e+03 3.995643583628375200e+04 1.268413730495415361e-10 -3.986722063586967124e-11 -7.761544185951794184e-01 1.268413730495415361e-10 -3.986722063586967124e-11 -7.761544185951794184e-01
1.934000000000000000e+03 3.997710652217939787e+04 1.268682333727220828e-10 -3.988376295893658607e-11 -7.756646526225772220e-01 1.268682333727220828e-10 -3.988376295893658607e-11 -7.756646526225772220e-01
1.935000000000000000e+03 3.999777720807504375e+04 1.269454908590227034e-10 -3.996392106131452238e-11 -7.754832805453083511e-01 1.269454908590227034e-10 -3.996392106131452238e-11 -7.754832805453083511e-01
1.936000000000000000e+03 4.001844789397068962e+04 1.270683954732491227e-10 -4.002431719385413089e-11 -7.755807377970121985e-01 1.270683954732491227e-10 -4.002431719385413089e-11 -7.755807377970121985e-01
1.937000000000000000e+03 4.003911857986633549e+04 1.272236934881221556e-10 -4.006550646806772420e-11 -7.758983839516934156e-01 1.272236934881221556e-10 -4.006550646806772420e-11 -7.758983839516934156e-01
1.938000000000000000e+03 4.005978926576198137e+04 1.274063433702635598e-10 -4.014288901288409761e-11 -7.763621782863446841e-01 1.274063433702635598e-10 -4.014288901288409761e-11 -7.763621782863446841e-01
1.939000000000000000e+03 4.008045995165762724e+04 1.276038275893951602e-10 -4.023126276564426007e-11 -7.768968760440364552e-01 1.276038275893951602e-10 -4.023126276564426007e-11 -7.768968760440364552e-01
1.940000000000000000e+03 4.010113063755327312e+04 1.277938347901219990e-10 -4.029354627732573135e-11 -7.774364404965623532e-01 1.277938347901219990e-10 -4.029354627732573135e-11 -7.774364404965623532e-01
1.941000000000000000e+03 4.012180132344891899e+04 1.279765677259293072e-10 -4.036271317175987861e-11 -7.779296544341366415e-01 1.279765677259293072e-10 -4.036271317175987861e-11 -7.779296544341366415e-01
1.942000000000000000e+03 4.014247200934456487e+04 1.281456289959228996e-10 -4.045097590221757855e-11 -7.783416287340223505e-01 1.281456289959228996e-10 -4.045097590221757855e-11 -7.783416287340223505e-01
1.943000000000000000e+03 4.016314269524021074e+04 1.283000590338606132e-10 -4.051337043620151235e-11 -7.786524763341857724e-01 1.283000590338606132e-10 -4.051337043620151235e-11 -7.786524763341857724e-01
1.944000000000000000e+03 4.018381338113585662e+04 1.284341269405010024e-10 -4.054012681109497862e-11 -7.788587377076887641e-01 1.284341269405010024e-10 -4.054012681109497862e-11 -7.788587377076887641e-01
1.945000000000000000e+03 4.020448406703150249e+04 1.285549862649504292e-10 -4.057076896657463294e-11 -7.789704986902376005e-01 1.285549862649504292e-10 -4.057076896657463294e-11 -7.789704986902376005e-01
1.946000000000000000e+03 4.022515475292714837e+04 1.286697727192545881e-10 -4.061728731130642700e-11 -7.790141325665421723e-01 1.286697727192545881e-10 -4.061728731130642700e-11 -7.790141325665421723e-01
1.947000000000000000e+03 4.024582543882279424e+04 1.287737201376478819e-10 -4.067435277477216005e-11 -7.790324707175754204e-01 1.287737201376478819e-10 -4.067435277477216005e-11 -7.790324707175754204e-01
1.948000000000000000e+03 4.026649612471844011e+04 1.288851592359513931e-10 -4.071809556194239121e-11 -7.790823239909557829e-01 1.288851592359513931e-10 -4.071809556194239121e-11 -7.790823239909557829e-01
1.949000000000000000e+03 4.028716681061408599e+04 1.290168428434877902e-10 -4.081257554133799204e-11 -7.792278602831975709e-01 1.290168428434877902e-10 -4.081257554133799204e-11 -7.792278602831975709e-01
1.950000000000000000e+03 4.030783749650973186e+04 1.291698586812524465e-10 -4.087952198972288897e-11 -7.795295020332884128e-01 1.291698586812524465e-10 -4.087952198972288897e-11 -7.795295020332884128e-01
1.951000000000000000e+03 4.032850818240537774e+04 1.293561981280777207e-10 -4.095657146763187484e-11 -7.800304734638228155e-01 1.293561981280777207e-10 -4.095657146763187484e-11 -7.800304734638228155e-01
1.952000000000000000e+03 4.034917886830102361e+04 1.295817920036942472e-10 -4.102629347357833467e-11 -7.807455680916899343e-01 1.295817920036942472e-10 -4.102629347357833467e-11 -7.807455680916899343e-01
1.953000000000000000e+03 4.036984955419666949e+04 1.298360321684872537e-10 -4.116096352646536616e-11 -7.816531984050824056e-01 1.298360321684872537e-10 -4.116096352646536616e-11 -7.816531984050824056e-01
1.954000000000000000e+03 4.039052024009231536e+04 1.301136864986857093e-10 -4.127853614477317024e-11 -7.826972287657250060e-01 1.301136864986857093e-10 -4.127853614477317024e-11 -7.826972287657250060e-01
1.955000000000000000e+03 4.041119092598796124e+04 1.304013155744860343e-10 -4.136990749969982062e-11 -7.837995268206566779e-01 1.304013155744860343e-10 -4.136990749969982062e-11 -7.837995268206566779e-01
1.956000000000000000e+03 4.043186161188360711e+04 1.306795946424623086e-10 -4.147560073164413552e-11 -7.848707195166496620e-01 1.306795946424623086e-10 -4.147560073164413552e-11 -7.848707195166496620e-01
1.957000000000000000e+03 4.045253229777925299e+04 1.309403870731387535e-10 -4.156830435420033609e-11 -7.858246418401932942e-01 1.309403870731387535e-10 -4.156830435420033609e-11 -7.858246418401932942e-01
1.958000000000000000e+03 4.047320298367489886e+04 1.311681784914221529e-10 -4.165112699183737277e-11 -7.865884202789977797e-01 1.311681784914221529e-10 -4.165112699183737277e-11 -7.865884202789977797e-01
1.959000000000000000e+03 4.049387366957054473e+04 1.313509365500308158e-10 -4.174804946188714894e-11 -7.871076915346718605e-01 1.313509365500308158e-10 -4.174804946188714894e-11 -7.871076915346718605e-01
1.960000000000000000e+03 4.051454435546619061e+04 1.314954560222679595e-10 -4.178923873610074224e-11 -7.873477768760897000e-01 1.314954560222679595e-10 -4.178923873610074224e-11 -7.873477768760897000e-01
1.961000000000000000e+03 4.053521504136183648e+04 1.315883737975463687e-10 -4.182287849374688449e-11 -7.872927635946515013e-01 1.315883737975463687e-10 -4.182287849374688449e-11 -7.872927635946515013e-01
1.962000000000000000e+03 4.055588572725748236e+04 1.316258795177066975e-10 -4.185751745211518937e-11 -7.869445741720473286e-01 1.316258795177066975e-10 -4.185751745211518937e-11 -7.869445741720473286e-01
1.963000000000000000e+03 4.057655641315312823e+04 1.316204330042310980e-10 -4.186484492407771540e-11 -7.863229741783298588e-01 1.316204330042310980e-10 -4.186484492407771540e-11 -7.863229741783298588e-01
1.964000000000000000e+03 4.059722709904877411e+04 1.315821943092650332e-10 -4.187805657807075477e-11 -7.854667380147043465e-01 1.315821943092650332e-10 -4.187805657807075477e-11 -7.854667380147043465e-01
1.965000000000000000e+03 4.061789778494441998e+04 1.315064683945408505e-10 -4.185563007297332661e-11 -7.844343539462174109e-01 1.315064683945408505e-10 -4.185563007297332661e-11 -7.844343539462174109e-01
1.966000000000000000e+03 4.063856847084006586e+04 1.314190724948329658e-10 -4.185107815857236346e-11 -7.833023543051084170e-01 1.314190724948329658e-10 -4.185107815857236346e-11 -7.833023543051084170e-01
1.967000000000000000e+03 4.065923915673571173e+04 1.313339532663951201e-10 -4.184397273121476246e-11 -7.821593540403101175e-01 1.313339532663951201e-10 -4.184397273121476246e-11 -7.821593540403101175e-01
1.968000000000000000e+03 4.067990984263135761e+04 1.312586895618997384e-10 -4.186861968236144094e-11 -7.810952711553855732e-01 1.312586895618997384e-10 -4.186861968236144094e-11 -7.810952711553855732e-01
1.969000000000000000e+03 4.070058052852700348e+04 1.312058109257725314e-10 -4.186151425500383993e-11 -7.801874162460329387e-01 1.312058109257725314e-10 -4.186151425500383993e-11 -7.801874162460329387e-01
1.970000000000000000e+03 4.072125121442264935e+04 1.311975996270083716e-10 -4.185629620678810170e-11 -7.794876871660055828e-01 1.311975996270083716e-10 -4.185629620678810170e-11 -7.794876871660055828e-01
1.971000000000000000e+03 4.074192190031829523e+04 1.312262154560550590e-10 -4.190281455151989576e-11 -7.790117810670618148e-01 1.312262154560550590e-10 -4.190281455151989576e-11 -7.790117810670618148e-01
1.972000000000000000e+03 4.076259258621394110e+04 1.312840529512602612e-10 -4.194533609336303925e-11 -7.787403077051660016e-01 1.312840529512602612e-10 -4.194533609336303925e-11 -7.787403077051660016e-01
1.973000000000000000e+03 4.078326327210958698e+04 1.313651168856356627e-10 -4.197420189200329332e-11 -7.786273359042561459e-01 1.313651168856356627e-10 -4.197420189200329332e-11 -7.786273359042561459e-01
1.974000000000000000e+03 4.080393395800523285e+04 1.314667115206696451e-10 -4.205213954833197931e-11 -7.786105637266811375e-01 1.314667115206696451e-10 -4.205213954833197931e-11 -7.786105637266811375e-01
1.975000000000000000e+03 4.082460464390087873e+04 1.315743461924959202e-10 -4.208533521676827149e-11 -7.786256130023565536e-01 1.315743461924959202e-10 -4.208533521676827149e-11 -7.786256130023565536e-01
1.976000000000000000e+03 4.084527532979652460e+04 1.316739910262120153e-10 -4.212152848737105160e-11 -7.786165977319026155e-01 1.316739910262120153e-10 -4.212152848737105160e-11 -7.786165977319026155e-01
1.977000000000000000e+03 4.086594601569217048e+04 1.317682660165609524e-10 -4.218780880194117344e-11 -7.785420975527870269e-01 1.317682660165609524e-10 -4.218780880194117344e-11 -7.785420975527870269e-01
1.978000000000000000e+03 4.088661670158781635e+04 1.318381408363054676e-10 -4.218991822568796124e-11 -7.783769907865976112e-01 1.318381408363054676e-10 -4.218991822568796124e-11 -7.783769907865976112e-01
1.979000000000000000e+03 4.090728738748346223e+04 1.318981334341392107e-10 -4.221578642216172739e-11 -7.781115852270970024e-01 1.318981334341392107e-10 -4.221578642216172739e-11 -7.781115852270970024e-01
1.980000000000000000e+03 4.092795807337910810e+04 1.319380195921500490e-10 -4.226630156978217201e-11 -7.777514564701184518e-01 1.319380195921500490e-10 -4.226630156978217201e-11 -7.777514564701184518e-01
1.981000000000000000e+03 4.094862875927475397e+04 1.319652383903873360e-10 -4.224709471145615680e-11 -7.773170050212129256e-01 1.319652383903873360e-10 -4.224709471145615680e-11 -7.773170050212129256e-01
1.982000000000000000e+03 4.096929944517039985e+04 1.319899514525538013e-10 -4.233102757211781864e-11 -7.768438783244514534e-01 1.319899514525538013e-10 -4.233102757211781864e-11 -7.768438783244514534e-01
1.983000000000000000e+03 4.098997013106604572e+04 1.320142146509658689e-10 -4.233491335270400668e-11 -7.763841965473139428e-01 1.320142146509658689e-10 -4.233491335270400668e-11 -7.763841965473139428e-01
1.984000000000000000e+03 4.101064081696169160e+04 1.320596367367403071e-10 -4.235833905852359749e-11 -7.760042747114720418e-01 1.320596367367403071e-10 -4.235833905852359749e-11 -7.760042747114720418e-01
1.985000000000000000e+03 4.103131150285733747e+04 1.321190907644268492e-10 -4.240963136226127972e-11 -7.757783243561181541e-01 1.321190907644268492e-10 -4.240963136226127972e-11 -7.757783243561181541e-01
1.986000000000000000e+03 4.105198218875298335e+04 1.322255886623710578e-10 -4.243927431701877140e-11 -7.757773848434772468e-01 1.322255886623710578e-10 -4.243927431701877140e-11 -7.757773848434772468e-01
1.987000000000000000e+03 4.107265287464862922e+04 1.323825340824498884e-10 -4.252176388774842053e-11 -7.760552857918081582e-01 1.323825340824498884e-10 -4.252176388774842053e-11 -7.760552857918081582e-01
1.988000000000000000e+03 4.109332356054427510e+04 1.325849268016371552e-10 -4.263034369955676084e-11 -7.766363813830240437e-01 1.325849268016371552e-10 -4.263034369955676084e-11 -7.766363813830240437e-01
1.989000000000000000e+03 4.111399424643992097e+04 1.328377179358215552e-10 -4.272537879046467424e-11 -7.775063612758409404e-01 1.328377179358215552e-10 -4.272537879046467424e-11 -7.775063612758409404e-01
1.990000000000000000e+03 4.113466493233556685e+04 1.331313537944182462e-10 -4.283295940155085191e-11 -7.786129590939273593e-01 1.331313537944182462e-10 -4.283295940155085191e-11 -7.786129590939273593e-01
1.991000000000000000e+03 4.115533561823121272e+04 1.334550039963307385e-10 -4.295586109037685674e-11 -7.798769387794470820e-01 1.334550039963307385e-10 -4.295586109037685674e-11 -7.798769387794470820e-01
1.992000000000000000e+03 4.117600630412685859e+04 1.337845237458437967e-10 -4.308120526985703691e-11 -7.812040077669580862e-01 1.337845237458437967e-10 -4.308120526985703691e-11 -7.812040077669580862e-01
1.993000000000000000e+03 4.119667699002250447e+04 1.341074204476402653e-10 -4.320122037881901633e-11 -7.824998112361550850e-01 1.341074204476402653e-10 -4.320122037881901633e-11 -7.824998112361550850e-01
1.994000000000000000e+03 4.121734767591815034e+04 1.344132986262183058e-10 -4.334022030150208593e-11 -7.836811545766683151e-01 1.344132986262183058e-10 -4.334022030150208593e-11 -7.836811545766683151e-01
1.995000000000000000e+03 4.123801836181379622e+04 1.346844348625112617e-10 -4.341982329236770966e-11 -7.846822344508406211e-01 1.346844348625112617e-10 -4.341982329236770966e-11 -7.846822344508406211e-01
1.996000000000000000e+03 4.125868904770944209e+04 1.349163976429403923e-10 -4.350708682210324696e-11 -7.854564289212579986e-01 1.349163976429403923e-10 -4.350708682210324696e-11 -7.854564289212579986e-01
1.997000000000000000e+03 4.127935973360508797e+04 1.351049106613525693e-10 -4.355626970209414139e-11 -7.859749950171899258e-01 1.351049106613525693e-10 -4.355626970209414139e-11 -7.859749950171899258e-01
1.998000000000000000e+03 4.130003041950073384e+04 1.352492476336749526e-10 -4.362699090876276387e-11 -7.862284500532431553e-01 1.352492476336749526e-10 -4.362699090876276387e-11 -7.862284500532431553e-01
1.999000000000000000e+03 4.132070110539637972e+04 1.353479867296316590e-10 -4.368105877006200899e-11 -7.862234556667562213e-01 1.353479867296316590e-10 -4.368105877006200899e-11 -7.862234556667562213e-01
2.000000000000000000e+03 4.134137179129202559e+04 1.354037506535017892e-10 -4.371070172481950067e-11 -7.859843784501457931e-01 1.354037506535017892e-10 -4.371070172481950067e-11 -7.859843784501457931e-01
