# Step, Time, then (qa, pa, Ea) per photon mode (all in a.u.)
0.000000000000000000e+00 0.000000000000000000e+00 0.000000000000000000e+00 0.000000000000000000e+00 0.000000000000000000e+00
1.000000000000000000e+00 2.067068589564640035e+01 0.000000000000000000e+00 0.000000000000000000e+00 0.000000000000000000e+00
2.000000000000000000e+00 4.134137179129280071e+01 0.000000000000000000e+00 0.000000000000000000e+00 0.000000000000000000e+00
3.000000000000000000e+00 6.201205768693920106e+01 0.000000000000000000e+00 0.000000000000000000e+00 0.000000000000000000e+00
4.000000000000000000e+00 8.268274358258560142e+01 0.000000000000000000e+00 0.000000000000000000e+00 0.000000000000000000e+00
5.000000000000000000e+00 1.033534294782320018e+02 0.000000000000000000e+00 0.000000000000000000e+00 0.000000000000000000e+00
6.000000000000000000e+00 1.240241153738784021e+02 0.000000000000000000e+00 0.000000000000000000e+00 0.000000000000000000e+00
7.000000000000000000e+00 1.446948012695248167e+02 0.000000000000000000e+00 0.000000000000000000e+00 0.000000000000000000e+00
8.000000000000000000e+00 1.653654871651712028e+02 0.000000000000000000e+00 0.000000000000000000e+00 0.000000000000000000e+00
9.000000000000000000e+00 1.860361730608175890e+02 0.000000000000000000e+00 0.000000000000000000e+00 0.000000000000000000e+00
1.000000000000000000e+01 2.067068589564639751e+02 0.000000000000000000e+00 0.000000000000000000e+00 0.000000000000000000e+00
1.100000000000000000e+01 2.273775448521103613e+02 0.000000000000000000e+00 0.000000000000000000e+00 0.000000000000000000e+00
1.200000000000000000e+01 2.480482307477567474e+02 0.000000000000000000e+00 0.000000000000000000e+00 0.000000000000000000e+00
1.300000000000000000e+01 2.687189166434031335e+02 0.000000000000000000e+00 0.000000000000000000e+00 0.000000000000000000e+00
1.400000000000000000e+01 2.893896025390495197e+02 0.000000000000000000e+00 0.000000000000000000e+00 0.000000000000000000e+00
1.500000000000000000e+01 3.100602884346959058e+02 0.000000000000000000e+00 0.000000000000000000e+00 0.000000000000000000e+00
1.600000000000000000e+01 3.307309743303422920e+02 0.000000000000000000e+00 0.000000000000000000e+00 0.000000000000000000e+00
1.700000000000000000e+01 3.514016602259886781e+02 0.000000000000000000e+00 0.000000000000000000e+00 0.000000000000000000e+00
1.800000000000000000e+01 3.720723461216350643e+02 0.000000000000000000e+00 0.000000000000000000e+00 0.000000000000000000e+00
1.900000000000000000e+01 3.927430320172814504e+02 0.000000000000000000e+00 0.000000000000000000e+00 0.000000000000000000e+00
2.000000000000000000e+01 4.134137179129278366e+02 0.000000000000000000e+00 0.000000000000000000e+00 0.000000000000000000e+00
2.100000000000000000e+01 4.340844038085742227e+02 0.000000000000000000e+00 0.000000000000000000e+00 0.000000000000000000e+00
2.200000000000000000e+01 4.547550897042206088e+02 0.000000000000000000e+00 0.000000000000000000e+00 0.000000000000000000e+00
2.300000000000000000e+01 4.754257755998669950e+02 0.000000000000000000e+00 0.000000000000000000e+00 0.000000000000000000e+00
2.400000000000000000e+01 4.960964614955133811e+02 0.000000000000000000e+00 0.000000000000000000e+00 0.000000000000000000e+00
2.500000000000000000e+01 5.167671473911598241e+02 0.000000000000000000e+00 0.000000000000000000e+00 0.000000000000000000e+00
2.600000000000000000e+01 5.374378332868062671e+02 0.000000000000000000e+00 0.000000000000000000e+00 0.000000000000000000e+00
2.700000000000000000e+01 5.581085191824527101e+02 0.000000000000000000e+00 0.000000000000000000e+00 0.000000000000000000e+00
2.800000000000000000e+01 5.787792050780991531e+02 0.000000000000000000e+00 0.000000000000000000e+00 0.000000000000000000e+00
2.900000000000000000e+01 5.994498909737455961e+02 0.000000000000000000e+00 0.000000000000000000e+00 0.000000000000000000e+00
3.000000000000000000e+01 6.201205768693920390e+02 0.000000000000000000e+00 0.000000000000000000e+00 0.000000000000000000e+00
3.100000000000000000e+01 6.407912627650384820e+02 0.000000000000000000e+00 0.000000000000000000e+00 0.000000000000000000e+00
3.200000000000000000e+01 6.614619486606849250e+02 0.000000000000000000e+00 0.000000000000000000e+00 0.000000000000000000e+00
3.300000000000000000e+01 6.821326345563313680e+02 0.000000000000000000e+00 0.000000000000000000e+00 0.000000000000000000e+00
3.400000000000000000e+01 7.028033204519778110e+02 0.000000000000000000e+00 0.000000000000000000e+00 0.000000000000000000e+00
3.500000000000000000e+01 7.234740063476242540e+02 0.000000000000000000e+00 0.000000000000000000e+00 0.000000000000000000e+00
3.600000000000000000e+01 7.441446922432706970e+02 0.000000000000000000e+00 0.000000000000000000e+00 0.000000000000000000e+00
3.700000000000000000e+01 7.648153781389171399e+02 0.000000000000000000e+00 0.000000000000000000e+00 0.000000000000000000e+00
3.800000000000000000e+01 7.854860640345635829e+02 0.000000000000000000e+00 0.000000000000000000e+00 0.000000000000000000e+00
3.900000000000000000e+01 8.061567499302100259e+02 0.000000000000000000e+00 0.000000000000000000e+00 0.000000000000000000e+00
4.000000000000000000e+01 8.268274358258564689e+02 0.000000000000000000e+00 0.000000000000000000e+00 0.000000000000000000e+00
4.100000000000000000e+01 8.474981217215029119e+02 0.000000000000000000e+00 0.000000000000000000e+00 0.000000000000000000e+00
4.200000000000000000e+01 8.681688076171493549e+02 0.000000000000000000e+00 0.000000000000000000e+00 0.000000000000000000e+00
4.300000000000000000e+01 8.888394935127957979e+02 0.000000000000000000e+00 0.000000000000000000e+00 0.000000000000000000e+00
4.400000000000000000e+01 9.095101794084422409e+02 0.000000000000000000e+00 0.000000000000000000e+00 0.000000000000000000e+00
4.500000000000000000e+01 9.301808653040886838e+02 0.000000000000000000e+00 0.000000000000000000e+00 0.000000000000000000e+00
4.600000000000000000e+01 9.508515511997351268e+02 0.000000000000000000e+00 0.000000000000000000e+00 0.000000000000000000e+00
4.700000000000000000e+01 9.715222370953815698e+02 0.000000000000000000e+00 0.000000000000000000e+00 0.000000000000000000e+00
4.800000000000000000e+01 9.921929229910280128e+02 0.000000000000000000e+00 0.000000000000000000e+00 0.000000000000000000e+00
4.900000000000000000e+01 1.012863608886674456e+03 0.000000000000000000e+00 0.000000000000000000e+00 0.000000000000000000e+00
5.000000000000000000e+01 1.033534294782320785e+03 0.000000000000000000e+00 0.000000000000000000e+00 0.000000000000000000e+00
5.100000000000000000e+01 1.054204980677967114e+03 0.000000000000000000e+00 0.000000000000000000e+00 0.000000000000000000e+00
5.200000000000000000e+01 1.074875666573613444e+03 0.000000000000000000e+00 0.000000000000000000e+00 0.000000000000000000e+00
5.300000000000000000e+01 1.095546352469259773e+03 0.000000000000000000e+00 0.000000000000000000e+00 0.000000000000000000e+00
5.400000000000000000e+01 1.116217038364906102e+03 0.000000000000000000e+00 0.000000000000000000e+00 0.000000000000000000e+00
5.500000000000000000e+01 1.136887724260552432e+03 0.000000000000000000e+00 0.000000000000000000e+00 0.000000000000000000e+00
5.600000000000000000e+01 1.157558410156198761e+03 0.000000000000000000e+00 0.000000000000000000e+00 0.000000000000000000e+00
5.700000000000000000e+01 1.178229096051845090e+03 0.000000000000000000e+00 0.000000000000000000e+00 0.000000000000000000e+00
5.800000000000000000e+01 1.198899781947491419e+03 0.000000000000000000e+00 0.000000000000000000e+00 0.000000000000000000e+00
5.900000000000000000e+01 1.219570467843137749e+03 0.000000000000000000e+00 0.000000000000000000e+00 0.000000000000000000e+00
6.000000000000000000e+01 1.240241153738784078e+03 0.000000000000000000e+00 0.000000000000000000e+00 0.000000000000000000e+00
6.100000000000000000e+01 1.260911839634430407e+03 0.000000000000000000e+00 0.000000000000000000e+00 0.000000000000000000e+00
6.200000000000000000e+01 1.281582525530076737e+03 0.000000000000000000e+00 0.000000000000000000e+00 0.000000000000000000e+00
6.300000000000000000e+01 1.302253211425723066e+03 0.000000000000000000e+00 0.000000000000000000e+00 0.000000000000000000e+00
6.400000000000000000e+01 1.322923897321369395e+03 0.000000000000000000e+00 0.000000000000000000e+00 0.000000000000000000e+00
6.500000000000000000e+01 1.343594583217015725e+03 0.000000000000000000e+00 0.000000000000000000e+00 0.000000000000000000e+00
6.600000000000000000e+01 1.364265269112662054e+03 0.000000000000000000e+00 0.000000000000000000e+00 0.000000000000000000e+00
6.700000000000000000e+01 1.384935955008308383e+03 0.000000000000000000e+00 0.000000000000000000e+00 0.000000000000000000e+00
6.800000000000000000e+01 1.405606640903954712e+03 0.000000000000000000e+00 0.000000000000000000e+00 0.000000000000000000e+00
6.900000000000000000e+01 1.426277326799601042e+03 0.000000000000000000e+00 0.000000000000000000e+00 0.000000000000000000e+00
7.000000000000000000e+01 1.446948012695247371e+03 0.000000000000000000e+00 0.000000000000000000e+00 0.000000000000000000e+00
7.100000000000000000e+01 1.467618698590893700e+03 0.000000000000000000e+00 0.000000000000000000e+00 0.000000000000000000e+00
7.200000000000000000e+01 1.488289384486540030e+03 0.000000000000000000e+00 0.000000000000000000e+00 0.000000000000000000e+00
7.300000000000000000e+01 1.508960070382186359e+03 0.000000000000000000e+00 0.000000000000000000e+00 0.000000000000000000e+00
7.400000000000000000e+01 1.529630756277832688e+03 0.000000000000000000e+00 0.000000000000000000e+00 0.000000000000000000e+00
7.500000000000000000e+01 1.550301442173479018e+03 0.000000000000000000e+00 0.000000000000000000e+00 0.000000000000000000e+00
7.600000000000000000e+01 1.570972128069125347e+03 0.000000000000000000e+00 0.000000000000000000e+00 0.000000000000000000e+00
7.700000000000000000e+01 1.591642813964771676e+03 0.000000000000000000e+00 0.000000000000000000e+00 0.000000000000000000e+00
7.800000000000000000e+01 1.612313499860418005e+03 0.000000000000000000e+00 0.000000000000000000e+00 0.000000000000000000e+00
7.900000000000000000e+01 1.632984185756064335e+03 0.000000000000000000e+00 0.000000000000000000e+00 0.000000000000000000e+00
8.000000000000000000e+01 1.653654871651710664e+03 0.000000000000000000e+00 0.000000000000000000e+00 0.000000000000000000e+00
8.100000000000000000e+01 1.674325557547356993e+03 0.000000000000000000e+00 0.000000000000000000e+00 0.000000000000000000e+00
8.200000000000000000e+01 1.694996243443003323e+03 0.000000000000000000e+00 0.000000000000000000e+00 0.000000000000000000e+00
8.300000000000000000e+01 1.715666929338649652e+03 0.000000000000000000e+00 0.000000000000000000e+00 0.000000000000000000e+00
8.400000000000000000e+01 1.736337615234295981e+03 0.000000000000000000e+00 0.000000000000000000e+00 0.000000000000000000e+00
8.500000000000000000e+01 1.757008301129942311e+03 0.000000000000000000e+00 0.000000000000000000e+00 0.000000000000000000e+00
8.600000000000000000e+01 1.777678987025588640e+03 0.000000000000000000e+00 0.000000000000000000e+00 0.000000000000000000e+00
8.700000000000000000e+01 1.798349672921234969e+03 0.000000000000000000e+00 0.000000000000000000e+00 0.000000000000000000e+00
8.800000000000000000e+01 1.819020358816881298e+03 0.000000000000000000e+00 0.000000000000000000e+00 0.000000000000000000e+00
8.900000000000000000e+01 1.839691044712527628e+03 0.000000000000000000e+00 0.000000000000000000e+00 0.000000000000000000e+00
9.000000000000000000e+01 1.860361730608173957e+03 0.000000000000000000e+00 0.000000000000000000e+00 0.000000000000000000e+00
9.100000000000000000e+01 1.881032416503820286e+03 0.000000000000000000e+00 0.000000000000000000e+00 0.000000000000000000e+00
9.200000000000000000e+01 1.901703102399466616e+03 0.000000000000000000e+00 0.000000000000000000e+00 0.000000000000000000e+00
9.300000000000000000e+01 1.922373788295112945e+03 0.000000000000000000e+00 0.000000000000000000e+00 0.000000000000000000e+00
9.400000000000000000e+01 1.943044474190759274e+03 0.000000000000000000e+00 0.000000000000000000e+00 0.000000000000000000e+00
9.500000000000000000e+01 1.963715160086405604e+03 0.000000000000000000e+00 0.000000000000000000e+00 0.000000000000000000e+00
9.600000000000000000e+01 1.984385845982051933e+03 0.000000000000000000e+00 0.000000000000000000e+00 0.000000000000000000e+00
9.700000000000000000e+01 2.005056531877698262e+03 0.000000000000000000e+00 0.000000000000000000e+00 0.000000000000000000e+00
9.800000000000000000e+01 2.025727217773344591e+03 0.000000000000000000e+00 0.000000000000000000e+00 0.000000000000000000e+00
9.900000000000000000e+01 2.046397903668990921e+03 0.000000000000000000e+00 0.000000000000000000e+00 0.000000000000000000e+00
1.000000000000000000e+02 2.067068589564637477e+03 0.000000000000000000e+00 0.000000000000000000e+00 0.000000000000000000e+00
1.010000000000000000e+02 2.087739275460283807e+03 0.000000000000000000e+00 0.000000000000000000e+00 0.000000000000000000e+00
1.020000000000000000e+02 2.108409961355930136e+03 0.000000000000000000e+00 0.000000000000000000e+00 0.000000000000000000e+00
1.030000000000000000e+02 2.129080647251576465e+03 0.000000000000000000e+00 0.000000000000000000e+00 0.000000000000000000e+00
1.040000000000000000e+02 2.149751333147222795e+03 0.000000000000000000e+00 0.000000000000000000e+00 0.000000000000000000e+00
1.050000000000000000e+02 2.170422019042869124e+03 0.000000000000000000e+00 0.000000000000000000e+00 0.000000000000000000e+00
1.060000000000000000e+02 2.191092704938515453e+03 0.000000000000000000e+00 0.000000000000000000e+00 0.000000000000000000e+00
1.070000000000000000e+02 2.211763390834161783e+03 0.000000000000000000e+00 0.000000000000000000e+00 0.000000000000000000e+00
1.080000000000000000e+02 2.232434076729808112e+03 0.000000000000000000e+00 0.000000000000000000e+00 0.000000000000000000e+00
1.090000000000000000e+02 2.253104762625454441e+03 0.000000000000000000e+00 0.000000000000000000e+00 0.000000000000000000e+00
1.100000000000000000e+02 2.273775448521100770e+03 0.000000000000000000e+00 0.000000000000000000e+00 0.000000000000000000e+00
1.110000000000000000e+02 2.294446134416747100e+03 0.000000000000000000e+00 0.000000000000000000e+00 0.000000000000000000e+00
1.120000000000000000e+02 2.315116820312393429e+03 0.000000000000000000e+00 0.000000000000000000e+00 0.000000000000000000e+00
1.130000000000000000e+02 2.335787506208039758e+03 0.000000000000000000e+00 0.000000000000000000e+00 0.000000000000000000e+00
1.140000000000000000e+02 2.356458192103686088e+03 0.000000000000000000e+00 0.000000000000000000e+00 0.000000000000000000e+00
1.150000000000000000e+02 2.377128877999332417e+03 0.000000000000000000e+00 0.000000000000000000e+00 0.000000000000000000e+00
1.160000000000000000e+02 2.397799563894978746e+03 0.000000000000000000e+00 0.000000000000000000e+00 0.000000000000000000e+00
1.170000000000000000e+02 2.418470249790625076e+03 0.000000000000000000e+00 0.000000000000000000e+00 0.000000000000000000e+00
1.180000000000000000e+02 2.439140935686271405e+03 0.000000000000000000e+00 0.000000000000000000e+00 0.000000000000000000e+00
1.190000000000000000e+02 2.459811621581917734e+03 0.000000000000000000e+00 0.000000000000000000e+00 0.000000000000000000e+00
1.200000000000000000e+02 2.480482307477564063e+03 0.000000000000000000e+00 0.000000000000000000e+00 0.000000000000000000e+00
1.210000000000000000e+02 2.501152993373210393e+03 0.000000000000000000e+00 0.000000000000000000e+00 0.000000000000000000e+00
1.220000000000000000e+02 2.521823679268856722e+03 0.000000000000000000e+00 0.000000000000000000e+00 0.000000000000000000e+00
1.230000000000000000e+02 2.542494365164503051e+03 0.000000000000000000e+00 0.000000000000000000e+00 0.000000000000000000e+00
1.240000000000000000e+02 2.563165051060149381e+03 0.000000000000000000e+00 0.000000000000000000e+00 0.000000000000000000e+00
1.250000000000000000e+02 2.583835736955795710e+03 0.000000000000000000e+00 0.000000000000000000e+00 0.000000000000000000e+00
1.260000000000000000e+02 2.604506422851442039e+03 0.000000000000000000e+00 0.000000000000000000e+00 0.000000000000000000e+00
1.270000000000000000e+02 2.625177108747088369e+03 0.000000000000000000e+00 0.000000000000000000e+00 0.000000000000000000e+00
1.280000000000000000e+02 2.645847794642734698e+03 0.000000000000000000e+00 0.000000000000000000e+00 0.000000000000000000e+00
1.290000000000000000e+02 2.666518480538381027e+03 0.000000000000000000e+00 0.000000000000000000e+00 0.000000000000000000e+00
1.300000000000000000e+02 2.687189166434027356e+03 0.000000000000000000e+00 0.000000000000000000e+00 0.000000000000000000e+00
1.310000000000000000e+02 2.707859852329673686e+03 0.000000000000000000e+00 0.000000000000000000e+00 0.000000000000000000e+00
1.320000000000000000e+02 2.728530538225320015e+03 0.000000000000000000e+00 0.000000000000000000e+00 0.000000000000000000e+00
1.330000000000000000e+02 2.749201224120966344e+03 0.000000000000000000e+00 0.000000000000000000e+00 0.000000000000000000e+00
1.340000000000000000e+02 2.769871910016612674e+03 0.000000000000000000e+00 0.000000000000000000e+00 0.000000000000000000e+00
1.350000000000000000e+02 2.790542595912259003e+03 0.000000000000000000e+00 0.000000000000000000e+00 0.000000000000000000e+00
1.360000000000000000e+02 2.811213281807905332e+03 0.000000000000000000e+00 0.000000000000000000e+00 0.000000000000000000e+00
1.370000000000000000e+02 2.831883967703551662e+03 0.000000000000000000e+00 0.000000000000000000e+00 0.000000000000000000e+00
1.380000000000000000e+02 2.852554653599197991e+03 0.000000000000000000e+00 0.000000000000000000e+00 0.000000000000000000e+00
1.390000000000000000e+02 2.873225339494844320e+03 0.000000000000000000e+00 0.000000000000000000e+00 0.000000000000000000e+00
1.400000000000000000e+02 2.893896025390490649e+03 0.000000000000000000e+00 0.000000000000000000e+00 0.000000000000000000e+00
1.410000000000000000e+02 2.914566711286136979e+03 0.000000000000000000e+00 0.000000000000000000e+00 0.000000000000000000e+00
1.420000000000000000e+02 2.935237397181783308e+03 0.000000000000000000e+00 0.000000000000000000e+00 0.000000000000000000e+00
1.430000000000000000e+02 2.955908083077429637e+03 0.000000000000000000e+00 0.000000000000000000e+00 0.000000000000000000e+00
1.440000000000000000e+02 2.976578768973075967e+03 0.000000000000000000e+00 0.000000000000000000e+00 0.000000000000000000e+00
1.450000000000000000e+02 2.997249454868722296e+03 0.000000000000000000e+00 0.000000000000000000e+00 0.000000000000000000e+00
1.460000000000000000e+02 3.017920140764368625e+03 0.000000000000000000e+00 0.000000000000000000e+00 0.000000000000000000e+00
1.470000000000000000e+02 3.038590826660014955e+03 0.000000000000000000e+00 0.000000000000000000e+00 0.000000000000000000e+00
1.480000000000000000e+02 3.059261512555661284e+03 0.000000000000000000e+00 0.000000000000000000e+00 0.000000000000000000e+00
1.490000000000000000e+02 3.079932198451307613e+03 0.000000000000000000e+00 0.000000000000000000e+00 0.000000000000000000e+00
1.500000000000000000e+02 3.100602884346953942e+03 0.000000000000000000e+00 0.000000000000000000e+00 0.000000000000000000e+00
1.510000000000000000e+02 3.121273570242600272e+03 0.000000000000000000e+00 0.000000000000000000e+00 0.000000000000000000e+00
1.520000000000000000e+02 3.141944256138246601e+03 0.000000000000000000e+00 0.000000000000000000e+00 0.000000000000000000e+00
1.530000000000000000e+02 3.162614942033892930e+03 0.000000000000000000e+00 0.000000000000000000e+00 0.000000000000000000e+00
1.540000000000000000e+02 3.183285627929539260e+03 0.000000000000000000e+00 0.000000000000000000e+00 0.000000000000000000e+00
1.550000000000000000e+02 3.203956313825185589e+03 0.000000000000000000e+00 0.000000000000000000e+00 0.000000000000000000e+00
1.560000000000000000e+02 3.224626999720831918e+03 0.000000000000000000e+00 0.000000000000000000e+00 0.000000000000000000e+00
1.570000000000000000e+02 3.245297685616478248e+03 0.000000000000000000e+00 0.000000000000000000e+00 0.000000000000000000e+00
1.580000000000000000e+02 3.265968371512124577e+03 0.000000000000000000e+00 0.000000000000000000e+00 0.000000000000000000e+00
1.590000000000000000e+02 3.286639057407770906e+03 0.000000000000000000e+00 0.000000000000000000e+00 0.000000000000000000e+00
1.600000000000000000e+02 3.307309743303417235e+03 0.000000000000000000e+00 0.000000000000000000e+00 0.000000000000000000e+00
1.610000000000000000e+02 3.327980429199063565e+03 0.000000000000000000e+00 0.000000000000000000e+00 0.000000000000000000e+00
1.620000000000000000e+02 3.348651115094709894e+03 0.000000000000000000e+00 0.000000000000000000e+00 0.000000000000000000e+00
1.630000000000000000e+02 3.369321800990356223e+03 0.000000000000000000e+00 0.000000000000000000e+00 0.000000000000000000e+00
1.640000000000000000e+02 3.389992486886002553e+03 0.000000000000000000e+00 0.000000000000000000e+00 0.000000000000000000e+00
1.650000000000000000e+02 3.410663172781648882e+03 0.000000000000000000e+00 0.000000000000000000e+00 0.000000000000000000e+00
1.660000000000000000e+02 3.431333858677295211e+03 0.000000000000000000e+00 0.000000000000000000e+00 0.000000000000000000e+00
1.670000000000000000e+02 3.452004544572941541e+03 0.000000000000000000e+00 0.000000000000000000e+00 0.000000000000000000e+00
1.680000000000000000e+02 3.472675230468587870e+03 0.000000000000000000e+00 0.000000000000000000e+00 0.000000000000000000e+00
1.690000000000000000e+02 3.493345916364234199e+03 0.000000000000000000e+00 0.000000000000000000e+00 0.000000000000000000e+00
1.700000000000000000e+02 3.514016602259880528e+03 0.000000000000000000e+00 0.000000000000000000e+00 0.000000000000000000e+00
1.710000000000000000e+02 3.534687288155526858e+03 0.000000000000000000e+00 0.000000000000000000e+00 0.000000000000000000e+00
1.720000000000000000e+02 3.555357974051173187e+03 0.000000000000000000e+00 0.000000000000000000e+00 0.000000000000000000e+00
1.730000000000000000e+02 3.576028659946819516e+03 0.000000000000000000e+00 0.000000000000000000e+00 0.000000000000000000e+00
1.740000000000000000e+02 3.596699345842465846e+03 0.000000000000000000e+00 0.000000000000000000e+00 0.000000000000000000e+00
1.750000000000000000e+02 3.617370031738112175e+03 0.000000000000000000e+00 0.000000000000000000e+00 0.000000000000000000e+00
1.760000000000000000e+02 3.638040717633758504e+03 0.000000000000000000e+00 0.000000000000000000e+00 0.000000000000000000e+00
1.770000000000000000e+02 3.658711403529404834e+03 0.000000000000000000e+00 0.000000000000000000e+00 0.000000000000000000e+00
1.780000000000000000e+02 3.679382089425051163e+03 0.000000000000000000e+00 0.000000000000000000e+00 0.000000000000000000e+00
1.790000000000000000e+02 3.700052775320697492e+03 0.000000000000000000e+00 0.000000000000000000e+00 0.000000000000000000e+00
1.800000000000000000e+02 3.720723461216343821e+03 0.000000000000000000e+00 0.000000000000000000e+00 0.000000000000000000e+00
1.810000000000000000e+02 3.741394147111990151e+03 0.000000000000000000e+00 0.000000000000000000e+00 0.000000000000000000e+00
1.820000000000000000e+02 3.762064833007636480e+03 0.000000000000000000e+00 0.000000000000000000e+00 0.000000000000000000e+00
1.830000000000000000e+02 3.782735518903282809e+03 0.000000000000000000e+00 0.000000000000000000e+00 0.000000000000000000e+00
1.840000000000000000e+02 3.803406204798929139e+03 0.000000000000000000e+00 0.000000000000000000e+00 0.000000000000000000e+00
1.850000000000000000e+02 3.824076890694575468e+03 0.000000000000000000e+00 0.000000000000000000e+00 0.000000000000000000e+00
1.860000000000000000e+02 3.844747576590221797e+03 0.000000000000000000e+00 0.000000000000000000e+00 0.000000000000000000e+00
1.870000000000000000e+02 3.865418262485868127e+03 0.000000000000000000e+00 0.000000000000000000e+00 0.000000000000000000e+00
1.880000000000000000e+02 3.886088948381514456e+03 0.000000000000000000e+00 0.000000000000000000e+00 0.000000000000000000e+00
1.890000000000000000e+02 3.906759634277160785e+03 0.000000000000000000e+00 0.000000000000000000e+00 0.000000000000000000e+00
1.900000000000000000e+02 3.927430320172807114e+03 0.000000000000000000e+00 0.000000000000000000e+00 0.000000000000000000e+00
1.910000000000000000e+02 3.948101006068453444e+03 0.000000000000000000e+00 0.000000000000000000e+00 0.000000000000000000e+00
1.920000000000000000e+02 3.968771691964099773e+03 0.000000000000000000e+00 0.000000000000000000e+00 0.000000000000000000e+00
1.930000000000000000e+02 3.989442377859746102e+03 0.000000000000000000e+00 0.000000000000000000e+00 0.000000000000000000e+00
1.940000000000000000e+02 4.010113063755392432e+03 0.000000000000000000e+00 0.000000000000000000e+00 0.000000000000000000e+00
1.950000000000000000e+02 4.030783749651038761e+03 0.000000000000000000e+00 0.000000000000000000e+00 0.000000000000000000e+00
1.960000000000000000e+02 4.051454435546685090e+03 0.000000000000000000e+00 0.000000000000000000e+00 0.000000000000000000e+00
1.970000000000000000e+02 4.072125121442331420e+03 0.000000000000000000e+00 0.000000000000000000e+00 0.000000000000000000e+00
1.980000000000000000e+02 4.092795807337977749e+03 0.000000000000000000e+00 0.000000000000000000e+00 0.000000000000000000e+00
1.990000000000000000e+02 4.113466493233624533e+03 0.000000000000000000e+00 0.000000000000000000e+00 0.000000000000000000e+00
2.000000000000000000e+02 4.134137179129271317e+03 0.000000000000000000e+00 0.000000000000000000e+00 0.000000000000000000e+00
2.010000000000000000e+02 4.154807865024918101e+03 0.000000000000000000e+00 0.000000000000000000e+00 0.000000000000000000e+00
2.020000000000000000e+02 4.175478550920564885e+03 0.000000000000000000e+00 0.000000000000000000e+00 0.000000000000000000e+00
2.030000000000000000e+02 4.196149236816211669e+03 0.000000000000000000e+00 0.000000000000000000e+00 0.000000000000000000e+00
2.040000000000000000e+02 4.216819922711858453e+03 0.000000000000000000e+00 0.000000000000000000e+00 0.000000000000000000e+00
2.050000000000000000e+02 4.237490608607505237e+03 0.000000000000000000e+00 0.000000000000000000e+00 0.000000000000000000e+00
2.060000000000000000e+02 4.258161294503152021e+03 0.000000000000000000e+00 0.000000000000000000e+00 0.000000000000000000e+00
2.070000000000000000e+02 4.278831980398798805e+03 0.000000000000000000e+00 0.000000000000000000e+00 0.000000000000000000e+00
2.080000000000000000e+02 4.299502666294445589e+03 0.000000000000000000e+00 0.000000000000000000e+00 0.000000000000000000e+00
2.090000000000000000e+02 4.320173352190092373e+03 0.000000000000000000e+00 0.000000000000000000e+00 0.000000000000000000e+00
2.100000000000000000e+02 4.340844038085739157e+03 0.000000000000000000e+00 0.000000000000000000e+00 0.000000000000000000e+00
2.110000000000000000e+02 4.361514723981385941e+03 0.000000000000000000e+00 0.000000000000000000e+00 0.000000000000000000e+00
2.120000000000000000e+02 4.382185409877032725e+03 0.000000000000000000e+00 0.000000000000000000e+00 0.000000000000000000e+00
2.130000000000000000e+02 4.402856095772679510e+03 0.000000000000000000e+00 0.000000000000000000e+00 0.000000000000000000e+00
2.140000000000000000e+02 4.423526781668326294e+03 0.000000000000000000e+00 0.000000000000000000e+00 0.000000000000000000e+00
2.150000000000000000e+02 4.444197467563973078e+03 0.000000000000000000e+00 0.000000000000000000e+00 0.000000000000000000e+00
2.160000000000000000e+02 4.464868153459619862e+03 0.000000000000000000e+00 0.000000000000000000e+00 0.000000000000000000e+00
2.170000000000000000e+02 4.485538839355266646e+03 0.000000000000000000e+00 0.000000000000000000e+00 0.000000000000000000e+00
2.180000000000000000e+02 4.506209525250913430e+03 0.000000000000000000e+00 0.000000000000000000e+00 0.000000000000000000e+00
2.190000000000000000e+02 4.526880211146560214e+03 0.000000000000000000e+00 0.000000000000000000e+00 0.000000000000000000e+00
2.200000000000000000e+02 4.547550897042206998e+03 0.000000000000000000e+00 0.000000000000000000e+00 0.000000000000000000e+00
2.210000000000000000e+02 4.568221582937853782e+03 0.000000000000000000e+00 0.000000000000000000e+00 0.000000000000000000e+00
2.220000000000000000e+02 4.588892268833500566e+03 0.000000000000000000e+00 0.000000000000000000e+00 0.000000000000000000e+00
2.230000000000000000e+02 4.609562954729147350e+03 0.000000000000000000e+00 0.000000000000000000e+00 0.000000000000000000e+00
2.240000000000000000e+02 4.630233640624794134e+03 0.000000000000000000e+00 0.000000000000000000e+00 0.000000000000000000e+00
2.250000000000000000e+02 4.650904326520440918e+03 0.000000000000000000e+00 0.000000000000000000e+00 0.000000000000000000e+00
2.260000000000000000e+02 4.671575012416087702e+03 0.000000000000000000e+00 0.000000000000000000e+00 0.000000000000000000e+00
2.270000000000000000e+02 4.692245698311734486e+03 0.000000000000000000e+00 0.000000000000000000e+00 0.000000000000000000e+00
2.280000000000000000e+02 4.712916384207381270e+03 0.000000000000000000e+00 0.000000000000000000e+00 0.000000000000000000e+00
2.290000000000000000e+02 4.733587070103028054e+03 0.000000000000000000e+00 0.000000000000000000e+00 0.000000000000000000e+00
2.300000000000000000e+02 4.754257755998674838e+03 0.000000000000000000e+00 0.000000000000000000e+00 0.000000000000000000e+00
2.310000000000000000e+02 4.774928441894321622e+03 0.000000000000000000e+00 0.000000000000000000e+00 0.000000000000000000e+00
2.320000000000000000e+02 4.795599127789968406e+03 0.000000000000000000e+00 0.000000000000000000e+00 0.000000000000000000e+00
2.330000000000000000e+02 4.816269813685615190e+03 0.000000000000000000e+00 0.000000000000000000e+00 0.000000000000000000e+00
2.340000000000000000e+02 4.836940499581261975e+03 0.000000000000000000e+00 0.000000000000000000e+00 0.000000000000000000e+00
2.350000000000000000e+02 4.857611185476908759e+03 0.000000000000000000e+00 0.000000000000000000e+00 0.000000000000000000e+00
2.360000000000000000e+02 4.878281871372555543e+03 0.000000000000000000e+00 0.000000000000000000e+00 0.000000000000000000e+00
2.370000000000000000e+02 4.898952557268202327e+03 0.000000000000000000e+00 0.000000000000000000e+00 0.000000000000000000e+00
2.380000000000000000e+02 4.919623243163849111e+03 0.000000000000000000e+00 0.000000000000000000e+00 0.000000000000000000e+00
2.390000000000000000e+02 4.940293929059495895e+03 0.000000000000000000e+00 0.000000000000000000e+00 0.000000000000000000e+00
2.400000000000000000e+02 4.960964614955142679e+03 0.000000000000000000e+00 0.000000000000000000e+00 0.000000000000000000e+00
2.410000000000000000e+02 4.981635300850789463e+03 0.000000000000000000e+00 0.000000000000000000e+00 0.000000000000000000e+00
2.420000000000000000e+02 5.002305986746436247e+03 0.000000000000000000e+00 0.000000000000000000e+00 0.000000000000000000e+00
2.430000000000000000e+02 5.022976672642083031e+03 0.000000000000000000e+00 0.000000000000000000e+00 0.000000000000000000e+00
2.440000000000000000e+02 5.043647358537729815e+03 0.000000000000000000e+00 0.000000000000000000e+00 0.000000000000000000e+00
2.450000000000000000e+02 5.064318044433376599e+03 0.000000000000000000e+00 0.000000000000000000e+00 0.000000000000000000e+00
2.460000000000000000e+02 5.084988730329023383e+03 0.000000000000000000e+00 0.000000000000000000e+00 0.000000000000000000e+00
2.470000000000000000e+02 5.105659416224670167e+03 0.000000000000000000e+00 0.000000000000000000e+00 0.000000000000000000e+00
2.480000000000000000e+02 5.126330102120316951e+03 0.000000000000000000e+00 0.000000000000000000e+00 0.000000000000000000e+00
2.490000000000000000e+02 5.147000788015963735e+03 0.000000000000000000e+00 0.000000000000000000e+00 0.000000000000000000e+00
2.500000000000000000e+02 5.167671473911610519e+03 0.000000000000000000e+00 0.000000000000000000e+00 0.000000000000000000e+00
2.510000000000000000e+02 5.188342159807257303e+03 0.000000000000000000e+00 0.000000000000000000e+00 0.000000000000000000e+00
2.520000000000000000e+02 5.209012845702904087e+03 0.000000000000000000e+00 0.000000000000000000e+00 0.000000000000000000e+00
2.530000000000000000e+02 5.229683531598550871e+03 0.000000000000000000e+00 0.000000000000000000e+00 0.000000000000000000e+00
2.540000000000000000e+02 5.250354217494197655e+03 0.000000000000000000e+00 0.000000000000000000e+00 0.000000000000000000e+00
2.550000000000000000e+02 5.271024903389844440e+03 0.000000000000000000e+00 0.000000000000000000e+00 0.000000000000000000e+00
2.560000000000000000e+02 5.291695589285491224e+03 0.000000000000000000e+00 0.000000000000000000e+00 0.000000000000000000e+00
2.570000000000000000e+02 5.312366275181138008e+03 0.000000000000000000e+00 0.000000000000000000e+00 0.000000000000000000e+00
2.580000000000000000e+02 5.333036961076784792e+03 0.000000000000000000e+00 0.000000000000000000e+00 0.000000000000000000e+00
2.590000000000000000e+02 5.353707646972431576e+03 0.000000000000000000e+00 0.000000000000000000e+00 0.000000000000000000e+00
2.600000000000000000e+02 5.374378332868078360e+03 0.000000000000000000e+00 0.000000000000000000e+00 0.000000000000000000e+00
2.610000000000000000e+02 5.395049018763725144e+03 0.000000000000000000e+00 0.000000000000000000e+00 0.000000000000000000e+00
2.620000000000000000e+02 5.415719704659371928e+03 0.000000000000000000e+00 0.000000000000000000e+00 0.000000000000000000e+00
2.630000000000000000e+02 5.436390390555018712e+03 0.000000000000000000e+00 0.000000000000000000e+00 0.000000000000000000e+00
2.640000000000000000e+02 5.457061076450665496e+03 0.000000000000000000e+00 0.000000000000000000e+00 0.000000000000000000e+00
2.650000000000000000e+02 5.477731762346312280e+03 0.000000000000000000e+00 0.000000000000000000e+00 0.000000000000000000e+00
2.660000000000000000e+02 5.498402448241959064e+03 0.000000000000000000e+00 0.000000000000000000e+00 0.000000000000000000e+00
2.670000000000000000e+02 5.519073134137605848e+03 0.000000000000000000e+00 0.000000000000000000e+00 0.000000000000000000e+00
2.680000000000000000e+02 5.539743820033252632e+03 0.000000000000000000e+00 0.000000000000000000e+00 0.000000000000000000e+00
2.690000000000000000e+02 5.560414505928899416e+03 0.000000000000000000e+00 0.000000000000000000e+00 0.000000000000000000e+00
2.700000000000000000e+02 5.581085191824546200e+03 0.000000000000000000e+00 0.000000000000000000e+00 0.000000000000000000e+00
2.710000000000000000e+02 5.601755877720192984e+03 0.000000000000000000e+00 0.000000000000000000e+00 0.000000000000000000e+00
2.720000000000000000e+02 5.622426563615839768e+03 0.000000000000000000e+00 0.000000000000000000e+00 0.000000000000000000e+00
2.730000000000000000e+02 5.643097249511486552e+03 0.000000000000000000e+00 0.000000000000000000e+00 0.000000000000000000e+00
2.740000000000000000e+02 5.663767935407133336e+03 0.000000000000000000e+00 0.000000000000000000e+00 0.000000000000000000e+00
2.750000000000000000e+02 5.684438621302780120e+03 0.000000000000000000e+00 0.000000000000000000e+00 0.000000000000000000e+00
2.760000000000000000e+02 5.705109307198426905e+03 0.000000000000000000e+00 0.000000000000000000e+00 0.000000000000000000e+00
2.770000000000000000e+02 5.725779993094073689e+03 0.000000000000000000e+00 0.000000000000000000e+00 0.000000000000000000e+00
2.780000000000000000e+02 5.746450678989720473e+03 0.000000000000000000e+00 0.000000000000000000e+00 0.000000000000000000e+00
2.790000000000000000e+02 5.767121364885367257e+03 0.000000000000000000e+00 0.000000000000000000e+00 0.000000000000000000e+00
2.800000000000000000e+02 5.787792050781014041e+03 0.000000000000000000e+00 0.000000000000000000e+00 0.000000000000000000e+00
2.810000000000000000e+02 5.808462736676660825e+03 0.000000000000000000e+00 0.000000000000000000e+00 0.000000000000000000e+00
2.820000000000000000e+02 5.829133422572307609e+03 0.000000000000000000e+00 0.000000000000000000e+00 0.000000000000000000e+00
2.830000000000000000e+02 5.849804108467954393e+03 0.000000000000000000e+00 0.000000000000000000e+00 0.000000000000000000e+00
2.840000000000000000e+02 5.870474794363601177e+03 0.000000000000000000e+00 0.000000000000000000e+00 0.000000000000000000e+00
2.850000000000000000e+02 5.891145480259247961e+03 0.000000000000000000e+00 0.000000000000000000e+00 0.000000000000000000e+00
2.860000000000000000e+02 5.911816166154894745e+03 0.000000000000000000e+00 0.000000000000000000e+00 0.000000000000000000e+00
2.870000000000000000e+02 5.932486852050541529e+03 0.000000000000000000e+00 0.000000000000000000e+00 0.000000000000000000e+00
2.880000000000000000e+02 5.953157537946188313e+03 0.000000000000000000e+00 0.000000000000000000e+00 0.000000000000000000e+00
2.890000000000000000e+02 5.973828223841835097e+03 0.000000000000000000e+00 0.000000000000000000e+00 0.000000000000000000e+00
2.900000000000000000e+02 5.994498909737481881e+03 0.000000000000000000e+00 0.000000000000000000e+00 0.000000000000000000e+00
2.910000000000000000e+02 6.015169595633128665e+03 0.000000000000000000e+00 0.000000000000000000e+00 0.000000000000000000e+00
2.920000000000000000e+02 6.035840281528775449e+03 0.000000000000000000e+00 0.000000000000000000e+00 0.000000000000000000e+00
2.930000000000000000e+02 6.056510967424422233e+03 0.000000000000000000e+00 0.000000000000000000e+00 0.000000000000000000e+00
2.940000000000000000e+02 6.077181653320069017e+03 0.000000000000000000e+00 0.000000000000000000e+00 0.000000000000000000e+00
2.950000000000000000e+02 6.097852339215715801e+03 0.000000000000000000e+00 0.000000000000000000e+00 0.000000000000000000e+00
2.960000000000000000e+02 6.118523025111362585e+03 0.000000000000000000e+00 0.000000000000000000e+00 0.000000000000000000e+00
2.970000000000000000e+02 6.139193711007009369e+03 0.000000000000000000e+00 0.000000000000000000e+00 0.000000000000000000e+00
2.980000000000000000e+02 6.159864396902656154e+03 0.000000000000000000e+00 0.000000000000000000e+00 0.000000000000000000e+00
2.990000000000000000e+02 6.180535082798302938e+03 0.000000000000000000e+00 0.000000000000000000e+00 0.000000000000000000e+00
3.000000000000000000e+02 6.201205768693949722e+03 0.000000000000000000e+00 0.000000000000000000e+00 0.000000000000000000e+00
3.010000000000000000e+02 6.221876454589596506e+03 0.000000000000000000e+00 0.000000000000000000e+00 0.000000000000000000e+00
3.020000000000000000e+02 6.242547140485243290e+03 0.000000000000000000e+00 0.000000000000000000e+00 0.000000000000000000e+00
3.030000000000000000e+02 6.263217826380890074e+03 0.000000000000000000e+00 0.000000000000000000e+00 0.000000000000000000e+00
3.040000000000000000e+02 6.283888512276536858e+03 0.000000000000000000e+00 0.000000000000000000e+00 0.000000000000000000e+00
3.050000000000000000e+02 6.304559198172183642e+03 0.000000000000000000e+00 0.000000000000000000e+00 0.000000000000000000e+00
3.060000000000000000e+02 6.325229884067830426e+03 0.000000000000000000e+00 0.000000000000000000e+00 0.000000000000000000e+00
3.070000000000000000e+02 6.345900569963477210e+03 0.000000000000000000e+00 0.000000000000000000e+00 0.000000000000000000e+00
3.080000000000000000e+02 6.366571255859123994e+03 0.000000000000000000e+00 0.000000000000000000e+00 0.000000000000000000e+00
3.090000000000000000e+02 6.387241941754770778e+03 0.000000000000000000e+00 0.000000000000000000e+00 0.000000000000000000e+00
3.100000000000000000e+02 6.407912627650417562e+03 0.000000000000000000e+00 0.000000000000000000e+00 0.000000000000000000e+00
3.110000000000000000e+02 6.428583313546064346e+03 0.000000000000000000e+00 0.000000000000000000e+00 0.000000000000000000e+00
3.120000000000000000e+02 6.449253999441711130e+03 0.000000000000000000e+00 0.000000000000000000e+00 0.000000000000000000e+00
3.130000000000000000e+02 6.469924685337357914e+03 0.000000000000000000e+00 0.000000000000000000e+00 0.000000000000000000e+00
3.140000000000000000e+02 6.490595371233004698e+03 0.000000000000000000e+00 0.000000000000000000e+00 0.000000000000000000e+00
3.150000000000000000e+02 6.511266057128651482e+03 0.000000000000000000e+00 0.000000000000000000e+00 0.000000000000000000e+00
3.160000000000000000e+02 6.531936743024298266e+03 0.000000000000000000e+00 0.000000000000000000e+00 0.000000000000000000e+00
3.170000000000000000e+02 6.552607428919945050e+03 0.000000000000000000e+00 0.000000000000000000e+00 0.000000000000000000e+00
3.180000000000000000e+02 6.573278114815591834e+03 0.000000000000000000e+00 0.000000000000000000e+00 0.000000000000000000e+00
3.190000000000000000e+02 6.593948800711238619e+03 0.000000000000000000e+00 0.000000000000000000e+00 0.000000000000000000e+00
3.200000000000000000e+02 6.614619486606885403e+03 0.000000000000000000e+00 0.000000000000000000e+00 0.000000000000000000e+00
3.210000000000000000e+02 6.635290172502532187e+03 0.000000000000000000e+00 0.000000000000000000e+00 0.000000000000000000e+00
3.220000000000000000e+02 6.655960858398178971e+03 0.000000000000000000e+00 0.000000000000000000e+00 0.000000000000000000e+00
3.230000000000000000e+02 6.676631544293825755e+03 0.000000000000000000e+00 0.000000000000000000e+00 0.000000000000000000e+00
3.240000000000000000e+02 6.697302230189472539e+03 0.000000000000000000e+00 0.000000000000000000e+00 0.000000000000000000e+00
3.250000000000000000e+02 6.717972916085119323e+03 0.000000000000000000e+00 0.000000000000000000e+00 0.000000000000000000e+00
3.260000000000000000e+02 6.738643601980766107e+03 0.000000000000000000e+00 0.000000000000000000e+00 0.000000000000000000e+00
3.270000000000000000e+02 6.759314287876412891e+03 0.000000000000000000e+00 0.000000000000000000e+00 0.000000000000000000e+00
3.280000000000000000e+02 6.779984973772059675e+03 0.000000000000000000e+00 0.000000000000000000e+00 0.000000000000000000e+00
3.290000000000000000e+02 6.800655659667706459e+03 0.000000000000000000e+00 0.000000000000000000e+00 0.000000000000000000e+00
3.300000000000000000e+02 6.821326345563353243e+03 0.000000000000000000e+00 0.000000000000000000e+00 0.000000000000000000e+00
3.310000000000000000e+02 6.841997031459000027e+03 0.000000000000000000e+00 0.000000000000000000e+00 0.000000000000000000e+00
3.320000000000000000e+02 6.862667717354646811e+03 0.000000000000000000e+00 0.000000000000000000e+00 0.000000000000000000e+00
3.330000000000000000e+02 6.883338403250293595e+03 0.000000000000000000e+00 0.000000000000000000e+00 0.000000000000000000e+00
3.340000000000000000e+02 6.904009089145940379e+03 0.000000000000000000e+00 0.000000000000000000e+00 0.000000000000000000e+00
3.350000000000000000e+02 6.924679775041587163e+03 0.000000000000000000e+00 0.000000000000000000e+00 0.000000000000000000e+00
3.360000000000000000e+02 6.945350460937233947e+03 0.000000000000000000e+00 0.000000000000000000e+00 0.000000000000000000e+00
3.370000000000000000e+02 6.966021146832880731e+03 0.000000000000000000e+00 0.000000000000000000e+00 0.000000000000000000e+00
3.380000000000000000e+02 6.986691832728527515e+03 0.000000000000000000e+00 0.000000000000000000e+00 0.000000000000000000e+00
3.390000000000000000e+02 7.007362518624174299e+03 0.000000000000000000e+00 0.000000000000000000e+00 0.000000000000000000e+00
3.400000000000000000e+02 7.028033204519821084e+03 0.000000000000000000e+00 0.000000000000000000e+00 0.000000000000000000e+00
3.410000000000000000e+02 7.048703890415467868e+03 0.000000000000000000e+00 0.000000000000000000e+00 0.000000000000000000e+00
3.420000000000000000e+02 7.069374576311114652e+03 0.000000000000000000e+00 0.000000000000000000e+00 0.000000000000000000e+00
3.430000000000000000e+02 7.090045262206761436e+03 0.000000000000000000e+00 0.000000000000000000e+00 0.000000000000000000e+00
3.440000000000000000e+02 7.110715948102408220e+03 0.000000000000000000e+00 0.000000000000000000e+00 0.000000000000000000e+00
3.450000000000000000e+02 7.131386633998055004e+03 0.000000000000000000e+00 0.000000000000000000e+00 0.000000000000000000e+00
3.460000000000000000e+02 7.152057319893701788e+03 0.000000000000000000e+00 0.000000000000000000e+00 0.000000000000000000e+00
3.470000000000000000e+02 7.172728005789348572e+03 0.000000000000000000e+00 0.000000000000000000e+00 0.000000000000000000e+00
3.480000000000000000e+02 7.193398691684995356e+03 0.000000000000000000e+00 0.000000000000000000e+00 0.000000000000000000e+00
3.490000000000000000e+02 7.214069377580642140e+03 0.000000000000000000e+00 0.000000000000000000e+00 0.000000000000000000e+00
3.500000000000000000e+02 7.234740063476288924e+03 0.000000000000000000e+00 0.000000000000000000e+00 0.000000000000000000e+00
3.510000000000000000e+02 7.255410749371935708e+03 0.000000000000000000e+00 0.000000000000000000e+00 0.000000000000000000e+00
3.520000000000000000e+02 7.276081435267582492e+03 0.000000000000000000e+00 0.000000000000000000e+00 0.000000000000000000e+00
3.530000000000000000e+02 7.296752121163229276e+03 0.000000000000000000e+00 0.000000000000000000e+00 0.000000000000000000e+00
3.540000000000000000e+02 7.317422807058876060e+03 0.000000000000000000e+00 0.000000000000000000e+00 0.000000000000000000e+00
3.550000000000000000e+02 7.338093492954522844e+03 0.000000000000000000e+00 0.000000000000000000e+00 0.000000000000000000e+00
3.560000000000000000e+02 7.358764178850169628e+03 0.000000000000000000e+00 0.000000000000000000e+00 0.000000000000000000e+00
3.570000000000000000e+02 7.379434864745816412e+03 0.000000000000000000e+00 0.000000000000000000e+00 0.000000000000000000e+00
3.580000000000000000e+02 7.400105550641463196e+03 0.000000000000000000e+00 0.000000000000000000e+00 0.000000000000000000e+00
3.590000000000000000e+02 7.420776236537109980e+03 0.000000000000000000e+00 0.000000000000000000e+00 0.000000000000000000e+00
3.600000000000000000e+02 7.441446922432756764e+03 0.000000000000000000e+00 0.000000000000000000e+00 0.000000000000000000e+00
3.610000000000000000e+02 7.462117608328403549e+03 0.000000000000000000e+00 0.000000000000000000e+00 0.000000000000000000e+00
3.620000000000000000e+02 7.482788294224050333e+03 0.000000000000000000e+00 0.000000000000000000e+00 0.000000000000000000e+00
3.630000000000000000e+02 7.503458980119697117e+03 0.000000000000000000e+00 0.000000000000000000e+00 0.000000000000000000e+00
3.640000000000000000e+02 7.524129666015343901e+03 0.000000000000000000e+00 0.000000000000000000e+00 0.000000000000000000e+00
3.650000000000000000e+02 7.544800351910990685e+03 0.000000000000000000e+00 0.000000000000000000e+00 0.000000000000000000e+00
3.660000000000000000e+02 7.565471037806637469e+03 0.000000000000000000e+00 0.000000000000000000e+00 0.000000000000000000e+00
3.670000000000000000e+02 7.586141723702284253e+03 0.000000000000000000e+00 0.000000000000000000e+00 0.000000000000000000e+00
3.680000000000000000e+02 7.606812409597931037e+03 0.000000000000000000e+00 0.000000000000000000e+00 0.000000000000000000e+00
3.690000000000000000e+02 7.627483095493577821e+03 0.000000000000000000e+00 0.000000000000000000e+00 0.000000000000000000e+00
3.700000000000000000e+02 7.648153781389224605e+03 0.000000000000000000e+00 0.000000000000000000e+00 0.000000000000000000e+00
3.710000000000000000e+02 7.668824467284871389e+03 0.000000000000000000e+00 0.000000000000000000e+00 0.000000000000000000e+00
3.720000000000000000e+02 7.689495153180518173e+03 0.000000000000000000e+00 0.000000000000000000e+00 0.000000000000000000e+00
3.730000000000000000e+02 7.710165839076164957e+03 0.000000000000000000e+00 0.000000000000000000e+00 0.000000000000000000e+00
3.740000000000000000e+02 7.730836524971811741e+03 0.000000000000000000e+00 0.000000000000000000e+00 0.000000000000000000e+00
3.750000000000000000e+02 7.751507210867458525e+03 0.000000000000000000e+00 0.000000000000000000e+00 0.000000000000000000e+00
3.760000000000000000e+02 7.772177896763105309e+03 0.000000000000000000e+00 0.000000000000000000e+00 0.000000000000000000e+00
3.770000000000000000e+02 7.792848582658752093e+03 0.000000000000000000e+00 0.000000000000000000e+00 0.000000000000000000e+00
3.780000000000000000e+02 7.813519268554398877e+03 0.000000000000000000e+00 0.000000000000000000e+00 0.000000000000000000e+00
3.790000000000000000e+02 7.834189954450045661e+03 0.000000000000000000e+00 0.000000000000000000e+00 0.000000000000000000e+00
3.800000000000000000e+02 7.854860640345692445e+03 0.000000000000000000e+00 0.000000000000000000e+00 0.000000000000000000e+00
3.810000000000000000e+02 7.875531326241339229e+03 0.000000000000000000e+00 0.000000000000000000e+00 0.000000000000000000e+00
3.820000000000000000e+02 7.896202012136986014e+03 0.000000000000000000e+00 0.000000000000000000e+00 0.000000000000000000e+00
3.830000000000000000e+02 7.916872698032632798e+03 0.000000000000000000e+00 0.000000000000000000e+00 0.000000000000000000e+00
3.840000000000000000e+02 7.937543383928279582e+03 0.000000000000000000e+00 0.000000000000000000e+00 0.000000000000000000e+00
3.850000000000000000e+02 7.958214069823926366e+03 0.000000000000000000e+00 0.000000000000000000e+00 0.000000000000000000e+00
3.860000000000000000e+02 7.978884755719573150e+03 0.000000000000000000e+00 0.000000000000000000e+00 0.000000000000000000e+00
3.870000000000000000e+02 7.999555441615219934e+03 0.000000000000000000e+00 0.000000000000000000e+00 0.000000000000000000e+00
3.880000000000000000e+02 8.020226127510866718e+03 0.000000000000000000e+00 0.000000000000000000e+00 0.000000000000000000e+00
3.890000000000000000e+02 8.040896813406513502e+03 0.000000000000000000e+00 0.000000000000000000e+00 0.000000000000000000e+00
3.900000000000000000e+02 8.061567499302160286e+03 0.000000000000000000e+00 0.000000000000000000e+00 0.000000000000000000e+00
3.910000000000000000e+02 8.082238185197807070e+03 0.000000000000000000e+00 0.000000000000000000e+00 0.000000000000000000e+00
3.920000000000000000e+02 8.102908871093453854e+03 0.000000000000000000e+00 0.000000000000000000e+00 0.000000000000000000e+00
3.930000000000000000e+02 8.123579556989100638e+03 0.000000000000000000e+00 0.000000000000000000e+00 0.000000000000000000e+00
3.940000000000000000e+02 8.144250242884747422e+03 0.000000000000000000e+00 0.000000000000000000e+00 0.000000000000000000e+00
3.950000000000000000e+02 8.164920928780394206e+03 0.000000000000000000e+00 0.000000000000000000e+00 0.000000000000000000e+00
3.960000000000000000e+02 8.185591614676040990e+03 0.000000000000000000e+00 0.000000000000000000e+00 0.000000000000000000e+00
3.970000000000000000e+02 8.206262300571686865e+03 0.000000000000000000e+00 0.000000000000000000e+00 0.000000000000000000e+00
3.980000000000000000e+02 8.226932986467332739e+03 0.000000000000000000e+00 0.000000000000000000e+00 0.000000000000000000e+00
3.990000000000000000e+02 8.247603672362978614e+03 0.000000000000000000e+00 0.000000000000000000e+00 0.000000000000000000e+00
4.000000000000000000e+02 8.268274358258624488e+03 0.000000000000000000e+00 0.000000000000000000e+00 0.000000000000000000e+00
4.010000000000000000e+02 8.288945044154270363e+03 0.000000000000000000e+00 0.000000000000000000e+00 0.000000000000000000e+00
4.020000000000000000e+02 8.309615730049916237e+03 0.000000000000000000e+00 0.000000000000000000e+00 0.000000000000000000e+00
4.030000000000000000e+02 8.330286415945562112e+03 0.000000000000000000e+00 0.000000000000000000e+00 0.000000000000000000e+00
4.040000000000000000e+02 8.350957101841207987e+03 0.000000000000000000e+00 0.000000000000000000e+00 0.000000000000000000e+00
4.050000000000000000e+02 8.371627787736853861e+03 0.000000000000000000e+00 0.000000000000000000e+00 0.000000000000000000e+00
4.060000000000000000e+02 8.392298473632499736e+03 0.000000000000000000e+00 0.000000000000000000e+00 0.000000000000000000e+00
4.070000000000000000e+02 8.412969159528145610e+03 0.000000000000000000e+00 0.000000000000000000e+00 0.000000000000000000e+00
4.080000000000000000e+02 8.433639845423791485e+03 0.000000000000000000e+00 0.000000000000000000e+00 0.000000000000000000e+00
4.090000000000000000e+02 8.454310531319437359e+03 0.000000000000000000e+00 0.000000000000000000e+00 0.000000000000000000e+00
4.100000000000000000e+02 8.474981217215083234e+03 0.000000000000000000e+00 0.000000000000000000e+00 0.000000000000000000e+00
4.110000000000000000e+02 8.495651903110729108e+03 0.000000000000000000e+00 0.000000000000000000e+00 0.000000000000000000e+00
4.120000000000000000e+02 8.516322589006374983e+03 0.000000000000000000e+00 0.000000000000000000e+00 0.000000000000000000e+00
4.130000000000000000e+02 8.536993274902020858e+03 0.000000000000000000e+00 0.000000000000000000e+00 0.000000000000000000e+00
4.140000000000000000e+02 8.557663960797666732e+03 0.000000000000000000e+00 0.000000000000000000e+00 0.000000000000000000e+00
4.150000000000000000e+02 8.578334646693312607e+03 0.000000000000000000e+00 0.000000000000000000e+00 0.000000000000000000e+00
4.160000000000000000e+02 8.599005332588958481e+03 0.000000000000000000e+00 0.000000000000000000e+00 0.000000000000000000e+00
4.170000000000000000e+02 8.619676018484604356e+03 0.000000000000000000e+00 0.000000000000000000e+00 0.000000000000000000e+00
4.180000000000000000e+02 8.640346704380250230e+03 0.000000000000000000e+00 0.000000000000000000e+00 0.000000000000000000e+00
4.190000000000000000e+02 8.661017390275896105e+03 0.000000000000000000e+00 0.000000000000000000e+00 0.000000000000000000e+00
4.200000000000000000e+02 8.681688076171541979e+03 0.000000000000000000e+00 0.000000000000000000e+00 0.000000000000000000e+00
4.210000000000000000e+02 8.702358762067187854e+03 0.000000000000000000e+00 0.000000000000000000e+00 0.000000000000000000e+00
4.220000000000000000e+02 8.723029447962833729e+03 0.000000000000000000e+00 0.000000000000000000e+00 0.000000000000000000e+00
4.230000000000000000e+02 8.743700133858479603e+03 0.000000000000000000e+00 0.000000000000000000e+00 0.000000000000000000e+00
4.240000000000000000e+02 8.764370819754125478e+03 0.000000000000000000e+00 0.000000000000000000e+00 0.000000000000000000e+00
4.250000000000000000e+02 8.785041505649771352e+03 0.000000000000000000e+00 0.000000000000000000e+00 0.000000000000000000e+00
4.260000000000000000e+02 8.805712191545417227e+03 0.000000000000000000e+00 0.000000000000000000e+00 0.000000000000000000e+00
4.270000000000000000e+02 8.826382877441063101e+03 0.000000000000000000e+00 0.000000000000000000e+00 0.000000000000000000e+00
4.280000000000000000e+02 8.847053563336708976e+03 0.000000000000000000e+00 0.000000000000000000e+00 0.000000000000000000e+00
4.290000000000000000e+02 8.867724249232354850e+03 0.000000000000000000e+00 0.000000000000000000e+00 0.000000000000000000e+00
4.300000000000000000e+02 8.888394935128000725e+03 0.000000000000000000e+00 0.000000000000000000e+00 0.000000000000000000e+00
4.310000000000000000e+02 8.909065621023646599e+03 0.000000000000000000e+00 0.000000000000000000e+00 0.000000000000000000e+00
4.320000000000000000e+02 8.929736306919292474e+03 0.000000000000000000e+00 0.000000000000000000e+00 0.000000000000000000e+00
4.330000000000000000e+02 8.950406992814938349e+03 0.000000000000000000e+00 0.000000000000000000e+00 0.000000000000000000e+00
4.340000000000000000e+02 8.971077678710584223e+03 0.000000000000000000e+00 0.000000000000000000e+00 0.000000000000000000e+00
4.350000000000000000e+02 8.991748364606230098e+03 0.000000000000000000e+00 0.000000000000000000e+00 0.000000000000000000e+00
4.360000000000000000e+02 9.012419050501875972e+03 0.000000000000000000e+00 0.000000000000000000e+00 0.000000000000000000e+00
4.370000000000000000e+02 9.033089736397521847e+03 0.000000000000000000e+00 0.000000000000000000e+00 0.000000000000000000e+00
4.380000000000000000e+02 9.053760422293167721e+03 0.000000000000000000e+00 0.000000000000000000e+00 0.000000000000000000e+00
4.390000000000000000e+02 9.074431108188813596e+03 0.000000000000000000e+00 0.000000000000000000e+00 0.000000000000000000e+00
4.400000000000000000e+02 9.095101794084459470e+03 0.000000000000000000e+00 0.000000000000000000e+00 0.000000000000000000e+00
4.410000000000000000e+02 9.115772479980105345e+03 0.000000000000000000e+00 0.000000000000000000e+00 0.000000000000000000e+00
4.420000000000000000e+02 9.136443165875751220e+03 0.000000000000000000e+00 0.000000000000000000e+00 0.000000000000000000e+00
4.430000000000000000e+02 9.157113851771397094e+03 0.000000000000000000e+00 0.000000000000000000e+00 0.000000000000000000e+00
4.440000000000000000e+02 9.177784537667042969e+03 0.000000000000000000e+00 0.000000000000000000e+00 0.000000000000000000e+00
4.450000000000000000e+02 9.198455223562688843e+03 0.000000000000000000e+00 0.000000000000000000e+00 0.000000000000000000e+00
4.460000000000000000e+02 9.219125909458334718e+03 0.000000000000000000e+00 0.000000000000000000e+00 0.000000000000000000e+00
4.470000000000000000e+02 9.239796595353980592e+03 0.000000000000000000e+00 0.000000000000000000e+00 0.000000000000000000e+00
4.480000000000000000e+02 9.260467281249626467e+03 0.000000000000000000e+00 0.000000000000000000e+00 0.000000000000000000e+00
4.490000000000000000e+02 9.281137967145272341e+03 0.000000000000000000e+00 0.000000000000000000e+00 0.000000000000000000e+00
4.500000000000000000e+02 9.301808653040918216e+03 0.000000000000000000e+00 0.000000000000000000e+00 0.000000000000000000e+00
4.510000000000000000e+02 9.322479338936564091e+03 0.000000000000000000e+00 0.000000000000000000e+00 0.000000000000000000e+00
4.520000000000000000e+02 9.343150024832209965e+03 0.000000000000000000e+00 0.000000000000000000e+00 0.000000000000000000e+00
4.530000000000000000e+02 9.363820710727855840e+03 0.000000000000000000e+00 0.000000000000000000e+00 0.000000000000000000e+00
4.540000000000000000e+02 9.384491396623501714e+03 0.000000000000000000e+00 0.000000000000000000e+00 0.000000000000000000e+00
4.550000000000000000e+02 9.405162082519147589e+03 0.000000000000000000e+00 0.000000000000000000e+00 0.000000000000000000e+00
4.560000000000000000e+02 9.425832768414793463e+03 0.000000000000000000e+00 0.000000000000000000e+00 0.000000000000000000e+00
4.570000000000000000e+02 9.446503454310439338e+03 0.000000000000000000e+00 0.000000000000000000e+00 0.000000000000000000e+00
4.580000000000000000e+02 9.467174140206085212e+03 0.000000000000000000e+00 0.000000000000000000e+00 0.000000000000000000e+00
4.590000000000000000e+02 9.487844826101731087e+03 0.000000000000000000e+00 0.000000000000000000e+00 0.000000000000000000e+00
4.600000000000000000e+02 9.508515511997376962e+03 0.000000000000000000e+00 0.000000000000000000e+00 0.000000000000000000e+00
4.610000000000000000e+02 9.529186197893022836e+03 0.000000000000000000e+00 0.000000000000000000e+00 0.000000000000000000e+00
4.620000000000000000e+02 9.549856883788668711e+03 0.000000000000000000e+00 0.000000000000000000e+00 0.000000000000000000e+00
4.630000000000000000e+02 9.570527569684314585e+03 0.000000000000000000e+00 0.000000000000000000e+00 0.000000000000000000e+00
4.640000000000000000e+02 9.591198255579960460e+03 0.000000000000000000e+00 0.000000000000000000e+00 0.000000000000000000e+00
4.650000000000000000e+02 9.611868941475606334e+03 0.000000000000000000e+00 0.000000000000000000e+00 0.000000000000000000e+00
4.660000000000000000e+02 9.632539627371252209e+03 0.000000000000000000e+00 0.000000000000000000e+00 0.000000000000000000e+00
4.670000000000000000e+02 9.653210313266898083e+03 0.000000000000000000e+00 0.000000000000000000e+00 0.000000000000000000e+00
4.680000000000000000e+02 9.673880999162543958e+03 0.000000000000000000e+00 0.000000000000000000e+00 0.000000000000000000e+00
4.690000000000000000e+02 9.694551685058189832e+03 0.000000000000000000e+00 0.000000000000000000e+00 0.000000000000000000e+00
4.700000000000000000e+02 9.715222370953835707e+03 0.000000000000000000e+00 0.000000000000000000e+00 0.000000000000000000e+00
4.710000000000000000e+02 9.735893056849481582e+03 0.000000000000000000e+00 0.000000000000000000e+00 0.000000000000000000e+00
4.720000000000000000e+02 9.756563742745127456e+03 0.000000000000000000e+00 0.000000000000000000e+00 0.000000000000000000e+00
4.730000000000000000e+02 9.777234428640773331e+03 0.000000000000000000e+00 0.000000000000000000e+00 0.000000000000000000e+00
4.740000000000000000e+02 9.797905114536419205e+03 0.000000000000000000e+00 0.000000000000000000e+00 0.000000000000000000e+00
4.750000000000000000e+02 9.818575800432065080e+03 0.000000000000000000e+00 0.000000000000000000e+00 0.000000000000000000e+00
4.760000000000000000e+02 9.839246486327710954e+03 0.000000000000000000e+00 0.000000000000000000e+00 0.000000000000000000e+00
4.770000000000000000e+02 9.859917172223356829e+03 0.000000000000000000e+00 0.000000000000000000e+00 0.000000000000000000e+00
4.780000000000000000e+02 9.880587858119002703e+03 0.000000000000000000e+00 0.000000000000000000e+00 0.000000000000000000e+00
4.790000000000000000e+02 9.901258544014648578e+03 0.000000000000000000e+00 0.000000000000000000e+00 0.000000000000000000e+00
4.800000000000000000e+02 9.921929229910294453e+03 0.000000000000000000e+00 0.000000000000000000e+00 0.000000000000000000e+00
4.810000000000000000e+02 9.942599915805940327e+03 0.000000000000000000e+00 0.000000000000000000e+00 0.000000000000000000e+00
4.820000000000000000e+02 9.963270601701586202e+03 0.000000000000000000e+00 0.000000000000000000e+00 0.000000000000000000e+00
4.830000000000000000e+02 9.983941287597232076e+03 0.000000000000000000e+00 0.000000000000000000e+00 0.000000000000000000e+00
4.840000000000000000e+02 1.000461197349287795e+04 0.000000000000000000e+00 0.000000000000000000e+00 0.000000000000000000e+00
4.850000000000000000e+02 1.002528265938852383e+04 0.000000000000000000e+00 0.000000000000000000e+00 0.000000000000000000e+00
4.860000000000000000e+02 1.004595334528416970e+04 0.000000000000000000e+00 0.000000000000000000e+00 0.000000000000000000e+00
4.870000000000000000e+02 1.006662403117981557e+04 0.000000000000000000e+00 0.000000000000000000e+00 0.000000000000000000e+00
4.880000000000000000e+02 1.008729471707546145e+04 0.000000000000000000e+00 0.000000000000000000e+00 0.000000000000000000e+00
4.890000000000000000e+02 1.010796540297110732e+04 0.000000000000000000e+00 0.000000000000000000e+00 0.000000000000000000e+00
4.900000000000000000e+02 1.012863608886675320e+04 0.000000000000000000e+00 0.000000000000000000e+00 0.000000000000000000e+00
4.910000000000000000e+02 1.014930677476239907e+04 0.000000000000000000e+00 0.000000000000000000e+00 0.000000000000000000e+00
4.920000000000000000e+02 1.016997746065804495e+04 0.000000000000000000e+00 0.000000000000000000e+00 0.000000000000000000e+00
4.930000000000000000e+02 1.019064814655369082e+04 0.000000000000000000e+00 0.000000000000000000e+00 0.000000000000000000e+00
4.940000000000000000e+02 1.021131883244933670e+04 0.000000000000000000e+00 0.000000000000000000e+00 0.000000000000000000e+00
4.950000000000000000e+02 1.023198951834498257e+04 0.000000000000000000e+00 0.000000000000000000e+00 0.000000000000000000e+00
4.960000000000000000e+02 1.025266020424062845e+04 0.000000000000000000e+00 0.000000000000000000e+00 0.000000000000000000e+00
4.970000000000000000e+02 1.027333089013627432e+04 0.000000000000000000e+00 0.000000000000000000e+00 0.000000000000000000e+00
4.980000000000000000e+02 1.029400157603192019e+04 0.000000000000000000e+00 0.000000000000000000e+00 0.000000000000000000e+00
4.990000000000000000e+02 1.031467226192756607e+04 0.000000000000000000e+00 0.000000000000000000e+00 0.000000000000000000e+00
5.000000000000000000e+02 1.033534294782321194e+04 0.000000000000000000e+00 0.000000000000000000e+00 0.000000000000000000e+00
5.010000000000000000e+02 1.035601363371885782e+04 0.000000000000000000e+00 0.000000000000000000e+00 0.000000000000000000e+00
5.020000000000000000e+02 1.037668431961450369e+04 0.000000000000000000e+00 0.000000000000000000e+00 0.000000000000000000e+00
5.030000000000000000e+02 1.039735500551014957e+04 0.000000000000000000e+00 0.000000000000000000e+00 0.000000000000000000e+00
5.040000000000000000e+02 1.041802569140579544e+04 0.000000000000000000e+00 0.000000000000000000e+00 0.000000000000000000e+00
5.050000000000000000e+02 1.043869637730144132e+04 0.000000000000000000e+00 0.000000000000000000e+00 0.000000000000000000e+00
5.060000000000000000e+02 1.045936706319708719e+04 0.000000000000000000e+00 0.000000000000000000e+00 0.000000000000000000e+00
5.070000000000000000e+02 1.048003774909273307e+04 0.000000000000000000e+00 0.000000000000000000e+00 0.000000000000000000e+00
5.080000000000000000e+02 1.050070843498837894e+04 0.000000000000000000e+00 0.000000000000000000e+00 0.000000000000000000e+00
5.090000000000000000e+02 1.052137912088402481e+04 0.000000000000000000e+00 0.000000000000000000e+00 0.000000000000000000e+00
5.100000000000000000e+02 1.054204980677967069e+04 0.000000000000000000e+00 0.000000000000000000e+00 0.000000000000000000e+00
5.110000000000000000e+02 1.056272049267531656e+04 0.000000000000000000e+00 0.000000000000000000e+00 0.000000000000000000e+00
5.120000000000000000e+02 1.058339117857096244e+04 0.000000000000000000e+00 0.000000000000000000e+00 0.000000000000000000e+00
5.130000000000000000e+02 1.060406186446660831e+04 0.000000000000000000e+00 0.000000000000000000e+00 0.000000000000000000e+00
5.140000000000000000e+02 1.062473255036225419e+04 0.000000000000000000e+00 0.000000000000000000e+00 0.000000000000000000e+00
5.150000000000000000e+02 1.064540323625790006e+04 0.000000000000000000e+00 0.000000000000000000e+00 0.000000000000000000e+00
5.160000000000000000e+02 1.066607392215354594e+04 0.000000000000000000e+00 0.000000000000000000e+00 0.000000000000000000e+00
5.170000000000000000e+02 1.068674460804919181e+04 0.000000000000000000e+00 0.000000000000000000e+00 0.000000000000000000e+00
5.180000000000000000e+02 1.070741529394483769e+04 0.000000000000000000e+00 0.000000000000000000e+00 0.000000000000000000e+00
5.190000000000000000e+02 1.072808597984048356e+04 0.000000000000000000e+00 0.000000000000000000e+00 0.000000000000000000e+00
5.200000000000000000e+02 1.074875666573612943e+04 0.000000000000000000e+00 0.000000000000000000e+00 0.000000000000000000e+00
5.210000000000000000e+02 1.076942735163177531e+04 0.000000000000000000e+00 0.000000000000000000e+00 0.000000000000000000e+00
5.220000000000000000e+02 1.079009803752742118e+04 0.000000000000000000e+00 0.000000000000000000e+00 0.000000000000000000e+00
5.230000000000000000e+02 1.081076872342306706e+04 0.000000000000000000e+00 0.000000000000000000e+00 0.000000000000000000e+00
5.240000000000000000e+02 1.083143940931871293e+04 0.000000000000000000e+00 0.000000000000000000e+00 0.000000000000000000e+00
5.250000000000000000e+02 1.085211009521435881e+04 0.000000000000000000e+00 0.000000000000000000e+00 0.000000000000000000e+00
5.260000000000000000e+02 1.087278078111000468e+04 0.000000000000000000e+00 0.000000000000000000e+00 0.000000000000000000e+00
5.270000000000000000e+02 1.089345146700565056e+04 0.000000000000000000e+00 0.000000000000000000e+00 0.000000000000000000e+00
5.280000000000000000e+02 1.091412215290129643e+04 0.000000000000000000e+00 0.000000000000000000e+00 0.000000000000000000e+00
5.290000000000000000e+02 1.093479283879694231e+04 0.000000000000000000e+00 0.000000000000000000e+00 0.000000000000000000e+00
5.300000000000000000e+02 1.095546352469258818e+04 0.000000000000000000e+00 0.000000000000000000e+00 0.000000000000000000e+00
5.310000000000000000e+02 1.097613421058823405e+04 0.000000000000000000e+00 0.000000000000000000e+00 0.000000000000000000e+00
5.320000000000000000e+02 1.099680489648387993e+04 0.000000000000000000e+00 0.000000000000000000e+00 0.000000000000000000e+00
5.330000000000000000e+02 1.101747558237952580e+04 0.000000000000000000e+00 0.000000000000000000e+00 0.000000000000000000e+00
5.340000000000000000e+02 1.103814626827517168e+04 0.000000000000000000e+00 0.000000000000000000e+00 0.000000000000000000e+00
5.350000000000000000e+02 1.105881695417081755e+04 0.000000000000000000e+00 0.000000000000000000e+00 0.000000000000000000e+00
5.360000000000000000e+02 1.107948764006646343e+04 0.000000000000000000e+00 0.000000000000000000e+00 0.000000000000000000e+00
5.370000000000000000e+02 1.110015832596210930e+04 0.000000000000000000e+00 0.000000000000000000e+00 0.000000000000000000e+00
5.380000000000000000e+02 1.112082901185775518e+04 0.000000000000000000e+00 0.000000000000000000e+00 0.000000000000000000e+00
5.390000000000000000e+02 1.114149969775340105e+04 0.000000000000000000e+00 0.000000000000000000e+00 0.000000000000000000e+00
5.400000000000000000e+02 1.116217038364904693e+04 0.000000000000000000e+00 0.000000000000000000e+00 0.000000000000000000e+00
5.410000000000000000e+02 1.118284106954469280e+04 0.000000000000000000e+00 0.000000000000000000e+00 0.000000000000000000e+00
5.420000000000000000e+02 1.120351175544033867e+04 0.000000000000000000e+00 0.000000000000000000e+00 0.000000000000000000e+00
5.430000000000000000e+02 1.122418244133598455e+04 0.000000000000000000e+00 0.000000000000000000e+00 0.000000000000000000e+00
5.440000000000000000e+02 1.124485312723163042e+04 0.000000000000000000e+00 0.000000000000000000e+00 0.000000000000000000e+00
5.450000000000000000e+02 1.126552381312727630e+04 0.000000000000000000e+00 0.000000000000000000e+00 0.000000000000000000e+00
5.460000000000000000e+02 1.128619449902292217e+04 0.000000000000000000e+00 0.000000000000000000e+00 0.000000000000000000e+00
5.470000000000000000e+02 1.130686518491856805e+04 0.000000000000000000e+00 0.000000000000000000e+00 0.000000000000000000e+00
5.480000000000000000e+02 1.132753587081421392e+04 0.000000000000000000e+00 0.000000000000000000e+00 0.000000000000000000e+00
5.490000000000000000e+02 1.134820655670985980e+04 0.000000000000000000e+00 0.000000000000000000e+00 0.000000000000000000e+00
5.500000000000000000e+02 1.136887724260550567e+04 0.000000000000000000e+00 0.000000000000000000e+00 0.000000000000000000e+00
5.510000000000000000e+02 1.138954792850115155e+04 0.000000000000000000e+00 0.000000000000000000e+00 0.000000000000000000e+00
5.520000000000000000e+02 1.141021861439679742e+04 0.000000000000000000e+00 0.000000000000000000e+00 0.000000000000000000e+00
5.530000000000000000e+02 1.143088930029244329e+04 0.000000000000000000e+00 0.000000000000000000e+00 0.000000000000000000e+00
5.540000000000000000e+02 1.145155998618808917e+04 0.000000000000000000e+00 0.000000000000000000e+00 0.000000000000000000e+00
5.550000000000000000e+02 1.147223067208373504e+04 0.000000000000000000e+00 0.000000000000000000e+00 0.000000000000000000e+00
5.560000000000000000e+02 1.149290135797938092e+04 0.000000000000000000e+00 0.000000000000000000e+00 0.000000000000000000e+00
5.570000000000000000e+02 1.151357204387502679e+04 0.000000000000000000e+00 0.000000000000000000e+00 0.000000000000000000e+00
5.580000000000000000e+02 1.153424272977067267e+04 0.000000000000000000e+00 0.000000000000000000e+00 0.000000000000000000e+00
5.590000000000000000e+02 1.155491341566631854e+04 0.000000000000000000e+00 0.000000000000000000e+00 0.000000000000000000e+00
5.600000000000000000e+02 1.157558410156196442e+04 0.000000000000000000e+00 0.000000000000000000e+00 0.000000000000000000e+00
5.610000000000000000e+02 1.159625478745761029e+04 0.000000000000000000e+00 0.000000000000000000e+00 0.000000000000000000e+00
5.620000000000000000e+02 1.161692547335325617e+04 0.000000000000000000e+00 0.000000000000000000e+00 0.000000000000000000e+00
5.630000000000000000e+02 1.163759615924890204e+04 0.000000000000000000e+00 0.000000000000000000e+00 0.000000000000000000e+00
5.640000000000000000e+02 1.165826684514454791e+04 0.000000000000000000e+00 0.000000000000000000e+00 0.000000000000000000e+00
5.650000000000000000e+02 1.167893753104019379e+04 0.000000000000000000e+00 0.000000000000000000e+00 0.000000000000000000e+00
5.660000000000000000e+02 1.169960821693583966e+04 0.000000000000000000e+00 0.000000000000000000e+00 0.000000000000000000e+00
5.670000000000000000e+02 1.172027890283148554e+04 0.000000000000000000e+00 0.000000000000000000e+00 0.000000000000000000e+00
5.680000000000000000e+02 1.174094958872713141e+04 0.000000000000000000e+00 0.000000000000000000e+00 0.000000000000000000e+00
5.690000000000000000e+02 1.176162027462277729e+04 0.000000000000000000e+00 0.000000000000000000e+00 0.000000000000000000e+00
5.700000000000000000e+02 1.178229096051842316e+04 0.000000000000000000e+00 0.000000000000000000e+00 0.000000000000000000e+00
5.710000000000000000e+02 1.180296164641406904e+04 0.000000000000000000e+00 0.000000000000000000e+00 0.000000000000000000e+00
5.720000000000000000e+02 1.182363233230971491e+04 0.000000000000000000e+00 0.000000000000000000e+00 0.000000000000000000e+00
5.730000000000000000e+02 1.184430301820536079e+04 0.000000000000000000e+00 0.000000000000000000e+00 0.000000000000000000e+00
5.740000000000000000e+02 1.186497370410100666e+04 0.000000000000000000e+00 0.000000000000000000e+00 0.000000000000000000e+00
5.750000000000000000e+02 1.188564438999665254e+04 0.000000000000000000e+00 0.000000000000000000e+00 0.000000000000000000e+00
5.760000000000000000e+02 1.190631507589229841e+04 0.000000000000000000e+00 0.000000000000000000e+00 0.000000000000000000e+00
5.770000000000000000e+02 1.192698576178794428e+04 0.000000000000000000e+00 0.000000000000000000e+00 0.000000000000000000e+00
5.780000000000000000e+02 1.194765644768359016e+04 0.000000000000000000e+00 0.000000000000000000e+00 0.000000000000000000e+00
5.790000000000000000e+02 1.196832713357923603e+04 0.000000000000000000e+00 0.000000000000000000e+00 0.000000000000000000e+00
5.800000000000000000e+02 1.198899781947488191e+04 0.000000000000000000e+00 0.000000000000000000e+00 0.000000000000000000e+00
5.810000000000000000e+02 1.200966850537052778e+04 0.000000000000000000e+00 0.000000000000000000e+00 0.000000000000000000e+00
5.820000000000000000e+02 1.203033919126617366e+04 0.000000000000000000e+00 0.000000000000000000e+00 0.000000000000000000e+00
5.830000000000000000e+02 1.205100987716181953e+04 0.000000000000000000e+00 0.000000000000000000e+00 0.000000000000000000e+00
5.840000000000000000e+02 1.207168056305746541e+04 0.000000000000000000e+00 0.000000000000000000e+00 0.000000000000000000e+00
5.850000000000000000e+02 1.209235124895311128e+04 0.000000000000000000e+00 0.000000000000000000e+00 0.000000000000000000e+00
5.860000000000000000e+02 1.211302193484875716e+04 0.000000000000000000e+00 0.000000000000000000e+00 0.000000000000000000e+00
5.870000000000000000e+02 1.213369262074440303e+04 0.000000000000000000e+00 0.000000000000000000e+00 0.000000000000000000e+00
5.880000000000000000e+02 1.215436330664004890e+04 0.000000000000000000e+00 0.000000000000000000e+00 0.000000000000000000e+00
5.890000000000000000e+02 1.217503399253569478e+04 0.000000000000000000e+00 0.000000000000000000e+00 0.000000000000000000e+00
5.900000000000000000e+02 1.219570467843134065e+04 0.000000000000000000e+00 0.000000000000000000e+00 0.000000000000000000e+00
5.910000000000000000e+02 1.221637536432698653e+04 0.000000000000000000e+00 0.000000000000000000e+00 0.000000000000000000e+00
5.920000000000000000e+02 1.223704605022263240e+04 0.000000000000000000e+00 0.000000000000000000e+00 0.000000000000000000e+00
5.930000000000000000e+02 1.225771673611827828e+04 0.000000000000000000e+00 0.000000000000000000e+00 0.000000000000000000e+00
5.940000000000000000e+02 1.227838742201392415e+04 0.000000000000000000e+00 0.000000000000000000e+00 0.000000000000000000e+00
5.950000000000000000e+02 1.229905810790957003e+04 0.000000000000000000e+00 0.000000000000000000e+00 0.000000000000000000e+00
5.960000000000000000e+02 1.231972879380521590e+04 0.000000000000000000e+00 0.000000000000000000e+00 0.000000000000000000e+00
5.970000000000000000e+02 1.234039947970086178e+04 0.000000000000000000e+00 0.000000000000000000e+00 0.000000000000000000e+00
5.980000000000000000e+02 1.236107016559650765e+04 0.000000000000000000e+00 0.000000000000000000e+00 0.000000000000000000e+00
5.990000000000000000e+02 1.238174085149215352e+04 0.000000000000000000e+00 0.000000000000000000e+00 0.000000000000000000e+00
6.000000000000000000e+02 1.240241153738779940e+04 0.000000000000000000e+00 0.000000000000000000e+00 0.000000000000000000e+00
6.010000000000000000e+02 1.242308222328344527e+04 0.000000000000000000e+00 0.000000000000000000e+00 0.000000000000000000e+00
6.020000000000000000e+02 1.244375290917909115e+04 0.000000000000000000e+00 0.000000000000000000e+00 0.000000000000000000e+00
6.030000000000000000e+02 1.246442359507473702e+04 0.000000000000000000e+00 0.000000000000000000e+00 0.000000000000000000e+00
6.040000000000000000e+02 1.248509428097038290e+04 0.000000000000000000e+00 0.000000000000000000e+00 0.000000000000000000e+00
6.050000000000000000e+02 1.250576496686602877e+04 0.000000000000000000e+00 0.000000000000000000e+00 0.000000000000000000e+00
6.060000000000000000e+02 1.252643565276167465e+04 0.000000000000000000e+00 0.000000000000000000e+00 0.000000000000000000e+00
6.070000000000000000e+02 1.254710633865732052e+04 0.000000000000000000e+00 0.000000000000000000e+00 0.000000000000000000e+00
6.080000000000000000e+02 1.256777702455296640e+04 0.000000000000000000e+00 0.000000000000000000e+00 0.000000000000000000e+00
6.090000000000000000e+02 1.258844771044861227e+04 0.000000000000000000e+00 0.000000000000000000e+00 0.000000000000000000e+00
6.100000000000000000e+02 1.260911839634425814e+04 0.000000000000000000e+00 0.000000000000000000e+00 0.000000000000000000e+00
6.110000000000000000e+02 1.262978908223990402e+04 0.000000000000000000e+00 0.000000000000000000e+00 0.000000000000000000e+00
6.120000000000000000e+02 1.265045976813554989e+04 0.000000000000000000e+00 0.000000000000000000e+00 0.000000000000000000e+00
6.130000000000000000e+02 1.267113045403119577e+04 0.000000000000000000e+00 0.000000000000000000e+00 0.000000000000000000e+00
6.140000000000000000e+02 1.269180113992684164e+04 0.000000000000000000e+00 0.000000000000000000e+00 0.000000000000000000e+00
6.150000000000000000e+02 1.271247182582248752e+04 0.000000000000000000e+00 0.000000000000000000e+00 0.000000000000000000e+00
6.160000000000000000e+02 1.273314251171813339e+04 0.000000000000000000e+00 0.000000000000000000e+00 0.000000000000000000e+00
6.170000000000000000e+02 1.275381319761377927e+04 0.000000000000000000e+00 0.000000000000000000e+00 0.000000000000000000e+00
6.180000000000000000e+02 1.277448388350942514e+04 0.000000000000000000e+00 0.000000000000000000e+00 0.000000000000000000e+00
6.190000000000000000e+02 1.279515456940507102e+04 0.000000000000000000e+00 0.000000000000000000e+00 0.000000000000000000e+00
6.200000000000000000e+02 1.281582525530071689e+04 0.000000000000000000e+00 0.000000000000000000e+00 0.000000000000000000e+00
6.210000000000000000e+02 1.283649594119636276e+04 0.000000000000000000e+00 0.000000000000000000e+00 0.000000000000000000e+00
6.220000000000000000e+02 1.285716662709200864e+04 0.000000000000000000e+00 0.000000000000000000e+00 0.000000000000000000e+00
6.230000000000000000e+02 1.287783731298765451e+04 0.000000000000000000e+00 0.000000000000000000e+00 0.000000000000000000e+00
6.240000000000000000e+02 1.289850799888330039e+04 0.000000000000000000e+00 0.000000000000000000e+00 0.000000000000000000e+00
6.250000000000000000e+02 1.291917868477894626e+04 0.000000000000000000e+00 0.000000000000000000e+00 0.000000000000000000e+00
6.260000000000000000e+02 1.293984937067459214e+04 0.000000000000000000e+00 0.000000000000000000e+00 0.000000000000000000e+00
6.270000000000000000e+02 1.296052005657023801e+04 0.000000000000000000e+00 0.000000000000000000e+00 0.000000000000000000e+00
6.280000000000000000e+02 1.298119074246588389e+04 0.000000000000000000e+00 0.000000000000000000e+00 0.000000000000000000e+00
6.290000000000000000e+02 1.300186142836152976e+04 0.000000000000000000e+00 0.000000000000000000e+00 0.000000000000000000e+00
6.300000000000000000e+02 1.302253211425717564e+04 0.000000000000000000e+00 0.000000000000000000e+00 0.000000000000000000e+00
6.310000000000000000e+02 1.304320280015282151e+04 0.000000000000000000e+00 0.000000000000000000e+00 0.000000000000000000e+00
6.320000000000000000e+02 1.306387348604846738e+04 0.000000000000000000e+00 0.000000000000000000e+00 0.000000000000000000e+00
6.330000000000000000e+02 1.308454417194411326e+04 0.000000000000000000e+00 0.000000000000000000e+00 0.000000000000000000e+00
6.340000000000000000e+02 1.310521485783975913e+04 0.000000000000000000e+00 0.000000000000000000e+00 0.000000000000000000e+00
6.350000000000000000e+02 1.312588554373540501e+04 0.000000000000000000e+00 0.000000000000000000e+00 0.000000000000000000e+00
6.360000000000000000e+02 1.314655622963105088e+04 0.000000000000000000e+00 0.000000000000000000e+00 0.000000000000000000e+00
6.370000000000000000e+02 1.316722691552669676e+04 0.000000000000000000e+00 0.000000000000000000e+00 0.000000000000000000e+00
6.380000000000000000e+02 1.318789760142234263e+04 0.000000000000000000e+00 0.000000000000000000e+00 0.000000000000000000e+00
6.390000000000000000e+02 1.320856828731798851e+04 0.000000000000000000e+00 0.000000000000000000e+00 0.000000000000000000e+00
6.400000000000000000e+02 1.322923897321363438e+04 0.000000000000000000e+00 0.000000000000000000e+00 0.000000000000000000e+00
6.410000000000000000e+02 1.324990965910928026e+04 0.000000000000000000e+00 0.000000000000000000e+00 0.000000000000000000e+00
6.420000000000000000e+02 1.327058034500492613e+04 0.000000000000000000e+00 0.000000000000000000e+00 0.000000000000000000e+00
6.430000000000000000e+02 1.329125103090057200e+04 0.000000000000000000e+00 0.000000000000000000e+00 0.000000000000000000e+00
6.440000000000000000e+02 1.331192171679621788e+04 0.000000000000000000e+00 0.000000000000000000e+00 0.000000000000000000e+00
6.450000000000000000e+02 1.333259240269186375e+04 0.000000000000000000e+00 0.000000000000000000e+00 0.000000000000000000e+00
6.460000000000000000e+02 1.335326308858750963e+04 0.000000000000000000e+00 0.000000000000000000e+00 0.000000000000000000e+00
6.470000000000000000e+02 1.337393377448315550e+04 0.000000000000000000e+00 0.000000000000000000e+00 0.000000000000000000e+00
6.480000000000000000e+02 1.339460446037880138e+04 0.000000000000000000e+00 0.000000000000000000e+00 0.000000000000000000e+00
6.490000000000000000e+02 1.341527514627444725e+04 0.000000000000000000e+00 0.000000000000000000e+00 0.000000000000000000e+00
6.500000000000000000e+02 1.343594583217009313e+04 0.000000000000000000e+00 0.000000000000000000e+00 0.000000000000000000e+00
6.510000000000000000e+02 1.345661651806573900e+04 0.000000000000000000e+00 0.000000000000000000e+00 0.000000000000000000e+00
6.520000000000000000e+02 1.347728720396138488e+04 0.000000000000000000e+00 0.000000000000000000e+00 0.000000000000000000e+00
6.530000000000000000e+02 1.349795788985703075e+04 0.000000000000000000e+00 0.000000000000000000e+00 0.000000000000000000e+00
6.540000000000000000e+02 1.351862857575267662e+04 0.000000000000000000e+00 0.000000000000000000e+00 0.000000000000000000e+00
6.550000000000000000e+02 1.353929926164832250e+04 0.000000000000000000e+00 0.000000000000000000e+00 0.000000000000000000e+00
6.560000000000000000e+02 1.355996994754396837e+04 0.000000000000000000e+00 0.000000000000000000e+00 0.000000000000000000e+00
6.570000000000000000e+02 1.358064063343961425e+04 0.000000000000000000e+00 0.000000000000000000e+00 0.000000000000000000e+00
6.580000000000000000e+02 1.360131131933526012e+04 0.000000000000000000e+00 0.000000000000000000e+00 0.000000000000000000e+00
6.590000000000000000e+02 1.362198200523090600e+04 0.000000000000000000e+00 0.000000000000000000e+00 0.000000000000000000e+00
6.600000000000000000e+02 1.364265269112655187e+04 0.000000000000000000e+00 0.000000000000000000e+00 0.000000000000000000e+00
6.610000000000000000e+02 1.366332337702219775e+04 0.000000000000000000e+00 0.000000000000000000e+00 0.000000000000000000e+00
6.620000000000000000e+02 1.368399406291784362e+04 0.000000000000000000e+00 0.000000000000000000e+00 0.000000000000000000e+00
6.630000000000000000e+02 1.370466474881348950e+04 0.000000000000000000e+00 0.000000000000000000e+00 0.000000000000000000e+00
6.640000000000000000e+02 1.372533543470913537e+04 0.000000000000000000e+00 0.000000000000000000e+00 0.000000000000000000e+00
6.650000000000000000e+02 1.374600612060478124e+04 0.000000000000000000e+00 0.000000000000000000e+00 0.000000000000000000e+00
6.660000000000000000e+02 1.376667680650042712e+04 0.000000000000000000e+00 0.000000000000000000e+00 0.000000000000000000e+00
6.670000000000000000e+02 1.378734749239607299e+04 0.000000000000000000e+00 0.000000000000000000e+00 0.000000000000000000e+00
6.680000000000000000e+02 1.380801817829171887e+04 0.000000000000000000e+00 0.000000000000000000e+00 0.000000000000000000e+00
6.690000000000000000e+02 1.382868886418736474e+04 0.000000000000000000e+00 0.000000000000000000e+00 0.000000000000000000e+00
6.700000000000000000e+02 1.384935955008301062e+04 0.000000000000000000e+00 0.000000000000000000e+00 0.000000000000000000e+00
6.710000000000000000e+02 1.387003023597865649e+04 0.000000000000000000e+00 0.000000000000000000e+00 0.000000000000000000e+00
6.720000000000000000e+02 1.389070092187430237e+04 0.000000000000000000e+00 0.000000000000000000e+00 0.000000000000000000e+00
6.730000000000000000e+02 1.391137160776994824e+04 0.000000000000000000e+00 0.000000000000000000e+00 0.000000000000000000e+00
6.740000000000000000e+02 1.393204229366559412e+04 0.000000000000000000e+00 0.000000000000000000e+00 0.000000000000000000e+00
6.750000000000000000e+02 1.395271297956123999e+04 0.000000000000000000e+00 0.000000000000000000e+00 0.000000000000000000e+00
6.760000000000000000e+02 1.397338366545688586e+04 0.000000000000000000e+00 0.000000000000000000e+00 0.000000000000000000e+00
6.770000000000000000e+02 1.399405435135253174e+04 0.000000000000000000e+00 0.000000000000000000e+00 0.000000000000000000e+00
6.780000000000000000e+02 1.401472503724817761e+04 0.000000000000000000e+00 0.000000000000000000e+00 0.000000000000000000e+00
6.790000000000000000e+02 1.403539572314382349e+04 0.000000000000000000e+00 0.000000000000000000e+00 0.000000000000000000e+00
6.800000000000000000e+02 1.405606640903946936e+04 0.000000000000000000e+00 0.000000000000000000e+00 0.000000000000000000e+00
6.810000000000000000e+02 1.407673709493511524e+04 0.000000000000000000e+00 0.000000000000000000e+00 0.000000000000000000e+00
6.820000000000000000e+02 1.409740778083076111e+04 0.000000000000000000e+00 0.000000000000000000e+00 0.000000000000000000e+00
6.830000000000000000e+02 1.411807846672640699e+04 0.000000000000000000e+00 0.000000000000000000e+00 0.000000000000000000e+00
6.840000000000000000e+02 1.413874915262205286e+04 0.000000000000000000e+00 0.000000000000000000e+00 0.000000000000000000e+00
6.850000000000000000e+02 1.415941983851769874e+04 0.000000000000000000e+00 0.000000000000000000e+00 0.000000000000000000e+00
6.860000000000000000e+02 1.418009052441334461e+04 0.000000000000000000e+00 0.000000000000000000e+00 0.000000000000000000e+00
6.870000000000000000e+02 1.420076121030899048e+04 0.000000000000000000e+00 0.000000000000000000e+00 0.000000000000000000e+00
6.880000000000000000e+02 1.422143189620463636e+04 0.000000000000000000e+00 0.000000000000000000e+00 0.000000000000000000e+00
6.890000000000000000e+02 1.424210258210028223e+04 0.000000000000000000e+00 0.000000000000000000e+00 0.000000000000000000e+00
6.900000000000000000e+02 1.426277326799592811e+04 0.000000000000000000e+00 0.000000000000000000e+00 0.000000000000000000e+00
6.910000000000000000e+02 1.428344395389157398e+04 0.000000000000000000e+00 0.000000000000000000e+00 0.000000000000000000e+00
6.920000000000000000e+02 1.430411463978721986e+04 0.000000000000000000e+00 0.000000000000000000e+00 0.000000000000000000e+00
6.930000000000000000e+02 1.432478532568286573e+04 0.000000000000000000e+00 0.000000000000000000e+00 0.000000000000000000e+00
6.940000000000000000e+02 1.434545601157851161e+04 0.000000000000000000e+00 0.000000000000000000e+00 0.000000000000000000e+00
6.950000000000000000e+02 1.436612669747415748e+04 0.000000000000000000e+00 0.000000000000000000e+00 0.000000000000000000e+00
6.960000000000000000e+02 1.438679738336980336e+04 0.000000000000000000e+00 0.000000000000000000e+00 0.000000000000000000e+00
6.970000000000000000e+02 1.440746806926544923e+04 0.000000000000000000e+00 0.000000000000000000e+00 0.000000000000000000e+00
6.980000000000000000e+02 1.442813875516109510e+04 0.000000000000000000e+00 0.000000000000000000e+00 0.000000000000000000e+00
6.990000000000000000e+02 1.444880944105674098e+04 0.000000000000000000e+00 0.000000000000000000e+00 0.000000000000000000e+00
7.000000000000000000e+02 1.446948012695238685e+04 0.000000000000000000e+00 0.000000000000000000e+00 0.000000000000000000e+00
7.010000000000000000e+02 1.449015081284803273e+04 0.000000000000000000e+00 0.000000000000000000e+00 0.000000000000000000e+00
7.020000000000000000e+02 1.451082149874367860e+04 0.000000000000000000e+00 0.000000000000000000e+00 0.000000000000000000e+00
7.030000000000000000e+02 1.453149218463932448e+04 0.000000000000000000e+00 0.000000000000000000e+00 0.000000000000000000e+00
7.040000000000000000e+02 1.455216287053497035e+04 0.000000000000000000e+00 0.000000000000000000e+00 0.000000000000000000e+00
7.050000000000000000e+02 1.457283355643061623e+04 0.000000000000000000e+00 0.000000000000000000e+00 0.000000000000000000e+00
7.060000000000000000e+02 1.459350424232626210e+04 0.000000000000000000e+00 0.000000000000000000e+00 0.000000000000000000e+00
7.070000000000000000e+02 1.461417492822190798e+04 0.000000000000000000e+00 0.000000000000000000e+00 0.000000000000000000e+00
7.080000000000000000e+02 1.463484561411755385e+04 0.000000000000000000e+00 0.000000000000000000e+00 0.000000000000000000e+00
7.090000000000000000e+02 1.465551630001319973e+04 0.000000000000000000e+00 0.000000000000000000e+00 0.000000000000000000e+00
7.100000000000000000e+02 1.467618698590884560e+04 0.000000000000000000e+00 0.000000000000000000e+00 0.000000000000000000e+00
7.110000000000000000e+02 1.469685767180449147e+04 0.000000000000000000e+00 0.000000000000000000e+00 0.000000000000000000e+00
7.120000000000000000e+02 1.471752835770013735e+04 0.000000000000000000e+00 0.000000000000000000e+00 0.000000000000000000e+00
7.130000000000000000e+02 1.473819904359578322e+04 0.000000000000000000e+00 0.000000000000000000e+00 0.000000000000000000e+00
7.140000000000000000e+02 1.475886972949142910e+04 0.000000000000000000e+00 0.000000000000000000e+00 0.000000000000000000e+00
7.150000000000000000e+02 1.477954041538707497e+04 0.000000000000000000e+00 0.000000000000000000e+00 0.000000000000000000e+00
7.160000000000000000e+02 1.480021110128272085e+04 0.000000000000000000e+00 0.000000000000000000e+00 0.000000000000000000e+00
7.170000000000000000e+02 1.482088178717836672e+04 0.000000000000000000e+00 0.000000000000000000e+00 0.000000000000000000e+00
7.180000000000000000e+02 1.484155247307401260e+04 0.000000000000000000e+00 0.000000000000000000e+00 0.000000000000000000e+00
7.190000000000000000e+02 1.486222315896965847e+04 0.000000000000000000e+00 0.000000000000000000e+00 0.000000000000000000e+00
7.200000000000000000e+02 1.488289384486530435e+04 0.000000000000000000e+00 0.000000000000000000e+00 0.000000000000000000e+00
7.210000000000000000e+02 1.490356453076095022e+04 0.000000000000000000e+00 0.000000000000000000e+00 0.000000000000000000e+00
7.220000000000000000e+02 1.492423521665659609e+04 0.000000000000000000e+00 0.000000000000000000e+00 0.000000000000000000e+00
7.230000000000000000e+02 1.494490590255224197e+04 0.000000000000000000e+00 0.000000000000000000e+00 0.000000000000000000e+00
7.240000000000000000e+02 1.496557658844788784e+04 0.000000000000000000e+00 0.000000000000000000e+00 0.000000000000000000e+00
7.250000000000000000e+02 1.498624727434353372e+04 0.000000000000000000e+00 0.000000000000000000e+00 0.000000000000000000e+00
7.260000000000000000e+02 1.500691796023917959e+04 0.000000000000000000e+00 0.000000000000000000e+00 0.000000000000000000e+00
7.270000000000000000e+02 1.502758864613482547e+04 0.000000000000000000e+00 0.000000000000000000e+00 0.000000000000000000e+00
7.280000000000000000e+02 1.504825933203047134e+04 0.000000000000000000e+00 0.000000000000000000e+00 0.000000000000000000e+00
7.290000000000000000e+02 1.506893001792611722e+04 0.000000000000000000e+00 0.000000000000000000e+00 0.000000000000000000e+00
7.300000000000000000e+02 1.508960070382176309e+04 0.000000000000000000e+00 0.000000000000000000e+00 0.000000000000000000e+00
7.310000000000000000e+02 1.511027138971740897e+04 0.000000000000000000e+00 0.000000000000000000e+00 0.000000000000000000e+00
7.320000000000000000e+02 1.513094207561305484e+04 0.000000000000000000e+00 0.000000000000000000e+00 0.000000000000000000e+00
7.330000000000000000e+02 1.515161276150870071e+04 0.000000000000000000e+00 0.000000000000000000e+00 0.000000000000000000e+00
7.340000000000000000e+02 1.517228344740434659e+04 0.000000000000000000e+00 0.000000000000000000e+00 0.000000000000000000e+00
7.350000000000000000e+02 1.519295413329999246e+04 0.000000000000000000e+00 0.000000000000000000e+00 0.000000000000000000e+00
7.360000000000000000e+02 1.521362481919563834e+04 0.000000000000000000e+00 0.000000000000000000e+00 0.000000000000000000e+00
7.370000000000000000e+02 1.523429550509128421e+04 0.000000000000000000e+00 0.000000000000000000e+00 0.000000000000000000e+00
7.380000000000000000e+02 1.525496619098693009e+04 0.000000000000000000e+00 0.000000000000000000e+00 0.000000000000000000e+00
7.390000000000000000e+02 1.527563687688257596e+04 0.000000000000000000e+00 0.000000000000000000e+00 0.000000000000000000e+00
7.400000000000000000e+02 1.529630756277822184e+04 0.000000000000000000e+00 0.000000000000000000e+00 0.000000000000000000e+00
7.410000000000000000e+02 1.531697824867386771e+04 0.000000000000000000e+00 0.000000000000000000e+00 0.000000000000000000e+00
7.420000000000000000e+02 1.533764893456951359e+04 0.000000000000000000e+00 0.000000000000000000e+00 0.000000000000000000e+00
7.430000000000000000e+02 1.535831962046515946e+04 0.000000000000000000e+00 0.000000000000000000e+00 0.000000000000000000e+00
7.440000000000000000e+02 1.537899030636080533e+04 0.000000000000000000e+00 0.000000000000000000e+00 0.000000000000000000e+00
7.450000000000000000e+02 1.539966099225645121e+04 0.000000000000000000e+00 0.000000000000000000e+00 0.000000000000000000e+00
7.460000000000000000e+02 1.542033167815209708e+04 0.000000000000000000e+00 0.000000000000000000e+00 0.000000000000000000e+00
7.470000000000000000e+02 1.544100236404774296e+04 0.000000000000000000e+00 0.000000000000000000e+00 0.000000000000000000e+00
7.480000000000000000e+02 1.546167304994338883e+04 0.000000000000000000e+00 0.000000000000000000e+00 0.000000000000000000e+00
7.490000000000000000e+02 1.548234373583903471e+04 0.000000000000000000e+00 0.000000000000000000e+00 0.000000000000000000e+00
7.500000000000000000e+02 1.550301442173468058e+04 0.000000000000000000e+00 0.000000000000000000e+00 0.000000000000000000e+00
7.510000000000000000e+02 1.552368510763032646e+04 0.000000000000000000e+00 0.000000000000000000e+00 0.000000000000000000e+00
7.520000000000000000e+02 1.554435579352597233e+04 0.000000000000000000e+00 0.000000000000000000e+00 0.000000000000000000e+00
7.530000000000000000e+02 1.556502647942161821e+04 0.000000000000000000e+00 0.000000000000000000e+00 0.000000000000000000e+00
7.540000000000000000e+02 1.558569716531726408e+04 0.000000000000000000e+00 0.000000000000000000e+00 0.000000000000000000e+00
7.550000000000000000e+02 1.560636785121290995e+04 0.000000000000000000e+00 0.000000000000000000e+00 0.000000000000000000e+00
7.560000000000000000e+02 1.562703853710855583e+04 0.000000000000000000e+00 0.000000000000000000e+00 0.000000000000000000e+00
7.570000000000000000e+02 1.564770922300420170e+04 0.000000000000000000e+00 0.000000000000000000e+00 0.000000000000000000e+00
7.580000000000000000e+02 1.566837990889984758e+04 0.000000000000000000e+00 0.000000000000000000e+00 0.000000000000000000e+00
7.590000000000000000e+02 1.568905059479549345e+04 0.000000000000000000e+00 0.000000000000000000e+00 0.000000000000000000e+00
7.600000000000000000e+02 1.570972128069113933e+04 0.000000000000000000e+00 0.000000000000000000e+00 0.000000000000000000e+00
7.610000000000000000e+02 1.573039196658678520e+04 0.000000000000000000e+00 0.000000000000000000e+00 0.000000000000000000e+00
7.620000000000000000e+02 1.575106265248243108e+04 0.000000000000000000e+00 0.000000000000000000e+00 0.000000000000000000e+00
7.630000000000000000e+02 1.577173333837807695e+04 0.000000000000000000e+00 0.000000000000000000e+00 0.000000000000000000e+00
7.640000000000000000e+02 1.579240402427372283e+04 0.000000000000000000e+00 0.000000000000000000e+00 0.000000000000000000e+00
7.650000000000000000e+02 1.581307471016936870e+04 0.000000000000000000e+00 0.000000000000000000e+00 0.000000000000000000e+00
7.660000000000000000e+02 1.583374539606501457e+04 0.000000000000000000e+00 0.000000000000000000e+00 0.000000000000000000e+00
7.670000000000000000e+02 1.585441608196066045e+04 0.000000000000000000e+00 0.000000000000000000e+00 0.000000000000000000e+00
7.680000000000000000e+02 1.587508676785630632e+04 0.000000000000000000e+00 0.000000000000000000e+00 0.000000000000000000e+00
7.690000000000000000e+02 1.589575745375195220e+04 0.000000000000000000e+00 0.000000000000000000e+00 0.000000000000000000e+00
7.700000000000000000e+02 1.591642813964759807e+04 0.000000000000000000e+00 0.000000000000000000e+00 0.000000000000000000e+00
7.710000000000000000e+02 1.593709882554324395e+04 0.000000000000000000e+00 0.000000000000000000e+00 0.000000000000000000e+00
7.720000000000000000e+02 1.595776951143888982e+04 0.000000000000000000e+00 0.000000000000000000e+00 0.000000000000000000e+00
7.730000000000000000e+02 1.597844019733453570e+04 0.000000000000000000e+00 0.000000000000000000e+00 0.000000000000000000e+00
7.740000000000000000e+02 1.599911088323018157e+04 0.000000000000000000e+00 0.000000000000000000e+00 0.000000000000000000e+00
7.750000000000000000e+02 1.601978156912582745e+04 0.000000000000000000e+00 0.000000000000000000e+00 0.000000000000000000e+00
7.760000000000000000e+02 1.604045225502147332e+04 0.000000000000000000e+00 0.000000000000000000e+00 0.000000000000000000e+00
7.770000000000000000e+02 1.606112294091711919e+04 0.000000000000000000e+00 0.000000000000000000e+00 0.000000000000000000e+00
7.780000000000000000e+02 1.608179362681276507e+04 0.000000000000000000e+00 0.000000000000000000e+00 0.000000000000000000e+00
7.790000000000000000e+02 1.610246431270841094e+04 0.000000000000000000e+00 0.000000000000000000e+00 0.000000000000000000e+00
7.800000000000000000e+02 1.612313499860405682e+04 0.000000000000000000e+00 0.000000000000000000e+00 0.000000000000000000e+00
7.810000000000000000e+02 1.614380568449970269e+04 0.000000000000000000e+00 0.000000000000000000e+00 0.000000000000000000e+00
7.820000000000000000e+02 1.616447637039534857e+04 0.000000000000000000e+00 0.000000000000000000e+00 0.000000000000000000e+00
7.830000000000000000e+02 1.618514705629099444e+04 0.000000000000000000e+00 0.000000000000000000e+00 0.000000000000000000e+00
7.840000000000000000e+02 1.620581774218664032e+04 0.000000000000000000e+00 0.000000000000000000e+00 0.000000000000000000e+00
7.850000000000000000e+02 1.622648842808228619e+04 0.000000000000000000e+00 0.000000000000000000e+00 0.000000000000000000e+00
7.860000000000000000e+02 1.624715911397793207e+04 0.000000000000000000e+00 0.000000000000000000e+00 0.000000000000000000e+00
7.870000000000000000e+02 1.626782979987357794e+04 0.000000000000000000e+00 0.000000000000000000e+00 0.000000000000000000e+00
7.880000000000000000e+02 1.628850048576922381e+04 0.000000000000000000e+00 0.000000000000000000e+00 0.000000000000000000e+00
7.890000000000000000e+02 1.630917117166486969e+04 0.000000000000000000e+00 0.000000000000000000e+00 0.000000000000000000e+00
7.900000000000000000e+02 1.632984185756051556e+04 0.000000000000000000e+00 0.000000000000000000e+00 0.000000000000000000e+00
7.910000000000000000e+02 1.635051254345616144e+04 0.000000000000000000e+00 0.000000000000000000e+00 0.000000000000000000e+00
7.920000000000000000e+02 1.637118322935180731e+04 0.000000000000000000e+00 0.000000000000000000e+00 0.000000000000000000e+00
7.930000000000000000e+02 1.639185391524745501e+04 0.000000000000000000e+00 0.000000000000000000e+00 0.000000000000000000e+00
7.940000000000000000e+02 1.641252460114310088e+04 0.000000000000000000e+00 0.000000000000000000e+00 0.000000000000000000e+00
7.950000000000000000e+02 1.643319528703874676e+04 0.000000000000000000e+00 0.000000000000000000e+00 0.000000000000000000e+00
7.960000000000000000e+02 1.645386597293439263e+04 0.000000000000000000e+00 0.000000000000000000e+00 0.000000000000000000e+00
7.970000000000000000e+02 1.647453665883003850e+04 0.000000000000000000e+00 0.000000000000000000e+00 0.000000000000000000e+00
7.980000000000000000e+02 1.649520734472568438e+04 0.000000000000000000e+00 0.000000000000000000e+00 0.000000000000000000e+00
7.990000000000000000e+02 1.651587803062133025e+04 0.000000000000000000e+00 0.000000000000000000e+00 0.000000000000000000e+00
8.000000000000000000e+02 1.653654871651697613e+04 0.000000000000000000e+00 0.000000000000000000e+00 0.000000000000000000e+00
8.010000000000000000e+02 1.655721940241262200e+04 0.000000000000000000e+00 0.000000000000000000e+00 0.000000000000000000e+00
8.020000000000000000e+02 1.657789008830826788e+04 0.000000000000000000e+00 0.000000000000000000e+00 0.000000000000000000e+00
8.030000000000000000e+02 1.659856077420391375e+04 0.000000000000000000e+00 0.000000000000000000e+00 0.000000000000000000e+00
8.040000000000000000e+02 1.661923146009955963e+04 0.000000000000000000e+00 0.000000000000000000e+00 0.000000000000000000e+00
8.050000000000000000e+02 1.663990214599520550e+04 0.000000000000000000e+00 0.000000000000000000e+00 0.000000000000000000e+00
8.060000000000000000e+02 1.666057283189085138e+04 0.000000000000000000e+00 0.000000000000000000e+00 0.000000000000000000e+00
8.070000000000000000e+02 1.668124351778649725e+04 0.000000000000000000e+00 0.000000000000000000e+00 0.000000000000000000e+00
8.080000000000000000e+02 1.670191420368214312e+04 0.000000000000000000e+00 0.000000000000000000e+00 0.000000000000000000e+00
8.090000000000000000e+02 1.672258488957778900e+04 0.000000000000000000e+00 0.000000000000000000e+00 0.000000000000000000e+00
8.100000000000000000e+02 1.674325557547343487e+04 0.000000000000000000e+00 0.000000000000000000e+00 0.000000000000000000e+00
8.110000000000000000e+02 1.676392626136908075e+04 0.000000000000000000e+00 0.000000000000000000e+00 0.000000000000000000e+00
8.120000000000000000e+02 1.678459694726472662e+04 0.000000000000000000e+00 0.000000000000000000e+00 0.000000000000000000e+00
8.130000000000000000e+02 1.680526763316037250e+04 0.000000000000000000e+00 0.000000000000000000e+00 0.000000000000000000e+00
8.140000000000000000e+02 1.682593831905601837e+04 0.000000000000000000e+00 0.000000000000000000e+00 0.000000000000000000e+00
8.150000000000000000e+02 1.684660900495166425e+04 0.000000000000000000e+00 0.000000000000000000e+00 0.000000000000000000e+00
8.160000000000000000e+02 1.686727969084731012e+04 0.000000000000000000e+00 0.000000000000000000e+00 0.000000000000000000e+00
8.170000000000000000e+02 1.688795037674295600e+04 0.000000000000000000e+00 0.000000000000000000e+00 0.000000000000000000e+00
8.180000000000000000e+02 1.690862106263860187e+04 0.000000000000000000e+00 0.000000000000000000e+00 0.000000000000000000e+00
8.190000000000000000e+02 1.692929174853424774e+04 0.000000000000000000e+00 0.000000000000000000e+00 0.000000000000000000e+00
8.200000000000000000e+02 1.694996243442989362e+04 0.000000000000000000e+00 0.000000000000000000e+00 0.000000000000000000e+00
8.210000000000000000e+02 1.697063312032553949e+04 0.000000000000000000e+00 0.000000000000000000e+00 0.000000000000000000e+00
8.220000000000000000e+02 1.699130380622118537e+04 0.000000000000000000e+00 0.000000000000000000e+00 0.000000000000000000e+00
8.230000000000000000e+02 1.701197449211683124e+04 0.000000000000000000e+00 0.000000000000000000e+00 0.000000000000000000e+00
8.240000000000000000e+02 1.703264517801247712e+04 0.000000000000000000e+00 0.000000000000000000e+00 0.000000000000000000e+00
8.250000000000000000e+02 1.705331586390812299e+04 0.000000000000000000e+00 0.000000000000000000e+00 0.000000000000000000e+00
8.260000000000000000e+02 1.707398654980376887e+04 0.000000000000000000e+00 0.000000000000000000e+00 0.000000000000000000e+00
8.270000000000000000e+02 1.709465723569941474e+04 0.000000000000000000e+00 0.000000000000000000e+00 0.000000000000000000e+00
8.280000000000000000e+02 1.711532792159506062e+04 0.000000000000000000e+00 0.000000000000000000e+00 0.000000000000000000e+00
8.290000000000000000e+02 1.713599860749070649e+04 0.000000000000000000e+00 0.000000000000000000e+00 0.000000000000000000e+00
8.300000000000000000e+02 1.715666929338635236e+04 0.000000000000000000e+00 0.000000000000000000e+00 0.000000000000000000e+00
8.310000000000000000e+02 1.717733997928199824e+04 0.000000000000000000e+00 0.000000000000000000e+00 0.000000000000000000e+00
8.320000000000000000e+02 1.719801066517764411e+04 0.000000000000000000e+00 0.000000000000000000e+00 0.000000000000000000e+00
8.330000000000000000e+02 1.721868135107328999e+04 0.000000000000000000e+00 0.000000000000000000e+00 0.000000000000000000e+00
8.340000000000000000e+02 1.723935203696893586e+04 0.000000000000000000e+00 0.000000000000000000e+00 0.000000000000000000e+00
8.350000000000000000e+02 1.726002272286458174e+04 0.000000000000000000e+00 0.000000000000000000e+00 0.000000000000000000e+00
8.360000000000000000e+02 1.728069340876022761e+04 0.000000000000000000e+00 0.000000000000000000e+00 0.000000000000000000e+00
8.370000000000000000e+02 1.730136409465587349e+04 0.000000000000000000e+00 0.000000000000000000e+00 0.000000000000000000e+00
8.380000000000000000e+02 1.732203478055151936e+04 0.000000000000000000e+00 0.000000000000000000e+00 0.000000000000000000e+00
8.390000000000000000e+02 1.734270546644716524e+04 0.000000000000000000e+00 0.000000000000000000e+00 0.000000000000000000e+00
8.400000000000000000e+02 1.736337615234281111e+04 0.000000000000000000e+00 0.000000000000000000e+00 0.000000000000000000e+00
8.410000000000000000e+02 1.738404683823845698e+04 0.000000000000000000e+00 0.000000000000000000e+00 0.000000000000000000e+00
8.420000000000000000e+02 1.740471752413410286e+04 0.000000000000000000e+00 0.000000000000000000e+00 0.000000000000000000e+00
8.430000000000000000e+02 1.742538821002974873e+04 0.000000000000000000e+00 0.000000000000000000e+00 0.000000000000000000e+00
8.440000000000000000e+02 1.744605889592539461e+04 0.000000000000000000e+00 0.000000000000000000e+00 0.000000000000000000e+00
8.450000000000000000e+02 1.746672958182104048e+04 0.000000000000000000e+00 0.000000000000000000e+00 0.000000000000000000e+00
8.460000000000000000e+02 1.748740026771668636e+04 0.000000000000000000e+00 0.000000000000000000e+00 0.000000000000000000e+00
8.470000000000000000e+02 1.750807095361233223e+04 0.000000000000000000e+00 0.000000000000000000e+00 0.000000000000000000e+00
8.480000000000000000e+02 1.752874163950797811e+04 0.000000000000000000e+00 0.000000000000000000e+00 0.000000000000000000e+00
8.490000000000000000e+02 1.754941232540362398e+04 0.000000000000000000e+00 0.000000000000000000e+00 0.000000000000000000e+00
8.500000000000000000e+02 1.757008301129926986e+04 0.000000000000000000e+00 0.000000000000000000e+00 0.000000000000000000e+00
8.510000000000000000e+02 1.759075369719491573e+04 0.000000000000000000e+00 0.000000000000000000e+00 0.000000000000000000e+00
8.520000000000000000e+02 1.761142438309056161e+04 0.000000000000000000e+00 0.000000000000000000e+00 0.000000000000000000e+00
8.530000000000000000e+02 1.763209506898620748e+04 0.000000000000000000e+00 0.000000000000000000e+00 0.000000000000000000e+00
8.540000000000000000e+02 1.765276575488185335e+04 0.000000000000000000e+00 0.000000000000000000e+00 0.000000000000000000e+00
8.550000000000000000e+02 1.767343644077749923e+04 0.000000000000000000e+00 0.000000000000000000e+00 0.000000000000000000e+00
8.560000000000000000e+02 1.769410712667314510e+04 0.000000000000000000e+00 0.000000000000000000e+00 0.000000000000000000e+00
8.570000000000000000e+02 1.771477781256879098e+04 0.000000000000000000e+00 0.000000000000000000e+00 0.000000000000000000e+00
8.580000000000000000e+02 1.773544849846443685e+04 0.000000000000000000e+00 0.000000000000000000e+00 0.000000000000000000e+00
8.590000000000000000e+02 1.775611918436008273e+04 0.000000000000000000e+00 0.000000000000000000e+00 0.000000000000000000e+00
8.600000000000000000e+02 1.777678987025572860e+04 0.000000000000000000e+00 0.000000000000000000e+00 0.000000000000000000e+00
8.610000000000000000e+02 1.779746055615137448e+04 0.000000000000000000e+00 0.000000000000000000e+00 0.000000000000000000e+00
8.620000000000000000e+02 1.781813124204702035e+04 0.000000000000000000e+00 0.000000000000000000e+00 0.000000000000000000e+00
8.630000000000000000e+02 1.783880192794266623e+04 0.000000000000000000e+00 0.000000000000000000e+00 0.000000000000000000e+00
8.640000000000000000e+02 1.785947261383831210e+04 0.000000000000000000e+00 0.000000000000000000e+00 0.000000000000000000e+00
8.650000000000000000e+02 1.788014329973395797e+04 0.000000000000000000e+00 0.000000000000000000e+00 0.000000000000000000e+00
8.660000000000000000e+02 1.790081398562960385e+04 0.000000000000000000e+00 0.000000000000000000e+00 0.000000000000000000e+00
8.670000000000000000e+02 1.792148467152524972e+04 0.000000000000000000e+00 0.000000000000000000e+00 0.000000000000000000e+00
8.680000000000000000e+02 1.794215535742089560e+04 0.000000000000000000e+00 0.000000000000000000e+00 0.000000000000000000e+00
8.690000000000000000e+02 1.796282604331654147e+04 0.000000000000000000e+00 0.000000000000000000e+00 0.000000000000000000e+00
8.700000000000000000e+02 1.798349672921218735e+04 0.000000000000000000e+00 0.000000000000000000e+00 0.000000000000000000e+00
8.710000000000000000e+02 1.800416741510783322e+04 0.000000000000000000e+00 0.000000000000000000e+00 0.000000000000000000e+00
8.720000000000000000e+02 1.802483810100347910e+04 0.000000000000000000e+00 0.000000000000000000e+00 0.000000000000000000e+00
8.730000000000000000e+02 1.804550878689912497e+04 0.000000000000000000e+00 0.000000000000000000e+00 0.000000000000000000e+00
8.740000000000000000e+02 1.806617947279477085e+04 0.000000000000000000e+00 0.000000000000000000e+00 0.000000000000000000e+00
8.750000000000000000e+02 1.808685015869041672e+04 0.000000000000000000e+00 0.000000000000000000e+00 0.000000000000000000e+00
8.760000000000000000e+02 1.810752084458606259e+04 0.000000000000000000e+00 0.000000000000000000e+00 0.000000000000000000e+00
8.770000000000000000e+02 1.812819153048170847e+04 0.000000000000000000e+00 0.000000000000000000e+00 0.000000000000000000e+00
8.780000000000000000e+02 1.814886221637735434e+04 0.000000000000000000e+00 0.000000000000000000e+00 0.000000000000000000e+00
8.790000000000000000e+02 1.816953290227300022e+04 0.000000000000000000e+00 0.000000000000000000e+00 0.000000000000000000e+00
8.800000000000000000e+02 1.819020358816864609e+04 0.000000000000000000e+00 0.000000000000000000e+00 0.000000000000000000e+00
8.810000000000000000e+02 1.821087427406429197e+04 0.000000000000000000e+00 0.000000000000000000e+00 0.000000000000000000e+00
8.820000000000000000e+02 1.823154495995993784e+04 0.000000000000000000e+00 0.000000000000000000e+00 0.000000000000000000e+00
8.830000000000000000e+02 1.825221564585558372e+04 0.000000000000000000e+00 0.000000000000000000e+00 0.000000000000000000e+00
8.840000000000000000e+02 1.827288633175122959e+04 0.000000000000000000e+00 0.000000000000000000e+00 0.000000000000000000e+00
8.850000000000000000e+02 1.829355701764687547e+04 0.000000000000000000e+00 0.000000000000000000e+00 0.000000000000000000e+00
8.860000000000000000e+02 1.831422770354252134e+04 0.000000000000000000e+00 0.000000000000000000e+00 0.000000000000000000e+00
8.870000000000000000e+02 1.833489838943816721e+04 0.000000000000000000e+00 0.000000000000000000e+00 0.000000000000000000e+00
8.880000000000000000e+02 1.835556907533381309e+04 0.000000000000000000e+00 0.000000000000000000e+00 0.000000000000000000e+00
8.890000000000000000e+02 1.837623976122945896e+04 0.000000000000000000e+00 0.000000000000000000e+00 0.000000000000000000e+00
8.900000000000000000e+02 1.839691044712510484e+04 0.000000000000000000e+00 0.000000000000000000e+00 0.000000000000000000e+00
8.910000000000000000e+02 1.841758113302075071e+04 0.000000000000000000e+00 0.000000000000000000e+00 0.000000000000000000e+00
8.920000000000000000e+02 1.843825181891639659e+04 0.000000000000000000e+00 0.000000000000000000e+00 0.000000000000000000e+00
8.930000000000000000e+02 1.845892250481204246e+04 0.000000000000000000e+00 0.000000000000000000e+00 0.000000000000000000e+00
8.940000000000000000e+02 1.847959319070768834e+04 0.000000000000000000e+00 0.000000000000000000e+00 0.000000000000000000e+00
8.950000000000000000e+02 1.850026387660333421e+04 0.000000000000000000e+00 0.000000000000000000e+00 0.000000000000000000e+00
8.960000000000000000e+02 1.852093456249898009e+04 0.000000000000000000e+00 0.000000000000000000e+00 0.000000000000000000e+00
8.970000000000000000e+02 1.854160524839462596e+04 0.000000000000000000e+00 0.000000000000000000e+00 0.000000000000000000e+00
8.980000000000000000e+02 1.856227593429027183e+04 0.000000000000000000e+00 0.000000000000000000e+00 0.000000000000000000e+00
8.990000000000000000e+02 1.858294662018591771e+04 0.000000000000000000e+00 0.000000000000000000e+00 0.000000000000000000e+00
9.000000000000000000e+02 1.860361730608156358e+04 0.000000000000000000e+00 0.000000000000000000e+00 0.000000000000000000e+00
9.010000000000000000e+02 1.862428799197720946e+04 0.000000000000000000e+00 0.000000000000000000e+00 0.000000000000000000e+00
9.020000000000000000e+02 1.864495867787285533e+04 0.000000000000000000e+00 0.000000000000000000e+00 0.000000000000000000e+00
9.030000000000000000e+02 1.866562936376850121e+04 0.000000000000000000e+00 0.000000000000000000e+00 0.000000000000000000e+00
9.040000000000000000e+02 1.868630004966414708e+04 0.000000000000000000e+00 0.000000000000000000e+00 0.000000000000000000e+00
9.050000000000000000e+02 1.870697073555979296e+04 0.000000000000000000e+00 0.000000000000000000e+00 0.000000000000000000e+00
9.060000000000000000e+02 1.872764142145543883e+04 0.000000000000000000e+00 0.000000000000000000e+00 0.000000000000000000e+00
9.070000000000000000e+02 1.874831210735108471e+04 0.000000000000000000e+00 0.000000000000000000e+00 0.000000000000000000e+00
9.080000000000000000e+02 1.876898279324673058e+04 0.000000000000000000e+00 0.000000000000000000e+00 0.000000000000000000e+00
9.090000000000000000e+02 1.878965347914237645e+04 0.000000000000000000e+00 0.000000000000000000e+00 0.000000000000000000e+00
9.100000000000000000e+02 1.881032416503802233e+04 0.000000000000000000e+00 0.000000000000000000e+00 0.000000000000000000e+00
9.110000000000000000e+02 1.883099485093366820e+04 0.000000000000000000e+00 0.000000000000000000e+00 0.000000000000000000e+00
9.120000000000000000e+02 1.885166553682931408e+04 0.000000000000000000e+00 0.000000000000000000e+00 0.000000000000000000e+00
9.130000000000000000e+02 1.887233622272495995e+04 0.000000000000000000e+00 0.000000000000000000e+00 0.000000000000000000e+00
9.140000000000000000e+02 1.889300690862060583e+04 0.000000000000000000e+00 0.000000000000000000e+00 0.000000000000000000e+00
9.150000000000000000e+02 1.891367759451625170e+04 0.000000000000000000e+00 0.000000000000000000e+00 0.000000000000000000e+00
9.160000000000000000e+02 1.893434828041189758e+04 0.000000000000000000e+00 0.000000000000000000e+00 0.000000000000000000e+00
9.170000000000000000e+02 1.895501896630754345e+04 0.000000000000000000e+00 0.000000000000000000e+00 0.000000000000000000e+00
9.180000000000000000e+02 1.897568965220318933e+04 0.000000000000000000e+00 0.000000000000000000e+00 0.000000000000000000e+00
9.190000000000000000e+02 1.899636033809883520e+04 0.000000000000000000e+00 0.000000000000000000e+00 0.000000000000000000e+00
9.200000000000000000e+02 1.901703102399448107e+04 0.000000000000000000e+00 0.000000000000000000e+00 0.000000000000000000e+00
9.210000000000000000e+02 1.903770170989012695e+04 0.000000000000000000e+00 0.000000000000000000e+00 0.000000000000000000e+00
9.220000000000000000e+02 1.905837239578577282e+04 0.000000000000000000e+00 0.000000000000000000e+00 0.000000000000000000e+00
9.230000000000000000e+02 1.907904308168141870e+04 0.000000000000000000e+00 0.000000000000000000e+00 0.000000000000000000e+00
9.240000000000000000e+02 1.909971376757706457e+04 0.000000000000000000e+00 0.000000000000000000e+00 0.000000000000000000e+00
9.250000000000000000e+02 1.912038445347271045e+04 0.000000000000000000e+00 0.000000000000000000e+00 0.000000000000000000e+00
9.260000000000000000e+02 1.914105513936835632e+04 0.000000000000000000e+00 0.000000000000000000e+00 0.000000000000000000e+00
9.270000000000000000e+02 1.916172582526400220e+04 0.000000000000000000e+00 0.000000000000000000e+00 0.000000000000000000e+00
9.280000000000000000e+02 1.918239651115964807e+04 0.000000000000000000e+00 0.000000000000000000e+00 0.000000000000000000e+00
9.290000000000000000e+02 1.920306719705529395e+04 0.000000000000000000e+00 0.000000000000000000e+00 0.000000000000000000e+00
9.300000000000000000e+02 1.922373788295093982e+04 0.000000000000000000e+00 0.000000000000000000e+00 0.000000000000000000e+00
9.310000000000000000e+02 1.924440856884658569e+04 0.000000000000000000e+00 0.000000000000000000e+00 0.000000000000000000e+00
9.320000000000000000e+02 1.926507925474223157e+04 0.000000000000000000e+00 0.000000000000000000e+00 0.000000000000000000e+00
9.330000000000000000e+02 1.928574994063787744e+04 0.000000000000000000e+00 0.000000000000000000e+00 0.000000000000000000e+00
9.340000000000000000e+02 1.930642062653352332e+04 0.000000000000000000e+00 0.000000000000000000e+00 0.000000000000000000e+00
9.350000000000000000e+02 1.932709131242916919e+04 0.000000000000000000e+00 0.000000000000000000e+00 0.000000000000000000e+00
9.360000000000000000e+02 1.934776199832481507e+04 0.000000000000000000e+00 0.000000000000000000e+00 0.000000000000000000e+00
9.370000000000000000e+02 1.936843268422046094e+04 0.000000000000000000e+00 0.000000000000000000e+00 0.000000000000000000e+00
9.380000000000000000e+02 1.938910337011610682e+04 0.000000000000000000e+00 0.000000000000000000e+00 0.000000000000000000e+00
9.390000000000000000e+02 1.940977405601175269e+04 0.000000000000000000e+00 0.000000000000000000e+00 0.000000000000000000e+00
9.400000000000000000e+02 1.943044474190739857e+04 0.000000000000000000e+00 0.000000000000000000e+00 0.000000000000000000e+00
9.410000000000000000e+02 1.945111542780304444e+04 0.000000000000000000e+00 0.000000000000000000e+00 0.000000000000000000e+00
9.420000000000000000e+02 1.947178611369869031e+04 0.000000000000000000e+00 0.000000000000000000e+00 0.000000000000000000e+00
9.430000000000000000e+02 1.949245679959433619e+04 0.000000000000000000e+00 0.000000000000000000e+00 0.000000000000000000e+00
9.440000000000000000e+02 1.951312748548998206e+04 0.000000000000000000e+00 0.000000000000000000e+00 0.000000000000000000e+00
9.450000000000000000e+02 1.953379817138562794e+04 0.000000000000000000e+00 0.000000000000000000e+00 0.000000000000000000e+00
9.460000000000000000e+02 1.955446885728127381e+04 0.000000000000000000e+00 0.000000000000000000e+00 0.000000000000000000e+00
9.470000000000000000e+02 1.957513954317691969e+04 0.000000000000000000e+00 0.000000000000000000e+00 0.000000000000000000e+00
9.480000000000000000e+02 1.959581022907256556e+04 0.000000000000000000e+00 0.000000000000000000e+00 0.000000000000000000e+00
9.490000000000000000e+02 1.961648091496821144e+04 0.000000000000000000e+00 0.000000000000000000e+00 0.000000000000000000e+00
9.500000000000000000e+02 1.963715160086385731e+04 0.000000000000000000e+00 0.000000000000000000e+00 0.000000000000000000e+00
9.510000000000000000e+02 1.965782228675950319e+04 0.000000000000000000e+00 0.000000000000000000e+00 0.000000000000000000e+00
9.520000000000000000e+02 1.967849297265514906e+04 0.000000000000000000e+00 0.000000000000000000e+00 0.000000000000000000e+00
9.530000000000000000e+02 1.969916365855079493e+04 0.000000000000000000e+00 0.000000000000000000e+00 0.000000000000000000e+00
9.540000000000000000e+02 1.971983434444644081e+04 0.000000000000000000e+00 0.000000000000000000e+00 0.000000000000000000e+00
9.550000000000000000e+02 1.974050503034208668e+04 0.000000000000000000e+00 0.000000000000000000e+00 0.000000000000000000e+00
9.560000000000000000e+02 1.976117571623773256e+04 0.000000000000000000e+00 0.000000000000000000e+00 0.000000000000000000e+00
9.570000000000000000e+02 1.978184640213337843e+04 0.000000000000000000e+00 0.000000000000000000e+00 0.000000000000000000e+00
9.580000000000000000e+02 1.980251708802902431e+04 0.000000000000000000e+00 0.000000000000000000e+00 0.000000000000000000e+00
9.590000000000000000e+02 1.982318777392467018e+04 0.000000000000000000e+00 0.000000000000000000e+00 0.000000000000000000e+00
9.600000000000000000e+02 1.984385845982031606e+04 0.000000000000000000e+00 0.000000000000000000e+00 0.000000000000000000e+00
9.610000000000000000e+02 1.986452914571596193e+04 0.000000000000000000e+00 0.000000000000000000e+00 0.000000000000000000e+00
9.620000000000000000e+02 1.988519983161160781e+04 0.000000000000000000e+00 0.000000000000000000e+00 0.000000000000000000e+00
9.630000000000000000e+02 1.990587051750725368e+04 0.000000000000000000e+00 0.000000000000000000e+00 0.000000000000000000e+00
9.640000000000000000e+02 1.992654120340289955e+04 0.000000000000000000e+00 0.000000000000000000e+00 0.000000000000000000e+00
9.650000000000000000e+02 1.994721188929854543e+04 0.000000000000000000e+00 0.000000000000000000e+00 0.000000000000000000e+00
9.660000000000000000e+02 1.996788257519419130e+04 0.000000000000000000e+00 0.000000000000000000e+00 0.000000000000000000e+00
9.670000000000000000e+02 1.998855326108983718e+04 0.000000000000000000e+00 0.000000000000000000e+00 0.000000000000000000e+00
9.680000000000000000e+02 2.000922394698548305e+04 0.000000000000000000e+00 0.000000000000000000e+00 0.000000000000000000e+00
9.690000000000000000e+02 2.002989463288112893e+04 0.000000000000000000e+00 0.000000000000000000e+00 0.000000000000000000e+00
9.700000000000000000e+02 2.005056531877677480e+04 0.000000000000000000e+00 0.000000000000000000e+00 0.000000000000000000e+00
9.710000000000000000e+02 2.007123600467242068e+04 0.000000000000000000e+00 0.000000000000000000e+00 0.000000000000000000e+00
9.720000000000000000e+02 2.009190669056806655e+04 0.000000000000000000e+00 0.000000000000000000e+00 0.000000000000000000e+00
9.730000000000000000e+02 2.011257737646371243e+04 0.000000000000000000e+00 0.000000000000000000e+00 0.000000000000000000e+00
9.740000000000000000e+02 2.013324806235935830e+04 0.000000000000000000e+00 0.000000000000000000e+00 0.000000000000000000e+00
9.750000000000000000e+02 2.015391874825500418e+04 0.000000000000000000e+00 0.000000000000000000e+00 0.000000000000000000e+00
9.760000000000000000e+02 2.017458943415065005e+04 0.000000000000000000e+00 0.000000000000000000e+00 0.000000000000000000e+00
9.770000000000000000e+02 2.019526012004629592e+04 0.000000000000000000e+00 0.000000000000000000e+00 0.000000000000000000e+00
9.780000000000000000e+02 2.021593080594194180e+04 0.000000000000000000e+00 0.000000000000000000e+00 0.000000000000000000e+00
9.790000000000000000e+02 2.023660149183758767e+04 0.000000000000000000e+00 0.000000000000000000e+00 0.000000000000000000e+00
9.800000000000000000e+02 2.025727217773323355e+04 0.000000000000000000e+00 0.000000000000000000e+00 0.000000000000000000e+00
9.810000000000000000e+02 2.027794286362887942e+04 0.000000000000000000e+00 0.000000000000000000e+00 0.000000000000000000e+00
9.820000000000000000e+02 2.029861354952452530e+04 0.000000000000000000e+00 0.000000000000000000e+00 0.000000000000000000e+00
9.830000000000000000e+02 2.031928423542017117e+04 0.000000000000000000e+00 0.000000000000000000e+00 0.000000000000000000e+00
9.840000000000000000e+02 2.033995492131581705e+04 0.000000000000000000e+00 0.000000000000000000e+00 0.000000000000000000e+00
9.850000000000000000e+02 2.036062560721146292e+04 0.000000000000000000e+00 0.000000000000000000e+00 0.000000000000000000e+00
9.860000000000000000e+02 2.038129629310710880e+04 0.000000000000000000e+00 0.000000000000000000e+00 0.000000000000000000e+00
9.870000000000000000e+02 2.040196697900275467e+04 0.000000000000000000e+00 0.000000000000000000e+00 0.000000000000000000e+00
9.880000000000000000e+02 2.042263766489840054e+04 0.000000000000000000e+00 0.000000000000000000e+00 0.000000000000000000e+00
9.890000000000000000e+02 2.044330835079404642e+04 0.000000000000000000e+00 0.000000000000000000e+00 0.000000000000000000e+00
9.900000000000000000e+02 2.046397903668969229e+04 0.000000000000000000e+00 0.000000000000000000e+00 0.000000000000000000e+00
9.910000000000000000e+02 2.048464972258533817e+04 0.000000000000000000e+00 0.000000000000000000e+00 0.000000000000000000e+00
9.920000000000000000e+02 2.050532040848098404e+04 0.000000000000000000e+00 0.000000000000000000e+00 0.000000000000000000e+00
9.930000000000000000e+02 2.052599109437662992e+04 0.000000000000000000e+00 0.000000000000000000e+00 0.000000000000000000e+00
9.940000000000000000e+02 2.054666178027227579e+04 0.000000000000000000e+00 0.000000000000000000e+00 0.000000000000000000e+00
9.950000000000000000e+02 2.056733246616792167e+04 0.000000000000000000e+00 0.000000000000000000e+00 0.000000000000000000e+00
9.960000000000000000e+02 2.058800315206356754e+04 0.000000000000000000e+00 0.000000000000000000e+00 0.000000000000000000e+00
9.970000000000000000e+02 2.060867383795921342e+04 0.000000000000000000e+00 0.000000000000000000e+00 0.000000000000000000e+00
9.980000000000000000e+02 2.062934452385485929e+04 0.000000000000000000e+00 0.000000000000000000e+00 0.000000000000000000e+00
9.990000000000000000e+02 2.065001520975050516e+04 0.000000000000000000e+00 0.000000000000000000e+00 0.000000000000000000e+00
1.000000000000000000e+03 2.067068589564615104e+04 0.000000000000000000e+00 0.000000000000000000e+00 0.000000000000000000e+00
1.001000000000000000e+03 2.069135658154179691e+04 0.000000000000000000e+00 0.000000000000000000e+00 0.000000000000000000e+00
1.002000000000000000e+03 2.071202726743744279e+04 0.000000000000000000e+00 0.000000000000000000e+00 0.000000000000000000e+00
1.003000000000000000e+03 2.073269795333308866e+04 0.000000000000000000e+00 0.000000000000000000e+00 0.000000000000000000e+00
1.004000000000000000e+03 2.075336863922873454e+04 0.000000000000000000e+00 0.000000000000000000e+00 0.000000000000000000e+00
1.005000000000000000e+03 2.077403932512438041e+04 0.000000000000000000e+00 0.000000000000000000e+00 0.000000000000000000e+00
1.006000000000000000e+03 2.079471001102002629e+04 0.000000000000000000e+00 0.000000000000000000e+00 0.000000000000000000e+00
1.007000000000000000e+03 2.081538069691567216e+04 0.000000000000000000e+00 0.000000000000000000e+00 0.000000000000000000e+00
1.008000000000000000e+03 2.083605138281131804e+04 0.000000000000000000e+00 0.000000000000000000e+00 0.000000000000000000e+00
1.009000000000000000e+03 2.085672206870696391e+04 0.000000000000000000e+00 0.000000000000000000e+00 0.000000000000000000e+00
1.010000000000000000e+03 2.087739275460260978e+04 0.000000000000000000e+00 0.000000000000000000e+00 0.000000000000000000e+00
1.011000000000000000e+03 2.089806344049825566e+04 0.000000000000000000e+00 0.000000000000000000e+00 0.000000000000000000e+00
1.012000000000000000e+03 2.091873412639390153e+04 0.000000000000000000e+00 0.000000000000000000e+00 0.000000000000000000e+00
1.013000000000000000e+03 2.093940481228954741e+04 0.000000000000000000e+00 0.000000000000000000e+00 0.000000000000000000e+00
1.014000000000000000e+03 2.096007549818519328e+04 0.000000000000000000e+00 0.000000000000000000e+00 0.000000000000000000e+00
1.015000000000000000e+03 2.098074618408083916e+04 0.000000000000000000e+00 0.000000000000000000e+00 0.000000000000000000e+00
1.016000000000000000e+03 2.100141686997648503e+04 0.000000000000000000e+00 0.000000000000000000e+00 0.000000000000000000e+00
1.017000000000000000e+03 2.102208755587213091e+04 0.000000000000000000e+00 0.000000000000000000e+00 0.000000000000000000e+00
1.018000000000000000e+03 2.104275824176777678e+04 0.000000000000000000e+00 0.000000000000000000e+00 0.000000000000000000e+00
1.019000000000000000e+03 2.106342892766342266e+04 0.000000000000000000e+00 0.000000000000000000e+00 0.000000000000000000e+00
1.020000000000000000e+03 2.108409961355906853e+04 0.000000000000000000e+00 0.000000000000000000e+00 0.000000000000000000e+00
1.021000000000000000e+03 2.110477029945471440e+04 0.000000000000000000e+00 0.000000000000000000e+00 0.000000000000000000e+00
1.022000000000000000e+03 2.112544098535036028e+04 0.000000000000000000e+00 0.000000000000000000e+00 0.000000000000000000e+00
1.023000000000000000e+03 2.114611167124600615e+04 0.000000000000000000e+00 0.000000000000000000e+00 0.000000000000000000e+00
1.024000000000000000e+03 2.116678235714165203e+04 0.000000000000000000e+00 0.000000000000000000e+00 0.000000000000000000e+00
1.025000000000000000e+03 2.118745304303729790e+04 0.000000000000000000e+00 0.000000000000000000e+00 0.000000000000000000e+00
1.026000000000000000e+03 2.120812372893294378e+04 0.000000000000000000e+00 0.000000000000000000e+00 0.000000000000000000e+00
1.027000000000000000e+03 2.122879441482858965e+04 0.000000000000000000e+00 0.000000000000000000e+00 0.000000000000000000e+00
1.028000000000000000e+03 2.124946510072423553e+04 0.000000000000000000e+00 0.000000000000000000e+00 0.000000000000000000e+00
1.029000000000000000e+03 2.127013578661988140e+04 0.000000000000000000e+00 0.000000000000000000e+00 0.000000000000000000e+00
1.030000000000000000e+03 2.129080647251552728e+04 0.000000000000000000e+00 0.000000000000000000e+00 0.000000000000000000e+00
1.031000000000000000e+03 2.131147715841117315e+04 0.000000000000000000e+00 0.000000000000000000e+00 0.000000000000000000e+00
1.032000000000000000e+03 2.133214784430681902e+04 0.000000000000000000e+00 0.000000000000000000e+00 0.000000000000000000e+00
1.033000000000000000e+03 2.135281853020246490e+04 0.000000000000000000e+00 0.000000000000000000e+00 0.000000000000000000e+00
1.034000000000000000e+03 2.137348921609811077e+04 0.000000000000000000e+00 0.000000000000000000e+00 0.000000000000000000e+00
1.035000000000000000e+03 2.139415990199375665e+04 0.000000000000000000e+00 0.000000000000000000e+00 0.000000000000000000e+00
1.036000000000000000e+03 2.141483058788940252e+04 0.000000000000000000e+00 0.000000000000000000e+00 0.000000000000000000e+00
1.037000000000000000e+03 2.143550127378504840e+04 0.000000000000000000e+00 0.000000000000000000e+00 0.000000000000000000e+00
1.038000000000000000e+03 2.145617195968069427e+04 0.000000000000000000e+00 0.000000000000000000e+00 0.000000000000000000e+00
1.039000000000000000e+03 2.147684264557634015e+04 0.000000000000000000e+00 0.000000000000000000e+00 0.000000000000000000e+00
1.040000000000000000e+03 2.149751333147198602e+04 0.000000000000000000e+00 0.000000000000000000e+00 0.000000000000000000e+00
1.041000000000000000e+03 2.151818401736763190e+04 0.000000000000000000e+00 0.000000000000000000e+00 0.000000000000000000e+00
1.042000000000000000e+03 2.153885470326327777e+04 0.000000000000000000e+00 0.000000000000000000e+00 0.000000000000000000e+00
1.043000000000000000e+03 2.155952538915892364e+04 0.000000000000000000e+00 0.000000000000000000e+00 0.000000000000000000e+00
1.044000000000000000e+03 2.158019607505456952e+04 0.000000000000000000e+00 0.000000000000000000e+00 0.000000000000000000e+00
1.045000000000000000e+03 2.160086676095021539e+04 0.000000000000000000e+00 0.000000000000000000e+00 0.000000000000000000e+00
1.046000000000000000e+03 2.162153744684586127e+04 0.000000000000000000e+00 0.000000000000000000e+00 0.000000000000000000e+00
1.047000000000000000e+03 2.164220813274150714e+04 0.000000000000000000e+00 0.000000000000000000e+00 0.000000000000000000e+00
1.048000000000000000e+03 2.166287881863715302e+04 0.000000000000000000e+00 0.000000000000000000e+00 0.000000000000000000e+00
1.049000000000000000e+03 2.168354950453279889e+04 0.000000000000000000e+00 0.000000000000000000e+00 0.000000000000000000e+00
1.050000000000000000e+03 2.170422019042844477e+04 0.000000000000000000e+00 0.000000000000000000e+00 0.000000000000000000e+00
1.051000000000000000e+03 2.172489087632409064e+04 0.000000000000000000e+00 0.000000000000000000e+00 0.000000000000000000e+00
1.052000000000000000e+03 2.174556156221973652e+04 0.000000000000000000e+00 0.000000000000000000e+00 0.000000000000000000e+00
1.053000000000000000e+03 2.176623224811538239e+04 0.000000000000000000e+00 0.000000000000000000e+00 0.000000000000000000e+00
1.054000000000000000e+03 2.178690293401102826e+04 0.000000000000000000e+00 0.000000000000000000e+00 0.000000000000000000e+00
1.055000000000000000e+03 2.180757361990667414e+04 0.000000000000000000e+00 0.000000000000000000e+00 0.000000000000000000e+00
1.056000000000000000e+03 2.182824430580232001e+04 0.000000000000000000e+00 0.000000000000000000e+00 0.000000000000000000e+00
1.057000000000000000e+03 2.184891499169796589e+04 0.000000000000000000e+00 0.000000000000000000e+00 0.000000000000000000e+00
1.058000000000000000e+03 2.186958567759361176e+04 0.000000000000000000e+00 0.000000000000000000e+00 0.000000000000000000e+00
1.059000000000000000e+03 2.189025636348925764e+04 0.000000000000000000e+00 0.000000000000000000e+00 0.000000000000000000e+00
1.060000000000000000e+03 2.191092704938490351e+04 0.000000000000000000e+00 0.000000000000000000e+00 0.000000000000000000e+00
1.061000000000000000e+03 2.193159773528054939e+04 0.000000000000000000e+00 0.000000000000000000e+00 0.000000000000000000e+00
1.062000000000000000e+03 2.195226842117619526e+04 0.000000000000000000e+00 0.000000000000000000e+00 0.000000000000000000e+00
1.063000000000000000e+03 2.197293910707184114e+04 0.000000000000000000e+00 0.000000000000000000e+00 0.000000000000000000e+00
1.064000000000000000e+03 2.199360979296748701e+04 0.000000000000000000e+00 0.000000000000000000e+00 0.000000000000000000e+00
1.065000000000000000e+03 2.201428047886313288e+04 0.000000000000000000e+00 0.000000000000000000e+00 0.000000000000000000e+00
1.066000000000000000e+03 2.203495116475877876e+04 0.000000000000000000e+00 0.000000000000000000e+00 0.000000000000000000e+00
1.067000000000000000e+03 2.205562185065442463e+04 0.000000000000000000e+00 0.000000000000000000e+00 0.000000000000000000e+00
1.068000000000000000e+03 2.207629253655007051e+04 0.000000000000000000e+00 0.000000000000000000e+00 0.000000000000000000e+00
1.069000000000000000e+03 2.209696322244571638e+04 0.000000000000000000e+00 0.000000000000000000e+00 0.000000000000000000e+00
1.070000000000000000e+03 2.211763390834136226e+04 0.000000000000000000e+00 0.000000000000000000e+00 0.000000000000000000e+00
1.071000000000000000e+03 2.213830459423700813e+04 0.000000000000000000e+00 0.000000000000000000e+00 0.000000000000000000e+00
1.072000000000000000e+03 2.215897528013265401e+04 0.000000000000000000e+00 0.000000000000000000e+00 0.000000000000000000e+00
1.073000000000000000e+03 2.217964596602829988e+04 0.000000000000000000e+00 0.000000000000000000e+00 0.000000000000000000e+00
1.074000000000000000e+03 2.220031665192394576e+04 0.000000000000000000e+00 0.000000000000000000e+00 0.000000000000000000e+00
1.075000000000000000e+03 2.222098733781959163e+04 0.000000000000000000e+00 0.000000000000000000e+00 0.000000000000000000e+00
1.076000000000000000e+03 2.224165802371523750e+04 0.000000000000000000e+00 0.000000000000000000e+00 0.000000000000000000e+00
1.077000000000000000e+03 2.226232870961088338e+04 0.000000000000000000e+00 0.000000000000000000e+00 0.000000000000000000e+00
1.078000000000000000e+03 2.228299939550652925e+04 0.000000000000000000e+00 0.000000000000000000e+00 0.000000000000000000e+00
1.079000000000000000e+03 2.230367008140217513e+04 0.000000000000000000e+00 0.000000000000000000e+00 0.000000000000000000e+00
1.080000000000000000e+03 2.232434076729782100e+04 0.000000000000000000e+00 0.000000000000000000e+00 0.000000000000000000e+00
1.081000000000000000e+03 2.234501145319346688e+04 0.000000000000000000e+00 0.000000000000000000e+00 0.000000000000000000e+00
1.082000000000000000e+03 2.236568213908911275e+04 0.000000000000000000e+00 0.000000000000000000e+00 0.000000000000000000e+00
1.083000000000000000e+03 2.238635282498475863e+04 0.000000000000000000e+00 0.000000000000000000e+00 0.000000000000000000e+00
1.084000000000000000e+03 2.240702351088040450e+04 0.000000000000000000e+00 0.000000000000000000e+00 0.000000000000000000e+00
1.085000000000000000e+03 2.242769419677605038e+04 0.000000000000000000e+00 0.000000000000000000e+00 0.000000000000000000e+00
1.086000000000000000e+03 2.244836488267169625e+04 0.000000000000000000e+00 0.000000000000000000e+00 0.000000000000000000e+00
1.087000000000000000e+03 2.246903556856734212e+04 0.000000000000000000e+00 0.000000000000000000e+00 0.000000000000000000e+00
1.088000000000000000e+03 2.248970625446298800e+04 0.000000000000000000e+00 0.000000000000000000e+00 0.000000000000000000e+00
1.089000000000000000e+03 2.251037694035863387e+04 0.000000000000000000e+00 0.000000000000000000e+00 0.000000000000000000e+00
1.090000000000000000e+03 2.253104762625427975e+04 0.000000000000000000e+00 0.000000000000000000e+00 0.000000000000000000e+00
1.091000000000000000e+03 2.255171831214992562e+04 0.000000000000000000e+00 0.000000000000000000e+00 0.000000000000000000e+00
1.092000000000000000e+03 2.257238899804557150e+04 0.000000000000000000e+00 0.000000000000000000e+00 0.000000000000000000e+00
1.093000000000000000e+03 2.259305968394121737e+04 0.000000000000000000e+00 0.000000000000000000e+00 0.000000000000000000e+00
1.094000000000000000e+03 2.261373036983686325e+04 0.000000000000000000e+00 0.000000000000000000e+00 0.000000000000000000e+00
1.095000000000000000e+03 2.263440105573250912e+04 0.000000000000000000e+00 0.000000000000000000e+00 0.000000000000000000e+00
1.096000000000000000e+03 2.265507174162815500e+04 0.000000000000000000e+00 0.000000000000000000e+00 0.000000000000000000e+00
1.097000000000000000e+03 2.267574242752380087e+04 0.000000000000000000e+00 0.000000000000000000e+00 0.000000000000000000e+00
1.098000000000000000e+03 2.269641311341944674e+04 0.000000000000000000e+00 0.000000000000000000e+00 0.000000000000000000e+00
1.099000000000000000e+03 2.271708379931509262e+04 0.000000000000000000e+00 0.000000000000000000e+00 0.000000000000000000e+00
1.100000000000000000e+03 2.273775448521073849e+04 0.000000000000000000e+00 0.000000000000000000e+00 0.000000000000000000e+00
1.101000000000000000e+03 2.275842517110638437e+04 0.000000000000000000e+00 0.000000000000000000e+00 0.000000000000000000e+00
1.102000000000000000e+03 2.277909585700203024e+04 0.000000000000000000e+00 0.000000000000000000e+00 0.000000000000000000e+00
1.103000000000000000e+03 2.279976654289767612e+04 0.000000000000000000e+00 0.000000000000000000e+00 0.000000000000000000e+00
1.104000000000000000e+03 2.282043722879332199e+04 0.000000000000000000e+00 0.000000000000000000e+00 0.000000000000000000e+00
1.105000000000000000e+03 2.284110791468896787e+04 0.000000000000000000e+00 0.000000000000000000e+00 0.000000000000000000e+00
1.106000000000000000e+03 2.286177860058461374e+04 0.000000000000000000e+00 0.000000000000000000e+00 0.000000000000000000e+00
1.107000000000000000e+03 2.288244928648025962e+04 0.000000000000000000e+00 0.000000000000000000e+00 0.000000000000000000e+00
1.108000000000000000e+03 2.290311997237590549e+04 0.000000000000000000e+00 0.000000000000000000e+00 0.000000000000000000e+00
1.109000000000000000e+03 2.292379065827155137e+04 0.000000000000000000e+00 0.000000000000000000e+00 0.000000000000000000e+00
1.110000000000000000e+03 2.294446134416719724e+04 0.000000000000000000e+00 0.000000000000000000e+00 0.000000000000000000e+00
1.111000000000000000e+03 2.296513203006284311e+04 0.000000000000000000e+00 0.000000000000000000e+00 0.000000000000000000e+00
1.112000000000000000e+03 2.298580271595848899e+04 0.000000000000000000e+00 0.000000000000000000e+00 0.000000000000000000e+00
1.113000000000000000e+03 2.300647340185413486e+04 0.000000000000000000e+00 0.000000000000000000e+00 0.000000000000000000e+00
1.114000000000000000e+03 2.302714408774978074e+04 0.000000000000000000e+00 0.000000000000000000e+00 0.000000000000000000e+00
1.115000000000000000e+03 2.304781477364542661e+04 0.000000000000000000e+00 0.000000000000000000e+00 0.000000000000000000e+00
1.116000000000000000e+03 2.306848545954107249e+04 0.000000000000000000e+00 0.000000000000000000e+00 0.000000000000000000e+00
1.117000000000000000e+03 2.308915614543671836e+04 0.000000000000000000e+00 0.000000000000000000e+00 0.000000000000000000e+00
1.118000000000000000e+03 2.310982683133236424e+04 0.000000000000000000e+00 0.000000000000000000e+00 0.000000000000000000e+00
1.119000000000000000e+03 2.313049751722801011e+04 0.000000000000000000e+00 0.000000000000000000e+00 0.000000000000000000e+00
1.120000000000000000e+03 2.315116820312365599e+04 0.000000000000000000e+00 0.000000000000000000e+00 0.000000000000000000e+00
1.121000000000000000e+03 2.317183888901930186e+04 0.000000000000000000e+00 0.000000000000000000e+00 0.000000000000000000e+00
1.122000000000000000e+03 2.319250957491494773e+04 0.000000000000000000e+00 0.000000000000000000e+00 0.000000000000000000e+00
1.123000000000000000e+03 2.321318026081059361e+04 0.000000000000000000e+00 0.000000000000000000e+00 0.000000000000000000e+00
1.124000000000000000e+03 2.323385094670623948e+04 0.000000000000000000e+00 0.000000000000000000e+00 0.000000000000000000e+00
1.125000000000000000e+03 2.325452163260188536e+04 0.000000000000000000e+00 0.000000000000000000e+00 0.000000000000000000e+00
1.126000000000000000e+03 2.327519231849753123e+04 0.000000000000000000e+00 0.000000000000000000e+00 0.000000000000000000e+00
1.127000000000000000e+03 2.329586300439317711e+04 0.000000000000000000e+00 0.000000000000000000e+00 0.000000000000000000e+00
1.128000000000000000e+03 2.331653369028882298e+04 0.000000000000000000e+00 0.000000000000000000e+00 0.000000000000000000e+00
1.129000000000000000e+03 2.333720437618446886e+04 0.000000000000000000e+00 0.000000000000000000e+00 0.000000000000000000e+00
1.130000000000000000e+03 2.335787506208011473e+04 0.000000000000000000e+00 0.000000000000000000e+00 0.000000000000000000e+00
1.131000000000000000e+03 2.337854574797576061e+04 0.000000000000000000e+00 0.000000000000000000e+00 0.000000000000000000e+00
1.132000000000000000e+03 2.339921643387140648e+04 0.000000000000000000e+00 0.000000000000000000e+00 0.000000000000000000e+00
1.133000000000000000e+03 2.341988711976705235e+04 0.000000000000000000e+00 0.000000000000000000e+00 0.000000000000000000e+00
1.134000000000000000e+03 2.344055780566269823e+04 0.000000000000000000e+00 0.000000000000000000e+00 0.000000000000000000e+00
1.135000000000000000e+03 2.346122849155834410e+04 0.000000000000000000e+00 0.000000000000000000e+00 0.000000000000000000e+00
1.136000000000000000e+03 2.348189917745398998e+04 0.000000000000000000e+00 0.000000000000000000e+00 0.000000000000000000e+00
1.137000000000000000e+03 2.350256986334963585e+04 0.000000000000000000e+00 0.000000000000000000e+00 0.000000000000000000e+00
1.138000000000000000e+03 2.352324054924528173e+04 0.000000000000000000e+00 0.000000000000000000e+00 0.000000000000000000e+00
1.139000000000000000e+03 2.354391123514092760e+04 0.000000000000000000e+00 0.000000000000000000e+00 0.000000000000000000e+00
1.140000000000000000e+03 2.356458192103657348e+04 0.000000000000000000e+00 0.000000000000000000e+00 0.000000000000000000e+00
1.141000000000000000e+03 2.358525260693221935e+04 0.000000000000000000e+00 0.000000000000000000e+00 0.000000000000000000e+00
1.142000000000000000e+03 2.360592329282786523e+04 0.000000000000000000e+00 0.000000000000000000e+00 0.000000000000000000e+00
1.143000000000000000e+03 2.362659397872351110e+04 0.000000000000000000e+00 0.000000000000000000e+00 0.000000000000000000e+00
1.144000000000000000e+03 2.364726466461915697e+04 0.000000000000000000e+00 0.000000000000000000e+00 0.000000000000000000e+00
1.145000000000000000e+03 2.366793535051480285e+04 0.000000000000000000e+00 0.000000000000000000e+00 0.000000000000000000e+00
1.146000000000000000e+03 2.368860603641044872e+04 0.000000000000000000e+00 0.000000000000000000e+00 0.000000000000000000e+00
1.147000000000000000e+03 2.370927672230609460e+04 0.000000000000000000e+00 0.000000000000000000e+00 0.000000000000000000e+00
1.148000000000000000e+03 2.372994740820174047e+04 0.000000000000000000e+00 0.000000000000000000e+00 0.000000000000000000e+00
1.149000000000000000e+03 2.375061809409738635e+04 0.000000000000000000e+00 0.000000000000000000e+00 0.000000000000000000e+00
1.150000000000000000e+03 2.377128877999303222e+04 0.000000000000000000e+00 0.000000000000000000e+00 0.000000000000000000e+00
1.151000000000000000e+03 2.379195946588867810e+04 0.000000000000000000e+00 0.000000000000000000e+00 0.000000000000000000e+00
1.152000000000000000e+03 2.381263015178432397e+04 0.000000000000000000e+00 0.000000000000000000e+00 0.000000000000000000e+00
1.153000000000000000e+03 2.383330083767996985e+04 0.000000000000000000e+00 0.000000000000000000e+00 0.000000000000000000e+00
1.154000000000000000e+03 2.385397152357561572e+04 0.000000000000000000e+00 0.000000000000000000e+00 0.000000000000000000e+00
1.155000000000000000e+03 2.387464220947126159e+04 0.000000000000000000e+00 0.000000000000000000e+00 0.000000000000000000e+00
1.156000000000000000e+03 2.389531289536690747e+04 0.000000000000000000e+00 0.000000000000000000e+00 0.000000000000000000e+00
1.157000000000000000e+03 2.391598358126255334e+04 0.000000000000000000e+00 0.000000000000000000e+00 0.000000000000000000e+00
1.158000000000000000e+03 2.393665426715819922e+04 0.000000000000000000e+00 0.000000000000000000e+00 0.000000000000000000e+00
1.159000000000000000e+03 2.395732495305384509e+04 0.000000000000000000e+00 0.000000000000000000e+00 0.000000000000000000e+00
1.160000000000000000e+03 2.397799563894949097e+04 0.000000000000000000e+00 0.000000000000000000e+00 0.000000000000000000e+00
1.161000000000000000e+03 2.399866632484513684e+04 0.000000000000000000e+00 0.000000000000000000e+00 0.000000000000000000e+00
1.162000000000000000e+03 2.401933701074078272e+04 0.000000000000000000e+00 0.000000000000000000e+00 0.000000000000000000e+00
1.163000000000000000e+03 2.404000769663642859e+04 0.000000000000000000e+00 0.000000000000000000e+00 0.000000000000000000e+00
1.164000000000000000e+03 2.406067838253207447e+04 0.000000000000000000e+00 0.000000000000000000e+00 0.000000000000000000e+00
1.165000000000000000e+03 2.408134906842772034e+04 0.000000000000000000e+00 0.000000000000000000e+00 0.000000000000000000e+00
1.166000000000000000e+03 2.410201975432336621e+04 0.000000000000000000e+00 0.000000000000000000e+00 0.000000000000000000e+00
1.167000000000000000e+03 2.412269044021901209e+04 0.000000000000000000e+00 0.000000000000000000e+00 0.000000000000000000e+00
1.168000000000000000e+03 2.414336112611465796e+04 0.000000000000000000e+00 0.000000000000000000e+00 0.000000000000000000e+00
1.169000000000000000e+03 2.416403181201030384e+04 0.000000000000000000e+00 0.000000000000000000e+00 0.000000000000000000e+00
1.170000000000000000e+03 2.418470249790594971e+04 0.000000000000000000e+00 0.000000000000000000e+00 0.000000000000000000e+00
1.171000000000000000e+03 2.420537318380159559e+04 0.000000000000000000e+00 0.000000000000000000e+00 0.000000000000000000e+00
1.172000000000000000e+03 2.422604386969724146e+04 0.000000000000000000e+00 0.000000000000000000e+00 0.000000000000000000e+00
1.173000000000000000e+03 2.424671455559288734e+04 0.000000000000000000e+00 0.000000000000000000e+00 0.000000000000000000e+00
1.174000000000000000e+03 2.426738524148853321e+04 0.000000000000000000e+00 0.000000000000000000e+00 0.000000000000000000e+00
1.175000000000000000e+03 2.428805592738417909e+04 0.000000000000000000e+00 0.000000000000000000e+00 0.000000000000000000e+00
1.176000000000000000e+03 2.430872661327982496e+04 0.000000000000000000e+00 0.000000000000000000e+00 0.000000000000000000e+00
1.177000000000000000e+03 2.432939729917547083e+04 0.000000000000000000e+00 0.000000000000000000e+00 0.000000000000000000e+00
1.178000000000000000e+03 2.435006798507111671e+04 0.000000000000000000e+00 0.000000000000000000e+00 0.000000000000000000e+00
1.179000000000000000e+03 2.437073867096676258e+04 0.000000000000000000e+00 0.000000000000000000e+00 0.000000000000000000e+00
1.180000000000000000e+03 2.439140935686240846e+04 0.000000000000000000e+00 0.000000000000000000e+00 0.000000000000000000e+00
1.181000000000000000e+03 2.441208004275805433e+04 0.000000000000000000e+00 0.000000000000000000e+00 0.000000000000000000e+00
1.182000000000000000e+03 2.443275072865370021e+04 0.000000000000000000e+00 0.000000000000000000e+00 0.000000000000000000e+00
1.183000000000000000e+03 2.445342141454934608e+04 0.000000000000000000e+00 0.000000000000000000e+00 0.000000000000000000e+00
1.184000000000000000e+03 2.447409210044499196e+04 0.000000000000000000e+00 0.000000000000000000e+00 0.000000000000000000e+00
1.185000000000000000e+03 2.449476278634063783e+04 0.000000000000000000e+00 0.000000000000000000e+00 0.000000000000000000e+00
1.186000000000000000e+03 2.451543347223628371e+04 0.000000000000000000e+00 0.000000000000000000e+00 0.000000000000000000e+00
1.187000000000000000e+03 2.453610415813192958e+04 0.000000000000000000e+00 0.000000000000000000e+00 0.000000000000000000e+00
1.188000000000000000e+03 2.455677484402757545e+04 0.000000000000000000e+00 0.000000000000000000e+00 0.000000000000000000e+00
1.189000000000000000e+03 2.457744552992322133e+04 0.000000000000000000e+00 0.000000000000000000e+00 0.000000000000000000e+00
1.190000000000000000e+03 2.459811621581886720e+04 0.000000000000000000e+00 0.000000000000000000e+00 0.000000000000000000e+00
1.191000000000000000e+03 2.461878690171451308e+04 0.000000000000000000e+00 0.000000000000000000e+00 0.000000000000000000e+00
1.192000000000000000e+03 2.463945758761015895e+04 0.000000000000000000e+00 0.000000000000000000e+00 0.000000000000000000e+00
1.193000000000000000e+03 2.466012827350580483e+04 0.000000000000000000e+00 0.000000000000000000e+00 0.000000000000000000e+00
1.194000000000000000e+03 2.468079895940145070e+04 0.000000000000000000e+00 0.000000000000000000e+00 0.000000000000000000e+00
1.195000000000000000e+03 2.470146964529709658e+04 0.000000000000000000e+00 0.000000000000000000e+00 0.000000000000000000e+00
1.196000000000000000e+03 2.472214033119274245e+04 0.000000000000000000e+00 0.000000000000000000e+00 0.000000000000000000e+00
1.197000000000000000e+03 2.474281101708838833e+04 0.000000000000000000e+00 0.000000000000000000e+00 0.000000000000000000e+00
1.198000000000000000e+03 2.476348170298403420e+04 0.000000000000000000e+00 0.000000000000000000e+00 0.000000000000000000e+00
1.199000000000000000e+03 2.478415238887968007e+04 0.000000000000000000e+00 0.000000000000000000e+00 0.000000000000000000e+00
1.200000000000000000e+03 2.480482307477532595e+04 0.000000000000000000e+00 0.000000000000000000e+00 0.000000000000000000e+00
1.201000000000000000e+03 2.482549376067097182e+04 0.000000000000000000e+00 0.000000000000000000e+00 0.000000000000000000e+00
1.202000000000000000e+03 2.484616444656661770e+04 0.000000000000000000e+00 0.000000000000000000e+00 0.000000000000000000e+00
1.203000000000000000e+03 2.486683513246226357e+04 0.000000000000000000e+00 0.000000000000000000e+00 0.000000000000000000e+00
1.204000000000000000e+03 2.488750581835790945e+04 0.000000000000000000e+00 0.000000000000000000e+00 0.000000000000000000e+00
1.205000000000000000e+03 2.490817650425355532e+04 0.000000000000000000e+00 0.000000000000000000e+00 0.000000000000000000e+00
1.206000000000000000e+03 2.492884719014920120e+04 0.000000000000000000e+00 0.000000000000000000e+00 0.000000000000000000e+00
1.207000000000000000e+03 2.494951787604484707e+04 0.000000000000000000e+00 0.000000000000000000e+00 0.000000000000000000e+00
1.208000000000000000e+03 2.497018856194049295e+04 0.000000000000000000e+00 0.000000000000000000e+00 0.000000000000000000e+00
1.209000000000000000e+03 2.499085924783613882e+04 0.000000000000000000e+00 0.000000000000000000e+00 0.000000000000000000e+00
1.210000000000000000e+03 2.501152993373178469e+04 0.000000000000000000e+00 0.000000000000000000e+00 0.000000000000000000e+00
1.211000000000000000e+03 2.503220061962743057e+04 0.000000000000000000e+00 0.000000000000000000e+00 0.000000000000000000e+00
1.212000000000000000e+03 2.505287130552307644e+04 0.000000000000000000e+00 0.000000000000000000e+00 0.000000000000000000e+00
1.213000000000000000e+03 2.507354199141872232e+04 0.000000000000000000e+00 0.000000000000000000e+00 0.000000000000000000e+00
1.214000000000000000e+03 2.509421267731436819e+04 0.000000000000000000e+00 0.000000000000000000e+00 0.000000000000000000e+00
1.215000000000000000e+03 2.511488336321001407e+04 0.000000000000000000e+00 0.000000000000000000e+00 0.000000000000000000e+00
1.216000000000000000e+03 2.513555404910565994e+04 0.000000000000000000e+00 0.000000000000000000e+00 0.000000000000000000e+00
1.217000000000000000e+03 2.515622473500130582e+04 0.000000000000000000e+00 0.000000000000000000e+00 0.000000000000000000e+00
1.218000000000000000e+03 2.517689542089695169e+04 0.000000000000000000e+00 0.000000000000000000e+00 0.000000000000000000e+00
1.219000000000000000e+03 2.519756610679259757e+04 0.000000000000000000e+00 0.000000000000000000e+00 0.000000000000000000e+00
1.220000000000000000e+03 2.521823679268824344e+04 0.000000000000000000e+00 0.000000000000000000e+00 0.000000000000000000e+00
1.221000000000000000e+03 2.523890747858388931e+04 0.000000000000000000e+00 0.000000000000000000e+00 0.000000000000000000e+00
1.222000000000000000e+03 2.525957816447953519e+04 0.000000000000000000e+00 0.000000000000000000e+00 0.000000000000000000e+00
1.223000000000000000e+03 2.528024885037518106e+04 0.000000000000000000e+00 0.000000000000000000e+00 0.000000000000000000e+00
1.224000000000000000e+03 2.530091953627082694e+04 0.000000000000000000e+00 0.000000000000000000e+00 0.000000000000000000e+00
1.225000000000000000e+03 2.532159022216647281e+04 0.000000000000000000e+00 0.000000000000000000e+00 0.000000000000000000e+00
1.226000000000000000e+03 2.534226090806211869e+04 0.000000000000000000e+00 0.000000000000000000e+00 0.000000000000000000e+00
1.227000000000000000e+03 2.536293159395776456e+04 0.000000000000000000e+00 0.000000000000000000e+00 0.000000000000000000e+00
1.228000000000000000e+03 2.538360227985341044e+04 0.000000000000000000e+00 0.000000000000000000e+00 0.000000000000000000e+00
1.229000000000000000e+03 2.540427296574905631e+04 0.000000000000000000e+00 0.000000000000000000e+00 0.000000000000000000e+00
1.230000000000000000e+03 2.542494365164470219e+04 0.000000000000000000e+00 0.000000000000000000e+00 0.000000000000000000e+00
1.231000000000000000e+03 2.544561433754034806e+04 0.000000000000000000e+00 0.000000000000000000e+00 0.000000000000000000e+00
1.232000000000000000e+03 2.546628502343599393e+04 0.000000000000000000e+00 0.000000000000000000e+00 0.000000000000000000e+00
1.233000000000000000e+03 2.548695570933163981e+04 0.000000000000000000e+00 0.000000000000000000e+00 0.000000000000000000e+00
1.234000000000000000e+03 2.550762639522728568e+04 0.000000000000000000e+00 0.000000000000000000e+00 0.000000000000000000e+00
1.235000000000000000e+03 2.552829708112293156e+04 0.000000000000000000e+00 0.000000000000000000e+00 0.000000000000000000e+00
1.236000000000000000e+03 2.554896776701857743e+04 0.000000000000000000e+00 0.000000000000000000e+00 0.000000000000000000e+00
1.237000000000000000e+03 2.556963845291422331e+04 0.000000000000000000e+00 0.000000000000000000e+00 0.000000000000000000e+00
1.238000000000000000e+03 2.559030913880986918e+04 0.000000000000000000e+00 0.000000000000000000e+00 0.000000000000000000e+00
1.239000000000000000e+03 2.561097982470551506e+04 0.000000000000000000e+00 0.000000000000000000e+00 0.000000000000000000e+00
1.240000000000000000e+03 2.563165051060116093e+04 0.000000000000000000e+00 0.000000000000000000e+00 0.000000000000000000e+00
1.241000000000000000e+03 2.565232119649680681e+04 0.000000000000000000e+00 0.000000000000000000e+00 0.000000000000000000e+00
1.242000000000000000e+03 2.567299188239245268e+04 0.000000000000000000e+00 0.000000000000000000e+00 0.000000000000000000e+00
1.243000000000000000e+03 2.569366256828809856e+04 0.000000000000000000e+00 0.000000000000000000e+00 0.000000000000000000e+00
1.244000000000000000e+03 2.571433325418374443e+04 0.000000000000000000e+00 0.000000000000000000e+00 0.000000000000000000e+00
1.245000000000000000e+03 2.573500394007939030e+04 0.000000000000000000e+00 0.000000000000000000e+00 0.000000000000000000e+00
1.246000000000000000e+03 2.575567462597503618e+04 0.000000000000000000e+00 0.000000000000000000e+00 0.000000000000000000e+00
1.247000000000000000e+03 2.577634531187068205e+04 0.000000000000000000e+00 0.000000000000000000e+00 0.000000000000000000e+00
1.248000000000000000e+03 2.579701599776632793e+04 0.000000000000000000e+00 0.000000000000000000e+00 0.000000000000000000e+00
1.249000000000000000e+03 2.581768668366197380e+04 0.000000000000000000e+00 0.000000000000000000e+00 0.000000000000000000e+00
1.250000000000000000e+03 2.583835736955761968e+04 0.000000000000000000e+00 0.000000000000000000e+00 0.000000000000000000e+00
1.251000000000000000e+03 2.585902805545326555e+04 0.000000000000000000e+00 0.000000000000000000e+00 0.000000000000000000e+00
1.252000000000000000e+03 2.587969874134891143e+04 0.000000000000000000e+00 0.000000000000000000e+00 0.000000000000000000e+00
1.253000000000000000e+03 2.590036942724455730e+04 0.000000000000000000e+00 0.000000000000000000e+00 0.000000000000000000e+00
1.254000000000000000e+03 2.592104011314020318e+04 0.000000000000000000e+00 0.000000000000000000e+00 0.000000000000000000e+00
1.255000000000000000e+03 2.594171079903584905e+04 0.000000000000000000e+00 0.000000000000000000e+00 0.000000000000000000e+00
1.256000000000000000e+03 2.596238148493149492e+04 0.000000000000000000e+00 0.000000000000000000e+00 0.000000000000000000e+00
1.257000000000000000e+03 2.598305217082714080e+04 0.000000000000000000e+00 0.000000000000000000e+00 0.000000000000000000e+00
1.258000000000000000e+03 2.600372285672278667e+04 0.000000000000000000e+00 0.000000000000000000e+00 0.000000000000000000e+00
1.259000000000000000e+03 2.602439354261843255e+04 0.000000000000000000e+00 0.000000000000000000e+00 0.000000000000000000e+00
1.260000000000000000e+03 2.604506422851407842e+04 0.000000000000000000e+00 0.000000000000000000e+00 0.000000000000000000e+00
1.261000000000000000e+03 2.606573491440972430e+04 0.000000000000000000e+00 0.000000000000000000e+00 0.000000000000000000e+00
1.262000000000000000e+03 2.608640560030537017e+04 0.000000000000000000e+00 0.000000000000000000e+00 0.000000000000000000e+00
1.263000000000000000e+03 2.610707628620101605e+04 0.000000000000000000e+00 0.000000000000000000e+00 0.000000000000000000e+00
1.264000000000000000e+03 2.612774697209666192e+04 0.000000000000000000e+00 0.000000000000000000e+00 0.000000000000000000e+00
1.265000000000000000e+03 2.614841765799230780e+04 0.000000000000000000e+00 0.000000000000000000e+00 0.000000000000000000e+00
1.266000000000000000e+03 2.616908834388795367e+04 0.000000000000000000e+00 0.000000000000000000e+00 0.000000000000000000e+00
1.267000000000000000e+03 2.618975902978359954e+04 0.000000000000000000e+00 0.000000000000000000e+00 0.000000000000000000e+00
1.268000000000000000e+03 2.621042971567924542e+04 0.000000000000000000e+00 0.000000000000000000e+00 0.000000000000000000e+00
1.269000000000000000e+03 2.623110040157489129e+04 0.000000000000000000e+00 0.000000000000000000e+00 0.000000000000000000e+00
1.270000000000000000e+03 2.625177108747053717e+04 0.000000000000000000e+00 0.000000000000000000e+00 0.000000000000000000e+00
1.271000000000000000e+03 2.627244177336618304e+04 0.000000000000000000e+00 0.000000000000000000e+00 0.000000000000000000e+00
1.272000000000000000e+03 2.629311245926182892e+04 0.000000000000000000e+00 0.000000000000000000e+00 0.000000000000000000e+00
1.273000000000000000e+03 2.631378314515747479e+04 0.000000000000000000e+00 0.000000000000000000e+00 0.000000000000000000e+00
1.274000000000000000e+03 2.633445383105312067e+04 0.000000000000000000e+00 0.000000000000000000e+00 0.000000000000000000e+00
1.275000000000000000e+03 2.635512451694876654e+04 0.000000000000000000e+00 0.000000000000000000e+00 0.000000000000000000e+00
1.276000000000000000e+03 2.637579520284441242e+04 0.000000000000000000e+00 0.000000000000000000e+00 0.000000000000000000e+00
1.277000000000000000e+03 2.639646588874005829e+04 0.000000000000000000e+00 0.000000000000000000e+00 0.000000000000000000e+00
1.278000000000000000e+03 2.641713657463570416e+04 0.000000000000000000e+00 0.000000000000000000e+00 0.000000000000000000e+00
1.279000000000000000e+03 2.643780726053135004e+04 0.000000000000000000e+00 0.000000000000000000e+00 0.000000000000000000e+00
1.280000000000000000e+03 2.645847794642699591e+04 0.000000000000000000e+00 0.000000000000000000e+00 0.000000000000000000e+00
1.281000000000000000e+03 2.647914863232264179e+04 0.000000000000000000e+00 0.000000000000000000e+00 0.000000000000000000e+00
1.282000000000000000e+03 2.649981931821828766e+04 0.000000000000000000e+00 0.000000000000000000e+00 0.000000000000000000e+00
1.283000000000000000e+03 2.652049000411393354e+04 0.000000000000000000e+00 0.000000000000000000e+00 0.000000000000000000e+00
1.284000000000000000e+03 2.654116069000957941e+04 0.000000000000000000e+00 0.000000000000000000e+00 0.000000000000000000e+00
1.285000000000000000e+03 2.656183137590522529e+04 0.000000000000000000e+00 0.000000000000000000e+00 0.000000000000000000e+00
1.286000000000000000e+03 2.658250206180087116e+04 0.000000000000000000e+00 0.000000000000000000e+00 0.000000000000000000e+00
1.287000000000000000e+03 2.660317274769651704e+04 0.000000000000000000e+00 0.000000000000000000e+00 0.000000000000000000e+00
1.288000000000000000e+03 2.662384343359216291e+04 0.000000000000000000e+00 0.000000000000000000e+00 0.000000000000000000e+00
1.289000000000000000e+03 2.664451411948780878e+04 0.000000000000000000e+00 0.000000000000000000e+00 0.000000000000000000e+00
1.290000000000000000e+03 2.666518480538345466e+04 0.000000000000000000e+00 0.000000000000000000e+00 0.000000000000000000e+00
1.291000000000000000e+03 2.668585549127910053e+04 0.000000000000000000e+00 0.000000000000000000e+00 0.000000000000000000e+00
1.292000000000000000e+03 2.670652617717474641e+04 0.000000000000000000e+00 0.000000000000000000e+00 0.000000000000000000e+00
1.293000000000000000e+03 2.672719686307039228e+04 0.000000000000000000e+00 0.000000000000000000e+00 0.000000000000000000e+00
1.294000000000000000e+03 2.674786754896603816e+04 0.000000000000000000e+00 0.000000000000000000e+00 0.000000000000000000e+00
1.295000000000000000e+03 2.676853823486168403e+04 0.000000000000000000e+00 0.000000000000000000e+00 0.000000000000000000e+00
1.296000000000000000e+03 2.678920892075732991e+04 0.000000000000000000e+00 0.000000000000000000e+00 0.000000000000000000e+00
1.297000000000000000e+03 2.680987960665297578e+04 0.000000000000000000e+00 0.000000000000000000e+00 0.000000000000000000e+00
1.298000000000000000e+03 2.683055029254862166e+04 0.000000000000000000e+00 0.000000000000000000e+00 0.000000000000000000e+00
1.299000000000000000e+03 2.685122097844426753e+04 0.000000000000000000e+00 0.000000000000000000e+00 0.000000000000000000e+00
1.300000000000000000e+03 2.687189166433991340e+04 0.000000000000000000e+00 0.000000000000000000e+00 0.000000000000000000e+00
1.301000000000000000e+03 2.689256235023555928e+04 0.000000000000000000e+00 0.000000000000000000e+00 0.000000000000000000e+00
1.302000000000000000e+03 2.691323303613120515e+04 0.000000000000000000e+00 0.000000000000000000e+00 0.000000000000000000e+00
1.303000000000000000e+03 2.693390372202685103e+04 0.000000000000000000e+00 0.000000000000000000e+00 0.000000000000000000e+00
1.304000000000000000e+03 2.695457440792249690e+04 0.000000000000000000e+00 0.000000000000000000e+00 0.000000000000000000e+00
1.305000000000000000e+03 2.697524509381814278e+04 0.000000000000000000e+00 0.000000000000000000e+00 0.000000000000000000e+00
1.306000000000000000e+03 2.699591577971378865e+04 0.000000000000000000e+00 0.000000000000000000e+00 0.000000000000000000e+00
1.307000000000000000e+03 2.701658646560943453e+04 0.000000000000000000e+00 0.000000000000000000e+00 0.000000000000000000e+00
1.308000000000000000e+03 2.703725715150508040e+04 0.000000000000000000e+00 0.000000000000000000e+00 0.000000000000000000e+00
1.309000000000000000e+03 2.705792783740072628e+04 0.000000000000000000e+00 0.000000000000000000e+00 0.000000000000000000e+00
1.310000000000000000e+03 2.707859852329637215e+04 0.000000000000000000e+00 0.000000000000000000e+00 0.000000000000000000e+00
1.311000000000000000e+03 2.709926920919201802e+04 0.000000000000000000e+00 0.000000000000000000e+00 0.000000000000000000e+00
1.312000000000000000e+03 2.711993989508766390e+04 0.000000000000000000e+00 0.000000000000000000e+00 0.000000000000000000e+00
1.313000000000000000e+03 2.714061058098330977e+04 0.000000000000000000e+00 0.000000000000000000e+00 0.000000000000000000e+00
1.314000000000000000e+03 2.716128126687895565e+04 0.000000000000000000e+00 0.000000000000000000e+00 0.000000000000000000e+00
1.315000000000000000e+03 2.718195195277460152e+04 0.000000000000000000e+00 0.000000000000000000e+00 0.000000000000000000e+00
1.316000000000000000e+03 2.720262263867024740e+04 0.000000000000000000e+00 0.000000000000000000e+00 0.000000000000000000e+00
1.317000000000000000e+03 2.722329332456589327e+04 0.000000000000000000e+00 0.000000000000000000e+00 0.000000000000000000e+00
1.318000000000000000e+03 2.724396401046153915e+04 0.000000000000000000e+00 0.000000000000000000e+00 0.000000000000000000e+00
1.319000000000000000e+03 2.726463469635718502e+04 0.000000000000000000e+00 0.000000000000000000e+00 0.000000000000000000e+00
1.320000000000000000e+03 2.728530538225283090e+04 0.000000000000000000e+00 0.000000000000000000e+00 0.000000000000000000e+00
1.321000000000000000e+03 2.730597606814847677e+04 0.000000000000000000e+00 0.000000000000000000e+00 0.000000000000000000e+00
1.322000000000000000e+03 2.732664675404412264e+04 0.000000000000000000e+00 0.000000000000000000e+00 0.000000000000000000e+00
1.323000000000000000e+03 2.734731743993976852e+04 0.000000000000000000e+00 0.000000000000000000e+00 0.000000000000000000e+00
1.324000000000000000e+03 2.736798812583541439e+04 0.000000000000000000e+00 0.000000000000000000e+00 0.000000000000000000e+00
1.325000000000000000e+03 2.738865881173106027e+04 0.000000000000000000e+00 0.000000000000000000e+00 0.000000000000000000e+00
1.326000000000000000e+03 2.740932949762670614e+04 0.000000000000000000e+00 0.000000000000000000e+00 0.000000000000000000e+00
1.327000000000000000e+03 2.743000018352235202e+04 0.000000000000000000e+00 0.000000000000000000e+00 0.000000000000000000e+00
1.328000000000000000e+03 2.745067086941799789e+04 0.000000000000000000e+00 0.000000000000000000e+00 0.000000000000000000e+00
1.329000000000000000e+03 2.747134155531364377e+04 0.000000000000000000e+00 0.000000000000000000e+00 0.000000000000000000e+00
1.330000000000000000e+03 2.749201224120928964e+04 0.000000000000000000e+00 0.000000000000000000e+00 0.000000000000000000e+00
1.331000000000000000e+03 2.751268292710493552e+04 0.000000000000000000e+00 0.000000000000000000e+00 0.000000000000000000e+00
1.332000000000000000e+03 2.753335361300058139e+04 0.000000000000000000e+00 0.000000000000000000e+00 0.000000000000000000e+00
1.333000000000000000e+03 2.755402429889622726e+04 0.000000000000000000e+00 0.000000000000000000e+00 0.000000000000000000e+00
1.334000000000000000e+03 2.757469498479187314e+04 0.000000000000000000e+00 0.000000000000000000e+00 0.000000000000000000e+00
1.335000000000000000e+03 2.759536567068751901e+04 0.000000000000000000e+00 0.000000000000000000e+00 0.000000000000000000e+00
1.336000000000000000e+03 2.761603635658316489e+04 0.000000000000000000e+00 0.000000000000000000e+00 0.000000000000000000e+00
1.337000000000000000e+03 2.763670704247881076e+04 0.000000000000000000e+00 0.000000000000000000e+00 0.000000000000000000e+00
1.338000000000000000e+03 2.765737772837445664e+04 0.000000000000000000e+00 0.000000000000000000e+00 0.000000000000000000e+00
1.339000000000000000e+03 2.767804841427010251e+04 0.000000000000000000e+00 0.000000000000000000e+00 0.000000000000000000e+00
1.340000000000000000e+03 2.769871910016574839e+04 0.000000000000000000e+00 0.000000000000000000e+00 0.000000000000000000e+00
1.341000000000000000e+03 2.771938978606139426e+04 0.000000000000000000e+00 0.000000000000000000e+00 0.000000000000000000e+00
1.342000000000000000e+03 2.774006047195704014e+04 0.000000000000000000e+00 0.000000000000000000e+00 0.000000000000000000e+00
1.343000000000000000e+03 2.776073115785268601e+04 0.000000000000000000e+00 0.000000000000000000e+00 0.000000000000000000e+00
1.344000000000000000e+03 2.778140184374833188e+04 0.000000000000000000e+00 0.000000000000000000e+00 0.000000000000000000e+00
1.345000000000000000e+03 2.780207252964397776e+04 0.000000000000000000e+00 0.000000000000000000e+00 0.000000000000000000e+00
1.346000000000000000e+03 2.782274321553962363e+04 0.000000000000000000e+00 0.000000000000000000e+00 0.000000000000000000e+00
1.347000000000000000e+03 2.784341390143526951e+04 0.000000000000000000e+00 0.000000000000000000e+00 0.000000000000000000e+00
1.348000000000000000e+03 2.786408458733091538e+04 0.000000000000000000e+00 0.000000000000000000e+00 0.000000000000000000e+00
1.349000000000000000e+03 2.788475527322656126e+04 0.000000000000000000e+00 0.000000000000000000e+00 0.000000000000000000e+00
1.350000000000000000e+03 2.790542595912220713e+04 0.000000000000000000e+00 0.000000000000000000e+00 0.000000000000000000e+00
1.351000000000000000e+03 2.792609664501785301e+04 0.000000000000000000e+00 0.000000000000000000e+00 0.000000000000000000e+00
1.352000000000000000e+03 2.794676733091349888e+04 0.000000000000000000e+00 0.000000000000000000e+00 0.000000000000000000e+00
1.353000000000000000e+03 2.796743801680914476e+04 0.000000000000000000e+00 0.000000000000000000e+00 0.000000000000000000e+00
1.354000000000000000e+03 2.798810870270479063e+04 0.000000000000000000e+00 0.000000000000000000e+00 0.000000000000000000e+00
1.355000000000000000e+03 2.800877938860043650e+04 0.000000000000000000e+00 0.000000000000000000e+00 0.000000000000000000e+00
1.356000000000000000e+03 2.802945007449608238e+04 0.000000000000000000e+00 0.000000000000000000e+00 0.000000000000000000e+00
1.357000000000000000e+03 2.805012076039172825e+04 0.000000000000000000e+00 0.000000000000000000e+00 0.000000000000000000e+00
1.358000000000000000e+03 2.807079144628737413e+04 0.000000000000000000e+00 0.000000000000000000e+00 0.000000000000000000e+00
1.359000000000000000e+03 2.809146213218302000e+04 0.000000000000000000e+00 0.000000000000000000e+00 0.000000000000000000e+00
1.360000000000000000e+03 2.811213281807866588e+04 0.000000000000000000e+00 0.000000000000000000e+00 0.000000000000000000e+00
1.361000000000000000e+03 2.813280350397431175e+04 0.000000000000000000e+00 0.000000000000000000e+00 0.000000000000000000e+00
1.362000000000000000e+03 2.815347418986995763e+04 0.000000000000000000e+00 0.000000000000000000e+00 0.000000000000000000e+00
1.363000000000000000e+03 2.817414487576560350e+04 0.000000000000000000e+00 0.000000000000000000e+00 0.000000000000000000e+00
1.364000000000000000e+03 2.819481556166124938e+04 0.000000000000000000e+00 0.000000000000000000e+00 0.000000000000000000e+00
1.365000000000000000e+03 2.821548624755689525e+04 0.000000000000000000e+00 0.000000000000000000e+00 0.000000000000000000e+00
1.366000000000000000e+03 2.823615693345254113e+04 0.000000000000000000e+00 0.000000000000000000e+00 0.000000000000000000e+00
1.367000000000000000e+03 2.825682761934818700e+04 0.000000000000000000e+00 0.000000000000000000e+00 0.000000000000000000e+00
1.368000000000000000e+03 2.827749830524383287e+04 0.000000000000000000e+00 0.000000000000000000e+00 0.000000000000000000e+00
1.369000000000000000e+03 2.829816899113947875e+04 0.000000000000000000e+00 0.000000000000000000e+00 0.000000000000000000e+00
1.370000000000000000e+03 2.831883967703512462e+04 0.000000000000000000e+00 0.000000000000000000e+00 0.000000000000000000e+00
1.371000000000000000e+03 2.833951036293077050e+04 0.000000000000000000e+00 0.000000000000000000e+00 0.000000000000000000e+00
1.372000000000000000e+03 2.836018104882641637e+04 0.000000000000000000e+00 0.000000000000000000e+00 0.000000000000000000e+00
1.373000000000000000e+03 2.838085173472206225e+04 0.000000000000000000e+00 0.000000000000000000e+00 0.000000000000000000e+00
1.374000000000000000e+03 2.840152242061770812e+04 0.000000000000000000e+00 0.000000000000000000e+00 0.000000000000000000e+00
1.375000000000000000e+03 2.842219310651335400e+04 0.000000000000000000e+00 0.000000000000000000e+00 0.000000000000000000e+00
1.376000000000000000e+03 2.844286379240899987e+04 0.000000000000000000e+00 0.000000000000000000e+00 0.000000000000000000e+00
1.377000000000000000e+03 2.846353447830464575e+04 0.000000000000000000e+00 0.000000000000000000e+00 0.000000000000000000e+00
1.378000000000000000e+03 2.848420516420029162e+04 0.000000000000000000e+00 0.000000000000000000e+00 0.000000000000000000e+00
1.379000000000000000e+03 2.850487585009593749e+04 0.000000000000000000e+00 0.000000000000000000e+00 0.000000000000000000e+00
1.380000000000000000e+03 2.852554653599158337e+04 0.000000000000000000e+00 0.000000000000000000e+00 0.000000000000000000e+00
1.381000000000000000e+03 2.854621722188722924e+04 0.000000000000000000e+00 0.000000000000000000e+00 0.000000000000000000e+00
1.382000000000000000e+03 2.856688790778287512e+04 0.000000000000000000e+00 0.000000000000000000e+00 0.000000000000000000e+00
1.383000000000000000e+03 2.858755859367852099e+04 0.000000000000000000e+00 0.000000000000000000e+00 0.000000000000000000e+00
1.384000000000000000e+03 2.860822927957416687e+04 0.000000000000000000e+00 0.000000000000000000e+00 0.000000000000000000e+00
1.385000000000000000e+03 2.862889996546981274e+04 0.000000000000000000e+00 0.000000000000000000e+00 0.000000000000000000e+00
1.386000000000000000e+03 2.864957065136545862e+04 0.000000000000000000e+00 0.000000000000000000e+00 0.000000000000000000e+00
1.387000000000000000e+03 2.867024133726110449e+04 0.000000000000000000e+00 0.000000000000000000e+00 0.000000000000000000e+00
1.388000000000000000e+03 2.869091202315675037e+04 0.000000000000000000e+00 0.000000000000000000e+00 0.000000000000000000e+00
1.389000000000000000e+03 2.871158270905239624e+04 0.000000000000000000e+00 0.000000000000000000e+00 0.000000000000000000e+00
1.390000000000000000e+03 2.873225339494804211e+04 0.000000000000000000e+00 0.000000000000000000e+00 0.000000000000000000e+00
1.391000000000000000e+03 2.875292408084368799e+04 0.000000000000000000e+00 0.000000000000000000e+00 0.000000000000000000e+00
1.392000000000000000e+03 2.877359476673933386e+04 0.000000000000000000e+00 0.000000000000000000e+00 0.000000000000000000e+00
1.393000000000000000e+03 2.879426545263497974e+04 0.000000000000000000e+00 0.000000000000000000e+00 0.000000000000000000e+00
1.394000000000000000e+03 2.881493613853062561e+04 0.000000000000000000e+00 0.000000000000000000e+00 0.000000000000000000e+00
1.395000000000000000e+03 2.883560682442627149e+04 0.000000000000000000e+00 0.000000000000000000e+00 0.000000000000000000e+00
1.396000000000000000e+03 2.885627751032191736e+04 0.000000000000000000e+00 0.000000000000000000e+00 0.000000000000000000e+00
1.397000000000000000e+03 2.887694819621756324e+04 0.000000000000000000e+00 0.000000000000000000e+00 0.000000000000000000e+00
1.398000000000000000e+03 2.889761888211320911e+04 0.000000000000000000e+00 0.000000000000000000e+00 0.000000000000000000e+00
1.399000000000000000e+03 2.891828956800885499e+04 0.000000000000000000e+00 0.000000000000000000e+00 0.000000000000000000e+00
1.400000000000000000e+03 2.893896025390450086e+04 0.000000000000000000e+00 0.000000000000000000e+00 0.000000000000000000e+00
1.401000000000000000e+03 2.895963093980014673e+04 0.000000000000000000e+00 0.000000000000000000e+00 0.000000000000000000e+00
1.402000000000000000e+03 2.898030162569579261e+04 0.000000000000000000e+00 0.000000000000000000e+00 0.000000000000000000e+00
1.403000000000000000e+03 2.900097231159143848e+04 0.000000000000000000e+00 0.000000000000000000e+00 0.000000000000000000e+00
1.404000000000000000e+03 2.902164299748708436e+04 0.000000000000000000e+00 0.000000000000000000e+00 0.000000000000000000e+00
1.405000000000000000e+03 2.904231368338273023e+04 0.000000000000000000e+00 0.000000000000000000e+00 0.000000000000000000e+00
1.406000000000000000e+03 2.906298436927837611e+04 0.000000000000000000e+00 0.000000000000000000e+00 0.000000000000000000e+00
1.407000000000000000e+03 2.908365505517402198e+04 0.000000000000000000e+00 0.000000000000000000e+00 0.000000000000000000e+00
1.408000000000000000e+03 2.910432574106966786e+04 0.000000000000000000e+00 0.000000000000000000e+00 0.000000000000000000e+00
1.409000000000000000e+03 2.912499642696531373e+04 0.000000000000000000e+00 0.000000000000000000e+00 0.000000000000000000e+00
1.410000000000000000e+03 2.914566711286095961e+04 0.000000000000000000e+00 0.000000000000000000e+00 0.000000000000000000e+00
1.411000000000000000e+03 2.916633779875660548e+04 0.000000000000000000e+00 0.000000000000000000e+00 0.000000000000000000e+00
1.412000000000000000e+03 2.918700848465225135e+04 0.000000000000000000e+00 0.000000000000000000e+00 0.000000000000000000e+00
1.413000000000000000e+03 2.920767917054789723e+04 0.000000000000000000e+00 0.000000000000000000e+00 0.000000000000000000e+00
1.414000000000000000e+03 2.922834985644354310e+04 0.000000000000000000e+00 0.000000000000000000e+00 0.000000000000000000e+00
1.415000000000000000e+03 2.924902054233918898e+04 0.000000000000000000e+00 0.000000000000000000e+00 0.000000000000000000e+00
1.416000000000000000e+03 2.926969122823483485e+04 0.000000000000000000e+00 0.000000000000000000e+00 0.000000000000000000e+00
1.417000000000000000e+03 2.929036191413048073e+04 0.000000000000000000e+00 0.000000000000000000e+00 0.000000000000000000e+00
1.418000000000000000e+03 2.931103260002612660e+04 0.000000000000000000e+00 0.000000000000000000e+00 0.000000000000000000e+00
1.419000000000000000e+03 2.933170328592177248e+04 0.000000000000000000e+00 0.000000000000000000e+00 0.000000000000000000e+00
1.420000000000000000e+03 2.935237397181741835e+04 0.000000000000000000e+00 0.000000000000000000e+00 0.000000000000000000e+00
1.421000000000000000e+03 2.937304465771306423e+04 0.000000000000000000e+00 0.000000000000000000e+00 0.000000000000000000e+00
1.422000000000000000e+03 2.939371534360871010e+04 0.000000000000000000e+00 0.000000000000000000e+00 0.000000000000000000e+00
1.423000000000000000e+03 2.941438602950435597e+04 0.000000000000000000e+00 0.000000000000000000e+00 0.000000000000000000e+00
1.424000000000000000e+03 2.943505671540000185e+04 0.000000000000000000e+00 0.000000000000000000e+00 0.000000000000000000e+00
1.425000000000000000e+03 2.945572740129564772e+04 0.000000000000000000e+00 0.000000000000000000e+00 0.000000000000000000e+00
1.426000000000000000e+03 2.947639808719129360e+04 0.000000000000000000e+00 0.000000000000000000e+00 0.000000000000000000e+00
1.427000000000000000e+03 2.949706877308693947e+04 0.000000000000000000e+00 0.000000000000000000e+00 0.000000000000000000e+00
1.428000000000000000e+03 2.951773945898258535e+04 0.000000000000000000e+00 0.000000000000000000e+00 0.000000000000000000e+00
1.429000000000000000e+03 2.953841014487823122e+04 0.000000000000000000e+00 0.000000000000000000e+00 0.000000000000000000e+00
1.430000000000000000e+03 2.955908083077387710e+04 0.000000000000000000e+00 0.000000000000000000e+00 0.000000000000000000e+00
1.431000000000000000e+03 2.957975151666952297e+04 0.000000000000000000e+00 0.000000000000000000e+00 0.000000000000000000e+00
1.432000000000000000e+03 2.960042220256516885e+04 0.000000000000000000e+00 0.000000000000000000e+00 0.000000000000000000e+00
1.433000000000000000e+03 2.962109288846081472e+04 0.000000000000000000e+00 0.000000000000000000e+00 0.000000000000000000e+00
1.434000000000000000e+03 2.964176357435646059e+04 0.000000000000000000e+00 0.000000000000000000e+00 0.000000000000000000e+00
1.435000000000000000e+03 2.966243426025210647e+04 0.000000000000000000e+00 0.000000000000000000e+00 0.000000000000000000e+00
1.436000000000000000e+03 2.968310494614775234e+04 0.000000000000000000e+00 0.000000000000000000e+00 0.000000000000000000e+00
1.437000000000000000e+03 2.970377563204339822e+04 0.000000000000000000e+00 0.000000000000000000e+00 0.000000000000000000e+00
1.438000000000000000e+03 2.972444631793904409e+04 0.000000000000000000e+00 0.000000000000000000e+00 0.000000000000000000e+00
1.439000000000000000e+03 2.974511700383468997e+04 0.000000000000000000e+00 0.000000000000000000e+00 0.000000000000000000e+00
1.440000000000000000e+03 2.976578768973033584e+04 0.000000000000000000e+00 0.000000000000000000e+00 0.000000000000000000e+00
1.441000000000000000e+03 2.978645837562598172e+04 0.000000000000000000e+00 0.000000000000000000e+00 0.000000000000000000e+00
1.442000000000000000e+03 2.980712906152162759e+04 0.000000000000000000e+00 0.000000000000000000e+00 0.000000000000000000e+00
1.443000000000000000e+03 2.982779974741727347e+04 0.000000000000000000e+00 0.000000000000000000e+00 0.000000000000000000e+00
1.444000000000000000e+03 2.984847043331291934e+04 0.000000000000000000e+00 0.000000000000000000e+00 0.000000000000000000e+00
1.445000000000000000e+03 2.986914111920856521e+04 0.000000000000000000e+00 0.000000000000000000e+00 0.000000000000000000e+00
1.446000000000000000e+03 2.988981180510421109e+04 0.000000000000000000e+00 0.000000000000000000e+00 0.000000000000000000e+00
1.447000000000000000e+03 2.991048249099985696e+04 0.000000000000000000e+00 0.000000000000000000e+00 0.000000000000000000e+00
1.448000000000000000e+03 2.993115317689550284e+04 0.000000000000000000e+00 0.000000000000000000e+00 0.000000000000000000e+00
1.449000000000000000e+03 2.995182386279114871e+04 0.000000000000000000e+00 0.000000000000000000e+00 0.000000000000000000e+00
1.450000000000000000e+03 2.997249454868679459e+04 0.000000000000000000e+00 0.000000000000000000e+00 0.000000000000000000e+00
1.451000000000000000e+03 2.999316523458244046e+04 0.000000000000000000e+00 0.000000000000000000e+00 0.000000000000000000e+00
1.452000000000000000e+03 3.001383592047808634e+04 0.000000000000000000e+00 0.000000000000000000e+00 0.000000000000000000e+00
1.453000000000000000e+03 3.003450660637373221e+04 0.000000000000000000e+00 0.000000000000000000e+00 0.000000000000000000e+00
1.454000000000000000e+03 3.005517729226937809e+04 0.000000000000000000e+00 0.000000000000000000e+00 0.000000000000000000e+00
1.455000000000000000e+03 3.007584797816502396e+04 0.000000000000000000e+00 0.000000000000000000e+00 0.000000000000000000e+00
1.456000000000000000e+03 3.009651866406066983e+04 0.000000000000000000e+00 0.000000000000000000e+00 0.000000000000000000e+00
1.457000000000000000e+03 3.011718934995631571e+04 0.000000000000000000e+00 0.000000000000000000e+00 0.000000000000000000e+00
1.458000000000000000e+03 3.013786003585196158e+04 0.000000000000000000e+00 0.000000000000000000e+00 0.000000000000000000e+00
1.459000000000000000e+03 3.015853072174760746e+04 0.000000000000000000e+00 0.000000000000000000e+00 0.000000000000000000e+00
1.460000000000000000e+03 3.017920140764325333e+04 0.000000000000000000e+00 0.000000000000000000e+00 0.000000000000000000e+00
1.461000000000000000e+03 3.019987209353889921e+04 0.000000000000000000e+00 0.000000000000000000e+00 0.000000000000000000e+00
1.462000000000000000e+03 3.022054277943454508e+04 0.000000000000000000e+00 0.000000000000000000e+00 0.000000000000000000e+00
1.463000000000000000e+03 3.024121346533019096e+04 0.000000000000000000e+00 0.000000000000000000e+00 0.000000000000000000e+00
1.464000000000000000e+03 3.026188415122583683e+04 0.000000000000000000e+00 0.000000000000000000e+00 0.000000000000000000e+00
1.465000000000000000e+03 3.028255483712148271e+04 0.000000000000000000e+00 0.000000000000000000e+00 0.000000000000000000e+00
1.466000000000000000e+03 3.030322552301712858e+04 0.000000000000000000e+00 0.000000000000000000e+00 0.000000000000000000e+00
1.467000000000000000e+03 3.032389620891277445e+04 0.000000000000000000e+00 0.000000000000000000e+00 0.000000000000000000e+00
1.468000000000000000e+03 3.034456689480842033e+04 0.000000000000000000e+00 0.000000000000000000e+00 0.000000000000000000e+00
1.469000000000000000e+03 3.036523758070406620e+04 0.000000000000000000e+00 0.000000000000000000e+00 0.000000000000000000e+00
1.470000000000000000e+03 3.038590826659971208e+04 0.000000000000000000e+00 0.000000000000000000e+00 0.000000000000000000e+00
1.471000000000000000e+03 3.040657895249535795e+04 0.000000000000000000e+00 0.000000000000000000e+00 0.000000000000000000e+00
1.472000000000000000e+03 3.042724963839100383e+04 0.000000000000000000e+00 0.000000000000000000e+00 0.000000000000000000e+00
1.473000000000000000e+03 3.044792032428664970e+04 0.000000000000000000e+00 0.000000000000000000e+00 0.000000000000000000e+00
1.474000000000000000e+03 3.046859101018229558e+04 0.000000000000000000e+00 0.000000000000000000e+00 0.000000000000000000e+00
1.475000000000000000e+03 3.048926169607794145e+04 0.000000000000000000e+00 0.000000000000000000e+00 0.000000000000000000e+00
1.476000000000000000e+03 3.050993238197358733e+04 0.000000000000000000e+00 0.000000000000000000e+00 0.000000000000000000e+00
1.477000000000000000e+03 3.053060306786923320e+04 0.000000000000000000e+00 0.000000000000000000e+00 0.000000000000000000e+00
1.478000000000000000e+03 3.055127375376487907e+04 0.000000000000000000e+00 0.000000000000000000e+00 0.000000000000000000e+00
1.479000000000000000e+03 3.057194443966052495e+04 0.000000000000000000e+00 0.000000000000000000e+00 0.000000000000000000e+00
1.480000000000000000e+03 3.059261512555617082e+04 0.000000000000000000e+00 0.000000000000000000e+00 0.000000000000000000e+00
1.481000000000000000e+03 3.061328581145181670e+04 0.000000000000000000e+00 0.000000000000000000e+00 0.000000000000000000e+00
1.482000000000000000e+03 3.063395649734746257e+04 0.000000000000000000e+00 0.000000000000000000e+00 0.000000000000000000e+00
1.483000000000000000e+03 3.065462718324310845e+04 0.000000000000000000e+00 0.000000000000000000e+00 0.000000000000000000e+00
1.484000000000000000e+03 3.067529786913875432e+04 0.000000000000000000e+00 0.000000000000000000e+00 0.000000000000000000e+00
1.485000000000000000e+03 3.069596855503440020e+04 0.000000000000000000e+00 0.000000000000000000e+00 0.000000000000000000e+00
1.486000000000000000e+03 3.071663924093004607e+04 0.000000000000000000e+00 0.000000000000000000e+00 0.000000000000000000e+00
1.487000000000000000e+03 3.073730992682569195e+04 0.000000000000000000e+00 0.000000000000000000e+00 0.000000000000000000e+00
1.488000000000000000e+03 3.075798061272133782e+04 0.000000000000000000e+00 0.000000000000000000e+00 0.000000000000000000e+00
1.489000000000000000e+03 3.077865129861698369e+04 0.000000000000000000e+00 0.000000000000000000e+00 0.000000000000000000e+00
1.490000000000000000e+03 3.079932198451262957e+04 0.000000000000000000e+00 0.000000000000000000e+00 0.000000000000000000e+00
1.491000000000000000e+03 3.081999267040827544e+04 0.000000000000000000e+00 0.000000000000000000e+00 0.000000000000000000e+00
1.492000000000000000e+03 3.084066335630392132e+04 0.000000000000000000e+00 0.000000000000000000e+00 0.000000000000000000e+00
1.493000000000000000e+03 3.086133404219956719e+04 0.000000000000000000e+00 0.000000000000000000e+00 0.000000000000000000e+00
1.494000000000000000e+03 3.088200472809521307e+04 0.000000000000000000e+00 0.000000000000000000e+00 0.000000000000000000e+00
1.495000000000000000e+03 3.090267541399085894e+04 0.000000000000000000e+00 0.000000000000000000e+00 0.000000000000000000e+00
1.496000000000000000e+03 3.092334609988650482e+04 0.000000000000000000e+00 0.000000000000000000e+00 0.000000000000000000e+00
1.497000000000000000e+03 3.094401678578215069e+04 0.000000000000000000e+00 0.000000000000000000e+00 0.000000000000000000e+00
1.498000000000000000e+03 3.096468747167779657e+04 0.000000000000000000e+00 0.000000000000000000e+00 0.000000000000000000e+00
1.499000000000000000e+03 3.098535815757344244e+04 0.000000000000000000e+00 0.000000000000000000e+00 0.000000000000000000e+00
1.500000000000000000e+03 3.100602884346908832e+04 0.000000000000000000e+00 0.000000000000000000e+00 0.000000000000000000e+00
1.501000000000000000e+03 3.102669952936473419e+04 0.000000000000000000e+00 0.000000000000000000e+00 0.000000000000000000e+00
1.502000000000000000e+03 3.104737021526038006e+04 0.000000000000000000e+00 0.000000000000000000e+00 0.000000000000000000e+00
1.503000000000000000e+03 3.106804090115602594e+04 0.000000000000000000e+00 0.000000000000000000e+00 0.000000000000000000e+00
1.504000000000000000e+03 3.108871158705167181e+04 0.000000000000000000e+00 0.000000000000000000e+00 0.000000000000000000e+00
1.505000000000000000e+03 3.110938227294731769e+04 0.000000000000000000e+00 0.000000000000000000e+00 0.000000000000000000e+00
1.506000000000000000e+03 3.113005295884296356e+04 0.000000000000000000e+00 0.000000000000000000e+00 0.000000000000000000e+00
1.507000000000000000e+03 3.115072364473860944e+04 0.000000000000000000e+00 0.000000000000000000e+00 0.000000000000000000e+00
1.508000000000000000e+03 3.117139433063425531e+04 0.000000000000000000e+00 0.000000000000000000e+00 0.000000000000000000e+00
1.509000000000000000e+03 3.119206501652990119e+04 0.000000000000000000e+00 0.000000000000000000e+00 0.000000000000000000e+00
1.510000000000000000e+03 3.121273570242554706e+04 0.000000000000000000e+00 0.000000000000000000e+00 0.000000000000000000e+00
1.511000000000000000e+03 3.123340638832119294e+04 0.000000000000000000e+00 0.000000000000000000e+00 0.000000000000000000e+00
1.512000000000000000e+03 3.125407707421683881e+04 0.000000000000000000e+00 0.000000000000000000e+00 0.000000000000000000e+00
1.513000000000000000e+03 3.127474776011248468e+04 0.000000000000000000e+00 0.000000000000000000e+00 0.000000000000000000e+00
1.514000000000000000e+03 3.129541844600813056e+04 0.000000000000000000e+00 0.000000000000000000e+00 0.000000000000000000e+00
1.515000000000000000e+03 3.131608913190377643e+04 0.000000000000000000e+00 0.000000000000000000e+00 0.000000000000000000e+00
1.516000000000000000e+03 3.133675981779942231e+04 0.000000000000000000e+00 0.000000000000000000e+00 0.000000000000000000e+00
1.517000000000000000e+03 3.135743050369506818e+04 0.000000000000000000e+00 0.000000000000000000e+00 0.000000000000000000e+00
1.518000000000000000e+03 3.137810118959071406e+04 0.000000000000000000e+00 0.000000000000000000e+00 0.000000000000000000e+00
1.519000000000000000e+03 3.139877187548635993e+04 0.000000000000000000e+00 0.000000000000000000e+00 0.000000000000000000e+00
1.520000000000000000e+03 3.141944256138200581e+04 0.000000000000000000e+00 0.000000000000000000e+00 0.000000000000000000e+00
1.521000000000000000e+03 3.144011324727765168e+04 0.000000000000000000e+00 0.000000000000000000e+00 0.000000000000000000e+00
1.522000000000000000e+03 3.146078393317329756e+04 0.000000000000000000e+00 0.000000000000000000e+00 0.000000000000000000e+00
1.523000000000000000e+03 3.148145461906894343e+04 0.000000000000000000e+00 0.000000000000000000e+00 0.000000000000000000e+00
1.524000000000000000e+03 3.150212530496458930e+04 0.000000000000000000e+00 0.000000000000000000e+00 0.000000000000000000e+00
1.525000000000000000e+03 3.152279599086023518e+04 0.000000000000000000e+00 0.000000000000000000e+00 0.000000000000000000e+00
1.526000000000000000e+03 3.154346667675588105e+04 0.000000000000000000e+00 0.000000000000000000e+00 0.000000000000000000e+00
1.527000000000000000e+03 3.156413736265152693e+04 0.000000000000000000e+00 0.000000000000000000e+00 0.000000000000000000e+00
1.528000000000000000e+03 3.158480804854717280e+04 0.000000000000000000e+00 0.000000000000000000e+00 0.000000000000000000e+00
1.529000000000000000e+03 3.160547873444281868e+04 0.000000000000000000e+00 0.000000000000000000e+00 0.000000000000000000e+00
1.530000000000000000e+03 3.162614942033846455e+04 0.000000000000000000e+00 0.000000000000000000e+00 0.000000000000000000e+00
1.531000000000000000e+03 3.164682010623411043e+04 0.000000000000000000e+00 0.000000000000000000e+00 0.000000000000000000e+00
1.532000000000000000e+03 3.166749079212975630e+04 0.000000000000000000e+00 0.000000000000000000e+00 0.000000000000000000e+00
1.533000000000000000e+03 3.168816147802540218e+04 0.000000000000000000e+00 0.000000000000000000e+00 0.000000000000000000e+00
1.534000000000000000e+03 3.170883216392104805e+04 0.000000000000000000e+00 0.000000000000000000e+00 0.000000000000000000e+00
1.535000000000000000e+03 3.172950284981669392e+04 0.000000000000000000e+00 0.000000000000000000e+00 0.000000000000000000e+00
1.536000000000000000e+03 3.175017353571233980e+04 0.000000000000000000e+00 0.000000000000000000e+00 0.000000000000000000e+00
1.537000000000000000e+03 3.177084422160798567e+04 0.000000000000000000e+00 0.000000000000000000e+00 0.000000000000000000e+00
1.538000000000000000e+03 3.179151490750363155e+04 0.000000000000000000e+00 0.000000000000000000e+00 0.000000000000000000e+00
1.539000000000000000e+03 3.181218559339927742e+04 0.000000000000000000e+00 0.000000000000000000e+00 0.000000000000000000e+00
1.540000000000000000e+03 3.183285627929492330e+04 0.000000000000000000e+00 0.000000000000000000e+00 0.000000000000000000e+00
1.541000000000000000e+03 3.185352696519056917e+04 0.000000000000000000e+00 0.000000000000000000e+00 0.000000000000000000e+00
1.542000000000000000e+03 3.187419765108621505e+04 0.000000000000000000e+00 0.000000000000000000e+00 0.000000000000000000e+00
1.543000000000000000e+03 3.189486833698186092e+04 0.000000000000000000e+00 0.000000000000000000e+00 0.000000000000000000e+00
1.544000000000000000e+03 3.191553902287750680e+04 0.000000000000000000e+00 0.000000000000000000e+00 0.000000000000000000e+00
1.545000000000000000e+03 3.193620970877315267e+04 0.000000000000000000e+00 0.000000000000000000e+00 0.000000000000000000e+00
1.546000000000000000e+03 3.195688039466879854e+04 0.000000000000000000e+00 0.000000000000000000e+00 0.000000000000000000e+00
1.547000000000000000e+03 3.197755108056444442e+04 0.000000000000000000e+00 0.000000000000000000e+00 0.000000000000000000e+00
1.548000000000000000e+03 3.199822176646009029e+04 0.000000000000000000e+00 0.000000000000000000e+00 0.000000000000000000e+00
1.549000000000000000e+03 3.201889245235573617e+04 0.000000000000000000e+00 0.000000000000000000e+00 0.000000000000000000e+00
1.550000000000000000e+03 3.203956313825138204e+04 0.000000000000000000e+00 0.000000000000000000e+00 0.000000000000000000e+00
1.551000000000000000e+03 3.206023382414702792e+04 0.000000000000000000e+00 0.000000000000000000e+00 0.000000000000000000e+00
1.552000000000000000e+03 3.208090451004267379e+04 0.000000000000000000e+00 0.000000000000000000e+00 0.000000000000000000e+00
1.553000000000000000e+03 3.210157519593831967e+04 0.000000000000000000e+00 0.000000000000000000e+00 0.000000000000000000e+00
1.554000000000000000e+03 3.212224588183396554e+04 0.000000000000000000e+00 0.000000000000000000e+00 0.000000000000000000e+00
1.555000000000000000e+03 3.214291656772961142e+04 0.000000000000000000e+00 0.000000000000000000e+00 0.000000000000000000e+00
1.556000000000000000e+03 3.216358725362525729e+04 0.000000000000000000e+00 0.000000000000000000e+00 0.000000000000000000e+00
1.557000000000000000e+03 3.218425793952090316e+04 0.000000000000000000e+00 0.000000000000000000e+00 0.000000000000000000e+00
1.558000000000000000e+03 3.220492862541654904e+04 0.000000000000000000e+00 0.000000000000000000e+00 0.000000000000000000e+00
1.559000000000000000e+03 3.222559931131219491e+04 0.000000000000000000e+00 0.000000000000000000e+00 0.000000000000000000e+00
1.560000000000000000e+03 3.224626999720784079e+04 0.000000000000000000e+00 0.000000000000000000e+00 0.000000000000000000e+00
1.561000000000000000e+03 3.226694068310348666e+04 0.000000000000000000e+00 0.000000000000000000e+00 0.000000000000000000e+00
1.562000000000000000e+03 3.228761136899913254e+04 0.000000000000000000e+00 0.000000000000000000e+00 0.000000000000000000e+00
1.563000000000000000e+03 3.230828205489477841e+04 0.000000000000000000e+00 0.000000000000000000e+00 0.000000000000000000e+00
1.564000000000000000e+03 3.232895274079042429e+04 0.000000000000000000e+00 0.000000000000000000e+00 0.000000000000000000e+00
1.565000000000000000e+03 3.234962342668607016e+04 0.000000000000000000e+00 0.000000000000000000e+00 0.000000000000000000e+00
1.566000000000000000e+03 3.237029411258171604e+04 0.000000000000000000e+00 0.000000000000000000e+00 0.000000000000000000e+00
1.567000000000000000e+03 3.239096479847736191e+04 0.000000000000000000e+00 0.000000000000000000e+00 0.000000000000000000e+00
1.568000000000000000e+03 3.241163548437300778e+04 0.000000000000000000e+00 0.000000000000000000e+00 0.000000000000000000e+00
1.569000000000000000e+03 3.243230617026865366e+04 0.000000000000000000e+00 0.000000000000000000e+00 0.000000000000000000e+00
1.570000000000000000e+03 3.245297685616429953e+04 0.000000000000000000e+00 0.000000000000000000e+00 0.000000000000000000e+00
1.571000000000000000e+03 3.247364754205994541e+04 0.000000000000000000e+00 0.000000000000000000e+00 0.000000000000000000e+00
1.572000000000000000e+03 3.249431822795559128e+04 0.000000000000000000e+00 0.000000000000000000e+00 0.000000000000000000e+00
1.573000000000000000e+03 3.251498891385123716e+04 0.000000000000000000e+00 0.000000000000000000e+00 0.000000000000000000e+00
1.574000000000000000e+03 3.253565959974688303e+04 0.000000000000000000e+00 0.000000000000000000e+00 0.000000000000000000e+00
1.575000000000000000e+03 3.255633028564252891e+04 0.000000000000000000e+00 0.000000000000000000e+00 0.000000000000000000e+00
1.576000000000000000e+03 3.257700097153817478e+04 0.000000000000000000e+00 0.000000000000000000e+00 0.000000000000000000e+00
1.577000000000000000e+03 3.259767165743382066e+04 0.000000000000000000e+00 0.000000000000000000e+00 0.000000000000000000e+00
1.578000000000000000e+03 3.261834234332946653e+04 0.000000000000000000e+00 0.000000000000000000e+00 0.000000000000000000e+00
1.579000000000000000e+03 3.263901302922511240e+04 0.000000000000000000e+00 0.000000000000000000e+00 0.000000000000000000e+00
1.580000000000000000e+03 3.265968371512075828e+04 0.000000000000000000e+00 0.000000000000000000e+00 0.000000000000000000e+00
1.581000000000000000e+03 3.268035440101640415e+04 0.000000000000000000e+00 0.000000000000000000e+00 0.000000000000000000e+00
1.582000000000000000e+03 3.270102508691205003e+04 0.000000000000000000e+00 0.000000000000000000e+00 0.000000000000000000e+00
1.583000000000000000e+03 3.272169577280769590e+04 0.000000000000000000e+00 0.000000000000000000e+00 0.000000000000000000e+00
1.584000000000000000e+03 3.274236645870334178e+04 0.000000000000000000e+00 0.000000000000000000e+00 0.000000000000000000e+00
1.585000000000000000e+03 3.276303714459898765e+04 0.000000000000000000e+00 0.000000000000000000e+00 0.000000000000000000e+00
1.586000000000000000e+03 3.278370783049463353e+04 0.000000000000000000e+00 0.000000000000000000e+00 0.000000000000000000e+00
1.587000000000000000e+03 3.280437851639027940e+04 0.000000000000000000e+00 0.000000000000000000e+00 0.000000000000000000e+00
1.588000000000000000e+03 3.282504920228592528e+04 0.000000000000000000e+00 0.000000000000000000e+00 0.000000000000000000e+00
1.589000000000000000e+03 3.284571988818157115e+04 0.000000000000000000e+00 0.000000000000000000e+00 0.000000000000000000e+00
1.590000000000000000e+03 3.286639057407721702e+04 0.000000000000000000e+00 0.000000000000000000e+00 0.000000000000000000e+00
1.591000000000000000e+03 3.288706125997286290e+04 0.000000000000000000e+00 0.000000000000000000e+00 0.000000000000000000e+00
1.592000000000000000e+03 3.290773194586850877e+04 0.000000000000000000e+00 0.000000000000000000e+00 0.000000000000000000e+00
1.593000000000000000e+03 3.292840263176415465e+04 0.000000000000000000e+00 0.000000000000000000e+00 0.000000000000000000e+00
1.594000000000000000e+03 3.294907331765980052e+04 0.000000000000000000e+00 0.000000000000000000e+00 0.000000000000000000e+00
1.595000000000000000e+03 3.296974400355544640e+04 0.000000000000000000e+00 0.000000000000000000e+00 0.000000000000000000e+00
1.596000000000000000e+03 3.299041468945109227e+04 0.000000000000000000e+00 0.000000000000000000e+00 0.000000000000000000e+00
1.597000000000000000e+03 3.301108537534673815e+04 0.000000000000000000e+00 0.000000000000000000e+00 0.000000000000000000e+00
1.598000000000000000e+03 3.303175606124238402e+04 0.000000000000000000e+00 0.000000000000000000e+00 0.000000000000000000e+00
1.599000000000000000e+03 3.305242674713802990e+04 0.000000000000000000e+00 0.000000000000000000e+00 0.000000000000000000e+00
1.600000000000000000e+03 3.307309743303367577e+04 0.000000000000000000e+00 0.000000000000000000e+00 0.000000000000000000e+00
1.601000000000000000e+03 3.309376811892932164e+04 0.000000000000000000e+00 0.000000000000000000e+00 0.000000000000000000e+00
1.602000000000000000e+03 3.311443880482496752e+04 0.000000000000000000e+00 0.000000000000000000e+00 0.000000000000000000e+00
1.603000000000000000e+03 3.313510949072061339e+04 0.000000000000000000e+00 0.000000000000000000e+00 0.000000000000000000e+00
1.604000000000000000e+03 3.315578017661625927e+04 0.000000000000000000e+00 0.000000000000000000e+00 0.000000000000000000e+00
1.605000000000000000e+03 3.317645086251190514e+04 0.000000000000000000e+00 0.000000000000000000e+00 0.000000000000000000e+00
1.606000000000000000e+03 3.319712154840755102e+04 0.000000000000000000e+00 0.000000000000000000e+00 0.000000000000000000e+00
1.607000000000000000e+03 3.321779223430319689e+04 0.000000000000000000e+00 0.000000000000000000e+00 0.000000000000000000e+00
1.608000000000000000e+03 3.323846292019884277e+04 0.000000000000000000e+00 0.000000000000000000e+00 0.000000000000000000e+00
1.609000000000000000e+03 3.325913360609448864e+04 0.000000000000000000e+00 0.000000000000000000e+00 0.000000000000000000e+00
1.610000000000000000e+03 3.327980429199013452e+04 0.000000000000000000e+00 0.000000000000000000e+00 0.000000000000000000e+00
1.611000000000000000e+03 3.330047497788578039e+04 0.000000000000000000e+00 0.000000000000000000e+00 0.000000000000000000e+00
1.612000000000000000e+03 3.332114566378142626e+04 0.000000000000000000e+00 0.000000000000000000e+00 0.000000000000000000e+00
1.613000000000000000e+03 3.334181634967707214e+04 0.000000000000000000e+00 0.000000000000000000e+00 0.000000000000000000e+00
1.614000000000000000e+03 3.336248703557271801e+04 0.000000000000000000e+00 0.000000000000000000e+00 0.000000000000000000e+00
1.615000000000000000e+03 3.338315772146836389e+04 0.000000000000000000e+00 0.000000000000000000e+00 0.000000000000000000e+00
1.616000000000000000e+03 3.340382840736400976e+04 0.000000000000000000e+00 0.000000000000000000e+00 0.000000000000000000e+00
1.617000000000000000e+03 3.342449909325965564e+04 0.000000000000000000e+00 0.000000000000000000e+00 0.000000000000000000e+00
1.618000000000000000e+03 3.344516977915530151e+04 0.000000000000000000e+00 0.000000000000000000e+00 0.000000000000000000e+00
1.619000000000000000e+03 3.346584046505094739e+04 0.000000000000000000e+00 0.000000000000000000e+00 0.000000000000000000e+00
1.620000000000000000e+03 3.348651115094659326e+04 0.000000000000000000e+00 0.000000000000000000e+00 0.000000000000000000e+00
1.621000000000000000e+03 3.350718183684223914e+04 0.000000000000000000e+00 0.000000000000000000e+00 0.000000000000000000e+00
1.622000000000000000e+03 3.352785252273788501e+04 0.000000000000000000e+00 0.000000000000000000e+00 0.000000000000000000e+00
1.623000000000000000e+03 3.354852320863353088e+04 0.000000000000000000e+00 0.000000000000000000e+00 0.000000000000000000e+00
1.624000000000000000e+03 3.356919389452917676e+04 0.000000000000000000e+00 0.000000000000000000e+00 0.000000000000000000e+00
1.625000000000000000e+03 3.358986458042482263e+04 0.000000000000000000e+00 0.000000000000000000e+00 0.000000000000000000e+00
1.626000000000000000e+03 3.361053526632046851e+04 0.000000000000000000e+00 0.000000000000000000e+00 0.000000000000000000e+00
1.627000000000000000e+03 3.363120595221611438e+04 0.000000000000000000e+00 0.000000000000000000e+00 0.000000000000000000e+00
1.628000000000000000e+03 3.365187663811176026e+04 0.000000000000000000e+00 0.000000000000000000e+00 0.000000000000000000e+00
1.629000000000000000e+03 3.367254732400740613e+04 0.000000000000000000e+00 0.000000000000000000e+00 0.000000000000000000e+00
1.630000000000000000e+03 3.369321800990305201e+04 0.000000000000000000e+00 0.000000000000000000e+00 0.000000000000000000e+00
1.631000000000000000e+03 3.371388869579869788e+04 0.000000000000000000e+00 0.000000000000000000e+00 0.000000000000000000e+00
1.632000000000000000e+03 3.373455938169434376e+04 0.000000000000000000e+00 0.000000000000000000e+00 0.000000000000000000e+00
1.633000000000000000e+03 3.375523006758998963e+04 0.000000000000000000e+00 0.000000000000000000e+00 0.000000000000000000e+00
1.634000000000000000e+03 3.377590075348563551e+04 0.000000000000000000e+00 0.000000000000000000e+00 0.000000000000000000e+00
1.635000000000000000e+03 3.379657143938128138e+04 0.000000000000000000e+00 0.000000000000000000e+00 0.000000000000000000e+00
1.636000000000000000e+03 3.381724212527692725e+04 0.000000000000000000e+00 0.000000000000000000e+00 0.000000000000000000e+00
1.637000000000000000e+03 3.383791281117257313e+04 0.000000000000000000e+00 0.000000000000000000e+00 0.000000000000000000e+00
1.638000000000000000e+03 3.385858349706821900e+04 0.000000000000000000e+00 0.000000000000000000e+00 0.000000000000000000e+00
1.639000000000000000e+03 3.387925418296386488e+04 0.000000000000000000e+00 0.000000000000000000e+00 0.000000000000000000e+00
1.640000000000000000e+03 3.389992486885951075e+04 0.000000000000000000e+00 0.000000000000000000e+00 0.000000000000000000e+00
1.641000000000000000e+03 3.392059555475515663e+04 0.000000000000000000e+00 0.000000000000000000e+00 0.000000000000000000e+00
1.642000000000000000e+03 3.394126624065080250e+04 0.000000000000000000e+00 0.000000000000000000e+00 0.000000000000000000e+00
1.643000000000000000e+03 3.396193692654644838e+04 0.000000000000000000e+00 0.000000000000000000e+00 0.000000000000000000e+00
1.644000000000000000e+03 3.398260761244209425e+04 0.000000000000000000e+00 0.000000000000000000e+00 0.000000000000000000e+00
1.645000000000000000e+03 3.400327829833774013e+04 0.000000000000000000e+00 0.000000000000000000e+00 0.000000000000000000e+00
1.646000000000000000e+03 3.402394898423338600e+04 0.000000000000000000e+00 0.000000000000000000e+00 0.000000000000000000e+00
1.647000000000000000e+03 3.404461967012903187e+04 0.000000000000000000e+00 0.000000000000000000e+00 0.000000000000000000e+00
1.648000000000000000e+03 3.406529035602467775e+04 0.000000000000000000e+00 0.000000000000000000e+00 0.000000000000000000e+00
1.649000000000000000e+03 3.408596104192032362e+04 0.000000000000000000e+00 0.000000000000000000e+00 0.000000000000000000e+00
1.650000000000000000e+03 3.410663172781596950e+04 0.000000000000000000e+00 0.000000000000000000e+00 0.000000000000000000e+00
1.651000000000000000e+03 3.412730241371161537e+04 0.000000000000000000e+00 0.000000000000000000e+00 0.000000000000000000e+00
1.652000000000000000e+03 3.414797309960726125e+04 0.000000000000000000e+00 0.000000000000000000e+00 0.000000000000000000e+00
1.653000000000000000e+03 3.416864378550290712e+04 0.000000000000000000e+00 0.000000000000000000e+00 0.000000000000000000e+00
1.654000000000000000e+03 3.418931447139855300e+04 0.000000000000000000e+00 0.000000000000000000e+00 0.000000000000000000e+00
1.655000000000000000e+03 3.420998515729419887e+04 0.000000000000000000e+00 0.000000000000000000e+00 0.000000000000000000e+00
1.656000000000000000e+03 3.423065584318984475e+04 0.000000000000000000e+00 0.000000000000000000e+00 0.000000000000000000e+00
1.657000000000000000e+03 3.425132652908549062e+04 0.000000000000000000e+00 0.000000000000000000e+00 0.000000000000000000e+00
1.658000000000000000e+03 3.427199721498113649e+04 0.000000000000000000e+00 0.000000000000000000e+00 0.000000000000000000e+00
1.659000000000000000e+03 3.429266790087678237e+04 0.000000000000000000e+00 0.000000000000000000e+00 0.000000000000000000e+00
1.660000000000000000e+03 3.431333858677242824e+04 0.000000000000000000e+00 0.000000000000000000e+00 0.000000000000000000e+00
1.661000000000000000e+03 3.433400927266807412e+04 0.000000000000000000e+00 0.000000000000000000e+00 0.000000000000000000e+00
1.662000000000000000e+03 3.435467995856371999e+04 0.000000000000000000e+00 0.000000000000000000e+00 0.000000000000000000e+00
1.663000000000000000e+03 3.437535064445936587e+04 0.000000000000000000e+00 0.000000000000000000e+00 0.000000000000000000e+00
1.664000000000000000e+03 3.439602133035501174e+04 0.000000000000000000e+00 0.000000000000000000e+00 0.000000000000000000e+00
1.665000000000000000e+03 3.441669201625065762e+04 0.000000000000000000e+00 0.000000000000000000e+00 0.000000000000000000e+00
1.666000000000000000e+03 3.443736270214630349e+04 0.000000000000000000e+00 0.000000000000000000e+00 0.000000000000000000e+00
1.667000000000000000e+03 3.445803338804194937e+04 0.000000000000000000e+00 0.000000000000000000e+00 0.000000000000000000e+00
1.668000000000000000e+03 3.447870407393759524e+04 0.000000000000000000e+00 0.000000000000000000e+00 0.000000000000000000e+00
1.669000000000000000e+03 3.449937475983324111e+04 0.000000000000000000e+00 0.000000000000000000e+00 0.000000000000000000e+00
1.670000000000000000e+03 3.452004544572888699e+04 0.000000000000000000e+00 0.000000000000000000e+00 0.000000000000000000e+00
1.671000000000000000e+03 3.454071613162453286e+04 0.000000000000000000e+00 0.000000000000000000e+00 0.000000000000000000e+00
1.672000000000000000e+03 3.456138681752017874e+04 0.000000000000000000e+00 0.000000000000000000e+00 0.000000000000000000e+00
1.673000000000000000e+03 3.458205750341582461e+04 0.000000000000000000e+00 0.000000000000000000e+00 0.000000000000000000e+00
1.674000000000000000e+03 3.460272818931147049e+04 0.000000000000000000e+00 0.000000000000000000e+00 0.000000000000000000e+00
1.675000000000000000e+03 3.462339887520711636e+04 0.000000000000000000e+00 0.000000000000000000e+00 0.000000000000000000e+00
1.676000000000000000e+03 3.464406956110276224e+04 0.000000000000000000e+00 0.000000000000000000e+00 0.000000000000000000e+00
1.677000000000000000e+03 3.466474024699840811e+04 0.000000000000000000e+00 0.000000000000000000e+00 0.000000000000000000e+00
1.678000000000000000e+03 3.468541093289405399e+04 0.000000000000000000e+00 0.000000000000000000e+00 0.000000000000000000e+00
1.679000000000000000e+03 3.470608161878969986e+04 0.000000000000000000e+00 0.000000000000000000e+00 0.000000000000000000e+00
1.680000000000000000e+03 3.472675230468534573e+04 0.000000000000000000e+00 0.000000000000000000e+00 0.000000000000000000e+00
1.681000000000000000e+03 3.474742299058099161e+04 0.000000000000000000e+00 0.000000000000000000e+00 0.000000000000000000e+00
1.682000000000000000e+03 3.476809367647663748e+04 0.000000000000000000e+00 0.000000000000000000e+00 0.000000000000000000e+00
1.683000000000000000e+03 3.478876436237228336e+04 0.000000000000000000e+00 0.000000000000000000e+00 0.000000000000000000e+00
1.684000000000000000e+03 3.480943504826792923e+04 0.000000000000000000e+00 0.000000000000000000e+00 0.000000000000000000e+00
1.685000000000000000e+03 3.483010573416357511e+04 0.000000000000000000e+00 0.000000000000000000e+00 0.000000000000000000e+00
1.686000000000000000e+03 3.485077642005922098e+04 0.000000000000000000e+00 0.000000000000000000e+00 0.000000000000000000e+00
1.687000000000000000e+03 3.487144710595486686e+04 0.000000000000000000e+00 0.000000000000000000e+00 0.000000000000000000e+00
1.688000000000000000e+03 3.489211779185051273e+04 0.000000000000000000e+00 0.000000000000000000e+00 0.000000000000000000e+00
1.689000000000000000e+03 3.491278847774615861e+04 0.000000000000000000e+00 0.000000000000000000e+00 0.000000000000000000e+00
1.690000000000000000e+03 3.493345916364180448e+04 0.000000000000000000e+00 0.000000000000000000e+00 0.000000000000000000e+00
1.691000000000000000e+03 3.495412984953745035e+04 0.000000000000000000e+00 0.000000000000000000e+00 0.000000000000000000e+00
1.692000000000000000e+03 3.497480053543309623e+04 0.000000000000000000e+00 0.000000000000000000e+00 0.000000000000000000e+00
1.693000000000000000e+03 3.499547122132874210e+04 0.000000000000000000e+00 0.000000000000000000e+00 0.000000000000000000e+00
1.694000000000000000e+03 3.501614190722438798e+04 0.000000000000000000e+00 0.000000000000000000e+00 0.000000000000000000e+00
1.695000000000000000e+03 3.503681259312003385e+04 0.000000000000000000e+00 0.000000000000000000e+00 0.000000000000000000e+00
1.696000000000000000e+03 3.505748327901567973e+04 0.000000000000000000e+00 0.000000000000000000e+00 0.000000000000000000e+00
1.697000000000000000e+03 3.507815396491132560e+04 0.000000000000000000e+00 0.000000000000000000e+00 0.000000000000000000e+00
1.698000000000000000e+03 3.509882465080697148e+04 0.000000000000000000e+00 0.000000000000000000e+00 0.000000000000000000e+00
1.699000000000000000e+03 3.511949533670261735e+04 0.000000000000000000e+00 0.000000000000000000e+00 0.000000000000000000e+00
1.700000000000000000e+03 3.514016602259826323e+04 0.000000000000000000e+00 0.000000000000000000e+00 0.000000000000000000e+00
1.701000000000000000e+03 3.516083670849390910e+04 0.000000000000000000e+00 0.000000000000000000e+00 0.000000000000000000e+00
1.702000000000000000e+03 3.518150739438955497e+04 0.000000000000000000e+00 0.000000000000000000e+00 0.000000000000000000e+00
1.703000000000000000e+03 3.520217808028520085e+04 0.000000000000000000e+00 0.000000000000000000e+00 0.000000000000000000e+00
1.704000000000000000e+03 3.522284876618084672e+04 0.000000000000000000e+00 0.000000000000000000e+00 0.000000000000000000e+00
1.705000000000000000e+03 3.524351945207649260e+04 0.000000000000000000e+00 0.000000000000000000e+00 0.000000000000000000e+00
1.706000000000000000e+03 3.526419013797213847e+04 0.000000000000000000e+00 0.000000000000000000e+00 0.000000000000000000e+00
1.707000000000000000e+03 3.528486082386778435e+04 0.000000000000000000e+00 0.000000000000000000e+00 0.000000000000000000e+00
1.708000000000000000e+03 3.530553150976343022e+04 0.000000000000000000e+00 0.000000000000000000e+00 0.000000000000000000e+00
1.709000000000000000e+03 3.532620219565907610e+04 0.000000000000000000e+00 0.000000000000000000e+00 0.000000000000000000e+00
1.710000000000000000e+03 3.534687288155472197e+04 0.000000000000000000e+00 0.000000000000000000e+00 0.000000000000000000e+00
1.711000000000000000e+03 3.536754356745036785e+04 0.000000000000000000e+00 0.000000000000000000e+00 0.000000000000000000e+00
1.712000000000000000e+03 3.538821425334601372e+04 0.000000000000000000e+00 0.000000000000000000e+00 0.000000000000000000e+00
1.713000000000000000e+03 3.540888493924165959e+04 0.000000000000000000e+00 0.000000000000000000e+00 0.000000000000000000e+00
1.714000000000000000e+03 3.542955562513730547e+04 0.000000000000000000e+00 0.000000000000000000e+00 0.000000000000000000e+00
1.715000000000000000e+03 3.545022631103295134e+04 0.000000000000000000e+00 0.000000000000000000e+00 0.000000000000000000e+00
1.716000000000000000e+03 3.547089699692859722e+04 0.000000000000000000e+00 0.000000000000000000e+00 0.000000000000000000e+00
1.717000000000000000e+03 3.549156768282424309e+04 0.000000000000000000e+00 0.000000000000000000e+00 0.000000000000000000e+00
1.718000000000000000e+03 3.551223836871988897e+04 0.000000000000000000e+00 0.000000000000000000e+00 0.000000000000000000e+00
1.719000000000000000e+03 3.553290905461553484e+04 0.000000000000000000e+00 0.000000000000000000e+00 0.000000000000000000e+00
1.720000000000000000e+03 3.555357974051118072e+04 0.000000000000000000e+00 0.000000000000000000e+00 0.000000000000000000e+00
1.721000000000000000e+03 3.557425042640682659e+04 0.000000000000000000e+00 0.000000000000000000e+00 0.000000000000000000e+00
1.722000000000000000e+03 3.559492111230247247e+04 0.000000000000000000e+00 0.000000000000000000e+00 0.000000000000000000e+00
1.723000000000000000e+03 3.561559179819811834e+04 0.000000000000000000e+00 0.000000000000000000e+00 0.000000000000000000e+00
1.724000000000000000e+03 3.563626248409376421e+04 0.000000000000000000e+00 0.000000000000000000e+00 0.000000000000000000e+00
1.725000000000000000e+03 3.565693316998941009e+04 0.000000000000000000e+00 0.000000000000000000e+00 0.000000000000000000e+00
1.726000000000000000e+03 3.567760385588505596e+04 0.000000000000000000e+00 0.000000000000000000e+00 0.000000000000000000e+00
1.727000000000000000e+03 3.569827454178070184e+04 0.000000000000000000e+00 0.000000000000000000e+00 0.000000000000000000e+00
1.728000000000000000e+03 3.571894522767634771e+04 0.000000000000000000e+00 0.000000000000000000e+00 0.000000000000000000e+00
1.729000000000000000e+03 3.573961591357199359e+04 0.000000000000000000e+00 0.000000000000000000e+00 0.000000000000000000e+00
1.730000000000000000e+03 3.576028659946763946e+04 0.000000000000000000e+00 0.000000000000000000e+00 0.000000000000000000e+00
1.731000000000000000e+03 3.578095728536328534e+04 0.000000000000000000e+00 0.000000000000000000e+00 0.000000000000000000e+00
1.732000000000000000e+03 3.580162797125893121e+04 0.000000000000000000e+00 0.000000000000000000e+00 0.000000000000000000e+00
1.733000000000000000e+03 3.582229865715457709e+04 0.000000000000000000e+00 0.000000000000000000e+00 0.000000000000000000e+00
1.734000000000000000e+03 3.584296934305022296e+04 0.000000000000000000e+00 0.000000000000000000e+00 0.000000000000000000e+00
1.735000000000000000e+03 3.586364002894586883e+04 0.000000000000000000e+00 0.000000000000000000e+00 0.000000000000000000e+00
1.736000000000000000e+03 3.588431071484151471e+04 0.000000000000000000e+00 0.000000000000000000e+00 0.000000000000000000e+00
1.737000000000000000e+03 3.590498140073716058e+04 0.000000000000000000e+00 0.000000000000000000e+00 0.000000000000000000e+00
1.738000000000000000e+03 3.592565208663280646e+04 0.000000000000000000e+00 0.000000000000000000e+00 0.000000000000000000e+00
1.739000000000000000e+03 3.594632277252845233e+04 0.000000000000000000e+00 0.000000000000000000e+00 0.000000000000000000e+00
1.740000000000000000e+03 3.596699345842409821e+04 0.000000000000000000e+00 0.000000000000000000e+00 0.000000000000000000e+00
1.741000000000000000e+03 3.598766414431974408e+04 0.000000000000000000e+00 0.000000000000000000e+00 0.000000000000000000e+00
1.742000000000000000e+03 3.600833483021538996e+04 0.000000000000000000e+00 0.000000000000000000e+00 0.000000000000000000e+00
1.743000000000000000e+03 3.602900551611103583e+04 0.000000000000000000e+00 0.000000000000000000e+00 0.000000000000000000e+00
1.744000000000000000e+03 3.604967620200668171e+04 0.000000000000000000e+00 0.000000000000000000e+00 0.000000000000000000e+00
1.745000000000000000e+03 3.607034688790232758e+04 0.000000000000000000e+00 0.000000000000000000e+00 0.000000000000000000e+00
1.746000000000000000e+03 3.609101757379797345e+04 0.000000000000000000e+00 0.000000000000000000e+00 0.000000000000000000e+00
1.747000000000000000e+03 3.611168825969361933e+04 0.000000000000000000e+00 0.000000000000000000e+00 0.000000000000000000e+00
1.748000000000000000e+03 3.613235894558926520e+04 0.000000000000000000e+00 0.000000000000000000e+00 0.000000000000000000e+00
1.749000000000000000e+03 3.615302963148491108e+04 0.000000000000000000e+00 0.000000000000000000e+00 0.000000000000000000e+00
1.750000000000000000e+03 3.617370031738055695e+04 0.000000000000000000e+00 0.000000000000000000e+00 0.000000000000000000e+00
1.751000000000000000e+03 3.619437100327620283e+04 0.000000000000000000e+00 0.000000000000000000e+00 0.000000000000000000e+00
1.752000000000000000e+03 3.621504168917184870e+04 0.000000000000000000e+00 0.000000000000000000e+00 0.000000000000000000e+00
1.753000000000000000e+03 3.623571237506749458e+04 0.000000000000000000e+00 0.000000000000000000e+00 0.000000000000000000e+00
1.754000000000000000e+03 3.625638306096314045e+04 0.000000000000000000e+00 0.000000000000000000e+00 0.000000000000000000e+00
1.755000000000000000e+03 3.627705374685878633e+04 0.000000000000000000e+00 0.000000000000000000e+00 0.000000000000000000e+00
1.756000000000000000e+03 3.629772443275443220e+04 0.000000000000000000e+00 0.000000000000000000e+00 0.000000000000000000e+00
1.757000000000000000e+03 3.631839511865007808e+04 0.000000000000000000e+00 0.000000000000000000e+00 0.000000000000000000e+00
1.758000000000000000e+03 3.633906580454572395e+04 0.000000000000000000e+00 0.000000000000000000e+00 0.000000000000000000e+00
1.759000000000000000e+03 3.635973649044136982e+04 0.000000000000000000e+00 0.000000000000000000e+00 0.000000000000000000e+00
1.760000000000000000e+03 3.638040717633701570e+04 0.000000000000000000e+00 0.000000000000000000e+00 0.000000000000000000e+00
1.761000000000000000e+03 3.640107786223266157e+04 0.000000000000000000e+00 0.000000000000000000e+00 0.000000000000000000e+00
1.762000000000000000e+03 3.642174854812830745e+04 0.000000000000000000e+00 0.000000000000000000e+00 0.000000000000000000e+00
1.763000000000000000e+03 3.644241923402395332e+04 0.000000000000000000e+00 0.000000000000000000e+00 0.000000000000000000e+00
1.764000000000000000e+03 3.646308991991959920e+04 0.000000000000000000e+00 0.000000000000000000e+00 0.000000000000000000e+00
1.765000000000000000e+03 3.648376060581524507e+04 0.000000000000000000e+00 0.000000000000000000e+00 0.000000000000000000e+00
1.766000000000000000e+03 3.650443129171089095e+04 0.000000000000000000e+00 0.000000000000000000e+00 0.000000000000000000e+00
1.767000000000000000e+03 3.652510197760653682e+04 0.000000000000000000e+00 0.000000000000000000e+00 0.000000000000000000e+00
1.768000000000000000e+03 3.654577266350218270e+04 0.000000000000000000e+00 0.000000000000000000e+00 0.000000000000000000e+00
1.769000000000000000e+03 3.656644334939782857e+04 0.000000000000000000e+00 0.000000000000000000e+00 0.000000000000000000e+00
1.770000000000000000e+03 3.658711403529347444e+04 0.000000000000000000e+00 0.000000000000000000e+00 0.000000000000000000e+00
1.771000000000000000e+03 3.660778472118912032e+04 0.000000000000000000e+00 0.000000000000000000e+00 0.000000000000000000e+00
1.772000000000000000e+03 3.662845540708476619e+04 0.000000000000000000e+00 0.000000000000000000e+00 0.000000000000000000e+00
1.773000000000000000e+03 3.664912609298041207e+04 0.000000000000000000e+00 0.000000000000000000e+00 0.000000000000000000e+00
1.774000000000000000e+03 3.666979677887605794e+04 0.000000000000000000e+00 0.000000000000000000e+00 0.000000000000000000e+00
1.775000000000000000e+03 3.669046746477170382e+04 0.000000000000000000e+00 0.000000000000000000e+00 0.000000000000000000e+00
1.776000000000000000e+03 3.671113815066734969e+04 0.000000000000000000e+00 0.000000000000000000e+00 0.000000000000000000e+00
1.777000000000000000e+03 3.673180883656299557e+04 0.000000000000000000e+00 0.000000000000000000e+00 0.000000000000000000e+00
1.778000000000000000e+03 3.675247952245864144e+04 0.000000000000000000e+00 0.000000000000000000e+00 0.000000000000000000e+00
1.779000000000000000e+03 3.677315020835428732e+04 0.000000000000000000e+00 0.000000000000000000e+00 0.000000000000000000e+00
1.780000000000000000e+03 3.679382089424993319e+04 0.000000000000000000e+00 0.000000000000000000e+00 0.000000000000000000e+00
1.781000000000000000e+03 3.681449158014557906e+04 0.000000000000000000e+00 0.000000000000000000e+00 0.000000000000000000e+00
1.782000000000000000e+03 3.683516226604122494e+04 0.000000000000000000e+00 0.000000000000000000e+00 0.000000000000000000e+00
1.783000000000000000e+03 3.685583295193687081e+04 0.000000000000000000e+00 0.000000000000000000e+00 0.000000000000000000e+00
1.784000000000000000e+03 3.687650363783251669e+04 0.000000000000000000e+00 0.000000000000000000e+00 0.000000000000000000e+00
1.785000000000000000e+03 3.689717432372816256e+04 0.000000000000000000e+00 0.000000000000000000e+00 0.000000000000000000e+00
1.786000000000000000e+03 3.691784500962380844e+04 0.000000000000000000e+00 0.000000000000000000e+00 0.000000000000000000e+00
1.787000000000000000e+03 3.693851569551945431e+04 0.000000000000000000e+00 0.000000000000000000e+00 0.000000000000000000e+00
1.788000000000000000e+03 3.695918638141510019e+04 0.000000000000000000e+00 0.000000000000000000e+00 0.000000000000000000e+00
1.789000000000000000e+03 3.697985706731074606e+04 0.000000000000000000e+00 0.000000000000000000e+00 0.000000000000000000e+00
1.790000000000000000e+03 3.700052775320639194e+04 0.000000000000000000e+00 0.000000000000000000e+00 0.000000000000000000e+00
1.791000000000000000e+03 3.702119843910203781e+04 0.000000000000000000e+00 0.000000000000000000e+00 0.000000000000000000e+00
1.792000000000000000e+03 3.704186912499768368e+04 0.000000000000000000e+00 0.000000000000000000e+00 0.000000000000000000e+00
1.793000000000000000e+03 3.706253981089332956e+04 0.000000000000000000e+00 0.000000000000000000e+00 0.000000000000000000e+00
1.794000000000000000e+03 3.708321049678897543e+04 0.000000000000000000e+00 0.000000000000000000e+00 0.000000000000000000e+00
1.795000000000000000e+03 3.710388118268462131e+04 0.000000000000000000e+00 0.000000000000000000e+00 0.000000000000000000e+00
1.796000000000000000e+03 3.712455186858026718e+04 0.000000000000000000e+00 0.000000000000000000e+00 0.000000000000000000e+00
1.797000000000000000e+03 3.714522255447591306e+04 0.000000000000000000e+00 0.000000000000000000e+00 0.000000000000000000e+00
1.798000000000000000e+03 3.716589324037155893e+04 0.000000000000000000e+00 0.000000000000000000e+00 0.000000000000000000e+00
1.799000000000000000e+03 3.718656392626720481e+04 0.000000000000000000e+00 0.000000000000000000e+00 0.000000000000000000e+00
1.800000000000000000e+03 3.720723461216285068e+04 0.000000000000000000e+00 0.000000000000000000e+00 0.000000000000000000e+00
1.801000000000000000e+03 3.722790529805849656e+04 0.000000000000000000e+00 0.000000000000000000e+00 0.000000000000000000e+00
1.802000000000000000e+03 3.724857598395414243e+04 0.000000000000000000e+00 0.000000000000000000e+00 0.000000000000000000e+00
1.803000000000000000e+03 3.726924666984978830e+04 0.000000000000000000e+00 0.000000000000000000e+00 0.000000000000000000e+00
1.804000000000000000e+03 3.728991735574543418e+04 0.000000000000000000e+00 0.000000000000000000e+00 0.000000000000000000e+00
1.805000000000000000e+03 3.731058804164108005e+04 0.000000000000000000e+00 0.000000000000000000e+00 0.000000000000000000e+00
1.806000000000000000e+03 3.733125872753672593e+04 0.000000000000000000e+00 0.000000000000000000e+00 0.000000000000000000e+00
1.807000000000000000e+03 3.735192941343237180e+04 0.000000000000000000e+00 0.000000000000000000e+00 0.000000000000000000e+00
1.808000000000000000e+03 3.737260009932801768e+04 0.000000000000000000e+00 0.000000000000000000e+00 0.000000000000000000e+00
1.809000000000000000e+03 3.739327078522366355e+04 0.000000000000000000e+00 0.000000000000000000e+00 0.000000000000000000e+00
1.810000000000000000e+03 3.741394147111930943e+04 0.000000000000000000e+00 0.000000000000000000e+00 0.000000000000000000e+00
1.811000000000000000e+03 3.743461215701495530e+04 0.000000000000000000e+00 0.000000000000000000e+00 0.000000000000000000e+00
1.812000000000000000e+03 3.745528284291060118e+04 0.000000000000000000e+00 0.000000000000000000e+00 0.000000000000000000e+00
1.813000000000000000e+03 3.747595352880624705e+04 0.000000000000000000e+00 0.000000000000000000e+00 0.000000000000000000e+00
1.814000000000000000e+03 3.749662421470189292e+04 0.000000000000000000e+00 0.000000000000000000e+00 0.000000000000000000e+00
1.815000000000000000e+03 3.751729490059753880e+04 0.000000000000000000e+00 0.000000000000000000e+00 0.000000000000000000e+00
1.816000000000000000e+03 3.753796558649318467e+04 0.000000000000000000e+00 0.000000000000000000e+00 0.000000000000000000e+00
1.817000000000000000e+03 3.755863627238883055e+04 0.000000000000000000e+00 0.000000000000000000e+00 0.000000000000000000e+00
1.818000000000000000e+03 3.757930695828447642e+04 0.000000000000000000e+00 0.000000000000000000e+00 0.000000000000000000e+00
1.819000000000000000e+03 3.759997764418012230e+04 0.000000000000000000e+00 0.000000000000000000e+00 0.000000000000000000e+00
1.820000000000000000e+03 3.762064833007576817e+04 0.000000000000000000e+00 0.000000000000000000e+00 0.000000000000000000e+00
1.821000000000000000e+03 3.764131901597141405e+04 0.000000000000000000e+00 0.000000000000000000e+00 0.000000000000000000e+00
1.822000000000000000e+03 3.766198970186705992e+04 0.000000000000000000e+00 0.000000000000000000e+00 0.000000000000000000e+00
1.823000000000000000e+03 3.768266038776270580e+04 0.000000000000000000e+00 0.000000000000000000e+00 0.000000000000000000e+00
1.824000000000000000e+03 3.770333107365835167e+04 0.000000000000000000e+00 0.000000000000000000e+00 0.000000000000000000e+00
1.825000000000000000e+03 3.772400175955399754e+04 0.000000000000000000e+00 0.000000000000000000e+00 0.000000000000000000e+00
1.826000000000000000e+03 3.774467244544964342e+04 0.000000000000000000e+00 0.000000000000000000e+00 0.000000000000000000e+00
1.827000000000000000e+03 3.776534313134528929e+04 0.000000000000000000e+00 0.000000000000000000e+00 0.000000000000000000e+00
1.828000000000000000e+03 3.778601381724093517e+04 0.000000000000000000e+00 0.000000000000000000e+00 0.000000000000000000e+00
1.829000000000000000e+03 3.780668450313658104e+04 0.000000000000000000e+00 0.000000000000000000e+00 0.000000000000000000e+00
1.830000000000000000e+03 3.782735518903222692e+04 0.000000000000000000e+00 0.000000000000000000e+00 0.000000000000000000e+00
1.831000000000000000e+03 3.784802587492787279e+04 0.000000000000000000e+00 0.000000000000000000e+00 0.000000000000000000e+00
1.832000000000000000e+03 3.786869656082351867e+04 0.000000000000000000e+00 0.000000000000000000e+00 0.000000000000000000e+00
1.833000000000000000e+03 3.788936724671916454e+04 0.000000000000000000e+00 0.000000000000000000e+00 0.000000000000000000e+00
1.834000000000000000e+03 3.791003793261481042e+04 0.000000000000000000e+00 0.000000000000000000e+00 0.000000000000000000e+00
1.835000000000000000e+03 3.793070861851045629e+04 0.000000000000000000e+00 0.000000000000000000e+00 0.000000000000000000e+00
1.836000000000000000e+03 3.795137930440610216e+04 0.000000000000000000e+00 0.000000000000000000e+00 0.000000000000000000e+00
1.837000000000000000e+03 3.797204999030174804e+04 0.000000000000000000e+00 0.000000000000000000e+00 0.000000000000000000e+00
1.838000000000000000e+03 3.799272067619739391e+04 0.000000000000000000e+00 0.000000000000000000e+00 0.000000000000000000e+00
1.839000000000000000e+03 3.801339136209303979e+04 0.000000000000000000e+00 0.000000000000000000e+00 0.000000000000000000e+00
1.840000000000000000e+03 3.803406204798868566e+04 0.000000000000000000e+00 0.000000000000000000e+00 0.000000000000000000e+00
1.841000000000000000e+03 3.805473273388433154e+04 0.000000000000000000e+00 0.000000000000000000e+00 0.000000000000000000e+00
1.842000000000000000e+03 3.807540341977997741e+04 0.000000000000000000e+00 0.000000000000000000e+00 0.000000000000000000e+00
1.843000000000000000e+03 3.809607410567562329e+04 0.000000000000000000e+00 0.000000000000000000e+00 0.000000000000000000e+00
1.844000000000000000e+03 3.811674479157126916e+04 0.000000000000000000e+00 0.000000000000000000e+00 0.000000000000000000e+00
1.845000000000000000e+03 3.813741547746691504e+04 0.000000000000000000e+00 0.000000000000000000e+00 0.000000000000000000e+00
1.846000000000000000e+03 3.815808616336256091e+04 0.000000000000000000e+00 0.000000000000000000e+00 0.000000000000000000e+00
1.847000000000000000e+03 3.817875684925820678e+04 0.000000000000000000e+00 0.000000000000000000e+00 0.000000000000000000e+00
1.848000000000000000e+03 3.819942753515385266e+04 0.000000000000000000e+00 0.000000000000000000e+00 0.000000000000000000e+00
1.849000000000000000e+03 3.822009822104949853e+04 0.000000000000000000e+00 0.000000000000000000e+00 0.000000000000000000e+00
1.850000000000000000e+03 3.824076890694514441e+04 0.000000000000000000e+00 0.000000000000000000e+00 0.000000000000000000e+00
1.851000000000000000e+03 3.826143959284079028e+04 0.000000000000000000e+00 0.000000000000000000e+00 0.000000000000000000e+00
1.852000000000000000e+03 3.828211027873643616e+04 0.000000000000000000e+00 0.000000000000000000e+00 0.000000000000000000e+00
1.853000000000000000e+03 3.830278096463208203e+04 0.000000000000000000e+00 0.000000000000000000e+00 0.000000000000000000e+00
1.854000000000000000e+03 3.832345165052772791e+04 0.000000000000000000e+00 0.000000000000000000e+00 0.000000000000000000e+00
1.855000000000000000e+03 3.834412233642337378e+04 0.000000000000000000e+00 0.000000000000000000e+00 0.000000000000000000e+00
1.856000000000000000e+03 3.836479302231901966e+04 0.000000000000000000e+00 0.000000000000000000e+00 0.000000000000000000e+00
1.857000000000000000e+03 3.838546370821466553e+04 0.000000000000000000e+00 0.000000000000000000e+00 0.000000000000000000e+00
1.858000000000000000e+03 3.840613439411031140e+04 0.000000000000000000e+00 0.000000000000000000e+00 0.000000000000000000e+00
1.859000000000000000e+03 3.842680508000595728e+04 0.000000000000000000e+00 0.000000000000000000e+00 0.000000000000000000e+00
1.860000000000000000e+03 3.844747576590160315e+04 0.000000000000000000e+00 0.000000000000000000e+00 0.000000000000000000e+00
1.861000000000000000e+03 3.846814645179724903e+04 0.000000000000000000e+00 0.000000000000000000e+00 0.000000000000000000e+00
1.862000000000000000e+03 3.848881713769289490e+04 0.000000000000000000e+00 0.000000000000000000e+00 0.000000000000000000e+00
1.863000000000000000e+03 3.850948782358854078e+04 0.000000000000000000e+00 0.000000000000000000e+00 0.000000000000000000e+00
1.864000000000000000e+03 3.853015850948418665e+04 0.000000000000000000e+00 0.000000000000000000e+00 0.000000000000000000e+00
1.865000000000000000e+03 3.855082919537983253e+04 0.000000000000000000e+00 0.000000000000000000e+00 0.000000000000000000e+00
1.866000000000000000e+03 3.857149988127547840e+04 0.000000000000000000e+00 0.000000000000000000e+00 0.000000000000000000e+00
1.867000000000000000e+03 3.859217056717112428e+04 0.000000000000000000e+00 0.000000000000000000e+00 0.000000000000000000e+00
1.868000000000000000e+03 3.861284125306677015e+04 0.000000000000000000e+00 0.000000000000000000e+00 0.000000000000000000e+00
1.869000000000000000e+03 3.863351193896241602e+04 0.000000000000000000e+00 0.000000000000000000e+00 0.000000000000000000e+00
1.870000000000000000e+03 3.865418262485806190e+04 0.000000000000000000e+00 0.000000000000000000e+00 0.000000000000000000e+00
1.871000000000000000e+03 3.867485331075370777e+04 0.000000000000000000e+00 0.000000000000000000e+00 0.000000000000000000e+00
1.872000000000000000e+03 3.869552399664935365e+04 0.000000000000000000e+00 0.000000000000000000e+00 0.000000000000000000e+00
1.873000000000000000e+03 3.871619468254499952e+04 0.000000000000000000e+00 0.000000000000000000e+00 0.000000000000000000e+00
1.874000000000000000e+03 3.873686536844064540e+04 0.000000000000000000e+00 0.000000000000000000e+00 0.000000000000000000e+00
1.875000000000000000e+03 3.875753605433629127e+04 0.000000000000000000e+00 0.000000000000000000e+00 0.000000000000000000e+00
1.876000000000000000e+03 3.877820674023193715e+04 0.000000000000000000e+00 0.000000000000000000e+00 0.000000000000000000e+00
1.877000000000000000e+03 3.879887742612758302e+04 0.000000000000000000e+00 0.000000000000000000e+00 0.000000000000000000e+00
1.878000000000000000e+03 3.881954811202322890e+04 0.000000000000000000e+00 0.000000000000000000e+00 0.000000000000000000e+00
1.879000000000000000e+03 3.884021879791887477e+04 0.000000000000000000e+00 0.000000000000000000e+00 0.000000000000000000e+00
1.880000000000000000e+03 3.886088948381452064e+04 0.000000000000000000e+00 0.000000000000000000e+00 0.000000000000000000e+00
1.881000000000000000e+03 3.888156016971016652e+04 0.000000000000000000e+00 0.000000000000000000e+00 0.000000000000000000e+00
1.882000000000000000e+03 3.890223085560581239e+04 0.000000000000000000e+00 0.000000000000000000e+00 0.000000000000000000e+00
1.883000000000000000e+03 3.892290154150145827e+04 0.000000000000000000e+00 0.000000000000000000e+00 0.000000000000000000e+00
1.884000000000000000e+03 3.894357222739710414e+04 0.000000000000000000e+00 0.000000000000000000e+00 0.000000000000000000e+00
1.885000000000000000e+03 3.896424291329275002e+04 0.000000000000000000e+00 0.000000000000000000e+00 0.000000000000000000e+00
1.886000000000000000e+03 3.898491359918839589e+04 0.000000000000000000e+00 0.000000000000000000e+00 0.000000000000000000e+00
1.887000000000000000e+03 3.900558428508404177e+04 0.000000000000000000e+00 0.000000000000000000e+00 0.000000000000000000e+00
1.888000000000000000e+03 3.902625497097968764e+04 0.000000000000000000e+00 0.000000000000000000e+00 0.000000000000000000e+00
1.889000000000000000e+03 3.904692565687533352e+04 0.000000000000000000e+00 0.000000000000000000e+00 0.000000000000000000e+00
1.890000000000000000e+03 3.906759634277097939e+04 0.000000000000000000e+00 0.000000000000000000e+00 0.000000000000000000e+00
1.891000000000000000e+03 3.908826702866662527e+04 0.000000000000000000e+00 0.000000000000000000e+00 0.000000000000000000e+00
1.892000000000000000e+03 3.910893771456227114e+04 0.000000000000000000e+00 0.000000000000000000e+00 0.000000000000000000e+00
1.893000000000000000e+03 3.912960840045791701e+04 0.000000000000000000e+00 0.000000000000000000e+00 0.000000000000000000e+00
1.894000000000000000e+03 3.915027908635356289e+04 0.000000000000000000e+00 0.000000000000000000e+00 0.000000000000000000e+00
1.895000000000000000e+03 3.917094977224920876e+04 0.000000000000000000e+00 0.000000000000000000e+00 0.000000000000000000e+00
1.896000000000000000e+03 3.919162045814485464e+04 0.000000000000000000e+00 0.000000000000000000e+00 0.000000000000000000e+00
1.897000000000000000e+03 3.921229114404050051e+04 0.000000000000000000e+00 0.000000000000000000e+00 0.000000000000000000e+00
1.898000000000000000e+03 3.923296182993614639e+04 0.000000000000000000e+00 0.000000000000000000e+00 0.000000000000000000e+00
1.899000000000000000e+03 3.925363251583179226e+04 0.000000000000000000e+00 0.000000000000000000e+00 0.000000000000000000e+00
1.900000000000000000e+03 3.927430320172743814e+04 0.000000000000000000e+00 0.000000000000000000e+00 0.000000000000000000e+00
1.901000000000000000e+03 3.929497388762308401e+04 0.000000000000000000e+00 0.000000000000000000e+00 0.000000000000000000e+00
1.902000000000000000e+03 3.931564457351872989e+04 0.000000000000000000e+00 0.000000000000000000e+00 0.000000000000000000e+00
1.903000000000000000e+03 3.933631525941437576e+04 0.000000000000000000e+00 0.000000000000000000e+00 0.000000000000000000e+00
1.904000000000000000e+03 3.935698594531002163e+04 0.000000000000000000e+00 0.000000000000000000e+00 0.000000000000000000e+00
1.905000000000000000e+03 3.937765663120566751e+04 0.000000000000000000e+00 0.000000000000000000e+00 0.000000000000000000e+00
1.906000000000000000e+03 3.939832731710131338e+04 0.000000000000000000e+00 0.000000000000000000e+00 0.000000000000000000e+00
1.907000000000000000e+03 3.941899800299695926e+04 0.000000000000000000e+00 0.000000000000000000e+00 0.000000000000000000e+00
1.908000000000000000e+03 3.943966868889260513e+04 0.000000000000000000e+00 0.000000000000000000e+00 0.000000000000000000e+00
1.909000000000000000e+03 3.946033937478825101e+04 0.000000000000000000e+00 0.000000000000000000e+00 0.000000000000000000e+00
1.910000000000000000e+03 3.948101006068389688e+04 0.000000000000000000e+00 0.000000000000000000e+00 0.000000000000000000e+00
1.911000000000000000e+03 3.950168074657954276e+04 0.000000000000000000e+00 0.000000000000000000e+00 0.000000000000000000e+00
1.912000000000000000e+03 3.952235143247518863e+04 0.000000000000000000e+00 0.000000000000000000e+00 0.000000000000000000e+00
1.913000000000000000e+03 3.954302211837083451e+04 0.000000000000000000e+00 0.000000000000000000e+00 0.000000000000000000e+00
1.914000000000000000e+03 3.956369280426648038e+04 0.000000000000000000e+00 0.000000000000000000e+00 0.000000000000000000e+00
1.915000000000000000e+03 3.958436349016212625e+04 0.000000000000000000e+00 0.000000000000000000e+00 0.000000000000000000e+00
1.916000000000000000e+03 3.960503417605777213e+04 0.000000000000000000e+00 0.000000000000000000e+00 0.000000000000000000e+00
1.917000000000000000e+03 3.962570486195341800e+04 0.000000000000000000e+00 0.000000000000000000e+00 0.000000000000000000e+00
1.918000000000000000e+03 3.964637554784906388e+04 0.000000000000000000e+00 0.000000000000000000e+00 0.000000000000000000e+00
1.919000000000000000e+03 3.966704623374470975e+04 0.000000000000000000e+00 0.000000000000000000e+00 0.000000000000000000e+00
1.920000000000000000e+03 3.968771691964035563e+04 0.000000000000000000e+00 0.000000000000000000e+00 0.000000000000000000e+00
1.921000000000000000e+03 3.970838760553600150e+04 0.000000000000000000e+00 0.000000000000000000e+00 0.000000000000000000e+00
1.922000000000000000e+03 3.972905829143164738e+04 0.000000000000000000e+00 0.000000000000000000e+00 0.000000000000000000e+00
1.923000000000000000e+03 3.974972897732729325e+04 0.000000000000000000e+00 0.000000000000000000e+00 0.000000000000000000e+00
1.924000000000000000e+03 3.977039966322293913e+04 0.000000000000000000e+00 0.000000000000000000e+00 0.000000000000000000e+00
1.925000000000000000e+03 3.979107034911858500e+04 0.000000000000000000e+00 0.000000000000000000e+00 0.000000000000000000e+00
1.926000000000000000e+03 3.981174103501423087e+04 0.000000000000000000e+00 0.000000000000000000e+00 0.000000000000000000e+00
1.927000000000000000e+03 3.983241172090987675e+04 0.000000000000000000e+00 0.000000000000000000e+00 0.000000000000000000e+00
1.928000000000000000e+03 3.985308240680552262e+04 0.000000000000000000e+00 0.000000000000000000e+00 0.000000000000000000e+00
1.929000000000000000e+03 3.987375309270116850e+04 0.000000000000000000e+00 0.000000000000000000e+00 0.000000000000000000e+00
1.930000000000000000e+03 3.989442377859681437e+04 0.000000000000000000e+00 0.000000000000000000e+00 0.000000000000000000e+00
1.931000000000000000e+03 3.991509446449246025e+04 0.000000000000000000e+00 0.000000000000000000e+00 0.000000000000000000e+00
1.932000000000000000e+03 3.993576515038810612e+04 0.000000000000000000e+00 0.000000000000000000e+00 0.000000000000000000e+00
1.933000000000000000e+03 3.995643583628375200e+04 0.000000000000000000e+00 0.000000000000000000e+00 0.000000000000000000e+00
1.934000000000000000e+03 3.997710652217939787e+04 0.000000000000000000e+00 0.000000000000000000e+00 0.000000000000000000e+00
1.935000000000000000e+03 3.999777720807504375e+04 0.000000000000000000e+00 0.000000000000000000e+00 0.000000000000000000e+00
1.936000000000000000e+03 4.001844789397068962e+04 0.000000000000000000e+00 0.000000000000000000e+00 0.000000000000000000e+00
1.937000000000000000e+03 4.003911857986633549e+04 0.000000000000000000e+00 0.000000000000000000e+00 0.000000000000000000e+00
1.938000000000000000e+03 4.005978926576198137e+04 0.000000000000000000e+00 0.000000000000000000e+00 0.000000000000000000e+00
1.939000000000000000e+03 4.008045995165762724e+04 0.000000000000000000e+00 0.000000000000000000e+00 0.000000000000000000e+00
1.940000000000000000e+03 4.010113063755327312e+04 0.000000000000000000e+00 0.000000000000000000e+00 0.000000000000000000e+00
1.941000000000000000e+03 4.012180132344891899e+04 0.000000000000000000e+00 0.000000000000000000e+00 0.000000000000000000e+00
1.942000000000000000e+03 4.014247200934456487e+04 0.000000000000000000e+00 0.000000000000000000e+00 0.000000000000000000e+00
1.943000000000000000e+03 4.016314269524021074e+04 0.000000000000000000e+00 0.000000000000000000e+00 0.000000000000000000e+00
1.944000000000000000e+03 4.018381338113585662e+04 0.000000000000000000e+00 0.000000000000000000e+00 0.000000000000000000e+00
1.945000000000000000e+03 4.020448406703150249e+04 0.000000000000000000e+00 0.000000000000000000e+00 0.000000000000000000e+00
1.946000000000000000e+03 4.022515475292714837e+04 0.000000000000000000e+00 0.000000000000000000e+00 0.000000000000000000e+00
1.947000000000000000e+03 4.024582543882279424e+04 0.000000000000000000e+00 0.000000000000000000e+00 0.000000000000000000e+00
1.948000000000000000e+03 4.026649612471844011e+04 0.000000000000000000e+00 0.000000000000000000e+00 0.000000000000000000e+00
1.949000000000000000e+03 4.028716681061408599e+04 0.000000000000000000e+00 0.000000000000000000e+00 0.000000000000000000e+00
1.950000000000000000e+03 4.030783749650973186e+04 0.000000000000000000e+00 0.000000000000000000e+00 0.000000000000000000e+00
1.951000000000000000e+03 4.032850818240537774e+04 0.000000000000000000e+00 0.000000000000000000e+00 0.000000000000000000e+00
1.952000000000000000e+03 4.034917886830102361e+04 0.000000000000000000e+00 0.000000000000000000e+00 0.000000000000000000e+00
1.953000000000000000e+03 4.036984955419666949e+04 0.000000000000000000e+00 0.000000000000000000e+00 0.000000000000000000e+00
1.954000000000000000e+03 4.039052024009231536e+04 0.000000000000000000e+00 0.000000000000000000e+00 0.000000000000000000e+00
1.955000000000000000e+03 4.041119092598796124e+04 0.000000000000000000e+00 0.000000000000000000e+00 0.000000000000000000e+00
1.956000000000000000e+03 4.043186161188360711e+04 0.000000000000000000e+00 0.000000000000000000e+00 0.000000000000000000e+00
1.957000000000000000e+03 4.045253229777925299e+04 0.000000000000000000e+00 0.000000000000000000e+00 0.000000000000000000e+00
1.958000000000000000e+03 4.047320298367489886e+04 0.000000000000000000e+00 0.000000000000000000e+00 0.000000000000000000e+00
1.959000000000000000e+03 4.049387366957054473e+04 0.000000000000000000e+00 0.000000000000000000e+00 0.000000000000000000e+00
1.960000000000000000e+03 4.051454435546619061e+04 0.000000000000000000e+00 0.000000000000000000e+00 0.000000000000000000e+00
1.961000000000000000e+03 4.053521504136183648e+04 0.000000000000000000e+00 0.000000000000000000e+00 0.000000000000000000e+00
1.962000000000000000e+03 4.055588572725748236e+04 0.000000000000000000e+00 0.000000000000000000e+00 0.000000000000000000e+00
1.963000000000000000e+03 4.057655641315312823e+04 0.000000000000000000e+00 0.000000000000000000e+00 0.000000000000000000e+00
1.964000000000000000e+03 4.059722709904877411e+04 0.000000000000000000e+00 0.000000000000000000e+00 0.000000000000000000e+00
1.965000000000000000e+03 4.061789778494441998e+04 0.000000000000000000e+00 0.000000000000000000e+00 0.000000000000000000e+00
1.966000000000000000e+03 4.063856847084006586e+04 0.000000000000000000e+00 0.000000000000000000e+00 0.000000000000000000e+00
1.967000000000000000e+03 4.065923915673571173e+04 0.000000000000000000e+00 0.000000000000000000e+00 0.000000000000000000e+00
1.968000000000000000e+03 4.067990984263135761e+04 0.000000000000000000e+00 0.000000000000000000e+00 0.000000000000000000e+00
1.969000000000000000e+03 4.070058052852700348e+04 0.000000000000000000e+00 0.000000000000000000e+00 0.000000000000000000e+00
1.970000000000000000e+03 4.072125121442264935e+04 0.000000000000000000e+00 0.000000000000000000e+00 0.000000000000000000e+00
1.971000000000000000e+03 4.074192190031829523e+04 0.000000000000000000e+00 0.000000000000000000e+00 0.000000000000000000e+00
1.972000000000000000e+03 4.076259258621394110e+04 0.000000000000000000e+00 0.000000000000000000e+00 0.000000000000000000e+00
1.973000000000000000e+03 4.078326327210958698e+04 0.000000000000000000e+00 0.000000000000000000e+00 0.000000000000000000e+00
1.974000000000000000e+03 4.080393395800523285e+04 0.000000000000000000e+00 0.000000000000000000e+00 0.000000000000000000e+00
1.975000000000000000e+03 4.082460464390087873e+04 0.000000000000000000e+00 0.000000000000000000e+00 0.000000000000000000e+00
1.976000000000000000e+03 4.084527532979652460e+04 0.000000000000000000e+00 0.000000000000000000e+00 0.000000000000000000e+00
1.977000000000000000e+03 4.086594601569217048e+04 0.000000000000000000e+00 0.000000000000000000e+00 0.000000000000000000e+00
1.978000000000000000e+03 4.088661670158781635e+04 0.000000000000000000e+00 0.000000000000000000e+00 0.000000000000000000e+00
1.979000000000000000e+03 4.090728738748346223e+04 0.000000000000000000e+00 0.000000000000000000e+00 0.000000000000000000e+00
1.980000000000000000e+03 4.092795807337910810e+04 0.000000000000000000e+00 0.000000000000000000e+00 0.000000000000000000e+00
1.981000000000000000e+03 4.094862875927475397e+04 0.000000000000000000e+00 0.000000000000000000e+00 0.000000000000000000e+00
1.982000000000000000e+03 4.096929944517039985e+04 0.000000000000000000e+00 0.000000000000000000e+00 0.000000000000000000e+00
1.983000000000000000e+03 4.098997013106604572e+04 0.000000000000000000e+00 0.000000000000000000e+00 0.000000000000000000e+00
1.984000000000000000e+03 4.101064081696169160e+04 0.000000000000000000e+00 0.000000000000000000e+00 0.000000000000000000e+00
1.985000000000000000e+03 4.103131150285733747e+04 0.000000000000000000e+00 0.000000000000000000e+00 0.000000000000000000e+00
1.986000000000000000e+03 4.105198218875298335e+04 0.000000000000000000e+00 0.000000000000000000e+00 0.000000000000000000e+00
1.987000000000000000e+03 4.107265287464862922e+04 0.000000000000000000e+00 0.000000000000000000e+00 0.000000000000000000e+00
1.988000000000000000e+03 4.109332356054427510e+04 0.000000000000000000e+00 0.000000000000000000e+00 0.000000000000000000e+00
1.989000000000000000e+03 4.111399424643992097e+04 0.000000000000000000e+00 0.000000000000000000e+00 0.000000000000000000e+00
1.990000000000000000e+03 4.113466493233556685e+04 0.000000000000000000e+00 0.000000000000000000e+00 0.000000000000000000e+00
1.991000000000000000e+03 4.115533561823121272e+04 0.000000000000000000e+00 0.000000000000000000e+00 0.000000000000000000e+00
1.992000000000000000e+03 4.117600630412685859e+04 0.000000000000000000e+00 0.000000000000000000e+00 0.000000000000000000e+00
1.993000000000000000e+03 4.119667699002250447e+04 0.000000000000000000e+00 0.000000000000000000e+00 0.000000000000000000e+00
1.994000000000000000e+03 4.121734767591815034e+04 0.000000000000000000e+00 0.000000000000000000e+00 0.000000000000000000e+00
1.995000000000000000e+03 4.123801836181379622e+04 0.000000000000000000e+00 0.000000000000000000e+00 0.000000000000000000e+00
1.996000000000000000e+03 4.125868904770944209e+04 0.000000000000000000e+00 0.000000000000000000e+00 0.000000000000000000e+00
1.997000000000000000e+03 4.127935973360508797e+04 0.000000000000000000e+00 0.000000000000000000e+00 0.000000000000000000e+00
1.998000000000000000e+03 4.130003041950073384e+04 0.000000000000000000e+00 0.000000000000000000e+00 0.000000000000000000e+00
1.999000000000000000e+03 4.132070110539637972e+04 0.000000000000000000e+00 0.000000000000000000e+00 0.000000000000000000e+00
2.000000000000000000e+03 4.134137179129202559e+04 0.000000000000000000e+00 0.000000000000000000e+00 0.000000000000000000e+00
