# Recomputed from dipole.dat column 4 (z) with infrared.fourier_transform; original used column 2 (x), which is ~1e-12 noise for this z-oriented geometry.
-3.335641066167240933e+04 1.182658164280430413e-01
-3.332307092088113131e+04 1.182823478023802138e-01
-3.328973118008985330e+04 1.183479735134202182e-01
-3.325639143929857528e+04 1.187063346696103500e-01
-3.322305169850729726e+04 1.180219990962522725e-01
-3.318971195771602652e+04 1.181391993334676982e-01
-3.315637221692474122e+04 1.181351446122344134e-01
-3.312303247613347048e+04 1.181462559742698093e-01
-3.308969273534219246e+04 1.181691271798711029e-01
-3.305635299455091445e+04 1.182245062558609505e-01
-3.302301325375964370e+04 1.182048751350669724e-01
-3.298967351296836569e+04 1.182236919955770432e-01
-3.295633377217708767e+04 1.182165659605900060e-01
-3.292299403138580965e+04 1.182049149312969921e-01
-3.288965429059453163e+04 1.182143634401733173e-01
-3.285631454980325361e+04 1.182490287881489133e-01
-3.282297480901198287e+04 1.182652457404244073e-01
-3.278963506822070485e+04 1.182663018830120150e-01
-3.275629532742942683e+04 1.182420494010461426e-01
-3.272295558663815245e+04 1.182581548944496158e-01
-3.268961584584687080e+04 1.182459796737344165e-01
-3.265627610505559642e+04 1.182674763175245169e-01
-3.262293636426431840e+04 1.182616302773925598e-01
-3.258959662347304402e+04 1.182871071256325762e-01
-3.255625688268176964e+04 1.182972879080141093e-01
-3.252291714189048798e+04 1.182704154000063096e-01
-3.248957740109921360e+04 1.182875312411825058e-01
-3.245623766030793922e+04 1.182238466687372813e-01
-3.242289791951665757e+04 1.183675358132380701e-01
-3.238955817872538319e+04 1.183342549432839924e-01
-3.235621843793410517e+04 1.183799118077440149e-01
-3.232287869714283079e+04 1.183828866096934274e-01
-3.228953895635155641e+04 1.183661323846332686e-01
-3.225619921556027475e+04 1.183718696244446533e-01
-3.222285947476900037e+04 1.183824983379297008e-01
-3.218951973397772599e+04 1.182487875362353419e-01
-3.215617999318644434e+04 1.184060448700593876e-01
-3.212284025239516995e+04 1.184098294905493176e-01
-3.208950051160389557e+04 1.184275440479359842e-01
-3.205616077081261756e+04 1.184045148389136909e-01
-3.202282103002134318e+04 1.184125355149573816e-01
-3.198948128923006152e+04 1.184168322009238050e-01
-3.195614154843878714e+04 1.184764749054326577e-01
-3.192280180764751276e+04 1.185140257024334121e-01
-3.188946206685623110e+04 1.184815997808951610e-01
-3.185612232606495672e+04 1.185213931055562470e-01
-3.182278258527368234e+04 1.185210283009784232e-01
-3.178944284448240433e+04 1.185178469016805319e-01
-3.175610310369112995e+04 1.185513493804456614e-01
-3.172276336289984829e+04 1.185862072996088923e-01
-3.168942362210857391e+04 1.186066715129474175e-01
-3.165608388131729953e+04 1.185785192546732342e-01
-3.162274414052601787e+04 1.186115980659451369e-01
-3.158940439973474349e+04 1.186133935144454282e-01
-3.155606465894346911e+04 1.186062449463195362e-01
-3.152272491815219109e+04 1.186421868195148416e-01
-3.148938517736091671e+04 1.186568803482128676e-01
-3.145604543656963506e+04 1.187140894251528939e-01
-3.142270569577836068e+04 1.187216768639459546e-01
-3.138936595498708630e+04 1.187005846045535162e-01
-3.135602621419580464e+04 1.187469093480341131e-01
-3.132268647340453026e+04 1.187632762903894912e-01
-3.128934673261325588e+04 1.187736782184891232e-01
-3.125600699182197786e+04 1.188199921896518907e-01
-3.122266725103070348e+04 1.188646002024100756e-01
-3.118932751023942910e+04 1.188662254045717431e-01
-3.115598776944814745e+04 1.188499893410117636e-01
-3.112264802865687307e+04 1.188702339955588355e-01
-3.108930828786559141e+04 1.188674931743746166e-01
-3.105596854707431703e+04 1.189049175486634746e-01
-3.102262880628304265e+04 1.189434925367946344e-01
-3.098928906549176099e+04 1.189778743643247899e-01
-3.095594932470048661e+04 1.189836551834331929e-01
-3.092260958390921223e+04 1.189986901763975258e-01
-3.088926984311793422e+04 1.190430917338655414e-01
-3.085593010232665983e+04 1.190363908764171391e-01
-3.082259036153537818e+04 1.190815720204650707e-01
-3.078925062074410380e+04 1.190908319850197267e-01
-3.075591087995282942e+04 1.191381133400764708e-01
-3.072257113916154776e+04 1.191627147238191742e-01
-3.068923139837027338e+04 1.191664580805561202e-01
-3.065589165757899900e+04 1.191755138557889782e-01
-3.062255191678772098e+04 1.192194386504004944e-01
-3.058921217599644660e+04 1.191882033235021898e-01
-3.055587243520517222e+04 1.192629273830334291e-01
-3.052253269441389057e+04 1.192995490110294321e-01
-3.048919295362261619e+04 1.193363867118628491e-01
-3.045585321283133453e+04 1.193124086015031893e-01
-3.042251347204006015e+04 1.193541932799995625e-01
-3.038917373124878577e+04 1.193716847139032755e-01
-3.035583399045750775e+04 1.194383616492239314e-01
-3.032249424966623337e+04 1.194492512663117290e-01
-3.028915450887495899e+04 1.194902928295862726e-01
-3.025581476808367734e+04 1.195200943235363161e-01
-3.022247502729240296e+04 1.195255619766589644e-01
-3.018913528650112130e+04 1.195531799611424251e-01
-3.015579554570984692e+04 1.195804772242883424e-01
-3.012245580491857254e+04 1.196273704173147490e-01
-3.008911606412729452e+04 1.195295466477713231e-01
-3.005577632333602014e+04 1.197350104795489451e-01
-3.002243658254474576e+04 1.197446147330789856e-01
-2.998909684175346410e+04 1.197602328028498364e-01
-2.995575710096218972e+04 1.197599593913807187e-01
-2.992241736017090807e+04 1.198107318637291613e-01
-2.988907761937963369e+04 1.198493543626129726e-01
-2.985573787858835931e+04 1.199024796961210559e-01
-2.982239813779708129e+04 1.198960176913605180e-01
-2.978905839700580691e+04 1.199914448398864963e-01
-2.975571865621453253e+04 1.199827609318544069e-01
-2.972237891542325087e+04 1.199987043489389449e-01
-2.968903917463197649e+04 1.200449530952348576e-01
-2.965569943384070211e+04 1.200935057586298288e-01
-2.962235969304942046e+04 1.201427484216683050e-01
-2.958901995225814608e+04 1.201720084606142935e-01
-2.955568021146686806e+04 1.201346149152473369e-01
-2.952234047067559368e+04 1.201900927307462535e-01
-2.948900072988431930e+04 1.202095507242682132e-01
-2.945566098909303764e+04 1.202675584754256399e-01
-2.942232124830176326e+04 1.203118636663319529e-01
-2.938898150751048888e+04 1.203776598061911673e-01
-2.935564176671920723e+04 1.203920448218518957e-01
-2.932230202592793285e+04 1.204023331571579120e-01
-2.928896228513665483e+04 1.204151375933667362e-01
-2.925562254434538045e+04 1.205267603356236367e-01
-2.922228280355410607e+04 1.205604683722730636e-01
-2.918894306276282441e+04 1.206025902045714387e-01
-2.915560332197155003e+04 1.206631335608923661e-01
-2.912226358118027565e+04 1.206807615694267116e-01
-2.908892384038899399e+04 1.207174228068299965e-01
-2.905558409959771961e+04 1.207802988290645335e-01
-2.902224435880643796e+04 1.205392201658769258e-01
-2.898890461801516358e+04 1.207598373309863582e-01
-2.895556487722388920e+04 1.208540089768093545e-01
-2.892222513643261118e+04 1.208965108202752214e-01
-2.888888539564133680e+04 1.209591580023764573e-01
-2.885554565485006242e+04 1.209675504004908697e-01
-2.882220591405878076e+04 1.210138645160558080e-01
-2.878886617326750638e+04 1.210359570681407010e-01
-2.875552643247623200e+04 1.211529190751454294e-01
-2.872218669168495035e+04 1.211787490760362629e-01
-2.868884695089367597e+04 1.212301016797110442e-01
-2.865550721010239795e+04 1.212797468879900503e-01
-2.862216746931112357e+04 1.212805454186491882e-01
-2.858882772851984919e+04 1.213243218640890492e-01
-2.855548798772856753e+04 1.213905874223661224e-01
-2.852214824693729315e+04 1.214491217938198642e-01
-2.848880850614601877e+04 1.214894329518493576e-01
-2.845546876535473712e+04 1.215260764285925471e-01
-2.842212902456346274e+04 1.215608958465037581e-01
-2.838878928377218472e+04 1.215937214161538077e-01
-2.835544954298091034e+04 1.216365843146484660e-01
-2.832210980218963596e+04 1.217016032899096711e-01
-2.828877006139835430e+04 1.217464676187731548e-01
-2.825543032060707992e+04 1.218300708180871522e-01
-2.822209057981580554e+04 1.217720998741846777e-01
-2.818875083902452388e+04 1.219157930063081985e-01
-2.815541109823324950e+04 1.219461488497045748e-01
-2.812207135744197149e+04 1.219793928020415502e-01
-2.808873161665069711e+04 1.220301976196710714e-01
-2.805539187585942273e+04 1.221114893812273450e-01
-2.802205213506814107e+04 1.221625603005614541e-01
-2.798871239427686669e+04 1.222040142802795631e-01
-2.795537265348559231e+04 1.222387452828752191e-01
-2.792203291269431065e+04 1.222679058586354089e-01
-2.788869317190303627e+04 1.222944595166823994e-01
-2.785535343111176189e+04 1.223821371438345018e-01
-2.782201369032048387e+04 1.224541096389182987e-01
-2.778867394952920949e+04 1.225207643571465110e-01
-2.775533420873792784e+04 1.225689828723136171e-01
-2.772199446794665346e+04 1.226328497030875764e-01
-2.768865472715537908e+04 1.226588501535238740e-01
-2.765531498636409742e+04 1.227045159919074868e-01
-2.762197524557282304e+04 1.227876826563568391e-01
-2.758863550478154866e+04 1.228378131684606384e-01
-2.755529576399027064e+04 1.229193611299352895e-01
-2.752195602319899626e+04 1.229484937632732977e-01
-2.748861628240771461e+04 1.229863714848488943e-01
-2.745527654161644023e+04 1.230752588417720061e-01
-2.742193680082516221e+04 1.230882902154901704e-01
-2.738859706003388783e+04 1.231343533260459699e-01
-2.735525731924260981e+04 1.232242537685332567e-01
-2.732191757845133179e+04 1.232977353046622176e-01
-2.728857783766005741e+04 1.233526195653968094e-01
-2.725523809686878303e+04 1.233855968503494577e-01
-2.722189835607750501e+04 1.234696694752554225e-01
-2.718855861528622700e+04 1.234777614701270537e-01
-2.715521887449494898e+04 1.236045886052615644e-01
-2.712187913370367460e+04 1.236711522924257844e-01
-2.708853939291239658e+04 1.237297192719234162e-01
-2.705519965212111856e+04 1.237806256048215869e-01
-2.702185991132984054e+04 1.238077020489562197e-01
-2.698852017053856616e+04 1.238533190935354189e-01
-2.695518042974729178e+04 1.239105415740801575e-01
-2.692184068895601376e+04 1.238087833667804172e-01
-2.688850094816473938e+04 1.241255930209532177e-01
-2.685516120737346137e+04 1.241549989254158298e-01
-2.682182146658218335e+04 1.242156265476500043e-01
-2.678848172579090533e+04 1.242485283327510043e-01
-2.675514198499963095e+04 1.243054574170338045e-01
-2.672180224420835293e+04 1.244099657773029138e-01
-2.668846250341707855e+04 1.244618086055988698e-01
-2.665512276262580053e+04 1.245378133008601534e-01
-2.662178302183452615e+04 1.245792584700197714e-01
-2.658844328104324813e+04 1.246820041921372774e-01
-2.655510354025197012e+04 1.247103712037993112e-01
-2.652176379946069210e+04 1.247850538218362587e-01
-2.648842405866941772e+04 1.248570310076055206e-01
-2.645508431787813970e+04 1.249328759245981330e-01
-2.642174457708686532e+04 1.250095248833116846e-01
-2.638840483629558730e+04 1.250885829713609398e-01
-2.635506509550431292e+04 1.251309716221110369e-01
-2.632172535471303490e+04 1.251904051997107525e-01
-2.628838561392175689e+04 1.252418645106057604e-01
-2.625504587313047887e+04 1.253380468885476051e-01
-2.622170613233920449e+04 1.254457615394022341e-01
-2.618836639154792647e+04 1.255502185044719277e-01
-2.615502665075665209e+04 1.256331628143963763e-01
-2.612168690996537771e+04 1.261450065911258744e-01
-2.608834716917409969e+04 1.255566977180243571e-01
-2.605500742838282167e+04 1.256747797899730179e-01
-2.602166768759154365e+04 1.258103536004092360e-01
-2.598832794680026927e+04 1.259002765683782388e-01
-2.595498820600899126e+04 1.259748701594056719e-01
-2.592164846521771324e+04 1.260118087266946796e-01
-2.588830872442643522e+04 1.260480071347726272e-01
-2.585496898363516084e+04 1.264094383566177204e-01
-2.582162924284388646e+04 1.262984175214829641e-01
-2.578828950205260844e+04 1.263613300517883176e-01
-2.575494976126133042e+04 1.264469912849653932e-01
-2.572161002047005604e+04 1.265259360068750893e-01
-2.568827027967877802e+04 1.266086661648055944e-01
-2.565493053888750001e+04 1.266453673441835515e-01
-2.562159079809622199e+04 1.267444159931474246e-01
-2.558825105730494761e+04 1.268338311192237777e-01
-2.555491131651367323e+04 1.269018484247434464e-01
-2.552157157572239521e+04 1.270017117764574988e-01
-2.548823183493111719e+04 1.270965999568814953e-01
-2.545489209413984281e+04 1.271533288266255279e-01
-2.542155235334856479e+04 1.271953118200692678e-01
-2.538821261255728677e+04 1.272876467773900733e-01
-2.535487287176600876e+04 1.273579071624920955e-01
-2.532153313097473438e+04 1.274461901949621723e-01
-2.528819339018346000e+04 1.275488724914264904e-01
-2.525485364939218198e+04 1.276281245819063104e-01
-2.522151390860090760e+04 1.276934308931923223e-01
-2.518817416780962958e+04 1.277657093919149223e-01
-2.515483442701835156e+04 1.278472544460752536e-01
-2.512149468622707354e+04 1.279662716901920905e-01
-2.508815494543579916e+04 1.280521877782014317e-01
-2.505481520464452115e+04 1.281038883195957656e-01
-2.502147546385324313e+04 1.281898945572381709e-01
-2.498813572306196875e+04 1.283092357716235921e-01
-2.495479598227069437e+04 1.283623118027539256e-01
-2.492145624147941635e+04 1.284458123310010802e-01
-2.488811650068813833e+04 1.285498223582487998e-01
-2.485477675989686031e+04 1.286255811741515986e-01
-2.482143701910558593e+04 1.286249942762708875e-01
-2.478809727831430791e+04 1.288985857989962402e-01
-2.475475753752302990e+04 1.289471555457419871e-01
-2.472141779673175552e+04 1.289972672938345666e-01
-2.468807805594048114e+04 1.290760759912904787e-01
-2.465473831514920312e+04 1.291963928085275437e-01
-2.462139857435792510e+04 1.292900893191114009e-01
-2.458805883356664708e+04 1.294025240518423270e-01
-2.455471909277537270e+04 1.294921507182214271e-01
-2.452137935198409468e+04 1.295389226585655640e-01
-2.448803961119281666e+04 1.296526421968599574e-01
-2.445469987040154228e+04 1.297341862357566933e-01
-2.442136012961026790e+04 1.298542627069076139e-01
-2.438802038881898989e+04 1.299567727518699534e-01
-2.435468064802771187e+04 1.300572568159344966e-01
-2.432134090723643749e+04 1.300959300612819503e-01
-2.428800116644515947e+04 1.301264951974223649e-01
-2.425466142565388145e+04 1.303314893095322835e-01
-2.422132168486260343e+04 1.303959767840190132e-01
-2.418798194407132905e+04 1.304972765447302285e-01
-2.415464220328005467e+04 1.306231395480603463e-01
-2.412130246248877665e+04 1.307005767518146788e-01
-2.408796272169749864e+04 1.307929877169108357e-01
-2.405462298090622426e+04 1.308710021804670165e-01
-2.402128324011494624e+04 1.309700593762039011e-01
-2.398794349932366822e+04 1.311223865072026762e-01
-2.395460375853239020e+04 1.312216497344964594e-01
-2.392126401774111582e+04 1.313245031813688457e-01
-2.388792427694983780e+04 1.314224010718610114e-01
-2.385458453615856342e+04 1.315134634037644357e-01
-2.382124479536728541e+04 1.315741046883206200e-01
-2.378790505457601103e+04 1.316659602234819537e-01
-2.375456531378473301e+04 1.315450898476993868e-01
-2.372122557299345499e+04 1.319249364877783381e-01
-2.368788583220217697e+04 1.320323995421270880e-01
-2.365454609141090259e+04 1.321481860051458568e-01
-2.362120635061962457e+04 1.322276633358653586e-01
-2.358786660982835019e+04 1.323076350042835803e-01
-2.355452686903707217e+04 1.324323685233790016e-01
-2.352118712824579779e+04 1.325719056805447771e-01
-2.348784738745451978e+04 1.326533118744410711e-01
-2.345450764666324176e+04 1.328027741335248979e-01
-2.342116790587196738e+04 1.328786318293778135e-01
-2.338782816508068936e+04 1.329889208068548712e-01
-2.335448842428941134e+04 1.330752797487776695e-01
-2.332114868349813696e+04 1.332001875869784913e-01
-2.328780894270686258e+04 1.333096645274270131e-01
-2.325446920191558456e+04 1.334344530117846372e-01
-2.322112946112430654e+04 1.335342885473889685e-01
-2.318778972033302853e+04 1.336538756992265431e-01
-2.315444997954175415e+04 1.337685628540287996e-01
-2.312111023875047613e+04 1.338620043025637030e-01
-2.308777049795919811e+04 1.339601085731446928e-01
-2.305443075716792373e+04 1.341076520206905542e-01
-2.302109101637664935e+04 1.342263648557435463e-01
-2.298775127558537133e+04 1.343411909043815966e-01
-2.295441153479409331e+04 1.344249008920278543e-01
-2.292107179400281530e+04 1.345743364166480383e-01
-2.288773205321154092e+04 1.346755112017236633e-01
-2.285439231242026290e+04 1.347775806887610839e-01
-2.282105257162898488e+04 1.349381806508846704e-01
-2.278771283083770686e+04 1.350428130820389983e-01
-2.275437309004643248e+04 1.351707409615170719e-01
-2.272103334925515810e+04 1.352269058281443948e-01
-2.268769360846388008e+04 1.354596757941096685e-01
-2.265435386767260206e+04 1.355032061721215819e-01
-2.262101412688132768e+04 1.356236954162597652e-01
-2.258767438609004967e+04 1.357547786581461136e-01
-2.255433464529877165e+04 1.358918368244051433e-01
-2.252099490450749727e+04 1.360067244109686158e-01
-2.248765516371621925e+04 1.361104580051099577e-01
-2.245431542292494487e+04 1.362058537831668248e-01
-2.242097568213366685e+04 1.363945023737228868e-01
-2.238763594134239247e+04 1.364896240305525643e-01
-2.235429620055111445e+04 1.366290299677652420e-01
-2.232095645975983643e+04 1.367734742759430522e-01
-2.228761671896855842e+04 1.368888409547011908e-01
-2.225427697817728404e+04 1.369950216724203085e-01
-2.222093723738600602e+04 1.370992560386624093e-01
-2.218759749659473164e+04 1.372088919490202230e-01
-2.215425775580345362e+04 1.373718420546071739e-01
-2.212091801501217924e+04 1.375255175475529612e-01
-2.208757827422090122e+04 1.376745381219171838e-01
-2.205423853342962320e+04 1.377961294503584622e-01
-2.202089879263834518e+04 1.379158856749534146e-01
-2.198755905184707080e+04 1.380255639955823288e-01
-2.195421931105579279e+04 1.381602759793744417e-01
-2.192087957026451477e+04 1.383256656281603991e-01
-2.188753982947324039e+04 1.384614374341300858e-01
-2.185420008868196601e+04 1.386093651949024952e-01
-2.182086034789068799e+04 1.387114017805543553e-01
-2.178752060709940997e+04 1.388385759025884680e-01
-2.175418086630813195e+04 1.389178583603050687e-01
-2.172084112551685757e+04 1.390546433570847840e-01
-2.168750138472557956e+04 1.391365865801589830e-01
-2.165416164393430154e+04 1.388015464718981296e-01
-2.162082190314302716e+04 1.398721539272148873e-01
-2.158748216235175278e+04 1.398407060333575480e-01
-2.155414242156047476e+04 1.399189885475118078e-01
-2.152080268076919674e+04 1.400281889425676052e-01
-2.148746293997792236e+04 1.401647892941220996e-01
-2.145412319918664434e+04 1.403175719686542144e-01
-2.142078345839536632e+04 1.404484284668711946e-01
-2.138744371760408831e+04 1.406093747137149852e-01
-2.135410397681281393e+04 1.407424323786181097e-01
-2.132076423602153955e+04 1.408638345501378453e-01
-2.128742449523026153e+04 1.410070380591376127e-01
-2.125408475443898351e+04 1.411271728958123084e-01
-2.122074501364770913e+04 1.413100497989676629e-01
-2.118740527285643111e+04 1.414607716457071673e-01
-2.115406553206515309e+04 1.416172761961859150e-01
-2.112072579127387507e+04 1.417234989569698400e-01
-2.108738605048260069e+04 1.418757437718332071e-01
-2.105404630969132631e+04 1.420038963369422702e-01
-2.102070656890004830e+04 1.421605501317797782e-01
-2.098736682810877028e+04 1.423467727823957141e-01
-2.095402708731749590e+04 1.425099456557670785e-01
-2.092068734652621788e+04 1.426369242498131129e-01
-2.088734760573493986e+04 1.427896128944712018e-01
-2.085400786494366184e+04 1.428909760245135607e-01
-2.082066812415238746e+04 1.431518557406313563e-01
-2.078732838336110945e+04 1.432828406117706288e-01
-2.075398864256983506e+04 1.434521604830879538e-01
-2.072064890177856068e+04 1.436078282711722442e-01
-2.068730916098728267e+04 1.437639508786541231e-01
-2.065396942019600465e+04 1.439041648962924858e-01
-2.062062967940472663e+04 1.440414760867441135e-01
-2.058728993861345225e+04 1.442900519249525337e-01
-2.055395019782217423e+04 1.443558873416669053e-01
-2.052061045703089621e+04 1.445435395005025270e-01
-2.048727071623962183e+04 1.447344034442912264e-01
-2.045393097544834745e+04 1.449008611779790123e-01
-2.042059123465706944e+04 1.450371701627175547e-01
-2.038725149386579142e+04 1.452028005973756697e-01
-2.035391175307451340e+04 1.453851476118397934e-01
-2.032057201228323902e+04 1.455117173544007714e-01
-2.028723227149196100e+04 1.457204332901660682e-01
-2.025389253070068298e+04 1.459216471518973712e-01
-2.022055278990940860e+04 1.460500968896196461e-01
-2.018721304911813422e+04 1.462121610763198465e-01
-2.015387330832685620e+04 1.463512833967222093e-01
-2.012053356753557819e+04 1.465374493282022850e-01
-2.008719382674430017e+04 1.467197998939099579e-01
-2.005385408595302579e+04 1.468830172922188926e-01
-2.002051434516174777e+04 1.470671808163773187e-01
-1.998717460437046975e+04 1.472397767619420816e-01
-1.995383486357919173e+04 1.474146506546916147e-01
-1.992049512278791735e+04 1.475685831872215747e-01
-1.988715538199664297e+04 1.477609409051670319e-01
-1.985381564120536495e+04 1.479677758169375412e-01
-1.982047590041409057e+04 1.481142159223661214e-01
-1.978713615962281256e+04 1.482681079612166164e-01
-1.975379641883153454e+04 1.485098800638832706e-01
-1.972045667804025652e+04 1.486627992615763005e-01
-1.968711693724898214e+04 1.488233882862015078e-01
-1.965377719645770412e+04 1.490022318409489344e-01
-1.962043745566642974e+04 1.492062240281385732e-01
-1.958709771487515172e+04 1.493654652590248044e-01
-1.955375797408387734e+04 1.495420531893771332e-01
-1.952041823329259933e+04 1.499035615632125784e-01
-1.948707849250132131e+04 1.499803806091359881e-01
-1.945373875171004329e+04 1.501446083151263822e-01
-1.942039901091876891e+04 1.503362086156021238e-01
-1.938705927012749089e+04 1.505494228979407934e-01
-1.935371952933621651e+04 1.507629119312516031e-01
-1.932037978854493849e+04 1.509295549402417114e-01
-1.928704004775366411e+04 1.511183525444508291e-01
-1.925370030696238609e+04 1.512899672071331691e-01
-1.922036056617110808e+04 1.515196184868008167e-01
-1.918702082537983006e+04 1.516916260290754603e-01
-1.915368108458855568e+04 1.519257007903049572e-01
-1.912034134379727766e+04 1.521208165790064182e-01
-1.908700160300600328e+04 1.522939424569594302e-01
-1.905366186221472526e+04 1.524910391005278865e-01
-1.902032212142345088e+04 1.526996060612277606e-01
-1.898698238063217286e+04 1.528821758161151567e-01
-1.895364263984089484e+04 1.530726341609946473e-01
-1.892030289904962046e+04 1.533136037404128627e-01
-1.888696315825834245e+04 1.535251668472952802e-01
-1.885362341746706443e+04 1.537395071290421078e-01
-1.882028367667578641e+04 1.539416137331807155e-01
-1.878694393588451203e+04 1.541521832086576171e-01
-1.875360419509323765e+04 1.544307343281240141e-01
-1.872026445430195963e+04 1.543486863992467595e-01
-1.868692471351068161e+04 1.547299834075316904e-01
-1.865358497271940723e+04 1.550100874390699934e-01
-1.862024523192812921e+04 1.552181351654738917e-01
-1.858690549113685120e+04 1.554391497477451145e-01
-1.855356575034557318e+04 1.556836682515943815e-01
-1.852022600955429880e+04 1.560895362865693525e-01
-1.848688626876302442e+04 1.575868438657921644e-01
-1.845354652797174640e+04 1.555702370831972270e-01
-1.842020678718046838e+04 1.561554270806669309e-01
-1.838686704638919400e+04 1.564430507758762245e-01
-1.835352730559791598e+04 1.566934744724116924e-01
-1.832018756480663797e+04 1.569418538277922714e-01
-1.828684782401535995e+04 1.571925446115082226e-01
-1.825350808322408557e+04 1.574504610880962385e-01
-1.822016834243281119e+04 1.576878952672108036e-01
-1.818682860164153317e+04 1.578981833174681049e-01
-1.815348886085025879e+04 1.581313191795060691e-01
-1.812014912005898077e+04 1.583495117611430913e-01
-1.808680937926770275e+04 1.585625178337420615e-01
-1.805346963847642473e+04 1.587862625826349516e-01
-1.802012989768515035e+04 1.590584269013049223e-01
-1.798679015689387234e+04 1.592572869105357836e-01
-1.795345041610259432e+04 1.595440645074769348e-01
-1.792011067531131994e+04 1.597490392669826953e-01
-1.788677093452004556e+04 1.599742670923961774e-01
-1.785343119372876754e+04 1.601839299646225512e-01
-1.782009145293748952e+04 1.604471898738545621e-01
-1.778675171214621150e+04 1.607113426933618749e-01
-1.775341197135493712e+04 1.609514122304409323e-01
-1.772007223056365910e+04 1.611780068182833703e-01
-1.768673248977238109e+04 1.613482353558677862e-01
-1.765339274898110671e+04 1.616792190718116251e-01
-1.762005300818983233e+04 1.619236436644372890e-01
-1.758671326739855431e+04 1.621593406130214798e-01
-1.755337352660727629e+04 1.624230932585762344e-01
-1.752003378581599827e+04 1.626677433470489487e-01
-1.748669404502472389e+04 1.628893532035371738e-01
-1.745335430423344587e+04 1.631187915073530892e-01
-1.742001456344216786e+04 1.634230281932284312e-01
-1.738667482265089347e+04 1.636594287252344515e-01
-1.735333508185961909e+04 1.638732279898426070e-01
-1.731999534106834108e+04 1.641595507223384542e-01
-1.728665560027706306e+04 1.644219264314486784e-01
-1.725331585948578868e+04 1.646578990275051890e-01
-1.721997611869451066e+04 1.649120783566471460e-01
-1.718663637790323264e+04 1.651848728204166061e-01
-1.715329663711195462e+04 1.654125189885714275e-01
-1.711995689632068024e+04 1.656918510867473326e-01
-1.708661715552940586e+04 1.659681052460138251e-01
-1.705327741473812785e+04 1.662456611390751848e-01
-1.701993767394684983e+04 1.664735070856253607e-01
-1.698659793315557545e+04 1.667329538938501776e-01
-1.695325819236429743e+04 1.669576910863454500e-01
-1.691991845157301941e+04 1.672388522407026179e-01
-1.688657871078174139e+04 1.676471897174010850e-01
-1.685323896999046701e+04 1.678316634494014248e-01
-1.681989922919918899e+04 1.681072574113012530e-01
-1.678655948840791461e+04 1.683687868983654856e-01
-1.675321974761663660e+04 1.686192195379202230e-01
-1.671988000682536222e+04 1.688934650974839302e-01
-1.668654026603408420e+04 1.692065258892476165e-01
-1.665320052524280618e+04 1.695056457432367603e-01
-1.661986078445152816e+04 1.697653432117793848e-01
-1.658652104366025378e+04 1.700550908176288734e-01
-1.655318130286897576e+04 1.703181643517056032e-01
-1.651984156207770138e+04 1.705683866393049863e-01
-1.648650182128642336e+04 1.708508845746318783e-01
-1.645316208049514898e+04 1.711163681162333194e-01
-1.641982233970387097e+04 1.713757942439807780e-01
-1.638648259891259295e+04 1.714270386466915097e-01
-1.635314285812131857e+04 1.725257457611160394e-01
-1.631980311733004055e+04 1.724973493797942736e-01
-1.628646337653876435e+04 1.727439670538447047e-01
-1.625312363574748633e+04 1.729995162149241816e-01
-1.621978389495621195e+04 1.732993878130548726e-01
-1.618644415416493393e+04 1.736253969241328132e-01
-1.615310441337365774e+04 1.739300921347694262e-01
-1.611976467258237972e+04 1.742141469834537493e-01
-1.608642493179110534e+04 1.745137042909883363e-01
-1.605308519099982732e+04 1.747806764570649096e-01
-1.601974545020855112e+04 1.750853939527335923e-01
-1.598640570941727310e+04 1.754044132883735563e-01
-1.595306596862599872e+04 1.757475729460018787e-01
-1.591972622783472070e+04 1.760352246831326795e-01
-1.588638648704344450e+04 1.763397255707256084e-01
-1.585304674625216649e+04 1.766609846342228340e-01
-1.581970700546089211e+04 1.769234033579821785e-01
-1.578636726466961409e+04 1.772808139528722071e-01
-1.575302752387833789e+04 1.775926398524821648e-01
-1.571968778308705987e+04 1.779364551215522616e-01
-1.568634804229578549e+04 1.782556304428165317e-01
-1.565300830150450747e+04 1.785754590563586042e-01
-1.561966856071323127e+04 1.788808219771098051e-01
-1.558632881992195325e+04 1.792317460580176713e-01
-1.555298907913067887e+04 1.795512989856904162e-01
-1.551964933833940086e+04 1.798801798668371865e-01
-1.548630959754812284e+04 1.802223827211221485e-01
-1.545296985675684846e+04 1.805792399558974193e-01
-1.541963011596557226e+04 1.808670332806742442e-01
-1.538629037517429424e+04 1.811966206477884089e-01
-1.535295063438301622e+04 1.814862321909873066e-01
-1.531961089359174184e+04 1.815508477438809720e-01
-1.528627115280046564e+04 1.823546554030689437e-01
-1.525293141200918762e+04 1.826715592040601133e-01
-1.521959167121790961e+04 1.830110929691922406e-01
-1.518625193042663523e+04 1.833250717323564316e-01
-1.515291218963535903e+04 1.836699263354177047e-01
-1.511957244884408101e+04 1.840123583636745497e-01
-1.508623270805280299e+04 1.843970338935594089e-01
-1.505289296726152861e+04 1.847941988211655451e-01
-1.501955322647025241e+04 1.851401393602223333e-01
-1.498621348567897439e+04 1.854911877790506591e-01
-1.495287374488769638e+04 1.858376093919315020e-01
-1.491953400409642200e+04 1.861800551775286694e-01
-1.488619426330514580e+04 1.865441887481257832e-01
-1.485285452251386778e+04 1.869288609553395597e-01
-1.481951478172258976e+04 1.873201368910132891e-01
-1.478617504093131538e+04 1.877346910083218245e-01
-1.475283530014003918e+04 1.880760420506042419e-01
-1.471949555934876116e+04 1.884281983431774221e-01
-1.468615581855748314e+04 1.887921735806702694e-01
-1.465281607776620876e+04 1.891695750573827994e-01
-1.461947633697493256e+04 1.895740543193618066e-01
-1.458613659618365455e+04 1.899705757546774898e-01
-1.455279685539238017e+04 1.903651868202186626e-01
-1.451945711460110215e+04 1.907533365566536909e-01
-1.448611737380982413e+04 1.911249233682490722e-01
-1.445277763301854793e+04 1.914748235489918127e-01
-1.441943789222727355e+04 1.918771406716966721e-01
-1.438609815143599553e+04 1.922629381750352584e-01
-1.435275841064471751e+04 1.926854041092254943e-01
-1.431941866985344132e+04 1.930461840431129950e-01
-1.428607892906216694e+04 1.933254569236638742e-01
-1.425273918827088892e+04 1.948531362496404296e-01
-1.421939944747961090e+04 1.944664796627065539e-01
-1.418605970668833470e+04 1.948299053115176982e-01
-1.415271996589706032e+04 1.952215814192680976e-01
-1.411938022510578230e+04 1.956670821921855652e-01
-1.408604048431450428e+04 1.960567043762088124e-01
-1.405270074352322808e+04 1.964577111577725799e-01
-1.401936100273195370e+04 1.968667083409998131e-01
-1.398602126194067569e+04 1.973351905264008888e-01
-1.395268152114939767e+04 1.977308296272374255e-01
-1.391934178035812147e+04 1.981808301995836297e-01
-1.388600203956684709e+04 1.986144433770733186e-01
-1.385266229877556907e+04 1.990604271242714940e-01
-1.381932255798429105e+04 1.994757579807174830e-01
-1.378598281719301485e+04 1.999262126333181122e-01
-1.375264307640174047e+04 2.003394385756333829e-01
-1.371930333561046245e+04 2.007997380752911953e-01
-1.368596359481918626e+04 2.012502750818689623e-01
-1.365262385402790824e+04 2.017260507289659888e-01
-1.361928411323663386e+04 2.022033051928337211e-01
-1.358594437244535584e+04 2.026330675657853631e-01
-1.355260463165407964e+04 2.030764891671498207e-01
-1.351926489086280162e+04 2.035496073625772395e-01
-1.348592515007152542e+04 2.040403873810897883e-01
-1.345258540928024922e+04 2.045473114925140667e-01
-1.341924566848897302e+04 2.050116521398568370e-01
-1.338590592769769501e+04 2.054811020611288230e-01
-1.335256618690641881e+04 2.059281781907793818e-01
-1.331922644611514261e+04 2.064055591945218038e-01
-1.328588670532386641e+04 2.069170370605043774e-01
-1.325254696453258839e+04 2.074442592344114822e-01
-1.321920722374131219e+04 2.081736798681717293e-01
-1.318586748295003599e+04 2.080159919161964077e-01
-1.315252774215875979e+04 2.087327954514544004e-01
-1.311918800136748177e+04 2.092526084519844565e-01
-1.308584826057620558e+04 2.097728256959264515e-01
-1.305250851978492938e+04 2.102729073910352964e-01
-1.301916877899365318e+04 2.108181109248543350e-01
-1.298582903820237516e+04 2.113426305932467053e-01
-1.295248929741109896e+04 2.118393061445305869e-01
-1.291914955661982276e+04 2.123892049845556851e-01
-1.288580981582854656e+04 2.128905671153568657e-01
-1.285247007503726854e+04 2.133712660129019334e-01
-1.281913033424599234e+04 2.139042740398514886e-01
-1.278579059345471615e+04 2.144531897669411102e-01
-1.275245085266343995e+04 2.150083882282113334e-01
-1.271911111187216375e+04 2.155431186066955607e-01
-1.268577137108088573e+04 2.161724051522696533e-01
-1.265243163028960953e+04 2.165588890320881144e-01
-1.261909188949833333e+04 2.171072311530536925e-01
-1.258575214870705713e+04 2.176954339182656795e-01
-1.255241240791577911e+04 2.182556762140948903e-01
-1.251907266712450291e+04 2.188490643052886375e-01
-1.248573292633322671e+04 2.193967640018416876e-01
-1.245239318554195052e+04 2.199371993221532484e-01
-1.241905344475067250e+04 2.204732436977319687e-01
-1.238571370395939630e+04 2.211462871344035130e-01
-1.235237396316812010e+04 2.216774377976430399e-01
-1.231903422237684390e+04 2.222558766790526941e-01
-1.228569448158556588e+04 2.228568117649752933e-01
-1.225235474079428968e+04 2.234393634080871771e-01
-1.221901500000301348e+04 2.239950206293865320e-01
-1.218567525921173728e+04 2.246256685428476840e-01
-1.215233551842045927e+04 2.251700296949456226e-01
-1.211899577762918307e+04 2.258127272033088329e-01
-1.208565603683790687e+04 2.264229870855989368e-01
-1.205231629604663067e+04 2.270641761850480389e-01
-1.201897655525535265e+04 2.276776194471078485e-01
-1.198563681446407645e+04 2.282823194554719770e-01
-1.195229707367280025e+04 2.289008874118241554e-01
-1.191895733288152405e+04 2.295208616054183748e-01
-1.188561759209024785e+04 2.301498100585875894e-01
-1.185227785129896984e+04 2.308195884081188920e-01
-1.181893811050769364e+04 2.314610836755436052e-01
-1.178559836971641744e+04 2.321101755161347480e-01
-1.175225862892514124e+04 2.327305481248249375e-01
-1.171891888813386322e+04 2.333615390092937392e-01
-1.168557914734258702e+04 2.340459674664746859e-01
-1.165223940655131082e+04 2.347285218478652458e-01
-1.161889966576003462e+04 2.353921747310852852e-01
-1.158555992496875660e+04 2.360516727401242576e-01
-1.155222018417748041e+04 2.367711752690825899e-01
-1.151888044338620239e+04 2.374186167995413765e-01
-1.148554070259492801e+04 2.381234788355597876e-01
-1.145220096180364999e+04 2.388363884705951290e-01
-1.141886122101237379e+04 2.395617022226531057e-01
-1.138552148022109577e+04 2.402775878251922625e-01
-1.135218173942982139e+04 2.410256028264112504e-01
-1.131884199863854337e+04 2.417334250945390450e-01
-1.128550225784726717e+04 2.424677825759535277e-01
-1.125216251705598916e+04 2.432124519448593536e-01
-1.121882277626471478e+04 2.440059765010210158e-01
-1.118548303547343676e+04 2.448648952707269399e-01
-1.115214329468216056e+04 2.458845460433419505e-01
-1.111880355389088254e+04 2.475108297255740053e-01
-1.108546381309960816e+04 2.419246793445809507e-01
-1.105212407230833196e+04 2.464801309449378697e-01
-1.101878433151705394e+04 2.476307372585007660e-01
-1.098544459072577774e+04 2.485868357840838594e-01
-1.095210484993449973e+04 2.494734910229061686e-01
-1.091876510914322535e+04 2.503322514938252086e-01
-1.088542536835194733e+04 2.511202341510072045e-01
-1.085208562756067113e+04 2.519168919334295320e-01
-1.081874588676939311e+04 2.527506021861571917e-01
-1.078540614597811873e+04 2.535604637559374375e-01
-1.075206640518684071e+04 2.543910251513344933e-01
-1.071872666439556451e+04 2.552302766636403430e-01
-1.068538692360428649e+04 2.560614895248529699e-01
-1.065204718281301211e+04 2.569042707011519600e-01
-1.061870744202173410e+04 2.577180876798751408e-01
-1.058536770123045790e+04 2.586439165246475214e-01
-1.055202796043917988e+04 2.593152664008339658e-01
-1.051868821964790368e+04 2.602479454116108371e-01
-1.048534847885662748e+04 2.611211847282001730e-01
-1.045200873806535128e+04 2.620325717680019317e-01
-1.041866899727407326e+04 2.629122429476810074e-01
-1.038532925648279706e+04 2.637674838167725633e-01
-1.035198951569152086e+04 2.646744853528284480e-01
-1.031864977490024467e+04 2.655464767206444643e-01
-1.028531003410896665e+04 2.665352511230430488e-01
-1.025197029331769045e+04 2.674148545256535003e-01
-1.021863055252641425e+04 2.683542697387449327e-01
-1.018529081173513805e+04 2.692650326397864613e-01
-1.015195107094386185e+04 2.701756985065796868e-01
-1.011861133015258383e+04 2.711136203835955993e-01
-1.008527158936130945e+04 2.720725677270134923e-01
-1.005193184857003143e+04 2.730237544263391380e-01
-1.001859210777875523e+04 2.740882050771513145e-01
-9.985252366987477217e+03 2.750163223182758854e-01
-9.951912626196201018e+03 2.760254772395865364e-01
-9.918572885404924818e+03 2.769967468616451045e-01
-9.885233144613648619e+03 2.780058785885244355e-01
-9.851893403822370601e+03 2.790391375768191407e-01
-9.818553663031094402e+03 2.800971158194094923e-01
-9.785213922239818203e+03 2.811012863014717422e-01
-9.751874181448542004e+03 2.821471244942542755e-01
-9.718534440657263985e+03 2.832260603802068677e-01
-9.685194699865987786e+03 2.842662936644577698e-01
-9.651854959074711587e+03 2.853195952900075549e-01
-9.618515218283435388e+03 2.864286936632932101e-01
-9.585175477492157370e+03 2.875184598266312119e-01
-9.551835736700881171e+03 2.886268810088000181e-01
-9.518495995909604972e+03 2.895919178849414299e-01
-9.485156255118328772e+03 2.909508990112119053e-01
-9.451816514327050754e+03 2.920587642973678233e-01
-9.418476773535774555e+03 2.931948223478478277e-01
-9.385137032744498356e+03 2.943828629210425429e-01
-9.351797291953222157e+03 2.955722848473503195e-01
-9.318457551161944139e+03 2.968011861632463555e-01
-9.285117810370667939e+03 2.979712338422521034e-01
-9.251778069579391740e+03 2.991464979268068647e-01
-9.218438328788115541e+03 3.004423755341077973e-01
-9.185098587996839342e+03 3.016623054643602364e-01
-9.151758847205561324e+03 3.029214760192320832e-01
-9.118419106414285125e+03 3.042341508744258460e-01
-9.085079365623008925e+03 3.055353347583503743e-01
-9.051739624831732726e+03 3.068494686115915693e-01
-9.018399884040454708e+03 3.082420667736820996e-01
-8.985060143249178509e+03 3.148781968330462977e-01
-8.951720402457902310e+03 3.105128150290898392e-01
-8.918380661666626111e+03 3.120222125814089975e-01
-8.885040920875348093e+03 3.134528117875547415e-01
-8.851701180084071893e+03 3.148852207197144759e-01
-8.818361439292795694e+03 3.163170190301083928e-01
-8.785021698501519495e+03 3.177551339700785960e-01
-8.751681957710241477e+03 3.192271916397736997e-01
-8.718342216918965278e+03 3.206732563804777225e-01
-8.685002476127689079e+03 3.222039743283478530e-01
-8.651662735336412879e+03 3.237399379341147632e-01
-8.618322994545134861e+03 3.253216228288084988e-01
-8.584983253753858662e+03 3.268955574297887079e-01
-8.551643512962582463e+03 3.284655860065400224e-01
-8.518303772171306264e+03 3.301005917086196062e-01
-8.484964031380028246e+03 3.317843595058797557e-01
-8.451624290588752046e+03 3.334413109618643012e-01
-8.418284549797474028e+03 3.352451775846984061e-01
-8.384944809006199648e+03 3.369925870548124425e-01
-8.351605068214923449e+03 3.387930638455464716e-01
-8.318265327423645431e+03 3.405945219430917548e-01
-8.284925586632369232e+03 3.425008015763555402e-01
-8.251585845841093033e+03 3.444257442464911945e-01
-8.218246105049816833e+03 3.464384575820957934e-01
-8.184906364258538815e+03 3.484562614770518874e-01
-8.151566623467262616e+03 3.505405820407045403e-01
-8.118226882675985507e+03 3.527005397499053951e-01
-8.084887141884709308e+03 3.549154821398098902e-01
-8.051547401093432200e+03 3.572071331851576770e-01
-8.018207660302156000e+03 3.596117878519348166e-01
-7.984867919510878892e+03 3.620807123020851059e-01
-7.951528178719602693e+03 3.644589448117345754e-01
-7.918188437928325584e+03 3.688635318751712910e-01
-7.884848697137049385e+03 3.709765041694218501e-01
-7.851508956345772276e+03 3.740395210114825786e-01
-7.818169215554496077e+03 3.774172727513607217e-01
-7.784829474763218968e+03 3.811957718361071445e-01
-7.751489733971942769e+03 3.853530022973998270e-01
-7.718149993180665660e+03 3.900636481110311138e-01
-7.684810252389389461e+03 3.954337405933667227e-01
-7.651470511598112353e+03 4.018207599356626858e-01
-7.618130770806836153e+03 4.095846004258594797e-01
-7.584791030015559045e+03 4.195942010350521278e-01
-7.551451289224282846e+03 4.332929825680978397e-01
-7.518111548433006647e+03 4.538138417435045868e-01
-7.484771807641729538e+03 4.893949254232184964e-01
-7.451432066850453339e+03 5.704365532849108300e-01
-7.418092326059176230e+03 9.710611124223442747e-01
-7.384752585267900031e+03 3.311810347535449894e-01
-7.351412844476622922e+03 2.085521329102349164e-01
-7.318073103685346723e+03 2.736105317357584998e-01
-7.284733362894069614e+03 3.058299110169506174e-01
-7.251393622102793415e+03 3.252108968499847763e-01
-7.218053881311516307e+03 3.384691859710226014e-01
-7.184714140520240107e+03 3.484168997154836189e-01
-7.151374399728962999e+03 3.563908502938540890e-01
-7.118034658937686800e+03 3.629871974441841176e-01
-7.084694918146409691e+03 3.687797424160033088e-01
-7.051355177355133492e+03 3.739565773291699258e-01
-7.018015436563856383e+03 3.786734243792881371e-01
-6.984675695772580184e+03 3.830523466025336776e-01
-6.951335954981303075e+03 3.872146801332387867e-01
-6.917996214190026876e+03 3.913237233989984576e-01
-6.884656473398749768e+03 3.966700145306595315e-01
-6.851316732607473568e+03 3.972644968986150382e-01
-6.817976991816196460e+03 4.014151435760268116e-01
-6.784637251024920261e+03 4.050205547563700548e-01
-6.751297510233643152e+03 4.085267925982761783e-01
-6.717957769442366953e+03 4.119072307075645756e-01
-6.684618028651089844e+03 4.153126181247301929e-01
-6.651278287859813645e+03 4.186886589917079848e-01
-6.617938547068536536e+03 4.221135111889743885e-01
-6.584598806277260337e+03 4.254182114410666182e-01
-6.551259065485983228e+03 4.287869932970833631e-01
-6.517919324694707029e+03 4.321511476902474835e-01
-6.484579583903429921e+03 4.355150531855804252e-01
-6.451239843112153721e+03 4.389401161463784562e-01
-6.417900102320876613e+03 4.424039583768386574e-01
-6.384560361529600414e+03 4.458658325023437397e-01
-6.351220620738323305e+03 4.493717926278975039e-01
-6.317880879947047106e+03 4.529254735565593215e-01
-6.284541139155769997e+03 4.565096890102149363e-01
-6.251201398364492889e+03 4.601406385625241291e-01
-6.217861657573216689e+03 4.638084179458825118e-01
-6.184521916781940490e+03 4.675613388778606105e-01
-6.151182175990664291e+03 4.713550636647189651e-01
-6.117842435199387182e+03 4.752271978803698782e-01
-6.084502694408110983e+03 4.790949600454178503e-01
-6.051162953616833875e+03 4.831000656726079923e-01
-6.017823212825557675e+03 4.871041876317996344e-01
-5.984483472034280567e+03 4.912048857115761669e-01
-5.951143731243004368e+03 4.954226416244295605e-01
-5.917803990451727259e+03 4.997262491223646297e-01
-5.884464249660451060e+03 5.040781589436629240e-01
-5.851124508869173951e+03 5.085452974958944994e-01
-5.817784768077897752e+03 5.106780603337758295e-01
-5.784445027286620643e+03 5.176171744892261728e-01
-5.751105286495343535e+03 5.223930786630185397e-01
-5.717765545704067335e+03 5.273120894007710113e-01
-5.684425804912790227e+03 5.323131495721723505e-01
-5.651086064121514028e+03 5.374539801366213787e-01
-5.617746323330236919e+03 5.427204579480051638e-01
-5.584406582538960720e+03 5.481622304840220172e-01
-5.551066841747683611e+03 5.537770405773378979e-01
-5.517727100956407412e+03 5.596442817810024506e-01
-5.484387360165130303e+03 5.658273207573643049e-01
-5.451047619373854104e+03 5.724064919908005145e-01
-5.417707878582576996e+03 5.796223637885207225e-01
-5.384368137791300796e+03 5.879672105632169909e-01
-5.351028397000023688e+03 5.993606592632217955e-01
-5.317688656208747489e+03 6.265860278030507269e-01
-5.284348915417471289e+03 5.854332084605534670e-01
-5.251009174626194181e+03 5.893242115402759218e-01
-5.217669433834917982e+03 6.027846774955615272e-01
-5.184329693043640873e+03 6.126663366043587633e-01
-5.150989952252364674e+03 6.215417279227627434e-01
-5.117650211461087565e+03 6.300855073512452442e-01
-5.084310470669811366e+03 6.386379761030660518e-01
-5.050970729878534257e+03 6.472574418172494237e-01
-5.017630989087258058e+03 6.561558751300862191e-01
-4.984291248295980949e+03 6.651861639706745377e-01
-4.950951507504704750e+03 6.745250057182338166e-01
-4.917611766713427642e+03 6.842003177520978863e-01
-4.884272025922151443e+03 6.942261422626037071e-01
-4.850932285130874334e+03 7.047031193485139289e-01
-4.817592544339598135e+03 7.156998860860847023e-01
-4.784252803548321026e+03 7.274595910205804428e-01
-4.750913062757044827e+03 7.377981687993323545e-01
-4.717573321965767718e+03 7.508894149751943470e-01
-4.684233581174491519e+03 7.641078978880243566e-01
-4.650893840383214410e+03 7.779386183540126787e-01
-4.617554099591938211e+03 7.925566202830242046e-01
-4.584214358800661103e+03 8.080539525279796242e-01
-4.550874618009383994e+03 8.244533335547125086e-01
-4.517534877218107795e+03 8.419662955389974890e-01
-4.484195136426830686e+03 8.606779393390390220e-01
-4.450855395635554487e+03 8.807632321871712300e-01
-4.417515654844278288e+03 9.023589590812757244e-01
-4.384175914053002089e+03 9.257793781030489999e-01
-4.350836173261724980e+03 9.512533827053315516e-01
-4.317496432470448781e+03 9.791163367748152435e-01
-4.284156691679171672e+03 1.009751866640571150e+00
-4.250816950887895473e+03 1.043671478570316280e+00
-4.217477210096618364e+03 1.081512112439951379e+00
-4.184137469305342165e+03 1.124162278598096254e+00
-4.150797728514065057e+03 1.172623218215948615e+00
-4.117457987722788857e+03 1.228394800954497823e+00
-4.084118246931511749e+03 1.293340865040599974e+00
-4.050778506140235095e+03 1.370158600665302595e+00
-4.017438765348958441e+03 1.462727084353556029e+00
-3.984099024557681787e+03 1.576875001157640233e+00
-3.950759283766405133e+03 1.721326167002159346e+00
-3.917419542975128479e+03 1.911136006151503475e+00
-3.884079802183851825e+03 2.172024707757744366e+00
-3.850740061392575171e+03 2.554298996083000706e+00
-3.817400320601298517e+03 3.170366217780928420e+00
-3.784060579810021864e+03 4.332108675238352191e+00
-3.750720839018745210e+03 7.346557791377252400e+00
-3.717381098227468556e+03 3.406999549938519323e+01
-3.684041357436191902e+03 1.090568621235837377e+01
-3.650701616644914793e+03 4.357842042013349015e+00
-3.617361875853638139e+03 2.588100531231217971e+00
-3.584022135062361485e+03 1.772400028093963131e+00
-3.550682394271084831e+03 1.310687924795995052e+00
-3.517342653479809087e+03 1.021339287414138930e+00
-3.484002912688532433e+03 8.308755109666617900e-01
-3.450663171897255779e+03 7.039921892191913777e-01
-3.417323431105978671e+03 6.213538944170793332e-01
-3.383983690314702017e+03 5.706028858868444908e-01
-3.350643949523425363e+03 5.431465386765429448e-01
-3.317304208732149164e+03 5.323970892757944329e-01
-3.283964467940872510e+03 5.332875094338035415e-01
-3.250624727149595856e+03 5.418338052050539755e-01
-3.217284986358319202e+03 5.542244028864589112e-01
-3.183945245567042548e+03 5.348489847102159134e-01
-3.150605504775765439e+03 6.069508774291776376e-01
-3.117265763984488785e+03 6.265053822093367142e-01
-3.083926023193212131e+03 6.497870787738717624e-01
-3.050586282401935478e+03 6.745463197251690968e-01
-3.017246541610658824e+03 7.002975460108983308e-01
-2.983906800819382170e+03 7.268878712798788611e-01
-2.950567060028105516e+03 7.541195274340574128e-01
-2.917227319236828862e+03 7.821007631246225111e-01
-2.883887578445552208e+03 8.107101220957739773e-01
-2.850547837654276009e+03 8.401387747799259342e-01
-2.817208096862999355e+03 8.703445398723531623e-01
-2.783868356071722701e+03 9.015220773264135401e-01
-2.750528615280446047e+03 9.337589493524476314e-01
-2.717188874489169393e+03 9.671349948928681384e-01
-2.683849133697892739e+03 1.001803185495999671e+00
-2.650509392906616085e+03 1.037876601755902906e+00
-2.617169652115339431e+03 1.075530043019221615e+00
-2.583829911324062778e+03 1.115014527008084455e+00
-2.550490170532785669e+03 1.156456639978430179e+00
-2.517150429741509015e+03 1.200127247499467309e+00
-2.483810688950232361e+03 1.246201222168686007e+00
-2.450470948158955707e+03 1.294939762577498099e+00
-2.417131207367679508e+03 1.346554619942694320e+00
-2.383791466576402854e+03 1.401350386095495670e+00
-2.350451725785126200e+03 1.459518522675998353e+00
-2.317111984993849546e+03 1.520942549193343263e+00
-2.283772244202572892e+03 1.585300742429311960e+00
-2.250432503411296238e+03 1.650958856245834827e+00
-2.217092762620019585e+03 1.712826922821739428e+00
-2.183753021828742931e+03 1.752111715564719896e+00
-2.150413281037466277e+03 1.647267683868979260e+00
-2.117073540246189623e+03 3.322487336502743194e+00
-2.083733799454912969e+03 2.535687262697344124e+00
-2.050394058663636315e+03 2.591243409475544102e+00
-2.017054317872359434e+03 2.736964359233312383e+00
-1.983714577081083235e+03 2.933226643246772181e+00
-1.950374836289806581e+03 3.178106496654588220e+00
-1.917035095498529927e+03 3.480307029144583897e+00
-1.883695354707253273e+03 3.856854997953150122e+00
-1.850355613915976392e+03 4.335458828067431547e+00
-1.817015873124699738e+03 4.961595603840350144e+00
-1.783676132333423084e+03 5.814622755365694395e+00
-1.750336391542146430e+03 7.044045622660590311e+00
-1.716996650750869776e+03 8.969134024590346144e+00
-1.683656909959593122e+03 1.241441303455978229e+01
-1.650317169168316696e+03 2.036092455713716731e+01
-1.616977428377040042e+03 5.830757084577496130e+01
-1.583637687585763388e+03 6.504628208220228203e+01
-1.550297946794486506e+03 2.061911930523345760e+01
-1.516958206003209852e+03 1.215523159670526177e+01
-1.483618465211933199e+03 8.566503943972284318e+00
-1.450278724420656545e+03 6.581260058620749476e+00
-1.416938983629380118e+03 5.320076149275631217e+00
-1.383599242838103464e+03 4.447202456464975029e+00
-1.350259502046826810e+03 3.806715720223014632e+00
-1.316919761255550156e+03 3.316160660531896287e+00
-1.283580020464273503e+03 2.928144931292458342e+00
-1.250240279672996849e+03 2.613171481664437135e+00
-1.216900538881720195e+03 2.352173411978457640e+00
-1.183560798090443541e+03 2.132091494213432803e+00
-1.150221057299166887e+03 1.943791160399763740e+00
-1.116881316507890233e+03 1.780681979791600256e+00
-1.083541575716613579e+03 1.637948348164621315e+00
-1.050201834925336925e+03 1.511502829410400484e+00
-1.016862094134060158e+03 1.399011555548489660e+00
-9.835223533427837310e+02 1.297930488634091217e+00
-9.501826125515070771e+02 1.206512280459812958e+00
-9.168428717602304232e+02 1.123268422258592469e+00
-8.835031309689536556e+02 1.047147160356391105e+00
-8.501633901776770017e+02 9.771096613594307811e-01
-8.168236493864004615e+02 9.124055374063136936e-01
-7.834839085951238076e+02 8.523624443655645200e-01
-7.501441678038471537e+02 7.963367131463751081e-01
-7.168044270125704998e+02 7.439318738337975523e-01
-6.834646862212938458e+02 6.946934717594602793e-01
-6.501249454300171919e+02 6.483326610590821604e-01
-6.167852046387405380e+02 6.045500773364995695e-01
-5.834454638474638841e+02 5.632317795681410777e-01
-5.501057230561872302e+02 5.267152999969104687e-01
-5.167659822649105763e+02 4.845970987903890359e-01
-4.834262414736339792e+02 4.490319898738572846e-01
-4.500865006823573253e+02 4.146929724369326498e-01
-4.167467598910806146e+02 3.816876576347241756e-01
-3.834070190998040175e+02 3.500622509375605484e-01
-3.500672783085273636e+02 3.196897156876274404e-01
-3.167275375172507097e+02 2.906029130603187127e-01
-2.833877967259741126e+02 2.627341745267222639e-01
-2.500480559346974019e+02 2.362768745359290212e-01
-2.167083151434207764e+02 2.112562510423887652e-01
-1.833685743521441225e+02 1.880221531479715491e-01
-1.500288335608674970e+02 1.670294285898439868e-01
-1.166890927695908573e+02 1.489399599250469108e-01
-8.334935197831420339e+01 1.347045812239056617e-01
-5.000961118703756370e+01 1.254586403966795050e-01
-1.666987039576091689e+01 3.229858344674584077e+04
1.666987039551572636e+01 1.254586403966796160e-01
5.000961118679237671e+01 1.347045812239063556e-01
8.334935197806902352e+01 1.489399599250468276e-01
1.166890927693456774e+02 1.670294285898431541e-01
1.500288335606223313e+02 1.880221531479727981e-01
1.833685743518989568e+02 2.112562510423888207e-01
2.167083151431756107e+02 2.362768745359292988e-01
2.500480559344522362e+02 2.627341745267229300e-01
2.833877967257288901e+02 2.906029130603186572e-01
3.167275375170055440e+02 3.196897156876271628e-01
3.500672783082821979e+02 3.500622509375601044e-01
3.834070190995588518e+02 3.816876576347241201e-01
4.167467598908354489e+02 4.146929724369329273e-01
4.500865006821121028e+02 4.490319898738571180e-01
4.834262414733888136e+02 4.845970987903894800e-01
5.167659822646653538e+02 5.267152999969112459e-01
5.501057230559420077e+02 5.632317795681407446e-01
5.834454638472187753e+02 6.045500773364999025e-01
6.167852046384953155e+02 6.483326610590822714e-01
6.501249454297719694e+02 6.946934717594593911e-01
6.834646862210486233e+02 7.439318738338041026e-01
7.168044270123252772e+02 7.963367131463710002e-01
7.501441678036019312e+02 8.523624443655639649e-01
7.834839085948785851e+02 9.124055374063132495e-01
8.168236493861552390e+02 9.771096613594307811e-01
8.501633901774318929e+02 1.047147160356391327e+00
8.835031309687085468e+02 1.123268422258590915e+00
9.168428717599852007e+02 1.206512280459814290e+00
9.501826125512618546e+02 1.297930488634092772e+00
9.835223533425385085e+02 1.399011555548489882e+00
1.016862094133815049e+03 1.511502829410400039e+00
1.050201834925091589e+03 1.637948348164621315e+00
1.083541575716368470e+03 1.780681979791600256e+00
1.116881316507645124e+03 1.943791160399763962e+00
1.150221057298921778e+03 2.132091494213431915e+00
1.183560798090198432e+03 2.352173411978457196e+00
1.216900538881475086e+03 2.613171481664435358e+00
1.250240279672751512e+03 2.928144931292458342e+00
1.283580020464028166e+03 3.316160660531895843e+00
1.316919761255304820e+03 3.806715720223014632e+00
1.350259502046581474e+03 4.447202456464975029e+00
1.383599242837858355e+03 5.320076149275630328e+00
1.416938983629135009e+03 6.581260058620749476e+00
1.450278724420411436e+03 8.566503943972282542e+00
1.483618465211688090e+03 1.215523159670526177e+01
1.516958206002964744e+03 2.061911930523345760e+01
1.550297946794241398e+03 6.504628208220228203e+01
1.583637687585518051e+03 5.830757084577494709e+01
1.616977428376794705e+03 2.036092455713716731e+01
1.650317169168071359e+03 1.241441303455977874e+01
1.683656909959348013e+03 8.969134024590346144e+00
1.716996650750624667e+03 7.044045622660591199e+00
1.750336391541901321e+03 5.814622755365694395e+00
1.783676132333177975e+03 4.961595603840350144e+00
1.817015873124454629e+03 4.335458828067431547e+00
1.850355613915731283e+03 3.856854997953150566e+00
1.883695354707007937e+03 3.480307029144583009e+00
1.917035095498284591e+03 3.178106496654588220e+00
1.950374836289561244e+03 2.933226643246773513e+00
1.983714577080837898e+03 2.736964359233311939e+00
2.017054317872114325e+03 2.591243409475543658e+00
2.050394058663390751e+03 2.535687262697344568e+00
2.083733799454667860e+03 3.322487336502743194e+00
2.117073540245944514e+03 1.647267683868979926e+00
2.150413281037221168e+03 1.752111715564719896e+00
2.183753021828497822e+03 1.712826922821739206e+00
2.217092762619774476e+03 1.650958856245834827e+00
2.250432503411051130e+03 1.585300742429311516e+00
2.283772244202327784e+03 1.520942549193343263e+00
2.317111984993604437e+03 1.459518522675998131e+00
2.350451725784881091e+03 1.401350386095495226e+00
2.383791466576157745e+03 1.346554619942694320e+00
2.417131207367434399e+03 1.294939762577498543e+00
2.450470948158710598e+03 1.246201222168685785e+00
2.483810688949987252e+03 1.200127247499466643e+00
2.517150429741263906e+03 1.156456639978429290e+00
2.550490170532540560e+03 1.115014527008084233e+00
2.583829911323817214e+03 1.075530043019221615e+00
2.617169652115093868e+03 1.037876601755902239e+00
2.650509392906370522e+03 1.001803185495999893e+00
2.683849133697647176e+03 9.671349948928688045e-01
2.717188874488924284e+03 9.337589493524481865e-01
2.750528615280200938e+03 9.015220773264140952e-01
2.783868356071477592e+03 8.703445398723531623e-01
2.817208096862754246e+03 8.401387747799251571e-01
2.850547837654030900e+03 8.107101220957736443e-01
2.883887578445307099e+03 7.821007631246225111e-01
2.917227319236583753e+03 7.541195274340585231e-01
2.950567060027860407e+03 7.268878712798798603e-01
2.983906800819137061e+03 7.002975460108999961e-01
3.017246541610413715e+03 6.745463197251692078e-01
3.050586282401690369e+03 6.497870787738706522e-01
3.083926023192967023e+03 6.265053822093370473e-01
3.117265763984243677e+03 6.069508774291771935e-01
3.150605504775520330e+03 5.348489847102173567e-01
3.183945245566796984e+03 5.542244028864607985e-01
3.217284986358073638e+03 5.418338052050541975e-01
3.250624727149350292e+03 5.332875094338033195e-01
3.283964467940626946e+03 5.323970892757946549e-01
3.317304208731904055e+03 5.431465386765425007e-01
3.350643949523180254e+03 5.706028858868450460e-01
3.383983690314456908e+03 6.213538944170794442e-01
3.417323431105733562e+03 7.039921892191913777e-01
3.450663171897010670e+03 8.308755109666605687e-01
3.484002912688287324e+03 1.021339287414138708e+00
3.517342653479563978e+03 1.310687924795995274e+00
3.550682394270839723e+03 1.772400028093963575e+00
3.584022135062116377e+03 2.588100531231217527e+00
3.617361875853393030e+03 4.357842042013349904e+00
3.650701616644669684e+03 1.090568621235837199e+01
3.684041357435946338e+03 3.406999549938520033e+01
3.717381098227222992e+03 7.346557791377249735e+00
3.750720839018499646e+03 4.332108675238352191e+00
3.784060579809776300e+03 3.170366217780928864e+00
3.817400320601053409e+03 2.554298996083001594e+00
3.850740061392330063e+03 2.172024707757746143e+00
3.884079802183606716e+03 1.911136006151499700e+00
3.917419542974883370e+03 1.721326167002159124e+00
3.950759283766160024e+03 1.576875001157640455e+00
3.984099024557436678e+03 1.462727084353555362e+00
4.017438765348713332e+03 1.370158600665301485e+00
4.050778506139989986e+03 1.293340865040599752e+00
4.084118246931266640e+03 1.228394800954497379e+00
4.117457987722543294e+03 1.172623218215948615e+00
4.150797728513819493e+03 1.124162278598096254e+00
4.184137469305096602e+03 1.081512112439951157e+00
4.217477210096373710e+03 1.043671478570316280e+00
4.250816950887649909e+03 1.009751866640570483e+00
4.284156691678927018e+03 9.791163367748151325e-01
4.317496432470203217e+03 9.512533827053314406e-01
4.350836173261480326e+03 9.257793781030492219e-01
4.384175914052756525e+03 9.023589590812759464e-01
4.417515654844033634e+03 8.807632321871713410e-01
4.450855395635308923e+03 8.606779393390391331e-01
4.484195136426586032e+03 8.419662955389973780e-01
4.517534877217862231e+03 8.244533335547127306e-01
4.550874618009139340e+03 8.080539525279791802e-01
4.584214358800415539e+03 7.925566202830242046e-01
4.617554099591692648e+03 7.779386183540127897e-01
4.650893840382968847e+03 7.641078978880235795e-01
4.684233581174245955e+03 7.508894149751943470e-01
4.717573321965523064e+03 7.377981687993321325e-01
4.750913062756799263e+03 7.274595910205799987e-01
4.784252803548076372e+03 7.156998860860845912e-01
4.817592544339352571e+03 7.047031193485139289e-01
4.850932285130629680e+03 6.942261422626042622e-01
4.884272025921905879e+03 6.842003177520977752e-01
4.917611766713182988e+03 6.745250057182342607e-01
4.950951507504459187e+03 6.651861639706740936e-01
4.984291248295736295e+03 6.561558751300863301e-01
5.017630989087012495e+03 6.472574418172487576e-01
5.050970729878289603e+03 6.386379761030662738e-01
5.084310470669565802e+03 6.300855073512452442e-01
5.117650211460842911e+03 6.215417279227627434e-01
5.150989952252119110e+03 6.126663366043586523e-01
5.184329693043396219e+03 6.027846774955618603e-01
5.217669433834672418e+03 5.893242115402754777e-01
5.251009174625949527e+03 5.854332084605542441e-01
5.284348915417225726e+03 6.265860278030495056e-01
5.317688656208501925e+03 5.993606592632206853e-01
5.351028396999779034e+03 5.879672105632186563e-01
5.384368137791055233e+03 5.796223637885209445e-01
5.417707878582332341e+03 5.724064919908011806e-01
5.451047619373608541e+03 5.658273207573649710e-01
5.484387360164885649e+03 5.596442817810018955e-01
5.517727100956161848e+03 5.537770405773374538e-01
5.551066841747438957e+03 5.481622304840221283e-01
5.584406582538715156e+03 5.427204579480052749e-01
5.617746323329992265e+03 5.374539801366214897e-01
5.651086064121268464e+03 5.323131495721727946e-01
5.684425804912545573e+03 5.273120894007712334e-01
5.717765545703821772e+03 5.223930786630187617e-01
5.751105286495098881e+03 5.176171744892262838e-01
5.784445027286375080e+03 5.106780603337757185e-01
5.817784768077652188e+03 5.085452974958947214e-01
5.851124508868928388e+03 5.040781589436624799e-01
5.884464249660205496e+03 4.997262491223642411e-01
5.917803990451481695e+03 4.954226416244292275e-01
5.951143731242758804e+03 4.912048857115759448e-01
5.984483472034035913e+03 4.871041876318003006e-01
6.017823212825312112e+03 4.831000656726093800e-01
6.051162953616589220e+03 4.790949600454183499e-01
6.084502694407865420e+03 4.752271978803701002e-01
6.117842435199142528e+03 4.713550636647167447e-01
6.151182175990418727e+03 4.675613388778562252e-01
6.184521916781695836e+03 4.638084179458865086e-01
6.217861657572971126e+03 4.601406385625229079e-01
6.251201398364248234e+03 4.565096890102158245e-01
6.284541139155524434e+03 4.529254735565597101e-01
6.317880879946801542e+03 4.493717926278976149e-01
6.351220620738077741e+03 4.458658325023440727e-01
6.384560361529354850e+03 4.424039583768387685e-01
6.417900102320631049e+03 4.389401161463784007e-01
6.451239843111908158e+03 4.355150531855804807e-01
6.484579583903185267e+03 4.321511476902474835e-01
6.517919324694461466e+03 4.287869932970832521e-01
6.551259065485738574e+03 4.254182114410670068e-01
6.584598806277014774e+03 4.221135111889744440e-01
6.617938547068291882e+03 4.186886589917080403e-01
6.651278287859568081e+03 4.153126181247300819e-01
6.684618028650845190e+03 4.119072307075646866e-01
6.717957769442121389e+03 4.085267925982764559e-01
6.751297510233398498e+03 4.050205547563698327e-01
6.784637251024674697e+03 4.014151435760268671e-01
6.817976991815951806e+03 3.972644968986154823e-01
6.851316732607228005e+03 3.966700145306595315e-01
6.884656473398504204e+03 3.913237233989984576e-01
6.917996214189781313e+03 3.872146801332392863e-01
6.951335954981057512e+03 3.830523466025334556e-01
6.984675695772334620e+03 3.786734243792882482e-01
7.018015436563610820e+03 3.739565773291705364e-01
7.051355177354887928e+03 3.687797424160031978e-01
7.084694918146164127e+03 3.629871974441840066e-01
7.118034658937441236e+03 3.563908502938538669e-01
7.151374399728717435e+03 3.484168997154835079e-01
7.184714140519995453e+03 3.384691859710227124e-01
7.218053881311270743e+03 3.252108968499847763e-01
7.251393622102548761e+03 3.058299110169502288e-01
7.284733362893824051e+03 2.736105317357587774e-01
7.318073103685102069e+03 2.085521329102348886e-01
7.351412844476377359e+03 3.311810347535441013e-01
7.384752585267655377e+03 9.710611124223446078e-01
7.418092326058930666e+03 5.704365532849108300e-01
7.451432066850208685e+03 4.893949254232196622e-01
7.484771807641483974e+03 4.538138417435048644e-01
7.518111548432761992e+03 4.332929825680983393e-01
7.551451289224037282e+03 4.195942010350539597e-01
7.584791030015313481e+03 4.095846004258613116e-01
7.618130770806590590e+03 4.018207599356616311e-01
7.651470511597866789e+03 3.954337405933661120e-01
7.684810252389144807e+03 3.900636481110312248e-01
7.718149993180420097e+03 3.853530022973996050e-01
7.751489733971698115e+03 3.811957718361062564e-01
7.784829474762973405e+03 3.774172727513600556e-01
7.818169215554251423e+03 3.740395210114816349e-01
7.851508956345526713e+03 3.709765041694210730e-01
7.884848697136804731e+03 3.688635318751712910e-01
7.918188437928080020e+03 3.644589448117339092e-01
7.951528178719358039e+03 3.620807123020851059e-01
7.984867919510633328e+03 3.596117878519345945e-01
8.018207660301911346e+03 3.572071331851582321e-01
8.051547401093186636e+03 3.549154821398096682e-01
8.084887141884464654e+03 3.527005397499053396e-01
8.118226882675739944e+03 3.505405820407045403e-01
8.151566623467017962e+03 3.484562614770514988e-01
8.184906364258294161e+03 3.464384575820957379e-01
8.218246105049571270e+03 3.444257442464905283e-01
8.251585845840847469e+03 3.425008015763554292e-01
8.284925586632123668e+03 3.405945219430930315e-01
8.318265327423399867e+03 3.387930638455469157e-01
8.351605068214677885e+03 3.369925870548123870e-01
8.384944809005954085e+03 3.352451775846981286e-01
8.418284549797230284e+03 3.334413109618637461e-01
8.451624290588506483e+03 3.317843595058807549e-01
8.484964031379782682e+03 3.301005917086193842e-01
8.518303772171060700e+03 3.284655860065398003e-01
8.551643512962336899e+03 3.268955574297888744e-01
8.584983253753613099e+03 3.253216228288088319e-01
8.618322994544889298e+03 3.237399379341142081e-01
8.651662735336167316e+03 3.222039743283484636e-01
8.685002476127443515e+03 3.206732563804777225e-01
8.718342216918719714e+03 3.192271916397736442e-01
8.751681957709995913e+03 3.177551339700793731e-01
8.785021698501273931e+03 3.163170190301085594e-01
8.818361439292550131e+03 3.148852207197146980e-01
8.851701180083826330e+03 3.134528117875547970e-01
8.885040920875102529e+03 3.120222125814088310e-01
8.918380661666380547e+03 3.105128150290895617e-01
8.951720402457656746e+03 3.148781968330462422e-01
8.985060143248934764e+03 3.082420667736820996e-01
9.018399884040209145e+03 3.068494686115914583e-01
9.051739624831487163e+03 3.055353347583505963e-01
9.085079365622763362e+03 3.042341508744258460e-01
9.118419106414041380e+03 3.029214760192324163e-01
9.151758847205315760e+03 3.016623054643600699e-01
9.185098587996593778e+03 3.004423755341077973e-01
9.218438328787869978e+03 2.991464979268069202e-01
9.251778069579147996e+03 2.979712338422524920e-01
9.285117810370422376e+03 2.968011861632463000e-01
9.318457551161698575e+03 2.955722848473500974e-01
9.351797291952976593e+03 2.943828629210426540e-01
9.385137032744252792e+03 2.931948223478476612e-01
9.418476773535528991e+03 2.920587642973676568e-01
9.451816514326805191e+03 2.909508990112117943e-01
9.485156255118083209e+03 2.895919178849414299e-01
9.518495995909359408e+03 2.886268810088000181e-01
9.551835736700637426e+03 2.875184598266312119e-01
9.585175477491911806e+03 2.864286936632932101e-01
9.618515218283189824e+03 2.853195952900076104e-01
9.651854959074466024e+03 2.842662936644579919e-01
9.685194699865744042e+03 2.832260603802068122e-01
9.718534440657018422e+03 2.821471244942543311e-01
9.751874181448296440e+03 2.811012863014715757e-01
9.785213922239572639e+03 2.800971158194093813e-01
9.818553663030850657e+03 2.790391375768190851e-01
9.851893403822125038e+03 2.780058785885262118e-01
9.885233144613403056e+03 2.769967468616428841e-01
9.918572885404679255e+03 2.760254772395882017e-01
9.951912626195957273e+03 2.750163223182770511e-01
9.985252366987233472e+03 2.740882050771517031e-01
1.001859210777850967e+04 2.730237544263398042e-01
1.005193184856978587e+04 2.720725677270132703e-01
1.008527158936106389e+04 2.711136203835956549e-01
1.011861133015234009e+04 2.701756985065791317e-01
1.015195107094361629e+04 2.692650326397866278e-01
1.018529081173489249e+04 2.683542697387448772e-01
1.021863055252616869e+04 2.674148545256537224e-01
1.025197029331744670e+04 2.665352511230432708e-01
1.028531003410872108e+04 2.655464767206443533e-01
1.031864977489999910e+04 2.646744853528285035e-01
1.035198951569127530e+04 2.637674838167735070e-01
1.038532925648255332e+04 2.629122429476810074e-01
1.041866899727382770e+04 2.620325717680015432e-01
1.045200873806510572e+04 2.611211847281998399e-01
1.048534847885638192e+04 2.602479454116109481e-01
1.051868821964765993e+04 2.593152664008337993e-01
1.055202796043893613e+04 2.586439165246477989e-01
1.058536770123021233e+04 2.577180876798753073e-01
1.061870744202148853e+04 2.569042707011518489e-01
1.065204718281276655e+04 2.560614895248533029e-01
1.068538692360404275e+04 2.552302766636405096e-01
1.071872666439531895e+04 2.543910251513344933e-01
1.075206640518659515e+04 2.535604637559358276e-01
1.078540614597787317e+04 2.527506021861585794e-01
1.081874588676914937e+04 2.519168919334295875e-01
1.085208562756042556e+04 2.511202341510079816e-01
1.088542536835170176e+04 2.503322514938254306e-01
1.091876510914297978e+04 2.494734910229061409e-01
1.095210484993425598e+04 2.485868357840837484e-01
1.098544459072553218e+04 2.476307372585009048e-01
1.101878433151680838e+04 2.464801309449378142e-01
1.105212407230808640e+04 2.419246793445808119e-01
1.108546381309936260e+04 2.475108297255742273e-01
1.111880355389063880e+04 2.458845460433419505e-01
1.115214329468191499e+04 2.448648952707266069e-01
1.118548303547319119e+04 2.440059765010210990e-01
1.121882277626446921e+04 2.432124519448593258e-01
1.125216251705574541e+04 2.424677825759537220e-01
1.128550225784702161e+04 2.417334250945390173e-01
1.131884199863829781e+04 2.410256028264113337e-01
1.135218173942957583e+04 2.402775878251922348e-01
1.138552148022085203e+04 2.395617022226530501e-01
1.141886122101212823e+04 2.388363884705950457e-01
1.145220096180340443e+04 2.381234788355595933e-01
1.148554070259468244e+04 2.374186167995413765e-01
1.151888044338595864e+04 2.367711752690827565e-01
1.155222018417723484e+04 2.360516727401241188e-01
1.158555992496851104e+04 2.353921747310852297e-01
1.161889966575978906e+04 2.347285218478652180e-01
1.165223940655106526e+04 2.340459674664746303e-01
1.168557914734234146e+04 2.333615390092936281e-01
1.171891888813361766e+04 2.327305481248250207e-01
1.175225862892489567e+04 2.321101755161346369e-01
1.178559836971617187e+04 2.314610836755436052e-01
1.181893811050744807e+04 2.308195884081185312e-01
1.185227785129872427e+04 2.301498100585872009e-01
1.188561759209000229e+04 2.295208616054183748e-01
1.191895733288127849e+04 2.289008874118237113e-01
1.195229707367255651e+04 2.282823194554725044e-01
1.198563681446383089e+04 2.276776194471079595e-01
1.201897655525510709e+04 2.270641761850477058e-01
1.205231629604638511e+04 2.264229870855993532e-01
1.208565603683766130e+04 2.258127272033086663e-01
1.211899577762893750e+04 2.251700296949461499e-01
1.215233551842021370e+04 2.246256685428492661e-01
1.218567525921149172e+04 2.239950206293866986e-01
1.221901500000276792e+04 2.234393634080878432e-01
1.225235474079404412e+04 2.228568117649750990e-01
1.228569448158532032e+04 2.222558766790523055e-01
1.231903422237659834e+04 2.216774377976425958e-01
1.235237396316787454e+04 2.211462871344034298e-01
1.238571370395915073e+04 2.204732436977331622e-01
1.241905344475042693e+04 2.199371993221528876e-01
1.245239318554170495e+04 2.193967640018416321e-01
1.248573292633298115e+04 2.188490643052885820e-01
1.251907266712425917e+04 2.182556762140944462e-01
1.255241240791553355e+04 2.176954339182654574e-01
1.258575214870681157e+04 2.171072311530536370e-01
1.261909188949808777e+04 2.165588890320881144e-01
1.265243163028936578e+04 2.161724051522693479e-01
1.268577137108064017e+04 2.155431186066955052e-01
1.271911111187191818e+04 2.150083882282111669e-01
1.275245085266319438e+04 2.144531897669414711e-01
1.278579059345447240e+04 2.139042740398515163e-01
1.281913033424574678e+04 2.133712660129020167e-01
1.285247007503702298e+04 2.128905671153563384e-01
1.288580981582830100e+04 2.123892049845567398e-01
1.291914955661957720e+04 2.118393061445301151e-01
1.295248929741085522e+04 2.113426305932470661e-01
1.298582903820212960e+04 2.108181109248546126e-01
1.301916877899340761e+04 2.102729073910364899e-01
1.305250851978468381e+04 2.097728256959278115e-01
1.308584826057596183e+04 2.092526084519849283e-01
1.311918800136723621e+04 2.087327954514542339e-01
1.315252774215851423e+04 2.080159919161962134e-01
1.318586748294979043e+04 2.081736798681718403e-01
1.321920722374106845e+04 2.074442592344111214e-01
1.325254696453234283e+04 2.069170370605048770e-01
1.328588670532362084e+04 2.064055591945215817e-01
1.331922644611489704e+04 2.059281781907789655e-01
1.335256618690617506e+04 2.054811020611287675e-01
1.338590592769744944e+04 2.050116521398566982e-01
1.341924566848872746e+04 2.045473114925135394e-01
1.345258540928000366e+04 2.040403873810897328e-01
1.348592515007128168e+04 2.035496073625771840e-01
1.351926489086255788e+04 2.030764891671499039e-01
1.355260463165383408e+04 2.026330675657857516e-01
1.358594437244511028e+04 2.022033051928336100e-01
1.361928411323638829e+04 2.017260507289664884e-01
1.365262385402766449e+04 2.012502750818693786e-01
1.368596359481894069e+04 2.007997380752911676e-01
1.371930333561021871e+04 2.003394385756331608e-01
1.375264307640149309e+04 1.999262126333183065e-01
1.378598281719277111e+04 1.994757579807174830e-01
1.381932255798404731e+04 1.990604271242717438e-01
1.385266229877532169e+04 1.986144433770732909e-01
1.388600203956659971e+04 1.981808301995834909e-01
1.391934178035787772e+04 1.977308296272373422e-01
1.395268152114915392e+04 1.973351905264011108e-01
1.398602126194042830e+04 1.968667083409996743e-01
1.401936100273170632e+04 1.964577111577721635e-01
1.405270074352298434e+04 1.960567043762080630e-01
1.408604048431426054e+04 1.956670821921855652e-01
1.411938022510553492e+04 1.952215814192682086e-01
1.415271996589681294e+04 1.948299053115174762e-01
1.418605970668809096e+04 1.944664796627064984e-01
1.421939944747936715e+04 1.948531362496403185e-01
1.425273918827064153e+04 1.933254569236638465e-01
1.428607892906191955e+04 1.930461840431129394e-01
1.431941866985319757e+04 1.926854041092252723e-01
1.435275841064447377e+04 1.922629381750348421e-01
1.438609815143574815e+04 1.918771406716962835e-01
1.441943789222702617e+04 1.914748235489918959e-01
1.445277763301830419e+04 1.911249233682474902e-01
1.448611737380958220e+04 1.907533365566531358e-01
1.451945711460085658e+04 1.903651868202198560e-01
1.455279685539213278e+04 1.899705757546773788e-01
1.458613659618341080e+04 1.895740543193615291e-01
1.461947633697468518e+04 1.891695750573830770e-01
1.465281607776596320e+04 1.887921735806700752e-01
1.468615581855723940e+04 1.884281983431770335e-01
1.471949555934851742e+04 1.880760420506041308e-01
1.475283530013979180e+04 1.877346910083210474e-01
1.478617504093106982e+04 1.873201368910134834e-01
1.481951478172234602e+04 1.869288609553397540e-01
1.485285452251362403e+04 1.865441887481255612e-01
1.488619426330489841e+04 1.861800551775287249e-01
1.491953400409617643e+04 1.858376093919317795e-01
1.495287374488745263e+04 1.854911877790508257e-01
1.498621348567873065e+04 1.851401393602223888e-01
1.501955322647000503e+04 1.847941988211654341e-01
1.505289296726128305e+04 1.843970338935596032e-01
1.508623270805255925e+04 1.840123583636745497e-01
1.511957244884383726e+04 1.836699263354186207e-01
1.515291218963511164e+04 1.833250717323559875e-01
1.518625193042638966e+04 1.830110929691917965e-01
1.521959167121766586e+04 1.826715592040587810e-01
1.525293141200894388e+04 1.823546554030690547e-01
1.528627115280021826e+04 1.815508477438807222e-01
1.531961089359149628e+04 1.814862321909869181e-01
1.535295063438277248e+04 1.811966206477871322e-01
1.538629037517405050e+04 1.808670332806734948e-01
1.541963011596532488e+04 1.805792399558983075e-01
1.545296985675660289e+04 1.802223827211231477e-01
1.548630959754788091e+04 1.798801798668372975e-01
1.551964933833915529e+04 1.795512989856908048e-01
1.555298907913043149e+04 1.792317460580167554e-01
1.558632881992170951e+04 1.788808219771098329e-01
1.561966856071298753e+04 1.785754590563587152e-01
1.565300830150426191e+04 1.782556304428163096e-01
1.568634804229553811e+04 1.779364551215521506e-01
1.571968778308681613e+04 1.775926398524819982e-01
1.575302752387809414e+04 1.772808139528719851e-01
1.578636726466936852e+04 1.769234033579821785e-01
1.581970700546064472e+04 1.766609846342228340e-01
1.585304674625192274e+04 1.763397255707258027e-01
1.588638648704320076e+04 1.760352246831325962e-01
1.591972622783447514e+04 1.757475729460020175e-01
1.595306596862575134e+04 1.754044132883734730e-01
1.598640570941702936e+04 1.750853939527335645e-01
1.601974545020830737e+04 1.747806764570647431e-01
1.605308519099958176e+04 1.745137042909882807e-01
1.608642493179085795e+04 1.742141469834537493e-01
1.611976467258213597e+04 1.739300921347691764e-01
1.615310441337341399e+04 1.736253969241327855e-01
1.618644415416468837e+04 1.732993878130549559e-01
1.621978389495596457e+04 1.729995162149241816e-01
1.625312363574724259e+04 1.727439670538447325e-01
1.628646337653852061e+04 1.724973493797943291e-01
1.631980311732979499e+04 1.725257457611156786e-01
1.635314285812107119e+04 1.714270386466917873e-01
1.638648259891234920e+04 1.713757942439808613e-01
1.641982233970362358e+04 1.711163681162330141e-01
1.645316208049490160e+04 1.708508845746324056e-01
1.648650182128617962e+04 1.705683866393050696e-01
1.651984156207745764e+04 1.703181643517056032e-01
1.655318130286873202e+04 1.700550908176292619e-01
1.658652104366000640e+04 1.697653432117793848e-01
1.661986078445128442e+04 1.695056457432365105e-01
1.665320052524256243e+04 1.692065258892474777e-01
1.668654026603383682e+04 1.688934650974837359e-01
1.671988000682511483e+04 1.686192195379198067e-01
1.675321974761639285e+04 1.683687868983660962e-01
1.678655948840767087e+04 1.681072574113024187e-01
1.681989922919894525e+04 1.678316634494012860e-01
1.685323896999021963e+04 1.676471897174010017e-01
1.688657871078149765e+04 1.672388522407023959e-01
1.691991845157277567e+04 1.669576910863454222e-01
1.695325819236405005e+04 1.667329538938510380e-01
1.698659793315532806e+04 1.664735070856251109e-01
1.701993767394660608e+04 1.662456611390748795e-01
1.705327741473788410e+04 1.659681052460142414e-01
1.708661715552915848e+04 1.656918510867473326e-01
1.711995689632043650e+04 1.654125189885713165e-01
1.715329663711171088e+04 1.651848728204166894e-01
1.718663637790298890e+04 1.649120783566471460e-01
1.721997611869426328e+04 1.646578990275051890e-01
1.725331585948554130e+04 1.644219264314487616e-01
1.728665560027681931e+04 1.641595507223384820e-01
1.731999534106809369e+04 1.638732279898419963e-01
1.735333508185937171e+04 1.636594287252346736e-01
1.738667482265064973e+04 1.634230281932285145e-01
1.742001456344192411e+04 1.631187915073530892e-01
1.745335430423319849e+04 1.628893532035378400e-01
1.748669404502447651e+04 1.626677433470476164e-01
1.752003378581575453e+04 1.624230932585759291e-01
1.755337352660703255e+04 1.621593406130210357e-01
1.758671326739830693e+04 1.619236436644372057e-01
1.762005300818958494e+04 1.616792190718124578e-01
1.765339274898086296e+04 1.613482353558677584e-01
1.768673248977213734e+04 1.611780068182841474e-01
1.772007223056341172e+04 1.609514122304408767e-01
1.775341197135468974e+04 1.607113426933634015e-01
1.778675171214596776e+04 1.604471898738547564e-01
1.782009145293724578e+04 1.601839299646231618e-01
1.785343119372852016e+04 1.599742670923964549e-01
1.788677093451979817e+04 1.597490392669827786e-01
1.792011067531107619e+04 1.595440645074771291e-01
1.795345041610235421e+04 1.592572869105360889e-01
1.798679015689362859e+04 1.590584269013050056e-01
1.802012989768490297e+04 1.587862625826347573e-01
1.805346963847618099e+04 1.585625178337420060e-01
1.808680937926745901e+04 1.583495117611431746e-01
1.812014912005873339e+04 1.581313191795063466e-01
1.815348886085001141e+04 1.578981833174682714e-01
1.818682860164128942e+04 1.576878952672107481e-01
1.822016834243256380e+04 1.574504610880960165e-01
1.825350808322384182e+04 1.571925446115083891e-01
1.828684782401511620e+04 1.569418538277922992e-01
1.832018756480639422e+04 1.566934744724120809e-01
1.835352730559766860e+04 1.564430507758761968e-01
1.838686704638894662e+04 1.561554270806669309e-01
1.842020678718022464e+04 1.555702370831975878e-01
1.845354652797150266e+04 1.575868438657926918e-01
1.848688626876277704e+04 1.560895362865693803e-01
1.852022600955405505e+04 1.556836682515946868e-01
1.855356575034532943e+04 1.554391497477452533e-01
1.858690549113660745e+04 1.552181351654740027e-01
1.862024523192788183e+04 1.550100874390697436e-01
1.865358497271915985e+04 1.547299834075314406e-01
1.868692471351043787e+04 1.543486863992467595e-01
1.872026445430171589e+04 1.544307343281246248e-01
1.875360419509299027e+04 1.541521832086578669e-01
1.878694393588426829e+04 1.539416137331807710e-01
1.882028367667554267e+04 1.537395071290419968e-01
1.885362341746682068e+04 1.535251668472953357e-01
1.888696315825809506e+04 1.533136037404128627e-01
1.892030289904937308e+04 1.530726341609950358e-01
1.895364263984065110e+04 1.528821758161151012e-01
1.898698238063192912e+04 1.526996060612277051e-01
1.902032212142320350e+04 1.524910391005276922e-01
1.905366186221448152e+04 1.522939424569600408e-01
1.908700160300575953e+04 1.521208165790082778e-01
1.912034134379703391e+04 1.519257007903059564e-01
1.915368108458830829e+04 1.516916260290747109e-01
1.918702082537958631e+04 1.515196184868011497e-01
1.922036056617086433e+04 1.512899672071340573e-01
1.925370030696213871e+04 1.511183525444508569e-01
1.928704004775341673e+04 1.509295549402422110e-01
1.932037978854469475e+04 1.507629119312509369e-01
1.935371952933597277e+04 1.505494228979409044e-01
1.938705927012724715e+04 1.503362086156018462e-01
1.942039901091852153e+04 1.501446083151260213e-01
1.945373875170979954e+04 1.499803806091362657e-01
1.948707849250107756e+04 1.499035615632123841e-01
1.952041823329235194e+04 1.495420531893774940e-01
1.955375797408362996e+04 1.493654652590251652e-01
1.958709771487490798e+04 1.492062240281386287e-01
1.962043745566618600e+04 1.490022318409489899e-01
1.965377719645746038e+04 1.488233882862021740e-01
1.968711693724873476e+04 1.486627992615763283e-01
1.972045667804001278e+04 1.485098800638837979e-01
1.975379641883129079e+04 1.482681079612169495e-01
1.978713615962256517e+04 1.481142159223654275e-01
1.982047590041384319e+04 1.479677758169370139e-01
1.985381564120512121e+04 1.477609409051672817e-01
1.988715538199639923e+04 1.475685831872216580e-01
1.992049512278767361e+04 1.474146506546915592e-01
1.995383486357895163e+04 1.472397767619437470e-01
1.998717460437022601e+04 1.470671808163779015e-01
2.002051434516150039e+04 1.468830172922195587e-01
2.005385408595277841e+04 1.467197998939097359e-01
2.008719382674405642e+04 1.465374493282021462e-01
2.012053356753533444e+04 1.463512833967222093e-01
2.015387330832660882e+04 1.462121610763200408e-01
2.018721304911788684e+04 1.460500968896195906e-01
2.022055278990916486e+04 1.459216471518977876e-01
2.025389253070043924e+04 1.457204332901659849e-01
2.028723227149171362e+04 1.455117173544007714e-01
2.032057201228299164e+04 1.453851476118397656e-01
2.035391175307426965e+04 1.452028005973756697e-01
2.038725149386554767e+04 1.450371701627175547e-01
2.042059123465682205e+04 1.449008611779789291e-01
2.045393097544810007e+04 1.447344034442918093e-01
2.048727071623937809e+04 1.445435395005024715e-01
2.052061045703065247e+04 1.443558873416666555e-01
2.055395019782192685e+04 1.442900519249525892e-01
2.058728993861320487e+04 1.440414760867441135e-01
2.062062967940448289e+04 1.439041648962919862e-01
2.065396942019576090e+04 1.437639508786542897e-01
2.068730916098703528e+04 1.436078282711722442e-01
2.072064890177831330e+04 1.434521604830874542e-01
2.075398864256959132e+04 1.432828406117708231e-01
2.078732838336086570e+04 1.431518557406312731e-01
2.082066812415214008e+04 1.428909760245134497e-01
2.085400786494341810e+04 1.427896128944709797e-01
2.088734760573469612e+04 1.426369242498130852e-01
2.092068734652597050e+04 1.425099456557668287e-01
2.095402708731724852e+04 1.423467727823959084e-01
2.098736682810852653e+04 1.421605501317797227e-01
2.102070656889980455e+04 1.420038963369419094e-01
2.105404630969107893e+04 1.418757437718333181e-01
2.108738605048235695e+04 1.417234989569697845e-01
2.112072579127363133e+04 1.416172761961854709e-01
2.115406553206490935e+04 1.414607716457077224e-01
2.118740527285618373e+04 1.413100497989673854e-01
2.122074501364746175e+04 1.411271728958124472e-01
2.125408475443873976e+04 1.410070380591375294e-01
2.128742449523001778e+04 1.408638345501377620e-01
2.132076423602129216e+04 1.407424323786169718e-01
2.135410397681257018e+04 1.406093747137133476e-01
2.138744371760384456e+04 1.404484284668705840e-01
2.142078345839512258e+04 1.403175719686522716e-01
2.145412319918639696e+04 1.401647892941218221e-01
2.148746293997767498e+04 1.400281889425672999e-01
2.152080268076895300e+04 1.399189885475123629e-01
2.155414242156023101e+04 1.398407060333576590e-01
2.158748216235150539e+04 1.398721539272159420e-01
2.162082190314278341e+04 1.388015464718985181e-01
2.165416164393405779e+04 1.391365865801589552e-01
2.168750138472533581e+04 1.390546433570849227e-01
2.172084112551661019e+04 1.389178583603056516e-01
2.175418086630788821e+04 1.388385759025883293e-01
2.178752060709916623e+04 1.387114017805544108e-01
2.182086034789044061e+04 1.386093651949025507e-01
2.185420008868171863e+04 1.384614374341300858e-01
2.188753982947299664e+04 1.383256656281603991e-01
2.192087957026427466e+04 1.381602759793746360e-01
2.195421931105554904e+04 1.380255639955821623e-01
2.198755905184682342e+04 1.379158856749533313e-01
2.202089879263810144e+04 1.377961294503587952e-01
2.205423853342937946e+04 1.376745381219171283e-01
2.208757827422065384e+04 1.375255175475522673e-01
2.212091801501193186e+04 1.373718420546065355e-01
2.215425775580320988e+04 1.372088919490205838e-01
2.218759749659448789e+04 1.370992560386623815e-01
2.222093723738576227e+04 1.369950216724207248e-01
2.225427697817703665e+04 1.368888409547022733e-01
2.228761671896831467e+04 1.367734742759433852e-01
2.232095645975959269e+04 1.366290299677674625e-01
2.235429620055086707e+04 1.364896240305529529e-01
2.238763594134214509e+04 1.363945023737231643e-01
2.242097568213342311e+04 1.362058537831676297e-01
2.245431542292470112e+04 1.361104580051093749e-01
2.248765516371597550e+04 1.360067244109687268e-01
2.252099490450724988e+04 1.358918368244048380e-01
2.255433464529852790e+04 1.357547786581459193e-01
2.258767438608980228e+04 1.356236954162597930e-01
2.262101412688108030e+04 1.355032061721218872e-01
2.265435386767235832e+04 1.354596757941097518e-01
2.268769360846363634e+04 1.352269058281444225e-01
2.272103334925491072e+04 1.351707409615175715e-01
2.275437309004618874e+04 1.350428130820389150e-01
2.278771283083746312e+04 1.349381806508849480e-01
2.282105257162874113e+04 1.347775806887609451e-01
2.285439231242001551e+04 1.346755112017233580e-01
2.288773205321129353e+04 1.345743364166480938e-01
2.292107179400257155e+04 1.344249008920278543e-01
2.295441153479384957e+04 1.343411909043815688e-01
2.298775127558512395e+04 1.342263648557435463e-01
2.302109101637640197e+04 1.341076520206904710e-01
2.305443075716767999e+04 1.339601085731449148e-01
2.308777049795895437e+04 1.338620043025637585e-01
2.312111023875022875e+04 1.337685628540285776e-01
2.315444997954150676e+04 1.336538756992263766e-01
2.318778972033278478e+04 1.335342885473891072e-01
2.322112946112406280e+04 1.334344530117840544e-01
2.325446920191533718e+04 1.333096645274273462e-01
2.328780894270661520e+04 1.332001875869786855e-01
2.332114868349789322e+04 1.330752797487782524e-01
2.335448842428916760e+04 1.329889208068547046e-01
2.338782816508044198e+04 1.328786318293777580e-01
2.342116790587172000e+04 1.328027741335252865e-01
2.345450764666299801e+04 1.326533118744411821e-01
2.348784738745427239e+04 1.325719056805449436e-01
2.352118712824555041e+04 1.324323685233785575e-01
2.355452686903682843e+04 1.323076350042838023e-01
2.358786660982810645e+04 1.322276633358655529e-01
2.362120635061938083e+04 1.321481860051469670e-01
2.365454609141065521e+04 1.320323995421270047e-01
2.368788583220193323e+04 1.319249364877809194e-01
2.372122557299321124e+04 1.315450898476967501e-01
2.375456531378448562e+04 1.316659602234814541e-01
2.378790505457576364e+04 1.315741046883202037e-01
2.382124479536704166e+04 1.315134634037652683e-01
2.385458453615831968e+04 1.314224010718591518e-01
2.388792427694959406e+04 1.313245031813680963e-01
2.392126401774087208e+04 1.312216497344965149e-01
2.395460375853214646e+04 1.311223865072027039e-01
2.398794349932342448e+04 1.309700593762039567e-01
2.402128324011469886e+04 1.308710021804669332e-01
2.405462298090597687e+04 1.307929877169105304e-01
2.408796272169725489e+04 1.307005767518145123e-01
2.412130246248853291e+04 1.306231395480605684e-01
2.415464220327980729e+04 1.304972765447300620e-01
2.418798194407108531e+04 1.303959767840190132e-01
2.422132168486235969e+04 1.303314893095324778e-01
2.425466142565363771e+04 1.301264951974214490e-01
2.428800116644491209e+04 1.300959300612819503e-01
2.432134090723619011e+04 1.300572568159343856e-01
2.435468064802746812e+04 1.299567727518703142e-01
2.438802038881874250e+04 1.298542627069076971e-01
2.442136012961002052e+04 1.297341862357579978e-01
2.445469987040129854e+04 1.296526421968600129e-01
2.448803961119257292e+04 1.295389226585657028e-01
2.452137935198384730e+04 1.294921507182218434e-01
2.455471909277512532e+04 1.294025240518416608e-01
2.458805883356640334e+04 1.292900893191088196e-01
2.462139857435768135e+04 1.291963928085255175e-01
2.465473831514895573e+04 1.290760759912909506e-01
2.468807805594023375e+04 1.289972672938342613e-01
2.472141779673151177e+04 1.289471555457420704e-01
2.475475753752278615e+04 1.288985857989966011e-01
2.478809727831406053e+04 1.286249942762707765e-01
2.482143701910533855e+04 1.286255811741515431e-01
2.485477675989661657e+04 1.285498223582488830e-01
2.488811650068789459e+04 1.284458123310009969e-01
2.492145624147916897e+04 1.283623118027532872e-01
2.495479598227044698e+04 1.283092357716230369e-01
2.498813572306172500e+04 1.281898945572381154e-01
2.502147546385300302e+04 1.281038883195956823e-01
2.505481520464427740e+04 1.280521877782012929e-01
2.508815494543555178e+04 1.279662716901920627e-01
2.512149468622682980e+04 1.278472544460750038e-01
2.515483442701810782e+04 1.277657093919153664e-01
2.518817416780938220e+04 1.276934308931923223e-01
2.522151390860066022e+04 1.276281245819061438e-01
2.525485364939193823e+04 1.275488724914263239e-01
2.528819339018321261e+04 1.274461901949621723e-01
2.532153313097449063e+04 1.273579071624916514e-01
2.535487287176576501e+04 1.272876467773904618e-01
2.538821261255704303e+04 1.271953118200692123e-01
2.542155235334831741e+04 1.271533288266251671e-01
2.545489209413959543e+04 1.270965999568816340e-01
2.548823183493087345e+04 1.270017117764574155e-01
2.552157157572215147e+04 1.269018484247434464e-01
2.555491131651342585e+04 1.268338311192233059e-01
2.558825105730470386e+04 1.267444159931473968e-01
2.562159079809597824e+04 1.266453673441837735e-01
2.565493053888725626e+04 1.266086661648051226e-01
2.568827027967853064e+04 1.265259360068750616e-01
2.572161002046980866e+04 1.264469912849646993e-01
2.575494976126108668e+04 1.263613300517880400e-01
2.578828950205236470e+04 1.262984175214830473e-01
2.582162924284363908e+04 1.264094383566177204e-01
2.585496898363491709e+04 1.260480071347724329e-01
2.588830872442619147e+04 1.260118087266943465e-01
2.592164846521746949e+04 1.259748701594054221e-01
2.595498820600874387e+04 1.259002765683781278e-01
2.598832794680002189e+04 1.258103536004085976e-01
2.602166768759129991e+04 1.256747797899729624e-01
2.605500742838257793e+04 1.255566977180238297e-01
2.608834716917385231e+04 1.261450065911264851e-01
2.612168690996513033e+04 1.256331628143966539e-01
2.615502665075640834e+04 1.255502185044719554e-01
2.618836639154768272e+04 1.254457615394028724e-01
2.622170613233895710e+04 1.253380468885470778e-01
2.625504587313023512e+04 1.252418645106060380e-01
2.628838561392151314e+04 1.251904051997108913e-01
2.632172535471278752e+04 1.251309716221108981e-01
2.635506509550406554e+04 1.250885829713611341e-01
2.638840483629534356e+04 1.250095248833116568e-01
2.642174457708662158e+04 1.249328759245981191e-01
2.645508431787789596e+04 1.248570310076059092e-01
2.648842405866917034e+04 1.247850538218362587e-01
2.652176379946044835e+04 1.247103712037986728e-01
2.655510354025172637e+04 1.246820041921380268e-01
2.658844328104300075e+04 1.245792584700196742e-01
2.662178302183427877e+04 1.245378133008607086e-01
2.665512276262555679e+04 1.244618086055984396e-01
2.668846250341683481e+04 1.244099657773024836e-01
2.672180224420810919e+04 1.243054574170336102e-01
2.675514198499938357e+04 1.242485283327510182e-01
2.678848172579066159e+04 1.242156265476499072e-01
2.682182146658193960e+04 1.241549989254164266e-01
2.685516120737321398e+04 1.241255930209510389e-01
2.688850094816449200e+04 1.238087833667813054e-01
2.692184068895577002e+04 1.239105415740808236e-01
2.695518042974704804e+04 1.238533190935356826e-01
2.698852017053832242e+04 1.238077020489564556e-01
2.702185991132960044e+04 1.237806256048219061e-01
2.705519965212087482e+04 1.237297192719235550e-01
2.708853939291214920e+04 1.236711522924257428e-01
2.712187913370342721e+04 1.236045886052618142e-01
2.715521887449470523e+04 1.234777614701265819e-01
2.718855861528598325e+04 1.234696694752555335e-01
2.722189835607725763e+04 1.233855968503494716e-01
2.725523809686853565e+04 1.233526195653966567e-01
2.728857783765981367e+04 1.232977353046623842e-01
2.732191757845108805e+04 1.232242537685333816e-01
2.735525731924236243e+04 1.231343533260460116e-01
2.738859706003364045e+04 1.230882902154904340e-01
2.742193680082491846e+04 1.230752588417722004e-01
2.745527654161619648e+04 1.229863714848492273e-01
2.748861628240747086e+04 1.229484937632734365e-01
2.752195602319875252e+04 1.229193611299357336e-01
2.755529576399002690e+04 1.228378131684607494e-01
2.758863550478130128e+04 1.227876826563568391e-01
2.762197524557257930e+04 1.227045159919072231e-01
2.765531498636385368e+04 1.226588501535234854e-01
2.768865472715512806e+04 1.226328497030876041e-01
2.772199446794640971e+04 1.225689828723137836e-01
2.775533420873768409e+04 1.225207643571462474e-01
2.778867394952896575e+04 1.224541096389184236e-01
2.782201369032024013e+04 1.223821371438344602e-01
2.785535343111151451e+04 1.222944595166827048e-01
2.788869317190279253e+04 1.222679058586354645e-01
2.792203291269406691e+04 1.222387452828756355e-01
2.795537265348534129e+04 1.222040142802794660e-01
2.798871239427662294e+04 1.221625603005615651e-01
2.802205213506789732e+04 1.221114893812275948e-01
2.805539187585917171e+04 1.220301976196707522e-01
2.808873161665045336e+04 1.219793928020418694e-01
2.812207135744172774e+04 1.219461488497045609e-01
2.815541109823300576e+04 1.219157930063087536e-01
2.818875083902428014e+04 1.217720998741848304e-01
2.822209057981555452e+04 1.218300708180877073e-01
2.825543032060683618e+04 1.217464676187747369e-01
2.828877006139811056e+04 1.217016032899120026e-01
2.832210980218938494e+04 1.216365843146473696e-01
2.835544954298066659e+04 1.215937214161532109e-01
2.838878928377194097e+04 1.215608958465032863e-01
2.842212902456321899e+04 1.215260764285920614e-01
2.845546876535449337e+04 1.214894329518489552e-01
2.848880850614576775e+04 1.214491217938196282e-01
2.852214824693704941e+04 1.213905874223653730e-01
2.855548798772832379e+04 1.213243218640896320e-01
2.858882772851959817e+04 1.212805454186492576e-01
2.862216746931087982e+04 1.212797468879896201e-01
2.865550721010215420e+04 1.212301016797113495e-01
2.868884695089343222e+04 1.211787490760363184e-01
2.872218669168470660e+04 1.211529190751457208e-01
2.875552643247598098e+04 1.210359570681399516e-01
2.878886617326726264e+04 1.210138645160557525e-01
2.882220591405853702e+04 1.209675504004905089e-01
2.885554565484981140e+04 1.209591580023767626e-01
2.888888539564109306e+04 1.208965108202753463e-01
2.892222513643236744e+04 1.208540089768093823e-01
2.895556487722364182e+04 1.207598373309856088e-01
2.898890461801492347e+04 1.205392201658762180e-01
2.902224435880619785e+04 1.207802988290644364e-01
2.905558409959747587e+04 1.207174228068301908e-01
2.908892384038875025e+04 1.206807615694268365e-01
2.912226358118002463e+04 1.206631335608913391e-01
2.915560332197130629e+04 1.206025902045716885e-01
2.918894306276258067e+04 1.205604683722748122e-01
2.922228280355385505e+04 1.205267603356249551e-01
2.925562254434513670e+04 1.204151375933664031e-01
2.928896228513641108e+04 1.204023331571579397e-01
2.932230202592768910e+04 1.203920448218516043e-01
2.935564176671896348e+04 1.203776598061910286e-01
2.938898150751023786e+04 1.203118636663319529e-01
2.942232124830151952e+04 1.202675584754255428e-01
2.945566098909279390e+04 1.202095507242679495e-01
2.948900072988406828e+04 1.201900927307461842e-01
2.952234047067534993e+04 1.201346149152470455e-01
2.955568021146662431e+04 1.201720084606142935e-01
2.958901995225790233e+04 1.201427484216683467e-01
2.962235969304917671e+04 1.200935057586296623e-01
2.965569943384045109e+04 1.200449530952353572e-01
2.968903917463173275e+04 1.199987043489387645e-01
2.972237891542300713e+04 1.199827609318541016e-01
2.975571865621428151e+04 1.199914448398863437e-01
2.978905839700556317e+04 1.198960176913604625e-01
2.982239813779683755e+04 1.199024796961213613e-01
2.985573787858811193e+04 1.198493543626126534e-01
2.988907761937938994e+04 1.198107318637291613e-01
2.992241736017066432e+04 1.197599593913809546e-01
2.995575710096194598e+04 1.197602328028496699e-01
2.998909684175322036e+04 1.197446147330789856e-01
3.002243658254449474e+04 1.197350104795488757e-01
3.005577632333577640e+04 1.195295466477713370e-01
3.008911606412705078e+04 1.196273704173147212e-01
3.012245580491832516e+04 1.195804772242880648e-01
3.015579554570960318e+04 1.195531799611428136e-01
3.018913528650087756e+04 1.195255619766588534e-01
3.022247502729215921e+04 1.195200943235362884e-01
3.025581476808343359e+04 1.194902928295860089e-01
3.028915450887470797e+04 1.194492512663116457e-01
3.032249424966598963e+04 1.194383616492240424e-01
3.035583399045726401e+04 1.193716847139033588e-01
3.038917373124853839e+04 1.193541932799996041e-01
3.042251347203981641e+04 1.193124086015026064e-01
3.045585321283109079e+04 1.193363867118624466e-01
3.048919295362237244e+04 1.192995490110289603e-01
3.052253269441364682e+04 1.192629273830332903e-01
3.055587243520492120e+04 1.191882033235025229e-01
3.058921217599620286e+04 1.192194386503987596e-01
3.062255191678747724e+04 1.191755138557907545e-01
3.065589165757875162e+04 1.191664580805557871e-01
3.068923139837002964e+04 1.191627147238192019e-01
3.072257113916130402e+04 1.191381133400767484e-01
3.075591087995257840e+04 1.190908319850192409e-01
3.078925062074386005e+04 1.190815720204643074e-01
3.082259036153513443e+04 1.190363908764167783e-01
3.085593010232641609e+04 1.190430917338656941e-01
3.088926984311769047e+04 1.189986901763974703e-01
3.092260958390896485e+04 1.189836551834333317e-01
3.095594932470024651e+04 1.189778743643246511e-01
3.098928906549152089e+04 1.189434925367945095e-01
3.102262880628279527e+04 1.189049175486630999e-01
3.105596854707407329e+04 1.188674931743750052e-01
3.108930828786534767e+04 1.188702339955589604e-01
3.112264802865662932e+04 1.188499893410112640e-01
3.115598776944790370e+04 1.188662254045713684e-01
3.118932751023917808e+04 1.188646002024100895e-01
3.122266725103045974e+04 1.188199921896520989e-01
3.125600699182173412e+04 1.187736782184885820e-01
3.128934673261300850e+04 1.187632762903900602e-01
3.132268647340428652e+04 1.187469093480323507e-01
3.135602621419556090e+04 1.187005846045536828e-01
3.138936595498684255e+04 1.187216768639458991e-01
3.142270569577811693e+04 1.187140894251522694e-01
3.145604543656939131e+04 1.186568803482103279e-01
3.148938517736067297e+04 1.186421868195161322e-01
3.152272491815194735e+04 1.186062449463208546e-01
3.155606465894322173e+04 1.186133935144450952e-01
3.158940439973449975e+04 1.186115980659450120e-01
3.162274414052577413e+04 1.185785192546734146e-01
3.165608388131704851e+04 1.186066715129469318e-01
3.168942362210833016e+04 1.185862072996091698e-01
3.172276336289960454e+04 1.185513493804453838e-01
3.175610310369088620e+04 1.185178469016809344e-01
3.178944284448216058e+04 1.185210283009784094e-01
3.182278258527343496e+04 1.185213931055561359e-01
3.185612232606471298e+04 1.184815997808954247e-01
3.188946206685598736e+04 1.185140257024334814e-01
3.192280180764726174e+04 1.184764749054326854e-01
3.195614154843854340e+04 1.184168322009237495e-01
3.198948128922981778e+04 1.184125355149573955e-01
3.202282103002109943e+04 1.184045148389134966e-01
3.205616077081237381e+04 1.184275440479356928e-01
3.208950051160364819e+04 1.184098294905493454e-01
3.212284025239492621e+04 1.184060448700588047e-01
3.215617999318620059e+04 1.182487875362352864e-01
3.218951973397747497e+04 1.183824983379297008e-01
3.222285947476875663e+04 1.183718696244454166e-01
3.225619921556003101e+04 1.183661323846331020e-01
3.228953895635131266e+04 1.183828866096934274e-01
3.232287869714258704e+04 1.183799118077439871e-01
3.235621843793386142e+04 1.183342549432841867e-01
3.238955817872513944e+04 1.183675358132381811e-01
3.242289791951641382e+04 1.182238466687376421e-01
3.245623766030768820e+04 1.182875312411826307e-01
3.248957740109896986e+04 1.182704154000063373e-01
3.252291714189024424e+04 1.182972879080139705e-01
3.255625688268151862e+04 1.182871071256329787e-01
3.258959662347280027e+04 1.182616302773926292e-01
3.262293636426407465e+04 1.182674763175246002e-01
3.265627610505535267e+04 1.182459796737344165e-01
3.268961584584662705e+04 1.182581548944495187e-01
3.272295558663790143e+04 1.182420494010457956e-01
3.275629532742918309e+04 1.182663018830120705e-01
3.278963506822045747e+04 1.182652457404247681e-01
3.282297480901173549e+04 1.182490287881493712e-01
3.285631454980301351e+04 1.182143634401726234e-01
3.288965429059428425e+04 1.182049149312978525e-01
3.292299403138556954e+04 1.182165659605890068e-01
3.295633377217684028e+04 1.182236919955768351e-01
3.298967351296811830e+04 1.182048751350668336e-01
3.302301325375939632e+04 1.182245062558597709e-01
3.305635299455067434e+04 1.181691271798707560e-01
3.308969273534194508e+04 1.181462559742693791e-01
3.312303247613322310e+04 1.181351446122351212e-01
3.315637221692450112e+04 1.181391993334674623e-01
3.318971195771577914e+04 1.180219990962522170e-01
3.322305169850705715e+04 1.187063346696103083e-01
3.325639143929832790e+04 1.183479735134203154e-01
3.328973118008961319e+04 1.182823478023801445e-01
3.332307092088088393e+04 1.182658164280433327e-01
