# Step, Time, dipole_x, dipole_y, dipole_z (all in a.u.)
0.000000000000000000e+00 0.000000000000000000e+00 -9.318907088633383215e-16 -1.243449787580175325e-14 -7.743741377807709103e-01 -9.318907088633383215e-16 -1.243449787580175325e-14 -7.743741377807709103e-01
1.000000000000000000e+00 2.067068589564640035e+01 7.918172292335317221e-17 -4.218847493575594854e-15 -7.744881570556529926e-01 7.918172292335317221e-17 -4.218847493575594854e-15 -7.744881570556529926e-01
2.000000000000000000e+00 4.134137179129280071e+01 -6.622222196599099698e-16 -2.220446049250313081e-16 -7.748146905724518918e-01 -6.622222196599099698e-16 -2.220446049250313081e-16 -7.748146905724518918e-01
3.000000000000000000e+00 6.201205768693920106e+01 -3.419748512109801564e-16 -7.660538869913580129e-15 -7.753081052949212237e-01 -3.419748512109801564e-16 -7.660538869913580129e-15 -7.753081052949212237e-01
4.000000000000000000e+00 8.268274358258560142e+01 -5.865117845475113698e-16 1.687538997430237941e-14 -7.759043844841639892e-01 -5.865117845475113698e-16 1.687538997430237941e-14 -7.759043844841639892e-01
5.000000000000000000e+00 1.033534294782320018e+02 -5.910991632844265539e-16 1.609823385706476984e-14 -7.765340117341266168e-01 -5.910991632844265539e-16 1.609823385706476984e-14 -7.765340117341266168e-01
6.000000000000000000e+00 1.240241153738784021e+02 -1.217109451256277233e-15 1.321165399303936283e-14 -7.771338265711824622e-01 -1.217109451256277233e-15 1.321165399303936283e-14 -7.771338265711824622e-01
7.000000000000000000e+00 1.446948012695248167e+02 2.924723239663431048e-17 -2.209343819004061515e-14 -7.776549431934168810e-01 2.924723239663431048e-17 -2.209343819004061515e-14 -7.776549431934168810e-01
8.000000000000000000e+00 1.653654871651712028e+02 9.121824614153386531e-16 -1.254552017826426891e-14 -7.780661582905636919e-01 9.121824614153386531e-16 -1.254552017826426891e-14 -7.780661582905636919e-01
9.000000000000000000e+00 1.860361730608175890e+02 -1.131099125046552594e-15 9.214851104388799286e-15 -7.783540448709014292e-01 -1.131099125046552594e-15 9.214851104388799286e-15 -7.783540448709014292e-01
1.000000000000000000e+01 2.067068589564639751e+02 -3.553794647545427403e-16 -1.654232306691483245e-14 -7.785211063021104660e-01 -3.553794647545427403e-16 -1.654232306691483245e-14 -7.785211063021104660e-01
1.100000000000000000e+01 2.273775448521103613e+02 -2.836268988265952011e-15 9.214851104388799286e-15 -7.785865507546969599e-01 -2.836268988265952011e-15 9.214851104388799286e-15 -7.785865507546969599e-01
1.200000000000000000e+01 2.480482307477567474e+02 -3.984434434250013303e-16 -2.708944180085381959e-14 -7.785833430740835004e-01 -3.984434434250013303e-16 -2.708944180085381959e-14 -7.785833430740835004e-01
1.300000000000000000e+01 2.687189166434031335e+02 3.466974033949741034e-16 2.742250870824136655e-14 -7.785604157362734368e-01 3.466974033949741034e-16 2.742250870824136655e-14 -7.785604157362734368e-01
1.400000000000000000e+01 2.893896025390495197e+02 -1.048802792415648181e-15 -1.443289932012703503e-14 -7.785807350915791014e-01 -1.048802792415648181e-15 -1.443289932012703503e-14 -7.785807350915791014e-01
1.500000000000000000e+01 3.100602884346959058e+02 -1.190025059074901075e-15 -7.771561172376095783e-16 -7.787168995844451214e-01 -1.190025059074901075e-15 -7.771561172376095783e-16 -7.787168995844451214e-01
1.600000000000000000e+01 3.307309743303422920e+02 3.090446122661914356e-16 9.658940314238861902e-15 -7.790423321467966344e-01 3.090446122661914356e-16 9.658940314238861902e-15 -7.790423321467966344e-01
1.700000000000000000e+01 3.514016602259886781e+02 -2.298610255558028417e-15 1.010302952408892452e-14 -7.796188030081085962e-01 -2.298610255558028417e-15 1.010302952408892452e-14 -7.796188030081085962e-01
1.800000000000000000e+01 3.720723461216350643e+02 -1.949270713898448919e-15 2.997602166487922659e-15 -7.804835244063752508e-01 -1.949270713898448919e-15 2.997602166487922659e-15 -7.804835244063752508e-01
1.900000000000000000e+01 3.927430320172814504e+02 -9.981975076631084151e-16 -1.443289932012703503e-14 -7.816387864271677755e-01 -9.981975076631084151e-16 -1.443289932012703503e-14 -7.816387864271677755e-01
2.000000000000000000e+01 4.134137179129278366e+02 -1.679352178044056034e-15 -4.884981308350688778e-15 -7.830444459942048629e-01 -1.679352178044056034e-15 -4.884981308350688778e-15 -7.830444459942048629e-01
2.100000000000000000e+01 4.340844038085742227e+02 -3.126493801870864251e-16 3.663735981263016583e-15 -7.846318079959563319e-01 -3.126493801870864251e-16 3.663735981263016583e-15 -7.846318079959563319e-01
2.200000000000000000e+01 4.547550897042206088e+02 -1.601881254701156297e-15 9.214851104388799286e-15 -7.863062465380343813e-01 -1.601881254701156297e-15 9.214851104388799286e-15 -7.863062465380343813e-01
2.300000000000000000e+01 4.754257755998669950e+02 -1.454475913588237826e-15 -9.992007221626408864e-16 -7.879654160870557256e-01 -1.454475913588237826e-15 -9.992007221626408864e-16 -7.879654160870557256e-01
2.400000000000000000e+01 4.960964614955133811e+02 -1.855668561438430964e-15 1.576516694967722287e-14 -7.895113016061034994e-01 -1.855668561438430964e-15 1.576516694967722287e-14 -7.895113016061034994e-01
2.500000000000000000e+01 5.167671473911598241e+02 -1.521937053326933476e-15 8.770761894538736669e-15 -7.908598700887954358e-01 -1.521937053326933476e-15 8.770761894538736669e-15 -7.908598700887954358e-01
2.600000000000000000e+01 5.374378332868062671e+02 -2.693588381646371591e-15 4.551914400963141816e-15 -7.919416774674987725e-01 -2.693588381646371591e-15 4.551914400963141816e-15 -7.919416774674987725e-01
2.700000000000000000e+01 5.581085191824527101e+02 -3.775943389608757887e-15 -2.164934898019055254e-14 -7.927077434285709767e-01 -3.775943389608757887e-15 -2.164934898019055254e-14 -7.927077434285709767e-01
2.800000000000000000e+01 5.787792050780991531e+02 -3.795707339996798791e-15 -2.386979502944086562e-14 -7.931251872738985798e-01 -3.795707339996798791e-15 -2.386979502944086562e-14 -7.931251872738985798e-01
2.900000000000000000e+01 5.994498909737455961e+02 -4.237684514404093525e-15 -8.881784197001252323e-15 -7.931810620773619425e-01 -4.237684514404093525e-15 -8.881784197001252323e-15 -7.931810620773619425e-01
3.000000000000000000e+01 6.201205768693920390e+02 -2.352947199922660289e-15 1.110223024625156540e-14 -7.928760692120819797e-01 -2.352947199922660289e-15 1.110223024625156540e-14 -7.928760692120819797e-01
3.100000000000000000e+01 6.407912627650384820e+02 -3.146053190477953596e-15 -2.298161660974074039e-14 -7.922321484587336871e-01 -3.146053190477953596e-15 -2.298161660974074039e-14 -7.922321484587336871e-01
3.200000000000000000e+01 6.614619486606849250e+02 -4.145825374568088996e-15 -1.176836406102665933e-14 -7.912910379787380100e-01 -4.145825374568088996e-15 -1.176836406102665933e-14 -7.912910379787380100e-01
3.300000000000000000e+01 6.821326345563313680e+02 -4.089734361954188618e-15 -3.785860513971783803e-14 -7.901121986658744545e-01 -4.089734361954188618e-15 -3.785860513971783803e-14 -7.901121986658744545e-01
3.400000000000000000e+01 7.028033204519778110e+02 -3.918588337996040020e-15 -3.408384685599230579e-14 -7.887668072407857389e-01 -3.918588337996040020e-15 -3.408384685599230579e-14 -7.887668072407857389e-01
3.500000000000000000e+01 7.234740063476242540e+02 -1.795835000583954011e-15 -2.842170943040400743e-14 -7.873287719757026126e-01 -1.795835000583954011e-15 -2.842170943040400743e-14 -7.873287719757026126e-01
3.600000000000000000e+01 7.441446922432706970e+02 -4.836442238586149592e-15 -1.421085471520200372e-14 -7.858586385849737344e-01 -4.836442238586149592e-15 -1.421085471520200372e-14 -7.858586385849737344e-01
3.700000000000000000e+01 7.648153781389171399e+02 -4.948133423622672107e-15 -2.819966482547897613e-14 -7.843975659252936383e-01 -4.948133423622672107e-15 -2.819966482547897613e-14 -7.843975659252936383e-01
3.800000000000000000e+01 7.854860640345635829e+02 -5.815863632281507952e-15 -1.998401444325281773e-14 -7.829594024945959463e-01 -5.815863632281507952e-15 -1.998401444325281773e-14 -7.829594024945959463e-01
3.900000000000000000e+01 8.061567499302100259e+02 -6.519507590262837950e-15 -3.674838211509268149e-14 -7.815314884252283489e-01 -6.519507590262837950e-15 -3.674838211509268149e-14 -7.815314884252283489e-01
4.000000000000000000e+01 8.268274358258564689e+02 -5.762226262930711782e-15 -2.664535259100375697e-14 -7.800836830616361128e-01 -5.762226262930711782e-15 -2.664535259100375697e-14 -7.800836830616361128e-01
4.100000000000000000e+01 8.474981217215029119e+02 -4.703001779748697881e-15 -2.420286193682841258e-14 -7.785792078181433817e-01 -4.703001779748697881e-15 -2.420286193682841258e-14 -7.785792078181433817e-01
4.200000000000000000e+01 8.681688076171493549e+02 -4.197050853202270086e-15 -3.230749001659205533e-14 -7.769861222144609503e-01 -4.197050853202270086e-15 -3.230749001659205533e-14 -7.769861222144609503e-01
4.300000000000000000e+01 8.888394935127957979e+02 -7.078665634798251489e-15 -1.532107773982716026e-14 -7.752856598609482175e-01 -7.078665634798251489e-15 -1.532107773982716026e-14 -7.752856598609482175e-01
4.400000000000000000e+01 9.095101794084422409e+02 -7.055245148435656972e-15 -3.286260152890463360e-14 -7.734764852251548861e-01 -7.055245148435656972e-15 -3.286260152890463360e-14 -7.734764852251548861e-01
4.500000000000000000e+01 9.301808653040886838e+02 -8.929226836032442933e-15 -4.918287999089443474e-14 -7.715756911733775425e-01 -8.929226836032442933e-15 -4.918287999089443474e-14 -7.715756911733775425e-01
4.600000000000000000e+01 9.508515511997351268e+02 -7.542806632812812739e-15 -2.153832667772803688e-14 -7.696169878416596610e-01 -7.542806632812812739e-15 -2.153832667772803688e-14 -7.696169878416596610e-01
4.700000000000000000e+01 9.715222370953815698e+02 -5.357766954545973516e-15 -2.220446049250313081e-14 -7.676531811886578849e-01 -5.357766954545973516e-15 -2.220446049250313081e-14 -7.676531811886578849e-01
4.800000000000000000e+01 9.921929229910280128e+02 -1.059438169474425414e-14 -3.630429290524261887e-14 -7.657508006917989052e-01 -1.059438169474425414e-14 -3.630429290524261887e-14 -7.657508006917989052e-01
4.900000000000000000e+01 1.012863608886674456e+03 -1.063957890380457776e-14 -3.863576125695544761e-14 -7.639949400544713276e-01 -1.063957890380457776e-14 -3.863576125695544761e-14 -7.639949400544713276e-01
5.000000000000000000e+01 1.033534294782320785e+03 -1.140137009961498865e-14 -4.696243394164412166e-14 -7.624852851301076040e-01 -1.140137009961498865e-14 -4.696243394164412166e-14 -7.624852851301076040e-01
5.100000000000000000e+01 1.054204980677967114e+03 -1.363188397632075217e-14 -3.685940441755519714e-14 -7.613351237753547274e-01 -1.363188397632075217e-14 -3.685940441755519714e-14 -7.613351237753547274e-01
5.200000000000000000e+01 1.074875666573613444e+03 -1.219811775674015449e-14 -6.916689443414725247e-14 -7.606555015039010437e-01 -1.219811775674015449e-14 -6.916689443414725247e-14 -7.606555015039010437e-01
5.300000000000000000e+01 1.095546352469259773e+03 -1.396035190695211854e-14 -6.805667140952209593e-14 -7.605448793418507769e-01 -1.396035190695211854e-14 -6.805667140952209593e-14 -7.605448793418507769e-01
5.400000000000000000e+01 1.116217038364906102e+03 -1.184546838203582268e-14 -4.707345624410663731e-14 -7.610711069627553726e-01 -1.184546838203582268e-14 -4.707345624410663731e-14 -7.610711069627553726e-01
5.500000000000000000e+01 1.136887724260552432e+03 -1.573419373045348804e-14 -6.172840016915870365e-14 -7.622598196276012539e-01 -1.573419373045348804e-14 -6.172840016915870365e-14 -7.622598196276012539e-01
5.600000000000000000e+01 1.157558410156198761e+03 -1.554532534994965624e-14 -1.876276911616514553e-14 -7.640824202276131905e-01 -1.554532534994965624e-14 -1.876276911616514553e-14 -7.640824202276131905e-01
5.700000000000000000e+01 1.178229096051845090e+03 -1.543599796909759473e-14 -6.206146707654625061e-14 -7.664671232370355858e-01 -1.543599796909759473e-14 -6.206146707654625061e-14 -7.664671232370355858e-01
5.800000000000000000e+01 1.198899781947491419e+03 -1.756232410188440985e-14 -5.795364188543317141e-14 -7.693050140299451112e-01 -1.756232410188440985e-14 -5.795364188543317141e-14 -7.693050140299451112e-01
5.900000000000000000e+01 1.219570467843137749e+03 -1.675200287469155650e-14 -5.373479439185757656e-14 -7.724689156537226653e-01 -1.675200287469155650e-14 -5.373479439185757656e-14 -7.724689156537226653e-01
6.000000000000000000e+01 1.240241153738784078e+03 -1.831081813181864225e-14 -5.473399511402021744e-14 -7.758286838312687950e-01 -1.831081813181864225e-14 -5.473399511402021744e-14 -7.758286838312687950e-01
6.100000000000000000e+01 1.260911839634430407e+03 -1.949465623001618449e-14 -7.505107646466058213e-14 -7.792627088130086310e-01 -1.949465623001618449e-14 -7.505107646466058213e-14 -7.792627088130086310e-01
6.200000000000000000e+01 1.281582525530076737e+03 -1.859948059188543884e-14 -7.649436639667328564e-14 -7.826640194129206307e-01 -1.859948059188543884e-14 -7.649436639667328564e-14 -7.826640194129206307e-01
6.300000000000000000e+01 1.302253211425723066e+03 -1.853259486747919732e-14 -6.017408793468348449e-14 -7.859420704062264340e-01 -1.853259486747919732e-14 -6.017408793468348449e-14 -7.859420704062264340e-01
6.400000000000000000e+01 1.322923897321369395e+03 -2.133601813209046511e-14 -1.030286966852145270e-13 -7.890231871352463289e-01 -2.133601813209046511e-14 -1.030286966852145270e-13 -7.890231871352463289e-01
6.500000000000000000e+01 1.343594583217015725e+03 -2.063339327805659146e-14 -7.815970093361102045e-14 -7.918452877014757751e-01 -2.063339327805659146e-14 -7.815970093361102045e-14 -7.918452877014757751e-01
6.600000000000000000e+01 1.364265269112662054e+03 -1.761111739037794264e-14 -6.905587213168473681e-14 -7.943686389199887676e-01 -1.761111739037794264e-14 -6.905587213168473681e-14 -7.943686389199887676e-01
6.700000000000000000e+01 1.384935955008308383e+03 -2.102925829225672829e-14 -5.062616992290713824e-14 -7.965652460214641684e-01 -2.102925829225672829e-14 -5.062616992290713824e-14 -7.965652460214641684e-01
6.800000000000000000e+01 1.405606640903954712e+03 -2.164707582637106222e-14 -7.982503547054875526e-14 -7.984258671198910529e-01 -2.164707582637106222e-14 -7.982503547054875526e-14 -7.984258671198910529e-01
6.900000000000000000e+01 1.426277326799601042e+03 -2.461503956369818328e-14 -1.043609643147647148e-13 -7.999565131534036588e-01 -2.461503956369818328e-14 -1.043609643147647148e-13 -7.999565131534036588e-01
7.000000000000000000e+01 1.446948012695247371e+03 -2.221485022961579952e-14 -8.837375276016246062e-14 -8.011736363170161024e-01 -2.221485022961579952e-14 -8.837375276016246062e-14 -8.011736363170161024e-01
7.100000000000000000e+01 1.467618698590893700e+03 -2.423685165590545364e-14 -1.048050535246147774e-13 -8.020955919592935857e-01 -2.423685165590545364e-14 -1.048050535246147774e-13 -8.020955919592935857e-01
7.200000000000000000e+01 1.488289384486540030e+03 -2.446987314140148673e-14 -1.054711873393898713e-13 -8.027345662452385344e-01 -2.446987314140148673e-14 -1.054711873393898713e-13 -8.027345662452385344e-01
7.300000000000000000e+01 1.508960070382186359e+03 -2.699814839803805619e-14 -1.144639938388536393e-13 -8.030861503795778678e-01 -2.699814839803805619e-14 -1.144639938388536393e-13 -8.030861503795778678e-01
7.400000000000000000e+01 1.529630756277832688e+03 -2.523605495251426401e-14 -1.264544025048053300e-13 -8.031244482936931162e-01 -2.523605495251426401e-14 -1.264544025048053300e-13 -8.031244482936931162e-01
7.500000000000000000e+01 1.550301442173479018e+03 -2.762548938367417259e-14 -1.260103132949552673e-13 -8.028089293119844427e-01 -2.762548938367417259e-14 -1.260103132949552673e-13 -8.028089293119844427e-01
7.600000000000000000e+01 1.570972128069125347e+03 -2.768943276869170837e-14 -1.431077478741826781e-13 -8.020861758710081668e-01 -2.768943276869170837e-14 -1.431077478741826781e-13 -8.020861758710081668e-01
7.700000000000000000e+01 1.591642813964771676e+03 -2.767528282071217319e-14 -1.275646255294304865e-13 -8.009023620470758775e-01 -2.767528282071217319e-14 -1.275646255294304865e-13 -8.009023620470758775e-01
7.800000000000000000e+01 1.612313499860418005e+03 -2.904697362390742259e-14 -1.151301276536287332e-13 -7.992136980322542827e-01 -2.904697362390742259e-14 -1.151301276536287332e-13 -7.992136980322542827e-01
7.900000000000000000e+01 1.632984185756064335e+03 -3.069739782912731889e-14 -1.417754802446324902e-13 -7.969934887998846307e-01 -3.069739782912731889e-14 -1.417754802446324902e-13 -7.969934887998846307e-01
8.000000000000000000e+01 1.653654871651710664e+03 -2.746157770266190112e-14 -1.527666881884215400e-13 -7.942361208790259530e-01 -2.746157770266190112e-14 -1.527666881884215400e-13 -7.942361208790259530e-01
8.100000000000000000e+01 1.674325557547356993e+03 -2.907300755712275045e-14 -1.548761119352093374e-13 -7.909580754425240556e-01 -2.907300755712275045e-14 -1.548761119352093374e-13 -7.909580754425240556e-01
8.200000000000000000e+01 1.694996243443003323e+03 -3.278447516232307140e-14 -1.547650896327468217e-13 -7.871995373831212062e-01 -3.278447516232307140e-14 -1.547650896327468217e-13 -7.871995373831212062e-01
8.300000000000000000e+01 1.715666929338649652e+03 -2.999087948550896874e-14 -1.673106098110110906e-13 -7.830212806485216115e-01 -2.999087948550896874e-14 -1.673106098110110906e-13 -7.830212806485216115e-01
8.400000000000000000e+01 1.736337615234295981e+03 -3.296239502156540321e-14 -1.679767436257861846e-13 -7.785084769943795280e-01 -3.296239502156540321e-14 -1.679767436257861846e-13 -7.785084769943795280e-01
8.500000000000000000e+01 1.757008301129942311e+03 -3.365446418705205187e-14 -1.354472090042690979e-13 -7.737711972184586617e-01 -3.365446418705205187e-14 -1.354472090042690979e-13 -7.737711972184586617e-01
8.600000000000000000e+01 1.777678987025588640e+03 -3.335764747042462654e-14 -1.840749774828509544e-13 -7.689458077393621638e-01 -3.335764747042462654e-14 -1.840749774828509544e-13 -7.689458077393621638e-01
8.700000000000000000e+01 1.798349672921234969e+03 -3.557149082676831923e-14 -1.639799407371356210e-13 -7.641929940690634915e-01 -3.557149082676831923e-14 -1.639799407371356210e-13 -7.641929940690634915e-01
8.800000000000000000e+01 1.819020358816881298e+03 -3.457868212311665697e-14 -1.532107773982716026e-13 -7.596905860010491063e-01 -3.457868212311665697e-14 -1.532107773982716026e-13 -7.596905860010491063e-01
8.900000000000000000e+01 1.839691044712527628e+03 -3.769385234690051236e-14 -1.503241975342461956e-13 -7.556202082982177437e-01 -3.769385234690051236e-14 -1.503241975342461956e-13 -7.556202082982177437e-01
9.000000000000000000e+01 1.860361730608173957e+03 -3.616528866073260393e-14 -1.828537321557632822e-13 -7.521493093314499667e-01 -3.616528866073260393e-14 -1.828537321557632822e-13 -7.521493093314499667e-01
9.100000000000000000e+01 1.881032416503820286e+03 -3.810229758650120106e-14 -1.795230630818878126e-13 -7.494122976342002529e-01 -3.810229758650120106e-14 -1.795230630818878126e-13 -7.494122976342002529e-01
9.200000000000000000e+01 1.901703102399466616e+03 -3.876220017512988378e-14 -1.906252933281393780e-13 -7.474988530610806592e-01 -3.876220017512988378e-14 -1.906252933281393780e-13 -7.474988530610806592e-01
9.300000000000000000e+01 1.922373788295112945e+03 -4.197787498795443375e-14 -1.799671522917378752e-13 -7.464444505291147891e-01 -4.197787498795443375e-14 -1.799671522917378752e-13 -7.464444505291147891e-01
9.400000000000000000e+01 1.943044474190759274e+03 -4.043031323610615560e-14 -1.859623566247137205e-13 -7.462377929370789253e-01 -4.043031323610615560e-14 -1.859623566247137205e-13 -7.462377929370789253e-01
9.500000000000000000e+01 1.963715160086405604e+03 -4.134134615896418249e-14 -2.147171329625052749e-13 -7.468338983796544150e-01 -4.134134615896418249e-14 -2.147171329625052749e-13 -7.468338983796544150e-01
9.600000000000000000e+01 1.984385845982051933e+03 -4.222182260531022247e-14 -1.864064458345637831e-13 -7.481646208347595417e-01 -4.222182260531022247e-14 -1.864064458345637831e-13 -7.481646208347595417e-01
9.700000000000000000e+01 2.005056531877698262e+03 -4.394568519544112752e-14 -2.198241588757809950e-13 -7.501505629587083002e-01 -4.394568519544112752e-14 -2.198241588757809950e-13 -7.501505629587083002e-01
9.800000000000000000e+01 2.025727217773344591e+03 -4.522923839304055391e-14 -2.399191956214963284e-13 -7.527150347538222874e-01 -4.522923839304055391e-14 -2.399191956214963284e-13 -7.527150347538222874e-01
9.900000000000000000e+01 2.046397903668990921e+03 -4.778046612265940537e-14 -2.108313523763172270e-13 -7.557805416200510384e-01 -4.778046612265940537e-14 -2.108313523763172270e-13 -7.557805416200510384e-01
1.000000000000000000e+02 2.067068589564637477e+03 -4.868144127551755333e-14 -2.384759056894836249e-13 -7.592743799948394878e-01 -4.868144127551755333e-14 -2.384759056894836249e-13 -7.592743799948394878e-01
1.010000000000000000e+02 2.087739275460283807e+03 -5.112013003642301697e-14 -2.449151992323095328e-13 -7.631234101590267382e-01 -5.112013003642301697e-14 -2.449151992323095328e-13 -7.631234101590267382e-01
1.020000000000000000e+02 2.108409961355930136e+03 -5.349138436044591890e-14 -2.647881913730998349e-13 -7.672644632740671655e-01 -5.349138436044591890e-14 -2.647881913730998349e-13 -7.672644632740671655e-01
1.030000000000000000e+02 2.129080647251576465e+03 -5.153421393252371686e-14 -2.321476344491202326e-13 -7.716362151686956272e-01 -5.153421393252371686e-14 -2.321476344491202326e-13 -7.716362151686956272e-01
1.040000000000000000e+02 2.149751333147222795e+03 -5.139515838774700991e-14 -2.748912208971887594e-13 -7.761844545835926423e-01 -5.139515838774700991e-14 -2.748912208971887594e-13 -7.761844545835926423e-01
1.050000000000000000e+02 2.170422019042869124e+03 -5.895950371853128279e-14 -2.593480985524365678e-13 -7.808601048854497684e-01 -5.895950371853128279e-14 -2.593480985524365678e-13 -7.808601048854497684e-01
1.060000000000000000e+02 2.191092704938515453e+03 -5.483381245021969918e-14 -2.761124662242764316e-13 -7.856146684241506195e-01 -5.483381245021969918e-14 -2.761124662242764316e-13 -7.856146684241506195e-01
1.070000000000000000e+02 2.211763390834161783e+03 -5.570626966734463851e-14 -2.854383396311277465e-13 -7.903929093954039642e-01 -5.570626966734463851e-14 -2.854383396311277465e-13 -7.903929093954039642e-01
1.080000000000000000e+02 2.232434076729808112e+03 -5.750333722707625568e-14 -2.957634137601417024e-13 -7.951253233435288115e-01 -5.750333722707625568e-14 -2.957634137601417024e-13 -7.951253233435288115e-01
1.090000000000000000e+02 2.253104762625454441e+03 -5.928729896840358947e-14 -3.075317778211683617e-13 -7.997193342652920700e-01 -5.928729896840358947e-14 -3.075317778211683617e-13 -7.997193342652920700e-01
1.100000000000000000e+02 2.273775448521100770e+03 -6.232144965452340010e-14 -3.285149929865838203e-13 -8.040645669070659585e-01 -6.232144965452340010e-14 -3.285149929865838203e-13 -8.040645669070659585e-01
1.110000000000000000e+02 2.294446134416747100e+03 -6.054539704091448564e-14 -2.802202914153895108e-13 -8.080325170631885712e-01 -6.054539704091448564e-14 -2.802202914153895108e-13 -8.080325170631885712e-01
1.120000000000000000e+02 2.315116820312393429e+03 -6.133408446711927609e-14 -3.336220188998595404e-13 -8.114894754614020433e-01 -6.133408446711927609e-14 -3.336220188998595404e-13 -8.114894754614020433e-01
1.130000000000000000e+02 2.335787506208039758e+03 -6.499124071913005684e-14 -3.511635426889370137e-13 -8.143079554716250446e-01 -6.499124071913005684e-14 -3.511635426889370137e-13 -8.143079554716250446e-01
1.140000000000000000e+02 2.356458192103686088e+03 -6.306574155317219394e-14 -3.378408663934351353e-13 -8.163772119536059080e-01 -6.306574155317219394e-14 -3.378408663934351353e-13 -8.163772119536059080e-01
1.150000000000000000e+02 2.377128877999332417e+03 -6.422668332076820419e-14 -3.492761635470742476e-13 -8.176104133856293421e-01 -6.422668332076820419e-14 -3.492761635470742476e-13 -8.176104133856293421e-01
1.160000000000000000e+02 2.397799563894978746e+03 -6.624191770019705964e-14 -3.727018693666650506e-13 -8.179444648501081883e-01 -6.624191770019705964e-14 -3.727018693666650506e-13 -8.179444648501081883e-01
1.170000000000000000e+02 2.418470249790625076e+03 -6.846998352948005124e-14 -3.392841563254478388e-13 -8.173482464006457393e-01 -6.846998352948005124e-14 -3.392841563254478388e-13 -8.173482464006457393e-01
1.180000000000000000e+02 2.439140935686271405e+03 -6.882470493395437732e-14 -3.858025010572418978e-13 -8.158071292735302737e-01 -6.882470493395437732e-14 -3.858025010572418978e-13 -8.158071292735302737e-01
1.190000000000000000e+02 2.459811621581917734e+03 -7.044836561315149433e-14 -3.471667398002864502e-13 -8.133388973256394650e-01 -7.044836561315149433e-14 -3.471667398002864502e-13 -8.133388973256394650e-01
1.200000000000000000e+02 2.480482307477564063e+03 -7.157676132785519180e-14 -3.608224830031758756e-13 -8.099789893010314046e-01 -7.157676132785519180e-14 -3.608224830031758756e-13 -8.099789893010314046e-01
1.210000000000000000e+02 2.501152993373210393e+03 -6.995734651698333648e-14 -3.731459585765151132e-13 -8.057933093248037526e-01 -6.995734651698333648e-14 -3.731459585765151132e-13 -8.057933093248037526e-01
1.220000000000000000e+02 2.521823679268856722e+03 -7.331524392770292520e-14 -4.090061622719076695e-13 -8.008760004059055637e-01 -7.331524392770292520e-14 -4.090061622719076695e-13 -8.008760004059055637e-01
1.230000000000000000e+02 2.542494365164503051e+03 -7.407432002813023579e-14 -3.709255125272648002e-13 -7.953510578424177746e-01 -7.407432002813023579e-14 -3.709255125272648002e-13 -7.953510578424177746e-01
1.240000000000000000e+02 2.563165051060149381e+03 -7.097946502262008094e-14 -3.389510894180602918e-13 -7.893694667357258332e-01 -7.097946502262008094e-14 -3.389510894180602918e-13 -7.893694667357258332e-01
1.250000000000000000e+02 2.583835736955795710e+03 -7.459768011171022056e-14 -4.088951399694451538e-13 -7.831014729136104302e-01 -7.459768011171022056e-14 -4.088951399694451538e-13 -7.831014729136104302e-01
1.260000000000000000e+02 2.604506422851442039e+03 -7.352961292031953635e-14 -3.702593787124897062e-13 -7.767245259874694385e-01 -7.352961292031953635e-14 -3.702593787124897062e-13 -7.767245259874694385e-01
1.270000000000000000e+02 2.625177108747088369e+03 -7.332301400750842574e-14 -3.629319067499636731e-13 -7.704091516107061111e-01 -7.332301400750842574e-14 -3.629319067499636731e-13 -7.704091516107061111e-01
1.280000000000000000e+02 2.645847794642734698e+03 -7.569341303882439029e-14 -4.114486529260830139e-13 -7.643070620452762087e-01 -7.569341303882439029e-14 -4.114486529260830139e-13 -7.643070620452762087e-01
1.290000000000000000e+02 2.666518480538381027e+03 -7.689587486319120782e-14 -3.783640067922533490e-13 -7.585438967434000590e-01 -7.689587486319120782e-14 -3.783640067922533490e-13 -7.585438967434000590e-01
1.300000000000000000e+02 2.687189166434027356e+03 -7.848757174006974830e-14 -3.863576125695544761e-13 -7.532192737392254811e-01 -7.848757174006974830e-14 -3.863576125695544761e-13 -7.532192737392254811e-01
1.310000000000000000e+02 2.707859852329673686e+03 -7.733133413794469540e-14 -3.923528169025303214e-13 -7.484121269092803841e-01 -7.733133413794469540e-14 -3.923528169025303214e-13 -7.484121269092803841e-01
1.320000000000000000e+02 2.728530538225320015e+03 -8.137245103198356882e-14 -3.752553823233029107e-13 -7.441882901549131679e-01 -8.137245103198356882e-14 -3.752553823233029107e-13 -7.441882901549131679e-01
1.330000000000000000e+02 2.749201224120966344e+03 -8.302026768418465940e-14 -3.873568132917171170e-13 -7.406073578245747635e-01 -8.302026768418465940e-14 -3.873568132917171170e-13 -7.406073578245747635e-01
1.340000000000000000e+02 2.769871910016612674e+03 -8.245075525483404455e-14 -3.840261442178416473e-13 -7.377266758209226616e-01 -8.245075525483404455e-14 -3.840261442178416473e-13 -7.377266758209226616e-01
1.350000000000000000e+02 2.790542595912259003e+03 -8.366899969055820451e-14 -4.302114220422481594e-13 -7.356025374423644791e-01 -8.366899969055820451e-14 -4.302114220422481594e-13 -7.356025374423644791e-01
1.360000000000000000e+02 2.811213281807905332e+03 -8.550235304583348845e-14 -4.105604745063828886e-13 -7.342866101156442227e-01 -8.550235304583348845e-14 -4.105604745063828886e-13 -7.342866101156442227e-01
1.370000000000000000e+02 2.831883967703551662e+03 -8.528809868990554675e-14 -4.117817198334705608e-13 -7.338293755597493639e-01 -8.528809868990554675e-14 -4.117817198334705608e-13 -7.338293755597493639e-01
1.380000000000000000e+02 2.852554653599197991e+03 -8.869132165283226209e-14 -4.063416270128072938e-13 -7.342725944537797922e-01 -8.869132165283226209e-14 -4.063416270128072938e-13 -7.342725944537797922e-01
1.390000000000000000e+02 2.873225339494844320e+03 -8.885985947822241827e-14 -4.491962357633383363e-13 -7.356501439160658684e-01 -8.885985947822241827e-14 -4.491962357633383363e-13 -7.356501439160658684e-01
1.400000000000000000e+02 2.893896025390490649e+03 -9.400339007520865966e-14 -4.315436896717983473e-13 -7.379878899410136084e-01 -9.400339007520865966e-14 -4.315436896717983473e-13 -7.379878899410136084e-01
1.410000000000000000e+02 2.914566711286136979e+03 -9.336582972418443107e-14 -4.378719609121617395e-13 -7.412941822910040779e-01 -9.336582972418443107e-14 -4.378719609121617395e-13 -7.412941822910040779e-01
1.420000000000000000e+02 2.935237397181783308e+03 -9.784256309987398293e-14 -4.239941731043472828e-13 -7.455556683661892503e-01 -9.784256309987398293e-14 -4.239941731043472828e-13 -7.455556683661892503e-01
1.430000000000000000e+02 2.955908083077429637e+03 -1.007480711884601451e-13 -4.506395256953510398e-13 -7.507249974803400505e-01 -1.007480711884601451e-13 -4.506395256953510398e-13 -7.507249974803400505e-01
1.440000000000000000e+02 2.976578768973075967e+03 -1.016844805920943609e-13 -5.018208071305707563e-13 -7.567115627593778981e-01 -1.016844805920943609e-13 -5.018208071305707563e-13 -7.567115627593778981e-01
1.450000000000000000e+02 2.997249454868722296e+03 -1.041507073626043410e-13 -4.851674617611934082e-13 -7.633764180476017014e-01 -1.041507073626043410e-13 -4.851674617611934082e-13 -7.633764180476017014e-01
1.460000000000000000e+02 3.017920140764368625e+03 -1.069869310840272775e-13 -4.781730567060549220e-13 -7.705355118428597327e-01 -1.069869310840272775e-13 -4.781730567060549220e-13 -7.705355118428597327e-01
1.470000000000000000e+02 3.038590826660014955e+03 -1.077521621965653410e-13 -4.922728891187944100e-13 -7.779716017164320929e-01 -1.077521621965653410e-13 -4.922728891187944100e-13 -7.779716017164320929e-01
1.480000000000000000e+02 3.059261512555661284e+03 -1.109666945148683160e-13 -5.199174424319608079e-13 -7.854515946951963201e-01 -1.109666945148683160e-13 -5.199174424319608079e-13 -7.854515946951963201e-01
1.490000000000000000e+02 3.079932198451307613e+03 -1.174193685264261744e-13 -5.221378884812111210e-13 -7.927460213766250874e-01 -1.174193685264261744e-13 -5.221378884812111210e-13 -7.927460213766250874e-01
1.500000000000000000e+02 3.100602884346953942e+03 -1.170352861913248735e-13 -5.376810108259633125e-13 -7.996447065701070001e-01 -1.170352861913248735e-13 -5.376810108259633125e-13 -7.996447065701070001e-01
1.510000000000000000e+02 3.121273570242600272e+03 -1.172276324955617325e-13 -5.636602296021919756e-13 -8.059666115973943556e-01 -1.172276324955617325e-13 -5.636602296021919756e-13 -8.059666115973943556e-01
1.520000000000000000e+02 3.141944256138246601e+03 -1.227456299678591043e-13 -5.822009541134320898e-13 -8.115633065736407303e-01 -1.227456299678591043e-13 -5.822009541134320898e-13 -8.115633065736407303e-01
1.530000000000000000e+02 3.162614942033892930e+03 -1.244379237215819999e-13 -6.019629239517598762e-13 -8.163179167658123347e-01 -1.244379237215819999e-13 -6.019629239517598762e-13 -8.163179167658123347e-01
1.540000000000000000e+02 3.183285627929539260e+03 -1.224983437939877789e-13 -5.829781102306696994e-13 -8.201420146009695822e-01 -1.224983437939877789e-13 -5.829781102306696994e-13 -8.201420146009695822e-01
1.550000000000000000e+02 3.203956313825185589e+03 -1.245508073175035611e-13 -6.066258606551855337e-13 -8.229729944932100416e-01 -1.245508073175035611e-13 -6.066258606551855337e-13 -8.229729944932100416e-01
1.560000000000000000e+02 3.224626999720831918e+03 -1.246005001515510650e-13 -6.260547635861257731e-13 -8.247714499382196029e-01 -1.246005001515510650e-13 -6.260547635861257731e-13 -8.247714499382196029e-01
1.570000000000000000e+02 3.245297685616478248e+03 -1.284686233371448213e-13 -6.240563621418004914e-13 -8.255246833865187428e-01 -1.284686233371448213e-13 -6.240563621418004914e-13 -8.255246833865187428e-01
1.580000000000000000e+02 3.265968371512124577e+03 -1.273034866242549812e-13 -6.019629239517598762e-13 -8.252430612650663022e-01 -1.273034866242549812e-13 -6.019629239517598762e-13 -8.252430612650663022e-01
1.590000000000000000e+02 3.286639057407770906e+03 -1.258513868883852674e-13 -5.972999872483342187e-13 -8.239666360183361959e-01 -1.258513868883852674e-13 -5.972999872483342187e-13 -8.239666360183361959e-01
1.600000000000000000e+02 3.307309743303417235e+03 -1.271592667925634308e-13 -5.927480728473710769e-13 -8.217569033279630286e-01 -1.271592667925634308e-13 -5.927480728473710769e-13 -8.217569033279630286e-01
1.610000000000000000e+02 3.327980429199063565e+03 -1.290731708963564656e-13 -6.113998196610737068e-13 -8.186978300659317753e-01 -1.290731708963564656e-13 -6.113998196610737068e-13 -8.186978300659317753e-01
1.620000000000000000e+02 3.348651115094709894e+03 -1.265559998409354312e-13 -6.090683513093608781e-13 -8.148827490814177787e-01 -1.265559998409354312e-13 -6.090683513093608781e-13 -8.148827490814177787e-01
1.630000000000000000e+02 3.369321800990356223e+03 -1.302003303385850017e-13 -6.467049118441536848e-13 -8.104059487041994636e-01 -1.302003303385850017e-13 -6.467049118441536848e-13 -8.104059487041994636e-01
1.640000000000000000e+02 3.389992486886002553e+03 -1.310710394381246245e-13 -5.895284260759581230e-13 -8.053526376023859568e-01 -1.310710394381246245e-13 -5.895284260759581230e-13 -8.053526376023859568e-01
1.650000000000000000e+02 3.410663172781648882e+03 -1.301936843446546591e-13 -6.529221607820545614e-13 -7.997987031141245984e-01 -1.301936843446546591e-13 -6.529221607820545614e-13 -7.997987031141245984e-01
1.660000000000000000e+02 3.431333858677295211e+03 -1.293862704437571496e-13 -6.371569938323773385e-13 -7.938033945443929706e-01 -1.293862704437571496e-13 -6.371569938323773385e-13 -7.938033945443929706e-01
1.670000000000000000e+02 3.452004544572941541e+03 -1.291470324298223517e-13 -6.512568262451168266e-13 -7.874250407767081628e-01 -1.291470324298223517e-13 -6.512568262451168266e-13 -7.874250407767081628e-01
1.680000000000000000e+02 3.472675230468587870e+03 -1.329802968213650058e-13 -6.589173651150304067e-13 -7.807258346188927778e-01 -1.329802968213650058e-13 -6.589173651150304067e-13 -7.807258346188927778e-01
1.690000000000000000e+02 3.493345916364234199e+03 -1.288453339058709415e-13 -6.588063428125678911e-13 -7.737813854016342141e-01 -1.288453339058709415e-13 -6.588063428125678911e-13 -7.737813854016342141e-01
1.700000000000000000e+02 3.514016602259880528e+03 -1.298774863040019095e-13 -6.630251903061434859e-13 -7.666864405621128808e-01 -1.298774863040019095e-13 -6.630251903061434859e-13 -7.666864405621128808e-01
1.710000000000000000e+02 3.534687288155526858e+03 -1.285947082816426756e-13 -6.659117701701688929e-13 -7.595568450205063549e-01 -1.285947082816426756e-13 -6.659117701701688929e-13 -7.595568450205063549e-01
1.720000000000000000e+02 3.555357974051173187e+03 -1.336887714898805362e-13 -6.347145031782019942e-13 -7.525286398695427703e-01 -1.336887714898805362e-13 -6.347145031782019942e-13 -7.525286398695427703e-01
1.730000000000000000e+02 3.576028659946819516e+03 -1.297476756140222910e-13 -6.635803018184560642e-13 -7.457560339094111423e-01 -1.297476756140222910e-13 -6.635803018184560642e-13 -7.457560339094111423e-01
1.740000000000000000e+02 3.596699345842465846e+03 -1.286783082945637818e-13 -6.666889262874065025e-13 -7.394093195557066567e-01 -1.286783082945637818e-13 -6.666889262874065025e-13 -7.394093195557066567e-01
1.750000000000000000e+02 3.617370031738112175e+03 -1.320961189496149726e-13 -6.328271240363392280e-13 -7.336745509177470259e-01 -1.320961189496149726e-13 -6.328271240363392280e-13 -7.336745509177470259e-01
1.760000000000000000e+02 3.638040717633758504e+03 -1.327692691854755349e-13 -6.475930902638538100e-13 -7.287508088567409281e-01 -1.327692691854755349e-13 -6.475930902638538100e-13 -7.287508088567409281e-01
1.770000000000000000e+02 3.658711403529404834e+03 -1.305779867005357283e-13 -6.457057111219910439e-13 -7.248445175424833575e-01 -1.305779867005357283e-13 -6.457057111219910439e-13 -7.248445175424833575e-01
1.780000000000000000e+02 3.679382089425051163e+03 -1.352888201713432215e-13 -6.289413434501511801e-13 -7.221562725071889455e-01 -1.352888201713432215e-13 -6.289413434501511801e-13 -7.221562725071889455e-01
1.790000000000000000e+02 3.700052775320697492e+03 -1.381115712828534919e-13 -6.762368442991828488e-13 -7.208595722971303799e-01 -1.381115712828534919e-13 -6.762368442991828488e-13 -7.208595722971303799e-01
1.800000000000000000e+02 3.720723461216343821e+03 -1.379058949524431512e-13 -6.867839630331218359e-13 -7.210789974671535374e-01 -1.379058949524431512e-13 -6.867839630331218359e-13 -7.210789974671535374e-01
1.810000000000000000e+02 3.741394147111990151e+03 -1.426045500541723476e-13 -7.096545573404000606e-13 -7.228607147930403709e-01 -1.426045500541723476e-13 -7.096545573404000606e-13 -7.228607147930403709e-01
1.820000000000000000e+02 3.762064833007636480e+03 -1.470014941956321284e-13 -6.815659148173836002e-13 -7.261643314176661201e-01 -1.470014941956321284e-13 -6.815659148173836002e-13 -7.261643314176661201e-01
1.830000000000000000e+02 3.782735518903282809e+03 -1.478193944003521002e-13 -7.195355422595639538e-13 -7.308623594804223300e-01 -1.478193944003521002e-13 -7.195355422595639538e-13 -7.308623594804223300e-01
1.840000000000000000e+02 3.803406204798929139e+03 -1.509888775196236020e-13 -7.434053372890048195e-13 -7.367556137373674208e-01 -1.509888775196236020e-13 -7.434053372890048195e-13 -7.367556137373674208e-01
1.850000000000000000e+02 3.824076890694575468e+03 -1.556216650659786289e-13 -7.053246875443619501e-13 -7.435999927553452737e-01 -1.556216650659786289e-13 -7.053246875443619501e-13 -7.435999927553452737e-01
1.860000000000000000e+02 3.844747576590221797e+03 -1.567387805384713437e-13 -7.461808948505677108e-13 -7.511341434119874760e-01 -1.567387805384713437e-13 -7.461808948505677108e-13 -7.511341434119874760e-01
1.870000000000000000e+02 3.865418262485868127e+03 -1.599101802318310639e-13 -7.571721027943567606e-13 -7.591023748061133114e-01 -1.599101802318310639e-13 -7.571721027943567606e-13 -7.591023748061133114e-01
1.880000000000000000e+02 3.886088948381514456e+03 -1.636542307761888685e-13 -7.736034035588090774e-13 -7.672689078090501047e-01 -1.636542307761888685e-13 -7.736034035588090774e-13 -7.672689078090501047e-01
1.890000000000000000e+02 3.906759634277160785e+03 -1.669904346012966294e-13 -7.880363028789361124e-13 -7.754241115491389280e-01 -1.669904346012966294e-13 -7.880363028789361124e-13 -7.754241115491389280e-01
1.900000000000000000e+02 3.927430320172807114e+03 -1.697376966624035512e-13 -7.764899834228344844e-13 -7.833847545397891743e-01 -1.697376966624035512e-13 -7.764899834228344844e-13 -7.833847545397891743e-01
1.910000000000000000e+02 3.948101006068453444e+03 -1.722073445956349713e-13 -8.129052986305396189e-13 -7.909945630425333496e-01 -1.722073445956349713e-13 -8.129052986305396189e-13 -7.909945630425333496e-01
1.920000000000000000e+02 3.968771691964099773e+03 -1.801045829782417007e-13 -8.221201497349284182e-13 -7.981217752830972456e-01 -1.801045829782417007e-13 -8.221201497349284182e-13 -7.981217752830972456e-01
1.930000000000000000e+02 3.989442377859746102e+03 -1.794883790345467771e-13 -8.445466548323565803e-13 -8.046598373545857941e-01 -1.794883790345467771e-13 -8.445466548323565803e-13 -8.046598373545857941e-01
1.940000000000000000e+02 4.010113063755392432e+03 -1.836416973647890525e-13 -8.364420267525929376e-13 -8.105265313132962168e-01 -1.836416973647890525e-13 -8.364420267525929376e-13 -8.105265313132962168e-01
1.950000000000000000e+02 4.030783749651038761e+03 -1.862202216073431703e-13 -8.387734951043057663e-13 -8.156622110771167833e-01 -1.862202216073431703e-13 -8.387734951043057663e-13 -8.156622110771167833e-01
1.960000000000000000e+02 4.051454435546685090e+03 -1.901557731203954384e-13 -8.657519146026970702e-13 -8.200260570259819692e-01 -1.901557731203954384e-13 -8.657519146026970702e-13 -8.200260570259819692e-01
1.970000000000000000e+02 4.072125121442331420e+03 -1.890582422688066937e-13 -8.947287355454136559e-13 -8.235901422064274557e-01 -1.890582422688066937e-13 -8.947287355454136559e-13 -8.235901422064274557e-01
1.980000000000000000e+02 4.092795807337977749e+03 -1.886217385839020038e-13 -8.901768211444505141e-13 -8.263317715298341692e-01 -1.886217385839020038e-13 -8.901768211444505141e-13 -8.263317715298341692e-01
1.990000000000000000e+02 4.113466493233624533e+03 -1.939135056383689359e-13 -9.013900736931645952e-13 -8.282285143685713669e-01 -1.939135056383689359e-13 -9.013900736931645952e-13 -8.282285143685713669e-01
2.000000000000000000e+02 4.134137179129271317e+03 -1.974247392627677168e-13 -9.453549054683207942e-13 -8.292495107690606160e-01 -1.974247392627677168e-13 -9.453549054683207942e-13 -8.292495107690606160e-01
2.010000000000000000e+02 4.154807865024918101e+03 -1.949321963933085706e-13 -9.175993298526918807e-13 -8.293561258745981712e-01 -1.949321963933085706e-13 -9.175993298526918807e-13 -8.293561258745981712e-01
2.020000000000000000e+02 4.175478550920564885e+03 -1.965387576815431610e-13 -9.134915046615788015e-13 -8.285140516043368875e-01 -1.965387576815431610e-13 -9.134915046615788015e-13 -8.285140516043368875e-01
2.030000000000000000e+02 4.196149236816211669e+03 -2.012823341370091832e-13 -9.389156119254948862e-13 -8.266842490001458099e-01 -2.012823341370091832e-13 -9.389156119254948862e-13 -8.266842490001458099e-01
2.040000000000000000e+02 4.216819922711858453e+03 -2.036147785722916653e-13 -9.363620989688570262e-13 -8.238446366533540566e-01 -2.036147785722916653e-13 -9.363620989688570262e-13 -8.238446366533540566e-01
2.050000000000000000e+02 4.237490608607505237e+03 -2.037993163014967279e-13 -9.625633623500107205e-13 -8.199895737255726846e-01 -2.037993163014967279e-13 -9.625633623500107205e-13 -8.199895737255726846e-01
2.060000000000000000e+02 4.258161294503152021e+03 -2.025549090305672607e-13 -9.433565040239955124e-13 -8.151356774652374071e-01 -2.025549090305672607e-13 -9.433565040239955124e-13 -8.151356774652374071e-01
2.070000000000000000e+02 4.278831980398798805e+03 -2.047104623981434992e-13 -9.436895709313830594e-13 -8.093235883311254986e-01 -2.047104623981434992e-13 -9.436895709313830594e-13 -8.093235883311254986e-01
2.080000000000000000e+02 4.299502666294445589e+03 -2.037058952409796244e-13 -9.481304630298836855e-13 -8.026189628447335522e-01 -2.037058952409796244e-13 -9.481304630298836855e-13 -8.026189628447335522e-01
2.090000000000000000e+02 4.320173352190092373e+03 -2.042252335174948217e-13 -9.673373213558988937e-13 -7.951134427925967696e-01 -2.042252335174948217e-13 -9.673373213558988937e-13 -7.951134427925967696e-01
2.100000000000000000e+02 4.340844038085739157e+03 -2.062909591019767007e-13 -9.303668946358811809e-13 -7.869263668686981017e-01 -2.062909591019767007e-13 -9.303668946358811809e-13 -7.869263668686981017e-01
2.110000000000000000e+02 4.361514723981385941e+03 -2.022259637554879375e-13 -9.464651284929459507e-13 -7.782091477337946817e-01 -2.022259637554879375e-13 -9.464651284929459507e-13 -7.782091477337946817e-01
2.120000000000000000e+02 4.382185409877032725e+03 -2.039277622857759645e-13 -9.313660953580438218e-13 -7.691478538814988664e-01 -2.039277622857759645e-13 -9.313660953580438218e-13 -7.691478538814988664e-01
2.130000000000000000e+02 4.402856095772679510e+03 -2.024318322040740501e-13 -9.284795154940184148e-13 -7.599672173951412812e-01 -2.024318322040740501e-13 -9.284795154940184148e-13 -7.599672173951412812e-01
2.140000000000000000e+02 4.423526781668326294e+03 -2.030308604041059676e-13 -9.289236047038684774e-13 -7.509284490121939104e-01 -2.030308604041059676e-13 -9.289236047038684774e-13 -7.509284490121939104e-01
2.150000000000000000e+02 4.444197467563973078e+03 -2.044825573906632477e-13 -9.300338277284936339e-13 -7.423203359611915131e-01 -2.044825573906632477e-13 -9.300338277284936339e-13 -7.423203359611915131e-01
2.160000000000000000e+02 4.464868153459619862e+03 -2.026813245448502881e-13 -9.421352586969078402e-13 -7.344414136199129972e-01 -2.026813245448502881e-13 -9.421352586969078402e-13 -7.344414136199129972e-01
2.170000000000000000e+02 4.485538839355266646e+03 -2.063292959270865491e-13 -9.202638651117922564e-13 -7.275748476390967445e-01 -2.063292959270865491e-13 -9.202638651117922564e-13 -7.275748476390967445e-01
2.180000000000000000e+02 4.506209525250913430e+03 -2.042739343037341758e-13 -9.350298313393068383e-13 -7.219608215873857260e-01 -2.042739343037341758e-13 -9.350298313393068383e-13 -7.219608215873857260e-01
2.190000000000000000e+02 4.526880211146560214e+03 -2.056795306969064913e-13 -9.635625630721733614e-13 -7.177775281909657412e-01 -2.056795306969064913e-13 -9.635625630721733614e-13 -7.177775281909657412e-01
2.200000000000000000e+02 4.547550897042206998e+03 -2.060780820818331697e-13 -9.086065233532281127e-13 -7.151236794536466324e-01 -2.060780820818331697e-13 -9.086065233532281127e-13 -7.151236794536466324e-01
2.210000000000000000e+02 4.568221582937853782e+03 -2.106766304854291859e-13 -8.949507801503386872e-13 -7.140267836511506871e-01 -2.106766304854291859e-13 -8.949507801503386872e-13 -7.140267836511506871e-01
2.220000000000000000e+02 4.588892268833500566e+03 -2.168732129002024410e-13 -9.325873406851314940e-13 -7.144497183401158358e-01 -2.168732129002024410e-13 -9.325873406851314940e-13 -7.144497183401158358e-01
2.230000000000000000e+02 4.609562954729147350e+03 -2.141230303975549705e-13 -9.295897385186435713e-13 -7.163099924568041565e-01 -2.141230303975549705e-13 -9.295897385186435713e-13 -7.163099924568041565e-01
2.240000000000000000e+02 4.630233640624794134e+03 -2.218762070674161966e-13 -9.527933997333093430e-13 -7.194954337008075962e-01 -2.218762070674161966e-13 -9.527933997333093430e-13 -7.194954337008075962e-01
2.250000000000000000e+02 4.650904326520440918e+03 -2.210429994427624398e-13 -1.000644012094653590e-12 -7.238740623922624851e-01 -2.210429994427624398e-13 -1.000644012094653590e-12 -7.238740623922624851e-01
2.260000000000000000e+02 4.671575012416087702e+03 -2.295059519977679859e-13 -9.681144774731365032e-13 -7.293025721718892074e-01 -2.295059519977679859e-13 -9.681144774731365032e-13 -7.293025721718892074e-01
2.270000000000000000e+02 4.692245698311734486e+03 -2.303101580202082581e-13 -1.004418770378379122e-12 -7.356298638404329404e-01 -2.303101580202082581e-13 -1.004418770378379122e-12 -7.356298638404329404e-01
2.280000000000000000e+02 4.712916384207381270e+03 -2.348432791261115034e-13 -1.037614438814671303e-12 -7.426999260130713321e-01 -2.348432791261115034e-13 -1.037614438814671303e-12 -7.426999260130713321e-01
2.290000000000000000e+02 4.733587070103028054e+03 -2.424639442584728435e-13 -1.036726260394971177e-12 -7.503553727274566709e-01 -2.424639442584728435e-13 -1.036726260394971177e-12 -7.503553727274566709e-01
2.300000000000000000e+02 4.754257755998674838e+03 -2.408201150933810005e-13 -1.047717468338760227e-12 -7.584413569539416589e-01 -2.408201150933810005e-13 -1.047717468338760227e-12 -7.584413569539416589e-01
2.310000000000000000e+02 4.774928441894321622e+03 -2.486710891466629639e-13 -1.074584865534689015e-12 -7.668091192500976483e-01 -2.486710891466629639e-13 -1.074584865534689015e-12 -7.668091192500976483e-01
2.320000000000000000e+02 4.795599127789968406e+03 -2.534698033416582286e-13 -1.084576872756315424e-12 -7.753170692620363624e-01 -2.534698033416582286e-13 -1.084576872756315424e-12 -7.753170692620363624e-01
2.330000000000000000e+02 4.816269813685615190e+03 -2.575613757517369860e-13 -1.140199046290035767e-12 -7.838282576840308602e-01 -2.575613757517369860e-13 -1.140199046290035767e-12 -7.838282576840308602e-01
2.340000000000000000e+02 4.836940499581261975e+03 -2.641948258197130321e-13 -1.135203042679222563e-12 -7.922048361461843102e-01 -2.641948258197130321e-13 -1.135203042679222563e-12 -7.922048361461843102e-01
2.350000000000000000e+02 4.857611185476908759e+03 -2.658577228121158015e-13 -1.139643934777723189e-12 -8.003019038783434347e-01 -2.658577228121158015e-13 -1.139643934777723189e-12 -8.003019038783434347e-01
2.360000000000000000e+02 4.878281871372555543e+03 -2.723245984228448816e-13 -1.141309269314660924e-12 -8.079640964775836043e-01 -2.723245984228448816e-13 -1.141309269314660924e-12 -8.079640964775836043e-01
2.370000000000000000e+02 4.898952557268202327e+03 -2.742131378926440106e-13 -1.189381926280930202e-12 -8.150274000957630216e-01 -2.742131378926440106e-13 -1.189381926280930202e-12 -8.150274000957630216e-01
2.380000000000000000e+02 4.919623243163849111e+03 -2.792634544611336128e-13 -1.209032873816795473e-12 -8.213258332148867247e-01 -2.792634544611336128e-13 -1.209032873816795473e-12 -8.213258332148867247e-01
2.390000000000000000e+02 4.940293929059495895e+03 -2.798373845980120652e-13 -1.229460977469898353e-12 -8.267019790738088236e-01 -2.798373845980120652e-13 -1.229460977469898353e-12 -8.267019790738088236e-01
2.400000000000000000e+02 4.960964614955142679e+03 -2.849084724558146526e-13 -1.195710197521293594e-12 -8.310172299166037613e-01 -2.849084724558146526e-13 -1.195710197521293594e-12 -8.310172299166037613e-01
2.410000000000000000e+02 4.981635300850789463e+03 -2.867091191159080628e-13 -1.255662240851052047e-12 -8.341596258083578963e-01 -2.867091191159080628e-13 -1.255662240851052047e-12 -8.341596258083578963e-01
2.420000000000000000e+02 5.002305986746436247e+03 -2.880295863442260288e-13 -1.263988913535740721e-12 -8.360474611714744375e-01 -2.880295863442260288e-13 -1.263988913535740721e-12 -8.360474611714744375e-01
2.430000000000000000e+02 5.022976672642083031e+03 -2.909340649537349333e-13 -1.234012891870861495e-12 -8.366288756015488604e-01 -2.909340649537349333e-13 -1.234012891870861495e-12 -8.366288756015488604e-01
2.440000000000000000e+02 5.043647358537729815e+03 -2.923372886183736272e-13 -1.262212556696340471e-12 -8.358817594555864039e-01 -2.923372886183736272e-13 -1.262212556696340471e-12 -8.358817594555864039e-01
2.450000000000000000e+02 5.064318044433376599e+03 -2.937345245514792745e-13 -1.285971329423318821e-12 -8.338064931255060319e-01 -2.937345245514792745e-13 -1.285971329423318821e-12 -8.338064931255060319e-01
2.460000000000000000e+02 5.084988730329023383e+03 -2.943242194702596564e-13 -1.319611087069461064e-12 -8.304346482098525772e-01 -2.943242194702596564e-13 -1.319611087069461064e-12 -8.304346482098525772e-01
2.470000000000000000e+02 5.105659416224670167e+03 -2.936197822156676207e-13 -1.288635864682419196e-12 -8.258179131786888005e-01 -2.936197822156676207e-13 -1.288635864682419196e-12 -8.258179131786888005e-01
2.480000000000000000e+02 5.126330102120316951e+03 -2.937036146497899215e-13 -1.281530437324818195e-12 -8.200410482731672612e-01 -2.937036146497899215e-13 -1.281530437324818195e-12 -8.200410482731672612e-01
2.490000000000000000e+02 5.147000788015963735e+03 -2.923221613049482248e-13 -1.292965734478457307e-12 -8.132201687716830163e-01 -2.923221613049482248e-13 -1.292965734478457307e-12 -8.132201687716830163e-01
2.500000000000000000e+02 5.167671473911610519e+03 -2.910811507746709663e-13 -1.288191775472569134e-12 -8.055049478762906778e-01 -2.910811507746709663e-13 -1.288191775472569134e-12 -8.055049478762906778e-01
2.510000000000000000e+02 5.188342159807257303e+03 -2.877571925244417256e-13 -1.236677427129961870e-12 -7.970764012567279622e-01 -2.877571925244417256e-13 -1.236677427129961870e-12 -7.970764012567279622e-01
2.520000000000000000e+02 5.209012845702904087e+03 -2.895501015678856821e-13 -1.268096738726853800e-12 -7.881400012867565419e-01 -2.895501015678856821e-13 -1.268096738726853800e-12 -7.881400012867565419e-01
2.530000000000000000e+02 5.229683531598550871e+03 -2.905861831561535027e-13 -1.253108727894414187e-12 -7.789160829671081254e-01 -2.905861831561535027e-13 -1.253108727894414187e-12 -7.789160829671081254e-01
2.540000000000000000e+02 5.250354217494197655e+03 -2.884806564267975106e-13 -1.240785252321074950e-12 -7.696254571229903529e-01 -2.884806564267975106e-13 -1.240785252321074950e-12 -7.696254571229903529e-01
2.550000000000000000e+02 5.271024903389844440e+03 -2.846224745521611326e-13 -1.237454583247199480e-12 -7.604806564610832043e-01 -2.846224745521611326e-13 -1.237454583247199480e-12 -7.604806564610832043e-01
2.560000000000000000e+02 5.291695589285491224e+03 -2.840159491325166682e-13 -1.222688617019684898e-12 -7.516777916067126641e-01 -2.840159491325166682e-13 -1.222688617019684898e-12 -7.516777916067126641e-01
2.570000000000000000e+02 5.312366275181138008e+03 -2.822555535015317754e-13 -1.230793245099448541e-12 -7.433946295150563044e-01 -2.822555535015317754e-13 -1.230793245099448541e-12 -7.433946295150563044e-01
2.580000000000000000e+02 5.333036961076784792e+03 -2.812025670150006022e-13 -1.222910661624609929e-12 -7.357919515389335086e-01 -2.812025670150006022e-13 -1.222910661624609929e-12 -7.357919515389335086e-01
2.590000000000000000e+02 5.353707646972431576e+03 -2.785819137522051396e-13 -1.216582390384246537e-12 -7.290160975808944732e-01 -2.785819137522051396e-13 -1.216582390384246537e-12 -7.290160975808944732e-01
2.600000000000000000e+02 5.374378332868078360e+03 -2.826931975381555112e-13 -1.216915457291634084e-12 -7.232007019885883237e-01 -2.826931975381555112e-13 -1.216915457291634084e-12 -7.232007019885883237e-01
2.610000000000000000e+02 5.395049018763725144e+03 -2.813536018942937524e-13 -1.217692613408871694e-12 -7.184666220949316173e-01 -2.813536018942937524e-13 -1.217692613408871694e-12 -7.184666220949316173e-01
2.620000000000000000e+02 5.415719704659371928e+03 -2.820808406186806574e-13 -1.244115921394950419e-12 -7.149202210427038073e-01 -2.820808406186806574e-13 -1.244115921394950419e-12 -7.149202210427038073e-01
2.630000000000000000e+02 5.436390390555018712e+03 -2.832100017957444479e-13 -1.207922650792170316e-12 -7.126507735813225608e-01 -2.832100017957444479e-13 -1.207922650792170316e-12 -7.126507735813225608e-01
2.640000000000000000e+02 5.457061076450665496e+03 -2.876208711037172268e-13 -1.234679025685636589e-12 -7.117304525207607258e-01 -2.876208711037172268e-13 -1.234679025685636589e-12 -7.117304525207607258e-01
2.650000000000000000e+02 5.477731762346312280e+03 -2.891200042420561079e-13 -1.246447389746663248e-12 -7.122091358742547174e-01 -2.891200042420561079e-13 -1.246447389746663248e-12 -7.122091358742547174e-01
2.660000000000000000e+02 5.498402448241959064e+03 -2.883822393976962217e-13 -1.243560809882637841e-12 -7.141133305965667866e-01 -2.883822393976962217e-13 -1.243560809882637841e-12 -7.141133305965667866e-01
2.670000000000000000e+02 5.519073134137605848e+03 -2.950633791925881450e-13 -1.260658244461865252e-12 -7.174433514986032767e-01 -2.950633791925881450e-13 -1.260658244461865252e-12 -7.174433514986032767e-01
2.680000000000000000e+02 5.539743820033252632e+03 -3.010835531334383093e-13 -1.292965734478457307e-12 -7.221662111467416212e-01 -3.010835531334383093e-13 -1.292965734478457307e-12 -7.221662111467416212e-01
2.690000000000000000e+02 5.560414505928899416e+03 -3.043571482866359155e-13 -1.286748485540556430e-12 -7.282070502741204709e-01 -3.043571482866359155e-13 -1.286748485540556430e-12 -7.282070502741204709e-01
2.700000000000000000e+02 5.581085191824546200e+03 -3.122739336541781237e-13 -1.317723707927598298e-12 -7.354413651049744871e-01 -3.122739336541781237e-13 -1.317723707927598298e-12 -7.354413651049744871e-01
2.710000000000000000e+02 5.601755877720192984e+03 -3.171054581482638411e-13 -1.336042387833913381e-12 -7.436908563709812015e-01 -3.171054581482638411e-13 -1.336042387833913381e-12 -7.436908563709812015e-01
2.720000000000000000e+02 5.622426563615839768e+03 -3.222368573172128873e-13 -1.361799562005217012e-12 -7.527265652629456794e-01 -3.222368573172128873e-13 -1.361799562005217012e-12 -7.527265652629456794e-01
2.730000000000000000e+02 5.643097249511486552e+03 -3.248678479966496174e-13 -1.396216475768596865e-12 -7.622808753832248652e-01 -3.248678479966496174e-13 -1.396216475768596865e-12 -7.622808753832248652e-01
2.740000000000000000e+02 5.663767935407133336e+03 -3.331470332590439448e-13 -1.413869021860136854e-12 -7.720662970221455756e-01 -3.331470332590439448e-13 -1.413869021860136854e-12 -7.720662970221455756e-01
2.750000000000000000e+02 5.684438621302780120e+03 -3.378535476713222390e-13 -1.420419337705425278e-12 -7.817963307861460764e-01 -3.378535476713222390e-13 -1.420419337705425278e-12 -7.817963307861460764e-01
2.760000000000000000e+02 5.705109307198426905e+03 -3.465691420749248445e-13 -1.486255563065697061e-12 -7.912051280164239531e-01 -3.465691420749248445e-13 -1.486255563065697061e-12 -7.912051280164239531e-01
2.770000000000000000e+02 5.725779993094073689e+03 -3.539359351506430600e-13 -1.526223591952202696e-12 -8.000598240350068613e-01 -3.539359351506430600e-13 -1.526223591952202696e-12 -8.000598240350068613e-01
2.780000000000000000e+02 5.746450678989720473e+03 -3.587348756242090636e-13 -1.548761119352093374e-12 -8.081663648055018578e-01 -3.587348756242090636e-13 -1.548761119352093374e-12 -8.081663648055018578e-01
2.790000000000000000e+02 5.767121364885367257e+03 -3.638819957188202158e-13 -1.576960784177572350e-12 -8.153691550790103104e-01 -3.638819957188202158e-13 -1.576960784177572350e-12 -8.153691550790103104e-01
2.800000000000000000e+02 5.787792050781014041e+03 -3.719134764283874010e-13 -1.554978368289994251e-12 -8.215473104773562962e-01 -3.719134764283874010e-13 -1.554978368289994251e-12 -8.215473104773562962e-01
2.810000000000000000e+02 5.808462736676660825e+03 -3.708541243254045627e-13 -1.617705969181315595e-12 -8.266099008945101412e-01 -3.708541243254045627e-13 -1.617705969181315595e-12 -8.266099008945101412e-01
2.820000000000000000e+02 5.829133422572307609e+03 -3.732726016171634120e-13 -1.655564574321033433e-12 -8.304932747464112142e-01 -3.732726016171634120e-13 -1.655564574321033433e-12 -8.304932747464112142e-01
2.830000000000000000e+02 5.849804108467954393e+03 -3.791531539771222059e-13 -1.634359314550692943e-12 -8.331563514291431272e-01 -3.791531539771222059e-13 -1.634359314550692943e-12 -8.331563514291431272e-01
2.840000000000000000e+02 5.870474794363601177e+03 -3.841062337478346416e-13 -1.674549388042123610e-12 -8.345868104497506934e-01 -3.841062337478346416e-13 -1.674549388042123610e-12 -8.345868104497506934e-01
2.850000000000000000e+02 5.891145480259247961e+03 -3.841386063849336558e-13 -1.652900039061933057e-12 -8.347972998216359741e-01 -3.841386063849336558e-13 -1.652900039061933057e-12 -8.347972998216359741e-01
2.860000000000000000e+02 5.911816166154894745e+03 -3.826501314333398221e-13 -1.660893644839234184e-12 -8.338229457517025711e-01 -3.826501314333398221e-13 -1.660893644839234184e-12 -8.338229457517025711e-01
2.870000000000000000e+02 5.932486852050541529e+03 -3.856008275605789497e-13 -1.667554982986985124e-12 -8.317278514286611246e-01 -3.856008275605789497e-13 -1.667554982986985124e-12 -8.317278514286611246e-01
2.880000000000000000e+02 5.953157537946188313e+03 -3.877367280099031000e-13 -1.705191543521777930e-12 -8.285954593290650871e-01 -3.877367280099031000e-13 -1.705191543521777930e-12 -8.285954593290650871e-01
2.890000000000000000e+02 5.973828223841835097e+03 -3.880080172278912900e-13 -1.705635632731627993e-12 -8.245175575667433865e-01 -3.880080172278912900e-13 -1.705635632731627993e-12 -8.245175575667433865e-01
2.900000000000000000e+02 5.994498909737481881e+03 -3.921687227362272973e-13 -1.708189145688265853e-12 -8.195888347133299945e-01 -3.921687227362272973e-13 -1.708189145688265853e-12 -8.195888347133299945e-01
2.910000000000000000e+02 6.015169595633128665e+03 -3.870888205126531665e-13 -1.652900039061933057e-12 -8.138977215560208034e-01 -3.870888205126531665e-13 -1.652900039061933057e-12 -8.138977215560208034e-01
2.920000000000000000e+02 6.035840281528775449e+03 -3.871323293136192798e-13 -1.684985484473600081e-12 -8.075279124687997356e-01 -3.871323293136192798e-13 -1.684985484473600081e-12 -8.075279124687997356e-01
2.930000000000000000e+02 6.056510967424422233e+03 -3.867901444203802001e-13 -1.676658811788911407e-12 -8.005515966087952684e-01 -3.867901444203802001e-13 -1.676658811788911407e-12 -8.005515966087952684e-01
2.940000000000000000e+02 6.077181653320069017e+03 -3.816965717543863426e-13 -1.678324146325849142e-12 -7.930457279041597252e-01 -3.816965717543863426e-13 -1.678324146325849142e-12 -7.930457279041597252e-01
2.950000000000000000e+02 6.097852339215715801e+03 -3.802120360912755885e-13 -1.667666005289447639e-12 -7.850960640153866743e-01 -3.802120360912755885e-13 -1.667666005289447639e-12 -7.850960640153866743e-01
2.960000000000000000e+02 6.118523025111362585e+03 -3.783000574748009872e-13 -1.661226711746621731e-12 -7.768059264484608040e-01 -3.783000574748009872e-13 -1.661226711746621731e-12 -7.768059264484608040e-01
2.970000000000000000e+02 6.139193711007009369e+03 -3.773221106322955052e-13 -1.666222715357434936e-12 -7.683009661949210534e-01 -3.773221106322955052e-13 -1.666222715357434936e-12 -7.683009661949210534e-01
2.980000000000000000e+02 6.159864396902656154e+03 -3.749107977612159037e-13 -1.667777027591910155e-12 -7.597302331180565416e-01 -3.749107977612159037e-13 -1.667777027591910155e-12 -7.597302331180565416e-01
2.990000000000000000e+02 6.180535082798302938e+03 -3.748046532580994781e-13 -1.676103700276598829e-12 -7.512645321914098728e-01 -3.748046532580994781e-13 -1.676103700276598829e-12 -7.512645321914098728e-01
3.000000000000000000e+02 6.201205768693949722e+03 -3.723193390897823644e-13 -1.630029444754654833e-12 -7.430938378744442740e-01 -3.723193390897823644e-13 -1.630029444754654833e-12 -7.430938378744442740e-01
3.010000000000000000e+02 6.221876454589596506e+03 -3.691558289418779418e-13 -1.646793812426494696e-12 -7.354251953877612991e-01 -3.691558289418779418e-13 -1.646793812426494696e-12 -7.354251953877612991e-01
3.020000000000000000e+02 6.242547140485243290e+03 -3.675326853817231177e-13 -1.627253887193091941e-12 -7.284814380051227722e-01 -3.675326853817231177e-13 -1.627253887193091941e-12 -7.284814380051227722e-01
3.030000000000000000e+02 6.263217826380890074e+03 -3.659895762218300737e-13 -1.608158051169539249e-12 -7.224971600930855109e-01 -3.659895762218300737e-13 -1.608158051169539249e-12 -7.224971600930855109e-01
3.040000000000000000e+02 6.283888512276536858e+03 -3.674081636038899920e-13 -1.622479928187203768e-12 -7.177100433370841026e-01 -3.674081636038899920e-13 -1.622479928187203768e-12 -7.177100433370841026e-01
3.050000000000000000e+02 6.304559198172183642e+03 -3.717417737004112123e-13 -1.608380095774464280e-12 -7.143437100775843485e-01 -3.717417737004112123e-13 -1.608380095774464280e-12 -7.143437100775843485e-01
3.060000000000000000e+02 6.325229884067830426e+03 -3.696041100731057116e-13 -1.605382493607976357e-12 -7.125831156539725875e-01 -3.696041100731057116e-13 -1.605382493607976357e-12 -7.125831156539725875e-01
3.070000000000000000e+02 6.345900569963477210e+03 -3.708798487841760136e-13 -1.629474333242342254e-12 -7.125468923950623035e-01 -3.708798487841760136e-13 -1.629474333242342254e-12 -7.125468923950623035e-01
3.080000000000000000e+02 6.366571255859123994e+03 -3.773083639393829198e-13 -1.634914426063005521e-12 -7.142655060727522986e-01 -3.773083639393829198e-13 -1.634914426063005521e-12 -7.142655060727522986e-01
3.090000000000000000e+02 6.387241941754770778e+03 -3.783891072011125594e-13 -1.622368905884741253e-12 -7.176683306692135389e-01 -3.783891072011125594e-13 -1.622368905884741253e-12 -7.176683306692135389e-01
3.100000000000000000e+02 6.407912627650417562e+03 -3.864336834715515645e-13 -1.676658811788911407e-12 -7.225955870629910960e-01 -3.864336834715515645e-13 -1.676658811788911407e-12 -7.225955870629910960e-01
3.110000000000000000e+02 6.428583313546064346e+03 -3.883469558452198095e-13 -1.696864870837089256e-12 -7.288157755053852327e-01 -3.883469558452198095e-13 -1.696864870837089256e-12 -7.288157755053852327e-01
3.120000000000000000e+02 6.449253999441711130e+03 -3.962740272946844311e-13 -1.737721078143295017e-12 -7.360578475576907698e-01 -3.962740272946844311e-13 -1.737721078143295017e-12 -7.360578475576907698e-01
3.130000000000000000e+02 6.469924685337357914e+03 -4.026798358793829010e-13 -1.764255408431836258e-12 -7.440402541423124516e-01 -4.026798358793829010e-13 -1.764255408431836258e-12 -7.440402541423124516e-01
3.140000000000000000e+02 6.490595371233004698e+03 -4.108739872044973243e-13 -1.788347248066202155e-12 -7.524930688041765459e-01 -4.108739872044973243e-13 -1.788347248066202155e-12 -7.524930688041765459e-01
3.150000000000000000e+02 6.511266057128651482e+03 -4.204830225503447744e-13 -1.815547712169518491e-12 -7.611704566675552286e-01 -4.204830225503447744e-13 -1.815547712169518491e-12 -7.611704566675552286e-01
3.160000000000000000e+02 6.531936743024298266e+03 -4.253450865721477018e-13 -1.827871187742857728e-12 -7.698549251444924968e-01 -4.253450865721477018e-13 -1.827871187742857728e-12 -7.698549251444924968e-01
3.170000000000000000e+02 6.552607428919945050e+03 -4.329243907528797268e-13 -1.884048472788890649e-12 -7.783579335014626510e-01 -4.329243907528797268e-13 -1.884048472788890649e-12 -7.783579335014626510e-01
3.180000000000000000e+02 6.573278114815591834e+03 -4.382558370135087607e-13 -1.912248137614369625e-12 -7.865181721503299306e-01 -4.382558370135087607e-13 -1.912248137614369625e-12 -7.865181721503299306e-01
3.190000000000000000e+02 6.593948800711238619e+03 -4.439524582571096769e-13 -1.940225757834923570e-12 -7.942016407840053471e-01 -4.439524582571096769e-13 -1.940225757834923570e-12 -7.942016407840053471e-01
3.200000000000000000e+02 6.614619486606885403e+03 -4.543579694088014289e-13 -1.960875906092951482e-12 -8.013013038104629393e-01 -4.543579694088014289e-13 -1.960875906092951482e-12 -8.013013038104629393e-01
3.210000000000000000e+02 6.635290172502532187e+03 -4.618412664814037592e-13 -1.995514864461256366e-12 -8.077360038389908015e-01 -4.618412664814037592e-13 -1.995514864461256366e-12 -8.077360038389908015e-01
3.220000000000000000e+02 6.655960858398178971e+03 -4.651942296837486350e-13 -2.015387856602046668e-12 -8.134475211276428475e-01 -4.651942296837486350e-13 -2.015387856602046668e-12 -8.134475211276428475e-01
3.230000000000000000e+02 6.676631544293825755e+03 -4.723214432261462517e-13 -2.050581926482664130e-12 -8.183951493865164739e-01 -4.723214432261462517e-13 -2.050581926482664130e-12 -8.183951493865164739e-01
3.240000000000000000e+02 6.697302230189472539e+03 -4.709894541038680712e-13 -2.051803171809751802e-12 -8.225482390323354265e-01 -4.709894541038680712e-13 -2.051803171809751802e-12 -8.225482390323354265e-01
3.250000000000000000e+02 6.717972916085119323e+03 -4.796910345720013025e-13 -2.063238468963390915e-12 -8.258783246693900404e-01 -4.796910345720013025e-13 -2.063238468963390915e-12 -8.258783246693900404e-01
3.260000000000000000e+02 6.738643601980766107e+03 -4.858212328218192101e-13 -2.098765605751395924e-12 -8.283526538222240054e-01 -4.858212328218192101e-13 -2.098765605751395924e-12 -8.283526538222240054e-01
3.270000000000000000e+02 6.759314287876412891e+03 -4.913632626279479414e-13 -2.117306330262636038e-12 -8.299280970457107998e-01 -4.913632626279479414e-13 -2.117306330262636038e-12 -8.299280970457107998e-01
3.280000000000000000e+02 6.779984973772059675e+03 -4.918975682253679306e-13 -2.102318319430196425e-12 -8.305604957619505679e-01 -4.918975682253679306e-13 -2.102318319430196425e-12 -8.305604957619505679e-01
3.290000000000000000e+02 6.800655659667706459e+03 -4.925375102199006910e-13 -2.154276756982653751e-12 -8.302036144145482632e-01 -4.925375102199006910e-13 -2.154276756982653751e-12 -8.302036144145482632e-01
3.300000000000000000e+02 6.821326345563353243e+03 -4.958183567423560981e-13 -2.175148949845606694e-12 -8.288196312066838933e-01 -4.958183567423560981e-13 -2.175148949845606694e-12 -8.288196312066838933e-01
3.310000000000000000e+02 6.841997031459000027e+03 -4.961998424889762391e-13 -2.155275957704816392e-12 -8.263844514098507288e-01 -4.961998424889762391e-13 -2.155275957704816392e-12 -8.263844514098507288e-01
3.320000000000000000e+02 6.862667717354646811e+03 -4.955451686460604766e-13 -2.139066701545289106e-12 -8.228974033665880095e-01 -4.955451686460604766e-13 -2.139066701545289106e-12 -8.228974033665880095e-01
3.330000000000000000e+02 6.883338403250293595e+03 -4.990593363294270664e-13 -2.175593039055456757e-12 -8.183807576154908947e-01 -4.990593363294270664e-13 -2.175593039055456757e-12 -8.183807576154908947e-01
3.340000000000000000e+02 6.904009089145940379e+03 -4.984359641321203826e-13 -2.158717649081154377e-12 -8.128812574104860023e-01 -4.984359641321203826e-13 -2.158717649081154377e-12 -8.128812574104860023e-01
3.350000000000000000e+02 6.924679775041587163e+03 -4.949879325034531885e-13 -2.144728838970877405e-12 -8.064703945774059912e-01 -4.949879325034531885e-13 -2.144728838970877405e-12 -8.064703945774059912e-01
3.360000000000000000e+02 6.945350460937233947e+03 -4.910090992170400575e-13 -2.153610623167878657e-12 -7.992450043055028264e-01 -4.910090992170400575e-13 -2.153610623167878657e-12 -7.992450043055028264e-01
3.370000000000000000e+02 6.966021146832880731e+03 -4.909037235605722342e-13 -2.133071497212313261e-12 -7.913293352611593390e-01 -4.909037235605722342e-13 -2.133071497212313261e-12 -7.913293352611593390e-01
3.380000000000000000e+02 6.986691832728527515e+03 -4.895258411222461728e-13 -2.094324713652895298e-12 -7.828791890655644181e-01 -4.895258411222461728e-13 -2.094324713652895298e-12 -7.828791890655644181e-01
3.390000000000000000e+02 7.007362518624174299e+03 -4.874764140544440351e-13 -2.080779992752468388e-12 -7.740853118954971190e-01 -4.874764140544440351e-13 -2.080779992752468388e-12 -7.740853118954971190e-01
3.400000000000000000e+02 7.028033204519821084e+03 -4.837509179791003432e-13 -2.080224881240155810e-12 -7.651754558087441316e-01 -4.837509179791003432e-13 -2.080224881240155810e-12 -7.651754558087441316e-01
3.410000000000000000e+02 7.048703890415467868e+03 -4.793127219746503842e-13 -2.065791981920028775e-12 -7.564108454759251865e-01 -4.793127219746503842e-13 -2.065791981920028775e-12 -7.564108454759251865e-01
3.420000000000000000e+02 7.069374576311114652e+03 -4.777146112821050155e-13 -2.054911796278702241e-12 -7.480748342668968043e-01 -4.777146112821050155e-13 -2.054911796278702241e-12 -7.480748342668968043e-01
3.430000000000000000e+02 7.090045262206761436e+03 -4.765297716290613513e-13 -2.053246461741764506e-12 -7.404531581195418211e-01 -4.765297716290613513e-13 -2.053246461741764506e-12 -7.404531581195418211e-01
3.440000000000000000e+02 7.110715948102408220e+03 -4.731698590445341881e-13 -2.028266443687698484e-12 -7.338081553091774234e-01 -4.731698590445341881e-13 -2.028266443687698484e-12 -7.338081553091774234e-01
3.450000000000000000e+02 7.131386633998055004e+03 -4.725816725584927643e-13 -2.056688153118102491e-12 -7.283536011084895678e-01 -4.725816725584927643e-13 -2.056688153118102491e-12 -7.283536011084895678e-01
3.460000000000000000e+02 7.152057319893701788e+03 -4.711317024716940311e-13 -2.020494882515322388e-12 -7.242376620681220123e-01 -4.711317024716940311e-13 -2.020494882515322388e-12 -7.242376620681220123e-01
3.470000000000000000e+02 7.172728005789348572e+03 -4.752707980667449266e-13 -2.004285626355795102e-12 -7.215331916956246872e-01 -4.752707980667449266e-13 -2.004285626355795102e-12 -7.215331916956246872e-01
3.480000000000000000e+02 7.193398691684995356e+03 -4.742010378471686038e-13 -2.053357484044227022e-12 -7.202472295349651166e-01 -4.742010378471686038e-13 -2.053357484044227022e-12 -7.202472295349651166e-01
3.490000000000000000e+02 7.214069377580642140e+03 -4.772405666814462779e-13 -2.051248060297439224e-12 -7.203308608293113036e-01 -4.772405666814462779e-13 -2.051248060297439224e-12 -7.203308608293113036e-01
3.500000000000000000e+02 7.234740063476288924e+03 -4.794632516271885810e-13 -2.054467707068852178e-12 -7.216996540030664598e-01 -4.794632516271885810e-13 -2.054467707068852178e-12 -7.216996540030664598e-01
3.510000000000000000e+02 7.255410749371935708e+03 -4.858223930675271356e-13 -2.040922986168425268e-12 -7.242462606056060404e-01 -4.858223930675271356e-13 -2.040922986168425268e-12 -7.242462606056060404e-01
3.520000000000000000e+02 7.276081435267582492e+03 -4.880350864641105714e-13 -2.095545958979982970e-12 -7.278501815983743350e-01 -4.880350864641105714e-13 -2.095545958979982970e-12 -7.278501815983743350e-01
3.530000000000000000e+02 7.296752121163229276e+03 -4.943485930369226571e-13 -2.116085084935548366e-12 -7.323841368404387930e-01 -4.943485930369226571e-13 -2.116085084935548366e-12 -7.323841368404387930e-01
3.540000000000000000e+02 7.317422807058876060e+03 -5.020015224464487714e-13 -2.141620214501926966e-12 -7.377175419770251041e-01 -5.020015224464487714e-13 -2.141620214501926966e-12 -7.377175419770251041e-01
3.550000000000000000e+02 7.338093492954522844e+03 -5.064813951445482330e-13 -2.191136161400208948e-12 -7.437166267320562962e-01 -5.064813951445482330e-13 -2.191136161400208948e-12 -7.437166267320562962e-01
3.560000000000000000e+02 7.358764178850169628e+03 -5.167173134238301917e-13 -2.186806291604170838e-12 -7.502527787630886014e-01 -5.167173134238301917e-13 -2.186806291604170838e-12 -7.502527787630886014e-01
3.570000000000000000e+02 7.379434864745816412e+03 -5.243250353904364081e-13 -2.224109785231576097e-12 -7.572003181458420995e-01 -5.243250353904364081e-13 -2.224109785231576097e-12 -7.572003181458420995e-01
3.580000000000000000e+02 7.400105550641463196e+03 -5.306098031505277765e-13 -2.255862163735855574e-12 -7.644411086751863316e-01 -5.306098031505277765e-13 -2.255862163735855574e-12 -7.644411086751863316e-01
3.590000000000000000e+02 7.420776236537109980e+03 -5.417522091235772330e-13 -2.263411680303306639e-12 -7.718628737124609840e-01 -5.417522091235772330e-13 -2.263411680303306639e-12 -7.718628737124609840e-01
3.600000000000000000e+02 7.441446922432756764e+03 -5.505178630817760963e-13 -2.310818203454800823e-12 -7.793544793046146557e-01 -5.505178630817760963e-13 -2.310818203454800823e-12 -7.793544793046146557e-01
3.610000000000000000e+02 7.462117608328403549e+03 -5.598366445381609993e-13 -2.373878871253509715e-12 -7.867989053911155217e-01 -5.598366445381609993e-13 -2.373878871253509715e-12 -7.867989053911155217e-01
3.620000000000000000e+02 7.482788294224050333e+03 -5.714827661698508898e-13 -2.386313369129311468e-12 -7.940667339341611619e-01 -5.714827661698508898e-13 -2.386313369129311468e-12 -7.940667339341611619e-01
3.630000000000000000e+02 7.503458980119697117e+03 -5.747490008496469449e-13 -2.451483460674808157e-12 -8.010135865004482936e-01 -5.747490008496469449e-13 -2.451483460674808157e-12 -8.010135865004482936e-01
3.640000000000000000e+02 7.524129666015343901e+03 -5.876666331044570768e-13 -2.464140003155534941e-12 -8.074835331227314672e-01 -5.876666331044570768e-13 -2.464140003155534941e-12 -8.074835331227314672e-01
3.650000000000000000e+02 7.544800351910990685e+03 -5.940383673191940579e-13 -2.484901173716025369e-12 -8.133174007477561585e-01 -5.940383673191940579e-13 -2.484901173716025369e-12 -8.133174007477561585e-01
3.660000000000000000e+02 7.565471037806637469e+03 -5.982214755974595639e-13 -2.522315689645893144e-12 -8.183644096367119758e-01 -5.982214755974595639e-13 -2.522315689645893144e-12 -8.183644096367119758e-01
3.670000000000000000e+02 7.586141723702284253e+03 -6.085438242532293167e-13 -2.575717417130363174e-12 -8.224929554170353763e-01 -6.085438242532293167e-13 -2.575717417130363174e-12 -8.224929554170353763e-01
3.680000000000000000e+02 7.606812409597931037e+03 -6.156116847462973675e-13 -2.573274926476187829e-12 -8.255981991243737106e-01 -6.156116847462973675e-13 -2.573274926476187829e-12 -8.255981991243737106e-01
3.690000000000000000e+02 7.627483095493577821e+03 -6.195505076395521656e-13 -2.612243754640530824e-12 -8.276052432876878084e-01 -6.195505076395521656e-13 -2.612243754640530824e-12 -8.276052432876878084e-01
3.700000000000000000e+02 7.648153781389224605e+03 -6.239563774766823803e-13 -2.621236561139994592e-12 -8.284693171826901237e-01 -6.239563774766823803e-13 -2.621236561139994592e-12 -8.284693171826901237e-01
3.710000000000000000e+02 7.668824467284871389e+03 -6.262953867030175687e-13 -2.628119943892670562e-12 -8.281708064585064921e-01 -6.262953867030175687e-13 -2.628119943892670562e-12 -8.281708064585064921e-01
3.720000000000000000e+02 7.689495153180518173e+03 -6.286730392849139160e-13 -2.645550445379285520e-12 -8.267185807163260902e-01 -6.286730392849139160e-13 -2.645550445379285520e-12 -8.267185807163260902e-01
3.730000000000000000e+02 7.710165839076164957e+03 -6.305714474496879061e-13 -2.646438623798985645e-12 -8.241446267307126483e-01 -6.305714474496879061e-13 -2.646438623798985645e-12 -8.241446267307126483e-01
3.740000000000000000e+02 7.730836524971811741e+03 -6.292361100435908721e-13 -2.636890705787209299e-12 -8.205071497330372887e-01 -6.292361100435908721e-13 -2.636890705787209299e-12 -8.205071497330372887e-01
3.750000000000000000e+02 7.751507210867458525e+03 -6.309573025306353158e-13 -2.641664664793097472e-12 -8.158930108493177569e-01 -6.309573025306353158e-13 -2.641664664793097472e-12 -8.158930108493177569e-01
3.760000000000000000e+02 7.772177896763105309e+03 -6.307553623350497441e-13 -2.623901096399094968e-12 -8.104195962392319874e-01 -6.307553623350497441e-13 -2.623901096399094968e-12 -8.104195962392319874e-01
3.770000000000000000e+02 7.792848582658752093e+03 -6.337641562461333888e-13 -2.625899497843420249e-12 -8.042343720547016073e-01 -6.337641562461333888e-13 -2.625899497843420249e-12 -8.042343720547016073e-01
3.780000000000000000e+02 7.813519268554398877e+03 -6.286633250913973689e-13 -2.620459405022756982e-12 -7.975102284111674766e-01 -6.286633250913973689e-13 -2.620459405022756982e-12 -7.975102284111674766e-01
3.790000000000000000e+02 7.834189954450045661e+03 -6.282692410775081581e-13 -2.595923476178541023e-12 -7.904360587153581585e-01 -6.282692410775081581e-13 -2.595923476178541023e-12 -7.904360587153581585e-01
3.800000000000000000e+02 7.854860640345692445e+03 -6.231409132864262458e-13 -2.616129535226718872e-12 -7.832041762220738335e-01 -6.231409132864262458e-13 -2.616129535226718872e-12 -7.832041762220738335e-01
3.810000000000000000e+02 7.875531326241339229e+03 -6.258786064111105475e-13 -2.635225371250271564e-12 -7.759967108109804279e-01 -6.258786064111105475e-13 -2.635225371250271564e-12 -7.759967108109804279e-01
3.820000000000000000e+02 7.896202012136986014e+03 -6.221343049208057330e-13 -2.575828439432825689e-12 -7.689759611222790614e-01 -6.221343049208057330e-13 -2.575828439432825689e-12 -7.689759611222790614e-01
3.830000000000000000e+02 7.916872698032632798e+03 -6.196187368389445755e-13 -2.580269331531326316e-12 -7.622795923803962204e-01 -6.196187368389445755e-13 -2.580269331531326316e-12 -7.622795923803962204e-01
3.840000000000000000e+02 7.937543383928279582e+03 -6.187726636680954683e-13 -2.577715818574688456e-12 -7.560221771162614068e-01 -6.187726636680954683e-13 -2.577715818574688456e-12 -7.560221771162614068e-01
3.850000000000000000e+02 7.958214069823926366e+03 -6.164967458433356231e-13 -2.534639165219232382e-12 -7.503002513692152986e-01 -6.164967458433356231e-13 -2.534639165219232382e-12 -7.503002513692152986e-01
3.860000000000000000e+02 7.978884755719573150e+03 -6.124010406133596853e-13 -2.552735800520622433e-12 -7.451981199597933481e-01 -6.124010406133596853e-13 -2.552735800520622433e-12 -7.451981199597933481e-01
3.870000000000000000e+02 7.999555441615219934e+03 -6.128784859530555738e-13 -2.533417919892144710e-12 -7.407920816438224865e-01 -6.128784859530555738e-13 -2.533417919892144710e-12 -7.407920816438224865e-01
3.880000000000000000e+02 8.020226127510866718e+03 -6.121646648661486824e-13 -2.539746191132508102e-12 -7.371520700726161834e-01 -6.121646648661486824e-13 -2.539746191132508102e-12 -7.371520700726161834e-01
3.890000000000000000e+02 8.040896813406513502e+03 -6.128606411652787343e-13 -2.531530540750281943e-12 -7.343409914701438668e-01 -6.128606411652787343e-13 -2.531530540750281943e-12 -7.343409914701438668e-01
3.900000000000000000e+02 8.061567499302160286e+03 -6.141713372969040990e-13 -2.558731004853598279e-12 -7.324149557831728385e-01 -6.141713372969040990e-13 -2.558731004853598279e-12 -7.324149557831728385e-01
3.910000000000000000e+02 8.082238185197807070e+03 -6.152524241129849215e-13 -2.532862808379832131e-12 -7.314190793769380639e-01 -6.152524241129849215e-13 -2.532862808379832131e-12 -7.314190793769380639e-01
3.920000000000000000e+02 8.102908871093453854e+03 -6.152415907066106985e-13 -2.534417120614307350e-12 -7.313932831392061518e-01 -6.152415907066106985e-13 -2.534417120614307350e-12 -7.313932831392061518e-01
3.930000000000000000e+02 8.123579556989100638e+03 -6.174274127701514590e-13 -2.577271729364838393e-12 -7.323635006694942939e-01 -6.174274127701514590e-13 -2.577271729364838393e-12 -7.323635006694942939e-01
3.940000000000000000e+02 8.144250242884747422e+03 -6.265067570205319366e-13 -2.590150316450490209e-12 -7.343468063746005914e-01 -6.265067570205319366e-13 -2.590150316450490209e-12 -7.343468063746005914e-01
3.950000000000000000e+02 8.164920928780394206e+03 -6.298125162920733602e-13 -2.606581617214942526e-12 -7.373404977864534970e-01 -6.298125162920733602e-13 -2.606581617214942526e-12 -7.373404977864534970e-01
3.960000000000000000e+02 8.185591614676040990e+03 -6.387603902128892886e-13 -2.649325203663011052e-12 -7.413156877101397813e-01 -6.387603902128892886e-13 -2.649325203663011052e-12 -7.413156877101397813e-01
3.970000000000000000e+02 8.206262300571686865e+03 -6.389056202345580152e-13 -2.648103958335923380e-12 -7.462062065163824753e-01 -6.389056202345580152e-13 -2.648103958335923380e-12 -7.462062065163824753e-01
3.980000000000000000e+02 8.226932986467332739e+03 -6.521575091165894593e-13 -2.699285239771143097e-12 -7.519020801060641856e-01 -6.521575091165894593e-13 -2.699285239771143097e-12 -7.519020801060641856e-01
3.990000000000000000e+02 8.247603672362978614e+03 -6.567367945029519100e-13 -2.730482506763109996e-12 -7.582440219556765282e-01 -6.567367945029519100e-13 -2.730482506763109996e-12 -7.582440219556765282e-01
4.000000000000000000e+02 8.268274358258624488e+03 -6.637433883523596326e-13 -2.776334717680128961e-12 -7.650396449659579989e-01 -6.637433883523596326e-13 -2.776334717680128961e-12 -7.650396449659579989e-01
4.010000000000000000e+02 8.288945044154270363e+03 -6.768946359624984411e-13 -2.811417765258283907e-12 -7.720694236197627180e-01 -6.768946359624984411e-13 -2.811417765258283907e-12 -7.720694236197627180e-01
4.020000000000000000e+02 8.309615730049916237e+03 -6.813016959060756534e-13 -2.870370607865879720e-12 -7.791098117332460049e-01 -6.813016959060756534e-13 -2.870370607865879720e-12 -7.791098117332460049e-01
4.030000000000000000e+02 8.330286415945562112e+03 -6.960659715957260525e-13 -2.858491221502390545e-12 -7.859494229522766551e-01 -6.960659715957260525e-13 -2.858491221502390545e-12 -7.859494229522766551e-01
4.040000000000000000e+02 8.350957101841207987e+03 -7.010213999540391473e-13 -2.905009566234184604e-12 -7.924017541133531184e-01 -7.010213999540391473e-13 -2.905009566234184604e-12 -7.924017541133531184e-01
4.050000000000000000e+02 8.371627787736853861e+03 -7.111377318506622101e-13 -2.962963208119617775e-12 -7.983114358025593660e-01 -7.111377318506622101e-13 -2.962963208119617775e-12 -7.983114358025593660e-01
4.060000000000000000e+02 8.392298473632499736e+03 -7.223368143944097129e-13 -3.010258708968649444e-12 -8.035551595663723567e-01 -7.223368143944097129e-13 -3.010258708968649444e-12 -8.035551595663723567e-01
4.070000000000000000e+02 8.412969159528145610e+03 -7.292185033187224693e-13 -3.025468764406014088e-12 -8.080394525397254224e-01 -7.292185033187224693e-13 -3.025468764406014088e-12 -8.080394525397254224e-01
4.080000000000000000e+02 8.433639845423791485e+03 -7.343019924477014153e-13 -3.094191569630311278e-12 -8.116987976242604486e-01 -7.343019924477014153e-13 -3.094191569630311278e-12 -8.116987976242604486e-01
4.090000000000000000e+02 8.454310531319437359e+03 -7.448599415208656686e-13 -3.086308986155472667e-12 -8.144881160193406799e-01 -7.448599415208656686e-13 -3.086308986155472667e-12 -8.144881160193406799e-01
4.100000000000000000e+02 8.474981217215083234e+03 -7.547213973665124342e-13 -3.119615676894227363e-12 -8.163938246959953071e-01 -7.547213973665124342e-13 -3.119615676894227363e-12 -8.163938246959953071e-01
4.110000000000000000e+02 8.495651903110729108e+03 -7.547192090252919145e-13 -3.150257832373881683e-12 -8.174209735641831953e-01 -7.547192090252919145e-13 -3.150257832373881683e-12 -8.174209735641831953e-01
4.120000000000000000e+02 8.516322589006374983e+03 -7.598519804562442405e-13 -3.144151605738443322e-12 -8.176024291562279389e-01 -7.598519804562442405e-13 -3.144151605738443322e-12 -8.176024291562279389e-01
4.130000000000000000e+02 8.536993274902020858e+03 -7.665538323248070956e-13 -3.170907980631909595e-12 -8.169897373428364196e-01 -7.665538323248070956e-13 -3.170907980631909595e-12 -8.169897373428364196e-01
4.140000000000000000e+02 8.557663960797666732e+03 -7.702427625529223299e-13 -3.185340879952036630e-12 -8.156542807152652452e-01 -7.702427625529223299e-13 -3.185340879952036630e-12 -8.156542807152652452e-01
4.150000000000000000e+02 8.578334646693312607e+03 -7.729238423603251606e-13 -3.200328890784476243e-12 -8.136815303808497823e-01 -7.729238423603251606e-13 -3.200328890784476243e-12 -8.136815303808497823e-01
4.160000000000000000e+02 8.599005332588958481e+03 -7.743462574495596003e-13 -3.187339281396361912e-12 -8.111499901614594998e-01 -7.743462574495596003e-13 -3.187339281396361912e-12 -8.111499901614594998e-01
4.170000000000000000e+02 8.619676018484604356e+03 -7.793651589857495971e-13 -3.184230656927411474e-12 -8.081325044978840966e-01 -7.793651589857495971e-13 -3.184230656927411474e-12 -8.081325044978840966e-01
4.180000000000000000e+02 8.640346704380250230e+03 -7.789135132451144085e-13 -3.225197886536079750e-12 -8.046891582297970302e-01 -7.789135132451144085e-13 -3.225197886536079750e-12 -8.046891582297970302e-01
4.190000000000000000e+02 8.661017390275896105e+03 -7.784044430605731673e-13 -3.215760990826765919e-12 -8.008627280329907450e-01 -7.784044430605731673e-13 -3.215760990826765919e-12 -8.008627280329907450e-01
4.200000000000000000e+02 8.681688076171541979e+03 -7.801942574368070410e-13 -3.215760990826765919e-12 -7.966892235045378579e-01 -7.801942574368070410e-13 -3.215760990826765919e-12 -7.966892235045378579e-01
4.210000000000000000e+02 8.702358762067187854e+03 -7.770298120168040050e-13 -3.190558928167774866e-12 -7.922031084134035783e-01 -7.770298120168040050e-13 -3.190558928167774866e-12 -7.922031084134035783e-01
4.220000000000000000e+02 8.723029447962833729e+03 -7.781793262973045902e-13 -3.203215470648501650e-12 -7.874458474029075727e-01 -7.781793262973045902e-13 -3.203215470648501650e-12 -7.874458474029075727e-01
4.230000000000000000e+02 8.743700133858479603e+03 -7.738343125676848321e-13 -3.189892794352999772e-12 -7.824717803759575485e-01 -7.738343125676848321e-13 -3.189892794352999772e-12 -7.824717803759575485e-01
4.240000000000000000e+02 8.764370819754125478e+03 -7.725379349844301399e-13 -3.202993426043576619e-12 -7.773508744590108543e-01 -7.725379349844301399e-13 -3.202993426043576619e-12 -7.773508744590108543e-01
4.250000000000000000e+02 8.785041505649771352e+03 -7.692924427186138627e-13 -3.185673946859424177e-12 -7.721688526561184540e-01 -7.692924427186138627e-13 -3.185673946859424177e-12 -7.721688526561184540e-01
4.260000000000000000e+02 8.805712191545417227e+03 -7.660312727736175797e-13 -3.178013407989510597e-12 -7.670260355529202601e-01 -7.660312727736175797e-13 -3.178013407989510597e-12 -7.670260355529202601e-01
4.270000000000000000e+02 8.826382877441063101e+03 -7.635125756214971017e-13 -3.156697125916707591e-12 -7.620359091002715246e-01 -7.635125756214971017e-13 -3.156697125916707591e-12 -7.620359091002715246e-01
4.280000000000000000e+02 8.847053563336708976e+03 -7.645596721018321071e-13 -3.149702720861569105e-12 -7.573247534246155821e-01 -7.645596721018321071e-13 -3.149702720861569105e-12 -7.573247534246155821e-01
4.290000000000000000e+02 8.867724249232354850e+03 -7.610298342298274244e-13 -3.136602089170992258e-12 -7.530312124244906702e-01 -7.610298342298274244e-13 -3.136602089170992258e-12 -7.530312124244906702e-01
4.300000000000000000e+02 8.888394935128000725e+03 -7.529986802909155519e-13 -3.104183576851937687e-12 -7.493038276638512851e-01 -7.529986802909155519e-13 -3.104183576851937687e-12 -7.493038276638512851e-01
4.310000000000000000e+02 8.909065621023646599e+03 -7.531797867476244101e-13 -3.120392833011464973e-12 -7.462940230506223127e-01 -7.531797867476244101e-13 -3.120392833011464973e-12 -7.462940230506223127e-01
4.320000000000000000e+02 8.929736306919292474e+03 -7.561129904012525981e-13 -3.136046977658679680e-12 -7.441432434717347721e-01 -7.561129904012525981e-13 -3.136046977658679680e-12 -7.441432434717347721e-01
4.330000000000000000e+02 8.950406992814938349e+03 -7.537644497491610691e-13 -3.183897590020023927e-12 -7.429644792245957419e-01 -7.537644497491610691e-13 -3.183897590020023927e-12 -7.429644792245957419e-01
4.340000000000000000e+02 8.971077678710584223e+03 -7.510727386844813534e-13 -3.162692330249683437e-12 -7.428269175586145190e-01 -7.510727386844813534e-13 -3.162692330249683437e-12 -7.428269175586145190e-01
4.350000000000000000e+02 8.991748364606230098e+03 -7.541574915241628498e-13 -3.175126828125485190e-12 -7.437356005502790968e-01 -7.541574915241628498e-13 -3.175126828125485190e-12 -7.437356005502790968e-01
4.360000000000000000e+02 9.012419050501875972e+03 -7.578113126933667255e-13 -3.164024597879233625e-12 -7.456313108728486183e-01 -7.578113126933667255e-13 -3.164024597879233625e-12 -7.456313108728486183e-01
4.370000000000000000e+02 9.033089736397521847e+03 -7.611443834785150742e-13 -3.179456697921523300e-12 -7.483999254633355580e-01 -7.611443834785150742e-13 -3.179456697921523300e-12 -7.483999254633355580e-01
4.380000000000000000e+02 9.053760422293167721e+03 -7.657400516664146716e-13 -3.225197886536079750e-12 -7.518848439589665977e-01 -7.657400516664146716e-13 -3.225197886536079750e-12 -7.518848439589665977e-01
4.390000000000000000e+02 9.074431108188813596e+03 -7.714574045719384587e-13 -3.258837644182221993e-12 -7.559105027163843804e-01 -7.714574045719384587e-13 -3.258837644182221993e-12 -7.559105027163843804e-01
4.400000000000000000e+02 9.095101794084459470e+03 -7.762507029421223535e-13 -3.273714632712199091e-12 -7.603010090354561656e-01 -7.762507029421223535e-13 -3.273714632712199091e-12 -7.603010090354561656e-01
4.410000000000000000e+02 9.115772479980105345e+03 -7.820468340953929349e-13 -3.320121955141530634e-12 -7.648935346965418658e-01 -7.820468340953929349e-13 -3.320121955141530634e-12 -7.648935346965418658e-01
4.420000000000000000e+02 9.136443165875751220e+03 -7.883262441258802679e-13 -3.356315225744310737e-12 -7.695451046095170833e-01 -7.883262441258802679e-13 -3.356315225744310737e-12 -7.695451046095170833e-01
4.430000000000000000e+02 9.157113851771397094e+03 -7.989149138568252919e-13 -3.381184221495914244e-12 -7.741343521665469130e-01 -7.989149138568252919e-13 -3.381184221495914244e-12 -7.741343521665469130e-01
4.440000000000000000e+02 9.177784537667042969e+03 -8.028730897908734309e-13 -3.426037231690770568e-12 -7.785620448903785018e-01 -8.028730897908734309e-13 -3.426037231690770568e-12 -7.785620448903785018e-01
4.450000000000000000e+02 9.198455223562688843e+03 -8.133596350536224992e-13 -3.448130669880811183e-12 -7.827453417421000870e-01 -8.133596350536224992e-13 -3.448130669880811183e-12 -7.827453417421000870e-01
4.460000000000000000e+02 9.219125909458334718e+03 -8.208409432238516408e-13 -3.494982081519992789e-12 -7.866282672080702199e-01 -8.208409432238516408e-13 -3.494982081519992789e-12 -7.866282672080702199e-01
4.470000000000000000e+02 9.239796595353980592e+03 -8.332859678927689335e-13 -3.541056337041936786e-12 -7.901717806202728234e-01 -8.332859678927689335e-13 -3.541056337041936786e-12 -7.901717806202728234e-01
4.480000000000000000e+02 9.260467281249626467e+03 -8.361542889524102865e-13 -3.546163362955212506e-12 -7.933585232617275107e-01 -8.361542889524102865e-13 -3.546163362955212506e-12 -7.933585232617275107e-01
4.490000000000000000e+02 9.281137967145272341e+03 -8.449617737361159677e-13 -3.563926931349215010e-12 -7.961888627066571189e-01 -8.449617737361159677e-13 -3.563926931349215010e-12 -7.961888627066571189e-01
4.500000000000000000e+02 9.301808653040918216e+03 -8.528915608594452868e-13 -3.601674514186470333e-12 -7.986744542755040976e-01 -8.528915608594452868e-13 -3.601674514186470333e-12 -7.986744542755040976e-01
4.510000000000000000e+02 9.322479338936564091e+03 -8.584948109431255861e-13 -3.668731984873829788e-12 -8.008288895740263147e-01 -8.584948109431255861e-13 -3.668731984873829788e-12 -8.008288895740263147e-01
4.520000000000000000e+02 9.343150024832209965e+03 -8.686430739454888903e-13 -3.680167282027468900e-12 -8.026574931442491678e-01 -8.686430739454888903e-13 -3.680167282027468900e-12 -8.026574931442491678e-01
4.530000000000000000e+02 9.363820710727855840e+03 -8.737973390357487057e-13 -3.696931649699308764e-12 -8.041503176484972037e-01 -8.737973390357487057e-13 -3.696931649699308764e-12 -8.041503176484972037e-01
4.540000000000000000e+02 9.384491396623501714e+03 -8.841109516033556239e-13 -3.688715999317082606e-12 -8.052757422165589540e-01 -8.841109516033556239e-13 -3.688715999317082606e-12 -8.052757422165589540e-01
4.550000000000000000e+02 9.405162082519147589e+03 -8.880742109648758501e-13 -3.728573005901125725e-12 -8.059877987807497757e-01 -8.880742109648758501e-13 -3.728573005901125725e-12 -8.059877987807497757e-01
4.560000000000000000e+02 9.425832768414793463e+03 -8.949331642224326889e-13 -3.738009901610439556e-12 -8.062354325754067519e-01 -8.949331642224326889e-13 -3.738009901610439556e-12 -8.062354325754067519e-01
4.570000000000000000e+02 9.446503454310439338e+03 -9.016874102613924736e-13 -3.803068970853473729e-12 -8.059688698885859592e-01 -9.016874102613924736e-13 -3.803068970853473729e-12 -8.059688698885859592e-01
4.580000000000000000e+02 9.467174140206085212e+03 -9.049991360384996787e-13 -3.781530644175745692e-12 -8.051504016264904307e-01 -9.049991360384996787e-13 -3.781530644175745692e-12 -8.051504016264904307e-01
4.590000000000000000e+02 9.487844826101731087e+03 -9.090276759447772672e-13 -3.810729509723387309e-12 -8.037602939672978675e-01 -9.090276759447772672e-13 -3.810729509723387309e-12 -8.037602939672978675e-01
4.600000000000000000e+02 9.508515511997376962e+03 -9.087291751000103311e-13 -3.823386052204114094e-12 -8.018011857832361144e-01 -9.087291751000103311e-13 -3.823386052204114094e-12 -8.018011857832361144e-01
4.610000000000000000e+02 9.529186197893022836e+03 -9.148516888693616069e-13 -3.827826944302614720e-12 -7.992967092414485775e-01 -9.148516888693616069e-13 -3.827826944302614720e-12 -7.992967092414485775e-01
4.620000000000000000e+02 9.549856883788668711e+03 -9.134426337346303330e-13 -3.815725513334200514e-12 -7.962914704506144359e-01 -9.134426337346303330e-13 -3.815725513334200514e-12 -7.962914704506144359e-01
4.630000000000000000e+02 9.570527569684314585e+03 -9.146547032523806990e-13 -3.840150419875953958e-12 -7.928484815767777860e-01 -9.146547032523806990e-13 -3.840150419875953958e-12 -7.928484815767777860e-01
4.640000000000000000e+02 9.591198255579960460e+03 -9.145566976931239383e-13 -3.808842130581524543e-12 -7.890516560008324909e-01 -9.145566976931239383e-13 -3.808842130581524543e-12 -7.890516560008324909e-01
4.650000000000000000e+02 9.611868941475606334e+03 -9.122905819506386148e-13 -3.811617688143087435e-12 -7.850063796437986019e-01 -9.122905819506386148e-13 -3.811617688143087435e-12 -7.850063796437986019e-01
4.660000000000000000e+02 9.632539627371252209e+03 -9.095418667322143153e-13 -3.816835736358825670e-12 -7.808400996273658912e-01 -9.095418667322143153e-13 -3.816835736358825670e-12 -7.808400996273658912e-01
4.670000000000000000e+02 9.653210313266898083e+03 -9.081488403547639308e-13 -3.802624881643623667e-12 -7.766996469282102522e-01 -9.081488403547639308e-13 -3.802624881643623667e-12 -7.766996469282102522e-01
4.680000000000000000e+02 9.673880999162543958e+03 -8.988404594425826327e-13 -3.805733506112574105e-12 -7.727434066081280140e-01 -8.988404594425826327e-13 -3.805733506112574105e-12 -7.727434066081280140e-01
4.690000000000000000e+02 9.694551685058189832e+03 -9.034803883746820297e-13 -3.781530644175745692e-12 -7.691277868877631763e-01 -9.034803883746820297e-13 -3.781530644175745692e-12 -7.691277868877631763e-01
4.700000000000000000e+02 9.715222370953835707e+03 -8.979669970530644025e-13 -3.780753488058508083e-12 -7.659899457704446579e-01 -8.979669970530644025e-13 -3.780753488058508083e-12 -7.659899457704446579e-01
4.710000000000000000e+02 9.735893056849481582e+03 -8.939475851856266622e-13 -3.809508264396299637e-12 -7.634306834983923817e-01 -8.939475851856266622e-13 -3.809508264396299637e-12 -7.634306834983923817e-01
4.720000000000000000e+02 9.756563742745127456e+03 -8.917347947237394259e-13 -3.783195978712683427e-12 -7.615055119317077903e-01 -8.917347947237394259e-13 -3.783195978712683427e-12 -7.615055119317077903e-01
4.730000000000000000e+02 9.777234428640773331e+03 -8.875416390008737920e-13 -3.769318190904868970e-12 -7.602183553174521879e-01 -8.875416390008737920e-13 -3.769318190904868970e-12 -7.602183553174521879e-01
4.740000000000000000e+02 9.797905114536419205e+03 -8.892824410396550980e-13 -3.813172000377562654e-12 -7.595311252800099888e-01 -8.892824410396550980e-13 -3.813172000377562654e-12 -7.595311252800099888e-01
4.750000000000000000e+02 9.818575800432065080e+03 -8.919856974510676413e-13 -3.798739101057435619e-12 -7.593794617664521018e-01 -8.919856974510676413e-13 -3.798739101057435619e-12 -7.593794617664521018e-01
4.760000000000000000e+02 9.839246486327710954e+03 -8.841738469194158801e-13 -3.822053784574563906e-12 -7.596842851591731893e-01 -8.841738469194158801e-13 -3.822053784574563906e-12 -7.596842851591731893e-01
4.770000000000000000e+02 9.859917172223356829e+03 -8.866460399225674527e-13 -3.818056981685913343e-12 -7.603651873811667627e-01 -8.866460399225674527e-13 -3.818056981685913343e-12 -7.603651873811667627e-01
4.780000000000000000e+02 9.880587858119002703e+03 -8.849404109961948345e-13 -3.860689545831519354e-12 -7.613483174975530510e-01 -8.849404109961948345e-13 -3.860689545831519354e-12 -7.613483174975530510e-01
4.790000000000000000e+02 9.901258544014648578e+03 -8.921364277789979140e-13 -3.838040996129166160e-12 -7.625683805563839845e-01 -8.921364277789979140e-13 -3.838040996129166160e-12 -7.625683805563839845e-01
4.800000000000000000e+02 9.921929229910294453e+03 -8.890784185918289508e-13 -3.884892407768347766e-12 -7.639746968126734927e-01 -8.890784185918289508e-13 -3.884892407768347766e-12 -7.639746968126734927e-01
4.810000000000000000e+02 9.942599915805940327e+03 -8.936821634081909185e-13 -3.912092871871664101e-12 -7.655239484137270622e-01 -8.936821634081909185e-13 -3.912092871871664101e-12 -7.655239484137270622e-01
4.820000000000000000e+02 9.963270601701586202e+03 -8.975206754401497332e-13 -3.930300529475516669e-12 -7.671890345001026734e-01 -8.975206754401497332e-13 -3.930300529475516669e-12 -7.671890345001026734e-01
4.830000000000000000e+02 9.983941287597232076e+03 -8.984723643448034640e-13 -3.952504989968019800e-12 -7.689528155217209004e-01 -8.984723643448034640e-13 -3.952504989968019800e-12 -7.689528155217209004e-01
4.840000000000000000e+02 1.000461197349287795e+04 -9.008764376976481609e-13 -3.939515380579905468e-12 -7.708145530536067991e-01 -9.008764376976481609e-13 -3.939515380579905468e-12 -7.708145530536067991e-01
4.850000000000000000e+02 1.002528265938852383e+04 -9.058445403664497163e-13 -3.993916308786538139e-12 -7.727850320296437703e-01 -9.058445403664497163e-13 -3.993916308786538139e-12 -7.727850320296437703e-01
4.860000000000000000e+02 1.004595334528416970e+04 -9.099954640367179725e-13 -3.995914710230863420e-12 -7.748808079550704164e-01 -9.099954640367179725e-13 -3.995914710230863420e-12 -7.748808079550704164e-01
4.870000000000000000e+02 1.006662403117981557e+04 -9.153344243356855431e-13 -4.043654300289745152e-12 -7.771142149515558595e-01 -9.153344243356855431e-13 -4.043654300289745152e-12 -7.771142149515558595e-01
4.880000000000000000e+02 1.008729471707546145e+04 -9.223762441643682177e-13 -4.066413872294560861e-12 -7.794816553515629964e-01 -9.223762441643682177e-13 -4.066413872294560861e-12 -7.794816553515629964e-01
4.890000000000000000e+02 1.010796540297110732e+04 -9.248186068629734430e-13 -4.074851567281712050e-12 -7.819561373772030421e-01 -9.248186068629734430e-13 -4.074851567281712050e-12 -7.819561373772030421e-01
4.900000000000000000e+02 1.012863608886675320e+04 -9.354002328601068249e-13 -4.144573573228171881e-12 -7.844767882029607398e-01 -9.354002328601068249e-13 -4.144573573228171881e-12 -7.844767882029607398e-01
4.910000000000000000e+02 1.014930677476239907e+04 -9.411750347964039879e-13 -4.163780431554187089e-12 -7.869640895864535857e-01 -9.411750347964039879e-13 -4.163780431554187089e-12 -7.869640895864535857e-01
4.920000000000000000e+02 1.016997746065804495e+04 -9.526497266283593879e-13 -4.196643033083091723e-12 -7.893194883249736726e-01 -9.526497266283593879e-13 -4.196643033083091723e-12 -7.893194883249736726e-01
4.930000000000000000e+02 1.019064814655369082e+04 -9.557651795862937351e-13 -4.216071936014031962e-12 -7.914432830558181253e-01 -9.557651795862937351e-13 -4.216071936014031962e-12 -7.914432830558181253e-01
4.940000000000000000e+02 1.021131883244933670e+04 -9.623305551368985502e-13 -4.253819518851287285e-12 -7.932458875772081530e-01 -9.623305551368985502e-13 -4.253819518851287285e-12 -7.932458875772081530e-01
4.950000000000000000e+02 1.023198951834498257e+04 -9.700436877808454709e-13 -4.301670131212631532e-12 -7.946570304097247961e-01 -9.700436877808454709e-13 -4.301670131212631532e-12 -7.946570304097247961e-01
4.960000000000000000e+02 1.025266020424062845e+04 -9.771282483070784431e-13 -4.289901767151604872e-12 -7.956260097977925216e-01 -9.771282483070784431e-13 -4.289901767151604872e-12 -7.956260097977925216e-01
4.970000000000000000e+02 1.027333089013627432e+04 -9.847837361933077816e-13 -4.343414516938537417e-12 -7.961277923169339799e-01 -9.847837361933077816e-13 -4.343414516938537417e-12 -7.961277923169339799e-01
4.980000000000000000e+02 1.029400157603192019e+04 -9.898453470096237535e-13 -4.338196468722799182e-12 -7.961571295910861989e-01 -9.898453470096237535e-13 -4.338196468722799182e-12 -7.961571295910861989e-01
4.990000000000000000e+02 1.031467226192756607e+04 -9.939099453823568482e-13 -4.396372155213157384e-12 -7.957289035766859087e-01 -9.939099453823568482e-13 -4.396372155213157384e-12 -7.957289035766859087e-01
5.000000000000000000e+02 1.033534294782321194e+04 -9.976972410815726004e-13 -4.437561429426750692e-12 -7.948768693752398251e-01 -9.976972410815726004e-13 -4.437561429426750692e-12 -7.948768693752398251e-01
5.010000000000000000e+02 1.035601363371885782e+04 -1.001950303414357573e-12 -4.399813846589495370e-12 -7.936553285161079829e-01 -1.001950303414357573e-12 -4.399813846589495370e-12 -7.936553285161079829e-01
5.020000000000000000e+02 1.037668431961450369e+04 -1.001791193261688383e-12 -4.427902489112511830e-12 -7.921389606131781225e-01 -1.001791193261688383e-12 -4.427902489112511830e-12 -7.921389606131781225e-01
5.030000000000000000e+02 1.039735500551014957e+04 -1.005071174678828699e-12 -4.422906485501698626e-12 -7.904218882993976347e-01 -1.005071174678828699e-12 -4.422906485501698626e-12 -7.904218882993976347e-01
5.040000000000000000e+02 1.041802569140579544e+04 -1.004851160143348267e-12 -4.443889700667114084e-12 -7.886084820191396894e-01 -1.004851160143348267e-12 -4.443889700667114084e-12 -7.886084820191396894e-01
5.050000000000000000e+02 1.043869637730144132e+04 -1.006838132285862480e-12 -4.432232358908549941e-12 -7.868073070698866633e-01 -1.006838132285862480e-12 -4.432232358908549941e-12 -7.868073070698866633e-01
5.060000000000000000e+02 1.045936706319708719e+04 -1.006355478686582006e-12 -4.438671652451375849e-12 -7.851148688899834971e-01 -1.006355478686582006e-12 -4.438671652451375849e-12 -7.851148688899834971e-01
5.070000000000000000e+02 1.048003774909273307e+04 -1.010187832539500985e-12 -4.455880109333065775e-12 -7.836025242087260034e-01 -1.010187832539500985e-12 -4.455880109333065775e-12 -7.836025242087260034e-01
5.080000000000000000e+02 1.050070843498837894e+04 -1.005483462188505766e-12 -4.460876112943878979e-12 -7.823101473789992877e-01 -1.005483462188505766e-12 -4.460876112943878979e-12 -7.823101473789992877e-01
5.090000000000000000e+02 1.052137912088402481e+04 -1.009114516268250471e-12 -4.467981540301479981e-12 -7.812379749235286441e-01 -1.009114516268250471e-12 -4.467981540301479981e-12 -7.812379749235286441e-01
5.100000000000000000e+02 1.054204980677967069e+04 -1.002902326184232465e-12 -4.463096558993129293e-12 -7.803596247842102818e-01 -1.002902326184232465e-12 -4.463096558993129293e-12 -7.803596247842102818e-01
5.110000000000000000e+02 1.056272049267531656e+04 -1.004029421471712983e-12 -4.481748305806831922e-12 -7.796296956528169231e-01 -1.004029421471712983e-12 -4.481748305806831922e-12 -7.796296956528169231e-01
5.120000000000000000e+02 1.058339117857096244e+04 -1.003789287779781018e-12 -4.483746707251157204e-12 -7.789960215948033007e-01 -1.003789287779781018e-12 -4.483746707251157204e-12 -7.789960215948033007e-01
5.130000000000000000e+02 1.060406186446660831e+04 -1.001037551255279844e-12 -4.493516669867858582e-12 -7.784099829752587629e-01 -1.001037551255279844e-12 -4.493516669867858582e-12 -7.784099829752587629e-01
5.140000000000000000e+02 1.062473255036225419e+04 -9.970034211973742369e-13 -4.511391260564323602e-12 -7.778327142995856702e-01 -9.970034211973742369e-13 -4.511391260564323602e-12 -7.778327142995856702e-01
5.150000000000000000e+02 1.064540323625790006e+04 -9.941445966498275138e-13 -4.501843342552547256e-12 -7.772375137176839033e-01 -9.941445966498275138e-13 -4.501843342552547256e-12 -7.772375137176839033e-01
5.160000000000000000e+02 1.066607392215354594e+04 -9.909482498194542329e-13 -4.504285833206722600e-12 -7.766094395477025625e-01 -9.909482498194542329e-13 -4.504285833206722600e-12 -7.766094395477025625e-01
5.170000000000000000e+02 1.068674460804919181e+04 -9.866775304031596922e-13 -4.526490293699225731e-12 -7.759473656364084260e-01 -9.866775304031596922e-13 -4.526490293699225731e-12 -7.759473656364084260e-01
5.180000000000000000e+02 1.070741529394483769e+04 -9.862496748959880735e-13 -4.558464716808430239e-12 -7.752628785114882293e-01 -9.862496748959880735e-13 -4.558464716808430239e-12 -7.752628785114882293e-01
5.190000000000000000e+02 1.072808597984048356e+04 -9.817517215007769240e-13 -4.535705144803614530e-12 -7.745804458332137266e-01 -9.817517215007769240e-13 -4.535705144803614530e-12 -7.745804458332137266e-01
5.200000000000000000e+02 1.074875666573612943e+04 -9.764504968311088683e-13 -4.528377672841088497e-12 -7.739403102404392998e-01 -9.764504968311088683e-13 -4.528377672841088497e-12 -7.739403102404392998e-01
5.210000000000000000e+02 1.076942735163177531e+04 -9.715318721540425653e-13 -4.566236277980806335e-12 -7.733960330454006105e-01 -9.715318721540425653e-13 -4.566236277980806335e-12 -7.733960330454006105e-01
5.220000000000000000e+02 1.079009803752742118e+04 -9.684489175930372195e-13 -4.549582932611428987e-12 -7.730087490842839637e-01 -9.684489175930372195e-13 -4.549582932611428987e-12 -7.730087490842839637e-01
5.230000000000000000e+02 1.081076872342306706e+04 -9.690812586445080027e-13 -4.554245869314854644e-12 -7.728370463659109957e-01 -9.690812586445080027e-13 -4.554245869314854644e-12 -7.728370463659109957e-01
5.240000000000000000e+02 1.083143940931871293e+04 -9.630161727416425214e-13 -4.601097280954036250e-12 -7.729242023287878904e-01 -9.630161727416425214e-13 -4.601097280954036250e-12 -7.729242023287878904e-01
5.250000000000000000e+02 1.085211009521435881e+04 -9.663899772634895466e-13 -4.569566947054681805e-12 -7.732867783568421194e-01 -9.663899772634895466e-13 -4.569566947054681805e-12 -7.732867783568421194e-01
5.260000000000000000e+02 1.087278078111000468e+04 -9.673990244069740445e-13 -4.597322522670310718e-12 -7.739074953716206240e-01 -9.673990244069740445e-13 -4.597322522670310718e-12 -7.739074953716206240e-01
5.270000000000000000e+02 1.089345146700565056e+04 -9.648772689592565636e-13 -4.595657188133372983e-12 -7.747356574394218542e-01 -9.648772689592565636e-13 -4.595657188133372983e-12 -7.747356574394218542e-01
5.280000000000000000e+02 1.091412215290129643e+04 -9.676276929011722053e-13 -4.629185923477052711e-12 -7.756973036134848787e-01 -9.676276929011722053e-13 -4.629185923477052711e-12 -7.756973036134848787e-01
5.290000000000000000e+02 1.093479283879694231e+04 -9.715342411077260513e-13 -4.692690680485611665e-12 -7.767068758319807253e-01 -9.715342411077260513e-13 -4.692690680485611665e-12 -7.767068758319807253e-01
5.300000000000000000e+02 1.095546352469258818e+04 -9.748497589980669555e-13 -4.679368004190109787e-12 -7.776810810953418418e-01 -9.748497589980669555e-13 -4.679368004190109787e-12 -7.776810810953418418e-01
5.310000000000000000e+02 1.097613421058823405e+04 -9.776303671698505238e-13 -4.729328040298241831e-12 -7.785492867029848441e-01 -9.776303671698505238e-13 -4.729328040298241831e-12 -7.785492867029848441e-01
5.320000000000000000e+02 1.099680489648387993e+04 -9.822937662375566277e-13 -4.730327241020404472e-12 -7.792592897229785320e-01 -9.822937662375566277e-13 -4.730327241020404472e-12 -7.792592897229785320e-01
5.330000000000000000e+02 1.101747558237952580e+04 -9.865018371015289009e-13 -4.773959005888173124e-12 -7.797789560620764782e-01 -9.865018371015289009e-13 -4.773959005888173124e-12 -7.797789560620764782e-01
5.340000000000000000e+02 1.103814626827517168e+04 -9.912319755467360292e-13 -4.791722574282175628e-12 -7.800959397467901457e-01 -9.912319755467360292e-13 -4.791722574282175628e-12 -7.800959397467901457e-01
5.350000000000000000e+02 1.105881695417081755e+04 -9.934946640663661575e-13 -4.816813614638704166e-12 -7.802136001600241677e-01 -9.934946640663661575e-13 -4.816813614638704166e-12 -7.802136001600241677e-01
5.360000000000000000e+02 1.107948764006646343e+04 -9.991179697473202409e-13 -4.838685008223819750e-12 -7.801573747110762680e-01 -9.991179697473202409e-13 -4.838685008223819750e-12 -7.801573747110762680e-01
5.370000000000000000e+02 1.110015832596210930e+04 -1.002791424393836984e-12 -4.857780844247372443e-12 -7.799671667078367232e-01 -1.002791424393836984e-12 -4.857780844247372443e-12 -7.799671667078367232e-01
5.380000000000000000e+02 1.112082901185775518e+04 -1.009935844993715185e-12 -4.878875081715250417e-12 -7.797019124467574613e-01 -1.009935844993715185e-12 -4.878875081715250417e-12 -7.797019124467574613e-01
5.390000000000000000e+02 1.114149969775340105e+04 -1.013594917636279800e-12 -4.872546810474887025e-12 -7.794359682582852056e-01 -1.013594917636279800e-12 -4.872546810474887025e-12 -7.794359682582852056e-01
5.400000000000000000e+02 1.116217038364904693e+04 -1.018405478563298303e-12 -4.929057162428307493e-12 -7.792527369114895519e-01 -1.018405478563298303e-12 -4.929057162428307493e-12 -7.792527369114895519e-01
5.410000000000000000e+02 1.118284106954469280e+04 -1.023483520681674140e-12 -4.953371046667598421e-12 -7.792338558281665106e-01 -1.023483520681674140e-12 -4.953371046667598421e-12 -7.792338558281665106e-01
5.420000000000000000e+02 1.120351175544033867e+04 -1.027101440060485844e-12 -4.963585098494149861e-12 -7.794455669949459375e-01 -1.027101440060485844e-12 -4.963585098494149861e-12 -7.794455669949459375e-01
5.430000000000000000e+02 1.122418244133598455e+04 -1.033018375297283629e-12 -4.997890989955067198e-12 -7.799265242300549295e-01 -1.033018375297283629e-12 -4.997890989955067198e-12 -7.799265242300549295e-01
5.440000000000000000e+02 1.124485312723163042e+04 -1.034016972961770770e-12 -5.001887792843717762e-12 -7.806784737135410435e-01 -1.034016972961770770e-12 -5.001887792843717762e-12 -7.806784737135410435e-01
5.450000000000000000e+02 1.126552381312727630e+04 -1.041698269266526132e-12 -5.033751193650459754e-12 -7.816660141542691731e-01 -1.041698269266526132e-12 -5.033751193650459754e-12 -7.816660141542691731e-01
5.460000000000000000e+02 1.128619449902292217e+04 -1.045860342849318397e-12 -5.070388553463089920e-12 -7.828256206953932983e-01 -1.045860342849318397e-12 -5.070388553463089920e-12 -7.828256206953932983e-01
5.470000000000000000e+02 1.130686518491856805e+04 -1.049917850982827897e-12 -5.100364575127969147e-12 -7.840763221378764802e-01 -1.049917850982827897e-12 -5.100364575127969147e-12 -7.840763221378764802e-01
5.480000000000000000e+02 1.132753587081421392e+04 -1.053638407705297899e-12 -5.143663273088350252e-12 -7.853334483423376478e-01 -1.053638407705297899e-12 -5.143663273088350252e-12 -7.853334483423376478e-01
5.490000000000000000e+02 1.134820655670985980e+04 -1.052819970176551053e-12 -5.183964368882243434e-12 -7.865192670984998413e-01 -1.052819970176551053e-12 -5.183964368882243434e-12 -7.865192670984998413e-01
5.500000000000000000e+02 1.136887724260550567e+04 -1.054998593627546618e-12 -5.152323012680426473e-12 -7.875692387352999368e-01 -1.054998593627546618e-12 -5.152323012680426473e-12 -7.875692387352999368e-01
5.510000000000000000e+02 1.138954792850115155e+04 -1.057840082271551204e-12 -5.196842955967895250e-12 -7.884341919621451478e-01 -1.057840082271551204e-12 -5.196842955967895250e-12 -7.884341919621451478e-01
5.520000000000000000e+02 1.141021861439679742e+04 -1.054755879226879079e-12 -5.229039423682024790e-12 -7.890794619273516775e-01 -1.054755879226879079e-12 -5.229039423682024790e-12 -7.890794619273516775e-01
5.530000000000000000e+02 1.143088930029244329e+04 -1.052872744574055971e-12 -5.265343716587267409e-12 -7.894870675163939699e-01 -1.052872744574055971e-12 -5.265343716587267409e-12 -7.894870675163939699e-01
5.540000000000000000e+02 1.145155998618808917e+04 -1.051810877663813023e-12 -5.211386877590484801e-12 -7.896527640061028475e-01 -1.051810877663813023e-12 -5.211386877590484801e-12 -7.896527640061028475e-01
5.550000000000000000e+02 1.147223067208373504e+04 -1.047506534116356986e-12 -5.269784608685768035e-12 -7.895867598941993526e-01 -1.047506534116356986e-12 -5.269784608685768035e-12 -7.895867598941993526e-01
5.560000000000000000e+02 1.149290135797938092e+04 -1.046703635306666035e-12 -5.261346913698616845e-12 -7.893169787342305677e-01 -1.046703635306666035e-12 -5.261346913698616845e-12 -7.893169787342305677e-01
5.570000000000000000e+02 1.151357204387502679e+04 -1.039714819262383838e-12 -5.266564961914355081e-12 -7.888870312835680743e-01 -1.039714819262383838e-12 -5.266564961914355081e-12 -7.888870312835680743e-01
5.580000000000000000e+02 1.153424272977067267e+04 -1.032384574687433877e-12 -5.249911616544977733e-12 -7.883518643991908048e-01 -1.032384574687433877e-12 -5.249911616544977733e-12 -7.883518643991908048e-01
5.590000000000000000e+02 1.155491341566631854e+04 -1.031578252965925286e-12 -5.278999459790156834e-12 -7.877693289044014335e-01 -1.031578252965925286e-12 -5.278999459790156834e-12 -7.877693289044014335e-01
5.600000000000000000e+02 1.157558410156196442e+04 -1.022010950353998716e-12 -5.279332526697544381e-12 -7.871888053232936056e-01 -1.022010950353998716e-12 -5.279332526697544381e-12 -7.871888053232936056e-01
5.610000000000000000e+02 1.159625478745761029e+04 -1.017540455232608827e-12 -5.288436355499470665e-12 -7.866403352400406224e-01 -1.017540455232608827e-12 -5.288436355499470665e-12 -7.866403352400406224e-01
5.620000000000000000e+02 1.161692547335325617e+04 -1.014904488803949880e-12 -5.304645611658997950e-12 -7.861269344116446067e-01 -1.014904488803949880e-12 -5.304645611658997950e-12 -7.861269344116446067e-01
5.630000000000000000e+02 1.163759615924890204e+04 -1.010439490144428151e-12 -5.306199923893473169e-12 -7.856212605778202240e-01 -1.010439490144428151e-12 -5.306199923893473169e-12 -7.856212605778202240e-01
5.640000000000000000e+02 1.165826684514454791e+04 -1.008290359278969747e-12 -5.316747042627412156e-12 -7.850761755041706369e-01 -1.008290359278969747e-12 -5.316747042627412156e-12 -7.850761755041706369e-01
5.650000000000000000e+02 1.167893753104019379e+04 -1.005534193428222557e-12 -5.319300555584050016e-12 -7.844324872209615940e-01 -1.005534193428222557e-12 -5.319300555584050016e-12 -7.844324872209615940e-01
5.660000000000000000e+02 1.169960821693583966e+04 -9.964365421573469001e-13 -5.333511410299252020e-12 -7.836318847693308776e-01 -9.964365421573469001e-13 -5.333511410299252020e-12 -7.836318847693308776e-01
5.670000000000000000e+02 1.172027890283148554e+04 -9.958430333595988015e-13 -5.326183938336725987e-12 -7.826271138261412519e-01 -9.958430333595988015e-13 -5.326183938336725987e-12 -7.826271138261412519e-01
5.680000000000000000e+02 1.174094958872713141e+04 -9.941338874170441933e-13 -5.366262989525694138e-12 -7.813881646320657293e-01 -9.941338874170441933e-13 -5.366262989525694138e-12 -7.813881646320657293e-01
5.690000000000000000e+02 1.176162027462277729e+04 -9.870091049718911873e-13 -5.337286168582977552e-12 -7.799044891875316354e-01 -9.870091049718911873e-13 -5.337286168582977552e-12 -7.799044891875316354e-01
5.700000000000000000e+02 1.178229096051842316e+04 -9.843634658698203585e-13 -5.334621633323877177e-12 -7.781851139448894283e-01 -9.843634658698203585e-13 -5.334621633323877177e-12 -7.781851139448894283e-01
5.710000000000000000e+02 1.180296164641406904e+04 -9.792909694314569899e-13 -5.342282172193790757e-12 -7.762611287743036437e-01 -9.792909694314569899e-13 -5.342282172193790757e-12 -7.762611287743036437e-01
5.720000000000000000e+02 1.182363233230971491e+04 -9.785164953802642888e-13 -5.359268584470555652e-12 -7.741789020696365764e-01 -9.785164953802642888e-13 -5.359268584470555652e-12 -7.741789020696365764e-01
5.730000000000000000e+02 1.184430301820536079e+04 -9.758949569743182278e-13 -5.393796520536398020e-12 -7.720069017347845897e-01 -9.758949569743182278e-13 -5.393796520536398020e-12 -7.720069017347845897e-01
5.740000000000000000e+02 1.186497370410100666e+04 -9.773933607142100152e-13 -5.389577673042822425e-12 -7.698338175754276813e-01 -9.773933607142100152e-13 -5.389577673042822425e-12 -7.698338175754276813e-01
5.750000000000000000e+02 1.188564438999665254e+04 -9.774739373269533768e-13 -5.350275777971091884e-12 -7.677671085145878482e-01 -9.774739373269533768e-13 -5.350275777971091884e-12 -7.677671085145878482e-01
5.760000000000000000e+02 1.190631507589229841e+04 -9.780694245986507580e-13 -5.394018565141323052e-12 -7.659268676980631740e-01 -9.780694245986507580e-13 -5.394018565141323052e-12 -7.659268676980631740e-01
5.770000000000000000e+02 1.192698576178794428e+04 -9.779942824836031681e-13 -5.401568081708774116e-12 -7.644344210046907229e-01 -9.779942824836031681e-13 -5.401568081708774116e-12 -7.644344210046907229e-01
5.780000000000000000e+02 1.194765644768359016e+04 -9.749543294591154794e-13 -5.402567282430936757e-12 -7.633962199038777374e-01 -9.749543294591154794e-13 -5.402567282430936757e-12 -7.633962199038777374e-01
5.790000000000000000e+02 1.196832713357923603e+04 -9.815437846827044625e-13 -5.447198248020868050e-12 -7.628913528887955042e-01 -9.815437846827044625e-13 -5.447198248020868050e-12 -7.628913528887955042e-01
5.800000000000000000e+02 1.198899781947488191e+04 -9.865456535294116375e-13 -5.452749363143993833e-12 -7.629540022893745999e-01 -9.865456535294116375e-13 -5.452749363143993833e-12 -7.629540022893745999e-01
5.810000000000000000e+02 1.200966850537052778e+04 -9.881237208806411188e-13 -5.482281295599022997e-12 -7.635751612806610522e-01 -9.881237208806411188e-13 -5.482281295599022997e-12 -7.635751612806610522e-01
5.820000000000000000e+02 1.203033919126617366e+04 -9.970753897904730030e-13 -5.509148692794951785e-12 -7.647060976876678406e-01 -9.970753897904730030e-13 -5.509148692794951785e-12 -7.647060976876678406e-01
5.830000000000000000e+02 1.205100987716181953e+04 -1.008419047317695728e-12 -5.566658245470534894e-12 -7.662696086236764348e-01 -1.008419047317695728e-12 -5.566658245470534894e-12 -7.662696086236764348e-01
5.840000000000000000e+02 1.207168056305746541e+04 -1.009242956940926577e-12 -5.584976925376849977e-12 -7.681777212498853702e-01 -1.009242956940926577e-12 -5.584976925376849977e-12 -7.681777212498853702e-01
5.850000000000000000e+02 1.209235124895311128e+04 -1.013899890906571583e-12 -5.622613485911642783e-12 -7.703404420349807546e-01 -1.013899890906571583e-12 -5.622613485911642783e-12 -7.703404420349807546e-01
5.860000000000000000e+02 1.211302193484875716e+04 -1.023679884367897849e-12 -5.688893800481764629e-12 -7.726759118547675831e-01 -1.023679884367897849e-12 -5.688893800481764629e-12 -7.726759118547675831e-01
5.870000000000000000e+02 1.213369262074440303e+04 -1.025386575428552640e-12 -5.715650175375230901e-12 -7.751134706907063521e-01 -1.025386575428552640e-12 -5.715650175375230901e-12 -7.751134706907063521e-01
5.880000000000000000e+02 1.215436330664004890e+04 -1.029714645719503020e-12 -5.771383371211413760e-12 -7.775950060405164566e-01 -1.029714645719503020e-12 -5.771383371211413760e-12 -7.775950060405164566e-01
5.890000000000000000e+02 1.217503399253569478e+04 -1.036214962535792648e-12 -5.775935285612376902e-12 -7.800696911793219002e-01 -1.036214962535792648e-12 -5.775935285612376902e-12 -7.800696911793219002e-01
5.900000000000000000e+02 1.219570467843134065e+04 -1.038487249311843466e-12 -5.853317830428750312e-12 -7.825032616152021170e-01 -1.038487249311843466e-12 -5.853317830428750312e-12 -7.825032616152021170e-01
5.910000000000000000e+02 1.221637536432698653e+04 -1.042951076537986776e-12 -5.848987960632712202e-12 -7.848696983856641163e-01 -1.042951076537986776e-12 -5.848987960632712202e-12 -7.848696983856641163e-01
5.920000000000000000e+02 1.223704605022263240e+04 -1.047679482681675297e-12 -5.878408870785278850e-12 -7.871559293111299871e-01 -1.047679482681675297e-12 -5.878408870785278850e-12 -7.871559293111299871e-01
5.930000000000000000e+02 1.225771673611827828e+04 -1.049251883389800602e-12 -5.918487921974247001e-12 -7.893603345784406811e-01 -1.049251883389800602e-12 -5.918487921974247001e-12 -7.893603345784406811e-01
5.940000000000000000e+02 1.227838742201392415e+04 -1.047601099240862594e-12 -5.948685988244051259e-12 -7.914886557164988456e-01 -1.047601099240862594e-12 -5.948685988244051259e-12 -7.914886557164988456e-01
5.950000000000000000e+02 1.229905810790957003e+04 -1.047052758492821312e-12 -5.969669203409466718e-12 -7.935465757740979287e-01 -1.047052758492821312e-12 -5.969669203409466718e-12 -7.935465757740979287e-01
5.960000000000000000e+02 1.231972879380521590e+04 -1.048770153254772209e-12 -6.007638830851647072e-12 -7.955301295329347822e-01 -1.048770153254772209e-12 -6.007638830851647072e-12 -7.955301295329347822e-01
5.970000000000000000e+02 1.234039947970086178e+04 -1.048797273696169662e-12 -6.032285781998325547e-12 -7.974170226907167924e-01 -1.048797273696169662e-12 -6.032285781998325547e-12 -7.974170226907167924e-01
5.980000000000000000e+02 1.236107016559650765e+04 -1.048700243748403905e-12 -6.083245018828620232e-12 -7.991595631449729398e-01 -1.048700243748403905e-12 -6.083245018828620232e-12 -7.991595631449729398e-01
5.990000000000000000e+02 1.238174085149215352e+04 -1.046426282374936239e-12 -6.076028569168556714e-12 -8.006891213652861383e-01 -1.046426282374936239e-12 -6.076028569168556714e-12 -8.006891213652861383e-01
6.000000000000000000e+02 1.240241153738779940e+04 -1.043002516347741827e-12 -6.103895167086648144e-12 -8.019199333086658443e-01 -1.043002516347741827e-12 -6.103895167086648144e-12 -8.019199333086658443e-01
6.010000000000000000e+02 1.242308222328344527e+04 -1.040546766771876322e-12 -6.109557304512236442e-12 -8.027590784553342296e-01 -1.040546766771876322e-12 -6.109557304512236442e-12 -8.027590784553342296e-01
6.020000000000000000e+02 1.244375290917909115e+04 -1.039574851338812576e-12 -6.128986207443176681e-12 -8.031234503744488773e-01 -1.039574851338812576e-12 -6.128986207443176681e-12 -8.031234503744488773e-01
6.030000000000000000e+02 1.246442359507473702e+04 -1.033505606578255190e-12 -6.121103623968338070e-12 -8.029439392544698295e-01 -1.033505606578255190e-12 -6.121103623968338070e-12 -8.029439392544698295e-01
6.040000000000000000e+02 1.248509428097038290e+04 -1.032610706214838951e-12 -6.150746578725829750e-12 -8.021720591191189298e-01 -1.032610706214838951e-12 -6.150746578725829750e-12 -8.021720591191189298e-01
6.050000000000000000e+02 1.250576496686602877e+04 -1.024124773951353706e-12 -6.136313679405702715e-12 -8.007809685572627734e-01 -1.024124773951353706e-12 -6.136313679405702715e-12 -8.007809685572627734e-01
6.060000000000000000e+02 1.252643565276167465e+04 -1.018330769275862710e-12 -6.132983010331827245e-12 -7.987666742920753737e-01 -1.018330769275862710e-12 -6.132983010331827245e-12 -7.987666742920753737e-01
6.070000000000000000e+02 1.254710633865732052e+04 -1.014626267628756837e-12 -6.099565297290610033e-12 -7.961514917536742786e-01 -1.014626267628756837e-12 -6.099565297290610033e-12 -7.961514917536742786e-01
6.080000000000000000e+02 1.256777702455296640e+04 -1.005672984842018481e-12 -6.128098029023476556e-12 -7.929751062367068615e-01 -1.005672984842018481e-12 -6.128098029023476556e-12 -7.929751062367068615e-01
6.090000000000000000e+02 1.258844771044861227e+04 -9.993294943288574530e-13 -6.120548512456025492e-12 -7.893040486126482458e-01 -9.993294943288574530e-13 -6.120548512456025492e-12 -7.893040486126482458e-01
6.100000000000000000e+02 1.260911839634425814e+04 -9.938160816232218929e-13 -6.074585279236544011e-12 -7.852304920450922099e-01 -9.938160816232218929e-13 -6.074585279236544011e-12 -7.852304920450922099e-01
6.110000000000000000e+02 1.262978908223990402e+04 -9.869979596439527157e-13 -6.066591673459242884e-12 -7.808731842097632603e-01 -9.869979596439527157e-13 -6.066591673459242884e-12 -7.808731842097632603e-01
6.120000000000000000e+02 1.265045976813554989e+04 -9.811877107586075753e-13 -6.010192343808284932e-12 -7.763742757116423032e-01 -9.811877107586075753e-13 -6.010192343808284932e-12 -7.763742757116423032e-01
6.130000000000000000e+02 1.267113045403119577e+04 -9.728953853480199516e-13 -6.013856079789547948e-12 -7.718909720397370000e-01 -9.728953853480199516e-13 -6.013856079789547948e-12 -7.718909720397370000e-01
6.140000000000000000e+02 1.269180113992684164e+04 -9.699680076190639015e-13 -6.022737863986549200e-12 -7.675822267028110657e-01 -9.699680076190639015e-13 -6.022737863986549200e-12 -7.675822267028110657e-01
6.150000000000000000e+02 1.271247182582248752e+04 -9.648365324324514276e-13 -5.988987084037944442e-12 -7.635930255884172402e-01 -9.648365324324514276e-13 -5.988987084037944442e-12 -7.635930255884172402e-01
6.160000000000000000e+02 1.273314251171813339e+04 -9.635188699239145621e-13 -6.003531005660533992e-12 -7.600402282389427944e-01 -9.635188699239145621e-13 -6.003531005660533992e-12 -7.600402282389427944e-01
6.170000000000000000e+02 1.275381319761377927e+04 -9.596082409007741420e-13 -5.982436768192656018e-12 -7.570046547510372870e-01 -9.596082409007741420e-13 -5.982436768192656018e-12 -7.570046547510372870e-01
6.180000000000000000e+02 1.277448388350942514e+04 -9.594343887975703082e-13 -6.010081321505822416e-12 -7.545299479942207954e-01 -9.594343887975703082e-13 -6.010081321505822416e-12 -7.545299479942207954e-01
6.190000000000000000e+02 1.279515456940507102e+04 -9.589082558050184354e-13 -6.010858477623060026e-12 -7.526305751419998247e-01 -9.589082558050184354e-13 -6.010858477623060026e-12 -7.526305751419998247e-01
6.200000000000000000e+02 1.281582525530071689e+04 -9.593753030775226524e-13 -6.034950317257425922e-12 -7.513021447798582386e-01 -9.593753030775226524e-13 -6.034950317257425922e-12 -7.513021447798582386e-01
6.210000000000000000e+02 1.283649594119636276e+04 -9.626982757418405961e-13 -6.052824907953890943e-12 -7.505301369013279711e-01 -9.626982757418405961e-13 -6.052824907953890943e-12 -7.505301369013279711e-01
6.220000000000000000e+02 1.285716662709200864e+04 -9.677560356368096408e-13 -6.085243420272945514e-12 -7.503008366669721152e-01 -9.677560356368096408e-13 -6.085243420272945514e-12 -7.503008366669721152e-01
6.230000000000000000e+02 1.287783731298765451e+04 -9.688190287334022963e-13 -6.104006189389110659e-12 -7.506021149657762237e-01 -9.688190287334022963e-13 -6.104006189389110659e-12 -7.506021149657762237e-01
6.240000000000000000e+02 1.289850799888330039e+04 -9.753713867675656022e-13 -6.130318475072726869e-12 -7.514242340811627674e-01 -9.753713867675656022e-13 -6.130318475072726869e-12 -7.514242340811627674e-01
6.250000000000000000e+02 1.291917868477894626e+04 -9.789062702283316805e-13 -6.183276113347346836e-12 -7.527577258349087419e-01 -9.789062702283316805e-13 -6.183276113347346836e-12 -7.527577258349087419e-01
6.260000000000000000e+02 1.293984937067459214e+04 -9.843746674513795953e-13 -6.187717005445847462e-12 -7.545978268192582439e-01 -9.843746674513795953e-13 -6.187717005445847462e-12 -7.545978268192582439e-01
6.270000000000000000e+02 1.296052005657023801e+04 -9.903539214669237511e-13 -6.192824031359123182e-12 -7.569370818460673389e-01 -9.903539214669237511e-13 -6.192824031359123182e-12 -7.569370818460673389e-01
6.280000000000000000e+02 1.298119074246588389e+04 -1.002100598550885271e-12 -6.271205776897659234e-12 -7.597701154592616524e-01 -1.002100598550885271e-12 -6.271205776897659234e-12 -7.597701154592616524e-01
6.290000000000000000e+02 1.300186142836152976e+04 -1.003570467862575357e-12 -6.325939772011679452e-12 -7.630900443253889609e-01 -1.003570467862575357e-12 -6.325939772011679452e-12 -7.630900443253889609e-01
6.300000000000000000e+02 1.302253211425717564e+04 -1.012488790520468553e-12 -6.359579529657821695e-12 -7.668838388769426695e-01 -1.012488790520468553e-12 -6.359579529657821695e-12 -7.668838388769426695e-01
6.310000000000000000e+02 1.304320280015282151e+04 -1.016013991459744399e-12 -6.415090680889079522e-12 -7.711242451281548060e-01 -1.016013991459744399e-12 -6.415090680889079522e-12 -7.711242451281548060e-01
6.320000000000000000e+02 1.306387348604846738e+04 -1.022040386321460464e-12 -6.507017147328042483e-12 -7.757601561791891420e-01 -1.022040386321460464e-12 -6.507017147328042483e-12 -7.757601561791891420e-01
6.330000000000000000e+02 1.308454417194411326e+04 -1.034912417176270369e-12 -6.561418075534675154e-12 -7.807085580973086580e-01 -1.034912417176270369e-12 -6.561418075534675154e-12 -7.807085580973086580e-01
6.340000000000000000e+02 1.310521485783975913e+04 -1.038248409623972412e-12 -6.610156866315719526e-12 -7.858516714531356140e-01 -1.038248409623972412e-12 -6.610156866315719526e-12 -7.858516714531356140e-01
6.350000000000000000e+02 1.312588554373540501e+04 -1.040540605280779868e-12 -6.681877273706504639e-12 -7.910419346451460498e-01 -1.040540605280779868e-12 -6.681877273706504639e-12 -7.910419346451460498e-01
6.360000000000000000e+02 1.314655622963105088e+04 -1.048792220360767722e-12 -6.726952328506285994e-12 -7.961128576061493600e-01 -1.048792220360767722e-12 -6.726952328506285994e-12 -7.961128576061493600e-01
6.370000000000000000e+02 1.316722691552669676e+04 -1.055648584771383032e-12 -6.822098441716661910e-12 -8.008940210279993366e-01 -1.055648584771383032e-12 -6.822098441716661910e-12 -8.008940210279993366e-01
6.380000000000000000e+02 1.318789760142234263e+04 -1.058584772674574416e-12 -6.813105635217198142e-12 -8.052254006087230520e-01 -1.058584772674574416e-12 -6.813105635217198142e-12 -8.052254006087230520e-01
6.390000000000000000e+02 1.320856828731798851e+04 -1.062475933632272900e-12 -6.897593607391172554e-12 -8.089679565026469676e-01 -1.062475933632272900e-12 -6.897593607391172554e-12 -8.089679565026469676e-01
6.400000000000000000e+02 1.322923897321363438e+04 -1.063024582043737219e-12 -6.923350781562476186e-12 -8.120090517540282660e-01 -1.063024582043737219e-12 -6.923350781562476186e-12 -8.120090517540282660e-01
6.410000000000000000e+02 1.324990965910928026e+04 -1.063380179380227859e-12 -6.972200594645983074e-12 -8.142634584868035930e-01 -1.063380179380227859e-12 -6.972200594645983074e-12 -8.142634584868035930e-01
6.420000000000000000e+02 1.327058034500492613e+04 -1.057821957089263739e-12 -6.966538457220394776e-12 -8.156727778771738491e-01 -1.057821957089263739e-12 -6.966538457220394776e-12 -8.156727778771738491e-01
6.430000000000000000e+02 1.329125103090057200e+04 -1.056827830736604993e-12 -7.010170222088163428e-12 -8.161988315912054315e-01 -1.056827830736604993e-12 -7.010170222088163428e-12 -8.161988315912054315e-01
6.440000000000000000e+02 1.331192171679621788e+04 -1.056034258338242223e-12 -7.013389868859576382e-12 -8.158336417139225860e-01 -1.056034258338242223e-12 -7.013389868859576382e-12 -8.158336417139225860e-01
6.450000000000000000e+02 1.333259240269186375e+04 -1.052120590043301392e-12 -6.998623902632061800e-12 -8.145855168018009129e-01 -1.052120590043301392e-12 -6.998623902632061800e-12 -8.145855168018009129e-01
6.460000000000000000e+02 1.335326308858750963e+04 -1.044734287542675919e-12 -7.009282043668463302e-12 -8.124959909296562977e-01 -1.044734287542675919e-12 -7.009282043668463302e-12 -8.124959909296562977e-01
6.470000000000000000e+02 1.337393377448315550e+04 -1.039056589786663928e-12 -7.005396263082275254e-12 -8.096283130335072409e-01 -1.039056589786663928e-12 -7.005396263082275254e-12 -8.096283130335072409e-01
6.480000000000000000e+02 1.339460446037880138e+04 -1.028275813969002230e-12 -6.954437026251980569e-12 -8.060740834678750133e-01 -1.028275813969002230e-12 -6.954437026251980569e-12 -8.060740834678750133e-01
6.490000000000000000e+02 1.341527514627444725e+04 -1.025990024269615440e-12 -6.939560037722003472e-12 -8.019452243999078966e-01 -1.025990024269615440e-12 -6.939560037722003472e-12 -8.019452243999078966e-01
6.500000000000000000e+02 1.343594583217009313e+04 -1.011924600819806491e-12 -6.968647880967182573e-12 -7.973649869456810313e-01 -1.011924600819806491e-12 -6.968647880967182573e-12 -7.973649869456810313e-01
6.510000000000000000e+02 1.345661651806573900e+04 -1.008330216054997835e-12 -6.897482585088710039e-12 -7.924560562936651120e-01 -1.008330216054997835e-12 -6.897482585088710039e-12 -7.924560562936651120e-01
6.520000000000000000e+02 1.347728720396138488e+04 -9.978330662655811597e-13 -6.868061674936143390e-12 -7.873284500727840696e-01 -9.978330662655811597e-13 -6.868061674936143390e-12 -7.873284500727840696e-01
6.530000000000000000e+02 1.349795788985703075e+04 -9.917050808134810893e-13 -6.887490577867083630e-12 -7.820772802357377484e-01 -9.917050808134810893e-13 -6.887490577867083630e-12 -7.820772802357377484e-01
6.540000000000000000e+02 1.351862857575267662e+04 -9.830654096424499952e-13 -6.852074463381541136e-12 -7.767726377487375045e-01 -9.830654096424499952e-13 -6.852074463381541136e-12 -7.767726377487375045e-01
6.550000000000000000e+02 1.353929926164832250e+04 -9.781243353051266874e-13 -6.770473071071592130e-12 -7.714748753618188015e-01 -9.781243353051266874e-13 -6.770473071071592130e-12 -7.714748753618188015e-01
6.560000000000000000e+02 1.355996994754396837e+04 -9.731880775736443556e-13 -6.772471472515917412e-12 -7.662387059870925388e-01 -9.731880775736443556e-13 -6.772471472515917412e-12 -7.662387059870925388e-01
6.570000000000000000e+02 1.358064063343961425e+04 -9.653064665161925304e-13 -6.743605673875663342e-12 -7.611229719061024523e-01 -9.653064665161925304e-13 -6.743605673875663342e-12 -7.611229719061024523e-01
6.580000000000000000e+02 1.360131131933526012e+04 -9.581020484852777058e-13 -6.742828517758425733e-12 -7.561967094057643335e-01 -9.581020484852777058e-13 -6.742828517758425733e-12 -7.561967094057643335e-01
6.590000000000000000e+02 1.362198200523090600e+04 -9.549723117989786088e-13 -6.730171975277698948e-12 -7.515413946645996823e-01 -9.549723117989786088e-13 -6.730171975277698948e-12 -7.515413946645996823e-01
6.600000000000000000e+02 1.364265269112655187e+04 -9.483795776821959431e-13 -6.678546604632629169e-12 -7.472495823928977376e-01 -9.483795776821959431e-13 -6.678546604632629169e-12 -7.472495823928977376e-01
6.610000000000000000e+02 1.366332337702219775e+04 -9.506425477595287379e-13 -6.671441177275028167e-12 -7.434257068925710366e-01 -9.506425477595287379e-13 -6.671441177275028167e-12 -7.434257068925710366e-01
6.620000000000000000e+02 1.368399406291784362e+04 -9.428299399663297687e-13 -6.675993091675991309e-12 -7.401781863551570861e-01 -9.428299399663297687e-13 -6.675993091675991309e-12 -7.401781863551570861e-01
6.630000000000000000e+02 1.370466474881348950e+04 -9.469694819441134410e-13 -6.692091325533056079e-12 -7.376235692991898185e-01 -9.469694819441134410e-13 -6.692091325533056079e-12 -7.376235692991898185e-01
6.640000000000000000e+02 1.372533543470913537e+04 -9.461549515566198112e-13 -6.699418797495582112e-12 -7.358818630871116762e-01 -9.461549515566198112e-13 -6.699418797495582112e-12 -7.358818630871116762e-01
6.650000000000000000e+02 1.374600612060478124e+04 -9.515528420983785535e-13 -6.712186362278771412e-12 -7.350720056563210258e-01 -9.515528420983785535e-13 -6.712186362278771412e-12 -7.350720056563210258e-01
6.660000000000000000e+02 1.376667680650042712e+04 -9.549656226929837981e-13 -6.691758258625668532e-12 -7.353038695388776080e-01 -9.549656226929837981e-13 -6.691758258625668532e-12 -7.353038695388776080e-01
6.670000000000000000e+02 1.378734749239607299e+04 -9.551509553540983400e-13 -6.747935543671701453e-12 -7.366598103446172496e-01 -9.551509553540983400e-13 -6.747935543671701453e-12 -7.366598103446172496e-01
6.680000000000000000e+02 1.380801817829171887e+04 -9.654053373187942905e-13 -6.801670338063559029e-12 -7.391819705487141512e-01 -9.654053373187942905e-13 -6.801670338063559029e-12 -7.391819705487141512e-01
6.690000000000000000e+02 1.382868886418736474e+04 -9.719571252504400243e-13 -6.833311694265375991e-12 -7.428504517880785141e-01 -9.719571252504400243e-13 -6.833311694265375991e-12 -7.428504517880785141e-01
6.700000000000000000e+02 1.384935955008301062e+04 -9.788347426731424042e-13 -6.924016915377251280e-12 -7.475778681631894962e-01 -9.788347426731424042e-13 -6.924016915377251280e-12 -7.475778681631894962e-01
6.710000000000000000e+02 1.387003023597865649e+04 -9.923906703982867765e-13 -6.983302824892234639e-12 -7.532128514828226873e-01 -9.923906703982867765e-13 -6.983302824892234639e-12 -7.532128514828226873e-01
6.720000000000000000e+02 1.389070092187430237e+04 -1.000417603187845958e-12 -7.116196520939865877e-12 -7.595523860708401909e-01 -1.000417603187845958e-12 -7.116196520939865877e-12 -7.595523860708401909e-01
6.730000000000000000e+02 1.391137160776994824e+04 -1.010479145152065951e-12 -7.145173341882582463e-12 -7.663652731680088426e-01 -1.010479145152065951e-12 -7.145173341882582463e-12 -7.663652731680088426e-01
6.740000000000000000e+02 1.393204229366559412e+04 -1.016898490064801296e-12 -7.265743562356874463e-12 -7.734150929255426687e-01 -1.016898490064801296e-12 -7.265743562356874463e-12 -7.734150929255426687e-01
6.750000000000000000e+02 1.395271297956123999e+04 -1.031050827755264511e-12 -7.346567798549585859e-12 -7.804790230641039939e-01 -1.031050827755264511e-12 -7.346567798549585859e-12 -7.804790230641039939e-01
6.760000000000000000e+02 1.397338366545688586e+04 -1.039052425641696151e-12 -7.424838521785659395e-12 -7.873591390898260212e-01 -1.039052425641696151e-12 -7.424838521785659395e-12 -7.873591390898260212e-01
6.770000000000000000e+02 1.399405435135253174e+04 -1.047327429565726657e-12 -7.513545341453209403e-12 -7.938866035410439004e-01 -1.047327429565726657e-12 -7.513545341453209403e-12 -7.938866035410439004e-01
6.780000000000000000e+02 1.401472503724817761e+04 -1.055798940107713333e-12 -7.585376771146457031e-12 -7.999210961894132055e-01 -1.055798940107713333e-12 -7.585376771146457031e-12 -7.999210961894132055e-01
6.790000000000000000e+02 1.403539572314382349e+04 -1.062100667910035116e-12 -7.673306434696769429e-12 -8.053486699803893423e-01 -1.062100667910035116e-12 -7.673306434696769429e-12 -8.053486699803893423e-01
6.800000000000000000e+02 1.405606640903946936e+04 -1.066956932768866956e-12 -7.698397475053297967e-12 -8.100798949817812344e-01 -1.066956932768866956e-12 -7.698397475053297967e-12 -8.100798949817812344e-01
6.810000000000000000e+02 1.407673709493511524e+04 -1.068173150405542746e-12 -7.753908626284555794e-12 -8.140469739602060883e-01 -1.068173150405542746e-12 -7.753908626284555794e-12 -8.140469739602060883e-01
6.820000000000000000e+02 1.409740778083076111e+04 -1.075195621978419892e-12 -7.792433365239048726e-12 -8.172083196247665882e-01 -1.075195621978419892e-12 -7.792433365239048726e-12 -8.172083196247665882e-01
6.830000000000000000e+02 1.411807846672640699e+04 -1.070462159899028611e-12 -7.853273586988507304e-12 -8.195433384081761696e-01 -1.070462159899028611e-12 -7.853273586988507304e-12 -8.195433384081761696e-01
6.840000000000000000e+02 1.413874915262205286e+04 -1.070061736413950407e-12 -7.869149776240647043e-12 -8.210534475661233067e-01 -1.070061736413950407e-12 -7.869149776240647043e-12 -8.210534475661233067e-01
6.850000000000000000e+02 1.415941983851769874e+04 -1.068102840191644789e-12 -7.897460463368588535e-12 -8.217575028687419403e-01 -1.068102840191644789e-12 -7.897460463368588535e-12 -8.217575028687419403e-01
6.860000000000000000e+02 1.418009052441334461e+04 -1.067373482998517154e-12 -7.910005983546852804e-12 -8.216851230624394598e-01 -1.067373482998517154e-12 -7.910005983546852804e-12 -8.216851230624394598e-01
6.870000000000000000e+02 1.420076121030899048e+04 -1.068746777508907886e-12 -7.885581077005099360e-12 -8.208646686023929329e-01 -1.068746777508907886e-12 -7.885581077005099360e-12 -8.208646686023929329e-01
6.880000000000000000e+02 1.422143189620463636e+04 -1.061000203414151362e-12 -7.905232024540964630e-12 -8.193254590152367900e-01 -1.061000203414151362e-12 -7.905232024540964630e-12 -8.193254590152367900e-01
6.890000000000000000e+02 1.424210258210028223e+04 -1.052072095903610947e-12 -7.905121002238502115e-12 -8.170810023211810824e-01 -1.052072095903610947e-12 -7.905121002238502115e-12 -8.170810023211810824e-01
6.900000000000000000e+02 1.426277326799592811e+04 -1.049668953311040120e-12 -7.892908548967625393e-12 -8.141351296410623828e-01 -1.049668953311040120e-12 -7.892908548967625393e-12 -8.141351296410623828e-01
6.910000000000000000e+02 1.428344395389157398e+04 -1.040387785601743792e-12 -7.871481244592359872e-12 -8.104901175335904595e-01 -1.040387785601743792e-12 -7.871481244592359872e-12 -8.104901175335904595e-01
6.920000000000000000e+02 1.430411463978721986e+04 -1.031475982247401161e-12 -7.824296766045790719e-12 -8.061498439873869826e-01 -1.031475982247401161e-12 -7.824296766045790719e-12 -8.061498439873869826e-01
6.930000000000000000e+02 1.432478532568286573e+04 -1.023781066906025711e-12 -7.819633829342365061e-12 -8.011304358874702380e-01 -1.023781066906025711e-12 -7.819633829342365061e-12 -8.011304358874702380e-01
6.940000000000000000e+02 1.434545601157851161e+04 -1.016687397850943062e-12 -7.769229704024382954e-12 -7.954665983457930301e-01 -1.016687397850943062e-12 -7.769229704024382954e-12 -7.954665983457930301e-01
6.950000000000000000e+02 1.436612669747415748e+04 -1.004657297968342572e-12 -7.737477325520103477e-12 -7.892157986121340896e-01 -1.004657297968342572e-12 -7.737477325520103477e-12 -7.892157986121340896e-01
6.960000000000000000e+02 1.438679738336980336e+04 -9.978383060892742721e-13 -7.681966174288845650e-12 -7.824601825318487913e-01 -9.978383060892742721e-13 -7.681966174288845650e-12 -7.824601825318487913e-01
6.970000000000000000e+02 1.440746806926544923e+04 -9.870352745056629532e-13 -7.633449428112726309e-12 -7.753071818216095146e-01 -9.870352745056629532e-13 -7.633449428112726309e-12 -7.753071818216095146e-01
6.980000000000000000e+02 1.442813875516109510e+04 -9.765868159344177138e-13 -7.601363982701059285e-12 -7.678897598538763081e-01 -9.765868159344177138e-13 -7.601363982701059285e-12 -7.678897598538763081e-01
6.990000000000000000e+02 1.444880944105674098e+04 -9.666396809383989091e-13 -7.516320899014772294e-12 -7.603679985057411050e-01 -9.666396809383989091e-13 -7.516320899014772294e-12 -7.603679985057411050e-01
7.000000000000000000e+02 1.446948012695238685e+04 -9.583713017736428787e-13 -7.478573316177516972e-12 -7.529303554154881395e-01 -9.583713017736428787e-13 -7.478573316177516972e-12 -7.529303554154881395e-01
7.010000000000000000e+02 1.449015081284803273e+04 -9.497350347441604599e-13 -7.426725900927522162e-12 -7.457943644837310426e-01 -9.497350347441604599e-13 -7.426725900927522162e-12 -7.457943644837310426e-01
7.020000000000000000e+02 1.451082149874367860e+04 -9.428964751289096521e-13 -7.363998300036200817e-12 -7.392021756868084603e-01 -9.428964751289096521e-13 -7.363998300036200817e-12 -7.392021756868084603e-01
7.030000000000000000e+02 1.453149218463932448e+04 -9.313014212771717648e-13 -7.330136497785133542e-12 -7.334087044536636846e-01 -9.313014212771717648e-13 -7.330136497785133542e-12 -7.334087044536636846e-01
7.040000000000000000e+02 1.455216287053497035e+04 -9.335099118928317373e-13 -7.359557407937700191e-12 -7.286612385879943643e-01 -9.335099118928317373e-13 -7.359557407937700191e-12 -7.286612385879943643e-01
7.050000000000000000e+02 1.457283355643061623e+04 -9.306854055812332790e-13 -7.285283487590277218e-12 -7.251732039842860855e-01 -9.306854055812332790e-13 -7.285283487590277218e-12 -7.251732039842860855e-01
7.060000000000000000e+02 1.459350424232626210e+04 -9.288935970536744954e-13 -7.307376925780317833e-12 -7.230976508726212337e-01 -9.288935970536744954e-13 -7.307376925780317833e-12 -7.230976508726212337e-01
7.070000000000000000e+02 1.461417492822190798e+04 -9.315674569171948586e-13 -7.331246720809758699e-12 -7.225106203459681353e-01 -9.315674569171948586e-13 -7.331246720809758699e-12 -7.225106203459681353e-01
7.080000000000000000e+02 1.463484561411755385e+04 -9.355738837380133141e-13 -7.358891274122925097e-12 -7.234031235772878654e-01 -9.355738837380133141e-13 -7.358891274122925097e-12 -7.234031235772878654e-01
7.090000000000000000e+02 1.465551630001319973e+04 -9.367189077560919739e-13 -7.413403224632020283e-12 -7.256921439550999553e-01 -9.367189077560919739e-13 -7.413403224632020283e-12 -7.256921439550999553e-01
7.100000000000000000e+02 1.467618698590884560e+04 -9.423082593122588306e-13 -7.470912777307603392e-12 -7.292410738265349135e-01 -9.423082593122588306e-13 -7.470912777307603392e-12 -7.292410738265349135e-01
7.110000000000000000e+02 1.469685767180449147e+04 -9.519240788355546877e-13 -7.538636381809737941e-12 -7.338786354853024108e-01 -9.519240788355546877e-13 -7.538636381809737941e-12 -7.338786354853024108e-01
7.120000000000000000e+02 1.471752835770013735e+04 -9.582800996605791678e-13 -7.657097178537242144e-12 -7.394202784075603052e-01 -9.582800996605791678e-13 -7.657097178537242144e-12 -7.394202784075603052e-01
7.130000000000000000e+02 1.473819904359578322e+04 -9.707195402161827086e-13 -7.693845560652334825e-12 -7.456806863164391341e-01 -9.707195402161827086e-13 -7.693845560652334825e-12 -7.456806863164391341e-01
7.140000000000000000e+02 1.475886972949142910e+04 -9.783481308831244947e-13 -7.808309554491188464e-12 -7.524804363860864154e-01 -9.783481308831244947e-13 -7.808309554491188464e-12 -7.524804363860864154e-01
7.150000000000000000e+02 1.477954041538707497e+04 -9.930657895200610051e-13 -7.899569887115376332e-12 -7.596491159488482081e-01 -9.930657895200610051e-13 -7.899569887115376332e-12 -7.596491159488482081e-01
7.160000000000000000e+02 1.480021110128272085e+04 -1.001248888921234590e-12 -7.982059457845025463e-12 -7.670268508706952204e-01 -1.001248888921234590e-12 -7.982059457845025463e-12 -7.670268508706952204e-01
7.170000000000000000e+02 1.482088178717836672e+04 -1.008840641750649670e-12 -8.070655255210112955e-12 -7.744670074473009036e-01 -1.008840641750649670e-12 -8.070655255210112955e-12 -7.744670074473009036e-01
7.180000000000000000e+02 1.484155247307401260e+04 -1.016095675125565865e-12 -8.179901200833228359e-12 -7.818387575955126900e-01 -1.016095675125565865e-12 -8.179901200833228359e-12 -7.818387575955126900e-01
7.190000000000000000e+02 1.486222315896965847e+04 -1.029582777079367803e-12 -8.259504191698852082e-12 -7.890287996510719770e-01 -1.029582777079367803e-12 -8.259504191698852082e-12 -7.890287996510719770e-01
7.200000000000000000e+02 1.488289384486530435e+04 -1.036123540745508417e-12 -8.355316438724003092e-12 -7.959403889008607180e-01 -1.036123540745508417e-12 -8.355316438724003092e-12 -7.959403889008607180e-01
7.210000000000000000e+02 1.490356453076095022e+04 -1.040910290667008820e-12 -8.444134280694015615e-12 -8.024886906702394240e-01 -1.040910290667008820e-12 -8.444134280694015615e-12 -8.024886906702394240e-01
7.220000000000000000e+02 1.492423521665659609e+04 -1.048199749401698984e-12 -8.565925746495395288e-12 -8.085932537482595217e-01 -1.048199749401698984e-12 -8.565925746495395288e-12 -8.085932537482595217e-01
7.230000000000000000e+02 1.494490590255224197e+04 -1.052781813606243522e-12 -8.633094239485217258e-12 -8.141710269738960948e-01 -1.052781813606243522e-12 -8.633094239485217258e-12 -8.141710269738960948e-01
7.240000000000000000e+02 1.496557658844788784e+04 -1.057518914349156100e-12 -8.659073458261445921e-12 -8.191251066811042758e-01 -1.057518914349156100e-12 -8.659073458261445921e-12 -8.191251066811042758e-01
7.250000000000000000e+02 1.498624727434353372e+04 -1.060443709476347491e-12 -8.737344181497519457e-12 -8.233552307536315951e-01 -1.060443709476347491e-12 -8.737344181497519457e-12 -8.233552307536315951e-01
7.260000000000000000e+02 1.500691796023917959e+04 -1.062001874418904398e-12 -8.787748306815501564e-12 -8.267510666221158377e-01 -1.062001874418904398e-12 -8.787748306815501564e-12 -8.267510666221158377e-01
7.270000000000000000e+02 1.502758864613482547e+04 -1.064737412230451288e-12 -8.870126855242688180e-12 -8.292061386754987495e-01 -1.064737412230451288e-12 -8.870126855242688180e-12 -8.292061386754987495e-01
7.280000000000000000e+02 1.504825933203047134e+04 -1.064624526878931622e-12 -8.878342505624914338e-12 -8.306266430865343331e-01 -1.064624526878931622e-12 -8.878342505624914338e-12 -8.306266430865343331e-01
7.290000000000000000e+02 1.506893001792611722e+04 -1.062167494628078548e-12 -8.920975069770520349e-12 -8.309386662810754887e-01 -1.062167494628078548e-12 -8.920975069770520349e-12 -8.309386662810754887e-01
7.300000000000000000e+02 1.508960070382176309e+04 -1.059373644622202625e-12 -8.910761017943968909e-12 -8.300943914929487244e-01 -1.059373644622202625e-12 -8.910761017943968909e-12 -8.300943914929487244e-01
7.310000000000000000e+02 1.511027138971740897e+04 -1.054682718247641925e-12 -8.907652393475018471e-12 -8.280729577556616983e-01 -1.054682718247641925e-12 -8.907652393475018471e-12 -8.280729577556616983e-01
7.320000000000000000e+02 1.513094207561305484e+04 -1.049899013955384741e-12 -8.889444735871165904e-12 -8.248783288709645722e-01 -1.049899013955384741e-12 -8.889444735871165904e-12 -8.248783288709645722e-01
7.330000000000000000e+02 1.515161276150870071e+04 -1.038783168962376758e-12 -8.834377673849758139e-12 -8.205425965397655785e-01 -1.038783168962376758e-12 -8.834377673849758139e-12 -8.205425965397655785e-01
7.340000000000000000e+02 1.517228344740434659e+04 -1.028576407330442264e-12 -8.850919996916672972e-12 -8.151189712499593565e-01 -1.028576407330442264e-12 -8.850919996916672972e-12 -8.151189712499593565e-01
7.350000000000000000e+02 1.519295413329999246e+04 -1.020183259931156343e-12 -8.746781077206833288e-12 -8.086898075548358822e-01 -1.020183259931156343e-12 -8.746781077206833288e-12 -8.086898075548358822e-01
7.360000000000000000e+02 1.521362481919563834e+04 -1.016004216363184806e-12 -8.725020705924180220e-12 -8.013669010977555462e-01 -1.016004216363184806e-12 -8.725020705924180220e-12 -8.013669010977555462e-01
7.370000000000000000e+02 1.523429550509128421e+04 -1.001200769798423209e-12 -8.629097436596566695e-12 -7.932960255921216453e-01 -1.001200769798423209e-12 -8.629097436596566695e-12 -7.932960255921216453e-01
7.380000000000000000e+02 1.525496619098693009e+04 -9.888245897522642183e-13 -8.558820319137794286e-12 -7.846591829769952176e-01 -9.888245897522642183e-13 -8.558820319137794286e-12 -7.846591829769952176e-01
7.390000000000000000e+02 1.527563687688257596e+04 -9.751609171033067373e-13 -8.477996082945082890e-12 -7.756730901046526849e-01 -9.751609171033067373e-13 -8.477996082945082890e-12 -7.756730901046526849e-01
7.400000000000000000e+02 1.529630756277822184e+04 -9.623730879533461019e-13 -8.395395489912971243e-12 -7.665818399746875400e-01 -9.623730879533461019e-13 -8.395395489912971243e-12 -7.665818399746875400e-01
7.410000000000000000e+02 1.531697824867386771e+04 -9.522483386783235851e-13 -8.355982572538778186e-12 -7.576441973703722521e-01 -9.522483386783235851e-13 -8.355982572538778186e-12 -7.576441973703722521e-01
7.420000000000000000e+02 1.533764893456951359e+04 -9.418927925721524998e-13 -8.230527370756135497e-12 -7.491150959984284041e-01 -9.418927925721524998e-13 -8.230527370756135497e-12 -7.491150959984284041e-01
7.430000000000000000e+02 1.535831962046515946e+04 -9.312683094509922333e-13 -8.171463505846077169e-12 -7.412294621702714137e-01 -9.312683094509922333e-13 -8.171463505846077169e-12 -7.412294621702714137e-01
7.440000000000000000e+02 1.537899030636080533e+04 -9.240563243501420929e-13 -8.126721517953683360e-12 -7.341878906046218622e-01 -9.240563243501420929e-13 -8.126721517953683360e-12 -7.341878906046218622e-01
7.450000000000000000e+02 1.539966099225645121e+04 -9.143026259112191663e-13 -8.102296611411929916e-12 -7.281500882634600602e-01 -9.143026259112191663e-13 -8.102296611411929916e-12 -7.281500882634600602e-01
7.460000000000000000e+02 1.542033167815209708e+04 -9.088470021776038481e-13 -8.081091351641589426e-12 -7.232350503105855477e-01 -9.088470021776038481e-13 -8.081091351641589426e-12 -7.232350503105855477e-01
7.470000000000000000e+02 1.544100236404774296e+04 -9.078195781654075729e-13 -8.089862113536128163e-12 -7.195257268535968365e-01 -9.078195781654075729e-13 -8.089862113536128163e-12 -7.195257268535968365e-01
7.480000000000000000e+02 1.546167304994338883e+04 -9.025617575611266561e-13 -8.076761481845551316e-12 -7.170752836548286435e-01 -9.025617575611266561e-13 -8.076761481845551316e-12 -7.170752836548286435e-01
7.490000000000000000e+02 1.548234373583903471e+04 -9.023471836318454457e-13 -8.072653656654438237e-12 -7.159127758980688983e-01 -9.023471836318454457e-13 -8.072653656654438237e-12 -7.159127758980688983e-01
7.500000000000000000e+02 1.550301442173468058e+04 -9.003111527242386541e-13 -8.101630477597154822e-12 -7.160444710484245023e-01 -9.003111527242386541e-13 -8.101630477597154822e-12 -7.160444710484245023e-01
7.510000000000000000e+02 1.552368510763032646e+04 -9.027036618420895754e-13 -8.138711926619635051e-12 -7.174585831770288191e-01 -9.027036618420895754e-13 -8.138711926619635051e-12 -7.174585831770288191e-01
7.520000000000000000e+02 1.554435579352597233e+04 -9.100289388466994170e-13 -8.192113654104105080e-12 -7.201212598125065201e-01 -9.100289388466994170e-13 -8.192113654104105080e-12 -7.201212598125065201e-01
7.530000000000000000e+02 1.556502647942161821e+04 -9.145959322200607500e-13 -8.227751813194572605e-12 -7.239823393935972407e-01 -9.145959322200607500e-13 -8.227751813194572605e-12 -7.239823393935972407e-01
7.540000000000000000e+02 1.558569716531726408e+04 -9.204289122442292571e-13 -8.302691867356770672e-12 -7.289698908443222880e-01 -9.204289122442292571e-13 -8.302691867356770672e-12 -7.289698908443222880e-01
7.550000000000000000e+02 1.560636785121290995e+04 -9.233320689918780794e-13 -8.435363518799476878e-12 -7.349953615765919546e-01 -9.233320689918780794e-13 -8.435363518799476878e-12 -7.349953615765919546e-01
7.560000000000000000e+02 1.562703853710855583e+04 -9.325512374831179295e-13 -8.518408201041438588e-12 -7.419509861385256144e-01 -9.325512374831179295e-13 -8.518408201041438588e-12 -7.419509861385256144e-01
7.570000000000000000e+02 1.564770922300420170e+04 -9.419128869586054655e-13 -8.640199666842818260e-12 -7.497078571093076516e-01 -9.419128869586054655e-13 -8.640199666842818260e-12 -7.497078571093076516e-01
7.580000000000000000e+02 1.566837990889984758e+04 -9.539243350814342721e-13 -8.741118939781244990e-12 -7.581126148274491827e-01 -9.539243350814342721e-13 -8.741118939781244990e-12 -7.581126148274491827e-01
7.590000000000000000e+02 1.568905059479549345e+04 -9.655319596559952803e-13 -8.866352096958962647e-12 -7.669848449499190313e-01 -9.655319596559952803e-13 -8.866352096958962647e-12 -7.669848449499190313e-01
7.600000000000000000e+02 1.570972128069113933e+04 -9.730973877608592317e-13 -8.994249789395780681e-12 -7.761176677111084610e-01 -9.730973877608592317e-13 -8.994249789395780681e-12 -7.761176677111084610e-01
7.610000000000000000e+02 1.573039196658678520e+04 -9.855259094289794960e-13 -9.146794432979277190e-12 -7.852835245045604040e-01 -9.855259094289794960e-13 -9.146794432979277190e-12 -7.852835245045604040e-01
7.620000000000000000e+02 1.575106265248243108e+04 -9.939645430866164314e-13 -9.272027590156994847e-12 -7.942450383860393259e-01 -9.939645430866164314e-13 -9.272027590156994847e-12 -7.942450383860393259e-01
7.630000000000000000e+02 1.577173333837807695e+04 -1.002624017789705631e-12 -9.351741603325081087e-12 -8.027684501785635751e-01 -1.002624017789705631e-12 -9.351741603325081087e-12 -8.027684501785635751e-01
7.640000000000000000e+02 1.579240402427372283e+04 -1.010587009995318845e-12 -9.497624908760826656e-12 -8.106377689203154713e-01 -1.010587009995318845e-12 -9.497624908760826656e-12 -8.106377689203154713e-01
7.650000000000000000e+02 1.581307471016936870e+04 -1.022154288526944824e-12 -9.611755835692292749e-12 -8.176648147335221495e-01 -1.022154288526944824e-12 -9.611755835692292749e-12 -8.176648147335221495e-01
7.660000000000000000e+02 1.583374539606501457e+04 -1.030482552685189954e-12 -9.715894755402132432e-12 -8.236948676796356228e-01 -1.030482552685189954e-12 -9.715894755402132432e-12 -8.236948676796356228e-01
7.670000000000000000e+02 1.585441608196066045e+04 -1.029002357525577234e-12 -9.795719790872681187e-12 -8.286074699206418259e-01 -1.029002357525577234e-12 -9.795719790872681187e-12 -8.286074699206418259e-01
7.680000000000000000e+02 1.587508676785630632e+04 -1.035562072566324847e-12 -9.862444194652653096e-12 -8.323141142813694771e-01 -1.035562072566324847e-12 -9.862444194652653096e-12 -8.323141142813694771e-01
7.690000000000000000e+02 1.589575745375195220e+04 -1.034439477538470163e-12 -9.921063970352861361e-12 -8.347562050206189799e-01 -1.034439477538470163e-12 -9.921063970352861361e-12 -8.347562050206189799e-01
7.700000000000000000e+02 1.591642813964759807e+04 -1.033776300055101163e-12 -9.945155809987227258e-12 -8.358953974952771926e-01 -1.033776300055101163e-12 -9.945155809987227258e-12 -8.358953974952771926e-01
7.710000000000000000e+02 1.593709882554324395e+04 -1.037004398096485996e-12 -9.968914582714205608e-12 -8.357290970476398684e-01 -1.037004398096485996e-12 -9.968914582714205608e-12 -8.357290970476398684e-01
7.720000000000000000e+02 1.595776951143888982e+04 -1.028160015415145169e-12 -9.968137426596967998e-12 -8.342687045858094841e-01 -1.028160015415145169e-12 -9.968137426596967998e-12 -8.342687045858094841e-01
7.730000000000000000e+02 1.597844019733453570e+04 -1.023399497847273336e-12 -9.957257240955641464e-12 -8.315643687852457555e-01 -1.023399497847273336e-12 -9.957257240955641464e-12 -8.315643687852457555e-01
7.740000000000000000e+02 1.599911088323018157e+04 -1.018158302169682633e-12 -9.942047185518276819e-12 -8.276905207324645186e-01 -1.018158302169682633e-12 -9.942047185518276819e-12 -8.276905207324645186e-01
7.750000000000000000e+02 1.601978156912582745e+04 -1.009644559384653167e-12 -9.890976926385519619e-12 -8.227518966396880629e-01 -1.009644559384653167e-12 -9.890976926385519619e-12 -8.227518966396880629e-01
7.760000000000000000e+02 1.604045225502147332e+04 -9.983309925260144421e-13 -9.856337968017214735e-12 -8.168771662113503140e-01 -9.983309925260144421e-13 -9.856337968017214735e-12 -8.168771662113503140e-01
7.770000000000000000e+02 1.606112294091711919e+04 -9.933930451705207506e-13 -9.776068843336815917e-12 -8.102106853837043321e-01 -9.933930451705207506e-13 -9.776068843336815917e-12 -8.102106853837043321e-01
7.780000000000000000e+02 1.608179362681276507e+04 -9.823763917725922711e-13 -9.734768546820760093e-12 -8.028991723469205422e-01 -9.823763917725922711e-13 -9.734768546820760093e-12 -8.028991723469205422e-01
7.790000000000000000e+02 1.610246431270841094e+04 -9.681694924358549842e-13 -9.660272581868412090e-12 -7.950877252476785673e-01 -9.681694924358549842e-13 -9.660272581868412090e-12 -7.950877252476785673e-01
7.800000000000000000e+02 1.612313499860405682e+04 -9.592476522747695386e-13 -9.563794201028485986e-12 -7.869094133324818774e-01 -9.592476522747695386e-13 -9.563794201028485986e-12 -7.869094133324818774e-01
7.810000000000000000e+02 1.614380568449970269e+04 -9.482584108722658045e-13 -9.488188013051512826e-12 -7.784890535858565164e-01 -9.482584108722658045e-13 -9.488188013051512826e-12 -7.784890535858565164e-01
7.820000000000000000e+02 1.616447637039534857e+04 -9.360210432342014728e-13 -9.454548255405370583e-12 -7.699487480187247046e-01 -9.360210432342014728e-13 -9.454548255405370583e-12 -7.699487480187247046e-01
7.830000000000000000e+02 1.618514705629099444e+04 -9.284883049828019597e-13 -9.372502773885571514e-12 -7.614156887743892543e-01 -9.284883049828019597e-13 -9.372502773885571514e-12 -7.614156887743892543e-01
7.840000000000000000e+02 1.620581774218664032e+04 -9.161378120154358618e-13 -9.301226455704636464e-12 -7.530283972125773051e-01 -9.161378120154358618e-13 -9.301226455704636464e-12 -7.530283972125773051e-01
7.850000000000000000e+02 1.622648842808228619e+04 -9.048834651513150614e-13 -9.246603482893078763e-12 -7.449392060450931163e-01 -9.048834651513150614e-13 -9.246603482893078763e-12 -7.449392060450931163e-01
7.860000000000000000e+02 1.624715911397793207e+04 -8.953761949646547423e-13 -9.173217740965355915e-12 -7.373128165524726052e-01 -8.953761949646547423e-13 -9.173217740965355915e-12 -7.373128165524726052e-01
7.870000000000000000e+02 1.626782979987357794e+04 -8.892585421076110398e-13 -9.090950214840631816e-12 -7.303225075195238780e-01 -8.892585421076110398e-13 -9.090950214840631816e-12 -7.303225075195238780e-01
7.880000000000000000e+02 1.628850048576922381e+04 -8.794638866590503373e-13 -9.045653115435925429e-12 -7.241459511664510851e-01 -8.794638866590503373e-13 -9.045653115435925429e-12 -7.241459511664510851e-01
7.890000000000000000e+02 1.630917117166486969e+04 -8.730337557213442604e-13 -9.005018952734644699e-12 -7.189616327723664657e-01 -8.730337557213442604e-13 -9.005018952734644699e-12 -7.189616327723664657e-01
7.900000000000000000e+02 1.632984185756051556e+04 -8.655038647432036643e-13 -8.961054120959488500e-12 -7.149459205725026134e-01 -8.655038647432036643e-13 -8.961054120959488500e-12 -7.149459205725026134e-01
7.910000000000000000e+02 1.635051254345616144e+04 -8.637933985878708641e-13 -8.919975869048357708e-12 -7.122679418557931186e-01 -8.637933985878708641e-13 -8.919975869048357708e-12 -7.122679418557931186e-01
7.920000000000000000e+02 1.637118322935180731e+04 -8.578531804478008515e-13 -8.910761017943968909e-12 -7.110794490154932479e-01 -8.578531804478008515e-13 -8.910761017943968909e-12 -7.110794490154932479e-01
7.930000000000000000e+02 1.639185391524745501e+04 -8.614162466621097750e-13 -8.939848861189148010e-12 -7.115023587684315975e-01 -8.614162466621097750e-13 -8.939848861189148010e-12 -7.115023587684315975e-01
7.940000000000000000e+02 1.641252460114310088e+04 -8.620125226716385650e-13 -9.028222613949310471e-12 -7.136028853084517287e-01 -8.620125226716385650e-13 -9.028222613949310471e-12 -7.136028853084517287e-01
7.950000000000000000e+02 1.643319528703874676e+04 -8.678140329364272163e-13 -9.063194639225002902e-12 -7.173759858815170753e-01 -8.678140329364272163e-13 -9.063194639225002902e-12 -7.173759858815170753e-01
7.960000000000000000e+02 1.645386597293439263e+04 -8.763212433251649620e-13 -9.196532424482484203e-12 -7.227309816337943449e-01 -8.763212433251649620e-13 -9.196532424482484203e-12 -7.227309816337943449e-01
7.970000000000000000e+02 1.647453665883003850e+04 -8.774880452944330532e-13 -9.294454095254423009e-12 -7.294900361184615267e-01 -8.774880452944330532e-13 -9.294454095254423009e-12 -7.294900361184615267e-01
7.980000000000000000e+02 1.649520734472568438e+04 -8.895497635698242764e-13 -9.433787084844880155e-12 -7.374032210408836274e-01 -8.895497635698242764e-13 -9.433787084844880155e-12 -7.374032210408836274e-01
7.990000000000000000e+02 1.651587803062133025e+04 -8.980357326559718098e-13 -9.552469926177309389e-12 -7.461735560027817904e-01 -8.980357326559718098e-13 -9.552469926177309389e-12 -7.461735560027817904e-01
8.000000000000000000e+02 1.653654871651697613e+04 -9.092896751065361273e-13 -9.705458658970655961e-12 -7.554879508344058969e-01 -9.092896751065361273e-13 -9.705458658970655961e-12 -7.554879508344058969e-01
8.010000000000000000e+02 1.655721940241262200e+04 -9.184519008353238537e-13 -9.842238135604475247e-12 -7.650434529934541095e-01 -9.184519008353238537e-13 -9.842238135604475247e-12 -7.650434529934541095e-01
8.020000000000000000e+02 1.657789008830826788e+04 -9.309696804126396114e-13 -1.003341854044492720e-11 -7.745657911879936242e-01 -9.309696804126396114e-13 -1.003341854044492720e-11 -7.745657911879936242e-01
8.030000000000000000e+02 1.659856077420391375e+04 -9.419255748405638413e-13 -1.015842965301771983e-11 -7.838179261704155687e-01 -9.419255748405638413e-13 -1.015842965301771983e-11 -7.838179261704155687e-01
8.040000000000000000e+02 1.661923146009955963e+04 -9.502500166555881056e-13 -1.029054619294811346e-11 -7.926010680574175904e-01 -9.502500166555881056e-13 -1.029054619294811346e-11 -7.926010680574175904e-01
8.050000000000000000e+02 1.663990214599520550e+04 -9.571839294569755709e-13 -1.044953013007443587e-11 -8.007520005825763398e-01 -9.571839294569755709e-13 -1.044953013007443587e-11 -8.007520005825763398e-01
8.060000000000000000e+02 1.666057283189085138e+04 -9.689097109331224082e-13 -1.055733278576553857e-11 -8.081390413541951201e-01 -9.689097109331224082e-13 -1.055733278576553857e-11 -8.081390413541951201e-01
8.070000000000000000e+02 1.668124351778649725e+04 -9.783108814794497262e-13 -1.062883114855139866e-11 -8.146589486971953509e-01 -9.783108814794497262e-13 -1.062883114855139866e-11 -8.146589486971953509e-01
8.080000000000000000e+02 1.670191420368214312e+04 -9.790306488954801181e-13 -1.075484146184635392e-11 -8.202350385599941340e-01 -9.790306488954801181e-13 -1.075484146184635392e-11 -8.202350385599941340e-01
8.090000000000000000e+02 1.672258488957778900e+04 -9.873132750929685910e-13 -1.087507861541325838e-11 -8.248155193095448867e-01 -9.873132750929685910e-13 -1.087507861541325838e-11 -8.248155193095448867e-01
8.100000000000000000e+02 1.674325557547343487e+04 -9.877599014342041229e-13 -1.091648993423177672e-11 -8.283718733545128998e-01 -9.877599014342041229e-13 -1.091648993423177672e-11 -8.283718733545128998e-01
8.110000000000000000e+02 1.676392626136908075e+04 -9.890931555631785518e-13 -1.098077184735757328e-11 -8.308961598537684123e-01 -9.890931555631785518e-13 -1.098077184735757328e-11 -8.308961598537684123e-01
8.120000000000000000e+02 1.678459694726472662e+04 -9.916819561396006602e-13 -1.102840041511399249e-11 -8.323963726942386065e-01 -9.916819561396006602e-13 -1.102840041511399249e-11 -8.323963726942386065e-01
8.130000000000000000e+02 1.680526763316037250e+04 -9.919144504982540446e-13 -1.107647307208026177e-11 -8.328898569068756697e-01 -9.919144504982540446e-13 -1.107647307208026177e-11 -8.328898569068756697e-01
8.140000000000000000e+02 1.682593831905601837e+04 -9.902030603823757399e-13 -1.108313441022801271e-11 -8.323965313959936774e-01 -9.902030603823757399e-13 -1.108313441022801271e-11 -8.323965313959936774e-01
8.150000000000000000e+02 1.684660900495166425e+04 -9.923550230287498204e-13 -1.111066794123871659e-11 -8.309343992993799555e-01 -9.923550230287498204e-13 -1.111066794123871659e-11 -8.309343992993799555e-01
8.160000000000000000e+02 1.686727969084731012e+04 -9.827377938144894417e-13 -1.111388758801012955e-11 -8.285138810707535217e-01 -9.827377938144894417e-13 -1.111388758801012955e-11 -8.285138810707535217e-01
8.170000000000000000e+02 1.688795037674295600e+04 -9.806897084555357058e-13 -1.109745628724567723e-11 -8.251446927275470911e-01 -9.806897084555357058e-13 -1.109745628724567723e-11 -8.251446927275470911e-01
8.180000000000000000e+02 1.690862106263860187e+04 -9.725038188491596182e-13 -1.107269831379653624e-11 -8.208381913670202978e-01 -9.725038188491596182e-13 -1.107269831379653624e-11 -8.208381913670202978e-01
8.190000000000000000e+02 1.692929174853424774e+04 -9.648930025874254558e-13 -1.099131896609151227e-11 -8.156152026952557810e-01 -9.648930025874254558e-13 -1.099131896609151227e-11 -8.156152026952557810e-01
8.200000000000000000e+02 1.694996243442989362e+04 -9.543021355539086770e-13 -1.096289725666110826e-11 -8.095124356284637557e-01 -9.543021355539086770e-13 -1.096289725666110826e-11 -8.095124356284637557e-01
8.210000000000000000e+02 1.697063312032553949e+04 -9.470903092952841371e-13 -1.091238210904066364e-11 -8.025875451135618954e-01 -9.470903092952841371e-13 -1.091238210904066364e-11 -8.025875451135618954e-01
8.220000000000000000e+02 1.699130380622118537e+04 -9.357391464118170470e-13 -1.083100276133563966e-11 -7.949225155777284169e-01 -9.357391464118170470e-13 -1.083100276133563966e-11 -7.949225155777284169e-01
8.230000000000000000e+02 1.701197449211683124e+04 -9.255937101785927554e-13 -1.074118571864346450e-11 -7.866257227978777911e-01 -9.255937101785927554e-13 -1.074118571864346450e-11 -7.866257227978777911e-01
8.240000000000000000e+02 1.703264517801247712e+04 -9.152867620636852285e-13 -1.064881516299465147e-11 -7.778332682693990252e-01 -9.152867620636852285e-13 -1.064881516299465147e-11 -7.778332682693990252e-01
8.250000000000000000e+02 1.705331586390812299e+04 -9.019970481358320736e-13 -1.054500931019219934e-11 -7.687101795276272131e-01 -9.019970481358320736e-13 -1.054500931019219934e-11 -7.687101795276272131e-01
8.260000000000000000e+02 1.707398654980376887e+04 -8.884368228303096797e-13 -1.041089436881748043e-11 -7.594542110793779388e-01 -8.884368228303096797e-13 -1.041089436881748043e-11 -7.594542110793779388e-01
8.270000000000000000e+02 1.709465723569941474e+04 -8.804633697752562323e-13 -1.030042717786727735e-11 -7.502952367073270068e-01 -8.804633697752562323e-13 -1.030042717786727735e-11 -7.502952367073270068e-01
8.280000000000000000e+02 1.711532792159506062e+04 -8.653844887419481362e-13 -1.022848472587156721e-11 -7.414975145523864386e-01 -8.653844887419481362e-13 -1.022848472587156721e-11 -7.414975145523864386e-01
8.290000000000000000e+02 1.713599860749070649e+04 -8.524832667538359594e-13 -1.013999995080894223e-11 -7.333520664453353488e-01 -8.524832667538359594e-13 -1.013999995080894223e-11 -7.333520664453353488e-01
8.300000000000000000e+02 1.715666929338635236e+04 -8.418403585387364364e-13 -1.007594008228807070e-11 -7.261612316487833230e-01 -8.418403585387364364e-13 -1.007594008228807070e-11 -7.261612316487833230e-01
8.310000000000000000e+02 1.717733997928199824e+04 -8.358708030173220372e-13 -9.986345084200820565e-12 -7.202133487706166015e-01 -8.358708030173220372e-13 -9.986345084200820565e-12 -7.202133487706166015e-01
8.320000000000000000e+02 1.719801066517764411e+04 -8.259896434530758791e-13 -1.000732829936623602e-11 -7.157518822795350122e-01 -8.259896434530758791e-13 -1.000732829936623602e-11 -7.157518822795350122e-01
8.330000000000000000e+02 1.721868135107328999e+04 -8.187617669103774273e-13 -9.947709322943865118e-12 -7.129461498037659162e-01 -8.187617669103774273e-13 -9.947709322943865118e-12 -7.129461498037659162e-01
8.340000000000000000e+02 1.723935203696893586e+04 -8.142130906265441863e-13 -9.974465697837331390e-12 -7.118732602581615554e-01 -8.142130906265441863e-13 -9.974465697837331390e-12 -7.118732602581615554e-01
8.350000000000000000e+02 1.726002272286458174e+04 -8.151188622776221191e-13 -1.003519489728432745e-11 -7.125140661092450589e-01 -8.151188622776221191e-13 -1.003519489728432745e-11 -7.125140661092450589e-01
8.360000000000000000e+02 1.728069340876022761e+04 -8.102911137215216118e-13 -1.006827954341815712e-11 -7.147678216052870681e-01 -8.102911137215216118e-13 -1.006827954341815712e-11 -7.147678216052870681e-01
8.370000000000000000e+02 1.730136409465587349e+04 -8.145448078752794737e-13 -1.015365569401183166e-11 -7.184750031301340156e-01 -8.145448078752794737e-13 -1.015365569401183166e-11 -7.184750031301340156e-01
8.380000000000000000e+02 1.732203478055151936e+04 -8.197905213462733437e-13 -1.023781059927841852e-11 -7.234406289210864038e-01 -8.197905213462733437e-13 -1.023781059927841852e-11 -7.234406289210864038e-01
8.390000000000000000e+02 1.734270546644716524e+04 -8.217884537188378194e-13 -1.036704055934478674e-11 -7.294565302037939736e-01 -8.217884537188378194e-13 -1.036704055934478674e-11 -7.294565302037939736e-01
8.400000000000000000e+02 1.736337615234281111e+04 -8.270681690043665019e-13 -1.047228970207925158e-11 -7.363144113314167294e-01 -8.270681690043665019e-13 -1.047228970207925158e-11 -7.363144113314167294e-01
8.410000000000000000e+02 1.738404683823845698e+04 -8.362708943537698939e-13 -1.059696774774465666e-11 -7.438122525699155663e-01 -8.362708943537698939e-13 -1.059696774774465666e-11 -7.438122525699155663e-01
8.420000000000000000e+02 1.740471752413410286e+04 -8.397202197596101929e-13 -1.070943334013918502e-11 -7.517580901255270787e-01 -8.397202197596101929e-13 -1.070943334013918502e-11 -7.517580901255270787e-01
8.430000000000000000e+02 1.742538821002974873e+04 -8.472643176530567618e-13 -1.086764012114826983e-11 -7.599716018478425150e-01 -8.472643176530567618e-13 -1.086764012114826983e-11 -7.599716018478425150e-01
8.440000000000000000e+02 1.744605889592539461e+04 -8.527379572290265081e-13 -1.099254021141859994e-11 -7.682876709622850075e-01 -8.527379572290265081e-13 -1.099254021141859994e-11 -7.682876709622850075e-01
8.450000000000000000e+02 1.746672958182104048e+04 -8.616088675927031911e-13 -1.110389558078850314e-11 -7.765595188013764139e-01 -8.616088675927031911e-13 -1.110389558078850314e-11 -7.765595188013764139e-01
8.460000000000000000e+02 1.748740026771668636e+04 -8.695122305428012419e-13 -1.130162630147424352e-11 -7.846605166362853323e-01 -8.695122305428012419e-13 -1.130162630147424352e-11 -7.846605166362853323e-01
8.470000000000000000e+02 1.750807095361233223e+04 -8.757505194013230200e-13 -1.141964300899189766e-11 -7.924824774372498659e-01 -8.757505194013230200e-13 -1.141964300899189766e-11 -7.924824774372498659e-01
8.480000000000000000e+02 1.752874163950797811e+04 -8.846117207160000937e-13 -1.158217965979702058e-11 -7.999297261018496474e-01 -8.846117207160000937e-13 -1.158217965979702058e-11 -7.999297261018496474e-01
8.490000000000000000e+02 1.754941232540362398e+04 -8.929180834021152392e-13 -1.169253582844476114e-11 -8.069103280730492989e-01 -8.929180834021152392e-13 -1.169253582844476114e-11 -8.069103280730492989e-01
8.500000000000000000e+02 1.757008301129926986e+04 -8.950549274548320662e-13 -1.183997344611498193e-11 -8.133274509709802480e-01 -8.950549274548320662e-13 -1.183997344611498193e-11 -8.133274509709802480e-01
8.510000000000000000e+02 1.759075369719491573e+04 -8.986692171834031226e-13 -1.195632481909569833e-11 -8.190743305816405861e-01 -8.986692171834031226e-13 -1.195632481909569833e-11 -8.190743305816405861e-01
8.520000000000000000e+02 1.761142438309056161e+04 -9.073218250071966920e-13 -1.207201005826163964e-11 -8.240351527944630439e-01 -9.073218250071966920e-13 -1.207201005826163964e-11 -8.240351527944630439e-01
8.530000000000000000e+02 1.763209506898620748e+04 -9.075415755202474194e-13 -1.216260425707105242e-11 -8.280911052461272792e-01 -9.075415755202474194e-13 -1.216260425707105242e-11 -8.280911052461272792e-01
8.540000000000000000e+02 1.765276575488185335e+04 -9.150744478580022748e-13 -1.221700518527768509e-11 -8.311301909975814528e-01 -9.150744478580022748e-13 -1.221700518527768509e-11 -8.311301909975814528e-01
8.550000000000000000e+02 1.767343644077749923e+04 -9.121566373764355545e-13 -1.228961377108817032e-11 -8.330572852324453770e-01 -9.121566373764355545e-13 -1.228961377108817032e-11 -8.330572852324453770e-01
8.560000000000000000e+02 1.769410712667314510e+04 -9.122301029813759198e-13 -1.233235735753623885e-11 -8.338000627176895829e-01 -9.122301029813759198e-13 -1.233235735753623885e-11 -8.338000627176895829e-01
8.570000000000000000e+02 1.771477781256879098e+04 -9.125296820913949197e-13 -1.235711533098537984e-11 -8.333191976642373433e-01 -9.125296820913949197e-13 -1.235711533098537984e-11 -8.333191976642373433e-01
8.580000000000000000e+02 1.773544849846443685e+04 -9.095972832169077918e-13 -1.239730540447681051e-11 -8.315976587773882267e-01 -9.095972832169077918e-13 -1.239730540447681051e-11 -8.315976587773882267e-01
8.590000000000000000e+02 1.775611918436008273e+04 -9.059441480548246570e-13 -1.237843161305818285e-11 -8.286456935030367399e-01 -9.059441480548246570e-13 -1.237843161305818285e-11 -8.286456935030367399e-01
8.600000000000000000e+02 1.777678987025572860e+04 -9.001798498864632223e-13 -1.236000191084940525e-11 -8.245032940941474653e-01 -9.001798498864632223e-13 -1.236000191084940525e-11 -8.245032940941474653e-01
8.610000000000000000e+02 1.779746055615137448e+04 -8.902051932450049766e-13 -1.230571200494523509e-11 -8.192299926524564402e-01 -8.902051932450049766e-13 -1.230571200494523509e-11 -8.192299926524564402e-01
8.620000000000000000e+02 1.781813124204702035e+04 -8.859195938843488871e-13 -1.221389656080873465e-11 -8.129154939761343845e-01 -8.859195938843488871e-13 -1.221389656080873465e-11 -8.129154939761343845e-01
8.630000000000000000e+02 1.783880192794266623e+04 -8.746626996506948899e-13 -1.215560985201591393e-11 -8.056793585599444363e-01 -8.746626996506948899e-13 -1.215560985201591393e-11 -8.056793585599444363e-01
8.640000000000000000e+02 1.785947261383831210e+04 -8.666176864355838210e-13 -1.207578481654536517e-11 -7.976754205959610822e-01 -8.666176864355838210e-13 -1.207578481654536517e-11 -7.976754205959610822e-01
8.650000000000000000e+02 1.788014329973395797e+04 -8.581015790588042653e-13 -1.195155086008981016e-11 -7.890933868743083002e-01 -8.581015790588042653e-13 -1.195155086008981016e-11 -7.890933868743083002e-01
8.660000000000000000e+02 1.790081398562960385e+04 -8.447969138297308312e-13 -1.187727693974238719e-11 -7.801560716379396521e-01 -8.447969138297308312e-13 -1.187727693974238719e-11 -7.801560716379396521e-01
8.670000000000000000e+02 1.792148467152524972e+04 -8.339980679106465205e-13 -1.178701580784036196e-11 -7.711105201808468035e-01 -8.339980679106465205e-13 -1.178701580784036196e-11 -7.711105201808468035e-01
8.680000000000000000e+02 1.794215535742089560e+04 -8.196238184596835141e-13 -1.164468521608341689e-11 -7.622145163702647164e-01 -8.196238184596835141e-13 -1.164468521608341689e-11 -7.622145163702647164e-01
8.690000000000000000e+02 1.796282604331654147e+04 -8.093110288522468543e-13 -1.152267170567711219e-11 -7.537170397711916436e-01 -8.093110288522468543e-13 -1.152267170567711219e-11 -7.537170397711916436e-01
8.700000000000000000e+02 1.798349672921218735e+04 -8.021083652240527412e-13 -1.143807271120067526e-11 -7.458435562839431654e-01 -8.021083652240527412e-13 -1.143807271120067526e-11 -7.458435562839431654e-01
8.710000000000000000e+02 1.800416741510783322e+04 -7.871777455583509070e-13 -1.137268057505025354e-11 -7.387829886576063876e-01 -7.871777455583509070e-13 -1.137268057505025354e-11 -7.387829886576063876e-01
8.720000000000000000e+02 1.802483810100347910e+04 -7.802835486934488484e-13 -1.129751847628313044e-11 -7.326831522252190698e-01 -7.802835486934488484e-13 -1.129751847628313044e-11 -7.326831522252190698e-01
8.730000000000000000e+02 1.804550878689912497e+04 -7.726514356527073448e-13 -1.124011994591000985e-11 -7.276523857398375927e-01 -7.726514356527073448e-13 -1.124011994591000985e-11 -7.276523857398375927e-01
8.740000000000000000e+02 1.806617947279477085e+04 -7.629441238087096044e-13 -1.120747938898603024e-11 -7.237649513927885137e-01 -7.629441238087096044e-13 -1.120747938898603024e-11 -7.237649513927885137e-01
8.750000000000000000e+02 1.808685015869041672e+04 -7.594830362736886341e-13 -1.118716230763538988e-11 -7.210673532116943507e-01 -7.594830362736886341e-13 -1.118716230763538988e-11 -7.210673532116943507e-01
8.760000000000000000e+02 1.810752084458606259e+04 -7.506339143830583277e-13 -1.116273740109363644e-11 -7.195838574327917403e-01 -7.506339143830583277e-13 -1.116273740109363644e-11 -7.195838574327917403e-01
8.770000000000000000e+02 1.812819153048170847e+04 -7.492796215799983311e-13 -1.117028691766108750e-11 -7.193170546464060511e-01 -7.492796215799983311e-13 -1.117028691766108750e-11 -7.193170546464060511e-01
8.780000000000000000e+02 1.814886221637735434e+04 -7.464664809095662431e-13 -1.117861359034577617e-11 -7.202539398445579888e-01 -7.464664809095662431e-13 -1.117861359034577617e-11 -7.202539398445579888e-01
8.790000000000000000e+02 1.816953290227300022e+04 -7.433990556034116392e-13 -1.127542503809308982e-11 -7.223630018484383797e-01 -7.433990556034116392e-13 -1.127542503809308982e-11 -7.223630018484383797e-01
8.800000000000000000e+02 1.819020358816864609e+04 -7.439183171162221260e-13 -1.134181637496567419e-11 -7.255966300544437475e-01 -7.439183171162221260e-13 -1.134181637496567419e-11 -7.255966300544437475e-01
8.810000000000000000e+02 1.821087427406429197e+04 -7.410385408615984005e-13 -1.141575722840570961e-11 -7.298927615656638501e-01 -7.410385408615984005e-13 -1.141575722840570961e-11 -7.298927615656638501e-01
8.820000000000000000e+02 1.823154495995993784e+04 -7.412288032503017865e-13 -1.152011819272047433e-11 -7.351749452592832856e-01 -7.412288032503017865e-13 -1.152011819272047433e-11 -7.351749452592832856e-01
8.830000000000000000e+02 1.825221564585558372e+04 -7.503063582266615461e-13 -1.168287688813052227e-11 -7.413509252259385951e-01 -7.503063582266615461e-13 -1.168287688813052227e-11 -7.413509252259385951e-01
8.840000000000000000e+02 1.827288633175122959e+04 -7.516940448891025382e-13 -1.177813402364336071e-11 -7.483089623976539873e-01 -7.516940448891025382e-13 -1.177813402364336071e-11 -7.483089623976539873e-01
8.850000000000000000e+02 1.829355701764687547e+04 -7.508721659032904863e-13 -1.193301013557857004e-11 -7.559129266376075629e-01 -7.508721659032904863e-13 -1.193301013557857004e-11 -7.559129266376075629e-01
8.860000000000000000e+02 1.831422770354252134e+04 -7.617816875967807134e-13 -1.209410349645168026e-11 -7.639984475749153070e-01 -7.617816875967807134e-13 -1.209410349645168026e-11 -7.639984475749153070e-01
8.870000000000000000e+02 1.833489838943816721e+04 -7.699672504891511425e-13 -1.225874957100359097e-11 -7.723730056831552560e-01 -7.699672504891511425e-13 -1.225874957100359097e-11 -7.723730056831552560e-01
8.880000000000000000e+02 1.835556907533381309e+04 -7.684900097136127203e-13 -1.243993796862241652e-11 -7.808220358856191590e-01 -7.684900097136127203e-13 -1.243993796862241652e-11 -7.808220358856191590e-01
8.890000000000000000e+02 1.837623976122945896e+04 -7.801137489215395867e-13 -1.260724857843342761e-11 -7.891203931366259638e-01 -7.801137489215395867e-13 -1.260724857843342761e-11 -7.891203931366259638e-01
8.900000000000000000e+02 1.839691044712510484e+04 -7.891444264592218643e-13 -1.272282279529690641e-11 -7.970465089521645563e-01 -7.891444264592218643e-13 -1.272282279529690641e-11 -7.970465089521645563e-01
8.910000000000000000e+02 1.841758113302075071e+04 -7.914586688350115700e-13 -1.290356710370588189e-11 -8.043966369065730371e-01 -7.914586688350115700e-13 -1.290356710370588189e-11 -8.043966369065730371e-01
8.920000000000000000e+02 1.843825181891639659e+04 -7.972010382273333584e-13 -1.304700791848745212e-11 -8.109948027600437648e-01 -7.972010382273333584e-13 -1.304700791848745212e-11 -8.109948027600437648e-01
8.930000000000000000e+02 1.845892250481204246e+04 -8.030308495597070153e-13 -1.317068676343069455e-11 -8.166979549189484766e-01 -8.030308495597070153e-13 -1.317068676343069455e-11 -8.166979549189484766e-01
8.940000000000000000e+02 1.847959319070768834e+04 -8.066113679009723233e-13 -1.328293031122029788e-11 -8.213963933200632006e-01 -8.066113679009723233e-13 -1.328293031122029788e-11 -8.213963933200632006e-01
8.950000000000000000e+02 1.850026387660333421e+04 -8.118492172566253406e-13 -1.337840949133806134e-11 -8.250113475738736213e-01 -8.118492172566253406e-13 -1.337840949133806134e-11 -8.250113475738736213e-01
8.960000000000000000e+02 1.852093456249898009e+04 -8.099736956138628327e-13 -1.343403166487178169e-11 -8.274928278309463536e-01 -8.099736956138628327e-13 -1.343403166487178169e-11 -8.274928278309463536e-01
8.970000000000000000e+02 1.854160524839462596e+04 -8.128871791516770170e-13 -1.349109712833751473e-11 -8.288115400878113270e-01 -8.128871791516770170e-13 -1.349109712833751473e-11 -8.288115400878113270e-01
8.980000000000000000e+02 1.856227593429027183e+04 -8.122264153619411306e-13 -1.358613221924542813e-11 -8.289721704005614811e-01 -8.122264153619411306e-13 -1.358613221924542813e-11 -8.289721704005614811e-01
8.990000000000000000e+02 1.858294662018591771e+04 -8.112177584374863677e-13 -1.361288859413889440e-11 -8.279953756192610648e-01 -8.112177584374863677e-13 -1.361288859413889440e-11 -8.279953756192610648e-01
9.000000000000000000e+02 1.860361730608156358e+04 -8.114872981387061605e-13 -1.360378476533696812e-11 -8.259354954394765302e-01 -8.114872981387061605e-13 -1.360378476533696812e-11 -8.259354954394765302e-01
9.010000000000000000e+02 1.862428799197720946e+04 -8.087285890301289568e-13 -1.357913781419028965e-11 -8.228733101242380332e-01 -8.087285890301289568e-13 -1.357913781419028965e-11 -8.228733101242380332e-01
9.020000000000000000e+02 1.864495867787285533e+04 -8.066935459984347223e-13 -1.354072409753825923e-11 -8.189136093151736517e-01 -8.066935459984347223e-13 -1.354072409753825923e-11 -8.189136093151736517e-01
9.030000000000000000e+02 1.866562936376850121e+04 -7.989482653046186225e-13 -1.354416578891459721e-11 -8.141803559391158629e-01 -7.989482653046186225e-13 -1.354416578891459721e-11 -8.141803559391158629e-01
9.040000000000000000e+02 1.868630004966414708e+04 -7.940223350344868260e-13 -1.344580002893280835e-11 -8.088059557814253342e-01 -7.940223350344868260e-13 -1.344580002893280835e-11 -8.088059557814253342e-01
9.050000000000000000e+02 1.870697073555979296e+04 -7.858454103239027886e-13 -1.339117705612125064e-11 -8.029235757796568951e-01 -7.858454103239027886e-13 -1.339117705612125064e-11 -8.029235757796568951e-01
9.060000000000000000e+02 1.872764142145543883e+04 -7.787673943383352729e-13 -1.333133603509395471e-11 -7.966531623443323662e-01 -7.787673943383352729e-13 -1.333133603509395471e-11 -7.966531623443323662e-01
9.070000000000000000e+02 1.874831210735108471e+04 -7.705565234707239060e-13 -1.324662601831505526e-11 -7.901033517348409196e-01 -7.705565234707239060e-13 -1.324662601831505526e-11 -7.901033517348409196e-01
9.080000000000000000e+02 1.876898279324673058e+04 -7.579284793679285481e-13 -1.319211406780596008e-11 -7.833708643754707657e-01 -7.579284793679285481e-13 -1.319211406780596008e-11 -7.833708643754707657e-01
9.090000000000000000e+02 1.878965347914237645e+04 -7.519159652863994773e-13 -1.307320918186860581e-11 -7.765474180144142924e-01 -7.519159652863994773e-13 -1.307320918186860581e-11 -7.765474180144142924e-01
9.100000000000000000e+02 1.881032416503802233e+04 -7.462579644292745078e-13 -1.303901431271015099e-11 -7.697271694977235734e-01 -7.462579644292745078e-13 -1.303901431271015099e-11 -7.697271694977235734e-01
9.110000000000000000e+02 1.883099485093366820e+04 -7.384020438584704519e-13 -1.291788898072354641e-11 -7.630125368548821285e-01 -7.384020438584704519e-13 -1.291788898072354641e-11 -7.630125368548821285e-01
9.120000000000000000e+02 1.885166553682931408e+04 -7.292528882954464407e-13 -1.283495532078404722e-11 -7.565166807753814782e-01 -7.292528882954464407e-13 -1.283495532078404722e-11 -7.565166807753814782e-01
9.130000000000000000e+02 1.887233622272495995e+04 -7.209024678533954871e-13 -1.274569338960418463e-11 -7.503627285108910305e-01 -7.209024678533954871e-13 -1.274569338960418463e-11 -7.503627285108910305e-01
9.140000000000000000e+02 1.889300690862060583e+04 -7.103867862991558217e-13 -1.263633642167860671e-11 -7.446812011375500973e-01 -7.103867862991558217e-13 -1.263633642167860671e-11 -7.446812011375500973e-01
9.150000000000000000e+02 1.891367759451625170e+04 -7.061082403919860906e-13 -1.259226056760098800e-11 -7.396070963863959902e-01 -7.061082403919860906e-13 -1.259226056760098800e-11 -7.396070963863959902e-01
9.160000000000000000e+02 1.893434828041189758e+04 -6.920002603069636844e-13 -1.253608328255495508e-11 -7.352779303888549167e-01 -6.920002603069636844e-13 -1.253608328255495508e-11 -7.352779303888549167e-01
9.170000000000000000e+02 1.895501896630754345e+04 -6.894271222432212634e-13 -1.246602820970110770e-11 -7.318316514202504175e-01 -6.894271222432212634e-13 -1.246602820970110770e-11 -7.318316514202504175e-01
9.180000000000000000e+02 1.897568965220318933e+04 -6.846378532175578669e-13 -1.245670233629425638e-11 -7.294033468600154002e-01 -6.846378532175578669e-13 -1.245670233629425638e-11 -7.294033468600154002e-01
9.190000000000000000e+02 1.899636033809883520e+04 -6.788688768516567977e-13 -1.247180136942915851e-11 -7.281166097784170788e-01 -6.788688768516567977e-13 -1.247180136942915851e-11 -7.281166097784170788e-01
9.200000000000000000e+02 1.901703102399448107e+04 -6.697123908414204654e-13 -1.250755055082208855e-11 -7.280737218424128132e-01 -6.697123908414204654e-13 -1.250755055082208855e-11 -7.280737218424128132e-01
9.210000000000000000e+02 1.903770170989012695e+04 -6.678925235485841233e-13 -1.252020709330281534e-11 -7.293318100807180127e-01 -6.678925235485841233e-13 -1.252020709330281534e-11 -7.293318100807180127e-01
9.220000000000000000e+02 1.905837239578577282e+04 -6.700107396430435278e-13 -1.261635240723535389e-11 -7.318936009764848150e-01 -6.700107396430435278e-13 -1.261635240723535389e-11 -7.318936009764848150e-01
9.230000000000000000e+02 1.907904308168141870e+04 -6.673889560200971545e-13 -1.271027727511864214e-11 -7.356908476538783770e-01 -6.673889560200971545e-13 -1.271027727511864214e-11 -7.356908476538783770e-01
9.240000000000000000e+02 1.909971376757706457e+04 -6.703314829722706926e-13 -1.279776284945910447e-11 -7.405854592349009335e-01 -6.703314829722706926e-13 -1.279776284945910447e-11 -7.405854592349009335e-01
9.250000000000000000e+02 1.912038445347271045e+04 -6.708182057475109390e-13 -1.291988738216787169e-11 -7.463823755966854101e-01 -6.708182057475109390e-13 -1.291988738216787169e-11 -7.463823755966854101e-01
9.260000000000000000e+02 1.914105513936835632e+04 -6.751958066254374014e-13 -1.306377228615929198e-11 -7.528496898191162634e-01 -6.751958066254374014e-13 -1.306377228615929198e-11 -7.528496898191162634e-01
9.270000000000000000e+02 1.916172582526400220e+04 -6.783825653114859766e-13 -1.319488962536752297e-11 -7.597429890584912471e-01 -6.783825653114859766e-13 -1.319488962536752297e-11 -7.597429890584912471e-01
9.280000000000000000e+02 1.918239651115964807e+04 -6.845974827187711490e-13 -1.335520583012339557e-11 -7.668268257683411582e-01 -6.845974827187711490e-13 -1.335520583012339557e-11 -7.668268257683411582e-01
9.290000000000000000e+02 1.920306719705529395e+04 -6.877978600508760648e-13 -1.348143818802327587e-11 -7.738889406540822025e-01 -6.877978600508760648e-13 -1.348143818802327587e-11 -7.738889406540822025e-01
9.300000000000000000e+02 1.922373788295093982e+04 -6.949144439003132727e-13 -1.366318169715441400e-11 -7.807468017895589085e-01 -6.949144439003132727e-13 -1.366318169715441400e-11 -7.807468017895589085e-01
9.310000000000000000e+02 1.924440856884658569e+04 -6.972821666097443542e-13 -1.374422797795205042e-11 -7.872483566896018026e-01 -6.972821666097443542e-13 -1.374422797795205042e-11 -7.872483566896018026e-01
9.320000000000000000e+02 1.926507925474223157e+04 -7.040939299937963156e-13 -1.389810488916509712e-11 -7.932701790529110841e-01 -7.040939299937963156e-13 -1.389810488916509712e-11 -7.932701790529110841e-01
9.330000000000000000e+02 1.928574994063787744e+04 -7.053998275197372490e-13 -1.403177574132996597e-11 -7.987159105553685023e-01 -7.053998275197372490e-13 -1.403177574132996597e-11 -7.987159105553685023e-01
9.340000000000000000e+02 1.930642062653352332e+04 -7.077432077916287905e-13 -1.416478045968005972e-11 -8.035108970102291526e-01 -7.077432077916287905e-13 -1.416478045968005972e-11 -8.035108970102291526e-01
9.350000000000000000e+02 1.932709131242916919e+04 -7.111049850719309870e-13 -1.429234508520949021e-11 -8.076100423389029892e-01 -7.111049850719309870e-13 -1.429234508520949021e-11 -8.076100423389029892e-01
9.360000000000000000e+02 1.934776199832481507e+04 -7.162572393524047833e-13 -1.436684105016183821e-11 -8.109884475871939058e-01 -7.162572393524047833e-13 -1.436684105016183821e-11 -8.109884475871939058e-01
9.370000000000000000e+02 1.936843268422046094e+04 -7.170192013398064615e-13 -1.445787933818110105e-11 -8.136437393421458442e-01 -7.170192013398064615e-13 -1.445787933818110105e-11 -8.136437393421458442e-01
9.380000000000000000e+02 1.938910337011610682e+04 -7.178926885816103628e-13 -1.455857656651460275e-11 -8.155907034879631423e-01 -7.178926885816103628e-13 -1.455857656651460275e-11 -8.155907034879631423e-01
9.390000000000000000e+02 1.940977405601175269e+04 -7.223293738955166347e-13 -1.462174825661577415e-11 -8.168541196930317883e-01 -7.223293738955166347e-13 -1.462174825661577415e-11 -8.168541196930317883e-01
9.400000000000000000e+02 1.943044474190739857e+04 -7.172780078415260022e-13 -1.468647425895142078e-11 -8.174597290279745909e-01 -7.172780078415260022e-13 -1.468647425895142078e-11 -8.174597290279745909e-01
9.410000000000000000e+02 1.945111542780304444e+04 -7.214236471875823392e-13 -1.474054212025066590e-11 -8.174277625873759279e-01 -7.214236471875823392e-13 -1.474054212025066590e-11 -8.174277625873759279e-01
9.420000000000000000e+02 1.947178611369869031e+04 -7.198420818952195380e-13 -1.479705247220408637e-11 -8.167653914238075519e-01 -7.198420818952195380e-13 -1.479705247220408637e-11 -8.167653914238075519e-01
9.430000000000000000e+02 1.949245679959433619e+04 -7.202472557777022027e-13 -1.480970901468481316e-11 -8.154682872010632355e-01 -7.202472557777022027e-13 -1.480970901468481316e-11 -8.154682872010632355e-01
9.440000000000000000e+02 1.951312748548998206e+04 -7.182517217622275534e-13 -1.485078726659594395e-11 -8.135275204378216163e-01 -7.182517217622275534e-13 -1.485078726659594395e-11 -8.135275204378216163e-01
9.450000000000000000e+02 1.953379817138562794e+04 -7.131391172184133247e-13 -1.480682243482078775e-11 -8.109344072899198341e-01 -7.131391172184133247e-13 -1.480682243482078775e-11 -8.109344072899198341e-01
9.460000000000000000e+02 1.955446885728127381e+04 -7.188555427369910019e-13 -1.480437994416661240e-11 -8.076905512739862569e-01 -7.188555427369910019e-13 -1.480437994416661240e-11 -8.076905512739862569e-01
9.470000000000000000e+02 1.957513954317691969e+04 -7.147536513250311039e-13 -1.476219146923085646e-11 -8.038140149790824474e-01 -7.147536513250311039e-13 -1.476219146923085646e-11 -8.038140149790824474e-01
9.480000000000000000e+02 1.959581022907256556e+04 -7.067287361746973587e-13 -1.470912280865377397e-11 -7.993430645865116091e-01 -7.067287361746973587e-13 -1.470912280865377397e-11 -7.993430645865116091e-01
9.490000000000000000e+02 1.961648091496821144e+04 -7.005498419277340245e-13 -1.466071708478011715e-11 -7.943365966568518566e-01 -7.005498419277340245e-13 -1.466071708478011715e-11 -7.943365966568518566e-01
9.500000000000000000e+02 1.963715160086385731e+04 -6.906451834417462344e-13 -1.457112208669286701e-11 -7.888785003001866913e-01 -6.906451834417462344e-13 -1.457112208669286701e-11 -7.888785003001866913e-01
9.510000000000000000e+02 1.965782228675950319e+04 -6.844431786162943693e-13 -1.452538089807831057e-11 -7.830685344380764468e-01 -6.844431786162943693e-13 -1.452538089807831057e-11 -7.830685344380764468e-01
9.520000000000000000e+02 1.967849297265514906e+04 -6.825195911697112266e-13 -1.443467567696643528e-11 -7.770318215253388949e-01 -6.825195911697112266e-13 -1.443467567696643528e-11 -7.770318215253388949e-01
9.530000000000000000e+02 1.969916365855079493e+04 -6.766068843800485084e-13 -1.432254315147929447e-11 -7.709152999795304551e-01 -6.766068843800485084e-13 -1.432254315147929447e-11 -7.709152999795304551e-01
9.540000000000000000e+02 1.971983434444644081e+04 -6.612408150514363599e-13 -1.423150486346003163e-11 -7.648899410462497439e-01 -6.612408150514363599e-13 -1.423150486346003163e-11 -7.648899410462497439e-01
9.550000000000000000e+02 1.974050503034208668e+04 -6.573062020390163464e-13 -1.413813510708905596e-11 -7.591479401585252695e-01 -6.573062020390163464e-13 -1.413813510708905596e-11 -7.591479401585252695e-01
9.560000000000000000e+02 1.976117571623773256e+04 -6.514589816019614636e-13 -1.407918226448146015e-11 -7.538945359182062100e-01 -6.514589816019614636e-13 -1.407918226448146015e-11 -7.538945359182062100e-01
9.570000000000000000e+02 1.978184640213337843e+04 -6.398013123332731349e-13 -1.401356808372611340e-11 -7.493326707276084520e-01 -6.398013123332731349e-13 -1.401356808372611340e-11 -7.493326707276084520e-01
9.580000000000000000e+02 1.980251708802902431e+04 -6.357278185409445509e-13 -1.397881810305534600e-11 -7.456420353953314706e-01 -6.357278185409445509e-13 -1.397881810305534600e-11 -7.456420353953314706e-01
9.590000000000000000e+02 1.982318777392467018e+04 -6.257052693583506093e-13 -1.396516235985245658e-11 -7.429564047649978020e-01 -6.257052693583506093e-13 -1.396516235985245658e-11 -7.429564047649978020e-01
9.600000000000000000e+02 1.984385845982031606e+04 -6.222337520115227171e-13 -1.392252979570685056e-11 -7.413513805401278356e-01 -6.222337520115227171e-13 -1.392252979570685056e-11 -7.413513805401278356e-01
9.610000000000000000e+02 1.986452914571596193e+04 -6.191304151980049107e-13 -1.395472626342098010e-11 -7.408283992470886536e-01 -6.191304151980049107e-13 -1.395472626342098010e-11 -7.408283992470886536e-01
9.620000000000000000e+02 1.988519983161160781e+04 -6.133074937106498571e-13 -1.397648663470363317e-11 -7.413328214173298125e-01 -6.133074937106498571e-13 -1.397648663470363317e-11 -7.413328214173298125e-01
9.630000000000000000e+02 1.990587051750725368e+04 -6.116532136701188302e-13 -1.400479732183157466e-11 -7.427617681126873483e-01 -6.116532136701188302e-13 -1.400479732183157466e-11 -7.427617681126873483e-01
9.640000000000000000e+02 1.992654120340289955e+04 -6.093802295230285403e-13 -1.406930127956229626e-11 -7.449865204435179855e-01 -6.093802295230285403e-13 -1.406930127956229626e-11 -7.449865204435179855e-01
9.650000000000000000e+02 1.994721188929854543e+04 -6.060287922840044248e-13 -1.414224293228016904e-11 -7.478690272365926539e-01 -6.060287922840044248e-13 -1.414224293228016904e-11 -7.478690272365926539e-01
9.660000000000000000e+02 1.996788257519419130e+04 -6.011919106009412200e-13 -1.420052964107298976e-11 -7.512746319787576565e-01 -6.011919106009412200e-13 -1.420052964107298976e-11 -7.512746319787576565e-01
9.670000000000000000e+02 1.998855326108983718e+04 -6.036895190467063640e-13 -1.426658791103818658e-11 -7.550783502475096887e-01 -6.036895190467063640e-13 -1.426658791103818658e-11 -7.550783502475096887e-01
9.680000000000000000e+02 2.000922394698548305e+04 -6.035066309509624898e-13 -1.438860142144449128e-11 -7.591670975237704289e-01 -6.035066309509624898e-13 -1.438860142144449128e-11 -7.591670975237704289e-01
9.690000000000000000e+02 2.002989463288112893e+04 -6.076530441424875888e-13 -1.451250231099265875e-11 -7.634407459952011754e-01 -6.076530441424875888e-13 -1.451250231099265875e-11 -7.634407459952011754e-01
9.700000000000000000e+02 2.005056531877677480e+04 -6.038329785960271203e-13 -1.460198628677744637e-11 -7.678119634762394785e-01 -6.038329785960271203e-13 -1.460198628677744637e-11 -7.678119634762394785e-01
9.710000000000000000e+02 2.007123600467242068e+04 -6.077500424807425797e-13 -1.471456290147443724e-11 -7.722101816012005848e-01 -6.077500424807425797e-13 -1.471456290147443724e-11 -7.722101816012005848e-01
9.720000000000000000e+02 2.009190669056806655e+04 -6.071272804623971370e-13 -1.479882882904348662e-11 -7.765801037441008026e-01 -6.071272804623971370e-13 -1.479882882904348662e-11 -7.765801037441008026e-01
9.730000000000000000e+02 2.011257737646371243e+04 -6.087170046146347916e-13 -1.493971613086841899e-11 -7.808822796449313985e-01 -6.087170046146347916e-13 -1.493971613086841899e-11 -7.808822796449313985e-01
9.740000000000000000e+02 2.013324806235935830e+04 -6.114019739672479699e-13 -1.506295088660181136e-11 -7.850884280067622623e-01 -6.114019739672479699e-13 -1.506295088660181136e-11 -7.850884280067622623e-01
9.750000000000000000e+02 2.015391874825500418e+04 -6.094045477395306726e-13 -1.518296599556379078e-11 -7.891733762991516299e-01 -6.094045477395306726e-13 -1.518296599556379078e-11 -7.891733762991516299e-01
9.760000000000000000e+02 2.017458943415065005e+04 -6.129775769916545131e-13 -1.531319515635232165e-11 -7.931049913293427567e-01 -6.129775769916545131e-13 -1.531319515635232165e-11 -7.931049913293427567e-01
9.770000000000000000e+02 2.019526012004629592e+04 -6.138341561566228974e-13 -1.542888039551826296e-11 -7.968363643612976777e-01 -6.138341561566228974e-13 -1.542888039551826296e-11 -7.968363643612976777e-01
9.780000000000000000e+02 2.021593080594194180e+04 -6.180194243260916507e-13 -1.549982364679181046e-11 -8.002955830834420636e-01 -6.180194243260916507e-13 -1.549982364679181046e-11 -8.002955830834420636e-01
9.790000000000000000e+02 2.023660149183758767e+04 -6.188052539311229003e-13 -1.565647611556642005e-11 -8.033992376334796459e-01 -6.188052539311229003e-13 -1.565647611556642005e-11 -8.033992376334796459e-01
9.800000000000000000e+02 2.025727217773323355e+04 -6.177762241686156912e-13 -1.575894970073932200e-11 -8.060490660236374616e-01 -6.177762241686156912e-13 -1.575894970073932200e-11 -8.060490660236374616e-01
9.810000000000000000e+02 2.027794286362887942e+04 -6.215933249602225088e-13 -1.582933784050055692e-11 -8.081488703333484791e-01 -6.215933249602225088e-13 -1.582933784050055692e-11 -8.081488703333484791e-01
9.820000000000000000e+02 2.029861354952452530e+04 -6.239207830460690959e-13 -1.588484899173181475e-11 -8.096150380740204655e-01 -6.239207830460690959e-13 -1.588484899173181475e-11 -8.096150380740204655e-01
9.830000000000000000e+02 2.031928423542017117e+04 -6.212179046230676635e-13 -1.599842480715096826e-11 -8.103822411607448650e-01 -6.212179046230676635e-13 -1.599842480715096826e-11 -8.103822411607448650e-01
9.840000000000000000e+02 2.033995492131581705e+04 -6.217302654786565522e-13 -1.603606136768576107e-11 -8.104136006389732749e-01 -6.217302654786565522e-13 -1.603606136768576107e-11 -8.104136006389732749e-01
9.850000000000000000e+02 2.036062560721146292e+04 -6.230095878185529409e-13 -1.605882093969057678e-11 -8.096954631219070997e-01 -6.230095878185529409e-13 -1.605882093969057678e-11 -8.096954631219070997e-01
9.860000000000000000e+02 2.038129629310710880e+04 -6.224572537483513592e-13 -1.607813882031905450e-11 -8.082339612882989410e-01 -6.224572537483513592e-13 -1.607813882031905450e-11 -8.082339612882989410e-01
9.870000000000000000e+02 2.040196697900275467e+04 -6.218940259921956623e-13 -1.607602939657226671e-11 -8.060634268357902421e-01 -6.218940259921956623e-13 -1.607602939657226671e-11 -8.060634268357902421e-01
9.880000000000000000e+02 2.042263766489840054e+04 -6.174727963255217433e-13 -1.606703659007280294e-11 -8.032363288883299646e-01 -6.174727963255217433e-13 -1.606703659007280294e-11 -8.032363288883299646e-01
9.890000000000000000e+02 2.044330835079404642e+04 -6.152060133743168628e-13 -1.603206456479711051e-11 -7.998300643523449382e-01 -6.152060133743168628e-13 -1.603206456479711051e-11 -7.998300643523449382e-01
9.900000000000000000e+02 2.046397903668969229e+04 -6.080879543344390466e-13 -1.601097032732923253e-11 -7.959467725585978037e-01 -6.080879543344390466e-13 -1.601097032732923253e-11 -7.959467725585978037e-01
9.910000000000000000e+02 2.048464972258533817e+04 -6.067143813438638469e-13 -1.596534016101713860e-11 -7.917138197614493889e-01 -6.067143813438638469e-13 -1.596534016101713860e-11 -7.917138197614493889e-01
9.920000000000000000e+02 2.050532040848098404e+04 -6.036831873438942272e-13 -1.588840170541061525e-11 -7.872803460713917456e-01 -6.036831873438942272e-13 -1.588840170541061525e-11 -7.872803460713917456e-01
9.930000000000000000e+02 2.052599109437662992e+04 -5.947613161177096818e-13 -1.583122521964241969e-11 -7.828085777071018825e-01 -5.947613161177096818e-13 -1.583122521964241969e-11 -7.828085777071018825e-01
9.940000000000000000e+02 2.054666178027227579e+04 -5.914351995512070679e-13 -1.577560304610869935e-11 -7.784601231562475743e-01 -5.914351995512070679e-13 -1.577560304610869935e-11 -7.784601231562475743e-01
9.950000000000000000e+02 2.056733246616792167e+04 -5.859356125673042665e-13 -1.572597607690795485e-11 -7.743798382615728615e-01 -5.859356125673042665e-13 -1.572597607690795485e-11 -7.743798382615728615e-01
9.960000000000000000e+02 2.058800315206356754e+04 -5.754058567455774152e-13 -1.569788743438493839e-11 -7.706811766216088433e-01 -5.754058567455774152e-13 -1.569788743438493839e-11 -7.706811766216088433e-01
9.970000000000000000e+02 2.060867383795921342e+04 -5.710089847064372227e-13 -1.562749929462370346e-11 -7.674390455923227883e-01 -5.710089847064372227e-13 -1.562749929462370346e-11 -7.674390455923227883e-01
9.980000000000000000e+02 2.062934452385485929e+04 -5.688225708771434756e-13 -1.559585793842188650e-11 -7.646869044509665425e-01 -5.688225708771434756e-13 -1.559585793842188650e-11 -7.646869044509665425e-01
9.990000000000000000e+02 2.065001520975050516e+04 -5.621300290800232997e-13 -1.554800732606054225e-11 -7.624270622303737088e-01 -5.621300290800232997e-13 -1.554800732606054225e-11 -7.624270622303737088e-01
1.000000000000000000e+03 2.067068589564615104e+04 -5.585685987441993867e-13 -1.551991868353752579e-11 -7.606403501979682735e-01 -5.585685987441993867e-13 -1.551991868353752579e-11 -7.606403501979682735e-01
1.001000000000000000e+03 2.069135658154179691e+04 -5.540547742188502687e-13 -1.551048178782821196e-11 -7.592981928441064898e-01 -5.540547742188502687e-13 -1.551048178782821196e-11 -7.592981928441064898e-01
1.002000000000000000e+03 2.071202726743744279e+04 -5.446754586507855635e-13 -1.549171901871204682e-11 -7.583692246324248432e-01 -5.446754586507855635e-13 -1.549171901871204682e-11 -7.583692246324248432e-01
1.003000000000000000e+03 2.073269795333308866e+04 -5.364986446153001998e-13 -1.550981565401343687e-11 -7.578270060839999989e-01 -5.364986446153001998e-13 -1.550981565401343687e-11 -7.578270060839999989e-01
1.004000000000000000e+03 2.075336863922873454e+04 -5.344893011359634167e-13 -1.550737316335926153e-11 -7.576492216268395641e-01 -5.344893011359634167e-13 -1.550737316335926153e-11 -7.576492216268395641e-01
1.005000000000000000e+03 2.077403932512438041e+04 -5.298508789143324659e-13 -1.550548578421739876e-11 -7.578187878882041151e-01 -5.298508789143324659e-13 -1.550548578421739876e-11 -7.578187878882041151e-01
1.006000000000000000e+03 2.079471001102002629e+04 -5.219481299734229690e-13 -1.554012474258570364e-11 -7.583245327840608674e-01 -5.219481299734229690e-13 -1.554012474258570364e-11 -7.583245327840608674e-01
1.007000000000000000e+03 2.081538069691567216e+04 -5.232253048252362235e-13 -1.556099693544865659e-11 -7.591624389443977217e-01 -5.232253048252362235e-13 -1.556099693544865659e-11 -7.591624389443977217e-01
1.008000000000000000e+03 2.083605138281131804e+04 -5.187111725087890650e-13 -1.564470775150539339e-11 -7.603367783668029123e-01 -5.187111725087890650e-13 -1.564470775150539339e-11 -7.603367783668029123e-01
1.009000000000000000e+03 2.085672206870696391e+04 -5.148246431741119263e-13 -1.564837148748665641e-11 -7.618597374927170707e-01 -5.148246431741119263e-13 -1.564837148748665641e-11 -7.618597374927170707e-01
1.010000000000000000e+03 2.087739275460260978e+04 -5.106926318727593852e-13 -1.576339059283782262e-11 -7.637455352432140909e-01 -5.106926318727593852e-13 -1.576339059283782262e-11 -7.637455352432140909e-01
1.011000000000000000e+03 2.089806344049825566e+04 -5.041333341040731057e-13 -1.580380271093417832e-11 -7.660036962718218545e-01 -5.041333341040731057e-13 -1.580380271093417832e-11 -7.660036962718218545e-01
1.012000000000000000e+03 2.091873412639390153e+04 -5.082318469004900292e-13 -1.587929787660868897e-11 -7.686269382276935680e-01 -5.082318469004900292e-13 -1.587929787660868897e-11 -7.686269382276935680e-01
1.013000000000000000e+03 2.093940481228954741e+04 -5.121624977598296468e-13 -1.595601428761028728e-11 -7.715812981113996383e-01 -5.121624977598296468e-13 -1.595601428761028728e-11 -7.715812981113996383e-01
1.014000000000000000e+03 2.096007549818519328e+04 -5.058311346679027414e-13 -1.607025623684421589e-11 -7.747980119997721626e-01 -5.058311346679027414e-13 -1.607025623684421589e-11 -7.747980119997721626e-01
1.015000000000000000e+03 2.098074618408083916e+04 -5.081756338520420842e-13 -1.620736878038542272e-11 -7.781790867011330048e-01 -5.081756338520420842e-13 -1.620736878038542272e-11 -7.781790867011330048e-01
1.016000000000000000e+03 2.100141686997648503e+04 -5.071839323714528551e-13 -1.628175372303530821e-11 -7.816024676737480803e-01 -5.071839323714528551e-13 -1.628175372303530821e-11 -7.816024676737480803e-01
1.017000000000000000e+03 2.102208755587213091e+04 -5.075610314822607441e-13 -1.638300606288112249e-11 -7.849372584011932164e-01 -5.075610314822607441e-13 -1.638300606288112249e-11 -7.849372584011932164e-01
1.018000000000000000e+03 2.104275824176777678e+04 -5.038816507288202478e-13 -1.650957148768839033e-11 -7.880578425212567684e-01 -5.038816507288202478e-13 -1.650957148768839033e-11 -7.880578425212567684e-01
1.019000000000000000e+03 2.106342892766342266e+04 -5.101544269873962687e-13 -1.653932546474834453e-11 -7.908551035521084183e-01 -5.101544269873962687e-13 -1.653932546474834453e-11 -7.908551035521084183e-01
1.020000000000000000e+03 2.108409961355906853e+04 -5.074574906251139049e-13 -1.667199711619105074e-11 -7.932427966398759578e-01 -5.074574906251139049e-13 -1.667199711619105074e-11 -7.932427966398759578e-01
1.021000000000000000e+03 2.110477029945471440e+04 -5.052575532387360326e-13 -1.673983174299564780e-11 -7.951593787159020321e-01 -5.052575532387360326e-13 -1.673983174299564780e-11 -7.951593787159020321e-01
1.022000000000000000e+03 2.112544098535036028e+04 -5.113090486995893047e-13 -1.684841155480398811e-11 -7.965679602330819620e-01 -5.113090486995893047e-13 -1.684841155480398811e-11 -7.965679602330819620e-01
1.023000000000000000e+03 2.114611167124600615e+04 -5.102117612079833758e-13 -1.690525497366479613e-11 -7.974496637503778462e-01 -5.102117612079833758e-13 -1.690525497366479613e-11 -7.974496637503778462e-01
1.024000000000000000e+03 2.116678235714165203e+04 -5.073143644601032952e-13 -1.698274854078363205e-11 -7.978133186432307955e-01 -5.073143644601032952e-13 -1.698274854078363205e-11 -7.978133186432307955e-01
1.025000000000000000e+03 2.118745304303729790e+04 -5.041249963138551252e-13 -1.703925889273705252e-11 -7.976837657199894460e-01 -5.041249963138551252e-13 -1.703925889273705252e-11 -7.976837657199894460e-01
1.026000000000000000e+03 2.120812372893294378e+04 -5.045846246773277693e-13 -1.706756957986499401e-11 -7.971083572998481914e-01 -5.045846246773277693e-13 -1.706756957986499401e-11 -7.971083572998481914e-01
1.027000000000000000e+03 2.122879441482858965e+04 -5.027476128448299975e-13 -1.713262864910802818e-11 -7.961566725164160863e-01 -5.027476128448299975e-13 -1.713262864910802818e-11 -7.961566725164160863e-01
1.028000000000000000e+03 2.124946510072423553e+04 -5.034533467215017072e-13 -1.713762465271884139e-11 -7.949157921462532972e-01 -5.034533467215017072e-13 -1.713762465271884139e-11 -7.949157921462532972e-01
1.029000000000000000e+03 2.127013578661988140e+04 -5.029459204467456077e-13 -1.719324682625256173e-11 -7.934836630075701169e-01 -5.029459204467456077e-13 -1.719324682625256173e-11 -7.934836630075701169e-01
1.030000000000000000e+03 2.129080647251552728e+04 -4.967671638708766655e-13 -1.716715658517387055e-11 -7.919550724283882515e-01 -4.967671638708766655e-13 -1.716715658517387055e-11 -7.919550724283882515e-01
1.031000000000000000e+03 2.131147715841117315e+04 -4.974826101751235756e-13 -1.721012221622686411e-11 -7.904112746565913339e-01 -4.974826101751235756e-13 -1.721012221622686411e-11 -7.904112746565913339e-01
1.032000000000000000e+03 2.133214784430681902e+04 -4.912578459019796684e-13 -1.718258868521616023e-11 -7.889117187014830224e-01 -4.912578459019796684e-13 -1.718258868521616023e-11 -7.889117187014830224e-01
1.033000000000000000e+03 2.135281853020246490e+04 -4.871148816101609435e-13 -1.722655351699131643e-11 -7.874813261650631668e-01 -4.871148816101609435e-13 -1.722655351699131643e-11 -7.874813261650631668e-01
1.034000000000000000e+03 2.137348921609811077e+04 -4.855269230238963078e-13 -1.721489617523275228e-11 -7.861210304686445660e-01 -4.855269230238963078e-13 -1.721489617523275228e-11 -7.861210304686445660e-01
1.035000000000000000e+03 2.139415990199375665e+04 -4.768330432907916108e-13 -1.720512621261605091e-11 -7.848105993264034019e-01 -4.768330432907916108e-13 -1.720512621261605091e-11 -7.848105993264034019e-01
1.036000000000000000e+03 2.141483058788940252e+04 -4.772969124765927988e-13 -1.722888498534302926e-11 -7.835208231851168437e-01 -4.772969124765927988e-13 -1.722888498534302926e-11 -7.835208231851168437e-01
1.037000000000000000e+03 2.143550127378504840e+04 -4.748430449616398273e-13 -1.720534825722097594e-11 -7.822238395250733500e-01 -4.748430449616398273e-13 -1.720534825722097594e-11 -7.822238395250733500e-01
1.038000000000000000e+03 2.145617195968069427e+04 -4.676138036201866835e-13 -1.718780673343189846e-11 -7.808983012769293852e-01 -4.676138036201866835e-13 -1.718780673343189846e-11 -7.808983012769293852e-01
1.039000000000000000e+03 2.147684264557634015e+04 -4.607634504273475558e-13 -1.719391296006733683e-11 -7.795369096752535754e-01 -4.607634504273475558e-13 -1.719391296006733683e-11 -7.795369096752535754e-01
1.040000000000000000e+03 2.149751333147198602e+04 -4.584720143177525342e-13 -1.713751363041637887e-11 -7.781406314203456187e-01 -4.584720143177525342e-13 -1.713751363041637887e-11 -7.781406314203456187e-01
1.041000000000000000e+03 2.151818401736763190e+04 -4.585478489743520516e-13 -1.714439701316905484e-11 -7.767255313797891692e-01 -4.585478489743520516e-13 -1.714439701316905484e-11 -7.767255313797891692e-01
1.042000000000000000e+03 2.153885470326327777e+04 -4.503371837052413576e-13 -1.716038422472365710e-11 -7.753165000617507907e-01 -4.503371837052413576e-13 -1.716038422472365710e-11 -7.753165000617507907e-01
1.043000000000000000e+03 2.155952538915892364e+04 -4.455246184643536373e-13 -1.711741859367066354e-11 -7.739501470007862372e-01 -4.455246184643536373e-13 -1.711741859367066354e-11 -7.739501470007862372e-01
1.044000000000000000e+03 2.158019607505456952e+04 -4.390119684233419029e-13 -1.716515818372954527e-11 -7.726790288644381777e-01 -4.390119684233419029e-13 -1.716515818372954527e-11 -7.726790288644381777e-01
1.045000000000000000e+03 2.160086676095021539e+04 -4.316274141145830165e-13 -1.711419894689925059e-11 -7.715642384833890643e-01 -4.316274141145830165e-13 -1.711419894689925059e-11 -7.715642384833890643e-01
1.046000000000000000e+03 2.162153744684586127e+04 -4.305576498032966034e-13 -1.707201047196349464e-11 -7.706762547513479333e-01 -4.305576498032966034e-13 -1.707201047196349464e-11 -7.706762547513479333e-01
1.047000000000000000e+03 2.164220813274150714e+04 -4.250558057271992455e-13 -1.710598329651702443e-11 -7.700849007614304353e-01 -4.250558057271992455e-13 -1.710598329651702443e-11 -7.700849007614304353e-01
1.048000000000000000e+03 2.166287881863715302e+04 -4.190518373502037375e-13 -1.705591223810642987e-11 -7.698469572441857256e-01 -4.190518373502037375e-13 -1.705591223810642987e-11 -7.698469572441857256e-01
1.049000000000000000e+03 2.168354950453279889e+04 -4.143639176946248778e-13 -1.710276364974561147e-11 -7.699929600532021690e-01 -4.143639176946248778e-13 -1.710276364974561147e-11 -7.699929600532021690e-01
1.050000000000000000e+03 2.170422019042844477e+04 -4.109354947858998165e-13 -1.713951203186070416e-11 -7.705186840630580125e-01 -4.109354947858998165e-13 -1.713951203186070416e-11 -7.705186840630580125e-01
1.051000000000000000e+03 2.172489087632409064e+04 -4.024475368712469694e-13 -1.712885389082430265e-11 -7.713799593823231771e-01 -4.024475368712469694e-13 -1.712885389082430265e-11 -7.713799593823231771e-01
1.052000000000000000e+03 2.174556156221973652e+04 -4.001548941128607331e-13 -1.718580833198757318e-11 -7.725015030586115383e-01 -4.001548941128607331e-13 -1.718580833198757318e-11 -7.725015030586115383e-01
1.053000000000000000e+03 2.176623224811538239e+04 -3.923378810636017466e-13 -1.724831388827396950e-11 -7.737874952672972872e-01 -3.923378810636017466e-13 -1.724831388827396950e-11 -7.737874952672972872e-01
1.054000000000000000e+03 2.178690293401102826e+04 -3.911417103691981572e-13 -1.728250875743242432e-11 -7.751365372681287003e-01 -3.911417103691981572e-13 -1.728250875743242432e-11 -7.751365372681287003e-01
1.055000000000000000e+03 2.180757361990667414e+04 -3.901740942113966230e-13 -1.732747278992974316e-11 -7.764546365694228180e-01 -3.901740942113966230e-13 -1.732747278992974316e-11 -7.764546365694228180e-01
1.056000000000000000e+03 2.182824430580232001e+04 -3.877097119168380786e-13 -1.741273791822095518e-11 -7.776638260486616883e-01 -3.877097119168380786e-13 -1.741273791822095518e-11 -7.776638260486616883e-01
1.057000000000000000e+03 2.184891499169796589e+04 -3.817787061455905361e-13 -1.744382416291045956e-11 -7.787060123109172949e-01 -3.817787061455905361e-13 -1.744382416291045956e-11 -7.787060123109172949e-01
1.058000000000000000e+03 2.186958567759361176e+04 -3.811422933049065938e-13 -1.749367317671612909e-11 -7.795432032711157033e-01 -3.811422933049065938e-13 -1.749367317671612909e-11 -7.795432032711157033e-01
1.059000000000000000e+03 2.189025636348925764e+04 -3.769618657166468134e-13 -1.754230094519471095e-11 -7.801566083043867117e-01 -3.769618657166468134e-13 -1.754230094519471095e-11 -7.801566083043867117e-01
1.060000000000000000e+03 2.191092704938490351e+04 -3.742974418742399955e-13 -1.759825618563581884e-11 -7.805487813404365927e-01 -3.742974418742399955e-13 -1.759825618563581884e-11 -7.805487813404365927e-01
1.061000000000000000e+03 2.193159773528054939e+04 -3.710753866915539712e-13 -1.764310919583067516e-11 -7.807380196576148013e-01 -3.710753866915539712e-13 -1.764310919583067516e-11 -7.807380196576148013e-01
1.062000000000000000e+03 2.195226842117619526e+04 -3.681108934302418278e-13 -1.773658997450411334e-11 -7.807632296633068014e-01 -3.681108934302418278e-13 -1.773658997450411334e-11 -7.807632296633068014e-01
1.063000000000000000e+03 2.197293910707184114e+04 -3.640590453895277310e-13 -1.773703406371396341e-11 -7.806822795184752417e-01 -3.640590453895277310e-13 -1.773703406371396341e-11 -7.806822795184752417e-01
1.064000000000000000e+03 2.199360979296748701e+04 -3.638753254245128747e-13 -1.782884950785046385e-11 -7.805676746341490002e-01 -3.638753254245128747e-13 -1.782884950785046385e-11 -7.805676746341490002e-01
1.065000000000000000e+03 2.201428047886313288e+04 -3.552410390547915824e-13 -1.789601800084028582e-11 -7.804982335906032187e-01 -3.552410390547915824e-13 -1.789601800084028582e-11 -7.804982335906032187e-01
1.066000000000000000e+03 2.203495116475877876e+04 -3.571769993972807674e-13 -1.792488379948053989e-11 -7.805469975490696433e-01 -3.571769993972807674e-13 -1.792488379948053989e-11 -7.805469975490696433e-01
1.067000000000000000e+03 2.205562185065442463e+04 -3.560904984098448695e-13 -1.801392368605547745e-11 -7.807679352941176987e-01 -3.560904984098448695e-13 -1.801392368605547745e-11 -7.807679352941176987e-01
1.068000000000000000e+03 2.207629253655007051e+04 -3.514877375946334771e-13 -1.805355864803459554e-11 -7.811863622382717587e-01 -3.514877375946334771e-13 -1.805355864803459554e-11 -7.811863622382717587e-01
1.069000000000000000e+03 2.209696322244571638e+04 -3.457705523632909208e-13 -1.813815764251103246e-11 -7.817917402888816536e-01 -3.457705523632909208e-13 -1.813815764251103246e-11 -7.817917402888816536e-01
1.070000000000000000e+03 2.211763390834136226e+04 -3.483136171386053410e-13 -1.817934691672462577e-11 -7.825450104393937290e-01 -3.483136171386053410e-13 -1.817934691672462577e-11 -7.825450104393937290e-01
1.071000000000000000e+03 2.213830459423700813e+04 -3.479510622352183491e-13 -1.825528617160898648e-11 -7.833857288384857842e-01 -3.479510622352183491e-13 -1.825528617160898648e-11 -7.833857288384857842e-01
1.072000000000000000e+03 2.215897528013265401e+04 -3.384439367032903411e-13 -1.831024221132793173e-11 -7.842452363623463318e-01 -3.384439367032903411e-13 -1.831024221132793173e-11 -7.842452363623463318e-01
1.073000000000000000e+03 2.217964596602829988e+04 -3.407573795100624945e-13 -1.834754570495533699e-11 -7.850580675174843037e-01 -3.407573795100624945e-13 -1.834754570495533699e-11 -7.850580675174843037e-01
1.074000000000000000e+03 2.220031665192394576e+04 -3.381139167440362251e-13 -1.846578445707791616e-11 -7.857697040439829417e-01 -3.381139167440362251e-13 -1.846578445707791616e-11 -7.857697040439829417e-01
1.075000000000000000e+03 2.222098733781959163e+04 -3.382141108144514616e-13 -1.850475328524225915e-11 -7.863400974961407552e-01 -3.382141108144514616e-13 -1.850475328524225915e-11 -7.863400974961407552e-01
1.076000000000000000e+03 2.224165802371523750e+04 -3.261409442610602949e-13 -1.854583153715338995e-11 -7.867440512262218189e-01 -3.261409442610602949e-13 -1.854583153715338995e-11 -7.867440512262218189e-01
1.077000000000000000e+03 2.226232870961088338e+04 -3.266422877403198154e-13 -1.859856713082308488e-11 -7.869696361757656522e-01 -3.266422877403198154e-13 -1.859856713082308488e-11 -7.869696361757656522e-01
1.078000000000000000e+03 2.228299939550652925e+04 -3.228230894853386820e-13 -1.863209586616676461e-11 -7.870204918965563179e-01 -3.228230894853386820e-13 -1.863209586616676461e-11 -7.870204918965563179e-01
1.079000000000000000e+03 2.230367008140217513e+04 -3.153969796213142140e-13 -1.866140575401686874e-11 -7.869115174414709202e-01 -3.153969796213142140e-13 -1.866140575401686874e-11 -7.869115174414709202e-01
1.080000000000000000e+03 2.232434076729782100e+04 -3.168040015342345567e-13 -1.865962939717746849e-11 -7.866732971041462408e-01 -3.168040015342345567e-13 -1.865962939717746849e-11 -7.866732971041462408e-01
1.081000000000000000e+03 2.234501145319346688e+04 -3.083139369972435991e-13 -1.869926435915658658e-11 -7.863506027990228020e-01 -3.083139369972435991e-13 -1.869926435915658658e-11 -7.863506027990228020e-01
1.082000000000000000e+03 2.236568213908911275e+04 -3.054092869914535608e-13 -1.868583066055862218e-11 -7.859993374087650420e-01 -3.054092869914535608e-13 -1.868583066055862218e-11 -7.859993374087650420e-01
1.083000000000000000e+03 2.238635282498475863e+04 -2.970181310097918920e-13 -1.869704391310733627e-11 -7.856793927598013649e-01 -2.970181310097918920e-13 -1.869704391310733627e-11 -7.856793927598013649e-01
1.084000000000000000e+03 2.240702351088040450e+04 -2.942705990890670073e-13 -1.868283305839213426e-11 -7.854438907715535212e-01 -2.942705990890670073e-13 -1.868283305839213426e-11 -7.854438907715535212e-01
1.085000000000000000e+03 2.242769419677605038e+04 -2.874781840983571231e-13 -1.871647281603827651e-11 -7.853271775876652372e-01 -2.874781840983571231e-13 -1.871647281603827651e-11 -7.853271775876652372e-01
1.086000000000000000e+03 2.244836488267169625e+04 -2.835178689395469118e-13 -1.870026355987874922e-11 -7.853352710172819551e-01 -2.835178689395469118e-13 -1.870026355987874922e-11 -7.853352710172819551e-01
1.087000000000000000e+03 2.246903556856734212e+04 -2.781160212985898693e-13 -1.867783705478132106e-11 -7.854420918645477201e-01 -2.781160212985898693e-13 -1.867783705478132106e-11 -7.854420918645477201e-01
1.088000000000000000e+03 2.248970625446298800e+04 -2.710580819353604977e-13 -1.872502153332789021e-11 -7.855932716584697051e-01 -2.710580819353604977e-13 -1.872502153332789021e-11 -7.855932716584697051e-01
1.089000000000000000e+03 2.251037694035863387e+04 -2.670518498074482828e-13 -1.871702792755058908e-11 -7.857159651513883070e-01 -2.670518498074482828e-13 -1.871702792755058908e-11 -7.857159651513883070e-01
1.090000000000000000e+03 2.253104762625427975e+04 -2.602706927522213199e-13 -1.870281707283538708e-11 -7.857316752671392734e-01 -2.602706927522213199e-13 -1.870281707283538708e-11 -7.857316752671392734e-01
1.091000000000000000e+03 2.255171831214992562e+04 -2.543505427017789286e-13 -1.873901034343816718e-11 -7.855681662896656370e-01 -2.543505427017789286e-13 -1.873901034343816718e-11 -7.855681662896656370e-01
1.092000000000000000e+03 2.257238899804557150e+04 -2.521225647871731800e-13 -1.876065969241835774e-11 -7.851678846424321456e-01 -2.521225647871731800e-13 -1.876065969241835774e-11 -7.851678846424321456e-01
1.093000000000000000e+03 2.259305968394121737e+04 -2.443522121244183286e-13 -1.870192889441568695e-11 -7.844921353563951705e-01 -2.443522121244183286e-13 -1.870192889441568695e-11 -7.844921353563951705e-01
1.094000000000000000e+03 2.261373036983686325e+04 -2.395060558525756642e-13 -1.872113575274170216e-11 -7.835214790523428174e-01 -2.395060558525756642e-13 -1.872113575274170216e-11 -7.835214790523428174e-01
1.095000000000000000e+03 2.263440105573250912e+04 -2.313525490408154946e-13 -1.872635380095744040e-11 -7.822558659723890528e-01 -2.313525490408154946e-13 -1.872635380095744040e-11 -7.822558659723890528e-01
1.096000000000000000e+03 2.265507174162815500e+04 -2.306215068289290310e-13 -1.870559263039694997e-11 -7.807183282514591482e-01 -2.306215068289290310e-13 -1.870559263039694997e-11 -7.807183282514591482e-01
1.097000000000000000e+03 2.267574242752380087e+04 -2.210315050806414448e-13 -1.867916932241087125e-11 -7.789463603946280568e-01 -2.210315050806414448e-13 -1.867916932241087125e-11 -7.789463603946280568e-01
1.098000000000000000e+03 2.269641311341944674e+04 -2.187936408599856351e-13 -1.865263499212233000e-11 -7.770023263343986963e-01 -2.187936408599856351e-13 -1.865263499212233000e-11 -7.770023263343986963e-01
1.099000000000000000e+03 2.271708379931509262e+04 -2.109680026907715951e-13 -1.866506948999813176e-11 -7.749692670012677809e-01 -2.109680026907715951e-13 -1.866506948999813176e-11 -7.749692670012677809e-01
1.100000000000000000e+03 2.273775448521073849e+04 -2.103225342704713159e-13 -1.865219090291247994e-11 -7.729486306150821218e-01 -2.103225342704713159e-13 -1.865219090291247994e-11 -7.729486306150821218e-01
1.101000000000000000e+03 2.275842517110638437e+04 -2.006807887693611155e-13 -1.864020049424652825e-11 -7.710524413772676944e-01 -2.006807887693611155e-13 -1.864020049424652825e-11 -7.710524413772676944e-01
1.102000000000000000e+03 2.277909585700203024e+04 -1.992333996431039724e-13 -1.868194487997243414e-11 -7.693907732138589584e-01 -1.992333996431039724e-13 -1.868194487997243414e-11 -7.693907732138589584e-01
1.103000000000000000e+03 2.279976654289767612e+04 -1.926532318911389275e-13 -1.866184984322671880e-11 -7.680559894821975542e-01 -1.926532318911389275e-13 -1.866184984322671880e-11 -7.680559894821975542e-01
1.104000000000000000e+03 2.282043722879332199e+04 -1.854377274352168606e-13 -1.866806709216461968e-11 -7.671139064784131545e-01 -1.854377274352168606e-13 -1.866806709216461968e-11 -7.671139064784131545e-01
1.105000000000000000e+03 2.284110791468896787e+04 -1.779609020509606999e-13 -1.871969246280968946e-11 -7.665872612761529536e-01 -1.779609020509606999e-13 -1.871969246280968946e-11 -7.665872612761529536e-01
1.106000000000000000e+03 2.286177860058461374e+04 -1.795638081727640373e-13 -1.877842326081236024e-11 -7.664655776626929651e-01 -1.795638081727640373e-13 -1.877842326081236024e-11 -7.664655776626929651e-01
1.107000000000000000e+03 2.288244928648025962e+04 -1.742641938645628025e-13 -1.881772515588409078e-11 -7.667099050432937268e-01 -1.742641938645628025e-13 -1.881772515588409078e-11 -7.667099050432937268e-01
1.108000000000000000e+03 2.290311997237590549e+04 -1.707611967638249422e-13 -1.889155498702166369e-11 -7.672646166686372116e-01 -1.707611967638249422e-13 -1.889155498702166369e-11 -7.672646166686372116e-01
1.109000000000000000e+03 2.292379065827155137e+04 -1.654097368812346200e-13 -1.894506773680859624e-11 -7.680705871253661332e-01 -1.654097368812346200e-13 -1.894506773680859624e-11 -7.680705871253661332e-01
1.110000000000000000e+03 2.294446134416719724e+04 -1.637089241112498682e-13 -1.899647106284874098e-11 -7.690743071654144725e-01 -1.637089241112498682e-13 -1.899647106284874098e-11 -7.690743071654144725e-01
1.111000000000000000e+03 2.296513203006284311e+04 -1.567037803284427349e-13 -1.911548697108855777e-11 -7.702324540600813396e-01 -1.567037803284427349e-13 -1.911548697108855777e-11 -7.702324540600813396e-01
1.112000000000000000e+03 2.298580271595848899e+04 -1.566970921346326539e-13 -1.920219538931178249e-11 -7.715113783282728788e-01 -1.566970921346326539e-13 -1.920219538931178249e-11 -7.715113783282728788e-01
1.113000000000000000e+03 2.300647340185413486e+04 -1.506809431014636009e-13 -1.931776960617526129e-11 -7.728919442220416602e-01 -1.506809431014636009e-13 -1.931776960617526129e-11 -7.728919442220416602e-01
1.114000000000000000e+03 2.302714408774978074e+04 -1.447981269569724861e-13 -1.937172644517204390e-11 -7.743600969673692935e-01 -1.447981269569724861e-13 -1.937172644517204390e-11 -7.743600969673692935e-01
1.115000000000000000e+03 2.304781477364542661e+04 -1.403333791760843286e-13 -1.948297079223948458e-11 -7.759149912031748642e-01 -1.403333791760843286e-13 -1.948297079223948458e-11 -7.759149912031748642e-01
1.116000000000000000e+03 2.306848545954107249e+04 -1.381582466032253131e-13 -1.957756179393754792e-11 -7.775620058875883922e-01 -1.381582466032253131e-13 -1.957756179393754792e-11 -7.775620058875883922e-01
1.117000000000000000e+03 2.308915614543671836e+04 -1.350135672369328633e-13 -1.965150264737758334e-11 -7.793177314737400607e-01 -1.350135672369328633e-13 -1.965150264737758334e-11 -7.793177314737400607e-01
1.118000000000000000e+03 2.310982683133236424e+04 -1.299003229132109929e-13 -1.973987640013774580e-11 -7.812039945456177303e-01 -1.299003229132109929e-13 -1.973987640013774580e-11 -7.812039945456177303e-01
1.119000000000000000e+03 2.313049751722801011e+04 -1.280935574937104247e-13 -1.980793307154726790e-11 -7.832413194359056918e-01 -1.280935574937104247e-13 -1.980793307154726790e-11 -7.832413194359056918e-01
1.120000000000000000e+03 2.315116820312365599e+04 -1.234696052417480699e-13 -1.991395937039897035e-11 -7.854388469798273542e-01 -1.234696052417480699e-13 -1.991395937039897035e-11 -7.854388469798273542e-01
1.121000000000000000e+03 2.317183888901930186e+04 -1.151832110612790217e-13 -1.998801124614146829e-11 -7.877836801523645516e-01 -1.151832110612790217e-13 -1.998801124614146829e-11 -7.877836801523645516e-01
1.122000000000000000e+03 2.319250957491494773e+04 -1.140772277496847401e-13 -2.007760624422871842e-11 -7.902338630886838189e-01 -1.140772277496847401e-13 -2.007760624422871842e-11 -7.902338630886838189e-01
1.123000000000000000e+03 2.321318026081059361e+04 -1.123571938670282181e-13 -2.012945365947871323e-11 -7.927127746110725903e-01 -1.123571938670282181e-13 -2.012945365947871323e-11 -7.927127746110725903e-01
1.124000000000000000e+03 2.323385094670623948e+04 -1.065726636557057542e-13 -2.020450473594337382e-11 -7.951230607509582882e-01 -1.065726636557057542e-13 -2.020450473594337382e-11 -7.951230607509582882e-01
1.125000000000000000e+03 2.325452163260188536e+04 -1.027676480050259852e-13 -2.026079304329186925e-11 -7.973495045685148330e-01 -1.027676480050259852e-13 -2.026079304329186925e-11 -7.973495045685148330e-01
1.126000000000000000e+03 2.327519231849753123e+04 -9.699657259737043811e-14 -2.033240242838019185e-11 -7.992766326904917618e-01 -9.699657259737043811e-14 -2.033240242838019185e-11 -7.992766326904917618e-01
1.127000000000000000e+03 2.329586300439317711e+04 -9.272133668592583542e-14 -2.038880175803114980e-11 -8.008005582161067393e-01 -9.272133668592583542e-14 -2.038880175803114980e-11 -8.008005582161067393e-01
1.128000000000000000e+03 2.331653369028882298e+04 -8.980814976857738223e-14 -2.039091118177793760e-11 -8.018332374094351289e-01 -8.980814976857738223e-14 -2.039091118177793760e-11 -8.018332374094351289e-01
1.129000000000000000e+03 2.333720437618446886e+04 -8.482682506572040630e-14 -2.042666036317086764e-11 -8.023124398521460643e-01 -8.482682506572040630e-14 -2.042666036317086764e-11 -8.023124398521460643e-01
1.130000000000000000e+03 2.335787506208011473e+04 -8.085123826582577429e-14 -2.045608127332343429e-11 -8.021976882236200312e-01 -8.085123826582577429e-14 -2.045608127332343429e-11 -8.021976882236200312e-01
1.131000000000000000e+03 2.337854574797576061e+04 -7.557524612549050567e-14 -2.043532010276294386e-11 -8.014687315416744173e-01 -7.557524612549050567e-14 -2.043532010276294386e-11 -8.014687315416744173e-01
1.132000000000000000e+03 2.339921643387140648e+04 -7.120056537679266635e-14 -2.039868274295031370e-11 -8.001294068944418969e-01 -7.120056537679266635e-14 -2.039868274295031370e-11 -8.001294068944418969e-01
1.133000000000000000e+03 2.341988711976705235e+04 -6.953280002800903866e-14 -2.036548707451402151e-11 -7.982023056381030157e-01 -6.953280002800903866e-14 -2.036548707451402151e-11 -7.982023056381030157e-01
1.134000000000000000e+03 2.344055780566269823e+04 -6.118773898335008634e-14 -2.032585211253490343e-11 -7.957362724750258742e-01 -6.118773898335008634e-14 -2.032585211253490343e-11 -7.957362724750258742e-01
1.135000000000000000e+03 2.346122849155834410e+04 -6.124845279930468402e-14 -2.026423473466820724e-11 -7.928047179127373223e-01 -6.124845279930468402e-14 -2.026423473466820724e-11 -7.928047179127373223e-01
1.136000000000000000e+03 2.348189917745398998e+04 -5.203773886128700922e-14 -2.017508382579080717e-11 -7.895052172963377135e-01 -5.203773886128700922e-14 -2.017508382579080717e-11 -7.895052172963377135e-01
1.137000000000000000e+03 2.350256986334963585e+04 -4.894721085937784383e-14 -2.013578193071907663e-11 -7.859543152487755702e-01 -4.894721085937784383e-14 -2.013578193071907663e-11 -7.859543152487755702e-01
1.138000000000000000e+03 2.352324054924528173e+04 -4.254531369487630465e-14 -2.004152399592840084e-11 -7.822776009397217623e-01 -4.254531369487630465e-14 -2.004152399592840084e-11 -7.822776009397217623e-01
1.139000000000000000e+03 2.354391123514092760e+04 -3.863068070931952926e-14 -1.998223808641341748e-11 -7.785964668780511744e-01 -3.863068070931952926e-14 -1.998223808641341748e-11 -7.785964668780511744e-01
1.140000000000000000e+03 2.356458192103657348e+04 -3.995430193743158374e-14 -1.990219100633794369e-11 -7.750143796736613799e-01 -3.995430193743158374e-14 -1.990219100633794369e-11 -7.750143796736613799e-01
1.141000000000000000e+03 2.358525260693221935e+04 -3.097218341160476011e-14 -1.985100972490272397e-11 -7.716110214662359468e-01 -3.097218341160476011e-14 -1.985100972490272397e-11 -7.716110214662359468e-01
1.142000000000000000e+03 2.360592329282786523e+04 -2.517611326399891479e-14 -1.977151775633956277e-11 -7.684327790206418873e-01 -2.517611326399891479e-14 -1.977151775633956277e-11 -7.684327790206418873e-01
1.143000000000000000e+03 2.362659397872351110e+04 -2.321112595497850481e-14 -1.974975738505690970e-11 -7.655050907835886376e-01 -2.321112595497850481e-14 -1.974975738505690970e-11 -7.655050907835886376e-01
1.144000000000000000e+03 2.364726466461915697e+04 -1.869469086791925306e-14 -1.972721985765701902e-11 -7.628382279100422991e-01 -1.869469086791925306e-14 -1.972721985765701902e-11 -7.628382279100422991e-01
1.145000000000000000e+03 2.366793535051480285e+04 -1.321523350675357955e-14 -1.971145469070734180e-11 -7.604386009782270195e-01 -1.321523350675357955e-14 -1.971145469070734180e-11 -7.604386009782270195e-01
1.146000000000000000e+03 2.368860603641044872e+04 -7.945700885770004323e-15 -1.970601459788667853e-11 -7.583170952100478646e-01 -7.945700885770004323e-15 -1.970601459788667853e-11 -7.583170952100478646e-01
1.147000000000000000e+03 2.370927672230609460e+04 -3.367505908129836520e-15 -1.970124063888079036e-11 -7.564934850952491630e-01 -3.367505908129836520e-15 -1.970124063888079036e-11 -7.564934850952491630e-01
1.148000000000000000e+03 2.372994740820174047e+04 2.657113054792884315e-15 -1.972755292456440657e-11 -7.549975731269762402e-01 2.657113054792884315e-15 -1.972755292456440657e-11 -7.549975731269762402e-01
1.149000000000000000e+03 2.375061809409738635e+04 5.001850483157828078e-15 -1.977484842541343824e-11 -7.538661746482870907e-01 5.001850483157828078e-15 -1.977484842541343824e-11 -7.538661746482870907e-01
1.150000000000000000e+03 2.377128877999303222e+04 9.152497819022442699e-15 -1.978428532112275207e-11 -7.531449724888855668e-01 9.152497819022442699e-15 -1.978428532112275207e-11 -7.531449724888855668e-01
1.151000000000000000e+03 2.379195946588867810e+04 1.396776636849200012e-14 -1.980393626865861734e-11 -7.528855941631468207e-01 1.396776636849200012e-14 -1.980393626865861734e-11 -7.528855941631468207e-01
1.152000000000000000e+03 2.381263015178432397e+04 1.924942834877529383e-14 -1.993250009491021046e-11 -7.531423624185759058e-01 1.924942834877529383e-14 -1.993250009491021046e-11 -7.531423624185759058e-01
1.153000000000000000e+03 2.383330083767996985e+04 2.283307836240353627e-14 -1.996769416479082793e-11 -7.539741638084059838e-01 2.283307836240353627e-14 -1.996769416479082793e-11 -7.539741638084059838e-01
1.154000000000000000e+03 2.385397152357561572e+04 2.529710144880830229e-14 -2.006250721109381630e-11 -7.554374842507701748e-01 2.529710144880830229e-14 -2.006250721109381630e-11 -7.554374842507701748e-01
1.155000000000000000e+03 2.387464220947126159e+04 2.623623205009907341e-14 -2.020639211508523658e-11 -7.575778685385136102e-01 2.623623205009907341e-14 -2.020639211508523658e-11 -7.575778685385136102e-01
1.156000000000000000e+03 2.389531289536690747e+04 3.589057217212564739e-14 -2.026179224401403189e-11 -7.604136063055323413e-01 3.589057217212564739e-14 -2.026179224401403189e-11 -7.604136063055323413e-01
1.157000000000000000e+03 2.391598358126255334e+04 4.496713899866297604e-14 -2.038658131198189949e-11 -7.639267567667192838e-01 4.496713899866297604e-14 -2.038658131198189949e-11 -7.639267567667192838e-01
1.158000000000000000e+03 2.393665426715819922e+04 4.835353776499093758e-14 -2.056088632684804907e-11 -7.680513753550953782e-01 4.835353776499093758e-14 -2.056088632684804907e-11 -7.680513753550953782e-01
1.159000000000000000e+03 2.395732495305384509e+04 5.013215454039068524e-14 -2.067646054371152786e-11 -7.726736965270949442e-01 5.013215454039068524e-14 -2.067646054371152786e-11 -7.726736965270949442e-01
1.160000000000000000e+03 2.397799563894949097e+04 5.600245111546150185e-14 -2.087308104137264309e-11 -7.776402153217757407e-01 5.600245111546150185e-14 -2.087308104137264309e-11 -7.776402153217757407e-01
1.161000000000000000e+03 2.399866632484513684e+04 5.898351447296492882e-14 -2.106692598147219542e-11 -7.827734391805269976e-01 5.898351447296492882e-14 -2.106692598147219542e-11 -7.827734391805269976e-01
1.162000000000000000e+03 2.401933701074078272e+04 5.863310531865854634e-14 -2.125133402586243392e-11 -7.878900821238538077e-01 5.863310531865854634e-14 -2.125133402586243392e-11 -7.878900821238538077e-01
1.163000000000000000e+03 2.404000769663642859e+04 7.063841761447477422e-14 -2.140188026800160515e-11 -7.928171038272180393e-01 7.063841761447477422e-14 -2.140188026800160515e-11 -7.928171038272180393e-01
1.164000000000000000e+03 2.406067838253207447e+04 7.004354016645466562e-14 -2.153777156621572431e-11 -7.974022795020568877e-01 7.004354016645466562e-14 -2.153777156621572431e-11 -7.974022795020568877e-01
1.165000000000000000e+03 2.408134906842772034e+04 7.414450719400361858e-14 -2.166034018813434159e-11 -8.015188349548573177e-01 7.414450719400361858e-14 -2.166034018813434159e-11 -8.015188349548573177e-01
1.166000000000000000e+03 2.410201975432336621e+04 7.887106863721995888e-14 -2.182598546340841494e-11 -8.050656962523786708e-01 7.887106863721995888e-14 -2.182598546340841494e-11 -8.050656962523786708e-01
1.167000000000000000e+03 2.412269044021901209e+04 8.559691530800897601e-14 -2.187683367793624711e-11 -8.079668292830354259e-01 8.559691530800897601e-14 -2.187683367793624711e-11 -8.079668292830354259e-01
1.168000000000000000e+03 2.414336112611465796e+04 8.639924884744386122e-14 -2.196987036739983523e-11 -8.101635860710807435e-01 8.639924884744386122e-14 -2.196987036739983523e-11 -8.101635860710807435e-01
1.169000000000000000e+03 2.416403181201030384e+04 9.174815127531462561e-14 -2.202138471574244249e-11 -8.116272856849856554e-01 9.174815127531462561e-14 -2.202138471574244249e-11 -8.116272856849856554e-01
1.170000000000000000e+03 2.418470249790594971e+04 9.224781546394614438e-14 -2.202182880495229256e-11 -8.123461788610097933e-01 9.224781546394614438e-14 -2.202182880495229256e-11 -8.123461788610097933e-01
1.171000000000000000e+03 2.420537318380159559e+04 9.694610947544729396e-14 -2.205335913885164700e-11 -8.123340772997287296e-01 9.694610947544729396e-14 -2.205335913885164700e-11 -8.123340772997287296e-01
1.172000000000000000e+03 2.422604386969724146e+04 9.894902494232186318e-14 -2.200839510635432816e-11 -8.116260475099501548e-01 9.894902494232186318e-14 -2.200839510635432816e-11 -8.116260475099501548e-01
1.173000000000000000e+03 2.424671455559288734e+04 1.055526521084801548e-13 -2.196631765372103473e-11 -8.102788361367800896e-01 1.055526521084801548e-13 -2.196631765372103473e-11 -8.102788361367800896e-01
1.174000000000000000e+03 2.426738524148853321e+04 9.956529890668640666e-14 -2.196398618536932190e-11 -8.083645062328219666e-01 9.956529890668640666e-14 -2.196398618536932190e-11 -8.083645062328219666e-01
1.175000000000000000e+03 2.428805592738417909e+04 1.056797166747371788e-13 -2.188893510890466132e-11 -8.059532677719292160e-01 1.056797166747371788e-13 -2.188893510890466132e-11 -8.059532677719292160e-01
1.176000000000000000e+03 2.430872661327982496e+04 1.080232748369101649e-13 -2.181699265690895118e-11 -8.031089591506992420e-01 1.080232748369101649e-13 -2.181699265690895118e-11 -8.031089591506992420e-01
1.177000000000000000e+03 2.432939729917547083e+04 1.086367202120370411e-13 -2.171707258469268709e-11 -7.998830979078139780e-01 1.086367202120370411e-13 -2.171707258469268709e-11 -7.998830979078139780e-01
1.178000000000000000e+03 2.435006798507111671e+04 1.173532592173034114e-13 -2.164035617369108877e-11 -7.963050302429608429e-01 1.173532592173034114e-13 -2.164035617369108877e-11 -7.963050302429608429e-01
1.179000000000000000e+03 2.437073867096676258e+04 1.155830192574867402e-13 -2.154343370364131260e-11 -7.923939148860946746e-01 1.155830192574867402e-13 -2.154343370364131260e-11 -7.923939148860946746e-01
1.180000000000000000e+03 2.439140935686240846e+04 1.169548862337712808e-13 -2.148070610274999126e-11 -7.881634483471271491e-01 1.169548862337712808e-13 -2.148070610274999126e-11 -7.881634483471271491e-01
1.181000000000000000e+03 2.441208004275805433e+04 1.234615268497010908e-13 -2.136812948805300039e-11 -7.836324627005564203e-01 1.234615268497010908e-13 -2.136812948805300039e-11 -7.836324627005564203e-01
1.182000000000000000e+03 2.443275072865370021e+04 1.240684860700505231e-13 -2.126709919281211114e-11 -7.788333331048415964e-01 1.240684860700505231e-13 -2.126709919281211114e-11 -7.788333331048415964e-01
1.183000000000000000e+03 2.445342141454934608e+04 1.262601621764653500e-13 -2.117694908321254843e-11 -7.738170913877273627e-01 1.262601621764653500e-13 -2.117694908321254843e-11 -7.738170913877273627e-01
1.184000000000000000e+03 2.447409210044499196e+04 1.331324959664501260e-13 -2.106348429009585743e-11 -7.686551565566432931e-01 1.331324959664501260e-13 -2.106348429009585743e-11 -7.686551565566432931e-01
1.185000000000000000e+03 2.449476278634063783e+04 1.345967443344844783e-13 -2.096289808406481825e-11 -7.634389682997363424e-01 1.345967443344844783e-13 -2.096289808406481825e-11 -7.634389682997363424e-01
1.186000000000000000e+03 2.451543347223628371e+04 1.327862828340375007e-13 -2.088462736082874471e-11 -7.582788259923115559e-01 1.327862828340375007e-13 -2.088462736082874471e-11 -7.582788259923115559e-01
1.187000000000000000e+03 2.453610415813192958e+04 1.406231948772350144e-13 -2.080080552246954539e-11 -7.533038140940017113e-01 1.406231948772350144e-13 -2.080080552246954539e-11 -7.533038140940017113e-01
1.188000000000000000e+03 2.455677484402757545e+04 1.402827874090613040e-13 -2.071431914885124570e-11 -7.486609907476347026e-01 1.402827874090613040e-13 -2.071431914885124570e-11 -7.486609907476347026e-01
1.189000000000000000e+03 2.457744552992322133e+04 1.450313623191849197e-13 -2.061684156728915696e-11 -7.445154976379146916e-01 1.450313623191849197e-13 -2.061684156728915696e-11 -7.445154976379146916e-01
1.190000000000000000e+03 2.459811621581886720e+04 1.473202291194280634e-13 -2.056799175420565007e-11 -7.410451077156539057e-01 1.473202291194280634e-13 -2.056799175420565007e-11 -7.410451077156539057e-01
1.191000000000000000e+03 2.461878690171451308e+04 1.518187965693109875e-13 -2.056266268368744932e-11 -7.384291338946017413e-01 1.518187965693109875e-13 -2.056266268368744932e-11 -7.384291338946017413e-01
1.192000000000000000e+03 2.463945758761015895e+04 1.567836039608676491e-13 -2.054556524910822191e-11 -7.368304389623374639e-01 1.567836039608676491e-13 -2.054556524910822191e-11 -7.368304389623374639e-01
1.193000000000000000e+03 2.466012827350580483e+04 1.593293213495508844e-13 -2.057232162400168818e-11 -7.363731348852802228e-01 1.593293213495508844e-13 -2.057232162400168818e-11 -7.363731348852802228e-01
1.194000000000000000e+03 2.468079895940145070e+04 1.625368513256652075e-13 -2.063660353712748474e-11 -7.371230655921333641e-01 1.625368513256652075e-13 -2.063660353712748474e-11 -7.371230655921333641e-01
1.195000000000000000e+03 2.470146964529709658e+04 1.703807844652972606e-13 -2.068878401928486710e-11 -7.390727054819339337e-01 1.703807844652972606e-13 -2.068878401928486710e-11 -7.390727054819339337e-01
1.196000000000000000e+03 2.472214033119274245e+04 1.761277908374208443e-13 -2.084576955496686423e-11 -7.421441617639746857e-01 1.761277908374208443e-13 -2.084576955496686423e-11 -7.421441617639746857e-01
1.197000000000000000e+03 2.474281101708838833e+04 1.788659754070747677e-13 -2.096212092794758064e-11 -7.461993853861146331e-01 1.788659754070747677e-13 -2.096212092794758064e-11 -7.461993853861146331e-01
1.198000000000000000e+03 2.476348170298403420e+04 1.831114632199690895e-13 -2.117739317242239849e-11 -7.510614705158332738e-01 1.831114632199690895e-13 -2.117739317242239849e-11 -7.510614705158332738e-01
1.199000000000000000e+03 2.478415238887968007e+04 1.891025383852843180e-13 -2.137634513843522654e-11 -7.565367181267675933e-01 1.891025383852843180e-13 -2.137634513843522654e-11 -7.565367181267675933e-01
1.200000000000000000e+03 2.480482307477532595e+04 1.945228758392869206e-13 -2.161282264268038489e-11 -7.624327456977050277e-01 1.945228758392869206e-13 -2.161282264268038489e-11 -7.624327456977050277e-01
1.201000000000000000e+03 2.482549376067097182e+04 2.006625933441279170e-13 -2.181310687632276313e-11 -7.685697836844174180e-01 2.006625933441279170e-13 -2.181310687632276313e-11 -7.685697836844174180e-01
1.202000000000000000e+03 2.484616444656661770e+04 2.027784503624177795e-13 -2.206135274462894813e-11 -7.747856695901069735e-01 2.027784503624177795e-13 -2.206135274462894813e-11 -7.747856695901069735e-01
1.203000000000000000e+03 2.486683513246226357e+04 2.106670012344465363e-13 -2.224220807534038613e-11 -7.809366233560725012e-01 2.106670012344465363e-13 -2.224220807534038613e-11 -7.809366233560725012e-01
1.204000000000000000e+03 2.488750581835790945e+04 2.153859167914360575e-13 -2.246292041263586725e-11 -7.868976734026993380e-01 2.153859167914360575e-13 -2.246292041263586725e-11 -7.868976734026993380e-01
1.205000000000000000e+03 2.490817650425355532e+04 2.203054594551014174e-13 -2.265498899589601933e-11 -7.925623921717839249e-01 2.203054594551014174e-13 -2.265498899589601933e-11 -7.925623921717839249e-01
1.206000000000000000e+03 2.492884719014920120e+04 2.254298796261801489e-13 -2.285494016263101003e-11 -7.978440335133548666e-01 2.254298796261801489e-13 -2.285494016263101003e-11 -7.978440335133548666e-01
1.207000000000000000e+03 2.494951787604484707e+04 2.280971054456326421e-13 -2.299083146084512919e-11 -8.026756745631361545e-01 2.280971054456326421e-13 -2.299083146084512919e-11 -8.026756745631361545e-01
1.208000000000000000e+03 2.497018856194049295e+04 2.294831175659631806e-13 -2.314626268429265110e-11 -8.070090205843629683e-01 2.294831175659631806e-13 -2.314626268429265110e-11 -8.070090205843629683e-01
1.209000000000000000e+03 2.499085924783613882e+04 2.364257240060855338e-13 -2.322131376075731168e-11 -8.108104583091343409e-01 2.364257240060855338e-13 -2.322131376075731168e-11 -8.108104583091343409e-01
1.210000000000000000e+03 2.501152993373178469e+04 2.357754414703783078e-13 -2.334177295892914117e-11 -8.140544014144954765e-01 2.357754414703783078e-13 -2.334177295892914117e-11 -8.140544014144954765e-01
1.211000000000000000e+03 2.503220061962743057e+04 2.348002461937533642e-13 -2.343414351457795419e-11 -8.167149871660552840e-01 2.348002461937533642e-13 -2.343414351457795419e-11 -8.167149871660552840e-01
1.212000000000000000e+03 2.505287130552307644e+04 2.444499646833046668e-13 -2.351963068747409125e-11 -8.187605621855112981e-01 2.444499646833046668e-13 -2.351963068747409125e-11 -8.187605621855112981e-01
1.213000000000000000e+03 2.507354199141872232e+04 2.461968762245359993e-13 -2.355549089116948380e-11 -8.201444452854741440e-01 2.461968762245359993e-13 -2.355549089116948380e-11 -8.201444452854741440e-01
1.214000000000000000e+03 2.509421267731436819e+04 2.475023780009168145e-13 -2.356292938543447235e-11 -8.208140812887249060e-01 2.475023780009168145e-13 -2.356292938543447235e-11 -8.208140812887249060e-01
1.215000000000000000e+03 2.511488336321001407e+04 2.505710376173849309e-13 -2.357603001712504920e-11 -8.207096086757224018e-01 2.505710376173849309e-13 -2.357603001712504920e-11 -8.207096086757224018e-01
1.216000000000000000e+03 2.513555404910565994e+04 2.513549237872031238e-13 -2.357636308403243675e-11 -8.197778805800060020e-01 2.513549237872031238e-13 -2.357636308403243675e-11 -8.197778805800060020e-01
1.217000000000000000e+03 2.515622473500130582e+04 2.554112623406299437e-13 -2.351641104070267829e-11 -8.179735615408578742e-01 2.554112623406299437e-13 -2.351641104070267829e-11 -8.179735615408578742e-01
1.218000000000000000e+03 2.517689542089695169e+04 2.577146302086003763e-13 -2.346467464775514600e-11 -8.152741136687992052e-01 2.577146302086003763e-13 -2.346467464775514600e-11 -8.152741136687992052e-01
1.219000000000000000e+03 2.519756610679259757e+04 2.583391573691228677e-13 -2.339983762311703686e-11 -8.116787545530909087e-01 2.583391573691228677e-13 -2.339983762311703686e-11 -8.116787545530909087e-01
1.220000000000000000e+03 2.521823679268824344e+04 2.592209835190438044e-13 -2.330269310846233566e-11 -8.072103515522600636e-01 2.592209835190438044e-13 -2.330269310846233566e-11 -8.072103515522600636e-01
1.221000000000000000e+03 2.523890747858388931e+04 2.584015927953302772e-13 -2.312794400438633602e-11 -8.019188901822833504e-01 2.584015927953302772e-13 -2.312794400438633602e-11 -8.019188901822833504e-01
1.222000000000000000e+03 2.525957816447953519e+04 2.606521497733211437e-13 -2.299782586590026767e-11 -7.958755955290878203e-01 2.606521497733211437e-13 -2.299782586590026767e-11 -7.958755955290878203e-01
1.223000000000000000e+03 2.528024885037518106e+04 2.585028118455649987e-13 -2.283284672444096941e-11 -7.891804582583882288e-01 2.585028118455649987e-13 -2.283284672444096941e-11 -7.891804582583882288e-01
1.224000000000000000e+03 2.530091953627082694e+04 2.597532907599440965e-13 -2.264732845702610575e-11 -7.819625103866170157e-01 2.597532907599440965e-13 -2.264732845702610575e-11 -7.819625103866170157e-01
1.225000000000000000e+03 2.532159022216647281e+04 2.592759753953186022e-13 -2.245326147232162839e-11 -7.743833188156794556e-01 2.592759753953186022e-13 -2.245326147232162839e-11 -7.743833188156794556e-01
1.226000000000000000e+03 2.534226090806211869e+04 2.578237032680370399e-13 -2.226629991497475203e-11 -7.666385751137460014e-01 2.578237032680370399e-13 -2.226629991497475203e-11 -7.666385751137460014e-01
1.227000000000000000e+03 2.536293159395776456e+04 2.602891895293311533e-13 -2.210709393324350458e-11 -7.589549248900672174e-01 2.602891895293311533e-13 -2.210709393324350458e-11 -7.589549248900672174e-01
1.228000000000000000e+03 2.538360227985341044e+04 2.658293979584010638e-13 -2.189071146574406157e-11 -7.515800853037655216e-01 2.658293979584010638e-13 -2.189071146574406157e-11 -7.515800853037655216e-01
1.229000000000000000e+03 2.540427296574905631e+04 2.653807323293738088e-13 -2.171995916455671249e-11 -7.447658837342534532e-01 2.653807323293738088e-13 -2.171995916455671249e-11 -7.447658837342534532e-01
1.230000000000000000e+03 2.542494365164470219e+04 2.649066620155751049e-13 -2.159072920449034427e-11 -7.387464650351542872e-01 2.649066620155751049e-13 -2.159072920449034427e-11 -7.387464650351542872e-01
1.231000000000000000e+03 2.544561433754034806e+04 2.662435965480258040e-13 -2.147915179051551604e-11 -7.337170900174642130e-01 2.662435965480258040e-13 -2.147915179051551604e-11 -7.337170900174642130e-01
1.232000000000000000e+03 2.546628502343599393e+04 2.722030669858951173e-13 -2.141087307450106891e-11 -7.298198366272434789e-01 2.722030669858951173e-13 -2.141087307450106891e-11 -7.298198366272434789e-01
1.233000000000000000e+03 2.548695570933163981e+04 2.717525339287545147e-13 -2.136790744344807536e-11 -7.271357655766833572e-01 2.717525339287545147e-13 -2.136790744344807536e-11 -7.271357655766833572e-01
1.234000000000000000e+03 2.550762639522728568e+04 2.776225360607469651e-13 -2.137579002692291397e-11 -7.256924708502909827e-01 2.776225360607469651e-13 -2.137579002692291397e-11 -7.256924708502909827e-01
1.235000000000000000e+03 2.552829708112293156e+04 2.818624799459338014e-13 -2.142208632704978299e-11 -7.254710863579221236e-01 2.818624799459338014e-13 -2.142208632704978299e-11 -7.254710863579221236e-01
1.236000000000000000e+03 2.554896776701857743e+04 2.864053350057333163e-13 -2.147104716243575240e-11 -7.264244820014436055e-01 2.864053350057333163e-13 -2.147104716243575240e-11 -7.264244820014436055e-01
1.237000000000000000e+03 2.556963845291422331e+04 2.965738662790110051e-13 -2.155597922381957687e-11 -7.284816427434799291e-01 2.965738662790110051e-13 -2.155597922381957687e-11 -7.284816427434799291e-01
1.238000000000000000e+03 2.559030913880986918e+04 3.004435251922886906e-13 -2.170630342135382307e-11 -7.315618666976008155e-01 3.004435251922886906e-13 -2.170630342135382307e-11 -7.315618666976008155e-01
1.239000000000000000e+03 2.561097982470551506e+04 3.065795685094310440e-13 -2.191913317517446558e-11 -7.355722734408892682e-01 3.065795685094310440e-13 -2.191913317517446558e-11 -7.355722734408892682e-01
1.240000000000000000e+03 2.563165051060116093e+04 3.134509740029042512e-13 -2.208577765117070157e-11 -7.404129745364536053e-01 3.134509740029042512e-13 -2.208577765117070157e-11 -7.404129745364536053e-01
1.241000000000000000e+03 2.565232119649680681e+04 3.210626842997353306e-13 -2.228051076968995403e-11 -7.459759786183161046e-01 3.210626842997353306e-13 -2.228051076968995403e-11 -7.459759786183161046e-01
1.242000000000000000e+03 2.567299188239245268e+04 3.264864051903884013e-13 -2.248867758680717088e-11 -7.521520283743488022e-01 3.264864051903884013e-13 -2.248867758680717088e-11 -7.521520283743488022e-01
1.243000000000000000e+03 2.569366256828809856e+04 3.322594321930124694e-13 -2.273703447741581840e-11 -7.588284604079553741e-01 3.322594321930124694e-13 -2.273703447741581840e-11 -7.588284604079553741e-01
1.244000000000000000e+03 2.571433325418374443e+04 3.371618235767109445e-13 -2.298627954644416604e-11 -7.658931053946258505e-01 3.371618235767109445e-13 -2.298627954644416604e-11 -7.658931053946258505e-01
1.245000000000000000e+03 2.573500394007939030e+04 3.442067890027411674e-13 -2.323874426224392664e-11 -7.732327625849972907e-01 3.442067890027411674e-13 -2.323874426224392664e-11 -7.732327625849972907e-01
1.246000000000000000e+03 2.575567462597503618e+04 3.505118214066221345e-13 -2.351641104070267829e-11 -7.807291863850569502e-01 3.505118214066221345e-13 -2.351641104070267829e-11 -7.807291863850569502e-01
1.247000000000000000e+03 2.577634531187068205e+04 3.599952924606588676e-13 -2.373434782043659652e-11 -7.882533754552180083e-01 3.599952924606588676e-13 -2.373434782043659652e-11 -7.882533754552180083e-01
1.248000000000000000e+03 2.579701599776632793e+04 3.633945913534882861e-13 -2.401134846508057308e-11 -7.956608182310226374e-01 3.633945913534882861e-13 -2.401134846508057308e-11 -7.956608182310226374e-01
1.249000000000000000e+03 2.581768668366197380e+04 3.716663109975246273e-13 -2.425593059740549506e-11 -8.027907937514155989e-01 3.716663109975246273e-13 -2.425593059740549506e-11 -8.027907937514155989e-01
1.250000000000000000e+03 2.583835736955761968e+04 3.756048420053612847e-13 -2.446665092747934978e-11 -8.094712072536222047e-01 3.756048420053612847e-13 -2.446665092747934978e-11 -8.094712072536222047e-01
1.251000000000000000e+03 2.585902805545326555e+04 3.817359904539932876e-13 -2.469013882233639379e-11 -8.155277726926978277e-01 3.817359904539932876e-13 -2.469013882233639379e-11 -8.155277726926978277e-01
1.252000000000000000e+03 2.587969874134891143e+04 3.893034175711740459e-13 -2.486044703431389280e-11 -8.207959169306028313e-01 3.893034175711740459e-13 -2.486044703431389280e-11 -8.207959169306028313e-01
1.253000000000000000e+03 2.590036942724455730e+04 3.917947638597264100e-13 -2.502098528367469044e-11 -8.251312898267055829e-01 3.917947638597264100e-13 -2.502098528367469044e-11 -8.251312898267055829e-01
1.254000000000000000e+03 2.592104011314020318e+04 3.959315599386933979e-13 -2.512601238180423024e-11 -8.284168995609877406e-01 3.959315599386933979e-13 -2.512601238180423024e-11 -8.284168995609877406e-01
1.255000000000000000e+03 2.594171079903584905e+04 4.064105329838503191e-13 -2.520506026115754139e-11 -8.305658863778113687e-01 4.064105329838503191e-13 -2.520506026115754139e-11 -8.305658863778113687e-01
1.256000000000000000e+03 2.596238148493149492e+04 4.044737304709724924e-13 -2.525424314114843583e-11 -8.315218293950259465e-01 4.044737304709724924e-13 -2.525424314114843583e-11 -8.315218293950259465e-01
1.257000000000000000e+03 2.598305217082714080e+04 4.096026178862799447e-13 -2.524802589221053495e-11 -8.312520620077310518e-01 4.096026178862799447e-13 -2.524802589221053495e-11 -8.312520620077310518e-01
1.258000000000000000e+03 2.600372285672278667e+04 4.138070122116275141e-13 -2.525724074331492375e-11 -8.297546454056783372e-01 4.138070122116275141e-13 -2.525724074331492375e-11 -8.297546454056783372e-01
1.259000000000000000e+03 2.602439354261843255e+04 4.134721837463948402e-13 -2.516431507615379815e-11 -8.270495673323599028e-01 4.134721837463948402e-13 -2.516431507615379815e-11 -8.270495673323599028e-01
1.260000000000000000e+03 2.604506422851407842e+04 4.136604540081294405e-13 -2.505673446506762048e-11 -8.231841322571786801e-01 4.136604540081294405e-13 -2.505673446506762048e-11 -8.231841322571786801e-01
1.261000000000000000e+03 2.606573491440972430e+04 4.160646117141311452e-13 -2.492683837118647716e-11 -8.182350679173977515e-01 4.160646117141311452e-13 -2.492683837118647716e-11 -8.182350679173977515e-01
1.262000000000000000e+03 2.608640560030537017e+04 4.125363926488480359e-13 -2.475408766855480280e-11 -8.123106242051493231e-01 4.125363926488480359e-13 -2.475408766855480280e-11 -8.123106242051493231e-01
1.263000000000000000e+03 2.610707628620101605e+04 4.155879875581949619e-13 -2.458522274650931649e-11 -8.055503248625583979e-01 4.155879875581949619e-13 -2.458522274650931649e-11 -8.055503248625583979e-01
1.264000000000000000e+03 2.612774697209666192e+04 4.115825551747571009e-13 -2.437783308550933725e-11 -7.981206785428491823e-01 4.115825551747571009e-13 -2.437783308550933725e-11 -7.981206785428491823e-01
1.265000000000000000e+03 2.614841765799230780e+04 4.154092801538818193e-13 -2.416267186333698191e-11 -7.902064525936949302e-01 4.154092801538818193e-13 -2.416267186333698191e-11 -7.902064525936949302e-01
1.266000000000000000e+03 2.616908834388795367e+04 4.138111395071457603e-13 -2.392563924757951099e-11 -7.819994920115904691e-01 4.138111395071457603e-13 -2.392563924757951099e-11 -7.819994920115904691e-01
1.267000000000000000e+03 2.618975902978359954e+04 4.093397073008335922e-13 -2.370104112969784182e-11 -7.736862688819140521e-01 4.093397073008335922e-13 -2.370104112969784182e-11 -7.736862688819140521e-01
1.268000000000000000e+03 2.621042971567924542e+04 4.169934273928870807e-13 -2.347233518662505958e-11 -7.654404499355065283e-01 4.169934273928870807e-13 -2.347233518662505958e-11 -7.654404499355065283e-01
1.269000000000000000e+03 2.623110040157489129e+04 4.186987873861696988e-13 -2.329048065519145894e-11 -7.574192760862785700e-01 4.186987873861696988e-13 -2.329048065519145894e-11 -7.574192760862785700e-01
1.270000000000000000e+03 2.625177108747053717e+04 4.192319124473616622e-13 -2.310385216475197012e-11 -7.497657367543935081e-01 4.192319124473616622e-13 -2.310385216475197012e-11 -7.497657367543935081e-01
1.271000000000000000e+03 2.627244177336618304e+04 4.153079655776149418e-13 -2.288291778285156397e-11 -7.426132059767417415e-01 4.153079655776149418e-13 -2.288291778285156397e-11 -7.426132059767417415e-01
1.272000000000000000e+03 2.629311245926182892e+04 4.189874286109856185e-13 -2.277911193004911183e-11 -7.360899145936644627e-01 4.189874286109856185e-13 -2.277911193004911183e-11 -7.360899145936644627e-01
1.273000000000000000e+03 2.631378314515747479e+04 4.209113296360715004e-13 -2.261846265838585168e-11 -7.303212193332957458e-01 4.209113296360715004e-13 -2.261846265838585168e-11 -7.303212193332957458e-01
1.274000000000000000e+03 2.633445383105312067e+04 4.218520539972031269e-13 -2.251687725163264986e-11 -7.254290991320402338e-01 4.218520539972031269e-13 -2.251687725163264986e-11 -7.254290991320402338e-01
1.275000000000000000e+03 2.635512451694876654e+04 4.273428502787644143e-13 -2.243683017155717607e-11 -7.215292626244669272e-01 4.273428502787644143e-13 -2.243683017155717607e-11 -7.215292626244669272e-01
1.276000000000000000e+03 2.637579520284441242e+04 4.325042905258029276e-13 -2.237832141815943032e-11 -7.187306041607083307e-01 4.325042905258029276e-13 -2.237832141815943032e-11 -7.187306041607083307e-01
1.277000000000000000e+03 2.639646588874005829e+04 4.380106926251186453e-13 -2.238575991242441887e-11 -7.171273444474565162e-01 4.380106926251186453e-13 -2.238575991242441887e-11 -7.171273444474565162e-01
1.278000000000000000e+03 2.641713657463570416e+04 4.423348526020381494e-13 -2.235134299866103902e-11 -7.168014067420467317e-01 4.423348526020381494e-13 -2.235134299866103902e-11 -7.168014067420467317e-01
1.279000000000000000e+03 2.643780726053135004e+04 4.468333538056107535e-13 -2.246836050545653052e-11 -7.178173021011110544e-01 4.468333538056107535e-13 -2.246836050545653052e-11 -7.178173021011110544e-01
1.280000000000000000e+03 2.645847794642699591e+04 4.553939921341307689e-13 -2.252742437036658885e-11 -7.202151662852618319e-01 4.553939921341307689e-13 -2.252742437036658885e-11 -7.202151662852618319e-01
1.281000000000000000e+03 2.647914863232264179e+04 4.672776704052854130e-13 -2.268396581683873592e-11 -7.240010360582342930e-01 4.672776704052854130e-13 -2.268396581683873592e-11 -7.240010360582342930e-01
1.282000000000000000e+03 2.649981931821828766e+04 4.775148686260390642e-13 -2.291600242898539364e-11 -7.291365358854985379e-01 4.775148686260390642e-13 -2.291600242898539364e-11 -7.291365358854985379e-01
1.283000000000000000e+03 2.652049000411393354e+04 4.862978665172523604e-13 -2.311595359572038433e-11 -7.355265287115013706e-01 4.862978665172523604e-13 -2.311595359572038433e-11 -7.355265287115013706e-01
1.284000000000000000e+03 2.654116069000957941e+04 4.946608916162873530e-13 -2.340161397995643711e-11 -7.430133850508520155e-01 4.946608916162873530e-13 -2.340161397995643711e-11 -7.430133850508520155e-01
1.285000000000000000e+03 2.656183137590522529e+04 5.024770191439837339e-13 -2.371636220743766899e-11 -7.513802246812162355e-01 5.024770191439837339e-13 -2.371636220743766899e-11 -7.513802246812162355e-01
1.286000000000000000e+03 2.658250206180087116e+04 5.151345508648813969e-13 -2.402555931979577508e-11 -7.603645721697798177e-01 5.151345508648813969e-13 -2.402555931979577508e-11 -7.603645721697798177e-01
1.287000000000000000e+03 2.660317274769651704e+04 5.266542997178841965e-13 -2.437161583657143638e-11 -7.696803033708076169e-01 5.266542997178841965e-13 -2.437161583657143638e-11 -7.696803033708076169e-01
1.288000000000000000e+03 2.662384343359216291e+04 5.394562238539227299e-13 -2.468325543958371782e-11 -7.790395265824783255e-01 5.394562238539227299e-13 -2.468325543958371782e-11 -7.790395265824783255e-01
1.289000000000000000e+03 2.664451411948780878e+04 5.489492404553470581e-13 -2.504063623121055571e-11 -7.881748652679175793e-01 5.489492404553470581e-13 -2.504063623121055571e-11 -7.881748652679175793e-01
1.290000000000000000e+03 2.666518480538345466e+04 5.569133204689309863e-13 -2.532229981255795792e-11 -7.968516910945555587e-01 5.569133204689309863e-13 -2.532229981255795792e-11 -7.968516910945555587e-01
1.291000000000000000e+03 2.668585549127910053e+04 5.695488132988208511e-13 -2.565547774224796740e-11 -8.048737500175880966e-01 5.695488132988208511e-13 -2.565547774224796740e-11 -8.048737500175880966e-01
1.292000000000000000e+03 2.670652617717474641e+04 5.810812214386539293e-13 -2.591149517172652850e-11 -8.120824639389493393e-01 5.810812214386539293e-13 -2.591149517172652850e-11 -8.120824639389493393e-01
1.293000000000000000e+03 2.672719686307039228e+04 5.860784144056082033e-13 -2.610900384780734385e-11 -8.183529330871600616e-01 5.860784144056082033e-13 -2.610900384780734385e-11 -8.183529330871600616e-01
1.294000000000000000e+03 2.674786754896603816e+04 5.912732959541752606e-13 -2.631583839729501051e-11 -8.235896950608914135e-01 5.912732959541752606e-13 -2.631583839729501051e-11 -8.235896950608914135e-01
1.295000000000000000e+03 2.676853823486168403e+04 5.968292110958475232e-13 -2.647737584737797079e-11 -8.277235208705411296e-01 5.968292110958475232e-13 -2.647737584737797079e-11 -8.277235208705411296e-01
1.296000000000000000e+03 2.678920892075732991e+04 6.023994642856939497e-13 -2.659916731317935046e-11 -8.307087877222751882e-01 6.023994642856939497e-13 -2.659916731317935046e-11 -8.307087877222751882e-01
1.297000000000000000e+03 2.680987960665297578e+04 6.068118745881971271e-13 -2.666256104788544690e-11 -8.325269733226421387e-01 6.068118745881971271e-13 -2.666256104788544690e-11 -8.325269733226421387e-01
1.298000000000000000e+03 2.683055029254862166e+04 6.149339065185547268e-13 -2.671252108399357894e-11 -8.331842383114940187e-01 6.149339065185547268e-13 -2.671252108399357894e-11 -8.331842383114940187e-01
1.299000000000000000e+03 2.685122097844426753e+04 6.125618914892168853e-13 -2.671107779406156624e-11 -8.327096582639015310e-01 6.125618914892168853e-13 -2.671107779406156624e-11 -8.327096582639015310e-01
1.300000000000000000e+03 2.687189166433991340e+04 6.127030394767469333e-13 -2.666900034142827280e-11 -8.311587476296935506e-01 6.127030394767469333e-13 -2.666900034142827280e-11 -8.311587476296935506e-01
1.301000000000000000e+03 2.689256235023555928e+04 6.162187164809000360e-13 -2.665667686585493357e-11 -8.285995894556240637e-01 6.162187164809000360e-13 -2.665667686585493357e-11 -8.285995894556240637e-01
1.302000000000000000e+03 2.691323303613120515e+04 6.169385439698520881e-13 -2.657485342894005953e-11 -8.251084551004915779e-01 6.169385439698520881e-13 -2.657485342894005953e-11 -8.251084551004915779e-01
1.303000000000000000e+03 2.693390372202685103e+04 6.221533441962464125e-13 -2.646183272503321859e-11 -8.207592247093363769e-01 6.221533441962464125e-13 -2.646183272503321859e-11 -8.207592247093363769e-01
1.304000000000000000e+03 2.695457440792249690e+04 6.211514618969357247e-13 -2.630973217065957215e-11 -8.156234640156894145e-01 6.211514618969357247e-13 -2.630973217065957215e-11 -8.156234640156894145e-01
1.305000000000000000e+03 2.697524509381814278e+04 6.160642410333990478e-13 -2.616162841917457627e-11 -8.097585684258892247e-01 6.160642410333990478e-13 -2.616162841917457627e-11 -8.097585684258892247e-01
1.306000000000000000e+03 2.699591577971378865e+04 6.153807879144673675e-13 -2.596389769848883589e-11 -8.032204302188219458e-01 6.153807879144673675e-13 -2.596389769848883589e-11 -8.032204302188219458e-01
1.307000000000000000e+03 2.701658646560943453e+04 6.135818949472817158e-13 -2.577804636416658468e-11 -7.960692620336415892e-01 6.135818949472817158e-13 -2.577804636416658468e-11 -7.960692620336415892e-01
1.308000000000000000e+03 2.703725715150508040e+04 6.161335517732871694e-13 -2.557609679598726871e-11 -7.883773706951396898e-01 6.161335517732871694e-13 -2.557609679598726871e-11 -7.883773706951396898e-01
1.309000000000000000e+03 2.705792783740072628e+04 6.128882616685910257e-13 -2.536704180045035173e-11 -7.802371277535442573e-01 6.128882616685910257e-13 -2.536704180045035173e-11 -7.802371277535442573e-01
1.310000000000000000e+03 2.707859852329637215e+04 6.097920238140882885e-13 -2.510736063499052761e-11 -7.717654803421778453e-01 6.097920238140882885e-13 -2.510736063499052761e-11 -7.717654803421778453e-01
1.311000000000000000e+03 2.709926920919201802e+04 6.052727704610312635e-13 -2.485667227603016727e-11 -7.631052021188599044e-01 6.052727704610312635e-13 -2.485667227603016727e-11 -7.631052021188599044e-01
1.312000000000000000e+03 2.711993989508766390e+04 5.999667566323713697e-13 -2.460953663074860742e-11 -7.544239288260062848e-01 5.999667566323713697e-13 -2.460953663074860742e-11 -7.544239288260062848e-01
1.313000000000000000e+03 2.714061058098330977e+04 6.018901076354736400e-13 -2.432098966664852924e-11 -7.459126164829924521e-01 6.018901076354736400e-13 -2.432098966664852924e-11 -7.459126164829924521e-01
1.314000000000000000e+03 2.716128126687895565e+04 6.036186538974293105e-13 -2.414290989349865413e-11 -7.377847407046482786e-01 6.036186538974293105e-13 -2.414290989349865413e-11 -7.377847407046482786e-01
1.315000000000000000e+03 2.718195195277460152e+04 6.002224949024565312e-13 -2.392319675692533565e-11 -7.302757506824055778e-01 6.002224949024565312e-13 -2.392319675692533565e-11 -7.302757506824055778e-01
1.316000000000000000e+03 2.720262263867024740e+04 6.010812640488924873e-13 -2.372713137077653300e-11 -7.236393613512432932e-01 6.010812640488924873e-13 -2.372713137077653300e-11 -7.236393613512432932e-01
1.317000000000000000e+03 2.722329332456589327e+04 5.996042524284043887e-13 -2.356559392069357273e-11 -7.181379848276844280e-01 5.996042524284043887e-13 -2.356559392069357273e-11 -7.181379848276844280e-01
1.318000000000000000e+03 2.724396401046153915e+04 6.016920784163318828e-13 -2.347244620892752209e-11 -7.140237985731138215e-01 6.016920784163318828e-13 -2.347244620892752209e-11 -7.140237985731138215e-01
1.319000000000000000e+03 2.726463469635718502e+04 6.095916128568764856e-13 -2.338840232596339774e-11 -7.115116668418022261e-01 6.095916128568764856e-13 -2.338840232596339774e-11 -7.115116668418022261e-01
1.320000000000000000e+03 2.728530538225283090e+04 6.138902633162993025e-13 -2.338851334826586026e-11 -7.107487035168205125e-01 6.138902633162993025e-13 -2.338851334826586026e-11 -7.107487035168205125e-01
1.321000000000000000e+03 2.730597606814847677e+04 6.174667629393051447e-13 -2.346889349524872159e-11 -7.117921273106286861e-01 6.174667629393051447e-13 -2.346889349524872159e-11 -7.117921273106286861e-01
1.322000000000000000e+03 2.732664675404412264e+04 6.235343107422730407e-13 -2.363098605684399445e-11 -7.145930127574677826e-01 6.235343107422730407e-13 -2.363098605684399445e-11 -7.145930127574677826e-01
1.323000000000000000e+03 2.734731743993976852e+04 6.366708607729091269e-13 -2.382027908254258364e-11 -7.190100542723572019e-01 6.366708607729091269e-13 -2.382027908254258364e-11 -7.190100542723572019e-01
1.324000000000000000e+03 2.736798812583541439e+04 6.446555247512533433e-13 -2.404776378028827821e-11 -7.248269373204280219e-01 6.446555247512533433e-13 -2.404776378028827821e-11 -7.248269373204280219e-01
1.325000000000000000e+03 2.738865881173106027e+04 6.563485255964251733e-13 -2.429967338457572623e-11 -7.317842295849270595e-01 6.563485255964251733e-13 -2.429967338457572623e-11 -7.317842295849270595e-01
1.326000000000000000e+03 2.740932949762670614e+04 6.679969674405909104e-13 -2.465150306107943834e-11 -7.396081980029809433e-01 6.679969674405909104e-13 -2.465150306107943834e-11 -7.396081980029809433e-01
1.327000000000000000e+03 2.743000018352235202e+04 6.819485876744094264e-13 -2.487121619765275682e-11 -7.480324212152982266e-01 6.819485876744094264e-13 -2.487121619765275682e-11 -7.480324212152982266e-01
1.328000000000000000e+03 2.745067086941799789e+04 6.937231596581303353e-13 -2.524713771379083482e-11 -7.568099853245321418e-01 6.937231596581303353e-13 -2.524713771379083482e-11 -7.568099853245321418e-01
1.329000000000000000e+03 2.747134155531364377e+04 7.072570612017879692e-13 -2.557465350605525600e-11 -7.657176344234668530e-01 7.072570612017879692e-13 -2.557465350605525600e-11 -7.657176344234668530e-01
1.330000000000000000e+03 2.749201224120928964e+04 7.178062374207578713e-13 -2.591138414942406598e-11 -7.745577437122866948e-01 7.178062374207578713e-13 -2.591138414942406598e-11 -7.745577437122866948e-01
1.331000000000000000e+03 2.751268292710493552e+04 7.286016750105256541e-13 -2.620559325094973246e-11 -7.831571281681823926e-01 7.286016750105256541e-13 -2.620559325094973246e-11 -7.831571281681823926e-01
1.332000000000000000e+03 2.753335361300058139e+04 7.443539291861163165e-13 -2.653877118063974194e-11 -7.913687068336313635e-01 7.443539291861163165e-13 -2.653877118063974194e-11 -7.913687068336313635e-01
1.333000000000000000e+03 2.755402429889622726e+04 7.502630536755760620e-13 -2.679489963242076556e-11 -7.990718243315549918e-01 7.502630536755760620e-13 -2.679489963242076556e-11 -7.990718243315549918e-01
1.334000000000000000e+03 2.757469498479187314e+04 7.657379968511427070e-13 -2.707489787923123004e-11 -8.061713428052661445e-01 7.657379968511427070e-13 -2.707489787923123004e-11 -8.061713428052661445e-01
1.335000000000000000e+03 2.759536567068751901e+04 7.783135272211489329e-13 -2.732736259503099063e-11 -8.125941095964798189e-01 7.783135272211489329e-13 -2.732736259503099063e-11 -8.125941095964798189e-01
1.336000000000000000e+03 2.761603635658316489e+04 7.832571451852441947e-13 -2.755817796185056068e-11 -8.182826030923899818e-01 7.832571451852441947e-13 -2.755817796185056068e-11 -8.182826030923899818e-01
1.337000000000000000e+03 2.763670704247881076e+04 7.931705810436080108e-13 -2.774092067170386144e-11 -8.231868476789661049e-01 7.931705810436080108e-13 -2.774092067170386144e-11 -8.231868476789661049e-01
1.338000000000000000e+03 2.765737772837445664e+04 8.027048039362558192e-13 -2.791156195058874800e-11 -8.272572851649251380e-01 8.027048039362558192e-13 -2.791156195058874800e-11 -8.272572851649251380e-01
1.339000000000000000e+03 2.767804841427010251e+04 8.046495695605244776e-13 -2.805056187327181760e-11 -8.304357463017244534e-01 8.046495695605244776e-13 -2.805056187327181760e-11 -8.304357463017244534e-01
1.340000000000000000e+03 2.769871910016574839e+04 8.121135901258484139e-13 -2.817879263261602318e-11 -8.326619048837604620e-01 8.121135901258484139e-13 -2.817879263261602318e-11 -8.326619048837604620e-01
1.341000000000000000e+03 2.771938978606139426e+04 8.175576479143519920e-13 -2.824251943422950717e-11 -8.338699318320386134e-01 8.175576479143519920e-13 -2.824251943422950717e-11 -8.338699318320386134e-01
1.342000000000000000e+03 2.774006047195704014e+04 8.200872733548310965e-13 -2.829936285309031518e-11 -8.339968493684724038e-01 8.200872733548310965e-13 -2.829936285309031518e-11 -8.339968493684724038e-01
1.343000000000000000e+03 2.776073115785268601e+04 8.243185748288603003e-13 -2.833533407908817026e-11 -8.329945893343964070e-01 8.243185748288603003e-13 -2.833533407908817026e-11 -8.329945893343964070e-01
1.344000000000000000e+03 2.778140184374833188e+04 8.252276419622778747e-13 -2.827493794654856174e-11 -8.308329731809385166e-01 8.252276419622778747e-13 -2.827493794654856174e-11 -8.308329731809385166e-01
1.345000000000000000e+03 2.780207252964397776e+04 8.299869819577603039e-13 -2.821398670249664065e-11 -8.275053346607137428e-01 8.299869819577603039e-13 -2.821398670249664065e-11 -8.275053346607137428e-01
1.346000000000000000e+03 2.782274321553962363e+04 8.250011272845412438e-13 -2.811573196481731429e-11 -8.230299625512661477e-01 8.250011272845412438e-13 -2.811573196481731429e-11 -8.230299625512661477e-01
1.347000000000000000e+03 2.784341390143526951e+04 8.226315533446230033e-13 -2.792566178300148749e-11 -8.174500882136684909e-01 8.226315533446230033e-13 -2.792566178300148749e-11 -8.174500882136684909e-01
1.348000000000000000e+03 2.786408458733091538e+04 8.214762494759173728e-13 -2.776601171206038998e-11 -8.108339065027425629e-01 8.214762494759173728e-13 -2.776601171206038998e-11 -8.108339065027425629e-01
1.349000000000000000e+03 2.788475527322656126e+04 8.176827869893409769e-13 -2.754552141936983389e-11 -8.032753319936737357e-01 8.176827869893409769e-13 -2.754552141936983389e-11 -8.032753319936737357e-01
1.350000000000000000e+03 2.790542595912220713e+04 8.099998037735541998e-13 -2.728273162944105934e-11 -7.948973791119346988e-01 8.099998037735541998e-13 -2.728273162944105934e-11 -7.948973791119346988e-01
1.351000000000000000e+03 2.792609664501785301e+04 8.092252819228113411e-13 -2.696021184078745137e-11 -7.858563123782320581e-01 8.092252819228113411e-13 -2.696021184078745137e-11 -7.858563123782320581e-01
1.352000000000000000e+03 2.794676733091349888e+04 8.003646516306883226e-13 -2.669275911415525115e-11 -7.763465603460564246e-01 8.003646516306883226e-13 -2.669275911415525115e-11 -7.763465603460564246e-01
1.353000000000000000e+03 2.796743801680914476e+04 7.971639050716228960e-13 -2.637290386076074356e-11 -7.666028976645997695e-01 7.971639050716228960e-13 -2.637290386076074356e-11 -7.666028976645997695e-01
1.354000000000000000e+03 2.798810870270479063e+04 7.919816279836959577e-13 -2.607913884844492713e-11 -7.568973011995936417e-01 7.919816279836959577e-13 -2.607913884844492713e-11 -7.568973011995936417e-01
1.355000000000000000e+03 2.800877938860043650e+04 7.849766741100447927e-13 -2.578626201454881084e-11 -7.475277276066898402e-01 7.849766741100447927e-13 -2.578626201454881084e-11 -7.475277276066898402e-01
1.356000000000000000e+03 2.802945007449608238e+04 7.789543243602041704e-13 -2.552302813541018622e-11 -7.387995283658257417e-01 7.789543243602041704e-13 -2.552302813541018622e-11 -7.387995283658257417e-01
1.357000000000000000e+03 2.805012076039172825e+04 7.786519708575837464e-13 -2.526756581744393770e-11 -7.309987426742345917e-01 7.786519708575837464e-13 -2.526756581744393770e-11 -7.309987426742345917e-01
1.358000000000000000e+03 2.807079144628737413e+04 7.722417345341145731e-13 -2.511046925945947805e-11 -7.243693399428261515e-01 7.722417345341145731e-13 -2.511046925945947805e-11 -7.243693399428261515e-01
1.359000000000000000e+03 2.809146213218302000e+04 7.715277167901321981e-13 -2.495204043384546821e-11 -7.190937583337333461e-01 7.715277167901321981e-13 -2.495204043384546821e-11 -7.190937583337333461e-01
1.360000000000000000e+03 2.811213281807866588e+04 7.733388494905255638e-13 -2.484989991557995381e-11 -7.152855813604359625e-01 7.733388494905255638e-13 -2.484989991557995381e-11 -7.152855813604359625e-01
1.361000000000000000e+03 2.813280350397431175e+04 7.755587977410906063e-13 -2.478983684994773284e-11 -7.129929053804949790e-01 7.755587977410906063e-13 -2.478983684994773284e-11 -7.129929053804949790e-01
1.362000000000000000e+03 2.815347418986995763e+04 7.811874063055234319e-13 -2.481947980470522452e-11 -7.122092704225001514e-01 7.811874063055234319e-13 -2.481947980470522452e-11 -7.122092704225001514e-01
1.363000000000000000e+03 2.817414487576560350e+04 7.864721703641676589e-13 -2.487343664370200713e-11 -7.128860181615255254e-01 7.864721703641676589e-13 -2.487343664370200713e-11 -7.128860181615255254e-01
1.364000000000000000e+03 2.819481556166124938e+04 7.918160819234406464e-13 -2.496725048928283286e-11 -7.149449948170264468e-01 7.918160819234406464e-13 -2.496725048928283286e-11 -7.149449948170264468e-01
1.365000000000000000e+03 2.821548624755689525e+04 7.998576867730864253e-13 -2.511768570911954157e-11 -7.182889808873692550e-01 7.998576867730864253e-13 -2.511768570911954157e-11 -7.182889808873692550e-01
1.366000000000000000e+03 2.823615693345254113e+04 8.102375967649029017e-13 -2.527711373545571405e-11 -7.228028629265206284e-01 8.102375967649029017e-13 -2.527711373545571405e-11 -7.228028629265206284e-01
1.367000000000000000e+03 2.825682761934818700e+04 8.190372352549548069e-13 -2.554367828366821414e-11 -7.283592790335058353e-01 8.190372352549548069e-13 -2.554367828366821414e-11 -7.283592790335058353e-01
1.368000000000000000e+03 2.827749830524383287e+04 8.278321862667704079e-13 -2.575561985906915652e-11 -7.348211460362220615e-01 8.278321862667704079e-13 -2.575561985906915652e-11 -7.348211460362220615e-01
1.369000000000000000e+03 2.829816899113947875e+04 8.469266124937896532e-13 -2.602640325477523220e-11 -7.420449054344848694e-01 8.469266124937896532e-13 -2.602640325477523220e-11 -7.420449054344848694e-01
1.370000000000000000e+03 2.831883967703512462e+04 8.551294526447503664e-13 -2.631617146420239806e-11 -7.498840996571430884e-01 8.551294526447503664e-13 -2.631617146420239806e-11 -7.498840996571430884e-01
1.371000000000000000e+03 2.833951036293077050e+04 8.706362621877080948e-13 -2.665478948671307080e-11 -7.581917093956178633e-01 8.706362621877080948e-13 -2.665478948671307080e-11 -7.581917093956178633e-01
1.372000000000000000e+03 2.836018104882641637e+04 8.835508976018248021e-13 -2.697109202642877790e-11 -7.668198429817482120e-01 8.835508976018248021e-13 -2.697109202642877790e-11 -7.668198429817482120e-01
1.373000000000000000e+03 2.838085173472206225e+04 8.968674073153164511e-13 -2.732269965832756498e-11 -7.756165668882257780e-01 8.968674073153164511e-13 -2.732269965832756498e-11 -7.756165668882257780e-01
1.374000000000000000e+03 2.840152242061770812e+04 9.170826626333544880e-13 -2.766731288517121357e-11 -7.844212596813923133e-01 9.170826626333544880e-13 -2.766731288517121357e-11 -7.844212596813923133e-01
1.375000000000000000e+03 2.842219310651335400e+04 9.294821840176413575e-13 -2.800470966235479864e-11 -7.930612103094691889e-01 9.294821840176413575e-13 -2.800470966235479864e-11 -7.930612103094691889e-01
1.376000000000000000e+03 2.844286379240899987e+04 9.406016586043315141e-13 -2.834299461795808384e-11 -8.013523482003159781e-01 9.406016586043315141e-13 -2.834299461795808384e-11 -8.013523482003159781e-01
1.377000000000000000e+03 2.846353447830464575e+04 9.576077384831702986e-13 -2.868505433184509457e-11 -8.091050912281179119e-01 9.576077384831702986e-13 -2.868505433184509457e-11 -8.091050912281179119e-01
1.378000000000000000e+03 2.848420516420029162e+04 9.675947672035959888e-13 -2.894950945631080685e-11 -8.161339415244017736e-01 9.675947672035959888e-13 -2.894950945631080685e-11 -8.161339415244017736e-01
1.379000000000000000e+03 2.850487585009593749e+04 9.808195184211902336e-13 -2.923206121607790919e-11 -8.222690145734510292e-01 9.808195184211902336e-13 -2.923206121607790919e-11 -8.222690145734510292e-01
1.380000000000000000e+03 2.852554653599158337e+04 9.947502866319310395e-13 -2.947220245630433055e-11 -8.273653221908643385e-01 9.947502866319310395e-13 -2.947220245630433055e-11 -8.273653221908643385e-01
1.381000000000000000e+03 2.854621722188722924e+04 9.972940897875070171e-13 -2.966105139279306968e-11 -8.313084257351812667e-01 9.972940897875070171e-13 -2.966105139279306968e-11 -8.313084257351812667e-01
1.382000000000000000e+03 2.856688790778287512e+04 1.007528493852099440e-12 -2.978306490319937438e-11 -8.340158071838436049e-01 1.007528493852099440e-12 -2.978306490319937438e-11 -8.340158071838436049e-01
1.383000000000000000e+03 2.858755859367852099e+04 1.017572542888365911e-12 -2.987610159266296250e-11 -8.354352508651488041e-01 1.017572542888365911e-12 -2.987610159266296250e-11 -8.354352508651488041e-01
1.384000000000000000e+03 2.860822927957416687e+04 1.018246204093854838e-12 -2.994593462091188485e-11 -8.355422762671088632e-01 1.018246204093854838e-12 -2.994593462091188485e-11 -8.355422762671088632e-01
1.385000000000000000e+03 2.862889996546981274e+04 1.025869981868193652e-12 -2.996991543824378823e-11 -8.343375805421880953e-01 1.025869981868193652e-12 -2.996991543824378823e-11 -8.343375805421880953e-01
1.386000000000000000e+03 2.864957065136545862e+04 1.025532726757908174e-12 -2.994415826407248460e-11 -8.318480454701415727e-01 1.025532726757908174e-12 -2.994415826407248460e-11 -8.318480454701415727e-01
1.387000000000000000e+03 2.867024133726110449e+04 1.026556205591040834e-12 -2.982047941912924216e-11 -8.281272369491434748e-01 1.026556205591040834e-12 -2.982047941912924216e-11 -8.281272369491434748e-01
1.388000000000000000e+03 2.869091202315675037e+04 1.023963098010317388e-12 -2.968680856696437331e-11 -8.232586073460523846e-01 1.023963098010317388e-12 -2.968680856696437331e-11 -8.232586073460523846e-01
1.389000000000000000e+03 2.871158270905239624e+04 1.019801704565428237e-12 -2.952316169313462524e-11 -8.173571997315135507e-01 1.019801704565428237e-12 -2.952316169313462524e-11 -8.173571997315135507e-01
1.390000000000000000e+03 2.873225339494804211e+04 1.018711438938318279e-12 -2.930344855656130676e-11 -8.105687265324864610e-01 1.018711438938318279e-12 -2.930344855656130676e-11 -8.105687265324864610e-01
1.391000000000000000e+03 2.875292408084368799e+04 1.013801672379733894e-12 -2.911237917402331732e-11 -8.030645176215492897e-01 1.013801672379733894e-12 -2.911237917402331732e-11 -8.030645176215492897e-01
1.392000000000000000e+03 2.877359476673933386e+04 1.009152752959431269e-12 -2.885358618698319333e-11 -7.950324390989707002e-01 1.009152752959431269e-12 -2.885358618698319333e-11 -7.950324390989707002e-01
1.393000000000000000e+03 2.879426545263497974e+04 1.000567948728894489e-12 -2.860367498414007059e-11 -7.866652649383694129e-01 1.000567948728894489e-12 -2.860367498414007059e-11 -7.866652649383694129e-01
1.394000000000000000e+03 2.881493613853062561e+04 9.955674312572619624e-13 -2.832001300134834310e-11 -7.781502505289510374e-01 9.955674312572619624e-13 -2.832001300134834310e-11 -7.781502505289510374e-01
1.395000000000000000e+03 2.883560682442627149e+04 9.900344917341054550e-13 -2.805566889918509332e-11 -7.696617788718449482e-01 9.900344917341054550e-13 -2.805566889918509332e-11 -7.696617788718449482e-01
1.396000000000000000e+03 2.885627751032191736e+04 9.810039330429515479e-13 -2.781352925751434668e-11 -7.613595819610590176e-01 9.810039330429515479e-13 -2.781352925751434668e-11 -7.613595819610590176e-01
1.397000000000000000e+03 2.887694819621756324e+04 9.771606571300676890e-13 -2.753053340853739428e-11 -7.533912843876764409e-01 9.771606571300676890e-13 -2.753053340853739428e-11 -7.533912843876764409e-01
1.398000000000000000e+03 2.889761888211320911e+04 9.751346612467841848e-13 -2.728084425029919657e-11 -7.458966862497898864e-01 9.751346612467841848e-13 -2.728084425029919657e-11 -7.458966862497898864e-01
1.399000000000000000e+03 2.891828956800885499e+04 9.668738353542931808e-13 -2.705935475688647784e-11 -7.390111931139777823e-01 9.668738353542931808e-13 -2.705935475688647784e-11 -7.390111931139777823e-01
1.400000000000000000e+03 2.893896025390450086e+04 9.610112015503348294e-13 -2.687450262328638928e-11 -7.328667995115207834e-01 9.610112015503348294e-13 -2.687450262328638928e-11 -7.328667995115207834e-01
1.401000000000000000e+03 2.895963093980014673e+04 9.622955079957663793e-13 -2.670064169763008977e-11 -7.275905705719802885e-01 9.622955079957663793e-13 -2.670064169763008977e-11 -7.275905705719802885e-01
1.402000000000000000e+03 2.898030162569579261e+04 9.561459144473497525e-13 -2.654398922885548018e-11 -7.233009565622874337e-01 9.561459144473497525e-13 -2.654398922885548018e-11 -7.233009565622874337e-01
1.403000000000000000e+03 2.900097231159143848e+04 9.555331142205003818e-13 -2.641331597885709925e-11 -7.201092348393850484e-01 9.555331142205003818e-13 -2.641331597885709925e-11 -7.201092348393850484e-01
1.404000000000000000e+03 2.902164299748708436e+04 9.506032441669176716e-13 -2.637390306148290620e-11 -7.181085959811996933e-01 9.506032441669176716e-13 -2.637390306148290620e-11 -7.181085959811996933e-01
1.405000000000000000e+03 2.904231368338273023e+04 9.614314573631965921e-13 -2.634981122184854030e-11 -7.173801866747293587e-01 9.614314573631965921e-13 -2.634981122184854030e-11 -7.173801866747293587e-01
1.406000000000000000e+03 2.906298436927837611e+04 9.670804107963344794e-13 -2.641631358102358718e-11 -7.179879779429090281e-01 9.670804107963344794e-13 -2.641631358102358718e-11 -7.179879779429090281e-01
1.407000000000000000e+03 2.908365505517402198e+04 9.661496120136008931e-13 -2.647970731572968361e-11 -7.199694563157807981e-01 9.661496120136008931e-13 -2.647970731572968361e-11 -7.199694563157807981e-01
1.408000000000000000e+03 2.910432574106966786e+04 9.819161202561512009e-13 -2.665112575073180778e-11 -7.233285706724715824e-01 9.819161202561512009e-13 -2.665112575073180778e-11 -7.233285706724715824e-01
1.409000000000000000e+03 2.912499642696531373e+04 9.832677722071826234e-13 -2.683708810735652150e-11 -7.280236522350398420e-01 9.832677722071826234e-13 -2.683708810735652150e-11 -7.280236522350398420e-01
1.410000000000000000e+03 2.914566711286095961e+04 1.001135576573766231e-12 -2.709565904979172046e-11 -7.339563936367364816e-01 1.001135576573766231e-12 -2.709565904979172046e-11 -7.339563936367364816e-01
1.411000000000000000e+03 2.916633779875660548e+04 1.010512338977403179e-12 -2.737943205488591047e-11 -7.409672916100646933e-01 1.010512338977403179e-12 -2.737943205488591047e-11 -7.409672916100646933e-01
1.412000000000000000e+03 2.918700848465225135e+04 1.027220171368018597e-12 -2.772715390619850950e-11 -7.488405430782087979e-01 1.027220171368018597e-12 -2.772715390619850950e-11 -7.488405430782087979e-01
1.413000000000000000e+03 2.920767917054789723e+04 1.043479966865286438e-12 -2.806799237475843256e-11 -7.573191374611532023e-01 1.043479966865286438e-12 -2.806799237475843256e-11 -7.573191374611532023e-01
1.414000000000000000e+03 2.922834985644354310e+04 1.063747867311126966e-12 -2.845201851897627421e-11 -7.661256339412074734e-01 1.063747867311126966e-12 -2.845201851897627421e-11 -7.661256339412074734e-01
1.415000000000000000e+03 2.924902054233918898e+04 1.076187461962084035e-12 -2.877553750835204482e-11 -7.749859528994548219e-01 1.076187461962084035e-12 -2.877553750835204482e-11 -7.749859528994548219e-01
1.416000000000000000e+03 2.926969122823483485e+04 1.091488070213758418e-12 -2.913824737049708347e-11 -7.836473172445361790e-01 1.091488070213758418e-12 -2.913824737049708347e-11 -7.836473172445361790e-01
1.417000000000000000e+03 2.929036191413048073e+04 1.112020500328064180e-12 -2.950661937006771041e-11 -7.918901736201741093e-01 1.112020500328064180e-12 -2.950661937006771041e-11 -7.918901736201741093e-01
1.418000000000000000e+03 2.931103260002612660e+04 1.121184762678978173e-12 -2.978928215213727526e-11 -7.995322864787280936e-01 1.121184762678978173e-12 -2.978928215213727526e-11 -7.995322864787280936e-01
1.419000000000000000e+03 2.933170328592177248e+04 1.136927090188554306e-12 -3.009970050982246903e-11 -8.064275676388825698e-01 1.136927090188554306e-12 -3.009970050982246903e-11 -8.064275676388825698e-01
1.420000000000000000e+03 2.935237397181741835e+04 1.153579433976193724e-12 -3.039102303148411011e-11 -8.124620022464110747e-01 1.153579433976193724e-12 -3.039102303148411011e-11 -8.124620022464110747e-01
1.421000000000000000e+03 2.937304465771306423e+04 1.163793567812070962e-12 -3.060940390042787840e-11 -8.175517649934309627e-01 1.163793567812070962e-12 -3.060940390042787840e-11 -8.175517649934309627e-01
1.422000000000000000e+03 2.939371534360871010e+04 1.174005094029736042e-12 -3.083289179528492241e-11 -8.216331821951186054e-01 1.174005094029736042e-12 -3.083289179528492241e-11 -8.216331821951186054e-01
1.423000000000000000e+03 2.941438602950435597e+04 1.186709924539952937e-12 -3.098510337196103137e-11 -8.246758866473717919e-01 1.186709924539952937e-12 -3.098510337196103137e-11 -8.246758866473717919e-01
1.424000000000000000e+03 2.943505671540000185e+04 1.195011109857662016e-12 -3.112998747667461430e-11 -8.266686520042658692e-01 1.195011109857662016e-12 -3.112998747667461430e-11 -8.266686520042658692e-01
1.425000000000000000e+03 2.945572740129564772e+04 1.202438004900319660e-12 -3.119804414808413640e-11 -8.276261198646923667e-01 1.202438004900319660e-12 -3.119804414808413640e-11 -8.276261198646923667e-01
1.426000000000000000e+03 2.947639808719129360e+04 1.206250924652695379e-12 -3.127276215764140943e-11 -8.275866162021020545e-01 1.206250924652695379e-12 -3.127276215764140943e-11 -8.275866162021020545e-01
1.427000000000000000e+03 2.949706877308693947e+04 1.209266559889089407e-12 -3.132050174770029116e-11 -8.266012749950146787e-01 1.209266559889089407e-12 -3.132050174770029116e-11 -8.266012749950146787e-01
1.428000000000000000e+03 2.951773945898258535e+04 1.213595885264895025e-12 -3.131750414553380324e-11 -8.247393541625135382e-01 1.213595885264895025e-12 -3.131750414553380324e-11 -8.247393541625135382e-01
1.429000000000000000e+03 2.953841014487823122e+04 1.216798934827034531e-12 -3.127376135836357207e-11 -8.220665972450247327e-01 1.216798934827034531e-12 -3.127376135836357207e-11 -8.220665972450247327e-01
1.430000000000000000e+03 2.955908083077387710e+04 1.215463548174719534e-12 -3.121636282799045148e-11 -8.186444648044698402e-01 1.215463548174719534e-12 -3.121636282799045148e-11 -8.186444648044698402e-01
1.431000000000000000e+03 2.957975151666952297e+04 1.210877207734633688e-12 -3.112687885220566386e-11 -8.145274026299036407e-01 1.210877207734633688e-12 -3.112687885220566386e-11 -8.145274026299036407e-01
1.432000000000000000e+03 2.960042220256516885e+04 1.209146618780318330e-12 -3.098121759137484332e-11 -8.097592689456054593e-01 1.209146618780318330e-12 -3.098121759137484332e-11 -8.097592689456054593e-01
1.433000000000000000e+03 2.962109288846081472e+04 1.208935380775712747e-12 -3.085676159031436327e-11 -8.043838824640680008e-01 1.208935380775712747e-12 -3.085676159031436327e-11 -8.043838824640680008e-01
1.434000000000000000e+03 2.964176357435646059e+04 1.208724921573076085e-12 -3.065447895522765975e-11 -7.984502792021912487e-01 1.208724921573076085e-12 -3.065447895522765975e-11 -7.984502792021912487e-01
1.435000000000000000e+03 2.966243426025210647e+04 1.201876877525991423e-12 -3.043909568845037938e-11 -7.920207544461331794e-01 1.201876877525991423e-12 -3.043909568845037938e-11 -7.920207544461331794e-01
1.436000000000000000e+03 2.968310494614775234e+04 1.196144946959706363e-12 -3.019129390935404444e-11 -7.851764031014082379e-01 1.196144946959706363e-12 -3.019129390935404444e-11 -7.851764031014082379e-01
1.437000000000000000e+03 2.970377563204339822e+04 1.187840154813147497e-12 -2.995781400727537402e-11 -7.780198401209486025e-01 1.187840154813147497e-12 -2.995781400727537402e-11 -7.780198401209486025e-01
1.438000000000000000e+03 2.972444631793904409e+04 1.179845311580122033e-12 -2.971423107567261468e-11 -7.706755037549934961e-01 1.179845311580122033e-12 -2.971423107567261468e-11 -7.706755037549934961e-01
1.439000000000000000e+03 2.974511700383468997e+04 1.174167596305956244e-12 -2.945044208502167749e-11 -7.632886507512948171e-01 1.174167596305956244e-12 -2.945044208502167749e-11 -7.632886507512948171e-01
1.440000000000000000e+03 2.976578768973033584e+04 1.164906640828023677e-12 -2.917566188642695124e-11 -7.560242079261891845e-01 1.164906640828023677e-12 -2.917566188642695124e-11 -7.560242079261891845e-01
1.441000000000000000e+03 2.978645837562598172e+04 1.156515084504555238e-12 -2.890476746841841305e-11 -7.490669592540740718e-01 1.156515084504555238e-12 -2.890476746841841305e-11 -7.490669592540740718e-01
1.442000000000000000e+03 2.980712906152162759e+04 1.149596027993992340e-12 -2.867350801238899294e-11 -7.426201093947747411e-01 1.149596027993992340e-12 -2.867350801238899294e-11 -7.426201093947747411e-01
1.443000000000000000e+03 2.982779974741727347e+04 1.145588520794021780e-12 -2.847055924348751432e-11 -7.369016001682930916e-01 1.145588520794021780e-12 -2.847055924348751432e-11 -7.369016001682930916e-01
1.444000000000000000e+03 2.984847043331291934e+04 1.140098612128517110e-12 -2.833677736902018296e-11 -7.321336168649414944e-01 1.140098612128517110e-12 -2.833677736902018296e-11 -7.321336168649414944e-01
1.445000000000000000e+03 2.986914111920856521e+04 1.138324983302659381e-12 -2.818800748372041198e-11 -7.285245039045393778e-01 1.138324983302659381e-12 -2.818800748372041198e-11 -7.285245039045393778e-01
1.446000000000000000e+03 2.988981180510421109e+04 1.133144793289949343e-12 -2.813327348860639177e-11 -7.262446685190843132e-01 1.133144793289949343e-12 -2.813327348860639177e-11 -7.262446685190843132e-01
1.447000000000000000e+03 2.991048249099985696e+04 1.137593985523417678e-12 -2.812095001303305253e-11 -7.254015528059956086e-01 1.137593985523417678e-12 -2.812095001303305253e-11 -7.254015528059956086e-01
1.448000000000000000e+03 2.993115317689550284e+04 1.144093518640569858e-12 -2.819811051324450091e-11 -7.260242375707988138e-01 1.144093518640569858e-12 -2.819811051324450091e-11 -7.260242375707988138e-01
1.449000000000000000e+03 2.995182386279114871e+04 1.146609669193688805e-12 -2.826039402492597219e-11 -7.280529299774495255e-01 1.146609669193688805e-12 -2.826039402492597219e-11 -7.280529299774495255e-01
1.450000000000000000e+03 2.997249454868679459e+04 1.150732312697245021e-12 -2.841082924476268090e-11 -7.313566596750330495e-01 1.150732312697245021e-12 -2.841082924476268090e-11 -7.313566596750330495e-01
1.451000000000000000e+03 2.999316523458244046e+04 1.164828503303065813e-12 -2.864219972309456352e-11 -7.357490345764341466e-01 1.164828503303065813e-12 -2.864219972309456352e-11 -7.357490345764341466e-01
1.452000000000000000e+03 3.001383592047808634e+04 1.173226544852097062e-12 -2.884492644739111711e-11 -7.410162129913258067e-01 1.173226544852097062e-12 -2.884492644739111711e-11 -7.410162129913258067e-01
1.453000000000000000e+03 3.003450660637373221e+04 1.189546505372393801e-12 -2.908995266892588916e-11 -7.469394733687729770e-01 1.189546505372393801e-12 -2.908995266892588916e-11 -7.469394733687729770e-01
1.454000000000000000e+03 3.005517729226937809e+04 1.201398037968713522e-12 -2.931377363069032072e-11 -7.533109401025547269e-01 1.201398037968713522e-12 -2.931377363069032072e-11 -7.533109401025547269e-01
1.455000000000000000e+03 3.007584797816502396e+04 1.217470413969927310e-12 -2.960220957248793638e-11 -7.599415354337361039e-01 1.217470413969927310e-12 -2.960220957248793638e-11 -7.599415354337361039e-01
1.456000000000000000e+03 3.009651866406066983e+04 1.233949928434373089e-12 -2.991384917550021783e-11 -7.666630857496031792e-01 1.233949928434373089e-12 -2.991384917550021783e-11 -7.666630857496031792e-01
1.457000000000000000e+03 3.011718934995631571e+04 1.247392831843386795e-12 -3.018696403955800633e-11 -7.733289361213737667e-01 1.247392831843386795e-12 -3.018696403955800633e-11 -7.733289361213737667e-01
1.458000000000000000e+03 3.013786003585196158e+04 1.261099845638962308e-12 -3.043088003806815323e-11 -7.798134634611296745e-01 1.261099845638962308e-12 -3.043088003806815323e-11 -7.798134634611296745e-01
1.459000000000000000e+03 3.015853072174760746e+04 1.281500564673669963e-12 -3.074052123963610939e-11 -7.860132867524598499e-01 1.281500564673669963e-12 -3.074052123963610939e-11 -7.860132867524598499e-01
1.460000000000000000e+03 3.017920140764325333e+04 1.291704799707748147e-12 -3.100453227489197161e-11 -7.918477073086391815e-01 1.291704799707748147e-12 -3.100453227489197161e-11 -7.918477073086391815e-01
1.461000000000000000e+03 3.019987209353889921e+04 1.307342824745351132e-12 -3.127598180441282238e-11 -7.972578682075959211e-01 1.307342824745351132e-12 -3.127598180441282238e-11 -7.972578682075959211e-01
1.462000000000000000e+03 3.022054277943454508e+04 1.324083705032008120e-12 -3.149647209710337847e-11 -8.022029148610627658e-01 1.324083705032008120e-12 -3.149647209710337847e-11 -8.022029148610627658e-01
1.463000000000000000e+03 3.024121346533019096e+04 1.339328072031768403e-12 -3.175437690572380234e-11 -8.066528645249200213e-01 1.339328072031768403e-12 -3.175437690572380234e-11 -8.066528645249200213e-01
1.464000000000000000e+03 3.026188415122583683e+04 1.350956491332103739e-12 -3.201083842441221350e-11 -8.105793275112590512e-01 1.350956491332103739e-12 -3.201083842441221350e-11 -8.105793275112590512e-01
1.465000000000000000e+03 3.028255483712148271e+04 1.363837100867144498e-12 -3.218625366230298823e-11 -8.139480453267660121e-01 1.363837100867144498e-12 -3.218625366230298823e-11 -8.139480453267660121e-01
1.466000000000000000e+03 3.030322552301712858e+04 1.373243106072667793e-12 -3.237887735707545289e-11 -8.167083595921286188e-01 1.373243106072667793e-12 -3.237887735707545289e-11 -8.167083595921286188e-01
1.467000000000000000e+03 3.032389620891277445e+04 1.387797062033323645e-12 -3.253219915677618701e-11 -8.188023478487389539e-01 1.387797062033323645e-12 -3.253219915677618701e-11 -8.188023478487389539e-01
1.468000000000000000e+03 3.034456689480842033e+04 1.395459533657037952e-12 -3.266598103124351837e-11 -8.201620564133442759e-01 1.395459533657037952e-12 -3.266598103124351837e-11 -8.201620564133442759e-01
1.469000000000000000e+03 3.036523758070406620e+04 1.404830420015356744e-12 -3.273525894798012814e-11 -8.207186588695580820e-01 1.404830420015356744e-12 -3.273525894798012814e-11 -8.207186588695580820e-01
1.470000000000000000e+03 3.038590826659971208e+04 1.413892545548871254e-12 -3.278965987618676081e-11 -8.204222286906259765e-01 1.413892545548871254e-12 -3.278965987618676081e-11 -8.204222286906259765e-01
1.471000000000000000e+03 3.040657895249535795e+04 1.421612025564608117e-12 -3.282496496836984079e-11 -8.192364454049256839e-01 1.421612025564608117e-12 -3.282496496836984079e-11 -8.192364454049256839e-01
1.472000000000000000e+03 3.042724963839100383e+04 1.422310219129465219e-12 -3.276801052720657026e-11 -8.171476214248395431e-01 1.422310219129465219e-12 -3.276801052720657026e-11 -8.171476214248395431e-01
1.473000000000000000e+03 3.044792032428664970e+04 1.427658818682511596e-12 -3.275668625235539366e-11 -8.141697984660086762e-01 1.427658818682511596e-12 -3.275668625235539366e-11 -8.141697984660086762e-01
1.474000000000000000e+03 3.046859101018229558e+04 1.421628918996606707e-12 -3.265632209092927951e-11 -8.103388681214374056e-01 1.421628918996606707e-12 -3.265632209092927951e-11 -8.103388681214374056e-01
1.475000000000000000e+03 3.048926169607794145e+04 1.421451733409186318e-12 -3.250855140635167118e-11 -8.057188157925163630e-01 1.421451733409186318e-12 -3.250855140635167118e-11 -8.057188157925163630e-01
1.476000000000000000e+03 3.050993238197358733e+04 1.416074209712201055e-12 -3.234201795265789769e-11 -8.003905315035619861e-01 1.416074209712201055e-12 -3.234201795265789769e-11 -8.003905315035619861e-01
1.477000000000000000e+03 3.053060306786923320e+04 1.413076994130646823e-12 -3.211253485346787784e-11 -7.944651125573503059e-01 1.413076994130646823e-12 -3.211253485346787784e-11 -7.944651125573503059e-01
1.478000000000000000e+03 3.055127375376487907e+04 1.407115577915661042e-12 -3.191913400257817557e-11 -7.880810279556508258e-01 1.407115577915661042e-12 -3.191913400257817557e-11 -7.880810279556508258e-01
1.479000000000000000e+03 3.057194443966052495e+04 1.397769860443924177e-12 -3.167377471413601597e-11 -7.814070427636359284e-01 1.397769860443924177e-12 -3.167377471413601597e-11 -7.814070427636359284e-01
1.480000000000000000e+03 3.059261512555617082e+04 1.392382489312907265e-12 -3.142786031418154380e-11 -7.746404319083575185e-01 1.392382489312907265e-12 -3.142786031418154380e-11 -7.746404319083575185e-01
1.481000000000000000e+03 3.061328581145181670e+04 1.383516800782700587e-12 -3.118671987323295980e-11 -7.679992869658618382e-01 1.383516800782700587e-12 -3.118671987323295980e-11 -7.679992869658618382e-01
1.482000000000000000e+03 3.063395649734746257e+04 1.377040876811691601e-12 -3.097322398559754220e-11 -7.617079543017638565e-01 1.377040876811691601e-12 -3.097322398559754220e-11 -7.617079543017638565e-01
1.483000000000000000e+03 3.065462718324310845e+04 1.367579747376995305e-12 -3.074906995692572309e-11 -7.559774370120418974e-01 1.367579747376995305e-12 -3.074906995692572309e-11 -7.559774370120418974e-01
1.484000000000000000e+03 3.067529786913875432e+04 1.363841938286313407e-12 -3.058220343632456206e-11 -7.509841134653799655e-01 1.363841938286313407e-12 -3.058220343632456206e-11 -7.509841134653799655e-01
1.485000000000000000e+03 3.069596855503440020e+04 1.356618139679761939e-12 -3.042632812366719008e-11 -7.468583468933502889e-01 1.356618139679761939e-12 -3.042632812366719008e-11 -7.468583468933502889e-01
1.486000000000000000e+03 3.071663924093004607e+04 1.351500559926971066e-12 -3.030775630463722337e-11 -7.436698857395676043e-01 1.351500559926971066e-12 -3.030775630463722337e-11 -7.436698857395676043e-01
1.487000000000000000e+03 3.073730992682569195e+04 1.352346932866918008e-12 -3.022682104614204945e-11 -7.414398647770128470e-01 1.352346932866918008e-12 -3.022682104614204945e-11 -7.414398647770128470e-01
1.488000000000000000e+03 3.075798061272133782e+04 1.349772153466681476e-12 -3.016797922583691616e-11 -7.401480661943588002e-01 1.349772153466681476e-12 -3.016797922583691616e-11 -7.401480661943588002e-01
1.489000000000000000e+03 3.077865129861698369e+04 1.348830379602912589e-12 -3.016964456037385389e-11 -7.397455221338518072e-01 1.348830379602912589e-12 -3.016964456037385389e-11 -7.397455221338518072e-01
1.490000000000000000e+03 3.079932198451262957e+04 1.351347030942935850e-12 -3.016298322222610295e-11 -7.401709348377382147e-01 1.351347030942935850e-12 -3.016298322222610295e-11 -7.401709348377382147e-01
1.491000000000000000e+03 3.081999267040827544e+04 1.352822885638197726e-12 -3.019606786835993262e-11 -7.413545375064334308e-01 1.352822885638197726e-12 -3.019606786835993262e-11 -7.413545375064334308e-01
1.492000000000000000e+03 3.084066335630392132e+04 1.360221053792266704e-12 -3.027300632396645597e-11 -7.432260825411740601e-01 1.360221053792266704e-12 -3.027300632396645597e-11 -7.432260825411740601e-01
1.493000000000000000e+03 3.086133404219956719e+04 1.365166367169717537e-12 -3.041200624664952556e-11 -7.457148483157469698e-01 1.365166367169717537e-12 -3.041200624664952556e-11 -7.457148483157469698e-01
1.494000000000000000e+03 3.088200472809521307e+04 1.375595217334373865e-12 -3.050304453466878840e-11 -7.487510501804910401e-01 1.375595217334373865e-12 -3.050304453466878840e-11 -7.487510501804910401e-01
1.495000000000000000e+03 3.090267541399085894e+04 1.382084890571902921e-12 -3.069833276470035344e-11 -7.522698821679147940e-01 1.382084890571902921e-12 -3.069833276470035344e-11 -7.522698821679147940e-01
1.496000000000000000e+03 3.092334609988650482e+04 1.391935968976714655e-12 -3.087352595798620314e-11 -7.562109255116044038e-01 1.391935968976714655e-12 -3.087352595798620314e-11 -7.562109255116044038e-01
1.497000000000000000e+03 3.094401678578215069e+04 1.400593396852806916e-12 -3.106181978296262969e-11 -7.605203609149832067e-01 1.400593396852806916e-12 -3.106181978296262969e-11 -7.605203609149832067e-01
1.498000000000000000e+03 3.096468747167779657e+04 1.414792676819118601e-12 -3.126565673028380843e-11 -7.651487510075086762e-01 1.414792676819118601e-12 -3.126565673028380843e-11 -7.651487510075086762e-01
1.499000000000000000e+03 3.098535815757344244e+04 1.429601678688164540e-12 -3.147859750640691345e-11 -7.700454092970363540e-01 1.429601678688164540e-12 -3.147859750640691345e-11 -7.700454092970363540e-01
1.500000000000000000e+03 3.100602884346908832e+04 1.445599728937067163e-12 -3.174405183159478838e-11 -7.751499148791625160e-01 1.445599728937067163e-12 -3.174405183159478838e-11 -7.751499148791625160e-01
1.501000000000000000e+03 3.102669952936473419e+04 1.459820241105771439e-12 -3.202682563596681575e-11 -7.803840629469444012e-01 1.459820241105771439e-12 -3.202682563596681575e-11 -7.803840629469444012e-01
1.502000000000000000e+03 3.104737021526038006e+04 1.474770416744633310e-12 -3.227573763808777585e-11 -7.856426582361760724e-01 1.474770416744633310e-12 -3.227573763808777585e-11 -7.856426582361760724e-01
1.503000000000000000e+03 3.106804090115602594e+04 1.493469773828624979e-12 -3.252831337618999896e-11 -7.908016212560754488e-01 1.493469773828624979e-12 -3.252831337618999896e-11 -7.908016212560754488e-01
1.504000000000000000e+03 3.108871158705167181e+04 1.511490617210433721e-12 -3.280542504313643803e-11 -7.957180549804689917e-01 1.511490617210433721e-12 -3.280542504313643803e-11 -7.957180549804689917e-01
1.505000000000000000e+03 3.110938227294731769e+04 1.526041475170202379e-12 -3.303612938765354556e-11 -8.002458351923339430e-01 1.526041475170202379e-12 -3.303612938765354556e-11 -8.002458351923339430e-01
1.506000000000000000e+03 3.113005295884296356e+04 1.541982249595948873e-12 -3.323896713425256166e-11 -8.042479766516180684e-01 1.541982249595948873e-12 -3.323896713425256166e-11 -8.042479766516180684e-01
1.507000000000000000e+03 3.115072364473860944e+04 1.559150363193564370e-12 -3.344524657222791575e-11 -8.076073754503102498e-01 1.559150363193564370e-12 -3.344524657222791575e-11 -8.076073754503102498e-01
1.508000000000000000e+03 3.117139433063425531e+04 1.571491130351090800e-12 -3.363931355693239311e-11 -8.102330248173288396e-01 1.571491130351090800e-12 -3.363931355693239311e-11 -8.102330248173288396e-01
1.509000000000000000e+03 3.119206501652990119e+04 1.583633832664922910e-12 -3.378419766164597604e-11 -8.120617995963186342e-01 1.583633832664922910e-12 -3.378419766164597604e-11 -8.120617995963186342e-01
1.510000000000000000e+03 3.121273570242554706e+04 1.596721249109189893e-12 -3.392119918288472036e-11 -8.130583748355704188e-01 1.596721249109189893e-12 -3.392119918288472036e-11 -8.130583748355704188e-01
1.511000000000000000e+03 3.123340638832119294e+04 1.608287601952690733e-12 -3.400235648598481930e-11 -8.132077734714968642e-01 1.608287601952690733e-12 -3.400235648598481930e-11 -8.132077734714968642e-01
1.512000000000000000e+03 3.125407707421683881e+04 1.613520850137334460e-12 -3.402367276805762231e-11 -8.125245426055940356e-01 1.613520850137334460e-12 -3.402367276805762231e-11 -8.125245426055940356e-01
1.513000000000000000e+03 3.127474776011248468e+04 1.619761174956093419e-12 -3.402855774936597300e-11 -8.110436549417128216e-01 1.619761174956093419e-12 -3.402855774936597300e-11 -8.110436549417128216e-01
1.514000000000000000e+03 3.129541844600813056e+04 1.625933690406527514e-12 -3.404820869690183827e-11 -8.088237563843873046e-01 1.625933690406527514e-12 -3.404820869690183827e-11 -8.088237563843873046e-01
1.515000000000000000e+03 3.131608913190377643e+04 1.626579696090135299e-12 -3.401723347451479640e-11 -8.059508086051567766e-01 1.626579696090135299e-12 -3.401723347451479640e-11 -8.059508086051567766e-01
1.516000000000000000e+03 3.133675981779942231e+04 1.629193166167929727e-12 -3.391109615336063143e-11 -8.025352776077975259e-01 1.629193166167929727e-12 -3.391109615336063143e-11 -8.025352776077975259e-01
1.517000000000000000e+03 3.135743050369506818e+04 1.630515317182068372e-12 -3.378575197388045126e-11 -7.987077232782867631e-01 1.630515317182068372e-12 -3.378575197388045126e-11 -7.987077232782867631e-01
1.518000000000000000e+03 3.137810118959071406e+04 1.629536666214136708e-12 -3.368061385344844894e-11 -7.946094801871886881e-01 1.629536666214136708e-12 -3.368061385344844894e-11 -7.946094801871886881e-01
1.519000000000000000e+03 3.139877187548635993e+04 1.626642960894202231e-12 -3.354516664444417984e-11 -7.903799227051682141e-01 1.626642960894202231e-12 -3.354516664444417984e-11 -7.903799227051682141e-01
1.520000000000000000e+03 3.141944256138200581e+04 1.625514129410248707e-12 -3.344380328229590305e-11 -7.861425659098875141e-01 1.625514129410248707e-12 -3.344380328229590305e-11 -7.861425659098875141e-01
1.521000000000000000e+03 3.144011324727765168e+04 1.621256065992447877e-12 -3.326749986598542819e-11 -7.820003160662420960e-01 1.621256065992447877e-12 -3.326749986598542819e-11 -7.820003160662420960e-01
1.522000000000000000e+03 3.146078393317329756e+04 1.615727502068832626e-12 -3.311206864253790627e-11 -7.780210319211836589e-01 1.615727502068832626e-12 -3.311206864253790627e-11 -7.780210319211836589e-01
1.523000000000000000e+03 3.148145461906894343e+04 1.615033430502044951e-12 -3.300759665592067904e-11 -7.742517341648058604e-01 1.615033430502044951e-12 -3.300759665592067904e-11 -7.742517341648058604e-01
1.524000000000000000e+03 3.150212530496458930e+04 1.606144572827871852e-12 -3.284394978209093097e-11 -7.707208152736072515e-01 1.606144572827871852e-12 -3.284394978209093097e-11 -7.707208152736072515e-01
1.525000000000000000e+03 3.152279599086023518e+04 1.603364396951984706e-12 -3.271694026807381306e-11 -7.674482735433086900e-01 1.603364396951984706e-12 -3.271694026807381306e-11 -7.674482735433086900e-01
1.526000000000000000e+03 3.154346667675588105e+04 1.606012034575445091e-12 -3.259248426701333301e-11 -7.644532741331990788e-01 1.606012034575445091e-12 -3.259248426701333301e-11 -7.644532741331990788e-01
1.527000000000000000e+03 3.156413736265152693e+04 1.596928172147817734e-12 -3.245570479037951372e-11 -7.617584760947573308e-01 1.596928172147817734e-12 -3.245570479037951372e-11 -7.617584760947573308e-01
1.528000000000000000e+03 3.158480804854717280e+04 1.593276476720622751e-12 -3.234346124258991040e-11 -7.593913578409423604e-01 1.593276476720622751e-12 -3.234346124258991040e-11 -7.593913578409423604e-01
1.529000000000000000e+03 3.160547873444281868e+04 1.585438747583718030e-12 -3.226463540784152428e-11 -7.573829712398899572e-01 1.585438747583718030e-12 -3.226463540784152428e-11 -7.573829712398899572e-01
1.530000000000000000e+03 3.162614942033846455e+04 1.582373125770662566e-12 -3.225175682075587247e-11 -7.557711224914217540e-01 1.582373125770662566e-12 -3.225175682075587247e-11 -7.557711224914217540e-01
1.531000000000000000e+03 3.164682010623411043e+04 1.580588306074132299e-12 -3.214128962980566939e-11 -7.545928224579692145e-01 1.580588306074132299e-12 -3.214128962980566939e-11 -7.545928224579692145e-01
1.532000000000000000e+03 3.166749079212975630e+04 1.575936912901988051e-12 -3.214273291973768210e-11 -7.538953848174240191e-01 1.575936912901988051e-12 -3.214273291973768210e-11 -7.538953848174240191e-01
1.533000000000000000e+03 3.168816147802540218e+04 1.575031389734750399e-12 -3.215050448091005819e-11 -7.537254291317010413e-01 1.575031389734750399e-12 -3.215050448091005819e-11 -7.537254291317010413e-01
1.534000000000000000e+03 3.170883216392104805e+04 1.574295567867302092e-12 -3.215316901616915857e-11 -7.541315817062962390e-01 1.574295567867302092e-12 -3.215316901616915857e-11 -7.541315817062962390e-01
1.535000000000000000e+03 3.172950284981669392e+04 1.579007877799559804e-12 -3.222544453507225626e-11 -7.551547477483234738e-01 1.579007877799559804e-12 -3.222544453507225626e-11 -7.551547477483234738e-01
1.536000000000000000e+03 3.175017353571233980e+04 1.578441151442295365e-12 -3.228739497984633999e-11 -7.568173537568295695e-01 1.578441151442295365e-12 -3.228739497984633999e-11 -7.568173537568295695e-01
1.537000000000000000e+03 3.177084422160798567e+04 1.587332074815419017e-12 -3.239553070244483024e-11 -7.591078043642797146e-01 1.587332074815419017e-12 -3.239553070244483024e-11 -7.591078043642797146e-01
1.538000000000000000e+03 3.179151490750363155e+04 1.596219071729336450e-12 -3.249911451064235735e-11 -7.619767997385573643e-01 1.596219071729336450e-12 -3.249911451064235735e-11 -7.619767997385573643e-01
1.539000000000000000e+03 3.181218559339927742e+04 1.607922518574296335e-12 -3.269140513850743446e-11 -7.653270515045387246e-01 1.607922518574296335e-12 -3.269140513850743446e-11 -7.653270515045387246e-01
1.540000000000000000e+03 3.183285627929492330e+04 1.617205610240204387e-12 -3.285183236556576958e-11 -7.690320602876471456e-01 1.617205610240204387e-12 -3.285183236556576958e-11 -7.690320602876471456e-01
1.541000000000000000e+03 3.185352696519056917e+04 1.627014727343292666e-12 -3.304967410855397247e-11 -7.729399046363993886e-01 1.627014727343292666e-12 -3.304967410855397247e-11 -7.729399046363993886e-01
1.542000000000000000e+03 3.187419765108621505e+04 1.645285501758499929e-12 -3.321887209750684633e-11 -7.768945053052669358e-01 1.645285501758499929e-12 -3.321887209750684633e-11 -7.768945053052669358e-01
1.543000000000000000e+03 3.189486833698186092e+04 1.657030153019807351e-12 -3.343636478803091450e-11 -7.807497028023231422e-01 1.657030153019807351e-12 -3.343636478803091450e-11 -7.807497028023231422e-01
1.544000000000000000e+03 3.191553902287750680e+04 1.668875713483095275e-12 -3.360167699639760031e-11 -7.843793209983939141e-01 1.668875713483095275e-12 -3.360167699639760031e-11 -7.843793209983939141e-01
1.545000000000000000e+03 3.193620970877315267e+04 1.682148708500783808e-12 -3.377831347961546271e-11 -7.876817416178427678e-01 1.682148708500783808e-12 -3.377831347961546271e-11 -7.876817416178427678e-01
1.546000000000000000e+03 3.195688039466879854e+04 1.699476590641633575e-12 -3.395417280671608751e-11 -7.905803349250238865e-01 1.699476590641633575e-12 -3.395417280671608751e-11 -7.905803349250238865e-01
1.547000000000000000e+03 3.197755108056444442e+04 1.719563702022170751e-12 -3.411915194817538577e-11 -7.930226123579644515e-01 1.719563702022170751e-12 -3.411915194817538577e-11 -7.930226123579644515e-01
1.548000000000000000e+03 3.199822176646009029e+04 1.725268537023740607e-12 -3.427191863636380731e-11 -7.949747286534878388e-01 1.725268537023740607e-12 -3.427191863636380731e-11 -7.949747286534878388e-01
1.549000000000000000e+03 3.201889245235573617e+04 1.744154200090136025e-12 -3.443034746197781715e-11 -7.964304774662677167e-01 1.744154200090136025e-12 -3.443034746197781715e-11 -7.964304774662677167e-01
1.550000000000000000e+03 3.203956313825138204e+04 1.752302710864915623e-12 -3.455924435513679782e-11 -7.974000855464276061e-01 1.752302710864915623e-12 -3.455924435513679782e-11 -7.974000855464276061e-01
1.551000000000000000e+03 3.206023382414702792e+04 1.769437547629679200e-12 -3.469213805118442906e-11 -7.979185095309389020e-01 1.769437547629679200e-12 -3.469213805118442906e-11 -7.979185095309389020e-01
1.552000000000000000e+03 3.208090451004267379e+04 1.779552929017925315e-12 -3.476474663699491430e-11 -7.980385300346234390e-01 1.779552929017925315e-12 -3.476474663699491430e-11 -7.980385300346234390e-01
1.553000000000000000e+03 3.210157519593831967e+04 1.791603538638736678e-12 -3.485123301061321399e-11 -7.978279282250608784e-01 1.791603538638736678e-12 -3.485123301061321399e-11 -7.978279282250608784e-01
1.554000000000000000e+03 3.212224588183396554e+04 1.801808688565995514e-12 -3.490585598342477169e-11 -7.973594626831744803e-01 1.801808688565995514e-12 -3.490585598342477169e-11 -7.973594626831744803e-01
1.555000000000000000e+03 3.214291656772961142e+04 1.810921002985404583e-12 -3.494859956987284022e-11 -7.966994739424526628e-01 1.810921002985404583e-12 -3.494859956987284022e-11 -7.966994739424526628e-01
1.556000000000000000e+03 3.216358725362525729e+04 1.817664741776807767e-12 -3.500455481031394811e-11 -7.958990786883978208e-01 1.817664741776807767e-12 -3.500455481031394811e-11 -7.958990786883978208e-01
1.557000000000000000e+03 3.218425793952090316e+04 1.825885707783984386e-12 -3.505307155649006745e-11 -7.949830766176750885e-01 1.825885707783984386e-12 -3.505307155649006745e-11 -7.949830766176750885e-01
1.558000000000000000e+03 3.220492862541654904e+04 1.834344312479918356e-12 -3.504452283920045375e-11 -7.939532287988200210e-01 1.834344312479918356e-12 -3.504452283920045375e-11 -7.939532287988200210e-01
1.559000000000000000e+03 3.222559931131219491e+04 1.837789019488724417e-12 -3.505418177951469261e-11 -7.927941256747141896e-01 1.837789019488724417e-12 -3.505418177951469261e-11 -7.927941256747141896e-01
1.560000000000000000e+03 3.224626999720784079e+04 1.844204983424749117e-12 -3.507039103567421989e-11 -7.914828322290154983e-01 1.844204983424749117e-12 -3.507039103567421989e-11 -7.914828322290154983e-01
1.561000000000000000e+03 3.226694068310348666e+04 1.846808954252567925e-12 -3.502587109238675112e-11 -7.899968943203808935e-01 1.846808954252567925e-12 -3.502587109238675112e-11 -7.899968943203808935e-01
1.562000000000000000e+03 3.228761136899913254e+04 1.849656621112448311e-12 -3.497691025700078171e-11 -7.883237528043953724e-01 1.849656621112448311e-12 -3.497691025700078171e-11 -7.883237528043953724e-01
1.563000000000000000e+03 3.230828205489477841e+04 1.852289620503289238e-12 -3.495392864039104097e-11 -7.864644596448246983e-01 1.852289620503289238e-12 -3.495392864039104097e-11 -7.864644596448246983e-01
1.564000000000000000e+03 3.232895274079042429e+04 1.849120839870068526e-12 -3.485756128185357738e-11 -7.844348136094798640e-01 1.849120839870068526e-12 -3.485756128185357738e-11 -7.844348136094798640e-01
1.565000000000000000e+03 3.234962342668607016e+04 1.845138951568152437e-12 -3.478795029820958007e-11 -7.822628607649699806e-01 1.845138951568152437e-12 -3.478795029820958007e-11 -7.822628607649699806e-01
1.566000000000000000e+03 3.237029411258171604e+04 1.846963380374432725e-12 -3.473499265993496010e-11 -7.799955278578724061e-01 1.846963380374432725e-12 -3.473499265993496010e-11 -7.799955278578724061e-01
1.567000000000000000e+03 3.239096479847736191e+04 1.839827877169030975e-12 -3.461586572939268081e-11 -7.776851379637174100e-01 1.839827877169030975e-12 -3.461586572939268081e-11 -7.776851379637174100e-01
1.568000000000000000e+03 3.241163548437300778e+04 1.834870418671633397e-12 -3.452416130755864287e-11 -7.754028794625109633e-01 1.834870418671633397e-12 -3.452416130755864287e-11 -7.754028794625109633e-01
1.569000000000000000e+03 3.243230617026865366e+04 1.828533231178319359e-12 -3.445688179226635839e-11 -7.732326598636458659e-01 1.828533231178319359e-12 -3.445688179226635839e-11 -7.732326598636458659e-01
1.570000000000000000e+03 3.245297685616429953e+04 1.821462626441077971e-12 -3.435551843011808160e-11 -7.712694492245606437e-01 1.821462626441077971e-12 -3.435551843011808160e-11 -7.712694492245606437e-01
1.571000000000000000e+03 3.247364754205994541e+04 1.816785873448764951e-12 -3.426325889677173109e-11 -7.696120166406938967e-01 1.816785873448764951e-12 -3.426325889677173109e-11 -7.696120166406938967e-01
1.572000000000000000e+03 3.249431822795559128e+04 1.813728804665995277e-12 -3.422651051465663841e-11 -7.683502583837917843e-01 1.813728804665995277e-12 -3.422651051465663841e-11 -7.683502583837917843e-01
1.573000000000000000e+03 3.251498891385123716e+04 1.806729897498890837e-12 -3.417011118500568045e-11 -7.675537302841065612e-01 1.806729897498890837e-12 -3.417011118500568045e-11 -7.675537302841065612e-01
1.574000000000000000e+03 3.253565959974688303e+04 1.801196646373505014e-12 -3.413258564677335016e-11 -7.672538387388788683e-01 1.801196646373505014e-12 -3.413258564677335016e-11 -7.672538387388788683e-01
1.575000000000000000e+03 3.255633028564252891e+04 1.802262275044594382e-12 -3.412592430862559922e-11 -7.674385743566083384e-01 1.802262275044594382e-12 -3.412592430862559922e-11 -7.674385743566083384e-01
1.576000000000000000e+03 3.257700097153817478e+04 1.797276484277446287e-12 -3.415334681733384059e-11 -7.680556282079403774e-01 1.797276484277446287e-12 -3.415334681733384059e-11 -7.680556282079403774e-01
1.577000000000000000e+03 3.259767165743382066e+04 1.795717115733345915e-12 -3.421363192757098659e-11 -7.690195924222582580e-01 1.795717115733345915e-12 -3.421363192757098659e-11 -7.690195924222582580e-01
1.578000000000000000e+03 3.261834234332946653e+04 1.800784081313963983e-12 -3.422073735492858759e-11 -7.702275558590597759e-01 1.800784081313963983e-12 -3.422073735492858759e-11 -7.702275558590597759e-01
1.579000000000000000e+03 3.263901302922511240e+04 1.803799234223543261e-12 -3.428868300403564717e-11 -7.715741653378270781e-01 1.803799234223543261e-12 -3.428868300403564717e-11 -7.715741653378270781e-01
1.580000000000000000e+03 3.265968371512075828e+04 1.807009411408375295e-12 -3.434286188763735481e-11 -7.729625107962514452e-01 1.807009411408375295e-12 -3.434286188763735481e-11 -7.729625107962514452e-01
1.581000000000000000e+03 3.268035440101640415e+04 1.808254003310523811e-12 -3.440048246261540044e-11 -7.743143560816800886e-01 1.808254003310523811e-12 -3.440048246261540044e-11 -7.743143560816800886e-01
1.582000000000000000e+03 3.270102508691205003e+04 1.811711429432065808e-12 -3.448052954269087422e-11 -7.755680007943586141e-01 1.811711429432065808e-12 -3.448052954269087422e-11 -7.755680007943586141e-01
1.583000000000000000e+03 3.272169577280769590e+04 1.816917305852859356e-12 -3.453803909536645733e-11 -7.766813095372484543e-01 1.816917305852859356e-12 -3.453803909536645733e-11 -7.766813095372484543e-01
1.584000000000000000e+03 3.274236645870334178e+04 1.824582608867908273e-12 -3.460831621282522974e-11 -7.776286352487521425e-01 1.824582608867908273e-12 -3.460831621282522974e-11 -7.776286352487521425e-01
1.585000000000000000e+03 3.276303714459898765e+04 1.825624604575242072e-12 -3.471944953759020791e-11 -7.784058130031186185e-01 1.825624604575242072e-12 -3.471944953759020791e-11 -7.784058130031186185e-01
1.586000000000000000e+03 3.278370783049463353e+04 1.839117999539284632e-12 -3.473754617289159796e-11 -7.790248124378855721e-01 1.839117999539284632e-12 -3.473754617289159796e-11 -7.790248124378855721e-01
1.587000000000000000e+03 3.280437851639027940e+04 1.845862050690973233e-12 -3.484912358686642619e-11 -7.795176707609102751e-01 1.845862050690973233e-12 -3.484912358686642619e-11 -7.795176707609102751e-01
1.588000000000000000e+03 3.282504920228592528e+04 1.856554364750436838e-12 -3.494193823172508928e-11 -7.799337822929330866e-01 1.856554364750436838e-12 -3.494193823172508928e-11 -7.799337822929330866e-01
1.589000000000000000e+03 3.284571988818157115e+04 1.868387616564998289e-12 -3.500821854629521113e-11 -7.803337047346539102e-01 1.868387616564998289e-12 -3.500821854629521113e-11 -7.803337047346539102e-01
1.590000000000000000e+03 3.286639057407721702e+04 1.873774118511823840e-12 -3.510980395304841295e-11 -7.807789764733261695e-01 1.873774118511823840e-12 -3.510980395304841295e-11 -7.807789764733261695e-01
1.591000000000000000e+03 3.288706125997286290e+04 1.883977974644839682e-12 -3.522770963826360457e-11 -7.813195584330843158e-01 1.883977974644839682e-12 -3.522770963826360457e-11 -7.813195584330843158e-01
1.592000000000000000e+03 3.290773194586850877e+04 1.900068290793168205e-12 -3.531586134641884200e-11 -7.819830269702006120e-01 1.900068290793168205e-12 -3.531586134641884200e-11 -7.819830269702006120e-01
1.593000000000000000e+03 3.292840263176415465e+04 1.913122761358544685e-12 -3.543554338847343388e-11 -7.827649538681799024e-01 1.913122761358544685e-12 -3.543554338847343388e-11 -7.827649538681799024e-01
1.594000000000000000e+03 3.294907331765980052e+04 1.932528491641542655e-12 -3.555400418520093808e-11 -7.836320730768089327e-01 1.932528491641542655e-12 -3.555400418520093808e-11 -7.836320730768089327e-01
1.595000000000000000e+03 3.296974400355544640e+04 1.943945622062540191e-12 -3.566957840206441688e-11 -7.845297303831952895e-01 1.943945622062540191e-12 -3.566957840206441688e-11 -7.845297303831952895e-01
1.596000000000000000e+03 3.299041468945109227e+04 1.960478925815073330e-12 -3.575562068647286651e-11 -7.853920645012325563e-01 1.960478925815073330e-12 -3.575562068647286651e-11 -7.853920645012325563e-01
1.597000000000000000e+03 3.301108537534673815e+04 1.968649771906274200e-12 -3.589328834152638592e-11 -7.861547067798985156e-01 1.968649771906274200e-12 -3.589328834152638592e-11 -7.861547067798985156e-01
1.598000000000000000e+03 3.303175606124238402e+04 1.984311803766182695e-12 -3.597278031008954713e-11 -7.867640189564562014e-01 1.984311803766182695e-12 -3.597278031008954713e-11 -7.867640189564562014e-01
1.599000000000000000e+03 3.305242674713802990e+04 1.991795858233231238e-12 -3.610289844857561548e-11 -7.871820520141117328e-01 1.991795858233231238e-12 -3.610289844857561548e-11 -7.871820520141117328e-01
1.600000000000000000e+03 3.307309743303367577e+04 1.997671523170753468e-12 -3.614142318753010841e-11 -7.873877441343175576e-01 1.997671523170753468e-12 -3.614142318753010841e-11 -7.873877441343175576e-01
1.601000000000000000e+03 3.309376811892932164e+04 2.009255886314737739e-12 -3.619815558408845391e-11 -7.873768536488379155e-01 2.009255886314737739e-12 -3.619815558408845391e-11 -7.873768536488379155e-01
1.602000000000000000e+03 3.311443880482496752e+04 2.016380310301524089e-12 -3.626376976484380066e-11 -7.871566185032801144e-01 2.016380310301524089e-12 -3.626376976484380066e-11 -7.871566185032801144e-01
1.603000000000000000e+03 3.313510949072061339e+04 2.026016708015628530e-12 -3.625533206985664947e-11 -7.867537384548097812e-01 2.026016708015628530e-12 -3.625533206985664947e-11 -7.867537384548097812e-01
1.604000000000000000e+03 3.315578017661625927e+04 2.028814103110950815e-12 -3.631472900167409534e-11 -7.862065295771674123e-01 2.028814103110950815e-12 -3.631472900167409534e-11 -7.862065295771674123e-01
1.605000000000000000e+03 3.317645086251190514e+04 2.031748722986686588e-12 -3.630551415056970654e-11 -7.855692585436366837e-01 2.031748722986686588e-12 -3.630551415056970654e-11 -7.855692585436366837e-01
1.606000000000000000e+03 3.319712154840755102e+04 2.036738326219287150e-12 -3.631850375995782088e-11 -7.849093256254571216e-01 2.036738326219287150e-12 -3.631850375995782088e-11 -7.849093256254571216e-01
1.607000000000000000e+03 3.321779223430319689e+04 2.033624483779621644e-12 -3.634648138017837482e-11 -7.843014836117006006e-01 2.033624483779621644e-12 -3.634648138017837482e-11 -7.843014836117006006e-01
1.608000000000000000e+03 3.323846292019884277e+04 2.034750522771329748e-12 -3.631428491246424528e-11 -7.838178244518609894e-01 2.034750522771329748e-12 -3.631428491246424528e-11 -7.838178244518609894e-01
1.609000000000000000e+03 3.325913360609448864e+04 2.032428418308393545e-12 -3.632827372257452225e-11 -7.835150646966391186e-01 2.032428418308393545e-12 -3.632827372257452225e-11 -7.835150646966391186e-01
1.610000000000000000e+03 3.327980429199013452e+04 2.030344780091420606e-12 -3.632005807219229609e-11 -7.834224816244880207e-01 2.030344780091420606e-12 -3.632005807219229609e-11 -7.834224816244880207e-01
1.611000000000000000e+03 3.330047497788578039e+04 2.029184430739316922e-12 -3.628863876059540416e-11 -7.835346846154338518e-01 2.029184430739316922e-12 -3.628863876059540416e-11 -7.835346846154338518e-01
1.612000000000000000e+03 3.332114566378142626e+04 2.024886319930583799e-12 -3.630884481964358201e-11 -7.838112005741566524e-01 2.024886319930583799e-12 -3.630884481964358201e-11 -7.838112005741566524e-01
1.613000000000000000e+03 3.334181634967707214e+04 2.026679067623146625e-12 -3.629141431815696706e-11 -7.841844614606183761e-01 2.026679067623146625e-12 -3.629141431815696706e-11 -7.841844614606183761e-01
1.614000000000000000e+03 3.336248703557271801e+04 2.024794380658260317e-12 -3.624422983961039790e-11 -7.845719064223970474e-01 2.024794380658260317e-12 -3.624422983961039790e-11 -7.845719064223970474e-01
1.615000000000000000e+03 3.338315772146836389e+04 2.018864694592413808e-12 -3.628108924402795310e-11 -7.848893844637835349e-01 2.018864694592413808e-12 -3.628108924402795310e-11 -7.848893844637835349e-01
1.616000000000000000e+03 3.340382840736400976e+04 2.019269551380955294e-12 -3.629707645558255535e-11 -7.850619211728002700e-01 2.019269551380955294e-12 -3.629707645558255535e-11 -7.850619211728002700e-01
1.617000000000000000e+03 3.342449909325965564e+04 2.014680976812559327e-12 -3.627120825910878921e-11 -7.850302335757562977e-01 2.014680976812559327e-12 -3.627120825910878921e-11 -7.850302335757562977e-01
1.618000000000000000e+03 3.344516977915530151e+04 2.006791948869792685e-12 -3.622047106688341955e-11 -7.847533239131916361e-01 2.006791948869792685e-12 -3.622047106688341955e-11 -7.847533239131916361e-01
1.619000000000000000e+03 3.346584046505094739e+04 2.002871041319244471e-12 -3.618472188549048951e-11 -7.842077438388653787e-01 2.002871041319244471e-12 -3.618472188549048951e-11 -7.842077438388653787e-01
1.620000000000000000e+03 3.348651115094659326e+04 1.998992578187828489e-12 -3.611910770473514276e-11 -7.833886991225929020e-01 1.998992578187828489e-12 -3.611910770473514276e-11 -7.833886991225929020e-01
1.621000000000000000e+03 3.350718183684223914e+04 1.992723451897505056e-12 -3.609645915503278957e-11 -7.823110096297434257e-01 1.992723451897505056e-12 -3.609645915503278957e-11 -7.823110096297434257e-01
1.622000000000000000e+03 3.352785252273788501e+04 1.987362637637177114e-12 -3.604849752036898280e-11 -7.810074795256485292e-01 1.987362637637177114e-12 -3.604849752036898280e-11 -7.810074795256485292e-01
1.623000000000000000e+03 3.354852320863353088e+04 1.983820713146628178e-12 -3.598321640652102360e-11 -7.795323243507736866e-01 1.983820713146628178e-12 -3.598321640652102360e-11 -7.795323243507736866e-01
1.624000000000000000e+03 3.356919389452917676e+04 1.981204164098655033e-12 -3.590483466098248755e-11 -7.779596587730075452e-01 1.981204164098655033e-12 -3.590483466098248755e-11 -7.779596587730075452e-01
1.625000000000000000e+03 3.358986458042482263e+04 1.976776800915026300e-12 -3.586830832347231990e-11 -7.763793163824730392e-01 1.976776800915026300e-12 -3.586830832347231990e-11 -7.763793163824730392e-01
1.626000000000000000e+03 3.361053526632046851e+04 1.973834395705069038e-12 -3.582556473702425137e-11 -7.748840351494448164e-01 1.973834395705069038e-12 -3.582556473702425137e-11 -7.748840351494448164e-01
1.627000000000000000e+03 3.363120595221611438e+04 1.976170238877141604e-12 -3.580880036935241151e-11 -7.735606759407899213e-01 1.976170238877141604e-12 -3.580880036935241151e-11 -7.735606759407899213e-01
1.628000000000000000e+03 3.365187663811176026e+04 1.982111500940914696e-12 -3.581623886361740006e-11 -7.724734628798366476e-01 1.982111500940914696e-12 -3.581623886361740006e-11 -7.724734628798366476e-01
1.629000000000000000e+03 3.367254732400740613e+04 1.983966884021230842e-12 -3.580624685639577365e-11 -7.716575418873743430e-01 1.983966884021230842e-12 -3.580624685639577365e-11 -7.716575418873743430e-01
1.630000000000000000e+03 3.369321800990305201e+04 1.991853138853207739e-12 -3.583877639101729073e-11 -7.711105646835366700e-01 1.991853138853207739e-12 -3.583877639101729073e-11 -7.711105646835366700e-01
1.631000000000000000e+03 3.371388869579869788e+04 1.994480873370641904e-12 -3.585598484789898066e-11 -7.708053662207590140e-01 1.994480873370641904e-12 -3.585598484789898066e-11 -7.708053662207590140e-01
1.632000000000000000e+03 3.373455938169434376e+04 2.005294826694520066e-12 -3.591427155669180138e-11 -7.706965884255727595e-01 2.005294826694520066e-12 -3.591427155669180138e-11 -7.706965884255727595e-01
1.633000000000000000e+03 3.375523006758998963e+04 2.019648236835606729e-12 -3.596123399063344550e-11 -7.707340726697025080e-01 2.019648236835606729e-12 -3.596123399063344550e-11 -7.707340726697025080e-01
1.634000000000000000e+03 3.377590075348563551e+04 2.026266040685997749e-12 -3.606925869092947323e-11 -7.708735414555247800e-01 2.026266040685997749e-12 -3.606925869092947323e-11 -7.708735414555247800e-01
1.635000000000000000e+03 3.379657143938128138e+04 2.039337897149544567e-12 -3.617139920919498763e-11 -7.710828944912896388e-01 2.039337897149544567e-12 -3.617139920919498763e-11 -7.710828944912896388e-01
1.636000000000000000e+03 3.381724212527692725e+04 2.050647737868028990e-12 -3.622613320430900785e-11 -7.713443246301492362e-01 2.050647737868028990e-12 -3.622613320430900785e-11 -7.713443246301492362e-01
1.637000000000000000e+03 3.383791281117257313e+04 2.063122482707905644e-12 -3.634059719814786149e-11 -7.716536992388303151e-01 2.063122482707905644e-12 -3.634059719814786149e-11 -7.716536992388303151e-01
1.638000000000000000e+03 3.385858349706821900e+04 2.076206288534661151e-12 -3.646394297618371638e-11 -7.720184608484500499e-01 2.076206288534661151e-12 -3.646394297618371638e-11 -7.720184608484500499e-01
1.639000000000000000e+03 3.387925418296386488e+04 2.087555911476727606e-12 -3.656763780668370600e-11 -7.724594598762803965e-01 2.087555911476727606e-12 -3.656763780668370600e-11 -7.724594598762803965e-01
1.640000000000000000e+03 3.389992486885951075e+04 2.103318723355901024e-12 -3.665379111339461815e-11 -7.730072823766024337e-01 2.103318723355901024e-12 -3.665379111339461815e-11 -7.730072823766024337e-01
1.641000000000000000e+03 3.392059555475515663e+04 2.114467899188881934e-12 -3.675371118561088224e-11 -7.737041620117626195e-01 2.114467899188881934e-12 -3.675371118561088224e-11 -7.737041620117626195e-01
1.642000000000000000e+03 3.394126624065080250e+04 2.125355931534264997e-12 -3.686828620175219839e-11 -7.746008507929770248e-01 2.125355931534264997e-12 -3.686828620175219839e-11 -7.746008507929770248e-01
1.643000000000000000e+03 3.396193692654644838e+04 2.131949093779066129e-12 -3.698841233301664033e-11 -7.757503658392815860e-01 2.131949093779066129e-12 -3.698841233301664033e-11 -7.757503658392815860e-01
1.644000000000000000e+03 3.398260761244209425e+04 2.147085181495741443e-12 -3.712041785064457144e-11 -7.771983930194350521e-01 2.147085181495741443e-12 -3.712041785064457144e-11 -7.771983930194350521e-01
1.645000000000000000e+03 3.400327829833774013e+04 2.158722455037994932e-12 -3.721745134299681013e-11 -7.789676698675975786e-01 2.158722455037994932e-12 -3.721745134299681013e-11 -7.789676698675975786e-01
1.646000000000000000e+03 3.402394898423338600e+04 2.166956062100563082e-12 -3.740452392264614900e-11 -7.810526083361621907e-01 2.166956062100563082e-12 -3.740452392264614900e-11 -7.810526083361621907e-01
1.647000000000000000e+03 3.404461967012903187e+04 2.178601423484794587e-12 -3.751021715459046391e-11 -7.834038017364450823e-01 2.178601423484794587e-12 -3.751021715459046391e-11 -7.834038017364450823e-01
1.648000000000000000e+03 3.406529035602467775e+04 2.191541422469972559e-12 -3.766886802480939878e-11 -7.859402973811946413e-01 2.191541422469972559e-12 -3.766886802480939878e-11 -7.859402973811946413e-01
1.649000000000000000e+03 3.408596104192032362e+04 2.192927566742703706e-12 -3.783096058640467163e-11 -7.885514113815361714e-01 2.192927566742703706e-12 -3.783096058640467163e-11 -7.885514113815361714e-01
1.650000000000000000e+03 3.410663172781596950e+04 2.199145661582046307e-12 -3.795874725653902715e-11 -7.911136879023589197e-01 2.199145661582046307e-12 -3.795874725653902715e-11 -7.911136879023589197e-01
1.651000000000000000e+03 3.412730241371161537e+04 2.207104697521899810e-12 -3.807376636189019337e-11 -7.935049636409867713e-01 2.207104697521899810e-12 -3.807376636189019337e-11 -7.935049636409867713e-01
1.652000000000000000e+03 3.414797309960726125e+04 2.210590240297857552e-12 -3.819100591329060990e-11 -7.956156608766513649e-01 2.210590240297857552e-12 -3.819100591329060990e-11 -7.956156608766513649e-01
1.653000000000000000e+03 3.416864378550290712e+04 2.213517523594263325e-12 -3.827482775164980922e-11 -7.973552539239081582e-01 2.213517523594263325e-12 -3.827482775164980922e-11 -7.973552539239081582e-01
1.654000000000000000e+03 3.418931447139855300e+04 2.212290302030946739e-12 -3.830991079922796416e-11 -7.986543906177102636e-01 2.212290302030946739e-12 -3.830991079922796416e-11 -7.986543906177102636e-01
1.655000000000000000e+03 3.420998515729419887e+04 2.207785001973128449e-12 -3.835998185763855872e-11 -7.994648810290719831e-01 2.207785001973128449e-12 -3.835998185763855872e-11 -7.994648810290719831e-01
1.656000000000000000e+03 3.423065584318984475e+04 2.205150778181053295e-12 -3.838762641095172512e-11 -7.997566861504759039e-01 2.205150778181053295e-12 -3.838762641095172512e-11 -7.997566861504759039e-01
1.657000000000000000e+03 3.425132652908549062e+04 2.199552890006973102e-12 -3.835665118856468325e-11 -7.995224683582600189e-01 2.199552890006973102e-12 -3.835665118856468325e-11 -7.995224683582600189e-01
1.658000000000000000e+03 3.427199721498113649e+04 2.192713863708310605e-12 -3.829736527904969989e-11 -7.987723109717876913e-01 2.192713863708310605e-12 -3.829736527904969989e-11 -7.987723109717876913e-01
1.659000000000000000e+03 3.429266790087678237e+04 2.179425308888385511e-12 -3.821276628457326296e-11 -7.975408442419060773e-01 2.179425308888385511e-12 -3.821276628457326296e-11 -7.975408442419060773e-01
1.660000000000000000e+03 3.431333858677242824e+04 2.170221014243296262e-12 -3.811417847998654906e-11 -7.958847670464680446e-01 2.170221014243296262e-12 -3.811417847998654906e-11 -7.958847670464680446e-01
1.661000000000000000e+03 3.433400927266807412e+04 2.161910873680324739e-12 -3.797417935658131682e-11 -7.938815261031360038e-01 2.161910873680324739e-12 -3.797417935658131682e-11 -7.938815261031360038e-01
1.662000000000000000e+03 3.435467995856371999e+04 2.148886036854525159e-12 -3.787870017646355336e-11 -7.916172438072930362e-01 2.148886036854525159e-12 -3.787870017646355336e-11 -7.916172438072930362e-01
1.663000000000000000e+03 3.437535064445936587e+04 2.138103344894231569e-12 -3.776490231643947482e-11 -7.891816932003696827e-01 2.138103344894231569e-12 -3.776490231643947482e-11 -7.891816932003696827e-01
1.664000000000000000e+03 3.439602133035501174e+04 2.133935392846277372e-12 -3.757893995981476110e-11 -7.866515672402375481e-01 2.133935392846277372e-12 -3.757893995981476110e-11 -7.866515672402375481e-01
1.665000000000000000e+03 3.441669201625065762e+04 2.119470601755826154e-12 -3.750122434809100014e-11 -7.840863943139559922e-01 2.119470601755826154e-12 -3.750122434809100014e-11 -7.840863943139559922e-01
1.666000000000000000e+03 3.443736270214630349e+04 2.111447467610164713e-12 -3.737721243624037015e-11 -7.815138019915625067e-01 2.111447467610164713e-12 -3.737721243624037015e-11 -7.815138019915625067e-01
1.667000000000000000e+03 3.445803338804194937e+04 2.102020939706677252e-12 -3.730060704754123435e-11 -7.789428851727910885e-01 2.102020939706677252e-12 -3.730060704754123435e-11 -7.789428851727910885e-01
1.668000000000000000e+03 3.447870407393759524e+04 2.098174945006982085e-12 -3.721689623148449755e-11 -7.763676685968690094e-01 2.098174945006982085e-12 -3.721689623148449755e-11 -7.763676685968690094e-01
1.669000000000000000e+03 3.449937475983324111e+04 2.090592413535164899e-12 -3.708733320451074178e-11 -7.737791661179445057e-01 2.090592413535164899e-12 -3.708733320451074178e-11 -7.737791661179445057e-01
1.670000000000000000e+03 3.452004544572888699e+04 2.088925801163245016e-12 -3.703548578926074697e-11 -7.711753960622415027e-01 2.088925801163245016e-12 -3.703548578926074697e-11 -7.711753960622415027e-01
1.671000000000000000e+03 3.454071613162453286e+04 2.086784085113964865e-12 -3.694378136742670904e-11 -7.685679325518121052e-01 2.086784085113964865e-12 -3.694378136742670904e-11 -7.685679325518121052e-01
1.672000000000000000e+03 3.456138681752017874e+04 2.085864575722669064e-12 -3.682532057069920484e-11 -7.659845136674890975e-01 2.085864575722669064e-12 -3.682532057069920484e-11 -7.659845136674890975e-01
1.673000000000000000e+03 3.458205750341582461e+04 2.083191529784749315e-12 -3.681299709512586560e-11 -7.634684184076117042e-01 2.083191529784749315e-12 -3.681299709512586560e-11 -7.634684184076117042e-01
1.674000000000000000e+03 3.460272818931147049e+04 2.090257356625094005e-12 -3.676781101802362173e-11 -7.610792945711549740e-01 2.090257356625094005e-12 -3.676781101802362173e-11 -7.610792945711549740e-01
1.675000000000000000e+03 3.462339887520711636e+04 2.090980345593694344e-12 -3.675004744962961922e-11 -7.588882000297021424e-01 2.090980345593694344e-12 -3.675004744962961922e-11 -7.588882000297021424e-01
1.676000000000000000e+03 3.464406956110276224e+04 2.093972702005872753e-12 -3.672162574019921522e-11 -7.569810672263230789e-01 2.093972702005872753e-12 -3.672162574019921522e-11 -7.569810672263230789e-01
1.677000000000000000e+03 3.466474024699840811e+04 2.096805515943149057e-12 -3.671718484810071459e-11 -7.554563870859842822e-01 2.096805515943149057e-12 -3.671718484810071459e-11 -7.554563870859842822e-01
1.678000000000000000e+03 3.468541093289405399e+04 2.102515526676444739e-12 -3.673672477333411734e-11 -7.544219424219851255e-01 2.102515526676444739e-12 -3.673672477333411734e-11 -7.544219424219851255e-01
1.679000000000000000e+03 3.470608161878969986e+04 2.113196757156868507e-12 -3.676658977269653406e-11 -7.539885720207328834e-01 2.113196757156868507e-12 -3.676658977269653406e-11 -7.539885720207328834e-01
1.680000000000000000e+03 3.472675230468534573e+04 2.124822886225365444e-12 -3.687128380391868632e-11 -7.542537292571547258e-01 2.124822886225365444e-12 -3.687128380391868632e-11 -7.542537292571547258e-01
1.681000000000000000e+03 3.474742299058099161e+04 2.136645513160751331e-12 -3.697153694304233795e-11 -7.552878441283933375e-01 2.136645513160751331e-12 -3.697153694304233795e-11 -7.552878441283933375e-01
1.682000000000000000e+03 3.476809367647663748e+04 2.152096710328040411e-12 -3.712818941181694754e-11 -7.571188905988764928e-01 2.152096710328040411e-12 -3.712818941181694754e-11 -7.571188905988764928e-01
1.683000000000000000e+03 3.478876436237228336e+04 2.167699442519940449e-12 -3.735578513186510463e-11 -7.597172687673519054e-01 2.167699442519940449e-12 -3.735578513186510463e-11 -7.597172687673519054e-01
1.684000000000000000e+03 3.480943504826792923e+04 2.184930778229073705e-12 -3.753775068560116779e-11 -7.630009614763415549e-01 2.184930778229073705e-12 -3.753775068560116779e-11 -7.630009614763415549e-01
1.685000000000000000e+03 3.483010573416357511e+04 2.204546654935859837e-12 -3.782052448997319516e-11 -7.668421873717639059e-01 2.204546654935859837e-12 -3.782052448997319516e-11 -7.668421873717639059e-01
1.686000000000000000e+03 3.485077642005922098e+04 2.218761188620891938e-12 -3.805344928053955300e-11 -7.710850732620033732e-01 2.218761188620891938e-12 -3.805344928053955300e-11 -7.710850732620033732e-01
1.687000000000000000e+03 3.487144710595486686e+04 2.240039813244357647e-12 -3.834710327055290691e-11 -7.755643585553058106e-01 2.240039813244357647e-12 -3.834710327055290691e-11 -7.755643585553058106e-01
1.688000000000000000e+03 3.489211779185051273e+04 2.257660037016397333e-12 -3.862965503032000925e-11 -7.801209848359771382e-01 2.257660037016397333e-12 -3.862965503032000925e-11 -7.801209848359771382e-01
1.689000000000000000e+03 3.491278847774615861e+04 2.270512501641996344e-12 -3.889111255261923361e-11 -7.846118937286084005e-01 2.270512501641996344e-12 -3.889111255261923361e-11 -7.846118937286084005e-01
1.690000000000000000e+03 3.493345916364180448e+04 2.286365774475263019e-12 -3.911604373740829033e-11 -7.889141104859865861e-01 2.286365774475263019e-12 -3.911604373740829033e-11 -7.889141104859865861e-01
1.691000000000000000e+03 3.495412984953745035e+04 2.295405725782374895e-12 -3.934752523804263546e-11 -7.929250170729800207e-01 2.295405725782374895e-12 -3.934752523804263546e-11 -7.929250170729800207e-01
1.692000000000000000e+03 3.497480053543309623e+04 2.303923473514879735e-12 -3.956579508468394124e-11 -7.965620812401101869e-01 2.303923473514879735e-12 -3.956579508468394124e-11 -7.965620812401101869e-01
1.693000000000000000e+03 3.499547122132874210e+04 2.315184591979990062e-12 -3.976263762694998150e-11 -7.997584560568167245e-01 2.315184591979990062e-12 -3.976263762694998150e-11 -7.997584560568167245e-01
1.694000000000000000e+03 3.501614190722438798e+04 2.319645108083780980e-12 -3.987588037546174746e-11 -8.024711906617948420e-01 2.319645108083780980e-12 -3.987588037546174746e-11 -8.024711906617948420e-01
1.695000000000000000e+03 3.503681259312003385e+04 2.322953998102386887e-12 -3.999944819810252739e-11 -8.046739104952898014e-01 2.322953998102386887e-12 -3.999944819810252739e-11 -8.046739104952898014e-01
1.696000000000000000e+03 3.505748327901567973e+04 2.323458139931046270e-12 -4.009015341921440267e-11 -8.063607634131610968e-01 2.323458139931046270e-12 -4.009015341921440267e-11 -8.063607634131610968e-01
1.697000000000000000e+03 3.507815396491132560e+04 2.320095023265121684e-12 -4.010014542643602908e-11 -8.075431304295217494e-01 2.320095023265121684e-12 -4.010014542643602908e-11 -8.075431304295217494e-01
1.698000000000000000e+03 3.509882465080697148e+04 2.321284722969726264e-12 -4.017286503454897684e-11 -8.082438832850489252e-01 2.321284722969726264e-12 -4.017286503454897684e-11 -8.082438832850489252e-01
1.699000000000000000e+03 3.511949533670261735e+04 2.311629804241847008e-12 -4.013578358552649661e-11 -8.084889682356681817e-01 2.311629804241847008e-12 -4.013578358552649661e-11 -8.084889682356681817e-01
1.700000000000000000e+03 3.514016602259826323e+04 2.300042756023924973e-12 -4.011646570489801888e-11 -8.082969632913430402e-01 2.300042756023924973e-12 -4.011646570489801888e-11 -8.082969632913430402e-01
1.701000000000000000e+03 3.516083670849390910e+04 2.293446485885974007e-12 -4.005873410761751074e-11 -8.076737582983299912e-01 2.293446485885974007e-12 -4.005873410761751074e-11 -8.076737582983299912e-01
1.702000000000000000e+03 3.518150739438955497e+04 2.285630899235957280e-12 -3.995725972316677144e-11 -8.066077233598107910e-01 2.285630899235957280e-12 -3.995725972316677144e-11 -8.066077233598107910e-01
1.703000000000000000e+03 3.520217808028520085e+04 2.277899577663021522e-12 -3.989231167622619978e-11 -8.050724312417765205e-01 2.277899577663021522e-12 -3.989231167622619978e-11 -8.050724312417765205e-01
1.704000000000000000e+03 3.522284876618084672e+04 2.267746995401949140e-12 -3.976474705069676929e-11 -8.030378504156683306e-01 2.267746995401949140e-12 -3.976474705069676929e-11 -8.030378504156683306e-01
1.705000000000000000e+03 3.524351945207649260e+04 2.253126747464338270e-12 -3.964351069640770220e-11 -8.004756267880779319e-01 2.253126747464338270e-12 -3.964351069640770220e-11 -8.004756267880779319e-01
1.706000000000000000e+03 3.526419013797213847e+04 2.238195258569856485e-12 -3.947975280027549161e-11 -7.973705622243613123e-01 2.238195258569856485e-12 -3.947975280027549161e-11 -7.973705622243613123e-01
1.707000000000000000e+03 3.528486082386778435e+04 2.225183353190734437e-12 -3.931455161421126832e-11 -7.937263304240296247e-01 2.225183353190734437e-12 -3.931455161421126832e-11 -7.937263304240296247e-01
1.708000000000000000e+03 3.530553150976343022e+04 2.209189119274702611e-12 -3.913147583745058000e-11 -7.895685954836236808e-01 2.209189119274702611e-12 -3.913147583745058000e-11 -7.895685954836236808e-01
1.709000000000000000e+03 3.532620219565907610e+04 2.198706201165800260e-12 -3.891420519153143687e-11 -7.849448193187218425e-01 2.198706201165800260e-12 -3.891420519153143687e-11 -7.849448193187218425e-01
1.710000000000000000e+03 3.534687288155472197e+04 2.182610148869459190e-12 -3.872069331833927208e-11 -7.799296674417304231e-01 2.182610148869459190e-12 -3.872069331833927208e-11 -7.799296674417304231e-01
1.711000000000000000e+03 3.536754356745036785e+04 2.170501850787942392e-12 -3.851652330411070579e-11 -7.746144009093181015e-01 2.170501850787942392e-12 -3.851652330411070579e-11 -7.746144009093181015e-01
1.712000000000000000e+03 3.538821425334601372e+04 2.152927520285570917e-12 -3.824951466668835565e-11 -7.691190247135768487e-01 2.152927520285570917e-12 -3.824951466668835565e-11 -7.691190247135768487e-01
1.713000000000000000e+03 3.540888493924165959e+04 2.143306249577238751e-12 -3.803990455963912609e-11 -7.635885635984565045e-01 2.143306249577238751e-12 -3.803990455963912609e-11 -7.635885635984565045e-01
1.714000000000000000e+03 3.542955562513730547e+04 2.132513202625413100e-12 -3.779343504817234134e-11 -7.581940946823869654e-01 2.132513202625413100e-12 -3.779343504817234134e-11 -7.581940946823869654e-01
1.715000000000000000e+03 3.545022631103295134e+04 2.121620428554991894e-12 -3.762634648296625528e-11 -7.531281873796400461e-01 2.121620428554991894e-12 -3.762634648296625528e-11 -7.531281873796400461e-01
1.716000000000000000e+03 3.547089699692859722e+04 2.110405849276714281e-12 -3.748146237825267235e-11 -7.485938766165265434e-01 2.110405849276714281e-12 -3.748146237825267235e-11 -7.485938766165265434e-01
1.717000000000000000e+03 3.549156768282424309e+04 2.109138945903977945e-12 -3.731126518857763585e-11 -7.447870131366440827e-01 2.109138945903977945e-12 -3.731126518857763585e-11 -7.447870131366440827e-01
1.718000000000000000e+03 3.551223836871988897e+04 2.113969138610471025e-12 -3.722644414949627389e-11 -7.418745113696323390e-01 2.113969138610471025e-12 -3.722644414949627389e-11 -7.418745113696323390e-01
1.719000000000000000e+03 3.553290905461553484e+04 2.112391538075686332e-12 -3.716915664142561582e-11 -7.399768378827933368e-01 2.112391538075686332e-12 -3.716915664142561582e-11 -7.399768378827933368e-01
1.720000000000000000e+03 3.555357974051118072e+04 2.120577555030208530e-12 -3.717270935510441632e-11 -7.391513725203258112e-01 2.120577555030208530e-12 -3.717270935510441632e-11 -7.391513725203258112e-01
1.721000000000000000e+03 3.557425042640682659e+04 2.126403789112999440e-12 -3.723710229053267540e-11 -7.393947298654819367e-01 2.126403789112999440e-12 -3.723710229053267540e-11 -7.393947298654819367e-01
1.722000000000000000e+03 3.559492111230247247e+04 2.134623031582165905e-12 -3.739009102332602197e-11 -7.406524086810881702e-01 2.134623031582165905e-12 -3.739009102332602197e-11 -7.406524086810881702e-01
1.723000000000000000e+03 3.561559179819811834e+04 2.152485055916815066e-12 -3.753930499783564301e-11 -7.428292605588822095e-01 2.152485055916815066e-12 -3.753930499783564301e-11 -7.428292605588822095e-01
1.724000000000000000e+03 3.563626248409376421e+04 2.166541764370737601e-12 -3.774391910127405936e-11 -7.458137227187684459e-01 2.166541764370737601e-12 -3.774391910127405936e-11 -7.458137227187684459e-01
1.725000000000000000e+03 3.565693316998941009e+04 2.184120271915333984e-12 -3.802202996894266107e-11 -7.494843281596844653e-01 2.184120271915333984e-12 -3.802202996894266107e-11 -7.494843281596844653e-01
1.726000000000000000e+03 3.567760385588505596e+04 2.203832794773871589e-12 -3.830435968410483838e-11 -7.537210334306050363e-01 2.203832794773871589e-12 -3.830435968410483838e-11 -7.537210334306050363e-01
1.727000000000000000e+03 3.569827454178070184e+04 2.221955555746280949e-12 -3.863587227925791012e-11 -7.584080744004095820e-01 2.221955555746280949e-12 -3.863587227925791012e-11 -7.584080744004095820e-01
1.728000000000000000e+03 3.571894522767634771e+04 2.244568073413032686e-12 -3.895539446574503017e-11 -7.634352649055605733e-01 2.244568073413032686e-12 -3.895539446574503017e-11 -7.634352649055605733e-01
1.729000000000000000e+03 3.573961591357199359e+04 2.260256516287751619e-12 -3.924793823273375892e-11 -7.686989313032688287e-01 2.260256516287751619e-12 -3.924793823273375892e-11 -7.686989313032688287e-01
1.730000000000000000e+03 3.576028659946763946e+04 2.278423846635045929e-12 -3.957367766815877985e-11 -7.741038322591441423e-01 2.278423846635045929e-12 -3.957367766815877985e-11 -7.741038322591441423e-01
1.731000000000000000e+03 3.578095728536328534e+04 2.299983942957293710e-12 -3.991817987269996593e-11 -7.795647628853552558e-01 2.299983942957293710e-12 -3.991817987269996593e-11 -7.795647628853552558e-01
1.732000000000000000e+03 3.580162797125893121e+04 2.314878809986747063e-12 -4.021460942027488272e-11 -7.850074242986622153e-01 2.314878809986747063e-12 -4.021460942027488272e-11 -7.850074242986622153e-01
1.733000000000000000e+03 3.582229865715457709e+04 2.325574224927880363e-12 -4.051914359592956316e-11 -7.903665197969886869e-01 2.325574224927880363e-12 -4.051914359592956316e-11 -7.903665197969886869e-01
1.734000000000000000e+03 3.584296934305022296e+04 2.341452685430851945e-12 -4.079436788373413947e-11 -7.955804840169986569e-01 2.341452685430851945e-12 -4.079436788373413947e-11 -7.955804840169986569e-01
1.735000000000000000e+03 3.586364002894586883e+04 2.353379693769901448e-12 -4.106814888160670307e-11 -8.005838541861438618e-01 2.353379693769901448e-12 -4.106814888160670307e-11 -8.005838541861438618e-01
1.736000000000000000e+03 3.588431071484151471e+04 2.368811393360382258e-12 -4.130051856066074834e-11 -8.053007009503785341e-01 2.368811393360382258e-12 -4.130051856066074834e-11 -8.053007009503785341e-01
1.737000000000000000e+03 3.590498140073716058e+04 2.371680986047913931e-12 -4.154043775628224466e-11 -8.096349290114611685e-01 2.371680986047913931e-12 -4.154043775628224466e-11 -8.096349290114611685e-01
1.738000000000000000e+03 3.592565208663280646e+04 2.380464630993991422e-12 -4.171540890496316933e-11 -8.134816644462308233e-01 2.380464630993991422e-12 -4.171540890496316933e-11 -8.134816644462308233e-01
1.739000000000000000e+03 3.594632277252845233e+04 2.389394274002243501e-12 -4.191424984867353487e-11 -8.167230225916362052e-01 2.389394274002243501e-12 -4.191424984867353487e-11 -8.167230225916362052e-01
1.740000000000000000e+03 3.596699345842409821e+04 2.389503952401632197e-12 -4.201539116621688663e-11 -8.192431962882442686e-01 2.389503952401632197e-12 -4.201539116621688663e-11 -8.192431962882442686e-01
1.741000000000000000e+03 3.598766414431974408e+04 2.386392743138056449e-12 -4.209510517938497287e-11 -8.209380826207166582e-01 2.386392743138056449e-12 -4.209510517938497287e-11 -8.209380826207166582e-01
1.742000000000000000e+03 3.600833483021538996e+04 2.379752335129131100e-12 -4.213618343129610366e-11 -8.217227326092582107e-01 2.379752335129131100e-12 -4.213618343129610366e-11 -8.217227326092582107e-01
1.743000000000000000e+03 3.602900551611103583e+04 2.379166921157822483e-12 -4.209865789306377337e-11 -8.215398096866035615e-01 2.379166921157822483e-12 -4.209865789306377337e-11 -8.215398096866035615e-01
1.744000000000000000e+03 3.604967620200668171e+04 2.366264795946236215e-12 -4.204891990156056636e-11 -8.203571450699300716e-01 2.366264795946236215e-12 -4.204891990156056636e-11 -8.203571450699300716e-01
1.745000000000000000e+03 3.607034688790232758e+04 2.356405022157368389e-12 -4.194000702284483850e-11 -8.181635950266015200e-01 2.356405022157368389e-12 -4.194000702284483850e-11 -8.181635950266015200e-01
1.746000000000000000e+03 3.609101757379797345e+04 2.343845692944532568e-12 -4.175870760292355044e-11 -8.149796588599587110e-01 2.343845692944532568e-12 -4.175870760292355044e-11 -8.149796588599587110e-01
1.747000000000000000e+03 3.611168825969361933e+04 2.321864046021603636e-12 -4.155720212395408453e-11 -8.108468020597449089e-01 2.321864046021603636e-12 -4.155720212395408453e-11 -8.108468020597449089e-01
1.748000000000000000e+03 3.613235894558926520e+04 2.302166213630060295e-12 -4.129296904409329727e-11 -8.058321176189903179e-01 2.302166213630060295e-12 -4.129296904409329727e-11 -8.058321176189903179e-01
1.749000000000000000e+03 3.615302963148491108e+04 2.287616073006411174e-12 -4.100519923611045670e-11 -8.000331665880289211e-01 2.287616073006411174e-12 -4.100519923611045670e-11 -8.000331665880289211e-01
1.750000000000000000e+03 3.617370031738055695e+04 2.263930342572676847e-12 -4.069589110144988808e-11 -7.935786519124782279e-01 2.263930342572676847e-12 -4.069589110144988808e-11 -7.935786519124782279e-01
1.751000000000000000e+03 3.619437100327620283e+04 2.240970566457859922e-12 -4.036015965880324075e-11 -7.866290482197915157e-01 2.240970566457859922e-12 -4.036015965880324075e-11 -7.866290482197915157e-01
1.752000000000000000e+03 3.621504168917184870e+04 2.217734697159158823e-12 -4.003242182193389453e-11 -7.793724038708749191e-01 2.217734697159158823e-12 -4.003242182193389453e-11 -7.793724038708749191e-01
1.753000000000000000e+03 3.623571237506749458e+04 2.198857457975540489e-12 -3.966760253604206810e-11 -7.720147165812520917e-01 2.198857457975540489e-12 -3.966760253604206810e-11 -7.720147165812520917e-01
1.754000000000000000e+03 3.625638306096314045e+04 2.175985368750526937e-12 -3.928979364076212732e-11 -7.647661351762935489e-01 2.175985368750526937e-12 -3.928979364076212732e-11 -7.647661351762935489e-01
1.755000000000000000e+03 3.627705374685878633e+04 2.157870438798241617e-12 -3.899991440903249895e-11 -7.578249012597970680e-01 2.157870438798241617e-12 -3.899991440903249895e-11 -7.578249012597970680e-01
1.756000000000000000e+03 3.629772443275443220e+04 2.142749331726854023e-12 -3.869504716647043097e-11 -7.513648777966676073e-01 2.142749331726854023e-12 -3.869504716647043097e-11 -7.513648777966676073e-01
1.757000000000000000e+03 3.631839511865007808e+04 2.132071220638864019e-12 -3.845512797084893464e-11 -7.455278883093430231e-01 2.132071220638864019e-12 -3.845512797084893464e-11 -7.455278883093430231e-01
1.758000000000000000e+03 3.633906580454572395e+04 2.119128839730120749e-12 -3.826250427607646998e-11 -7.404236120925578035e-01 2.119128839730120749e-12 -3.826250427607646998e-11 -7.404236120925578035e-01
1.759000000000000000e+03 3.635973649044136982e+04 2.111795575018507983e-12 -3.810207704901813486e-11 -7.361344635343182174e-01 2.111795575018507983e-12 -3.810207704901813486e-11 -7.361344635343182174e-01
1.760000000000000000e+03 3.638040717633701570e+04 2.107298806029847208e-12 -3.797129277671729142e-11 -7.327225676803680310e-01 2.107298806029847208e-12 -3.797129277671729142e-11 -7.327225676803680310e-01
1.761000000000000000e+03 3.640107786223266157e+04 2.104734723479645225e-12 -3.790345814991269435e-11 -7.302359374670148728e-01 2.104734723479645225e-12 -3.790345814991269435e-11 -7.302359374670148728e-01
1.762000000000000000e+03 3.642174854812830745e+04 2.108903598965403938e-12 -3.788613867072854191e-11 -7.287125589228763411e-01 2.108903598965403938e-12 -3.788613867072854191e-11 -7.287125589228763411e-01
1.763000000000000000e+03 3.644241923402395332e+04 2.110150012943789121e-12 -3.788458435849406669e-11 -7.281788036943768194e-01 2.110150012943789121e-12 -3.788458435849406669e-11 -7.281788036943768194e-01
1.764000000000000000e+03 3.646308991991959920e+04 2.119079533922699547e-12 -3.798750203287681870e-11 -7.286529014531424320e-01 2.119079533922699547e-12 -3.798750203287681870e-11 -7.286529014531424320e-01
1.765000000000000000e+03 3.648376060581524507e+04 2.128950070301587235e-12 -3.813782623041106490e-11 -7.301405923284347566e-01 2.128950070301587235e-12 -3.813782623041106490e-11 -7.301405923284347566e-01
1.766000000000000000e+03 3.650443129171089095e+04 2.139935826433067269e-12 -3.831468475823385234e-11 -7.326362075915113792e-01 2.139935826433067269e-12 -3.831468475823385234e-11 -7.326362075915113792e-01
1.767000000000000000e+03 3.652510197760653682e+04 2.157211880865966789e-12 -3.855016306175684804e-11 -7.361190095733146643e-01 2.157211880865966789e-12 -3.855016306175684804e-11 -7.361190095733146643e-01
1.768000000000000000e+03 3.654577266350218270e+04 2.171308570046390885e-12 -3.882472121574664925e-11 -7.405553017919739300e-01 2.171308570046390885e-12 -3.882472121574664925e-11 -7.405553017919739300e-01
1.769000000000000000e+03 3.656644334939782857e+04 2.191043450980591006e-12 -3.914124580006728138e-11 -7.458924281751106999e-01 2.191043450980591006e-12 -3.914124580006728138e-11 -7.458924281751106999e-01
1.770000000000000000e+03 3.658711403529347444e+04 2.217380689360760945e-12 -3.947087101607849036e-11 -7.520531594663302233e-01 2.217380689360760945e-12 -3.947087101607849036e-11 -7.520531594663302233e-01
1.771000000000000000e+03 3.660778472118912032e+04 2.238481390153809837e-12 -3.988753771722031161e-11 -7.589286905741865485e-01 2.238481390153809837e-12 -3.988753771722031161e-11 -7.589286905741865485e-01
1.772000000000000000e+03 3.662845540708476619e+04 2.256596913454038263e-12 -4.034184097889692566e-11 -7.663734542142346395e-01 2.256596913454038263e-12 -4.034184097889692566e-11 -7.663734542142346395e-01
1.773000000000000000e+03 3.664912609298041207e+04 2.285129118166917311e-12 -4.075684234550180918e-11 -7.742050235187406537e-01 2.285129118166917311e-12 -4.075684234550180918e-11 -7.742050235187406537e-01
1.774000000000000000e+03 3.666979677887605794e+04 2.308813013682300252e-12 -4.127453934188451967e-11 -7.822114589534707729e-01 2.308813013682300252e-12 -4.127453934188451967e-11 -7.822114589534707729e-01
1.775000000000000000e+03 3.669046746477170382e+04 2.329284319717908567e-12 -4.168243528113180218e-11 -7.901633296571028975e-01 2.329284319717908567e-12 -4.168243528113180218e-11 -7.901633296571028975e-01
1.776000000000000000e+03 3.671113815066734969e+04 2.347376069295828933e-12 -4.213684956511087876e-11 -7.978323186358364794e-01 2.347376069295828933e-12 -4.213684956511087876e-11 -7.978323186358364794e-01
1.777000000000000000e+03 3.673180883656299557e+04 2.369885806622374977e-12 -4.252553864603214606e-11 -8.050047786315024378e-01 2.369885806622374977e-12 -4.252553864603214606e-11 -8.050047786315024378e-01
1.778000000000000000e+03 3.675247952245864144e+04 2.384984251927365392e-12 -4.288314148226390898e-11 -8.114941046355277354e-01 2.384984251927365392e-12 -4.288314148226390898e-11 -8.114941046355277354e-01
1.779000000000000000e+03 3.677315020835428732e+04 2.400635258253307089e-12 -4.319922197737469105e-11 -8.171461793398018258e-01 2.400635258253307089e-12 -4.319922197737469105e-11 -8.171461793398018258e-01
1.780000000000000000e+03 3.679382089424993319e+04 2.414608519411359274e-12 -4.350741988901063451e-11 -8.218399493190171601e-01 2.414608519411359274e-12 -4.350741988901063451e-11 -8.218399493190171601e-01
1.781000000000000000e+03 3.681449158014557906e+04 2.414857395987476686e-12 -4.366829120527881969e-11 -8.254849682608584871e-01 2.414857395987476686e-12 -4.366829120527881969e-11 -8.254849682608584871e-01
1.782000000000000000e+03 3.683516226604122494e+04 2.421063322842663370e-12 -4.383815532804646864e-11 -8.280190377913684285e-01 2.421063322842663370e-12 -4.383815532804646864e-11 -8.280190377913684285e-01
1.783000000000000000e+03 3.685583295193687081e+04 2.417210001411604674e-12 -4.388134300370438723e-11 -8.294008697317742929e-01 2.417210001411604674e-12 -4.388134300370438723e-11 -8.294008697317742929e-01
1.784000000000000000e+03 3.687650363783251669e+04 2.414253942115388309e-12 -4.389444363539496408e-11 -8.296224444737937409e-01 2.414253942115388309e-12 -4.389444363539496408e-11 -8.296224444737937409e-01
1.785000000000000000e+03 3.689717432372816256e+04 2.409655239576672199e-12 -4.383693408271938097e-11 -8.286922327827499490e-01 2.409655239576672199e-12 -4.383693408271938097e-11 -8.286922327827499490e-01
1.786000000000000000e+03 3.691784500962380844e+04 2.398184093653962156e-12 -4.371891737520172683e-11 -8.266518140363062761e-01 2.398184093653962156e-12 -4.371891737520172683e-11 -8.266518140363062761e-01
1.787000000000000000e+03 3.693851569551945431e+04 2.385678014676876084e-12 -4.355638072439660391e-11 -8.235716554094980602e-01 2.385678014676876084e-12 -4.355638072439660391e-11 -8.235716554094980602e-01
1.788000000000000000e+03 3.695918638141510019e+04 2.369098685122317112e-12 -4.333466918637896015e-11 -8.195456930202822399e-01 2.369098685122317112e-12 -4.333466918637896015e-11 -8.195456930202822399e-01
1.789000000000000000e+03 3.697985706731074606e+04 2.348613087420199478e-12 -4.309641532529440155e-11 -8.146880097563691248e-01 2.348613087420199478e-12 -4.309641532529440155e-11 -8.146880097563691248e-01
1.790000000000000000e+03 3.700052775320639194e+04 2.332282402986069511e-12 -4.279732124246038438e-11 -8.091220626111170766e-01 2.332282402986069511e-12 -4.279732124246038438e-11 -8.091220626111170766e-01
1.791000000000000000e+03 3.702119843910203781e+04 2.311204081436293171e-12 -4.251898833018685764e-11 -8.029700520757441229e-01 2.311204081436293171e-12 -4.251898833018685764e-11 -8.029700520757441229e-01
1.792000000000000000e+03 3.704186912499768368e+04 2.288679476619452020e-12 -4.218247973142297269e-11 -7.963445845878467377e-01 2.288679476619452020e-12 -4.218247973142297269e-11 -7.963445845878467377e-01
1.793000000000000000e+03 3.706253981089332956e+04 2.268683132556318088e-12 -4.182665325203061002e-11 -7.893456322262902836e-01 2.268683132556318088e-12 -4.182665325203061002e-11 -7.893456322262902836e-01
1.794000000000000000e+03 3.708321049678897543e+04 2.245191535608715070e-12 -4.148392740432882420e-11 -7.820638183709097691e-01 2.245191535608715070e-12 -4.148392740432882420e-11 -7.820638183709097691e-01
1.795000000000000000e+03 3.710388118268462131e+04 2.227424317869948979e-12 -4.110323192918485802e-11 -7.745881795183521268e-01 2.227424317869948979e-12 -4.110323192918485802e-11 -7.745881795183521268e-01
1.796000000000000000e+03 3.712455186858026718e+04 2.200121139032318531e-12 -4.074707238288510780e-11 -7.670150152616477257e-01 2.200121139032318531e-12 -4.074707238288510780e-11 -7.670150152616477257e-01
1.797000000000000000e+03 3.714522255447591306e+04 2.182669698951890126e-12 -4.040934253879413518e-11 -7.594547953652328598e-01 2.182669698951890126e-12 -4.040934253879413518e-11 -7.594547953652328598e-01
1.798000000000000000e+03 3.716589324037155893e+04 2.158055113463625227e-12 -4.007383314075241287e-11 -7.520352038733526534e-01 2.158055113463625227e-12 -4.007383314075241287e-11 -7.520352038733526534e-01
1.799000000000000000e+03 3.718656392626720481e+04 2.142197211426311393e-12 -3.970479500736701084e-11 -7.449004213853251954e-01 2.142197211426311393e-12 -3.970479500736701084e-11 -7.449004213853251954e-01
1.800000000000000000e+03 3.720723461216285068e+04 2.125496066532767948e-12 -3.941424964182260737e-11 -7.382082908257923126e-01 2.125496066532767948e-12 -3.941424964182260737e-11 -7.382082908257923126e-01
1.801000000000000000e+03 3.722790529805849656e+04 2.106425795178536614e-12 -3.914635282598055710e-11 -7.321269794874942782e-01 2.106425795178536614e-12 -3.914635282598055710e-11 -7.321269794874942782e-01
1.802000000000000000e+03 3.724857598395414243e+04 2.095659997279125063e-12 -3.889377708787833399e-11 -7.268332669752473052e-01 2.095659997279125063e-12 -3.889377708787833399e-11 -7.268332669752473052e-01
1.803000000000000000e+03 3.726924666984978830e+04 2.087735789619168612e-12 -3.872380194280822252e-11 -7.225087900131708096e-01 2.087735789619168612e-12 -3.872380194280822252e-11 -7.225087900131708096e-01
1.804000000000000000e+03 3.728991735574543418e+04 2.084435186203385505e-12 -3.853517505092440842e-11 -7.193367106091925756e-01 2.084435186203385505e-12 -3.853517505092440842e-11 -7.193367106091925756e-01
1.805000000000000000e+03 3.731058804164108005e+04 2.080213765732332068e-12 -3.847933083278576305e-11 -7.174908564010231693e-01 2.080213765732332068e-12 -3.847933083278576305e-11 -7.174908564010231693e-01
1.806000000000000000e+03 3.733125872753672593e+04 2.080317341653358112e-12 -3.848676932705075160e-11 -7.171186622939089705e-01 2.080317341653358112e-12 -3.848676932705075160e-11 -7.171186622939089705e-01
1.807000000000000000e+03 3.735192941343237180e+04 2.091830689252522660e-12 -3.861522213099988221e-11 -7.183197190791770215e-01 2.091830689252522660e-12 -3.861522213099988221e-11 -7.183197190791770215e-01
1.808000000000000000e+03 3.737260009932801768e+04 2.102602983184595569e-12 -3.876721166307106614e-11 -7.211228924878678725e-01 2.102602983184595569e-12 -3.876721166307106614e-11 -7.211228924878678725e-01
1.809000000000000000e+03 3.739327078522366355e+04 2.117089204979047051e-12 -3.905620271638099439e-11 -7.254708672667415925e-01 2.117089204979047051e-12 -3.905620271638099439e-11 -7.254708672667415925e-01
1.810000000000000000e+03 3.741394147111930943e+04 2.137169926497473808e-12 -3.941802440010633291e-11 -7.312178833419491486e-01 2.137169926497473808e-12 -3.941802440010633291e-11 -7.312178833419491486e-01
1.811000000000000000e+03 3.743461215701495530e+04 2.160860679032106971e-12 -3.983913199334665478e-11 -7.381438575006075142e-01 2.160860679032106971e-12 -3.983913199334665478e-11 -7.381438575006075142e-01
1.812000000000000000e+03 3.745528284291060118e+04 2.185358465989157493e-12 -4.033273715009499938e-11 -7.459796554091480125e-01 2.185358465989157493e-12 -4.033273715009499938e-11 -7.459796554091480125e-01
1.813000000000000000e+03 3.747595352880624705e+04 2.212724266606754562e-12 -4.081990301330051807e-11 -7.544353593294788052e-01 2.212724266606754562e-12 -4.081990301330051807e-11 -7.544353593294788052e-01
1.814000000000000000e+03 3.749662421470189292e+04 2.241721939350744900e-12 -4.134614872697284227e-11 -7.632271746237124788e-01 2.241721939350744900e-12 -4.134614872697284227e-11 -7.632271746237124788e-01
1.815000000000000000e+03 3.751729490059753880e+04 2.265013130771935498e-12 -4.189748548100169501e-11 -7.720950229403450438e-01 2.265013130771935498e-12 -4.189748548100169501e-11 -7.720950229403450438e-01
1.816000000000000000e+03 3.753796558649318467e+04 2.290363554516410160e-12 -4.237621364922006251e-11 -7.808109862435044235e-01 2.290363554516410160e-12 -4.237621364922006251e-11 -7.808109862435044235e-01
1.817000000000000000e+03 3.755863627238883055e+04 2.311839711001058063e-12 -4.289479882402247313e-11 -7.891806741096090150e-01 2.311839711001058063e-12 -4.289479882402247313e-11 -7.891806741096090150e-01
1.818000000000000000e+03 3.757930695828447642e+04 2.332846951255023989e-12 -4.333866598926761071e-11 -7.970415888054276365e-01 2.332846951255023989e-12 -4.333866598926761071e-11 -7.970415888054276365e-01
1.819000000000000000e+03 3.759997764418012230e+04 2.357002266517263883e-12 -4.376399243000150818e-11 -8.042599561408251274e-01 2.357002266517263883e-12 -4.376399243000150818e-11 -8.042599561408251274e-01
1.820000000000000000e+03 3.762064833007576817e+04 2.373884542645035311e-12 -4.413447385331892292e-11 -8.107291488913535016e-01 2.373884542645035311e-12 -4.413447385331892292e-11 -8.107291488913535016e-01
1.821000000000000000e+03 3.764131901597141405e+04 2.386369521279271920e-12 -4.445488421822574310e-11 -8.163683080603038045e-01 2.386369521279271920e-12 -4.445488421822574310e-11 -8.163683080603038045e-01
1.822000000000000000e+03 3.766198970186705992e+04 2.398288106651407759e-12 -4.472910930530815676e-11 -8.211208884787768447e-01 2.398288106651407759e-12 -4.472910930530815676e-11 -8.211208884787768447e-01
1.823000000000000000e+03 3.768266038776270580e+04 2.399491016203146326e-12 -4.492584082527173450e-11 -8.249525791043463840e-01 2.399491016203146326e-12 -4.492584082527173450e-11 -8.249525791043463840e-01
1.824000000000000000e+03 3.770333107365835167e+04 2.408989566864565962e-12 -4.510081197395265917e-11 -8.278475959969118225e-01 2.408989566864565962e-12 -4.510081197395265917e-11 -8.278475959969118225e-01
1.825000000000000000e+03 3.772400175955399754e+04 2.415490821291975811e-12 -4.524047803045050387e-11 -8.298030104213698355e-01 2.415490821291975811e-12 -4.524047803045050387e-11 -8.298030104213698355e-01
1.826000000000000000e+03 3.774467244544964342e+04 2.415071901933455532e-12 -4.529998598457041226e-11 -8.308213008536737831e-01 2.415071901933455532e-12 -4.529998598457041226e-11 -8.308213008536737831e-01
1.827000000000000000e+03 3.776534313134528929e+04 2.413145947643888870e-12 -4.534639330699974380e-11 -8.309059221171919418e-01 2.413145947643888870e-12 -4.534639330699974380e-11 -8.309059221171919418e-01
1.828000000000000000e+03 3.778601381724093517e+04 2.408251621336600528e-12 -4.529909780615071213e-11 -8.300530531232853670e-01 2.408251621336600528e-12 -4.529909780615071213e-11 -8.300530531232853670e-01
1.829000000000000000e+03 3.780668450313658104e+04 2.397074369372749771e-12 -4.521349961095211256e-11 -8.282535857940303003e-01 2.397074369372749771e-12 -4.521349961095211256e-11 -8.282535857940303003e-01
1.830000000000000000e+03 3.782735518903222692e+04 2.391417169276406861e-12 -4.506006678894891593e-11 -8.254988932820241931e-01 2.391417169276406861e-12 -4.506006678894891593e-11 -8.254988932820241931e-01
1.831000000000000000e+03 3.784802587492787279e+04 2.373034909858769537e-12 -4.492672900369143463e-11 -8.217837830476241168e-01 2.373034909858769537e-12 -4.492672900369143463e-11 -8.217837830476241168e-01
1.832000000000000000e+03 3.786869656082351867e+04 2.359312146623019801e-12 -4.467104464112026108e-11 -8.171155572484167795e-01 2.359312146623019801e-12 -4.467104464112026108e-11 -8.171155572484167795e-01
1.833000000000000000e+03 3.788936724671916454e+04 2.338817602075116006e-12 -4.442768375412242676e-11 -8.115195962530743490e-01 2.338817602075116006e-12 -4.442768375412242676e-11 -8.115195962530743490e-01
1.834000000000000000e+03 3.791003793261481042e+04 2.320565748299972636e-12 -4.408373666109355327e-11 -8.050434753076696204e-01 2.320565748299972636e-12 -4.408373666109355327e-11 -8.050434753076696204e-01
1.835000000000000000e+03 3.793070861851045629e+04 2.298607432873467936e-12 -4.367828321250044610e-11 -7.977594890979495812e-01 2.298607432873467936e-12 -4.367828321250044610e-11 -7.977594890979495812e-01
1.836000000000000000e+03 3.795137930440610216e+04 2.270879196824097448e-12 -4.329892000498603011e-11 -7.897663034830588735e-01 2.270879196824097448e-12 -4.329892000498603011e-11 -7.897663034830588735e-01
1.837000000000000000e+03 3.797204999030174804e+04 2.245669772318019470e-12 -4.287870059016540836e-11 -7.811904409182435227e-01 2.245669772318019470e-12 -4.287870059016540836e-11 -7.811904409182435227e-01
1.838000000000000000e+03 3.799272067619739391e+04 2.218429268005617876e-12 -4.238565054492937634e-11 -7.721885261128882405e-01 2.218429268005617876e-12 -4.238565054492937634e-11 -7.721885261128882405e-01
1.839000000000000000e+03 3.801339136209303979e+04 2.193646393121604648e-12 -4.191913482998188556e-11 -7.629509651248340685e-01 2.193646393121604648e-12 -4.191913482998188556e-11 -7.629509651248340685e-01
1.840000000000000000e+03 3.803406204798868566e+04 2.164493608532036679e-12 -4.140954246167893871e-11 -7.537039579244516618e-01 2.164493608532036679e-12 -4.140954246167893871e-11 -7.537039579244516618e-01
1.841000000000000000e+03 3.805473273388433154e+04 2.141967806441653220e-12 -4.096811778708797647e-11 -7.447101761914738383e-01 2.141967806441653220e-12 -4.096811778708797647e-11 -7.447101761914738383e-01
1.842000000000000000e+03 3.807540341977997741e+04 2.116744401871117524e-12 -4.049949264839369789e-11 -7.362618728032367388e-01 2.116744401871117524e-12 -4.049949264839369789e-11 -7.362618728032367388e-01
1.843000000000000000e+03 3.809607410567562329e+04 2.094771541674206663e-12 -4.010636267537392996e-11 -7.286650698600545262e-01 2.094771541674206663e-12 -4.010636267537392996e-11 -7.286650698600545262e-01
1.844000000000000000e+03 3.811674479157126916e+04 2.076186132050702200e-12 -3.980549223570051254e-11 -7.222145264272032961e-01 2.076186132050702200e-12 -3.980549223570051254e-11 -7.222145264272032961e-01
1.845000000000000000e+03 3.813741547746691504e+04 2.055696402039731422e-12 -3.952738136803191082e-11 -7.171633710266658301e-01 2.055696402039731422e-12 -3.952738136803191082e-11 -7.171633710266658301e-01
1.846000000000000000e+03 3.815808616336256091e+04 2.051279892203448781e-12 -3.940503479071821857e-11 -7.136958851068602172e-01 2.051279892203448781e-12 -3.940503479071821857e-11 -7.136958851068602172e-01
1.847000000000000000e+03 3.817875684925820678e+04 2.046482458395862801e-12 -3.932998371425355799e-11 -7.119088923404988112e-01 2.046482458395862801e-12 -3.932998371425355799e-11 -7.119088923404988112e-01
1.848000000000000000e+03 3.819942753515385266e+04 2.046081615361443743e-12 -3.936484471722678791e-11 -7.118112523215087695e-01 2.046081615361443743e-12 -3.936484471722678791e-11 -7.118112523215087695e-01
1.849000000000000000e+03 3.822009822104949853e+04 2.053941024692151302e-12 -3.951305949101424630e-11 -7.133325349604098253e-01 2.053941024692151302e-12 -3.951305949101424630e-11 -7.133325349604098253e-01
1.850000000000000000e+03 3.824076890694514441e+04 2.056466269029791911e-12 -3.971822870596497523e-11 -7.163461762192304683e-01 2.056466269029791911e-12 -3.971822870596497523e-11 -7.163461762192304683e-01
1.851000000000000000e+03 3.826143959284079028e+04 2.070512634814601497e-12 -4.002576048378614360e-11 -7.206889679328990495e-01 2.070512634814601497e-12 -4.002576048378614360e-11 -7.206889679328990495e-01
1.852000000000000000e+03 3.828211027873643616e+04 2.090103359103793983e-12 -4.038691603369670702e-11 -7.261800079954937592e-01 2.090103359103793983e-12 -4.038691603369670702e-11 -7.261800079954937592e-01
1.853000000000000000e+03 3.830278096463208203e+04 2.104193426546211502e-12 -4.075217940879838352e-11 -7.326318708032449889e-01 2.104193426546211502e-12 -4.075217940879838352e-11 -7.326318708032449889e-01
1.854000000000000000e+03 3.832345165052772791e+04 2.127565718777384750e-12 -4.120981333954887305e-11 -7.398569985579489527e-01 2.127565718777384750e-12 -4.120981333954887305e-11 -7.398569985579489527e-01
1.855000000000000000e+03 3.834412233642337378e+04 2.149399502214445929e-12 -4.168032585738501439e-11 -7.476703113802578571e-01 2.149399502214445929e-12 -4.168032585738501439e-11 -7.476703113802578571e-01
1.856000000000000000e+03 3.836479302231901966e+04 2.173221446022567387e-12 -4.210165549523026129e-11 -7.558930097858758135e-01 2.173221446022567387e-12 -4.210165549523026129e-11 -7.558930097858758135e-01
1.857000000000000000e+03 3.838546370821466553e+04 2.192612047961304991e-12 -4.262357133910654738e-11 -7.643561488954040417e-01 2.192612047961304991e-12 -4.262357133910654738e-11 -7.643561488954040417e-01
1.858000000000000000e+03 3.840613439411031140e+04 2.215553384992357264e-12 -4.311717649585489198e-11 -7.729046161260643144e-01 2.215553384992357264e-12 -4.311717649585489198e-11 -7.729046161260643144e-01
1.859000000000000000e+03 3.842680508000595728e+04 2.240111569967601916e-12 -4.362332717278150085e-11 -7.813993261813705349e-01 2.240111569967601916e-12 -4.362332717278150085e-11 -7.813993261813705349e-01
1.860000000000000000e+03 3.844747576590160315e+04 2.261355530559080444e-12 -4.414235643679376153e-11 -7.897156723727269956e-01 2.261355530559080444e-12 -4.414235643679376153e-11 -7.897156723727269956e-01
1.861000000000000000e+03 3.846814645179724903e+04 2.283041500962882249e-12 -4.459188573946448741e-11 -7.977378505465908543e-01 2.283041500962882249e-12 -4.459188573946448741e-11 -7.977378505465908543e-01
1.862000000000000000e+03 3.848881713769289490e+04 2.303485364621320495e-12 -4.505429362922086511e-11 -8.053507742993111229e-01 2.303485364621320495e-12 -4.505429362922086511e-11 -8.053507742993111229e-01
1.863000000000000000e+03 3.850948782358854078e+04 2.323324938279257716e-12 -4.547329179871439919e-11 -8.124328115496173286e-01 2.323324938279257716e-12 -4.547329179871439919e-11 -8.124328115496173286e-01
1.864000000000000000e+03 3.853015850948418665e+04 2.338415654837678530e-12 -4.584566060117367670e-11 -8.188528224017446178e-01 2.338415654837678530e-12 -4.584566060117367670e-11 -8.188528224017446178e-01
1.865000000000000000e+03 3.855082919537983253e+04 2.352980082799601490e-12 -4.621802940363295420e-11 -8.244729738985405731e-01 2.352980082799601490e-12 -4.621802940363295420e-11 -8.244729738985405731e-01
1.866000000000000000e+03 3.857149988127547840e+04 2.364212592348347463e-12 -4.648759155401194221e-11 -8.291563241238939508e-01 2.364212592348347463e-12 -4.648759155401194221e-11 -8.291563241238939508e-01
1.867000000000000000e+03 3.859217056717112428e+04 2.373680212306798559e-12 -4.674738374177422884e-11 -8.327772394155116276e-01 2.373680212306798559e-12 -4.674738374177422884e-11 -8.327772394155116276e-01
1.868000000000000000e+03 3.861284125306677015e+04 2.376312091447763087e-12 -4.694000743654669350e-11 -8.352308530467096315e-01 2.376312091447763087e-12 -4.694000743654669350e-11 -8.352308530467096315e-01
1.869000000000000000e+03 3.863351193896241602e+04 2.381344887543713368e-12 -4.701916633820246716e-11 -8.364391555049722760e-01 2.381344887543713368e-12 -4.701916633820246716e-11 -8.364391555049722760e-01
1.870000000000000000e+03 3.865418262485806190e+04 2.377210607354225000e-12 -4.707123579805738700e-11 -8.363526123998408224e-01 2.377210607354225000e-12 -4.707123579805738700e-11 -8.363526123998408224e-01
1.871000000000000000e+03 3.867485331075370777e+04 2.375886423748471132e-12 -4.702394029720835533e-11 -8.349549966850534632e-01 2.375886423748471132e-12 -4.702394029720835533e-11 -8.349549966850534632e-01
1.872000000000000000e+03 3.869552399664935365e+04 2.367092414404868050e-12 -4.690536847817838861e-11 -8.322469380703017006e-01 2.367092414404868050e-12 -4.690536847817838861e-11 -8.322469380703017006e-01
1.873000000000000000e+03 3.871619468254499952e+04 2.349922648214655919e-12 -4.672540132588665074e-11 -8.282659669265532987e-01 2.349922648214655919e-12 -4.672540132588665074e-11 -8.282659669265532987e-01
1.874000000000000000e+03 3.873686536844064540e+04 2.337815512810608403e-12 -4.641798057036794489e-11 -8.230657260862017655e-01 2.337815512810608403e-12 -4.641798057036794489e-11 -8.230657260862017655e-01
1.875000000000000000e+03 3.875753605433629127e+04 2.315319354072648688e-12 -4.612232817891026571e-11 -8.167323732914344436e-01 2.315319354072648688e-12 -4.612232817891026571e-11 -8.167323732914344436e-01
1.876000000000000000e+03 3.877820674023193715e+04 2.297213756939544716e-12 -4.572076051090334659e-11 -8.093825454531189401e-01 2.297213756939544716e-12 -4.572076051090334659e-11 -8.093825454531189401e-01
1.877000000000000000e+03 3.879887742612758302e+04 2.271540625093279750e-12 -4.531330866086591413e-11 -8.011675409929155389e-01 2.271540625093279750e-12 -4.531330866086591413e-11 -8.011675409929155389e-01
1.878000000000000000e+03 3.881954811202322890e+04 2.243138335088448145e-12 -4.481659487964861910e-11 -7.922742366604340614e-01 2.243138335088448145e-12 -4.481659487964861910e-11 -7.922742366604340614e-01
1.879000000000000000e+03 3.884021879791887477e+04 2.217818500645754093e-12 -4.433731159991793902e-11 -7.829216276483076387e-01 2.217818500645754093e-12 -4.433731159991793902e-11 -7.829216276483076387e-01
1.880000000000000000e+03 3.886088948381452064e+04 2.187762955050115805e-12 -4.380440454809786388e-11 -7.733522300742305955e-01 2.187762955050115805e-12 -4.380440454809786388e-11 -7.733522300742305955e-01
1.881000000000000000e+03 3.888156016971016652e+04 2.157508897699082756e-12 -4.328726266322746596e-11 -7.638184467613662321e-01 2.157508897699082756e-12 -4.328726266322746596e-11 -7.638184467613662321e-01
1.882000000000000000e+03 3.890223085560581239e+04 2.130352081430250547e-12 -4.281863752453318739e-11 -7.545680029589010296e-01 2.130352081430250547e-12 -4.281863752453318739e-11 -7.545680029589010296e-01
1.883000000000000000e+03 3.892290154150145827e+04 2.105698493264418266e-12 -4.236999640028216163e-11 -7.458299708599100963e-01 2.105698493264418266e-12 -4.236999640028216163e-11 -7.458299708599100963e-01
1.884000000000000000e+03 3.894357222739710414e+04 2.080195755070441795e-12 -4.193723146528327561e-11 -7.378058308846626723e-01 2.080195755070441795e-12 -4.193723146528327561e-11 -7.378058308846626723e-01
1.885000000000000000e+03 3.896424291329275002e+04 2.059994125228101060e-12 -4.159073085929776425e-11 -7.306660357223899727e-01 2.059994125228101060e-12 -4.159073085929776425e-11 -7.306660357223899727e-01
1.886000000000000000e+03 3.898491359918839589e+04 2.037494407060976631e-12 -4.125777497421267981e-11 -7.245509517522652487e-01 2.037494407060976631e-12 -4.125777497421267981e-11 -7.245509517522652487e-01
1.887000000000000000e+03 3.900558428508404177e+04 2.022530105935227613e-12 -4.100031425480210601e-11 -7.195739174779620662e-01 2.022530105935227613e-12 -4.100031425480210601e-11 -7.195739174779620662e-01
1.888000000000000000e+03 3.902625497097968764e+04 2.008355696676761983e-12 -4.082079119172021819e-11 -7.158242915328509870e-01 2.008355696676761983e-12 -4.082079119172021819e-11 -7.158242915328509870e-01
1.889000000000000000e+03 3.904692565687533352e+04 1.997081639848800700e-12 -4.069111714244399991e-11 -7.133692257851826923e-01 1.997081639848800700e-12 -4.069111714244399991e-11 -7.133692257851826923e-01
1.890000000000000000e+03 3.906759634277097939e+04 1.988643083666504214e-12 -4.066225134380374584e-11 -7.122542028199250197e-01 1.988643083666504214e-12 -4.066225134380374584e-11 -7.122542028199250197e-01
1.891000000000000000e+03 3.908826702866662527e+04 1.984748729271835000e-12 -4.068023695680267338e-11 -7.125020765603744533e-01 1.984748729271835000e-12 -4.068023695680267338e-11 -7.125020765603744533e-01
1.892000000000000000e+03 3.910893771456227114e+04 1.989609768089832837e-12 -4.079636628517846475e-11 -7.141138576706004271e-01 1.989609768089832837e-12 -4.079636628517846475e-11 -7.141138576706004271e-01
1.893000000000000000e+03 3.912960840045791701e+04 1.993274971179956028e-12 -4.097244765688401458e-11 -7.170690309799683249e-01 1.993274971179956028e-12 -4.097244765688401458e-11 -7.170690309799683249e-01
1.894000000000000000e+03 3.915027908635356289e+04 2.004379917351119385e-12 -4.124500740942949051e-11 -7.213214421970000068e-01 2.004379917351119385e-12 -4.124500740942949051e-11 -7.213214421970000068e-01
1.895000000000000000e+03 3.917094977224920876e+04 2.010879550646041138e-12 -4.156675004196586087e-11 -7.268019557314073786e-01 2.010879550646041138e-12 -4.156675004196586087e-11 -7.268019557314073786e-01
1.896000000000000000e+03 3.919162045814485464e+04 2.026558104154002802e-12 -4.194711245020243950e-11 -7.334125818736253466e-01 2.026558104154002802e-12 -4.194711245020243950e-11 -7.334125818736253466e-01
1.897000000000000000e+03 3.921229114404050051e+04 2.043556923191722668e-12 -4.240319206871845381e-11 -7.410223360462836473e-01 2.043556923191722668e-12 -4.240319206871845381e-11 -7.410223360462836473e-01
1.898000000000000000e+03 3.923296182993614639e+04 2.068421444366296419e-12 -4.290623412117611224e-11 -7.494632981669808736e-01 2.068421444366296419e-12 -4.290623412117611224e-11 -7.494632981669808736e-01
1.899000000000000000e+03 3.925363251583179226e+04 2.089701638154990132e-12 -4.347444626517926736e-11 -7.585300474212225419e-01 2.089701638154990132e-12 -4.347444626517926736e-11 -7.585300474212225419e-01
1.900000000000000000e+03 3.927430320172743814e+04 2.116674333407121423e-12 -4.405564801857053681e-11 -7.679849551771456007e-01 2.116674333407121423e-12 -4.405564801857053681e-11 -7.679849551771456007e-01
1.901000000000000000e+03 3.929497388762308401e+04 2.135602945013899049e-12 -4.464728586839328273e-11 -7.775703251986925135e-01 2.135602945013899049e-12 -4.464728586839328273e-11 -7.775703251986925135e-01
1.902000000000000000e+03 3.931564457351872989e+04 2.160687007299479186e-12 -4.523892371821602865e-11 -7.870216936352838477e-01 2.160687007299479186e-12 -4.523892371821602865e-11 -7.870216936352838477e-01
1.903000000000000000e+03 3.933631525941437576e+04 2.181666837341613214e-12 -4.578004642041832994e-11 -7.960894240208397088e-01 2.181666837341613214e-12 -4.578004642041832994e-11 -7.960894240208397088e-01
1.904000000000000000e+03 3.935698594531002163e+04 2.204203688657198158e-12 -4.632083605571324370e-11 -8.045476849146895315e-01 2.204203688657198158e-12 -4.632083605571324370e-11 -8.045476849146895315e-01
1.905000000000000000e+03 3.937765663120566751e+04 2.227418712219468520e-12 -4.680633658438182465e-11 -8.122051250235441389e-01 2.227418712219468520e-12 -4.680633658438182465e-11 -8.122051250235441389e-01
1.906000000000000000e+03 3.939832731710131338e+04 2.240680809570617575e-12 -4.718569979189624064e-11 -8.189071019715843391e-01 2.240680809570617575e-12 -4.718569979189624064e-11 -8.189071019715843391e-01
1.907000000000000000e+03 3.941899800299695926e+04 2.252989688964055862e-12 -4.757472193972489549e-11 -8.245340329568668913e-01 2.252989688964055862e-12 -4.757472193972489549e-11 -8.245340329568668913e-01
1.908000000000000000e+03 3.943966868889260513e+04 2.265303798806810367e-12 -4.786993024197272462e-11 -8.289976479509016949e-01 2.265303798806810367e-12 -4.786993024197272462e-11 -8.289976479509016949e-01
1.909000000000000000e+03 3.946033937478825101e+04 2.276220717815328296e-12 -4.812383824770449792e-11 -8.322383851126042842e-01 2.276220717815328296e-12 -4.812383824770449792e-11 -8.322383851126042842e-01
1.910000000000000000e+03 3.948101006068389688e+04 2.280473985738682217e-12 -4.827882538194216977e-11 -8.342173155603282986e-01 2.280473985738682217e-12 -4.827882538194216977e-11 -8.342173155603282986e-01
1.911000000000000000e+03 3.950168074657954276e+04 2.283649126596455117e-12 -4.835809530590040595e-11 -8.349289638011064829e-01 2.283649126596455117e-12 -4.835809530590040595e-11 -8.349289638011064829e-01
1.912000000000000000e+03 3.952235143247518863e+04 2.281707098105404927e-12 -4.837696909731903361e-11 -8.343865730741280018e-01 2.281707098105404927e-12 -4.837696909731903361e-11 -8.343865730741280018e-01
1.913000000000000000e+03 3.954302211837083451e+04 2.276189538863502583e-12 -4.832390043674195113e-11 -8.326354138289551177e-01 2.276189538863502583e-12 -4.832390043674195113e-11 -8.326354138289551177e-01
1.914000000000000000e+03 3.956369280426648038e+04 2.268334733236809065e-12 -4.818334620182440631e-11 -8.297467279768961923e-01 2.268334733236809065e-12 -4.818334620182440631e-11 -8.297467279768961923e-01
1.915000000000000000e+03 3.958436349016212625e+04 2.255459597288505118e-12 -4.802613862153748414e-11 -8.258168743806737488e-01 2.255459597288505118e-12 -4.802613862153748414e-11 -8.258168743806737488e-01
1.916000000000000000e+03 3.960503417605777213e+04 2.239926307236101291e-12 -4.779976414681641472e-11 -8.209600216654528992e-01 2.239926307236101291e-12 -4.779976414681641472e-11 -8.209600216654528992e-01
1.917000000000000000e+03 3.962570486195341800e+04 2.228032661184885891e-12 -4.751010695969171138e-11 -8.152986474406239692e-01 2.228032661184885891e-12 -4.751010695969171138e-11 -8.152986474406239692e-01
1.918000000000000000e+03 3.964637554784906388e+04 2.205513618560517306e-12 -4.718736512643317838e-11 -8.089539175829615347e-01 2.205513618560517306e-12 -4.718736512643317838e-11 -8.089539175829615347e-01
1.919000000000000000e+03 3.966704623374470975e+04 2.188285029045626189e-12 -4.682487730889306476e-11 -8.020390434070538976e-01 2.188285029045626189e-12 -4.682487730889306476e-11 -8.020390434070538976e-01
1.920000000000000000e+03 3.968771691964035563e+04 2.162545053805944714e-12 -4.644418183374909859e-11 -7.946575704185387945e-01 2.162545053805944714e-12 -4.644418183374909859e-11 -7.946575704185387945e-01
1.921000000000000000e+03 3.970838760553600150e+04 2.142307327462948103e-12 -4.604516767869881733e-11 -7.869077117639315944e-01 2.142307327462948103e-12 -4.604516767869881733e-11 -7.869077117639315944e-01
1.922000000000000000e+03 3.972905829143164738e+04 2.117137774448724039e-12 -4.560540833864479282e-11 -7.788900961301732373e-01 2.117137774448724039e-12 -4.560540833864479282e-11 -7.788900961301732373e-01
1.923000000000000000e+03 3.974972897732729325e+04 2.091963811918443646e-12 -4.514566498414751550e-11 -7.707159202282192201e-01 2.091963811918443646e-12 -4.514566498414751550e-11 -7.707159202282192201e-01
1.924000000000000000e+03 3.977039966322293913e+04 2.069810688092692716e-12 -4.470179781890237791e-11 -7.625126530758107313e-01 2.069810688092692716e-12 -4.470179781890237791e-11 -7.625126530758107313e-01
1.925000000000000000e+03 3.979107034911858500e+04 2.042564053197148839e-12 -4.425126931550948939e-11 -7.544257852854170388e-01 2.042564053197148839e-12 -4.425126931550948939e-11 -7.544257852854170388e-01
1.926000000000000000e+03 3.981174103501423087e+04 2.017416402728944412e-12 -4.379341334015407483e-11 -7.466170909128821975e-01 2.017416402728944412e-12 -4.379341334015407483e-11 -7.466170909128821975e-01
1.927000000000000000e+03 3.983241172090987675e+04 1.993014221909467663e-12 -4.338751580235111760e-11 -7.392611739168457596e-01 1.993014221909467663e-12 -4.338751580235111760e-11 -7.392611739168457596e-01
1.928000000000000000e+03 3.985308240680552262e+04 1.968721321042152485e-12 -4.296574207529602063e-11 -7.325419240575707924e-01 1.968721321042152485e-12 -4.296574207529602063e-11 -7.325419240575707924e-01
1.929000000000000000e+03 3.987375309270116850e+04 1.949271599312389907e-12 -4.264277819743256259e-11 -7.266504925976130513e-01 1.949271599312389907e-12 -4.264277819743256259e-11 -7.266504925976130513e-01
1.930000000000000000e+03 3.989442377859681437e+04 1.933944098191859599e-12 -4.234201878006160769e-11 -7.217814239936152232e-01 1.933944098191859599e-12 -4.234201878006160769e-11 -7.217814239936152232e-01
1.931000000000000000e+03 3.991509446449246025e+04 1.913084805603457287e-12 -4.212885595933357763e-11 -7.181274486869053675e-01 1.913084805603457287e-12 -4.212885595933357763e-11 -7.181274486869053675e-01
1.932000000000000000e+03 3.993576515038810612e+04 1.903457293213044573e-12 -4.202582726264836310e-11 -7.158670069928703139e-01 1.903457293213044573e-12 -4.202582726264836310e-11 -7.158670069928703139e-01
1.933000000000000000e+03 3.995643583628375200e+04 1.891502367567541399e-12 -4.197897585100918150e-11 -7.151452050287672169e-01 1.891502367567541399e-12 -4.197897585100918150e-11 -7.151452050287672169e-01
1.934000000000000000e+03 3.997710652217939787e+04 1.887369545325713437e-12 -4.203959402815371504e-11 -7.160524386779631989e-01 1.887369545325713437e-12 -4.203959402815371504e-11 -7.160524386779631989e-01
1.935000000000000000e+03 3.999777720807504375e+04 1.888705131215539277e-12 -4.224787186757339441e-11 -7.186012214414149168e-01 1.888705131215539277e-12 -4.224787186757339441e-11 -7.186012214414149168e-01
1.936000000000000000e+03 4.001844789397068962e+04 1.893735583048481736e-12 -4.252409535610013336e-11 -7.227151944584901955e-01 1.893735583048481736e-12 -4.252409535610013336e-11 -7.227151944584901955e-01
1.937000000000000000e+03 4.003911857986633549e+04 1.902797000426650930e-12 -4.289213428876337275e-11 -7.282317069649189012e-01 1.902797000426650930e-12 -4.289213428876337275e-11 -7.282317069649189012e-01
1.938000000000000000e+03 4.005978926576198137e+04 1.918435595049614776e-12 -4.329203662223335414e-11 -7.349189308607053661e-01 1.918435595049614776e-12 -4.329203662223335414e-11 -7.349189308607053661e-01
1.939000000000000000e+03 4.008045995165762724e+04 1.930096659846657149e-12 -4.377820328471671019e-11 -7.425028491994999369e-01 1.930096659846657149e-12 -4.377820328471671019e-11 -7.425028491994999369e-01
1.940000000000000000e+03 4.010113063755327312e+04 1.947781556091711130e-12 -4.424483002196666348e-11 -7.506964670608439194e-01 1.947781556091711130e-12 -4.424483002196666348e-11 -7.506964670608439194e-01
1.941000000000000000e+03 4.012180132344891899e+04 1.967877646892962750e-12 -4.478428738963202704e-11 -7.592240439737281132e-01 1.967877646892962750e-12 -4.478428738963202704e-11 -7.592240439737281132e-01
1.942000000000000000e+03 4.014247200934456487e+04 1.985073895937264427e-12 -4.531930386519888998e-11 -7.678361731242628885e-01 1.985073895937264427e-12 -4.531930386519888998e-11 -7.678361731242628885e-01
1.943000000000000000e+03 4.016314269524021074e+04 2.004141404300911843e-12 -4.584876922564262713e-11 -7.763160696889125356e-01 2.004141404300911843e-12 -4.584876922564262713e-11 -7.763160696889125356e-01
1.944000000000000000e+03 4.018381338113585662e+04 2.020169503132081401e-12 -4.633360362049643300e-11 -7.844795425886554874e-01 2.020169503132081401e-12 -4.633360362049643300e-11 -7.844795425886554874e-01
1.945000000000000000e+03 4.020448406703150249e+04 2.037067411523905918e-12 -4.679212572966662265e-11 -7.921735296610947774e-01 2.037067411523905918e-12 -4.679212572966662265e-11 -7.921735296610947774e-01
1.946000000000000000e+03 4.022515475292714837e+04 2.054036902542807555e-12 -4.724931557120726211e-11 -7.992732476059800639e-01 2.054036902542807555e-12 -4.724931557120726211e-11 -7.992732476059800639e-01
1.947000000000000000e+03 4.024582543882279424e+04 2.073899580417734568e-12 -4.770628336814297654e-11 -8.056811446222038597e-01 2.073899580417734568e-12 -4.770628336814297654e-11 -8.056811446222038597e-01
1.948000000000000000e+03 4.026649612471844011e+04 2.085721645474972947e-12 -4.806599562812152726e-11 -8.113257203683887919e-01 2.085721645474972947e-12 -4.806599562812152726e-11 -8.113257203683887919e-01
1.949000000000000000e+03 4.028716681061408599e+04 2.098335028289796331e-12 -4.840106093695339951e-11 -8.161597436793208704e-01 2.098335028289796331e-12 -4.840106093695339951e-11 -8.161597436793208704e-01
1.950000000000000000e+03 4.030783749650973186e+04 2.107462056911313698e-12 -4.871381076299030610e-11 -8.201570789982983722e-01 2.107462056911313698e-12 -4.871381076299030610e-11 -8.201570789982983722e-01
1.951000000000000000e+03 4.032850818240537774e+04 2.121501330252443161e-12 -4.891975713405827264e-11 -8.233073877492596004e-01 2.121501330252443161e-12 -4.891975713405827264e-11 -8.233073877492596004e-01
1.952000000000000000e+03 4.034917886830102361e+04 2.125371206266287491e-12 -4.917866114340085915e-11 -8.256090045726041105e-01 2.125371206266287491e-12 -4.917866114340085915e-11 -8.256090045726041105e-01
1.953000000000000000e+03 4.036984955419666949e+04 2.134082724298454398e-12 -4.930800212576968988e-11 -8.270611732949543216e-01 2.134082724298454398e-12 -4.930800212576968988e-11 -8.270611732949543216e-01
1.954000000000000000e+03 4.039052024009231536e+04 2.134342381167226133e-12 -4.945899245711871117e-11 -8.276590387560983642e-01 2.134342381167226133e-12 -4.945899245711871117e-11 -8.276590387560983642e-01
1.955000000000000000e+03 4.041119092598796124e+04 2.138120738309528509e-12 -4.947453557946346336e-11 -8.273872231599230798e-01 2.138120738309528509e-12 -4.947453557946346336e-11 -8.273872231599230798e-01
1.956000000000000000e+03 4.043186161188360711e+04 2.131388225049029085e-12 -4.947420251255607582e-11 -8.262292561153655734e-01 2.131388225049029085e-12 -4.947420251255607582e-11 -8.262292561153655734e-01
1.957000000000000000e+03 4.045253229777925299e+04 2.128344326742123017e-12 -4.944544773621828426e-11 -8.241656743279768271e-01 2.128344326742123017e-12 -4.944544773621828426e-11 -8.241656743279768271e-01
1.958000000000000000e+03 4.047320298367489886e+04 2.122835063086586818e-12 -4.932865227402771779e-11 -8.211863700913393238e-01 2.122835063086586818e-12 -4.932865227402771779e-11 -8.211863700913393238e-01
1.959000000000000000e+03 4.049387366957054473e+04 2.116739629916395541e-12 -4.917799500958608405e-11 -8.172961481564440245e-01 2.116739629916395541e-12 -4.917799500958608405e-11 -8.172961481564440245e-01
1.960000000000000000e+03 4.051454435546619061e+04 2.101642899179681975e-12 -4.892830585134788635e-11 -8.125199585116924528e-01 2.101642899179681975e-12 -4.892830585134788635e-11 -8.125199585116924528e-01
1.961000000000000000e+03 4.053521504136183648e+04 2.088059288073875011e-12 -4.861289149005187937e-11 -8.069056404752997791e-01 2.088059288073875011e-12 -4.861289149005187937e-11 -8.069056404752997791e-01
1.962000000000000000e+03 4.055588572725748236e+04 2.070788324013594538e-12 -4.827871435963970725e-11 -8.005251300160556305e-01 2.070788324013594538e-12 -4.827871435963970725e-11 -8.005251300160556305e-01
1.963000000000000000e+03 4.057655641315312823e+04 2.050798325685348166e-12 -4.786981921967026210e-11 -7.934751182604371511e-01 2.050798325685348166e-12 -4.786981921967026210e-11 -7.934751182604371511e-01
1.964000000000000000e+03 4.059722709904877411e+04 2.026462451244703289e-12 -4.745537296457769116e-11 -7.858776896284891400e-01 2.026462451244703289e-12 -4.745537296457769116e-11 -7.858776896284891400e-01
1.965000000000000000e+03 4.061789778494441998e+04 2.004884422780381152e-12 -4.699018951725975057e-11 -7.778837117084725916e-01 2.004884422780381152e-12 -4.699018951725975057e-11 -7.778837117084725916e-01
1.966000000000000000e+03 4.063856847084006586e+04 1.980814078398408385e-12 -4.650080320800498157e-11 -7.696735908839905660e-01 1.980814078398408385e-12 -4.650080320800498157e-11 -7.696735908839905660e-01
1.967000000000000000e+03 4.065923915673571173e+04 1.958078845597376240e-12 -4.601075076493543747e-11 -7.614611844702685595e-01 1.958078845597376240e-12 -4.601075076493543747e-11 -7.614611844702685595e-01
1.968000000000000000e+03 4.067990984263135761e+04 1.930909235390516836e-12 -4.556688359969029989e-11 -7.534908307452612419e-01 1.930909235390516836e-12 -4.556688359969029989e-11 -7.534908307452612419e-01
1.969000000000000000e+03 4.070058052852700348e+04 1.905125126746940017e-12 -4.507327844294195529e-11 -7.460285624275080352e-01 1.905125126746940017e-12 -4.507327844294195529e-11 -7.460285624275080352e-01
1.970000000000000000e+03 4.072125121442264935e+04 1.879646010687955545e-12 -4.470734893402550370e-11 -7.393444695939777045e-01 1.879646010687955545e-12 -4.470734893402550370e-11 -7.393444695939777045e-01
1.971000000000000000e+03 4.074192190031829523e+04 1.859384226891112307e-12 -4.436606637625573057e-11 -7.336879525957589188e-01 1.859384226891112307e-12 -4.436606637625573057e-11 -7.336879525957589188e-01
1.972000000000000000e+03 4.076259258621394110e+04 1.839387075436569841e-12 -4.412648024754162179e-11 -7.292599970898535622e-01 1.839387075436569841e-12 -4.412648024754162179e-11 -7.292599970898535622e-01
1.973000000000000000e+03 4.078326327210958698e+04 1.829412823333587699e-12 -4.397870956296401346e-11 -7.261958891012199047e-01 1.829412823333587699e-12 -4.397870956296401346e-11 -7.261958891012199047e-01
1.974000000000000000e+03 4.080393395800523285e+04 1.815464617099825631e-12 -4.387978869146991201e-11 -7.245469178529593268e-01 1.815464617099825631e-12 -4.387978869146991201e-11 -7.245469178529593268e-01
1.975000000000000000e+03 4.082460464390087873e+04 1.806069028085357472e-12 -4.388212015982162484e-11 -7.242928582968728435e-01 1.806069028085357472e-12 -4.388212015982162484e-11 -7.242928582968728435e-01
1.976000000000000000e+03 4.084527532979652460e+04 1.798731002991912803e-12 -4.395650510247151033e-11 -7.253522021246116003e-01 1.798731002991912803e-12 -4.395650510247151033e-11 -7.253522021246116003e-01
1.977000000000000000e+03 4.086594601569217048e+04 1.796304688293441710e-12 -4.409117515535854182e-11 -7.276017237472987009e-01 1.796304688293441710e-12 -4.409117515535854182e-11 -7.276017237472987009e-01
1.978000000000000000e+03 4.088661670158781635e+04 1.795764060887918626e-12 -4.426659039324931655e-11 -7.308999649859202474e-01 1.795764060887918626e-12 -4.426659039324931655e-11 -7.308999649859202474e-01
1.979000000000000000e+03 4.090728738748346223e+04 1.798900071141928226e-12 -4.456668367680549636e-11 -7.350956944194673159e-01 1.798900071141928226e-12 -4.456668367680549636e-11 -7.350956944194673159e-01
1.980000000000000000e+03 4.092795807337910810e+04 1.806909221890996410e-12 -4.486544469273212599e-11 -7.400386879674101248e-01 1.806909221890996410e-12 -4.486544469273212599e-11 -7.400386879674101248e-01
1.981000000000000000e+03 4.094862875927475397e+04 1.811437713712325777e-12 -4.516798046694248114e-11 -7.455830959024106752e-01 1.811437713712325777e-12 -4.516798046694248114e-11 -7.455830959024106752e-01
1.982000000000000000e+03 4.096929944517039985e+04 1.818137257898342756e-12 -4.550726462326792898e-11 -7.515889574828802377e-01 1.818137257898342756e-12 -4.550726462326792898e-11 -7.515889574828802377e-01
1.983000000000000000e+03 4.098997013106604572e+04 1.826908576261196709e-12 -4.589340019123255843e-11 -7.579252343303658490e-01 1.826908576261196709e-12 -4.589340019123255843e-11 -7.579252343303658490e-01
1.984000000000000000e+03 4.101064081696169160e+04 1.845051240304069986e-12 -4.630040795206014081e-11 -7.644721283963964442e-01 1.845051240304069986e-12 -4.630040795206014081e-11 -7.644721283963964442e-01
1.985000000000000000e+03 4.103131150285733747e+04 1.854612421658249796e-12 -4.674194364895356557e-11 -7.711234239336908214e-01 1.854612421658249796e-12 -4.674194364895356557e-11 -7.711234239336908214e-01
1.986000000000000000e+03 4.105198218875298335e+04 1.868707228917813375e-12 -4.715605683713874896e-11 -7.777864102107296951e-01 1.868707228917813375e-12 -4.715605683713874896e-11 -7.777864102107296951e-01
1.987000000000000000e+03 4.107265287464862922e+04 1.879319415825204849e-12 -4.761058214342028805e-11 -7.843779793125971178e-01 1.879319415825204849e-12 -4.761058214342028805e-11 -7.843779793125971178e-01
1.988000000000000000e+03 4.109332356054427510e+04 1.891692906582972359e-12 -4.805100761728908765e-11 -7.908171978098259558e-01 1.891692906582972359e-12 -4.805100761728908765e-11 -7.908171978098259558e-01
1.989000000000000000e+03 4.111399424643992097e+04 1.908240723712824138e-12 -4.849098900194803718e-11 -7.970173776855036252e-01 1.908240723712824138e-12 -4.849098900194803718e-11 -7.970173776855036252e-01
1.990000000000000000e+03 4.113466493233556685e+04 1.924434838317241193e-12 -4.892464211536662333e-11 -8.028746525695491520e-01 1.924434838317241193e-12 -4.892464211536662333e-11 -8.028746525695491520e-01
1.991000000000000000e+03 4.115533561823121272e+04 1.936325972835751184e-12 -4.930444941209088938e-11 -8.082753607249230088e-01 1.936325972835751184e-12 -4.930444941209088938e-11 -8.082753607249230088e-01
1.992000000000000000e+03 4.117600630412685859e+04 1.947790138246334817e-12 -4.969835654122789492e-11 -8.130914535389486275e-01 1.947790138246334817e-12 -4.969835654122789492e-11 -8.130914535389486275e-01
1.993000000000000000e+03 4.119667699002250447e+04 1.958202701133817657e-12 -5.002520619967754101e-11 -8.171944643546112941e-01 1.958202701133817657e-12 -5.002520619967754101e-11 -8.171944643546112941e-01
1.994000000000000000e+03 4.121734767591815034e+04 1.968772999126597456e-12 -5.029987537596980474e-11 -8.204658749329506451e-01 1.968772999126597456e-12 -5.029987537596980474e-11 -8.204658749329506451e-01
1.995000000000000000e+03 4.123801836181379622e+04 1.975128689941010327e-12 -5.050204698875404574e-11 -8.228071992908296828e-01 1.975128689941010327e-12 -5.050204698875404574e-11 -8.228071992908296828e-01
1.996000000000000000e+03 4.125868904770944209e+04 1.979618655809264025e-12 -5.068734321156398437e-11 -8.241465427133438659e-01 1.979618655809264025e-12 -5.068734321156398437e-11 -8.241465427133438659e-01
1.997000000000000000e+03 4.127935973360508797e+04 1.985193533933196359e-12 -5.078493181542853563e-11 -8.244376258483920861e-01 1.985193533933196359e-12 -5.078493181542853563e-11 -8.244376258483920861e-01
1.998000000000000000e+03 4.130003041950073384e+04 1.982793105471343397e-12 -5.080869058815551398e-11 -8.236687449708202102e-01 1.982793105471343397e-12 -5.080869058815551398e-11 -8.236687449708202102e-01
1.999000000000000000e+03 4.132070110539637972e+04 1.978506137252863646e-12 -5.075895259665230697e-11 -8.218434462207949709e-01 1.978506137252863646e-12 -5.075895259665230697e-11 -8.218434462207949709e-01
2.000000000000000000e+03 4.134137179129202559e+04 1.973687514972763971e-12 -5.063760522006077736e-11 -8.189997904199901591e-01 1.973687514972763971e-12 -5.063760522006077736e-11 -8.189997904199901591e-01
