# Step, Time, Energy in eV
0.000000000000000000e+00 0.000000000000000000e+00 -2.064122958454426225e+03
1.000000000000000000e+00 2.067068589564640035e+01 -2.064123690208054541e+03
2.000000000000000000e+00 4.134137179129280071e+01 -2.064125529837860540e+03
3.000000000000000000e+00 6.201205768693920106e+01 -2.064127597358559342e+03
4.000000000000000000e+00 8.268274358258560142e+01 -2.064128938123222724e+03
5.000000000000000000e+00 1.033534294782320018e+02 -2.064128981308530911e+03
6.000000000000000000e+00 1.240241153738784021e+02 -2.064127777376753784e+03
7.000000000000000000e+00 1.446948012695248167e+02 -2.064125931004097311e+03
8.000000000000000000e+00 1.653654871651712028e+02 -2.064124300962409507e+03
9.000000000000000000e+00 1.860361730608175890e+02 -2.064123621450329665e+03
1.000000000000000000e+01 2.067068589564639751e+02 -2.064124200155831204e+03
1.100000000000000000e+01 2.273775448521103613e+02 -2.064125798572905751e+03
1.200000000000000000e+01 2.480482307477567474e+02 -2.064127732002797984e+03
1.300000000000000000e+01 2.687189166434031335e+02 -2.064129155763920153e+03
1.400000000000000000e+01 2.893896025390495197e+02 -2.064129436326522409e+03
1.500000000000000000e+01 3.100602884346959058e+02 -2.064128455937431227e+03
1.600000000000000000e+01 3.307309743303422920e+02 -2.064126697389396668e+03
1.700000000000000000e+01 3.514016602259886781e+02 -2.064125033257297218e+03
1.800000000000000000e+01 3.720723461216350643e+02 -2.064124293186017439e+03
1.900000000000000000e+01 3.927430320172814504e+02 -2.064124827515709512e+03
2.000000000000000000e+01 4.134137179129278366e+02 -2.064126315283750500e+03
2.100000000000000000e+01 4.340844038085742227e+02 -2.064127931712449026e+03
2.200000000000000000e+01 4.547550897042206088e+02 -2.064128776018980261e+03
2.300000000000000000e+01 4.754257755998669950e+02 -2.064128316368826290e+03
2.400000000000000000e+01 4.960964614955133811e+02 -2.064126626102054161e+03
2.500000000000000000e+01 5.167671473911598241e+02 -2.064124324107491248e+03
2.600000000000000000e+01 5.374378332868062671e+02 -2.064122283951809550e+03
2.700000000000000000e+01 5.581085191824527101e+02 -2.064121260532499946e+03
2.800000000000000000e+01 5.787792050780991531e+02 -2.064121586783197927e+03
2.900000000000000000e+01 5.994498909737455961e+02 -2.064123046410252300e+03
3.000000000000000000e+01 6.201205768693920390e+02 -2.064124963144528010e+03
3.100000000000000000e+01 6.407912627650384820e+02 -2.064126478377953845e+03
3.200000000000000000e+01 6.614619486606849250e+02 -2.064126922251730321e+03
3.300000000000000000e+01 6.821326345563313680e+02 -2.064126131361726038e+03
3.400000000000000000e+01 7.028033204519778110e+02 -2.064124557672716037e+03
3.500000000000000000e+01 7.234740063476242540e+02 -2.064123081027140870e+03
3.600000000000000000e+01 7.441446922432706970e+02 -2.064122581063817506e+03
3.700000000000000000e+01 7.648153781389171399e+02 -2.064123475934402450e+03
3.800000000000000000e+01 7.854860640345635829e+02 -2.064125484775535824e+03
3.900000000000000000e+01 8.061567499302100259e+02 -2.064127755839026122e+03
4.000000000000000000e+01 8.268274358258564689e+02 -2.064129286931826300e+03
4.100000000000000000e+01 8.474981217215029119e+02 -2.064129400630645250e+03
4.200000000000000000e+01 8.681688076171493549e+02 -2.064128030849368770e+03
4.300000000000000000e+01 8.888394935127957979e+02 -2.064125707855409928e+03
4.400000000000000000e+01 9.095101794084422409e+02 -2.064123288855701503e+03
4.500000000000000000e+01 9.301808653040886838e+02 -2.064121579943839606e+03
4.600000000000000000e+01 9.508515511997351268e+02 -2.064121009830011189e+03
4.700000000000000000e+01 9.715222370953815698e+02 -2.064121473016746222e+03
4.800000000000000000e+01 9.921929229910280128e+02 -2.064122393485113662e+03
4.900000000000000000e+01 1.012863608886674456e+03 -2.064122988068740142e+03
5.000000000000000000e+01 1.033534294782320785e+03 -2.064122637448365822e+03
5.100000000000000000e+01 1.054204980677967114e+03 -2.064121214958935070e+03
5.200000000000000000e+01 1.074875666573613444e+03 -2.064119209086890805e+03
5.300000000000000000e+01 1.095546352469259773e+03 -2.064117541138121851e+03
5.400000000000000000e+01 1.116217038364906102e+03 -2.064117127947401968e+03
5.500000000000000000e+01 1.136887724260552432e+03 -2.064118401984718275e+03
5.600000000000000000e+01 1.157558410156198761e+03 -2.064121058951115174e+03
5.700000000000000000e+01 1.178229096051845090e+03 -2.064124185618513366e+03
5.800000000000000000e+01 1.198899781947491419e+03 -2.064126694559986845e+03
5.900000000000000000e+01 1.219570467843137749e+03 -2.064127818387343268e+03
6.000000000000000000e+01 1.240241153738784078e+03 -2.064127410048103684e+03
6.100000000000000000e+01 1.260911839634430407e+03 -2.064125932850533900e+03
6.200000000000000000e+01 1.281582525530076737e+03 -2.064124190173835359e+03
6.300000000000000000e+01 1.302253211425723066e+03 -2.064122945091846759e+03
6.400000000000000000e+01 1.322923897321369395e+03 -2.064122592688574514e+03
6.500000000000000000e+01 1.343594583217015725e+03 -2.064123002304446800e+03
6.600000000000000000e+01 1.364265269112662054e+03 -2.064123579386242454e+03
6.700000000000000000e+01 1.384935955008308383e+03 -2.064123525782074466e+03
6.800000000000000000e+01 1.405606640903954712e+03 -2.064122209886545079e+03
6.900000000000000000e+01 1.426277326799601042e+03 -2.064119503218113095e+03
7.000000000000000000e+01 1.446948012695247371e+03 -2.064115924797428306e+03
7.100000000000000000e+01 1.467618698590893700e+03 -2.064112490939759937e+03
7.200000000000000000e+01 1.488289384486540030e+03 -2.064110301625936245e+03
7.300000000000000000e+01 1.508960070382186359e+03 -2.064110049347262702e+03
7.400000000000000000e+01 1.529630756277832688e+03 -2.064111707397654754e+03
7.500000000000000000e+01 1.550301442173479018e+03 -2.064114569414079597e+03
7.600000000000000000e+01 1.570972128069125347e+03 -2.064117611186088197e+03
7.700000000000000000e+01 1.591642813964771676e+03 -2.064119966754424240e+03
7.800000000000000000e+01 1.612313499860418005e+03 -2.064121271953792075e+03
7.900000000000000000e+01 1.632984185756064335e+03 -2.064121732128445274e+03
8.000000000000000000e+01 1.653654871651710664e+03 -2.064121925336254208e+03
8.100000000000000000e+01 1.674325557547356993e+03 -2.064122463639892430e+03
8.200000000000000000e+01 1.694996243443003323e+03 -2.064123667475460934e+03
8.300000000000000000e+01 1.715666929338649652e+03 -2.064125378835949959e+03
8.400000000000000000e+01 1.736337615234295981e+03 -2.064126980022427688e+03
8.500000000000000000e+01 1.757008301129942311e+03 -2.064127616796411075e+03
8.600000000000000000e+01 1.777678987025588640e+03 -2.064126555091894716e+03
8.700000000000000000e+01 1.798349672921234969e+03 -2.064123538310075674e+03
8.800000000000000000e+01 1.819020358816881298e+03 -2.064118982080222850e+03
8.900000000000000000e+01 1.839691044712527628e+03 -2.064113881892223162e+03
9.000000000000000000e+01 1.860361730608173957e+03 -2.064109433301996432e+03
9.100000000000000000e+01 1.881032416503820286e+03 -2.064106529807984316e+03
9.200000000000000000e+01 1.901703102399466616e+03 -2.064105402187704385e+03
9.300000000000000000e+01 1.922373788295112945e+03 -2.064105601089535867e+03
9.400000000000000000e+01 1.943044474190759274e+03 -2.064106322838591495e+03
9.500000000000000000e+01 1.963715160086405604e+03 -2.064106877688534496e+03
9.600000000000000000e+01 1.984385845982051933e+03 -2.064107039999668359e+03
9.700000000000000000e+01 2.005056531877698262e+03 -2.064107119851017615e+03
9.800000000000000000e+01 2.025727217773344591e+03 -2.064107760645276358e+03
9.900000000000000000e+01 2.046397903668990921e+03 -2.064109589219177451e+03
1.000000000000000000e+02 2.067068589564637477e+03 -2.064112880938703711e+03
1.010000000000000000e+02 2.087739275460283807e+03 -2.064117369702180895e+03
1.020000000000000000e+02 2.108409961355930136e+03 -2.064122268829049062e+03
1.030000000000000000e+02 2.129080647251576465e+03 -2.064126497519708209e+03
1.040000000000000000e+02 2.149751333147222795e+03 -2.064129039300858494e+03
1.050000000000000000e+02 2.170422019042869124e+03 -2.064129302229894620e+03
1.060000000000000000e+02 2.191092704938515453e+03 -2.064127329101165742e+03
1.070000000000000000e+02 2.211763390834161783e+03 -2.064123748428682575e+03
1.080000000000000000e+02 2.232434076729808112e+03 -2.064119471578606408e+03
1.090000000000000000e+02 2.253104762625454441e+03 -2.064115281644906645e+03
1.100000000000000000e+02 2.273775448521100770e+03 -2.064111533889896691e+03
1.110000000000000000e+02 2.294446134416747100e+03 -2.064108127656974830e+03
1.120000000000000000e+02 2.315116820312393429e+03 -2.064104744446524364e+03
1.130000000000000000e+02 2.335787506208039758e+03 -2.064101191444805409e+03
1.140000000000000000e+02 2.356458192103686088e+03 -2.064097647913029505e+03
1.150000000000000000e+02 2.377128877999332417e+03 -2.064094691613884606e+03
1.160000000000000000e+02 2.397799563894978746e+03 -2.064093109897276463e+03
1.170000000000000000e+02 2.418470249790625076e+03 -2.064093595243952223e+03
1.180000000000000000e+02 2.439140935686271405e+03 -2.064096455275848712e+03
1.190000000000000000e+02 2.459811621581917734e+03 -2.064101445258099830e+03
1.200000000000000000e+02 2.480482307477564063e+03 -2.064107782259080977e+03
1.210000000000000000e+02 2.501152993373210393e+03 -2.064114343170233042e+03
1.220000000000000000e+02 2.521823679268856722e+03 -2.064119989645459100e+03
1.230000000000000000e+02 2.542494365164503051e+03 -2.064123910160415107e+03
1.240000000000000000e+02 2.563165051060149381e+03 -2.064125841912507440e+03
1.250000000000000000e+02 2.583835736955795710e+03 -2.064126062675445155e+03
1.260000000000000000e+02 2.604506422851442039e+03 -2.064125139950388075e+03
1.270000000000000000e+02 2.625177108747088369e+03 -2.064123559072722855e+03
1.280000000000000000e+02 2.645847794642734698e+03 -2.064121439171795828e+03
1.290000000000000000e+02 2.666518480538381027e+03 -2.064118507323071753e+03
1.300000000000000000e+02 2.687189166434027356e+03 -2.064114344624912064e+03
1.310000000000000000e+02 2.707859852329673686e+03 -2.064108750319790943e+03
1.320000000000000000e+02 2.728530538225320015e+03 -2.064102009325175914e+03
1.330000000000000000e+02 2.749201224120966344e+03 -2.064094922205390048e+03
1.340000000000000000e+02 2.769871910016612674e+03 -2.064088594424559687e+03
1.350000000000000000e+02 2.790542595912259003e+03 -2.064084092258448891e+03
1.360000000000000000e+02 2.811213281807905332e+03 -2.064082111631419593e+03
1.370000000000000000e+02 2.831883967703551662e+03 -2.064082782305206365e+03
1.380000000000000000e+02 2.852554653599197991e+03 -2.064085672101739419e+03
1.390000000000000000e+02 2.873225339494844320e+03 -2.064089987020150147e+03
1.400000000000000000e+02 2.893896025390490649e+03 -2.064094893353284078e+03
1.410000000000000000e+02 2.914566711286136979e+03 -2.064099830923639729e+03
1.420000000000000000e+02 2.935237397181783308e+03 -2.064104668612405476e+03
1.430000000000000000e+02 2.955908083077429637e+03 -2.064109605977191222e+03
1.440000000000000000e+02 2.976578768973075967e+03 -2.064114852280752530e+03
1.450000000000000000e+02 2.997249454868722296e+03 -2.064120258619197557e+03
1.460000000000000000e+02 3.017920140764368625e+03 -2.064125136516531256e+03
1.470000000000000000e+02 3.038590826660014955e+03 -2.064128401237920571e+03
1.480000000000000000e+02 3.059261512555661284e+03 -2.064128980897918154e+03
1.490000000000000000e+02 3.079932198451307613e+03 -2.064126273632257835e+03
1.500000000000000000e+02 3.100602884346953942e+03 -2.064120421723425807e+03
1.510000000000000000e+02 3.121273570242600272e+03 -2.064112290561472946e+03
1.520000000000000000e+02 3.141944256138246601e+03 -2.064103192717057482e+03
1.530000000000000000e+02 3.162614942033892930e+03 -2.064094494165032302e+03
1.540000000000000000e+02 3.183285627929539260e+03 -2.064087255806367466e+03
1.550000000000000000e+02 3.203956313825185589e+03 -2.064082023543961441e+03
1.560000000000000000e+02 3.224626999720831918e+03 -2.064078818321405379e+03
1.570000000000000000e+02 3.245297685616478248e+03 -2.064077313298641457e+03
1.580000000000000000e+02 3.265968371512124577e+03 -2.064077125137010626e+03
1.590000000000000000e+02 3.286639057407770906e+03 -2.064078097078509927e+03
1.600000000000000000e+02 3.307309743303417235e+03 -2.064080433507100679e+03
1.610000000000000000e+02 3.327980429199063565e+03 -2.064084587816869771e+03
1.620000000000000000e+02 3.348651115094709894e+03 -2.064090919617767213e+03
1.630000000000000000e+02 3.369321800990356223e+03 -2.064099282683539514e+03
1.640000000000000000e+02 3.389992486886002553e+03 -2.064108786901737403e+03
1.650000000000000000e+02 3.410663172781648882e+03 -2.064117912519246147e+03
1.660000000000000000e+02 3.431333858677295211e+03 -2.064124960013129112e+03
1.670000000000000000e+02 3.452004544572941541e+03 -2.064128622335985256e+03
1.680000000000000000e+02 3.472675230468587870e+03 -2.064128404209016480e+03
1.690000000000000000e+02 3.493345916364234199e+03 -2.064124713144363795e+03
1.700000000000000000e+02 3.514016602259880528e+03 -2.064118621065385469e+03
1.710000000000000000e+02 3.534687288155526858e+03 -2.064111432308282474e+03
1.720000000000000000e+02 3.555357974051173187e+03 -2.064104241059060769e+03
1.730000000000000000e+02 3.576028659946819516e+03 -2.064097633069847689e+03
1.740000000000000000e+02 3.596699345842465846e+03 -2.064091621601633051e+03
1.750000000000000000e+02 3.617370031738112175e+03 -2.064085832243419190e+03
1.760000000000000000e+02 3.638040717633758504e+03 -2.064079872288012211e+03
1.770000000000000000e+02 3.658711403529404834e+03 -2.064073742035713167e+03
1.780000000000000000e+02 3.679382089425051163e+03 -2.064068092110955604e+03
1.790000000000000000e+02 3.700052775320697492e+03 -2.064064151748605127e+03
1.800000000000000000e+02 3.720723461216343821e+03 -2.064063287709404904e+03
1.810000000000000000e+02 3.741394147111990151e+03 -2.064066368491992762e+03
1.820000000000000000e+02 3.762064833007636480e+03 -2.064073270012115245e+03
1.830000000000000000e+02 3.782735518903282809e+03 -2.064082819199958067e+03
1.840000000000000000e+02 3.803406204798929139e+03 -2.064093221070023901e+03
1.850000000000000000e+02 3.824076890694575468e+03 -2.064102728852740711e+03
1.860000000000000000e+02 3.844747576590221797e+03 -2.064110203789927255e+03
1.870000000000000000e+02 3.865418262485868127e+03 -2.064115324151083314e+03
1.880000000000000000e+02 3.886088948381514456e+03 -2.064118420579818576e+03
1.890000000000000000e+02 3.906759634277160785e+03 -2.064120084305728597e+03
1.900000000000000000e+02 3.927430320172807114e+03 -2.064120750036770460e+03
1.910000000000000000e+02 3.948101006068453444e+03 -2.064120420286201352e+03
1.920000000000000000e+02 3.968771691964099773e+03 -2.064118624050116978e+03
1.930000000000000000e+02 3.989442377859746102e+03 -2.064114622983215213e+03
1.940000000000000000e+02 4.010113063755392432e+03 -2.064107801141599339e+03
1.950000000000000000e+02 4.030783749651038761e+03 -2.064098102622103397e+03
1.960000000000000000e+02 4.051454435546685090e+03 -2.064086332698106162e+03
1.970000000000000000e+02 4.072125121442331420e+03 -2.064074149414290332e+03
1.980000000000000000e+02 4.092795807337977749e+03 -2.064063676885547920e+03
1.990000000000000000e+02 4.113466493233624533e+03 -2.064056852397710827e+03
2.000000000000000000e+02 4.134137179129271317e+03 -2.064054785350399015e+03
2.010000000000000000e+02 4.154807865024918101e+03 -2.064057434051990640e+03
2.020000000000000000e+02 4.175478550920564885e+03 -2.064063748814968676e+03
2.030000000000000000e+02 4.196149236816211669e+03 -2.064072179138113370e+03
2.040000000000000000e+02 4.216819922711858453e+03 -2.064081267574166759e+03
2.050000000000000000e+02 4.237490608607505237e+03 -2.064090055546302210e+03
2.060000000000000000e+02 4.258161294503152021e+03 -2.064098169484744176e+03
2.070000000000000000e+02 4.278831980398798805e+03 -2.064105625391984177e+03
2.080000000000000000e+02 4.299502666294445589e+03 -2.064112495545741695e+03
2.090000000000000000e+02 4.320173352190092373e+03 -2.064118601841378222e+03
2.100000000000000000e+02 4.340844038085739157e+03 -2.064123362585490668e+03
2.110000000000000000e+02 4.361514723981385941e+03 -2.064125856201987517e+03
2.120000000000000000e+02 4.382185409877032725e+03 -2.064125093837416443e+03
2.130000000000000000e+02 4.402856095772679510e+03 -2.064120418687156416e+03
2.140000000000000000e+02 4.423526781668326294e+03 -2.064111883195636892e+03
2.150000000000000000e+02 4.444197467563973078e+03 -2.064100424891330476e+03
2.160000000000000000e+02 4.464868153459619862e+03 -2.064087708996024503e+03
2.170000000000000000e+02 4.485538839355266646e+03 -2.064075648800924228e+03
2.180000000000000000e+02 4.506209525250913430e+03 -2.064065799722974134e+03
2.190000000000000000e+02 4.526880211146560214e+03 -2.064058926210794198e+03
2.200000000000000000e+02 4.547550897042206998e+03 -2.064054960349467365e+03
2.210000000000000000e+02 4.568221582937853782e+03 -2.064053340326444413e+03
2.220000000000000000e+02 4.588892268833500566e+03 -2.064053499848848332e+03
2.230000000000000000e+02 4.609562954729147350e+03 -2.064055226616472282e+03
2.240000000000000000e+02 4.630233640624794134e+03 -2.064058727444801661e+03
2.250000000000000000e+02 4.650904326520440918e+03 -2.064064416702027302e+03
2.260000000000000000e+02 4.671575012416087702e+03 -2.064072568446052628e+03
2.270000000000000000e+02 4.692245698311734486e+03 -2.064083001095721102e+03
2.280000000000000000e+02 4.712916384207381270e+03 -2.064094922332560145e+03
2.290000000000000000e+02 4.733587070103028054e+03 -2.064106992278339021e+03
2.300000000000000000e+02 4.754257755998674838e+03 -2.064117590315586767e+03
2.310000000000000000e+02 4.774928441894321622e+03 -2.064125204722532999e+03
2.320000000000000000e+02 4.795599127789968406e+03 -2.064128814227563907e+03
2.330000000000000000e+02 4.816269813685615190e+03 -2.064128117882224160e+03
2.340000000000000000e+02 4.836940499581261975e+03 -2.064123518865360893e+03
2.350000000000000000e+02 4.857611185476908759e+03 -2.064115877898012059e+03
2.360000000000000000e+02 4.878281871372555543e+03 -2.064106171798941432e+03
2.370000000000000000e+02 4.898952557268202327e+03 -2.064095241078591698e+03
2.380000000000000000e+02 4.919623243163849111e+03 -2.064083742896683361e+03
2.390000000000000000e+02 4.940293929059495895e+03 -2.064072285800977170e+03
2.400000000000000000e+02 4.960964614955142679e+03 -2.064061611641783657e+03
2.410000000000000000e+02 4.981635300850789463e+03 -2.064052678614441447e+03
2.420000000000000000e+02 5.002305986746436247e+03 -2.064046575423461491e+03
2.430000000000000000e+02 5.022976672642083031e+03 -2.064044294390788309e+03
2.440000000000000000e+02 5.043647358537729815e+03 -2.064046454303369501e+03
2.450000000000000000e+02 5.064318044433376599e+03 -2.064053076116432749e+03
2.460000000000000000e+02 5.084988730329023383e+03 -2.064063490598002318e+03
2.470000000000000000e+02 5.105659416224670167e+03 -2.064076415762122451e+03
2.480000000000000000e+02 5.126330102120316951e+03 -2.064090195054562628e+03
2.490000000000000000e+02 5.147000788015963735e+03 -2.064103137951477947e+03
2.500000000000000000e+02 5.167671473911610519e+03 -2.064113862378753765e+03
2.510000000000000000e+02 5.188342159807257303e+03 -2.064121521376616784e+03
2.520000000000000000e+02 5.209012845702904087e+03 -2.064125829096997677e+03
2.530000000000000000e+02 5.229683531598550871e+03 -2.064126889028618734e+03
2.540000000000000000e+02 5.250354217494197655e+03 -2.064124933690346097e+03
2.550000000000000000e+02 5.271024903389844440e+03 -2.064120138929864424e+03
2.560000000000000000e+02 5.291695589285491224e+03 -2.064112625790376569e+03
2.570000000000000000e+02 5.312366275181138008e+03 -2.064102633775739378e+03
2.580000000000000000e+02 5.333036961076784792e+03 -2.064090733604285560e+03
2.590000000000000000e+02 5.353707646972431576e+03 -2.064077925758024321e+03
2.600000000000000000e+02 5.374378332868078360e+03 -2.064065545803321129e+03
2.610000000000000000e+02 5.395049018763725144e+03 -2.064055005469263961e+03
2.620000000000000000e+02 5.415719704659371928e+03 -2.064047473871937200e+03
2.630000000000000000e+02 5.436390390555018712e+03 -2.064043620301575629e+03
2.640000000000000000e+02 5.457061076450665496e+03 -2.064043509462616839e+03
2.650000000000000000e+02 5.477731762346312280e+03 -2.064046683493123055e+03
2.660000000000000000e+02 5.498402448241959064e+03 -2.064052399257595880e+03
2.670000000000000000e+02 5.519073134137605848e+03 -2.064059926552692104e+03
2.680000000000000000e+02 5.539743820033252632e+03 -2.064068773241434428e+03
2.690000000000000000e+02 5.560414505928899416e+03 -2.064078716860301938e+03
2.700000000000000000e+02 5.581085191824546200e+03 -2.064089608587971270e+03
2.710000000000000000e+02 5.601755877720192984e+03 -2.064101050839793061e+03
2.720000000000000000e+02 5.622426563615839768e+03 -2.064112153365078939e+03
2.730000000000000000e+02 5.643097249511486552e+03 -2.064121555177194750e+03
2.740000000000000000e+02 5.663767935407133336e+03 -2.064127749383767423e+03
2.750000000000000000e+02 5.684438621302780120e+03 -2.064129563535273064e+03
2.760000000000000000e+02 5.705109307198426905e+03 -2.064126560186853112e+03
2.770000000000000000e+02 5.725779993094073689e+03 -2.064119179935269131e+03
2.780000000000000000e+02 5.746450678989720473e+03 -2.064108591833969513e+03
2.790000000000000000e+02 5.767121364885367257e+03 -2.064096344999035409e+03
2.800000000000000000e+02 5.787792050781014041e+03 -2.064083971783282323e+03
2.810000000000000000e+02 5.808462736676660825e+03 -2.064072678495204855e+03
2.820000000000000000e+02 5.829133422572307609e+03 -2.064063206313170213e+03
2.830000000000000000e+02 5.849804108467954393e+03 -2.064055881090151161e+03
2.840000000000000000e+02 5.870474794363601177e+03 -2.064050809390592349e+03
2.850000000000000000e+02 5.891145480259247961e+03 -2.064048125326790796e+03
2.860000000000000000e+02 5.911816166154894745e+03 -2.064048160598490085e+03
2.870000000000000000e+02 5.932486852050541529e+03 -2.064051421996539375e+03
2.880000000000000000e+02 5.953157537946188313e+03 -2.064058337552045487e+03
2.890000000000000000e+02 5.973828223841835097e+03 -2.064068862838370478e+03
2.900000000000000000e+02 5.994498909737481881e+03 -2.064082156745348584e+03
2.910000000000000000e+02 6.015169595633128665e+03 -2.064096548114542657e+03
2.920000000000000000e+02 6.035840281528775449e+03 -2.064109880030560817e+03
2.930000000000000000e+02 6.056510967424422233e+03 -2.064120108245539996e+03
2.940000000000000000e+02 6.077181653320069017e+03 -2.064125885926994670e+03
2.950000000000000000e+02 6.097852339215715801e+03 -2.064126882526688405e+03
2.960000000000000000e+02 6.118523025111362585e+03 -2.064123732397932145e+03
2.970000000000000000e+02 6.139193711007009369e+03 -2.064117680675619340e+03
2.980000000000000000e+02 6.159864396902656154e+03 -2.064110097836917248e+03
2.990000000000000000e+02 6.180535082798302938e+03 -2.064102047602194034e+03
3.000000000000000000e+02 6.201205768693949722e+03 -2.064094045129880215e+03
3.010000000000000000e+02 6.221876454589596506e+03 -2.064086071182257456e+03
3.020000000000000000e+02 6.242547140485243290e+03 -2.064077830964388340e+03
3.030000000000000000e+02 6.263217826380890074e+03 -2.064069165308986612e+03
3.040000000000000000e+02 6.283888512276536858e+03 -2.064060444484084201e+03
3.050000000000000000e+02 6.304559198172183642e+03 -2.064052735969558853e+03
3.060000000000000000e+02 6.325229884067830426e+03 -2.064047592973630799e+03
3.070000000000000000e+02 6.345900569963477210e+03 -2.064046487262800838e+03
3.080000000000000000e+02 6.366571255859123994e+03 -2.064050138799608703e+03
3.090000000000000000e+02 6.387241941754770778e+03 -2.064058112449626151e+03
3.100000000000000000e+02 6.407912627650417562e+03 -2.064068929664460939e+03
3.110000000000000000e+02 6.428583313546064346e+03 -2.064080638190563604e+03
3.120000000000000000e+02 6.449253999441711130e+03 -2.064091519385863648e+03
3.130000000000000000e+02 6.469924685337357914e+03 -2.064100576274493960e+03
3.140000000000000000e+02 6.490595371233004698e+03 -2.064107621195565116e+03
3.150000000000000000e+02 6.511266057128651482e+03 -2.064113009626581970e+03
3.160000000000000000e+02 6.531936743024298266e+03 -2.064117206361296212e+03
3.170000000000000000e+02 6.552607428919945050e+03 -2.064120389791718026e+03
3.180000000000000000e+02 6.573278114815591834e+03 -2.064122243814064404e+03
3.190000000000000000e+02 6.593948800711238619e+03 -2.064122006344249712e+03
3.200000000000000000e+02 6.614619486606885403e+03 -2.064118762657093157e+03
3.210000000000000000e+02 6.635290172502532187e+03 -2.064111893424566006e+03
3.220000000000000000e+02 6.655960858398178971e+03 -2.064101516657360662e+03
3.230000000000000000e+02 6.676631544293825755e+03 -2.064088725812127905e+03
3.240000000000000000e+02 6.697302230189472539e+03 -2.064075465728928066e+03
3.250000000000000000e+02 6.717972916085119323e+03 -2.064064027506477942e+03
3.260000000000000000e+02 6.738643601980766107e+03 -2.064056340310783980e+03
3.270000000000000000e+02 6.759314287876412891e+03 -2.064053376592125005e+03
3.280000000000000000e+02 6.779984973772059675e+03 -2.064054952404744654e+03
3.290000000000000000e+02 6.800655659667706459e+03 -2.064059994652125624e+03
3.300000000000000000e+02 6.821326345563353243e+03 -2.064067098025728683e+03
3.310000000000000000e+02 6.841997031459000027e+03 -2.064075072447692037e+03
3.320000000000000000e+02 6.862667717354646811e+03 -2.064083242405843066e+03
3.330000000000000000e+02 6.883338403250293595e+03 -2.064091426311467785e+03
3.340000000000000000e+02 6.904009089145940379e+03 -2.064099678799877893e+03
3.350000000000000000e+02 6.924679775041587163e+03 -2.064107954308391982e+03
3.360000000000000000e+02 6.945350460937233947e+03 -2.064115846992788192e+03
3.370000000000000000e+02 6.966021146832880731e+03 -2.064122513184573563e+03
3.380000000000000000e+02 6.986691832728527515e+03 -2.064126816509202399e+03
3.390000000000000000e+02 7.007362518624174299e+03 -2.064127663902560926e+03
3.400000000000000000e+02 7.028033204519821084e+03 -2.064124427270814977e+03
3.410000000000000000e+02 7.048703890415467868e+03 -2.064117285784913747e+03
3.420000000000000000e+02 7.069374576311114652e+03 -2.064107313465485277e+03
3.430000000000000000e+02 7.090045262206761436e+03 -2.064096215512431627e+03
3.440000000000000000e+02 7.110715948102408220e+03 -2.064085783700528737e+03
3.450000000000000000e+02 7.131386633998055004e+03 -2.064077315361796536e+03
3.460000000000000000e+02 7.152057319893701788e+03 -2.064071291333332283e+03
3.470000000000000000e+02 7.172728005789348572e+03 -2.064067467959881924e+03
3.480000000000000000e+02 7.193398691684995356e+03 -2.064065291253109081e+03
3.490000000000000000e+02 7.214069377580642140e+03 -2.064064366265023637e+03
3.500000000000000000e+02 7.234740063476288924e+03 -2.064064724440593636e+03
3.510000000000000000e+02 7.255410749371935708e+03 -2.064066785194424028e+03
3.520000000000000000e+02 7.276081435267582492e+03 -2.064071078361640048e+03
3.530000000000000000e+02 7.296752121163229276e+03 -2.064077887163407922e+03
3.540000000000000000e+02 7.317422807058876060e+03 -2.064086972741245063e+03
3.550000000000000000e+02 7.338093492954522844e+03 -2.064097486922469670e+03
3.560000000000000000e+02 7.358764178850169628e+03 -2.064108106971630605e+03
3.570000000000000000e+02 7.379434864745816412e+03 -2.064117353414380432e+03
3.580000000000000000e+02 7.400105550641463196e+03 -2.064123987221852076e+03
3.590000000000000000e+02 7.420776236537109980e+03 -2.064127340115104289e+03
3.600000000000000000e+02 7.441446922432756764e+03 -2.064127438419488044e+03
3.610000000000000000e+02 7.462117608328403549e+03 -2.064124859225449654e+03
3.620000000000000000e+02 7.482788294224050333e+03 -2.064120390380424396e+03
3.630000000000000000e+02 7.503458980119697117e+03 -2.064114679951250309e+03
3.640000000000000000e+02 7.524129666015343901e+03 -2.064108068927743261e+03
3.650000000000000000e+02 7.544800351910990685e+03 -2.064100682370836694e+03
3.660000000000000000e+02 7.565471037806637469e+03 -2.064092689572267318e+03
3.670000000000000000e+02 7.586141723702284253e+03 -2.064084550215195122e+03
3.680000000000000000e+02 7.606812409597931037e+03 -2.064077093255259570e+03
3.690000000000000000e+02 7.627483095493577821e+03 -2.064071384877447599e+03
3.700000000000000000e+02 7.648153781389224605e+03 -2.064068449366646746e+03
3.710000000000000000e+02 7.668824467284871389e+03 -2.064068959960657594e+03
3.720000000000000000e+02 7.689495153180518173e+03 -2.064073012893014948e+03
3.730000000000000000e+02 7.710165839076164957e+03 -2.064080059776573762e+03
3.740000000000000000e+02 7.730836524971811741e+03 -2.064089023061934768e+03
3.750000000000000000e+02 7.751507210867458525e+03 -2.064098565875414806e+03
3.760000000000000000e+02 7.772177896763105309e+03 -2.064107435903478745e+03
3.770000000000000000e+02 7.792848582658752093e+03 -2.064114764662801917e+03
3.780000000000000000e+02 7.813519268554398877e+03 -2.064120201975745204e+03
3.790000000000000000e+02 7.834189954450045661e+03 -2.064123823709177941e+03
3.800000000000000000e+02 7.854860640345692445e+03 -2.064125862182160745e+03
3.810000000000000000e+02 7.875531326241339229e+03 -2.064126416582219917e+03
3.820000000000000000e+02 7.896202012136986014e+03 -2.064125324056093632e+03
3.830000000000000000e+02 7.916872698032632798e+03 -2.064122275250759685e+03
3.840000000000000000e+02 7.937543383928279582e+03 -2.064117099941078322e+03
3.850000000000000000e+02 7.958214069823926366e+03 -2.064110042275139222e+03
3.860000000000000000e+02 7.978884755719573150e+03 -2.064101860209112601e+03
3.870000000000000000e+02 7.999555441615219934e+03 -2.064093692549005482e+03
3.880000000000000000e+02 8.020226127510866718e+03 -2.064086756761745619e+03
3.890000000000000000e+02 8.040896813406513502e+03 -2.064082007252059611e+03
3.900000000000000000e+02 8.061567499302160286e+03 -2.064079884632253652e+03
3.910000000000000000e+02 8.082238185197807070e+03 -2.064080242992400599e+03
3.920000000000000000e+02 8.102908871093453854e+03 -2.064082478839454780e+03
3.930000000000000000e+02 8.123579556989100638e+03 -2.064085816501800309e+03
3.940000000000000000e+02 8.144250242884747422e+03 -2.064089641338444380e+03
3.950000000000000000e+02 8.164920928780394206e+03 -2.064093733988638178e+03
3.960000000000000000e+02 8.185591614676040990e+03 -2.064098278809148269e+03
3.970000000000000000e+02 8.206262300571686865e+03 -2.064103617215056602e+03
3.980000000000000000e+02 8.226932986467332739e+03 -2.064109863267045966e+03
3.990000000000000000e+02 8.247603672362978614e+03 -2.064116605259878270e+03
4.000000000000000000e+02 8.268274358258624488e+03 -2.064122890443731649e+03
4.010000000000000000e+02 8.288945044154270363e+03 -2.064127526131175728e+03
4.020000000000000000e+02 8.309615730049916237e+03 -2.064129539650115930e+03
4.030000000000000000e+02 8.330286415945562112e+03 -2.064128556789106369e+03
4.040000000000000000e+02 8.350957101841207987e+03 -2.064124925490646092e+03
4.050000000000000000e+02 8.371627787736853861e+03 -2.064119558838484409e+03
4.060000000000000000e+02 8.392298473632499736e+03 -2.064113597533772918e+03
4.070000000000000000e+02 8.412969159528145610e+03 -2.064108042993680556e+03
4.080000000000000000e+02 8.433639845423791485e+03 -2.064103494029239300e+03
4.090000000000000000e+02 8.454310531319437359e+03 -2.064100065403868939e+03
4.100000000000000000e+02 8.474981217215083234e+03 -2.064097501902302156e+03
4.110000000000000000e+02 8.495651903110729108e+03 -2.064095438177909728e+03
4.120000000000000000e+02 8.516322589006374983e+03 -2.064093699307263705e+03
4.130000000000000000e+02 8.536993274902020858e+03 -2.064092504118926627e+03
4.140000000000000000e+02 8.557663960797666732e+03 -2.064092450557963275e+03
4.150000000000000000e+02 8.578334646693312607e+03 -2.064094249224044233e+03
4.160000000000000000e+02 8.599005332588958481e+03 -2.064098308933052522e+03
4.170000000000000000e+02 8.619676018484604356e+03 -2.064104390501440321e+03
4.180000000000000000e+02 8.640346704380250230e+03 -2.064111541085454974e+03
4.190000000000000000e+02 8.661017390275896105e+03 -2.064118376031061871e+03
4.200000000000000000e+02 8.681688076171541979e+03 -2.064123576262306415e+03
4.210000000000000000e+02 8.702358762067187854e+03 -2.064126353169522645e+03
4.220000000000000000e+02 8.723029447962833729e+03 -2.064126669352435329e+03
4.230000000000000000e+02 8.743700133858479603e+03 -2.064125146643467815e+03
4.240000000000000000e+02 8.764370819754125478e+03 -2.064122739829267630e+03
4.250000000000000000e+02 8.785041505649771352e+03 -2.064120332849990064e+03
4.260000000000000000e+02 8.805712191545417227e+03 -2.064118414666743320e+03
4.270000000000000000e+02 8.826382877441063101e+03 -2.064116943517307845e+03
4.280000000000000000e+02 8.847053563336708976e+03 -2.064115440749019854e+03
4.290000000000000000e+02 8.867724249232354850e+03 -2.064113282550443273e+03
4.300000000000000000e+02 8.888394935128000725e+03 -2.064110084861840278e+03
4.310000000000000000e+02 8.909065621023646599e+03 -2.064106018635836335e+03
4.320000000000000000e+02 8.929736306919292474e+03 -2.064101884807795159e+03
4.330000000000000000e+02 8.950406992814938349e+03 -2.064098860107594646e+03
4.340000000000000000e+02 8.971077678710584223e+03 -2.064097992661886110e+03
4.350000000000000000e+02 8.991748364606230098e+03 -2.064099695406628598e+03
4.360000000000000000e+02 9.012419050501875972e+03 -2.064103524284868399e+03
4.370000000000000000e+02 9.033089736397521847e+03 -2.064108376362807121e+03
4.380000000000000000e+02 9.053760422293167721e+03 -2.064112992810677042e+03
4.390000000000000000e+02 9.074431108188813596e+03 -2.064116484570235571e+03
4.400000000000000000e+02 9.095101794084459470e+03 -2.064118621103811620e+03
4.410000000000000000e+02 9.115772479980105345e+03 -2.064119785370716272e+03
4.420000000000000000e+02 9.136443165875751220e+03 -2.064120671293991109e+03
4.430000000000000000e+02 9.157113851771397094e+03 -2.064121891375862106e+03
4.440000000000000000e+02 9.177784537667042969e+03 -2.064123661713714682e+03
4.450000000000000000e+02 9.198455223562688843e+03 -2.064125676819579439e+03
4.460000000000000000e+02 9.219125909458334718e+03 -2.064127214039123828e+03
4.470000000000000000e+02 9.239796595353980592e+03 -2.064127433441812627e+03
4.480000000000000000e+02 9.260467281249626467e+03 -2.064125769105492054e+03
4.490000000000000000e+02 9.281137967145272341e+03 -2.064122254466481081e+03
4.500000000000000000e+02 9.301808653040918216e+03 -2.064117618639837474e+03
4.510000000000000000e+02 9.322479338936564091e+03 -2.064113065565629768e+03
4.520000000000000000e+02 9.343150024832209965e+03 -2.064109799898778874e+03
4.530000000000000000e+02 9.363820710727855840e+03 -2.064108520086836052e+03
4.540000000000000000e+02 9.384491396623501714e+03 -2.064109146676850287e+03
4.550000000000000000e+02 9.405162082519147589e+03 -2.064110932812952797e+03
4.560000000000000000e+02 9.425832768414793463e+03 -2.064112883731284001e+03
4.570000000000000000e+02 9.446503454310439338e+03 -2.064114245358458902e+03
4.580000000000000000e+02 9.467174140206085212e+03 -2.064114814631653189e+03
4.590000000000000000e+02 9.487844826101731087e+03 -2.064114952627884122e+03
4.600000000000000000e+02 9.508515511997376962e+03 -2.064115340154858586e+03
4.610000000000000000e+02 9.529186197893022836e+03 -2.064116615093021665e+03
4.620000000000000000e+02 9.549856883788668711e+03 -2.064119048966988430e+03
4.630000000000000000e+02 9.570527569684314585e+03 -2.064122381881256842e+03
4.640000000000000000e+02 9.591198255579960460e+03 -2.064125872741548392e+03
4.650000000000000000e+02 9.611868941475606334e+03 -2.064128553367940185e+03
4.660000000000000000e+02 9.632539627371252209e+03 -2.064129605767357589e+03
4.670000000000000000e+02 9.653210313266898083e+03 -2.064128721412332652e+03
4.680000000000000000e+02 9.673880999162543958e+03 -2.064126276878523186e+03
4.690000000000000000e+02 9.694551685058189832e+03 -2.064123209315026088e+03
4.700000000000000000e+02 9.715222370953835707e+03 -2.064120610485754696e+03
4.710000000000000000e+02 9.735893056849481582e+03 -2.064119225133994860e+03
4.720000000000000000e+02 9.756563742745127456e+03 -2.064119124152921358e+03
4.730000000000000000e+02 9.777234428640773331e+03 -2.064119738708587647e+03
4.740000000000000000e+02 9.797905114536419205e+03 -2.064120226636791358e+03
4.750000000000000000e+02 9.818575800432065080e+03 -2.064119949263320450e+03
4.760000000000000000e+02 9.839246486327710954e+03 -2.064118797951488887e+03
4.770000000000000000e+02 9.859917172223356829e+03 -2.064117226636486521e+03
4.780000000000000000e+02 9.880587858119002703e+03 -2.064116014696479851e+03
4.790000000000000000e+02 9.901258544014648578e+03 -2.064115898951999952e+03
4.800000000000000000e+02 9.921929229910294453e+03 -2.064117239743114624e+03
4.810000000000000000e+02 9.942599915805940327e+03 -2.064119847244956873e+03
4.820000000000000000e+02 9.963270601701586202e+03 -2.064123027714938871e+03
4.830000000000000000e+02 9.983941287597232076e+03 -2.064125836296464513e+03
4.840000000000000000e+02 1.000461197349287795e+04 -2.064127451885809933e+03
4.850000000000000000e+02 1.002528265938852383e+04 -2.064127530216734613e+03
4.860000000000000000e+02 1.004595334528416970e+04 -2.064126371494841351e+03
4.870000000000000000e+02 1.006662403117981557e+04 -2.064124793122578922e+03
4.880000000000000000e+02 1.008729471707546145e+04 -2.064123734319094638e+03
4.890000000000000000e+02 1.010796540297110732e+04 -2.064123779727323836e+03
4.900000000000000000e+02 1.012863608886675320e+04 -2.064124862897283947e+03
4.910000000000000000e+02 1.014930677476239907e+04 -2.064126320696076618e+03
4.920000000000000000e+02 1.016997746065804495e+04 -2.064127262070478992e+03
4.930000000000000000e+02 1.019064814655369082e+04 -2.064127034357541106e+03
4.940000000000000000e+02 1.021131883244933670e+04 -2.064125539056372418e+03
4.950000000000000000e+02 1.023198951834498257e+04 -2.064123262255296595e+03
4.960000000000000000e+02 1.025266020424062845e+04 -2.064121043382135667e+03
4.970000000000000000e+02 1.027333089013627432e+04 -2.064119713633932406e+03
4.980000000000000000e+02 1.029400157603192019e+04 -2.064119760711305844e+03
4.990000000000000000e+02 1.031467226192756607e+04 -2.064121141510835969e+03
5.000000000000000000e+02 1.033534294782321194e+04 -2.064123302952820723e+03
5.010000000000000000e+02 1.035601363371885782e+04 -2.064125403646444738e+03
5.020000000000000000e+02 1.037668431961450369e+04 -2.064126662435047820e+03
5.030000000000000000e+02 1.039735500551014957e+04 -2.064126702735323306e+03
5.040000000000000000e+02 1.041802569140579544e+04 -2.064125737389199912e+03
5.050000000000000000e+02 1.043869637730144132e+04 -2.064124480892480733e+03
5.060000000000000000e+02 1.045936706319708719e+04 -2.064123797144451601e+03
5.070000000000000000e+02 1.048003774909273307e+04 -2.064124245182632421e+03
5.080000000000000000e+02 1.050070843498837894e+04 -2.064125771109019297e+03
5.090000000000000000e+02 1.052137912088402481e+04 -2.064127728282810949e+03
5.100000000000000000e+02 1.054204980677967069e+04 -2.064129215071057388e+03
5.110000000000000000e+02 1.056272049267531656e+04 -2.064129533699125659e+03
5.120000000000000000e+02 1.058339117857096244e+04 -2.064128522259994043e+03
5.130000000000000000e+02 1.060406186446660831e+04 -2.064126609991336409e+03
5.140000000000000000e+02 1.062473255036225419e+04 -2.064124603412639317e+03
5.150000000000000000e+02 1.064540323625790006e+04 -2.064123327569230241e+03
5.160000000000000000e+02 1.066607392215354594e+04 -2.064123281646762280e+03
5.170000000000000000e+02 1.068674460804919181e+04 -2.064124438080265918e+03
5.180000000000000000e+02 1.070741529394483769e+04 -2.064126253000924862e+03
5.190000000000000000e+02 1.072808597984048356e+04 -2.064127886015795866e+03
5.200000000000000000e+02 1.074875666573612943e+04 -2.064128557006962637e+03
5.210000000000000000e+02 1.076942735163177531e+04 -2.064127905851903506e+03
5.220000000000000000e+02 1.079009803752742118e+04 -2.064126192154983528e+03
5.230000000000000000e+02 1.081076872342306706e+04 -2.064124211806054518e+03
5.240000000000000000e+02 1.083143940931871293e+04 -2.064122931382744810e+03
5.250000000000000000e+02 1.085211009521435881e+04 -2.064123004758796469e+03
5.260000000000000000e+02 1.087278078111000468e+04 -2.064124432415272167e+03
5.270000000000000000e+02 1.089345146700565056e+04 -2.064126561610981298e+03
5.280000000000000000e+02 1.091412215290129643e+04 -2.064128426389496326e+03
5.290000000000000000e+02 1.093479283879694231e+04 -2.064129228435526329e+03
5.300000000000000000e+02 1.095546352469258818e+04 -2.064128699623131524e+03
5.310000000000000000e+02 1.097613421058823405e+04 -2.064127184277052038e+03
5.320000000000000000e+02 1.099680489648387993e+04 -2.064125441572661657e+03
5.330000000000000000e+02 1.101747558237952580e+04 -2.064124290923055469e+03
5.340000000000000000e+02 1.103814626827517168e+04 -2.064124261692829805e+03
5.350000000000000000e+02 1.105881695417081755e+04 -2.064125379435190098e+03
5.360000000000000000e+02 1.107948764006646343e+04 -2.064127159505388136e+03
5.370000000000000000e+02 1.110015832596210930e+04 -2.064128809023286067e+03
5.380000000000000000e+02 1.112082901185775518e+04 -2.064129568703506266e+03
5.390000000000000000e+02 1.114149969775340105e+04 -2.064129065080885539e+03
5.400000000000000000e+02 1.116217038364904693e+04 -2.064127514171416806e+03
5.410000000000000000e+02 1.118284106954469280e+04 -2.064125653755496387e+03
5.420000000000000000e+02 1.120351175544033867e+04 -2.064124399726054889e+03
5.430000000000000000e+02 1.122418244133598455e+04 -2.064124380644370376e+03
5.440000000000000000e+02 1.124485312723163042e+04 -2.064125602063913902e+03
5.450000000000000000e+02 1.126552381312727630e+04 -2.064127437640954213e+03
5.460000000000000000e+02 1.128619449902292217e+04 -2.064128953642463784e+03
5.470000000000000000e+02 1.130686518491856805e+04 -2.064129378114211704e+03
5.480000000000000000e+02 1.132753587081421392e+04 -2.064128460963742782e+03
5.490000000000000000e+02 1.134820655670985980e+04 -2.064126561194447731e+03
5.500000000000000000e+02 1.136887724260550567e+04 -2.064124455930567819e+03
5.510000000000000000e+02 1.138954792850115155e+04 -2.064122988848798741e+03
5.520000000000000000e+02 1.141021861439679742e+04 -2.064122717055950943e+03
5.530000000000000000e+02 1.143088930029244329e+04 -2.064123689235123493e+03
5.540000000000000000e+02 1.145155998618808917e+04 -2.064125428550054949e+03
5.550000000000000000e+02 1.147223067208373504e+04 -2.064127125640706709e+03
5.560000000000000000e+02 1.149290135797938092e+04 -2.064127978530989822e+03
5.570000000000000000e+02 1.151357204387502679e+04 -2.064127554927064921e+03
5.580000000000000000e+02 1.153424272977067267e+04 -2.064126019011956032e+03
5.590000000000000000e+02 1.155491341566631854e+04 -2.064124092964741067e+03
5.600000000000000000e+02 1.157558410156196442e+04 -2.064122733178829549e+03
5.610000000000000000e+02 1.159625478745761029e+04 -2.064122658819621847e+03
5.620000000000000000e+02 1.161692547335325617e+04 -2.064123979960215820e+03
5.630000000000000000e+02 1.163759615924890204e+04 -2.064126138020217240e+03
5.640000000000000000e+02 1.165826684514454791e+04 -2.064128192880297775e+03
5.650000000000000000e+02 1.167893753104019379e+04 -2.064129288605491638e+03
5.660000000000000000e+02 1.169960821693583966e+04 -2.064129043667020142e+03
5.670000000000000000e+02 1.172027890283148554e+04 -2.064127683647291633e+03
5.680000000000000000e+02 1.174094958872713141e+04 -2.064125889214884864e+03
5.690000000000000000e+02 1.176162027462277729e+04 -2.064124463728193859e+03
5.700000000000000000e+02 1.178229096051842316e+04 -2.064123977888298668e+03
5.710000000000000000e+02 1.180296164641406904e+04 -2.064124530530398715e+03
5.720000000000000000e+02 1.182363233230971491e+04 -2.064125708243590452e+03
5.730000000000000000e+02 1.184430301820536079e+04 -2.064126758043522841e+03
5.740000000000000000e+02 1.186497370410100666e+04 -2.064126916711418289e+03
5.750000000000000000e+02 1.188564438999665254e+04 -2.064125775490818796e+03
5.760000000000000000e+02 1.190631507589229841e+04 -2.064123519722744732e+03
5.770000000000000000e+02 1.192698576178794428e+04 -2.064120905007648162e+03
5.780000000000000000e+02 1.194765644768359016e+04 -2.064118938836957113e+03
5.790000000000000000e+02 1.196832713357923603e+04 -2.064118399533789670e+03
5.800000000000000000e+02 1.198899781947488191e+04 -2.064119444980938624e+03
5.810000000000000000e+02 1.200966850537052778e+04 -2.064121536932242634e+03
5.820000000000000000e+02 1.203033919126617366e+04 -2.064123725907076278e+03
5.830000000000000000e+02 1.205100987716181953e+04 -2.064125128045472138e+03
5.840000000000000000e+02 1.207168056305746541e+04 -2.064125330430780195e+03
5.850000000000000000e+02 1.209235124895311128e+04 -2.064124533239078119e+03
5.860000000000000000e+02 1.211302193484875716e+04 -2.064123398160068518e+03
5.870000000000000000e+02 1.213369262074440303e+04 -2.064122710185872165e+03
5.880000000000000000e+02 1.215436330664004890e+04 -2.064123014829370732e+03
5.890000000000000000e+02 1.217503399253569478e+04 -2.064124372997754563e+03
5.900000000000000000e+02 1.219570467843134065e+04 -2.064126317021961313e+03
5.910000000000000000e+02 1.221637536432698653e+04 -2.064128021405098480e+03
5.920000000000000000e+02 1.223704605022263240e+04 -2.064128632436005319e+03
5.930000000000000000e+02 1.225771673611827828e+04 -2.064127638183294948e+03
5.940000000000000000e+02 1.227838742201392415e+04 -2.064125123718746181e+03
5.950000000000000000e+02 1.229905810790957003e+04 -2.064121776748309912e+03
5.960000000000000000e+02 1.231972879380521590e+04 -2.064118607648469151e+03
5.970000000000000000e+02 1.234039947970086178e+04 -2.064116498301114916e+03
5.980000000000000000e+02 1.236107016559650765e+04 -2.064115809144225295e+03
5.990000000000000000e+02 1.238174085149215352e+04 -2.064116259348274525e+03
6.000000000000000000e+02 1.240241153738779940e+04 -2.064117139709850107e+03
6.010000000000000000e+02 1.242308222328344527e+04 -2.064117723840792678e+03
6.020000000000000000e+02 1.244375290917909115e+04 -2.064117644810110505e+03
6.030000000000000000e+02 1.246442359507473702e+04 -2.064117053221046262e+03
6.040000000000000000e+02 1.248509428097038290e+04 -2.064116509996229524e+03
6.050000000000000000e+02 1.250576496686602877e+04 -2.064116695408724354e+03
6.060000000000000000e+02 1.252643565276167465e+04 -2.064118076339585969e+03
6.070000000000000000e+02 1.254710633865732052e+04 -2.064120665986868062e+03
6.080000000000000000e+02 1.256777702455296640e+04 -2.064123962730521271e+03
6.090000000000000000e+02 1.258844771044861227e+04 -2.064127092810925660e+03
6.100000000000000000e+02 1.260911839634425814e+04 -2.064129115550178540e+03
6.110000000000000000e+02 1.262978908223990402e+04 -2.064129387030846829e+03
6.120000000000000000e+02 1.265045976813554989e+04 -2.064127834645817984e+03
6.130000000000000000e+02 1.267113045403119577e+04 -2.064125002186953679e+03
6.140000000000000000e+02 1.269180113992684164e+04 -2.064121810234222266e+03
6.150000000000000000e+02 1.271247182582248752e+04 -2.064119123765311542e+03
6.160000000000000000e+02 1.273314251171813339e+04 -2.064117347712881383e+03
6.170000000000000000e+02 1.275381319761377927e+04 -2.064116278709546805e+03
6.180000000000000000e+02 1.277448388350942514e+04 -2.064115296592566665e+03
6.190000000000000000e+02 1.279515456940507102e+04 -2.064113774878745971e+03
6.200000000000000000e+02 1.281582525530071689e+04 -2.064111470586529776e+03
6.210000000000000000e+02 1.283649594119636276e+04 -2.064108691882517178e+03
6.220000000000000000e+02 1.285716662709200864e+04 -2.064106184813838809e+03
6.230000000000000000e+02 1.287783731298765451e+04 -2.064104821285637627e+03
6.240000000000000000e+02 1.289850799888330039e+04 -2.064105239667833303e+03
6.250000000000000000e+02 1.291917868477894626e+04 -2.064107582367062150e+03
6.260000000000000000e+02 1.293984937067459214e+04 -2.064111422257059985e+03
6.270000000000000000e+02 1.296052005657023801e+04 -2.064115901108108574e+03
6.280000000000000000e+02 1.298119074246588389e+04 -2.064120032946880656e+03
6.290000000000000000e+02 1.300186142836152976e+04 -2.064123061315701761e+03
6.300000000000000000e+02 1.302253211425717564e+04 -2.064124721235718425e+03
6.310000000000000000e+02 1.304320280015282151e+04 -2.064125274371070191e+03
6.320000000000000000e+02 1.306387348604846738e+04 -2.064125280483555343e+03
6.330000000000000000e+02 1.308454417194411326e+04 -2.064125212872466818e+03
6.340000000000000000e+02 1.310521485783975913e+04 -2.064125134152241571e+03
6.350000000000000000e+02 1.312588554373540501e+04 -2.064124629972199273e+03
6.360000000000000000e+02 1.314655622963105088e+04 -2.064123044732287326e+03
6.370000000000000000e+02 1.316722691552669676e+04 -2.064119878839830562e+03
6.380000000000000000e+02 1.318789760142234263e+04 -2.064115121888527483e+03
6.390000000000000000e+02 1.320856828731798851e+04 -2.064109354320677085e+03
6.400000000000000000e+02 1.322923897321363438e+04 -2.064103587998356033e+03
6.410000000000000000e+02 1.324990965910928026e+04 -2.064098937172546357e+03
6.420000000000000000e+02 1.327058034500492613e+04 -2.064096262540789667e+03
6.430000000000000000e+02 1.329125103090057200e+04 -2.064095916746312469e+03
6.440000000000000000e+02 1.331192171679621788e+04 -2.064097670077306702e+03
6.450000000000000000e+02 1.333259240269186375e+04 -2.064100834520000262e+03
6.460000000000000000e+02 1.335326308858750963e+04 -2.064104543608406857e+03
6.470000000000000000e+02 1.337393377448315550e+04 -2.064108088575867896e+03
6.480000000000000000e+02 1.339460446037880138e+04 -2.064111173845939447e+03
6.490000000000000000e+02 1.341527514627444725e+04 -2.064113963884854911e+03
6.500000000000000000e+02 1.343594583217009313e+04 -2.064116873922360355e+03
6.510000000000000000e+02 1.345661651806573900e+04 -2.064120193843280049e+03
6.520000000000000000e+02 1.347728720396138488e+04 -2.064123753356490397e+03
6.530000000000000000e+02 1.349795788985703075e+04 -2.064126840978276050e+03
6.540000000000000000e+02 1.351862857575267662e+04 -2.064128449311001077e+03
6.550000000000000000e+02 1.353929926164832250e+04 -2.064127721098952861e+03
6.560000000000000000e+02 1.355996994754396837e+04 -2.064124355154781369e+03
6.570000000000000000e+02 1.358064063343961425e+04 -2.064118769939313097e+03
6.580000000000000000e+02 1.360131131933526012e+04 -2.064111966988582026e+03
6.590000000000000000e+02 1.362198200523090600e+04 -2.064105180652230956e+03
6.600000000000000000e+02 1.364265269112655187e+04 -2.064099472986732962e+03
6.610000000000000000e+02 1.366332337702219775e+04 -2.064095427103492057e+03
6.620000000000000000e+02 1.368399406291784362e+04 -2.064093039831162059e+03
6.630000000000000000e+02 1.370466474881348950e+04 -2.064091844497786042e+03
6.640000000000000000e+02 1.372533543470913537e+04 -2.064091219759163778e+03
6.650000000000000000e+02 1.374600612060478124e+04 -2.064090767185668483e+03
6.660000000000000000e+02 1.376667680650042712e+04 -2.064090588184376884e+03
6.670000000000000000e+02 1.378734749239607299e+04 -2.064091298770446883e+03
6.680000000000000000e+02 1.380801817829171887e+04 -2.064093723734494233e+03
6.690000000000000000e+02 1.382868886418736474e+04 -2.064098390440638923e+03
6.700000000000000000e+02 1.384935955008301062e+04 -2.064105094162720889e+03
6.710000000000000000e+02 1.387003023597865649e+04 -2.064112803508385241e+03
6.720000000000000000e+02 1.389070092187430237e+04 -2.064119984525577365e+03
6.730000000000000000e+02 1.391137160776994824e+04 -2.064125171937334926e+03
6.740000000000000000e+02 1.393204229366559412e+04 -2.064127486517628768e+03
6.750000000000000000e+02 1.395271297956123999e+04 -2.064126862887310836e+03
6.760000000000000000e+02 1.397338366545688586e+04 -2.064123932512924966e+03
6.770000000000000000e+02 1.399405435135253174e+04 -2.064119669730443547e+03
6.780000000000000000e+02 1.401472503724817761e+04 -2.064114979127992228e+03
6.790000000000000000e+02 1.403539572314382349e+04 -2.064110385840066101e+03
6.800000000000000000e+02 1.405606640903946936e+04 -2.064105928042610230e+03
6.810000000000000000e+02 1.407673709493511524e+04 -2.064101277215632308e+03
6.820000000000000000e+02 1.409740778083076111e+04 -2.064096039592783200e+03
6.830000000000000000e+02 1.411807846672640699e+04 -2.064090125593143966e+03
6.840000000000000000e+02 1.413874915262205286e+04 -2.064084026053331854e+03
6.850000000000000000e+02 1.415941983851769874e+04 -2.064078836113740635e+03
6.860000000000000000e+02 1.418009052441334461e+04 -2.064075951748521220e+03
6.870000000000000000e+02 1.420076121030899048e+04 -2.064076524373600023e+03
6.880000000000000000e+02 1.422143189620463636e+04 -2.064080919231569169e+03
6.890000000000000000e+02 1.424210258210028223e+04 -2.064088465974732571e+03
6.900000000000000000e+02 1.426277326799592811e+04 -2.064097652378240127e+03
6.910000000000000000e+02 1.428344395389157398e+04 -2.064106669148683068e+03
6.920000000000000000e+02 1.430411463978721986e+04 -2.064114029648140786e+03
6.930000000000000000e+02 1.432478532568286573e+04 -2.064118979428822968e+03
6.940000000000000000e+02 1.434545601157851161e+04 -2.064121554644124899e+03
6.950000000000000000e+02 1.436612669747415748e+04 -2.064122329317404819e+03
6.960000000000000000e+02 1.438679738336980336e+04 -2.064122008163819373e+03
6.970000000000000000e+02 1.440746806926544923e+04 -2.064121045691672407e+03
6.980000000000000000e+02 1.442813875516109510e+04 -2.064119430973699309e+03
6.990000000000000000e+02 1.444880944105674098e+04 -2.064116708606198245e+03
7.000000000000000000e+02 1.446948012695238685e+04 -2.064112230660291061e+03
7.010000000000000000e+02 1.449015081284803273e+04 -2.064105556643351520e+03
7.020000000000000000e+02 1.451082149874367860e+04 -2.064096846231960171e+03
7.030000000000000000e+02 1.453149218463932448e+04 -2.064087051817792144e+03
7.040000000000000000e+02 1.455216287053497035e+04 -2.064077762068240190e+03
7.050000000000000000e+02 1.457283355643061623e+04 -2.064070699632900869e+03
7.060000000000000000e+02 1.459350424232626210e+04 -2.064067082116248002e+03
7.070000000000000000e+02 1.461417492822190798e+04 -2.064067177142801029e+03
7.080000000000000000e+02 1.463484561411755385e+04 -2.064070298181866747e+03
7.090000000000000000e+02 1.465551630001319973e+04 -2.064075229041802686e+03
7.100000000000000000e+02 1.467618698590884560e+04 -2.064080816855610919e+03
7.110000000000000000e+02 1.469685767180449147e+04 -2.064086411668332858e+03
7.120000000000000000e+02 1.471752835770013735e+04 -2.064091966778505594e+03
7.130000000000000000e+02 1.473819904359578322e+04 -2.064097817763959483e+03
7.140000000000000000e+02 1.475886972949142910e+04 -2.064104297308215791e+03
7.150000000000000000e+02 1.477954041538707497e+04 -2.064111374343795887e+03
7.160000000000000000e+02 1.480021110128272085e+04 -2.064118460984485864e+03
7.170000000000000000e+02 1.482088178717836672e+04 -2.064124456474227827e+03
7.180000000000000000e+02 1.484155247307401260e+04 -2.064128020684087460e+03
7.190000000000000000e+02 1.486222315896965847e+04 -2.064127997106890689e+03
7.200000000000000000e+02 1.488289384486530435e+04 -2.064123843092189873e+03
7.210000000000000000e+02 1.490356453076095022e+04 -2.064115895579505832e+03
7.220000000000000000e+02 1.492423521665659609e+04 -2.064105337859714382e+03
7.230000000000000000e+02 1.494490590255224197e+04 -2.064093851326362710e+03
7.240000000000000000e+02 1.496557658844788784e+04 -2.064083093519022896e+03
7.250000000000000000e+02 1.498624727434353372e+04 -2.064074244392719720e+03
7.260000000000000000e+02 1.500691796023917959e+04 -2.064067825422286205e+03
7.270000000000000000e+02 1.502758864613482547e+04 -2.064063834295126981e+03
7.280000000000000000e+02 1.504825933203047134e+04 -2.064062062492397672e+03
7.290000000000000000e+02 1.506893001792611722e+04 -2.064062389033470026e+03
7.300000000000000000e+02 1.508960070382176309e+04 -2.064064898160129815e+03
7.310000000000000000e+02 1.511027138971740897e+04 -2.064069789168043371e+03
7.320000000000000000e+02 1.513094207561305484e+04 -2.064077151012860213e+03
7.330000000000000000e+02 1.515161276150870071e+04 -2.064086720560376307e+03
7.340000000000000000e+02 1.517228344740434659e+04 -2.064097735263062077e+03
7.350000000000000000e+02 1.519295413329999246e+04 -2.064108950927775822e+03
7.360000000000000000e+02 1.521362481919563834e+04 -2.064118841487703776e+03
7.370000000000000000e+02 1.523429550509128421e+04 -2.064125938267090532e+03
7.380000000000000000e+02 1.525496619098693009e+04 -2.064129208526442653e+03
7.390000000000000000e+02 1.527563687688257596e+04 -2.064128334980346608e+03
7.400000000000000000e+02 1.529630756277822184e+04 -2.064123769278955479e+03
7.410000000000000000e+02 1.531697824867386771e+04 -2.064116514871047002e+03
7.420000000000000000e+02 1.533764893456951359e+04 -2.064107727804926981e+03
7.430000000000000000e+02 1.535831962046515946e+04 -2.064098332691966789e+03
7.440000000000000000e+02 1.537899030636080533e+04 -2.064088849437463068e+03
7.450000000000000000e+02 1.539966099225645121e+04 -2.064079497711512431e+03
7.460000000000000000e+02 1.542033167815209708e+04 -2.064070475622050708e+03
7.470000000000000000e+02 1.544100236404774296e+04 -2.064062217086710461e+03
7.480000000000000000e+02 1.546167304994338883e+04 -2.064055470514287208e+03
7.490000000000000000e+02 1.548234373583903471e+04 -2.064051161291292829e+03
7.500000000000000000e+02 1.550301442173468058e+04 -2.064050114362608383e+03
7.510000000000000000e+02 1.552368510763032646e+04 -2.064052765846497095e+03
7.520000000000000000e+02 1.554435579352597233e+04 -2.064058981195958495e+03
7.530000000000000000e+02 1.556502647942161821e+04 -2.064068047400246996e+03
7.540000000000000000e+02 1.558569716531726408e+04 -2.064078842004294074e+03
7.550000000000000000e+02 1.560636785121290995e+04 -2.064090118437336514e+03
7.560000000000000000e+02 1.562703853710855583e+04 -2.064100798294627566e+03
7.570000000000000000e+02 1.564770922300420170e+04 -2.064110148748263782e+03
7.580000000000000000e+02 1.566837990889984758e+04 -2.064117767834154620e+03
7.590000000000000000e+02 1.568905059479549345e+04 -2.064123400134382337e+03
7.600000000000000000e+02 1.570972128069113933e+04 -2.064126712578886782e+03
7.610000000000000000e+02 1.573039196658678520e+04 -2.064127198030951149e+03
7.620000000000000000e+02 1.575106265248243108e+04 -2.064124299463722764e+03
7.630000000000000000e+02 1.577173333837807695e+04 -2.064117702397805260e+03
7.640000000000000000e+02 1.579240402427372283e+04 -2.064107631554314594e+03
7.650000000000000000e+02 1.581307471016936870e+04 -2.064094984985714291e+03
7.660000000000000000e+02 1.583374539606501457e+04 -2.064081232538780114e+03
7.670000000000000000e+02 1.585441608196066045e+04 -2.064068120998833820e+03
7.680000000000000000e+02 1.587508676785630632e+04 -2.064057299995962694e+03
7.690000000000000000e+02 1.589575745375195220e+04 -2.064049992557694623e+03
7.700000000000000000e+02 1.591642813964759807e+04 -2.064046800686744064e+03
7.710000000000000000e+02 1.593709882554324395e+04 -2.064047685743595594e+03
7.720000000000000000e+02 1.595776951143888982e+04 -2.064052111200913714e+03
7.730000000000000000e+02 1.597844019733453570e+04 -2.064059288054705121e+03
7.740000000000000000e+02 1.599911088323018157e+04 -2.064068425940365159e+03
7.750000000000000000e+02 1.601978156912582745e+04 -2.064078882674319175e+03
7.760000000000000000e+02 1.604045225502147332e+04 -2.064090141197681078e+03
7.770000000000000000e+02 1.606112294091711919e+04 -2.064101631436919888e+03
7.780000000000000000e+02 1.608179362681276507e+04 -2.064112519506699755e+03
7.790000000000000000e+02 1.610246431270841094e+04 -2.064121635675827747e+03
7.800000000000000000e+02 1.612313499860405682e+04 -2.064127649285514508e+03
7.810000000000000000e+02 1.614380568449970269e+04 -2.064129447515704214e+03
7.820000000000000000e+02 1.616447637039534857e+04 -2.064126538472075936e+03
7.830000000000000000e+02 1.618514705629099444e+04 -2.064119275035237933e+03
7.840000000000000000e+02 1.620581774218664032e+04 -2.064108792273445033e+03
7.850000000000000000e+02 1.622648842808228619e+04 -2.064096691780176570e+03
7.860000000000000000e+02 1.624715911397793207e+04 -2.064084606307546892e+03
7.870000000000000000e+02 1.626782979987357794e+04 -2.064073803777062494e+03
7.880000000000000000e+02 1.628850048576922381e+04 -2.064064957047065946e+03
7.890000000000000000e+02 1.630917117166486969e+04 -2.064058144645949596e+03
7.900000000000000000e+02 1.632984185756051556e+04 -2.064053075830369835e+03
7.910000000000000000e+02 1.635051254345616144e+04 -2.064049456399694918e+03
7.920000000000000000e+02 1.637118322935180731e+04 -2.064047340848601834e+03
7.930000000000000000e+02 1.639185391524745501e+04 -2.064047284925210079e+03
7.940000000000000000e+02 1.641252460114310088e+04 -2.064050168184935046e+03
7.950000000000000000e+02 1.643319528703874676e+04 -2.064056716417095686e+03
7.960000000000000000e+02 1.645386597293439263e+04 -2.064066952171122921e+03
7.970000000000000000e+02 1.647453665883003850e+04 -2.064079895901512373e+03
7.980000000000000000e+02 1.649520734472568438e+04 -2.064093724955167090e+03
7.990000000000000000e+02 1.651587803062133025e+04 -2.064106329072239532e+03
8.000000000000000000e+02 1.653654871651697613e+04 -2.064115973346231385e+03
8.010000000000000000e+02 1.655721940241262200e+04 -2.064121750170791074e+03
8.020000000000000000e+02 1.657789008830826788e+04 -2.064123657553082012e+03
8.030000000000000000e+02 1.659856077420391375e+04 -2.064122344440813322e+03
8.040000000000000000e+02 1.661923146009955963e+04 -2.064118691795105406e+03
8.050000000000000000e+02 1.663990214599520550e+04 -2.064113419991972023e+03
8.060000000000000000e+02 1.666057283189085138e+04 -2.064106864011142534e+03
8.070000000000000000e+02 1.668124351778649725e+04 -2.064098982458399405e+03
8.080000000000000000e+02 1.670191420368214312e+04 -2.064089588797558918e+03
8.090000000000000000e+02 1.672258488957778900e+04 -2.064078718896512328e+03
8.100000000000000000e+02 1.674325557547343487e+04 -2.064066984525952194e+03
8.110000000000000000e+02 1.676392626136908075e+04 -2.064055730977359417e+03
8.120000000000000000e+02 1.678459694726472662e+04 -2.064046856662218943e+03
8.130000000000000000e+02 1.680526763316037250e+04 -2.064042286498041904e+03
8.140000000000000000e+02 1.682593831905601837e+04 -2.064043281731378556e+03
8.150000000000000000e+02 1.684660900495166425e+04 -2.064049905610264886e+03
8.160000000000000000e+02 1.686727969084731012e+04 -2.064060928693817914e+03
8.170000000000000000e+02 1.688795037674295600e+04 -2.064074238422904273e+03
8.180000000000000000e+02 1.690862106263860187e+04 -2.064087550907625882e+03
8.190000000000000000e+02 1.692929174853424774e+04 -2.064099086738097867e+03
8.200000000000000000e+02 1.694996243442989362e+04 -2.064107937583799867e+03
8.210000000000000000e+02 1.697063312032553949e+04 -2.064114038882769819e+03
8.220000000000000000e+02 1.699130380622118537e+04 -2.064117844230697756e+03
8.230000000000000000e+02 1.701197449211683124e+04 -2.064119887713375192e+03
8.240000000000000000e+02 1.703264517801247712e+04 -2.064120418360062558e+03
8.250000000000000000e+02 1.705331586390812299e+04 -2.064119234644853805e+03
8.260000000000000000e+02 1.707398654980376887e+04 -2.064115772201630989e+03
8.270000000000000000e+02 1.709465723569941474e+04 -2.064109419136245833e+03
8.280000000000000000e+02 1.711532792159506062e+04 -2.064099952294628110e+03
8.290000000000000000e+02 1.713599860749070649e+04 -2.064087915701035399e+03
8.300000000000000000e+02 1.715666929338635236e+04 -2.064074736095434218e+03
8.310000000000000000e+02 1.717733997928199824e+04 -2.064062442706802813e+03
8.320000000000000000e+02 1.719801066517764411e+04 -2.064053044950745971e+03
8.330000000000000000e+02 1.721868135107328999e+04 -2.064047840818013356e+03
8.340000000000000000e+02 1.723935203696893586e+04 -2.064047018319615290e+03
8.350000000000000000e+02 1.726002272286458174e+04 -2.064049765224207022e+03
8.360000000000000000e+02 1.728069340876022761e+04 -2.064054799805396669e+03
8.370000000000000000e+02 1.730136409465587349e+04 -2.064061000398823580e+03
8.380000000000000000e+02 1.732203478055151936e+04 -2.064067803916771481e+03
8.390000000000000000e+02 1.734270546644716524e+04 -2.064075226542706787e+03
8.400000000000000000e+02 1.736337615234281111e+04 -2.064083573715252442e+03
8.410000000000000000e+02 1.738404683823845698e+04 -2.064093026477071817e+03
8.420000000000000000e+02 1.740471752413410286e+04 -2.064103297444500186e+03
8.430000000000000000e+02 1.742538821002974873e+04 -2.064113488438793411e+03
8.440000000000000000e+02 1.744605889592539461e+04 -2.064122201478877741e+03
8.450000000000000000e+02 1.746672958182104048e+04 -2.064127876712371290e+03
8.460000000000000000e+02 1.748740026771668636e+04 -2.064129257953034084e+03
8.470000000000000000e+02 1.750807095361233223e+04 -2.064125826936946396e+03
8.480000000000000000e+02 1.752874163950797811e+04 -2.064118028860739287e+03
8.490000000000000000e+02 1.754941232540362398e+04 -2.064107169864354091e+03
8.500000000000000000e+02 1.757008301129926986e+04 -2.064095006575463685e+03
8.510000000000000000e+02 1.759075369719491573e+04 -2.064083207627510546e+03
8.520000000000000000e+02 1.761142438309056161e+04 -2.064072941237408941e+03
8.530000000000000000e+02 1.763209506898620748e+04 -2.064064765327778787e+03
8.540000000000000000e+02 1.765276575488185335e+04 -2.064058813276282308e+03
8.550000000000000000e+02 1.767343644077749923e+04 -2.064055107977867920e+03
8.560000000000000000e+02 1.769410712667314510e+04 -2.064053800025795681e+03
8.570000000000000000e+02 1.771477781256879098e+04 -2.064055209190011738e+03
8.580000000000000000e+02 1.773544849846443685e+04 -2.064059672835494439e+03
8.590000000000000000e+02 1.775611918436008273e+04 -2.064067294711896011e+03
8.600000000000000000e+02 1.777678987025572860e+04 -2.064077715352064388e+03
8.610000000000000000e+02 1.779746055615137448e+04 -2.064090005075894169e+03
8.620000000000000000e+02 1.781813124204702035e+04 -2.064102735622487671e+03
8.630000000000000000e+02 1.783880192794266623e+04 -2.064114231441601078e+03
8.640000000000000000e+02 1.785947261383831210e+04 -2.064122942513418820e+03
8.650000000000000000e+02 1.788014329973395797e+04 -2.064127825598969594e+03
8.660000000000000000e+02 1.790081398562960385e+04 -2.064128591588468680e+03
8.670000000000000000e+02 1.792148467152524972e+04 -2.064125704103318185e+03
8.680000000000000000e+02 1.794215535742089560e+04 -2.064120113842252067e+03
8.690000000000000000e+02 1.796282604331654147e+04 -2.064112849822966837e+03
8.700000000000000000e+02 1.798349672921218735e+04 -2.064104677290881682e+03
8.710000000000000000e+02 1.800416741510783322e+04 -2.064095995873070933e+03
8.720000000000000000e+02 1.802483810100347910e+04 -2.064087000597210590e+03
8.730000000000000000e+02 1.804550878689912497e+04 -2.064077967535514745e+03
8.740000000000000000e+02 1.806617947279477085e+04 -2.064069467140028792e+03
8.750000000000000000e+02 1.808685015869041672e+04 -2.064062376045829751e+03
8.760000000000000000e+02 1.810752084458606259e+04 -2.064057684978893576e+03
8.770000000000000000e+02 1.812819153048170847e+04 -2.064056201166203209e+03
8.780000000000000000e+02 1.814886221637735434e+04 -2.064058277622536480e+03
8.790000000000000000e+02 1.816953290227300022e+04 -2.064063676689794192e+03
8.800000000000000000e+02 1.819020358816864609e+04 -2.064071618965410380e+03
8.810000000000000000e+02 1.821087427406429197e+04 -2.064081002263738810e+03
8.820000000000000000e+02 1.823154495995993784e+04 -2.064090712261817316e+03
8.830000000000000000e+02 1.825221564585558372e+04 -2.064099902427247343e+03
8.840000000000000000e+02 1.827288633175122959e+04 -2.064108119510497090e+03
8.850000000000000000e+02 1.829355701764687547e+04 -2.064115213226706601e+03
8.860000000000000000e+02 1.831422770354252134e+04 -2.064121083828070368e+03
8.870000000000000000e+02 1.833489838943816721e+04 -2.064125428144132457e+03
8.880000000000000000e+02 1.835556907533381309e+04 -2.064127661571797944e+03
8.890000000000000000e+02 1.837623976122945896e+04 -2.064127089853985581e+03
8.900000000000000000e+02 1.839691044712510484e+04 -2.064123245115501959e+03
8.910000000000000000e+02 1.841758113302075071e+04 -2.064116199185673850e+03
8.920000000000000000e+02 1.843825181891639659e+04 -2.064106687699872055e+03
8.930000000000000000e+02 1.845892250481204246e+04 -2.064095988979695449e+03
8.940000000000000000e+02 1.847959319070768834e+04 -2.064085619132293232e+03
8.950000000000000000e+02 1.850026387660333421e+04 -2.064076968104006937e+03
8.960000000000000000e+02 1.852093456249898009e+04 -2.064071001216766035e+03
8.970000000000000000e+02 1.854160524839462596e+04 -2.064068110409194105e+03
8.980000000000000000e+02 1.856227593429027183e+04 -2.064068144893431509e+03
8.990000000000000000e+02 1.858294662018591771e+04 -2.064070595929005776e+03
9.000000000000000000e+02 1.860361730608156358e+04 -2.064074861274326850e+03
9.010000000000000000e+02 1.862428799197720946e+04 -2.064080479842622481e+03
9.020000000000000000e+02 1.864495867787285533e+04 -2.064087226311456106e+03
9.030000000000000000e+02 1.866562936376850121e+04 -2.064095008532129668e+03
9.040000000000000000e+02 1.868630004966414708e+04 -2.064103614429739991e+03
9.050000000000000000e+02 1.870697073555979296e+04 -2.064112460595390985e+03
9.060000000000000000e+02 1.872764142145543883e+04 -2.064120523846269407e+03
9.070000000000000000e+02 1.874831210735108471e+04 -2.064126545946196529e+03
9.080000000000000000e+02 1.876898279324673058e+04 -2.064129437029429482e+03
9.090000000000000000e+02 1.878965347914237645e+04 -2.064128678708904317e+03
9.100000000000000000e+02 1.881032416503802233e+04 -2.064124527918793774e+03
9.110000000000000000e+02 1.883099485093366820e+04 -2.064117934373895878e+03
9.120000000000000000e+02 1.885166553682931408e+04 -2.064110223363501518e+03
9.130000000000000000e+02 1.887233622272495995e+04 -2.064102683694044572e+03
9.140000000000000000e+02 1.889300690862060583e+04 -2.064096214820696332e+03
9.150000000000000000e+02 1.891367759451625170e+04 -2.064091148165723098e+03
9.160000000000000000e+02 1.893434828041189758e+04 -2.064087294298146844e+03
9.170000000000000000e+02 1.895501896630754345e+04 -2.064084196038616483e+03
9.180000000000000000e+02 1.897568965220318933e+04 -2.064081493902071998e+03
9.190000000000000000e+02 1.899636033809883520e+04 -2.064079248473742609e+03
9.200000000000000000e+02 1.901703102399448107e+04 -2.064078048003688764e+03
9.210000000000000000e+02 1.903770170989012695e+04 -2.064078799595681630e+03
9.220000000000000000e+02 1.905837239578577282e+04 -2.064082262366428495e+03
9.230000000000000000e+02 1.907904308168141870e+04 -2.064088554942115479e+03
9.240000000000000000e+02 1.909971376757706457e+04 -2.064096926561910550e+03
9.250000000000000000e+02 1.912038445347271045e+04 -2.064105946765298540e+03
9.260000000000000000e+02 1.914105513936835632e+04 -2.064114020256378808e+03
9.270000000000000000e+02 1.916172582526400220e+04 -2.064119950488178347e+03
9.280000000000000000e+02 1.918239651115964807e+04 -2.064123278984856825e+03
9.290000000000000000e+02 1.920306719705529395e+04 -2.064124282734726876e+03
9.300000000000000000e+02 1.922373788295093982e+04 -2.064123690991651529e+03
9.310000000000000000e+02 1.924440856884658569e+04 -2.064122285440279938e+03
9.320000000000000000e+02 1.926507925474223157e+04 -2.064120555983298345e+03
9.330000000000000000e+02 1.928574994063787744e+04 -2.064118533340640624e+03
9.340000000000000000e+02 1.930642062653352332e+04 -2.064115847744733856e+03
9.350000000000000000e+02 1.932709131242916919e+04 -2.064111989375584926e+03
9.360000000000000000e+02 1.934776199832481507e+04 -2.064106676194227930e+03
9.370000000000000000e+02 1.936843268422046094e+04 -2.064100178496169974e+03
9.380000000000000000e+02 1.938910337011610682e+04 -2.064093433900011860e+03
9.390000000000000000e+02 1.940977405601175269e+04 -2.064087846066448492e+03
9.400000000000000000e+02 1.943044474190739857e+04 -2.064084802578727704e+03
9.410000000000000000e+02 1.945111542780304444e+04 -2.064085114779890318e+03
9.420000000000000000e+02 1.947178611369869031e+04 -2.064088663578645082e+03
9.430000000000000000e+02 1.949245679959433619e+04 -2.064094447303687957e+03
9.440000000000000000e+02 1.951312748548998206e+04 -2.064101008098222337e+03
9.450000000000000000e+02 1.953379817138562794e+04 -2.064107008906023566e+03
9.460000000000000000e+02 1.955446885728127381e+04 -2.064111678205215867e+03
9.470000000000000000e+02 1.957513954317691969e+04 -2.064114946652131493e+03
9.480000000000000000e+02 1.959581022907256556e+04 -2.064117271722532223e+03
9.490000000000000000e+02 1.961648091496821144e+04 -2.064119276818064918e+03
9.500000000000000000e+02 1.963715160086385731e+04 -2.064121375566239749e+03
9.510000000000000000e+02 1.965782228675950319e+04 -2.064123526157722608e+03
9.520000000000000000e+02 1.967849297265514906e+04 -2.064125200220879378e+03
9.530000000000000000e+02 1.969916365855079493e+04 -2.064125579875123549e+03
9.540000000000000000e+02 1.971983434444644081e+04 -2.064123922509591466e+03
9.550000000000000000e+02 1.974050503034208668e+04 -2.064119961386932118e+03
9.560000000000000000e+02 1.976117571623773256e+04 -2.064114163690905571e+03
9.570000000000000000e+02 1.978184640213337843e+04 -2.064107687828451162e+03
9.580000000000000000e+02 1.980251708802902431e+04 -2.064102000538200173e+03
9.590000000000000000e+02 1.982318777392467018e+04 -2.064098301767509383e+03
9.600000000000000000e+02 1.984385845982031606e+04 -2.064097048544439076e+03
9.610000000000000000e+02 1.986452914571596193e+04 -2.064097842375633263e+03
9.620000000000000000e+02 1.988519983161160781e+04 -2.064099735491241063e+03
9.630000000000000000e+02 1.990587051750725368e+04 -2.064101763471556296e+03
9.640000000000000000e+02 1.992654120340289955e+04 -2.064103402871533945e+03
9.650000000000000000e+02 1.994721188929854543e+04 -2.064104737945096531e+03
9.660000000000000000e+02 1.996788257519419130e+04 -2.064106305512498693e+03
9.670000000000000000e+02 1.998855326108983718e+04 -2.064108740071481861e+03
9.680000000000000000e+02 2.000922394698548305e+04 -2.064112397915454039e+03
9.690000000000000000e+02 2.002989463288112893e+04 -2.064117112816158624e+03
9.700000000000000000e+02 2.005056531877677480e+04 -2.064122169666089121e+03
9.710000000000000000e+02 2.007123600467242068e+04 -2.064126506955704826e+03
9.720000000000000000e+02 2.009190669056806655e+04 -2.064129084874472937e+03
9.730000000000000000e+02 2.011257737646371243e+04 -2.064129289092430099e+03
9.740000000000000000e+02 2.013324806235935830e+04 -2.064127201640334533e+03
9.750000000000000000e+02 2.015391874825500418e+04 -2.064123594828801743e+03
9.760000000000000000e+02 2.017458943415065005e+04 -2.064119615030760087e+03
9.770000000000000000e+02 2.019526012004629592e+04 -2.064116287978431501e+03
9.780000000000000000e+02 2.021593080594194180e+04 -2.064114097654495254e+03
9.790000000000000000e+02 2.023660149183758767e+04 -2.064112865456634154e+03
9.800000000000000000e+02 2.025727217773323355e+04 -2.064111981821632071e+03
9.810000000000000000e+02 2.027794286362887942e+04 -2.064110836103422571e+03
9.820000000000000000e+02 2.029861354952452530e+04 -2.064109196357745986e+03
9.830000000000000000e+02 2.031928423542017117e+04 -2.064107353194815460e+03
9.840000000000000000e+02 2.033995492131581705e+04 -2.064105990141453276e+03
9.850000000000000000e+02 2.036062560721146292e+04 -2.064105872832184559e+03
9.860000000000000000e+02 2.038129629310710880e+04 -2.064107505204750396e+03
9.870000000000000000e+02 2.040196697900275467e+04 -2.064110887773458217e+03
9.880000000000000000e+02 2.042263766489840054e+04 -2.064115462286040383e+03
9.890000000000000000e+02 2.044330835079404642e+04 -2.064120264537874846e+03
9.900000000000000000e+02 2.046397903668969229e+04 -2.064124241817467009e+03
9.910000000000000000e+02 2.048464972258533817e+04 -2.064126629180287637e+03
9.920000000000000000e+02 2.050532040848098404e+04 -2.064127235369002392e+03
9.930000000000000000e+02 2.052599109437662992e+04 -2.064126496491530816e+03
9.940000000000000000e+02 2.054666178027227579e+04 -2.064125241317056407e+03
9.950000000000000000e+02 2.056733246616792167e+04 -2.064124260623374084e+03
9.960000000000000000e+02 2.058800315206356754e+04 -2.064123903098002756e+03
9.970000000000000000e+02 2.060867383795921342e+04 -2.064123927664948496e+03
9.980000000000000000e+02 2.062934452385485929e+04 -2.064123695823244361e+03
9.990000000000000000e+02 2.065001520975050516e+04 -2.064122581573888056e+03
1.000000000000000000e+03 2.067068589564615104e+04 -2.064120357763534230e+03
1.001000000000000000e+03 2.069135658154179691e+04 -2.064117357411529156e+03
1.002000000000000000e+03 2.071202726743744279e+04 -2.064114353196046522e+03
1.003000000000000000e+03 2.073269795333308866e+04 -2.064112239947001399e+03
1.004000000000000000e+03 2.075336863922873454e+04 -2.064111673569513641e+03
1.005000000000000000e+03 2.077403932512438041e+04 -2.064112811823234551e+03
1.006000000000000000e+03 2.079471001102002629e+04 -2.064115249166898138e+03
1.007000000000000000e+03 2.081538069691567216e+04 -2.064118168659093953e+03
1.008000000000000000e+03 2.083605138281131804e+04 -2.064120662174362224e+03
1.009000000000000000e+03 2.085672206870696391e+04 -2.064122103830579363e+03
1.010000000000000000e+03 2.087739275460260978e+04 -2.064122419284013631e+03
1.011000000000000000e+03 2.089806344049825566e+04 -2.064122108744240904e+03
1.012000000000000000e+03 2.091873412639390153e+04 -2.064121979483633368e+03
1.013000000000000000e+03 2.093940481228954741e+04 -2.064122700052466826e+03
1.014000000000000000e+03 2.096007549818519328e+04 -2.064124412760800169e+03
1.015000000000000000e+03 2.098074618408083916e+04 -2.064126629985787986e+03
1.016000000000000000e+03 2.100141686997648503e+04 -2.064128476834141111e+03
1.017000000000000000e+03 2.102208755587213091e+04 -2.064129135936319017e+03
1.018000000000000000e+03 2.104275824176777678e+04 -2.064128245917488130e+03
1.019000000000000000e+03 2.106342892766342266e+04 -2.064126059904474459e+03
1.020000000000000000e+03 2.108409961355906853e+04 -2.064123319378152246e+03
1.021000000000000000e+03 2.110477029945471440e+04 -2.064120934650838080e+03
1.022000000000000000e+03 2.112544098535036028e+04 -2.064119624091208152e+03
1.023000000000000000e+03 2.114611167124600615e+04 -2.064119651948958563e+03
1.024000000000000000e+03 2.116678235714165203e+04 -2.064120751955870219e+03
1.025000000000000000e+03 2.118745304303729790e+04 -2.064122258119209619e+03
1.026000000000000000e+03 2.120812372893294378e+04 -2.064123398017890395e+03
1.027000000000000000e+03 2.122879441482858965e+04 -2.064123642441282300e+03
1.028000000000000000e+03 2.124946510072423553e+04 -2.064122965112912880e+03
1.029000000000000000e+03 2.127013578661988140e+04 -2.064121876755041285e+03
1.030000000000000000e+03 2.129080647251552728e+04 -2.064121183764880243e+03
1.031000000000000000e+03 2.131147715841117315e+04 -2.064121566069381061e+03
1.032000000000000000e+03 2.133214784430681902e+04 -2.064123192583778291e+03
1.033000000000000000e+03 2.135281853020246490e+04 -2.064125597020098212e+03
1.034000000000000000e+03 2.137348921609811077e+04 -2.064127893073686209e+03
1.035000000000000000e+03 2.139415990199375665e+04 -2.064129207307513752e+03
1.036000000000000000e+03 2.141483058788940252e+04 -2.064129090365981028e+03
1.037000000000000000e+03 2.143550127378504840e+04 -2.064127703435448893e+03
1.038000000000000000e+03 2.145617195968069427e+04 -2.064125717283166523e+03
1.039000000000000000e+03 2.147684264557634015e+04 -2.064124002372041105e+03
1.040000000000000000e+03 2.149751333147198602e+04 -2.064123260350826968e+03
1.041000000000000000e+03 2.151818401736763190e+04 -2.064123743936186202e+03
1.042000000000000000e+03 2.153885470326327777e+04 -2.064125162604671004e+03
1.043000000000000000e+03 2.155952538915892364e+04 -2.064126805353082545e+03
1.044000000000000000e+03 2.158019607505456952e+04 -2.064127841631240699e+03
1.045000000000000000e+03 2.160086676095021539e+04 -2.064127694399887332e+03
1.046000000000000000e+03 2.162153744684586127e+04 -2.064126331264212240e+03
1.047000000000000000e+03 2.164220813274150714e+04 -2.064124322763934288e+03
1.048000000000000000e+03 2.166287881863715302e+04 -2.064122601926080279e+03
1.049000000000000000e+03 2.168354950453279889e+04 -2.064122012949771943e+03
1.050000000000000000e+03 2.170422019042844477e+04 -2.064122877639540093e+03
1.051000000000000000e+03 2.172489087632409064e+04 -2.064124825477030299e+03
1.052000000000000000e+03 2.174556156221973652e+04 -2.064126987753941194e+03
1.053000000000000000e+03 2.176623224811538239e+04 -2.064128439729160618e+03
1.054000000000000000e+03 2.178690293401102826e+04 -2.064128640978064595e+03
1.055000000000000000e+03 2.180757361990667414e+04 -2.064127654301880739e+03
1.056000000000000000e+03 2.182824430580232001e+04 -2.064126068801564088e+03
1.057000000000000000e+03 2.184891499169796589e+04 -2.064124702043804973e+03
1.058000000000000000e+03 2.186958567759361176e+04 -2.064124233656296838e+03
1.059000000000000000e+03 2.189025636348925764e+04 -2.064124920598684184e+03
1.060000000000000000e+03 2.191092704938490351e+04 -2.064126494194697898e+03
1.061000000000000000e+03 2.193159773528054939e+04 -2.064128271645464338e+03
1.062000000000000000e+03 2.195226842117619526e+04 -2.064129444926491942e+03
1.063000000000000000e+03 2.197293910707184114e+04 -2.064129443712895863e+03
1.064000000000000000e+03 2.199360979296748701e+04 -2.064128221937775379e+03
1.065000000000000000e+03 2.201428047886313288e+04 -2.064126320108664004e+03
1.066000000000000000e+03 2.203495116475877876e+04 -2.064124636869203187e+03
1.067000000000000000e+03 2.205562185065442463e+04 -2.064123992047857882e+03
1.068000000000000000e+03 2.207629253655007051e+04 -2.064124701707787153e+03
1.069000000000000000e+03 2.209696322244571638e+04 -2.064126406411108292e+03
1.070000000000000000e+03 2.211763390834136226e+04 -2.064128255993395669e+03
1.071000000000000000e+03 2.213830459423700813e+04 -2.064129342914852259e+03
1.072000000000000000e+03 2.215897528013265401e+04 -2.064129140781074057e+03
1.073000000000000000e+03 2.217964596602829988e+04 -2.064127728458751790e+03
1.074000000000000000e+03 2.220031665192394576e+04 -2.064125720190445463e+03
1.075000000000000000e+03 2.222098733781959163e+04 -2.064123970745572933e+03
1.076000000000000000e+03 2.224165802371523750e+04 -2.064123204874258136e+03
1.077000000000000000e+03 2.226232870961088338e+04 -2.064123721748312619e+03
1.078000000000000000e+03 2.228299939550652925e+04 -2.064125277480420209e+03
1.079000000000000000e+03 2.230367008140217513e+04 -2.064127183015979426e+03
1.080000000000000000e+03 2.232434076729782100e+04 -2.064128585918571389e+03
1.081000000000000000e+03 2.234501145319346688e+04 -2.064128838425686354e+03
1.082000000000000000e+03 2.236568213908911275e+04 -2.064127804599982028e+03
1.083000000000000000e+03 2.238635282498475863e+04 -2.064125955405903824e+03
1.084000000000000000e+03 2.240702351088040450e+04 -2.064124172879181515e+03
1.085000000000000000e+03 2.242769419677605038e+04 -2.064123327779501778e+03
1.086000000000000000e+03 2.244836488267169625e+04 -2.064123838669991528e+03
1.087000000000000000e+03 2.246903556856734212e+04 -2.064125457649014152e+03
1.088000000000000000e+03 2.248970625446298800e+04 -2.064127407279483123e+03
1.089000000000000000e+03 2.251037694035863387e+04 -2.064128785611678722e+03
1.090000000000000000e+03 2.253104762625427975e+04 -2.064129007885549527e+03
1.091000000000000000e+03 2.255171831214992562e+04 -2.064128058651620904e+03
1.092000000000000000e+03 2.257238899804557150e+04 -2.064126457349453176e+03
1.093000000000000000e+03 2.259305968394121737e+04 -2.064124990494872236e+03
1.094000000000000000e+03 2.261373036983686325e+04 -2.064124352260366322e+03
1.095000000000000000e+03 2.263440105573250912e+04 -2.064124844920469513e+03
1.096000000000000000e+03 2.265507174162815500e+04 -2.064126247745694400e+03
1.097000000000000000e+03 2.267574242752380087e+04 -2.064127898654950059e+03
1.098000000000000000e+03 2.269641311341944674e+04 -2.064128963921360082e+03
1.099000000000000000e+03 2.271708379931509262e+04 -2.064128803199564572e+03
1.100000000000000000e+03 2.273775448521073849e+04 -2.064127284028511440e+03
1.101000000000000000e+03 2.275842517110638437e+04 -2.064124890291142037e+03
1.102000000000000000e+03 2.277909585700203024e+04 -2.064122536429930733e+03
1.103000000000000000e+03 2.279976654289767612e+04 -2.064121142679657169e+03
1.104000000000000000e+03 2.282043722879332199e+04 -2.064121178068685367e+03
1.105000000000000000e+03 2.284110791468896787e+04 -2.064122426282943252e+03
1.106000000000000000e+03 2.286177860058461374e+04 -2.064124112837503162e+03
1.107000000000000000e+03 2.288244928648025962e+04 -2.064125317506968713e+03
1.108000000000000000e+03 2.290311997237590549e+04 -2.064125434898915955e+03
1.109000000000000000e+03 2.292379065827155137e+04 -2.064124444381388003e+03
1.110000000000000000e+03 2.294446134416719724e+04 -2.064122882789398318e+03
1.111000000000000000e+03 2.296513203006284311e+04 -2.064121571349308397e+03
1.112000000000000000e+03 2.298580271595848899e+04 -2.064121243042531660e+03
1.113000000000000000e+03 2.300647340185413486e+04 -2.064122227904512783e+03
1.114000000000000000e+03 2.302714408774978074e+04 -2.064124309070768049e+03
1.115000000000000000e+03 2.304781477364542661e+04 -2.064126795928431875e+03
1.116000000000000000e+03 2.306848545954107249e+04 -2.064128789805622546e+03
1.117000000000000000e+03 2.308915614543671836e+04 -2.064129550191519229e+03
1.118000000000000000e+03 2.310982683133236424e+04 -2.064128817255493686e+03
1.119000000000000000e+03 2.313049751722801011e+04 -2.064126938022014656e+03
1.120000000000000000e+03 2.315116820312365599e+04 -2.064124709023269588e+03
1.121000000000000000e+03 2.317183888901930186e+04 -2.064122985542208426e+03
1.122000000000000000e+03 2.319250957491494773e+04 -2.064122251089311703e+03
1.123000000000000000e+03 2.321318026081059361e+04 -2.064122386737242778e+03
1.124000000000000000e+03 2.323385094670623948e+04 -2.064122772640426774e+03
1.125000000000000000e+03 2.325452163260188536e+04 -2.064122655878624755e+03
1.126000000000000000e+03 2.327519231849753123e+04 -2.064121568904894048e+03
1.127000000000000000e+03 2.329586300439317711e+04 -2.064119578032021764e+03
1.128000000000000000e+03 2.331653369028882298e+04 -2.064117259733270203e+03
1.129000000000000000e+03 2.333720437618446886e+04 -2.064115447282230434e+03
1.130000000000000000e+03 2.335787506208011473e+04 -2.064114879727665539e+03
1.131000000000000000e+03 2.337854574797576061e+04 -2.064115899282542159e+03
1.132000000000000000e+03 2.339921643387140648e+04 -2.064118305300504289e+03
1.133000000000000000e+03 2.341988711976705235e+04 -2.064121413142916936e+03
1.134000000000000000e+03 2.344055780566269823e+04 -2.064124301254317743e+03
1.135000000000000000e+03 2.346122849155834410e+04 -2.064126165156246316e+03
1.136000000000000000e+03 2.348189917745398998e+04 -2.064126643893644086e+03
1.137000000000000000e+03 2.350256986334963585e+04 -2.064125968091153027e+03
1.138000000000000000e+03 2.352324054924528173e+04 -2.064124831991988231e+03
1.139000000000000000e+03 2.354391123514092760e+04 -2.064124020698006007e+03
1.140000000000000000e+03 2.356458192103657348e+04 -2.064123972989992581e+03
1.141000000000000000e+03 2.358525260693221935e+04 -2.064124525486635775e+03
1.142000000000000000e+03 2.360592329282786523e+04 -2.064124994031569713e+03
1.143000000000000000e+03 2.362659397872351110e+04 -2.064124547379963587e+03
1.144000000000000000e+03 2.364726466461915697e+04 -2.064122657598797105e+03
1.145000000000000000e+03 2.366793535051480285e+04 -2.064119386469578785e+03
1.146000000000000000e+03 2.368860603641044872e+04 -2.064115382832822434e+03
1.147000000000000000e+03 2.370927672230609460e+04 -2.064111623460905321e+03
1.148000000000000000e+03 2.372994740820174047e+04 -2.064109035111554476e+03
1.149000000000000000e+03 2.375061809409738635e+04 -2.064108157537849820e+03
1.150000000000000000e+03 2.377128877999303222e+04 -2.064108968789241317e+03
1.151000000000000000e+03 2.379195946588867810e+04 -2.064110928608513404e+03
1.152000000000000000e+03 2.381263015178432397e+04 -2.064113223561027098e+03
1.153000000000000000e+03 2.383330083767996985e+04 -2.064115126151245022e+03
1.154000000000000000e+03 2.385397152357561572e+04 -2.064116322345603294e+03
1.155000000000000000e+03 2.387464220947126159e+04 -2.064117047226000068e+03
1.156000000000000000e+03 2.389531289536690747e+04 -2.064117931608005165e+03
1.157000000000000000e+03 2.391598358126255334e+04 -2.064119605715573471e+03
1.158000000000000000e+03 2.393665426715819922e+04 -2.064122262619392131e+03
1.159000000000000000e+03 2.395732495305384509e+04 -2.064125439118513441e+03
1.160000000000000000e+03 2.397799563894949097e+04 -2.064128158226186315e+03
1.161000000000000000e+03 2.399866632484513684e+04 -2.064129359824017683e+03
1.162000000000000000e+03 2.401933701074078272e+04 -2.064128379836297427e+03
1.163000000000000000e+03 2.404000769663642859e+04 -2.064125233715317336e+03
1.164000000000000000e+03 2.406067838253207447e+04 -2.064120593207173442e+03
1.165000000000000000e+03 2.408134906842772034e+04 -2.064115506229993116e+03
1.166000000000000000e+03 2.410201975432336621e+04 -2.064111006669126709e+03
1.167000000000000000e+03 2.412269044021901209e+04 -2.064107772981974449e+03
1.168000000000000000e+03 2.414336112611465796e+04 -2.064105950407740238e+03
1.169000000000000000e+03 2.416403181201030384e+04 -2.064105186458616572e+03
1.170000000000000000e+03 2.418470249790594971e+04 -2.064104861470119431e+03
1.171000000000000000e+03 2.420537318380159559e+04 -2.064104431404098250e+03
1.172000000000000000e+03 2.422604386969724146e+04 -2.064103746376899835e+03
1.173000000000000000e+03 2.424671455559288734e+04 -2.064103190775583244e+03
1.174000000000000000e+03 2.426738524148853321e+04 -2.064103541411205242e+03
1.175000000000000000e+03 2.428805592738417909e+04 -2.064105569348885183e+03
1.176000000000000000e+03 2.430872661327982496e+04 -2.064109567713961951e+03
1.177000000000000000e+03 2.432939729917547083e+04 -2.064115067392892342e+03
1.178000000000000000e+03 2.435006798507111671e+04 -2.064120921934003945e+03
1.179000000000000000e+03 2.437073867096676258e+04 -2.064125733925834538e+03
1.180000000000000000e+03 2.439140935686240846e+04 -2.064128399798024020e+03
1.181000000000000000e+03 2.441208004275805433e+04 -2.064128500730960695e+03
1.182000000000000000e+03 2.443275072865370021e+04 -2.064126377688399771e+03
1.183000000000000000e+03 2.445342141454934608e+04 -2.064122900799381569e+03
1.184000000000000000e+03 2.447409210044499196e+04 -2.064119070174354420e+03
1.185000000000000000e+03 2.449476278634063783e+04 -2.064115623277206396e+03
1.186000000000000000e+03 2.451543347223628371e+04 -2.064112791730935896e+03
1.187000000000000000e+03 2.453610415813192958e+04 -2.064110285319858576e+03
1.188000000000000000e+03 2.455677484402757545e+04 -2.064107506724749783e+03
1.189000000000000000e+03 2.457744552992322133e+04 -2.064103924041794016e+03
1.190000000000000000e+03 2.459811621581886720e+04 -2.064099456631176963e+03
1.191000000000000000e+03 2.461878690171451308e+04 -2.064094689565723456e+03
1.192000000000000000e+03 2.463945758761015895e+04 -2.064090767610336570e+03
1.193000000000000000e+03 2.466012827350580483e+04 -2.064088958299082151e+03
1.194000000000000000e+03 2.468079895940145070e+04 -2.064090069734804729e+03
1.195000000000000000e+03 2.470146964529709658e+04 -2.064094034253650079e+03
1.196000000000000000e+03 2.472214033119274245e+04 -2.064099903524235742e+03
1.197000000000000000e+03 2.474281101708838833e+04 -2.064106261057819665e+03
1.198000000000000000e+03 2.476348170298403420e+04 -2.064111813702797463e+03
1.199000000000000000e+03 2.478415238887968007e+04 -2.064115848500537595e+03
1.200000000000000000e+03 2.480482307477532595e+04 -2.064118360241066966e+03
1.201000000000000000e+03 2.482549376067097182e+04 -2.064119851445897439e+03
1.202000000000000000e+03 2.484616444656661770e+04 -2.064120949810278489e+03
1.203000000000000000e+03 2.486683513246226357e+04 -2.064122028487020998e+03
1.204000000000000000e+03 2.488750581835790945e+04 -2.064122976891184408e+03
1.205000000000000000e+03 2.490817650425355532e+04 -2.064123199081981966e+03
1.206000000000000000e+03 2.492884719014920120e+04 -2.064121840952866933e+03
1.207000000000000000e+03 2.494951787604484707e+04 -2.064118174295168046e+03
1.208000000000000000e+03 2.497018856194049295e+04 -2.064112000769541282e+03
1.209000000000000000e+03 2.499085924783613882e+04 -2.064103902559923426e+03
1.210000000000000000e+03 2.501152993373178469e+04 -2.064095194243738661e+03
1.211000000000000000e+03 2.503220061962743057e+04 -2.064087544482770681e+03
1.212000000000000000e+03 2.505287130552307644e+04 -2.064082404748795852e+03
1.213000000000000000e+03 2.507354199141872232e+04 -2.064080509133781106e+03
1.214000000000000000e+03 2.509421267731436819e+04 -2.064081692093667698e+03
1.215000000000000000e+03 2.511488336321001407e+04 -2.064085099229252592e+03
1.216000000000000000e+03 2.513555404910565994e+04 -2.064089649897251093e+03
1.217000000000000000e+03 2.515622473500130582e+04 -2.064094495795422972e+03
1.218000000000000000e+03 2.517689542089695169e+04 -2.064099264025302091e+03
1.219000000000000000e+03 2.519756610679259757e+04 -2.064104017089516219e+03
1.220000000000000000e+03 2.521823679268824344e+04 -2.064109002018434694e+03
1.221000000000000000e+03 2.523890747858388931e+04 -2.064114332139174167e+03
1.222000000000000000e+03 2.525957816447953519e+04 -2.064119744173814524e+03
1.223000000000000000e+03 2.528024885037518106e+04 -2.064124528463960360e+03
1.224000000000000000e+03 2.530091953627082694e+04 -2.064127667641786047e+03
1.225000000000000000e+03 2.532159022216647281e+04 -2.064128150743963488e+03
1.226000000000000000e+03 2.534226090806211869e+04 -2.064125361739019354e+03
1.227000000000000000e+03 2.536293159395776456e+04 -2.064119389323675023e+03
1.228000000000000000e+03 2.538360227985341044e+04 -2.064111101208497985e+03
1.229000000000000000e+03 2.540427296574905631e+04 -2.064101903944133028e+03
1.230000000000000000e+03 2.542494365164470219e+04 -2.064093261812565288e+03
1.231000000000000000e+03 2.544561433754034806e+04 -2.064086198584639988e+03
1.232000000000000000e+03 2.546628502343599393e+04 -2.064081040130132351e+03
1.233000000000000000e+03 2.548695570933163981e+04 -2.064077522738470634e+03
1.234000000000000000e+03 2.550762639522728568e+04 -2.064075173393447585e+03
1.235000000000000000e+03 2.552829708112293156e+04 -2.064073720618485822e+03
1.236000000000000000e+03 2.554896776701857743e+04 -2.064073310969463364e+03
1.237000000000000000e+03 2.556963845291422331e+04 -2.064074446132435696e+03
1.238000000000000000e+03 2.559030913880986918e+04 -2.064077707280466257e+03
1.239000000000000000e+03 2.561097982470551506e+04 -2.064083414894691941e+03
1.240000000000000000e+03 2.563165051060116093e+04 -2.064091372277476694e+03
1.241000000000000000e+03 2.565232119649680681e+04 -2.064100789955542950e+03
1.242000000000000000e+03 2.567299188239245268e+04 -2.064110419404932145e+03
1.243000000000000000e+03 2.569366256828809856e+04 -2.064118855437813181e+03
1.244000000000000000e+03 2.571433325418374443e+04 -2.064124906210347490e+03
1.245000000000000000e+03 2.573500394007939030e+04 -2.064127893635491091e+03
1.246000000000000000e+03 2.575567462597503618e+04 -2.064127759848141977e+03
1.247000000000000000e+03 2.577634531187068205e+04 -2.064124933998871711e+03
1.248000000000000000e+03 2.579701599776632793e+04 -2.064120035691355497e+03
1.249000000000000000e+03 2.581768668366197380e+04 -2.064113586503203805e+03
1.250000000000000000e+03 2.583835736955761968e+04 -2.064105894617282502e+03
1.251000000000000000e+03 2.585902805545326555e+04 -2.064097161889624203e+03
1.252000000000000000e+03 2.587969874134891143e+04 -2.064087717938529295e+03
1.253000000000000000e+03 2.590036942724455730e+04 -2.064078214370261776e+03
1.254000000000000000e+03 2.592104011314020318e+04 -2.064069651184888698e+03
1.255000000000000000e+03 2.594171079903584905e+04 -2.064063210727011665e+03
1.256000000000000000e+03 2.596238148493149492e+04 -2.064059968720951929e+03
1.257000000000000000e+03 2.598305217082714080e+04 -2.064060594353905799e+03
1.258000000000000000e+03 2.600372285672278667e+04 -2.064065143005766913e+03
1.259000000000000000e+03 2.602439354261843255e+04 -2.064073007478617910e+03
1.260000000000000000e+03 2.604506422851407842e+04 -2.064083045647711515e+03
1.261000000000000000e+03 2.606573491440972430e+04 -2.064093851782878573e+03
1.262000000000000000e+03 2.608640560030537017e+04 -2.064104090579310650e+03
1.263000000000000000e+03 2.610707628620101605e+04 -2.064112779408475944e+03
1.264000000000000000e+03 2.612774697209666192e+04 -2.064119408613688393e+03
1.265000000000000000e+03 2.614841765799230780e+04 -2.064123851522029781e+03
1.266000000000000000e+03 2.616908834388795367e+04 -2.064126123470202856e+03
1.267000000000000000e+03 2.618975902978359954e+04 -2.064126144007911989e+03
1.268000000000000000e+03 2.621042971567924542e+04 -2.064123663626592588e+03
1.269000000000000000e+03 2.623110040157489129e+04 -2.064118412626560257e+03
1.270000000000000000e+03 2.625177108747053717e+04 -2.064110381437657907e+03
1.271000000000000000e+03 2.627244177336618304e+04 -2.064100055914926543e+03
1.272000000000000000e+03 2.629311245926182892e+04 -2.064088462200773392e+03
1.273000000000000000e+03 2.631378314515747479e+04 -2.064076986831280465e+03
1.274000000000000000e+03 2.633445383105312067e+04 -2.064067048472320039e+03
1.275000000000000000e+03 2.635512451694876654e+04 -2.064059752764601399e+03
1.276000000000000000e+03 2.637579520284441242e+04 -2.064055655054616636e+03
1.277000000000000000e+03 2.639646588874005829e+04 -2.064054709168156933e+03
1.278000000000000000e+03 2.641713657463570416e+04 -2.064056415762436700e+03
1.279000000000000000e+03 2.643780726053135004e+04 -2.064060113798816928e+03
1.280000000000000000e+03 2.645847794642699591e+04 -2.064065295266912017e+03
1.281000000000000000e+03 2.647914863232264179e+04 -2.064071791801001837e+03
1.282000000000000000e+03 2.649981931821828766e+04 -2.064079716491894942e+03
1.283000000000000000e+03 2.652049000411393354e+04 -2.064089161020689517e+03
1.284000000000000000e+03 2.654116069000957941e+04 -2.064099803424906895e+03
1.285000000000000000e+03 2.656183137590522529e+04 -2.064110671997606005e+03
1.286000000000000000e+03 2.658250206180087116e+04 -2.064120246868706090e+03
1.287000000000000000e+03 2.660317274769651704e+04 -2.064126884196963147e+03
1.288000000000000000e+03 2.662384343359216291e+04 -2.064129355123046935e+03
1.289000000000000000e+03 2.664451411948780878e+04 -2.064127237678508664e+03
1.290000000000000000e+03 2.666518480538345466e+04 -2.064121001975683612e+03
1.291000000000000000e+03 2.668585549127910053e+04 -2.064111794205365641e+03
1.292000000000000000e+03 2.670652617717474641e+04 -2.064101047862096948e+03
1.293000000000000000e+03 2.672719686307039228e+04 -2.064090087476852204e+03
1.294000000000000000e+03 2.674786754896603816e+04 -2.064079858103014885e+03
1.295000000000000000e+03 2.676853823486168403e+04 -2.064070850566241916e+03
1.296000000000000000e+03 2.678920892075732991e+04 -2.064063223973817003e+03
1.297000000000000000e+03 2.680987960665297578e+04 -2.064057062534287070e+03
1.298000000000000000e+03 2.683055029254862166e+04 -2.064052649288338216e+03
1.299000000000000000e+03 2.685122097844426753e+04 -2.064050611235654742e+03
1.300000000000000000e+03 2.687189166433991340e+04 -2.064051817898851368e+03
1.301000000000000000e+03 2.689256235023555928e+04 -2.064057018473653443e+03
1.302000000000000000e+03 2.691323303613120515e+04 -2.064066356108838136e+03
1.303000000000000000e+03 2.693390372202685103e+04 -2.064079014484483196e+03
1.304000000000000000e+03 2.695457440792249690e+04 -2.064093230153788227e+03
1.305000000000000000e+03 2.697524509381814278e+04 -2.064106723603500996e+03
1.306000000000000000e+03 2.699591577971378865e+04 -2.064117369395818514e+03
1.307000000000000000e+03 2.701658646560943453e+04 -2.064123799820428303e+03
1.308000000000000000e+03 2.703725715150508040e+04 -2.064125691509163062e+03
1.309000000000000000e+03 2.705792783740072628e+04 -2.064123661165864178e+03
1.310000000000000000e+03 2.707859852329637215e+04 -2.064118871284369561e+03
1.311000000000000000e+03 2.709926920919201802e+04 -2.064112535758713875e+03
1.312000000000000000e+03 2.711993989508766390e+04 -2.064105511480046971e+03
1.313000000000000000e+03 2.714061058098330977e+04 -2.064098103701061063e+03
1.314000000000000000e+03 2.716128126687895565e+04 -2.064090137119399515e+03
1.315000000000000000e+03 2.718195195277460152e+04 -2.064081265327055917e+03
1.316000000000000000e+03 2.720262263867024740e+04 -2.064071408448075090e+03
1.317000000000000000e+03 2.722329332456589327e+04 -2.064061133076622809e+03
1.318000000000000000e+03 2.724396401046153915e+04 -2.064051760937915788e+03
1.319000000000000000e+03 2.726463469635718502e+04 -2.064045070910217873e+03
1.320000000000000000e+03 2.728530538225283090e+04 -2.064042659350534450e+03
1.321000000000000000e+03 2.730597606814847677e+04 -2.064045254539633788e+03
1.322000000000000000e+03 2.732664675404412264e+04 -2.064052366457194694e+03
1.323000000000000000e+03 2.734731743993976852e+04 -2.064062483030254953e+03
1.324000000000000000e+03 2.736798812583541439e+04 -2.064073697214225376e+03
1.325000000000000000e+03 2.738865881173106027e+04 -2.064084408807621458e+03
1.326000000000000000e+03 2.740932949762670614e+04 -2.064093753954653494e+03
1.327000000000000000e+03 2.743000018352235202e+04 -2.064101620246953644e+03
1.328000000000000000e+03 2.745067086941799789e+04 -2.064108331026839551e+03
1.329000000000000000e+03 2.747134155531364377e+04 -2.064114201724147279e+03
1.330000000000000000e+03 2.749201224120928964e+04 -2.064119171121922591e+03
1.331000000000000000e+03 2.751268292710493552e+04 -2.064122644258843593e+03
1.332000000000000000e+03 2.753335361300058139e+04 -2.064123600822581011e+03
1.333000000000000000e+03 2.755402429889622726e+04 -2.064120942382508474e+03
1.334000000000000000e+03 2.757469498479187314e+04 -2.064113974026313826e+03
1.335000000000000000e+03 2.759536567068751901e+04 -2.064102848336052830e+03
1.336000000000000000e+03 2.761603635658316489e+04 -2.064088772350561612e+03
1.337000000000000000e+03 2.763670704247881076e+04 -2.064073833791114339e+03
1.338000000000000000e+03 2.765737772837445664e+04 -2.064060455891602942e+03
1.339000000000000000e+03 2.767804841427010251e+04 -2.064050683760120592e+03
1.340000000000000000e+03 2.769871910016574839e+04 -2.064045618962212757e+03
1.341000000000000000e+03 2.771938978606139426e+04 -2.064045255022683250e+03
1.342000000000000000e+03 2.774006047195704014e+04 -2.064048748654330666e+03
1.343000000000000000e+03 2.776073115785268601e+04 -2.064054934916974616e+03
1.344000000000000000e+03 2.778140184374833188e+04 -2.064062805280572320e+03
1.345000000000000000e+03 2.780207252964397776e+04 -2.064071744778404991e+03
1.346000000000000000e+03 2.782274321553962363e+04 -2.064081483808015037e+03
1.347000000000000000e+03 2.784341390143526951e+04 -2.064091854995243011e+03
1.348000000000000000e+03 2.786408458733091538e+04 -2.064102504146148021e+03
1.349000000000000000e+03 2.788475527322656126e+04 -2.064112693858520743e+03
1.350000000000000000e+03 2.790542595912220713e+04 -2.064121289539902136e+03
1.351000000000000000e+03 2.792609664501785301e+04 -2.064126953799266630e+03
1.352000000000000000e+03 2.794676733091349888e+04 -2.064128505580296405e+03
1.353000000000000000e+03 2.796743801680914476e+04 -2.064125331018527959e+03
1.354000000000000000e+03 2.798810870270479063e+04 -2.064117682847988817e+03
1.355000000000000000e+03 2.800877938860043650e+04 -2.064106710619358637e+03
1.356000000000000000e+03 2.802945007449608238e+04 -2.064094156614318763e+03
1.357000000000000000e+03 2.805012076039172825e+04 -2.064081816430323670e+03
1.358000000000000000e+03 2.807079144628737413e+04 -2.064071010713381838e+03
1.359000000000000000e+03 2.809146213218302000e+04 -2.064062329348805633e+03
1.360000000000000000e+03 2.811213281807866588e+04 -2.064055754183120825e+03
1.361000000000000000e+03 2.813280350397431175e+04 -2.064051041628746134e+03
1.362000000000000000e+03 2.815347418986995763e+04 -2.064048113199844011e+03
1.363000000000000000e+03 2.817414487576560350e+04 -2.064047238486617971e+03
1.364000000000000000e+03 2.819481556166124938e+04 -2.064048944634032978e+03
1.365000000000000000e+03 2.821548624755689525e+04 -2.064053733584230031e+03
1.366000000000000000e+03 2.823615693345254113e+04 -2.064061758762438330e+03
1.367000000000000000e+03 2.825682761934818700e+04 -2.064072603287572747e+03
1.368000000000000000e+03 2.827749830524383287e+04 -2.064085245662725356e+03
1.369000000000000000e+03 2.829816899113947875e+04 -2.064098228738407670e+03
1.370000000000000000e+03 2.831883967703512462e+04 -2.064109979867935181e+03
1.371000000000000000e+03 2.833951036293077050e+04 -2.064119174593170555e+03
1.372000000000000000e+03 2.836018104882641637e+04 -2.064125009699047951e+03
1.373000000000000000e+03 2.838085173472206225e+04 -2.064127277456747834e+03
1.374000000000000000e+03 2.840152242061770812e+04 -2.064126220465762344e+03
1.375000000000000000e+03 2.842219310651335400e+04 -2.064122262892251911e+03
1.376000000000000000e+03 2.844286379240899987e+04 -2.064115785884573143e+03
1.377000000000000000e+03 2.846353447830464575e+04 -2.064107081303650830e+03
1.378000000000000000e+03 2.848420516420029162e+04 -2.064096493068854670e+03
1.379000000000000000e+03 2.850487585009593749e+04 -2.064084629239668175e+03
1.380000000000000000e+03 2.852554653599158337e+04 -2.064072488565918320e+03
1.381000000000000000e+03 2.854621722188722924e+04 -2.064061405859960814e+03
1.382000000000000000e+03 2.856688790778287512e+04 -2.064052823605173216e+03
1.383000000000000000e+03 2.858755859367852099e+04 -2.064047975775214582e+03
1.384000000000000000e+03 2.860822927957416687e+04 -2.064047594815526281e+03
1.385000000000000000e+03 2.862889996546981274e+04 -2.064051733488697664e+03
1.386000000000000000e+03 2.864957065136545862e+04 -2.064059752294593636e+03
1.387000000000000000e+03 2.867024133726110449e+04 -2.064070476046904332e+03
1.388000000000000000e+03 2.869091202315675037e+04 -2.064082475897701897e+03
1.389000000000000000e+03 2.871158270905239624e+04 -2.064094390547195871e+03
1.390000000000000000e+03 2.873225339494804211e+04 -2.064105176425455284e+03
1.391000000000000000e+03 2.875292408084368799e+04 -2.064114193342360977e+03
1.392000000000000000e+03 2.877359476673933386e+04 -2.064121102547268038e+03
1.393000000000000000e+03 2.879426545263497974e+04 -2.064125656489959511e+03
1.394000000000000000e+03 2.881493613853062561e+04 -2.064127531541310418e+03
1.395000000000000000e+03 2.883560682442627149e+04 -2.064126333670519216e+03
1.396000000000000000e+03 2.885627751032191736e+04 -2.064121791991381087e+03
1.397000000000000000e+03 2.887694819621756324e+04 -2.064114024457576306e+03
1.398000000000000000e+03 2.889761888211320911e+04 -2.064103708350496618e+03
1.399000000000000000e+03 2.891828956800885499e+04 -2.064092044404668741e+03
1.400000000000000000e+03 2.893896025390450086e+04 -2.064080516133903529e+03
1.401000000000000000e+03 2.895963093980014673e+04 -2.064070540413093113e+03
1.402000000000000000e+03 2.898030162569579261e+04 -2.064063141172342057e+03
1.403000000000000000e+03 2.900097231159143848e+04 -2.064058758729826422e+03
1.404000000000000000e+03 2.902164299748708436e+04 -2.064057255442134192e+03
1.405000000000000000e+03 2.904231368338273023e+04 -2.064058112702313338e+03
1.406000000000000000e+03 2.906298436927837611e+04 -2.064060745099749511e+03
1.407000000000000000e+03 2.908365505517402198e+04 -2.064064799748837686e+03
1.408000000000000000e+03 2.910432574106966786e+04 -2.064070290505315825e+03
1.409000000000000000e+03 2.912499642696531373e+04 -2.064077471582705130e+03
1.410000000000000000e+03 2.914566711286095961e+04 -2.064086487576507807e+03
1.411000000000000000e+03 2.916633779875660548e+04 -2.064096986441943045e+03
1.412000000000000000e+03 2.918700848465225135e+04 -2.064107940462340139e+03
1.413000000000000000e+03 2.920767917054789723e+04 -2.064117818767895187e+03
1.414000000000000000e+03 2.922834985644354310e+04 -2.064125046908954573e+03
1.415000000000000000e+03 2.924902054233918898e+04 -2.064128521811743667e+03
1.416000000000000000e+03 2.926969122823483485e+04 -2.064127936509171377e+03
1.417000000000000000e+03 2.929036191413048073e+04 -2.064123794101486055e+03
1.418000000000000000e+03 2.931103260002612660e+04 -2.064117150398947615e+03
1.419000000000000000e+03 2.933170328592177248e+04 -2.064109226846019283e+03
1.420000000000000000e+03 2.935237397181741835e+04 -2.064101053262531423e+03
1.421000000000000000e+03 2.937304465771306423e+04 -2.064093258573578623e+03
1.422000000000000000e+03 2.939371534360871010e+04 -2.064086062465753002e+03
1.423000000000000000e+03 2.941438602950435597e+04 -2.064079452854623923e+03
1.424000000000000000e+03 2.943505671540000185e+04 -2.064073470623565754e+03
1.425000000000000000e+03 2.945572740129564772e+04 -2.064068472808020488e+03
1.426000000000000000e+03 2.947639808719129360e+04 -2.064065229043149429e+03
1.427000000000000000e+03 2.949706877308693947e+04 -2.064064753108984860e+03
1.428000000000000000e+03 2.951773945898258535e+04 -2.064067891778725425e+03
1.429000000000000000e+03 2.953841014487823122e+04 -2.064074844179263891e+03
1.430000000000000000e+03 2.955908083077387710e+04 -2.064084869680360043e+03
1.431000000000000000e+03 2.957975151666952297e+04 -2.064096377225649576e+03
1.432000000000000000e+03 2.960042220256516885e+04 -2.064107389156225963e+03
1.433000000000000000e+03 2.962109288846081472e+04 -2.064116166160035846e+03
1.434000000000000000e+03 2.964176357435646059e+04 -2.064121705335419847e+03
1.435000000000000000e+03 2.966243426025210647e+04 -2.064123914324313773e+03
1.436000000000000000e+03 2.968310494614775234e+04 -2.064123438526919927e+03
1.437000000000000000e+03 2.970377563204339822e+04 -2.064121263941290636e+03
1.438000000000000000e+03 2.972444631793904409e+04 -2.064118277062409106e+03
1.439000000000000000e+03 2.974511700383468997e+04 -2.064114943773002778e+03
1.440000000000000000e+03 2.976578768973033584e+04 -2.064111208376078594e+03
1.441000000000000000e+03 2.978645837562598172e+04 -2.064106640324097043e+03
1.442000000000000000e+03 2.980712906152162759e+04 -2.064100778892429389e+03
1.443000000000000000e+03 2.982779974741727347e+04 -2.064093548184805059e+03
1.444000000000000000e+03 2.984847043331291934e+04 -2.064085555508654124e+03
1.445000000000000000e+03 2.986914111920856521e+04 -2.064078089493476000e+03
1.446000000000000000e+03 2.988981180510421109e+04 -2.064072744609752590e+03
1.447000000000000000e+03 2.991048249099985696e+04 -2.064070800911535571e+03
1.448000000000000000e+03 2.993115317689550284e+04 -2.064072668339908432e+03
1.449000000000000000e+03 2.995182386279114871e+04 -2.064077711682924928e+03
1.450000000000000000e+03 2.997249454868679459e+04 -2.064084560535434775e+03
1.451000000000000000e+03 2.999316523458244046e+04 -2.064091719826078588e+03
1.452000000000000000e+03 3.001383592047808634e+04 -2.064098142290251872e+03
1.453000000000000000e+03 3.003450660637373221e+04 -2.064103494808200139e+03
1.454000000000000000e+03 3.005517729226937809e+04 -2.064108054031008123e+03
1.455000000000000000e+03 3.007584797816502396e+04 -2.064112349359531891e+03
1.456000000000000000e+03 3.009651866406066983e+04 -2.064116747885130735e+03
1.457000000000000000e+03 3.011718934995631571e+04 -2.064121155329321027e+03
1.458000000000000000e+03 3.013786003585196158e+04 -2.064124938602039947e+03
1.459000000000000000e+03 3.015853072174760746e+04 -2.064127096661256019e+03
1.460000000000000000e+03 3.017920140764325333e+04 -2.064126629141915600e+03
1.461000000000000000e+03 3.019987209353889921e+04 -2.064122979511767426e+03
1.462000000000000000e+03 3.022054277943454508e+04 -2.064116376757910984e+03
1.463000000000000000e+03 3.024121346533019096e+04 -2.064107902358042793e+03
1.464000000000000000e+03 3.026188415122583683e+04 -2.064099201803797314e+03
1.465000000000000000e+03 3.028255483712148271e+04 -2.064091930025597776e+03
1.466000000000000000e+03 3.030322552301712858e+04 -2.064087181097861048e+03
1.467000000000000000e+03 3.032389620891277445e+04 -2.064085185051614189e+03
1.468000000000000000e+03 3.034456689480842033e+04 -2.064085411522006325e+03
1.469000000000000000e+03 3.036523758070406620e+04 -2.064086988521934018e+03
1.470000000000000000e+03 3.038590826659971208e+04 -2.064089185563344472e+03
1.471000000000000000e+03 3.040657895249535795e+04 -2.064091717035383226e+03
1.472000000000000000e+03 3.042724963839100383e+04 -2.064094756623845115e+03
1.473000000000000000e+03 3.044792032428664970e+04 -2.064098708537227594e+03
1.474000000000000000e+03 3.046859101018229558e+04 -2.064103873470391136e+03
1.475000000000000000e+03 3.048926169607794145e+04 -2.064110160857386290e+03
1.476000000000000000e+03 3.050993238197358733e+04 -2.064116960414756250e+03
1.477000000000000000e+03 3.053060306786923320e+04 -2.064123225779899258e+03
1.478000000000000000e+03 3.055127375376487907e+04 -2.064127756055410828e+03
1.479000000000000000e+03 3.057194443966052495e+04 -2.064129592261313974e+03
1.480000000000000000e+03 3.059261512555617082e+04 -2.064128385315677406e+03
1.481000000000000000e+03 3.061328581145181670e+04 -2.064124568927002201e+03
1.482000000000000000e+03 3.063395649734746257e+04 -2.064119222833081039e+03
1.483000000000000000e+03 3.065462718324310845e+04 -2.064113649990582417e+03
1.484000000000000000e+03 3.067529786913875432e+04 -2.064108858233122191e+03
1.485000000000000000e+03 3.069596855503440020e+04 -2.064105217544465177e+03
1.486000000000000000e+03 3.071663924093004607e+04 -2.064102474911436275e+03
1.487000000000000000e+03 3.073730992682569195e+04 -2.064100093528978050e+03
1.488000000000000000e+03 3.075798061272133782e+04 -2.064097695523894345e+03
1.489000000000000000e+03 3.077865129861698369e+04 -2.064095355222142643e+03
1.490000000000000000e+03 3.079932198451262957e+04 -2.064093609418304368e+03
1.491000000000000000e+03 3.081999267040827544e+04 -2.064093215476340902e+03
1.492000000000000000e+03 3.084066335630392132e+04 -2.064094796458979545e+03
1.493000000000000000e+03 3.086133404219956719e+04 -2.064098533513686561e+03
1.494000000000000000e+03 3.088200472809521307e+04 -2.064104024377514179e+03
1.495000000000000000e+03 3.090267541399085894e+04 -2.064110359050750503e+03
1.496000000000000000e+03 3.092334609988650482e+04 -2.064116390918720754e+03
1.497000000000000000e+03 3.094401678578215069e+04 -2.064121112492530756e+03
1.498000000000000000e+03 3.096468747167779657e+04 -2.064123992394479501e+03
1.499000000000000000e+03 3.098535815757344244e+04 -2.064125121440853945e+03
1.500000000000000000e+03 3.100602884346908832e+04 -2.064125080512723798e+03
1.501000000000000000e+03 3.102669952936473419e+04 -2.064124578023659978e+03
1.502000000000000000e+03 3.104737021526038006e+04 -2.064124044602429876e+03
1.503000000000000000e+03 3.106804090115602594e+04 -2.064123415404935258e+03
1.504000000000000000e+03 3.108871158705167181e+04 -2.064122224512293087e+03
1.505000000000000000e+03 3.110938227294731769e+04 -2.064119944799170298e+03
1.506000000000000000e+03 3.113005295884296356e+04 -2.064116366420418217e+03
1.507000000000000000e+03 3.115072364473860944e+04 -2.064111807152927213e+03
1.508000000000000000e+03 3.117139433063425531e+04 -2.064107063495246621e+03
1.509000000000000000e+03 3.119206501652990119e+04 -2.064103148424318988e+03
1.510000000000000000e+03 3.121273570242554706e+04 -2.064100943826299044e+03
1.511000000000000000e+03 3.123340638832119294e+04 -2.064100905801239151e+03
1.512000000000000000e+03 3.125407707421683881e+04 -2.064102923110719530e+03
1.513000000000000000e+03 3.127474776011248468e+04 -2.064106371515241790e+03
1.514000000000000000e+03 3.129541844600813056e+04 -2.064110345966695604e+03
1.515000000000000000e+03 3.131608913190377643e+04 -2.064113993429195034e+03
1.516000000000000000e+03 3.133675981779942231e+04 -2.064116821727592651e+03
1.517000000000000000e+03 3.135743050369506818e+04 -2.064118847210815602e+03
1.518000000000000000e+03 3.137810118959071406e+04 -2.064120494185466669e+03
1.519000000000000000e+03 3.139877187548635993e+04 -2.064122275863583127e+03
1.520000000000000000e+03 3.141944256138200581e+04 -2.064124419256315832e+03
1.521000000000000000e+03 3.144011324727765168e+04 -2.064126652641100009e+03
1.522000000000000000e+03 3.146078393317329756e+04 -2.064128292027327007e+03
1.523000000000000000e+03 3.148145461906894343e+04 -2.064128582963259305e+03
1.524000000000000000e+03 3.150212530496458930e+04 -2.064127102172524701e+03
1.525000000000000000e+03 3.152279599086023518e+04 -2.064124001928769303e+03
1.526000000000000000e+03 3.154346667675588105e+04 -2.064119985838000503e+03
1.527000000000000000e+03 3.156413736265152693e+04 -2.064116048957852854e+03
1.528000000000000000e+03 3.158480804854717280e+04 -2.064113112294534403e+03
1.529000000000000000e+03 3.160547873444281868e+04 -2.064111702695020995e+03
1.530000000000000000e+03 3.162614942033846455e+04 -2.064111793232110358e+03
1.531000000000000000e+03 3.164682010623411043e+04 -2.064112856695829123e+03
1.532000000000000000e+03 3.166749079212975630e+04 -2.064114114929048810e+03
1.533000000000000000e+03 3.168816147802540218e+04 -2.064114896877272713e+03
1.534000000000000000e+03 3.170883216392104805e+04 -2.064114962241563262e+03
1.535000000000000000e+03 3.172950284981669392e+04 -2.064114633407791189e+03
1.536000000000000000e+03 3.175017353571233980e+04 -2.064114640488191071e+03
1.537000000000000000e+03 3.177084422160798567e+04 -2.064115724220509946e+03
1.538000000000000000e+03 3.179151490750363155e+04 -2.064118194266283353e+03
1.539000000000000000e+03 3.181218559339927742e+04 -2.064121695805892614e+03
1.540000000000000000e+03 3.183285627929492330e+04 -2.064125329137498284e+03
1.541000000000000000e+03 3.185352696519056917e+04 -2.064128056606000882e+03
1.542000000000000000e+03 3.187419765108621505e+04 -2.064129167243526808e+03
1.543000000000000000e+03 3.189486833698186092e+04 -2.064128560850817848e+03
1.544000000000000000e+03 3.191553902287750680e+04 -2.064126739312616792e+03
1.545000000000000000e+03 3.193620970877315267e+04 -2.064124549016265064e+03
1.546000000000000000e+03 3.195688039466879854e+04 -2.064122814723938973e+03
1.547000000000000000e+03 3.197755108056444442e+04 -2.064122019620614537e+03
1.548000000000000000e+03 3.199822176646009029e+04 -2.064122144587801358e+03
1.549000000000000000e+03 3.201889245235573617e+04 -2.064122715585884634e+03
1.550000000000000000e+03 3.203956313825138204e+04 -2.064123039821772181e+03
1.551000000000000000e+03 3.206023382414702792e+04 -2.064122546393241009e+03
1.552000000000000000e+03 3.208090451004267379e+04 -2.064121095177195457e+03
1.553000000000000000e+03 3.210157519593831967e+04 -2.064119104794384384e+03
1.554000000000000000e+03 3.212224588183396554e+04 -2.064117406314034724e+03
1.555000000000000000e+03 3.214291656772961142e+04 -2.064116858160425181e+03
1.556000000000000000e+03 3.216358725362525729e+04 -2.064117903552564258e+03
1.557000000000000000e+03 3.218425793952090316e+04 -2.064120313996731966e+03
1.558000000000000000e+03 3.220492862541654904e+04 -2.064123273023457841e+03
1.559000000000000000e+03 3.222559931131219491e+04 -2.064125757668220558e+03
1.560000000000000000e+03 3.224626999720784079e+04 -2.064127006287494623e+03
1.561000000000000000e+03 3.226694068310348666e+04 -2.064126832587304307e+03
1.562000000000000000e+03 3.228761136899913254e+04 -2.064125654958314499e+03
1.563000000000000000e+03 3.230828205489477841e+04 -2.064124264306420628e+03
1.564000000000000000e+03 3.232895274079042429e+04 -2.064123460214620081e+03
1.565000000000000000e+03 3.234962342668607016e+04 -2.064123712366191739e+03
1.566000000000000000e+03 3.237029411258171604e+04 -2.064124971028451000e+03
1.567000000000000000e+03 3.239096479847736191e+04 -2.064126689190136858e+03
1.568000000000000000e+03 3.241163548437300778e+04 -2.064128050399627227e+03
1.569000000000000000e+03 3.243230617026865366e+04 -2.064128326447367272e+03
1.570000000000000000e+03 3.245297685616429953e+04 -2.064127228622850453e+03
1.571000000000000000e+03 3.247364754205994541e+04 -2.064125090062161235e+03
1.572000000000000000e+03 3.249431822795559128e+04 -2.064122761208470820e+03
1.573000000000000000e+03 3.251498891385123716e+04 -2.064121229096796924e+03
1.574000000000000000e+03 3.253565959974688303e+04 -2.064121134315217205e+03
1.575000000000000000e+03 3.255633028564252891e+04 -2.064122447774642296e+03
1.576000000000000000e+03 3.257700097153817478e+04 -2.064124495887029298e+03
1.577000000000000000e+03 3.259767165743382066e+04 -2.064126317759381436e+03
1.578000000000000000e+03 3.261834234332946653e+04 -2.064127145006333649e+03
1.579000000000000000e+03 3.263901302922511240e+04 -2.064126746716233356e+03
1.580000000000000000e+03 3.265968371512075828e+04 -2.064125488528488404e+03
1.581000000000000000e+03 3.268035440101640415e+04 -2.064124118300739156e+03
1.582000000000000000e+03 3.270102508691205003e+04 -2.064123407964404578e+03
1.583000000000000000e+03 3.272169577280769590e+04 -2.064123813292294017e+03
1.584000000000000000e+03 3.274236645870334178e+04 -2.064125279796593077e+03
1.585000000000000000e+03 3.276303714459898765e+04 -2.064127259709274313e+03
1.586000000000000000e+03 3.278370783049463353e+04 -2.064128934322525765e+03
1.587000000000000000e+03 3.280437851639027940e+04 -2.064129566308904032e+03
1.588000000000000000e+03 3.282504920228592528e+04 -2.064128846862743103e+03
1.589000000000000000e+03 3.284571988818157115e+04 -2.064127077482748064e+03
1.590000000000000000e+03 3.286639057407721702e+04 -2.064125070229002176e+03
1.591000000000000000e+03 3.288706125997286290e+04 -2.064123776147253466e+03
1.592000000000000000e+03 3.290773194586850877e+04 -2.064123810977696849e+03
1.593000000000000000e+03 3.292840263176415465e+04 -2.064125134864904339e+03
1.594000000000000000e+03 3.294907331765980052e+04 -2.064127073222402032e+03
1.595000000000000000e+03 3.296974400355544640e+04 -2.064128667046288683e+03
1.596000000000000000e+03 3.299041468945109227e+04 -2.064129150295615091e+03
1.597000000000000000e+03 3.301108537534673815e+04 -2.064128299893664007e+03
1.598000000000000000e+03 3.303175606124238402e+04 -2.064126504151323388e+03
1.599000000000000000e+03 3.305242674713802990e+04 -2.064124555501228315e+03
1.600000000000000000e+03 3.307309743303367577e+04 -2.064123291730643814e+03
1.601000000000000000e+03 3.309376811892932164e+04 -2.064123245592630155e+03
1.602000000000000000e+03 3.311443880482496752e+04 -2.064124432845186220e+03
1.603000000000000000e+03 3.313510949072061339e+04 -2.064126348171520931e+03
1.604000000000000000e+03 3.315578017661625927e+04 -2.064128169564660311e+03
1.605000000000000000e+03 3.317645086251190514e+04 -2.064129103393434434e+03
1.606000000000000000e+03 3.319712154840755102e+04 -2.064128741714545413e+03
1.607000000000000000e+03 3.321779223430319689e+04 -2.064127273375649565e+03
1.608000000000000000e+03 3.323846292019884277e+04 -2.064125424907388606e+03
1.609000000000000000e+03 3.325913360609448864e+04 -2.064124123263948604e+03
1.610000000000000000e+03 3.327980429199013452e+04 -2.064124030271103948e+03
1.611000000000000000e+03 3.330047497788578039e+04 -2.064125198188685772e+03
1.612000000000000000e+03 3.332114566378142626e+04 -2.064127045975740202e+03
1.613000000000000000e+03 3.334181634967707214e+04 -2.064128669301460832e+03
1.614000000000000000e+03 3.336248703557271801e+04 -2.064129301806327021e+03
1.615000000000000000e+03 3.338315772146836389e+04 -2.064128676091126181e+03
1.616000000000000000e+03 3.340382840736400976e+04 -2.064127118227394021e+03
1.617000000000000000e+03 3.342449909325965564e+04 -2.064125365935201444e+03
1.618000000000000000e+03 3.344516977915530151e+04 -2.064124224461853373e+03
1.619000000000000000e+03 3.346584046505094739e+04 -2.064124217883042093e+03
1.620000000000000000e+03 3.348651115094659326e+04 -2.064125369272004264e+03
1.621000000000000000e+03 3.350718183684223914e+04 -2.064127184729285545e+03
1.622000000000000000e+03 3.352785252273788501e+04 -2.064128847760137432e+03
1.623000000000000000e+03 3.354852320863353088e+04 -2.064129560990099890e+03
1.624000000000000000e+03 3.356919389452917676e+04 -2.064128909211739028e+03
1.625000000000000000e+03 3.358986458042482263e+04 -2.064127083253018554e+03
1.626000000000000000e+03 3.361053526632046851e+04 -2.064124833148509424e+03
1.627000000000000000e+03 3.363120595221611438e+04 -2.064123132459208591e+03
1.628000000000000000e+03 3.365187663811176026e+04 -2.064122698054735793e+03
1.629000000000000000e+03 3.367254732400740613e+04 -2.064123620437372665e+03
1.630000000000000000e+03 3.369321800990305201e+04 -2.064125319627313729e+03
1.631000000000000000e+03 3.371388869579869788e+04 -2.064126853760579252e+03
1.632000000000000000e+03 3.373455938169434376e+04 -2.064127399800550847e+03
1.633000000000000000e+03 3.375523006758998963e+04 -2.064126643363927997e+03
1.634000000000000000e+03 3.377590075348563551e+04 -2.064124896163037647e+03
1.635000000000000000e+03 3.379657143938128138e+04 -2.064122921909068282e+03
1.636000000000000000e+03 3.381724212527692725e+04 -2.064121584473529765e+03
1.637000000000000000e+03 3.383791281117257313e+04 -2.064121481668976685e+03
1.638000000000000000e+03 3.385858349706821900e+04 -2.064122704910152606e+03
1.639000000000000000e+03 3.387925418296386488e+04 -2.064124804994256010e+03
1.640000000000000000e+03 3.389992486885951075e+04 -2.064126973534653644e+03
1.641000000000000000e+03 3.392059555475515663e+04 -2.064128378673584393e+03
1.642000000000000000e+03 3.394126624065080250e+04 -2.064128529985957357e+03
1.643000000000000000e+03 3.396193692654644838e+04 -2.064127512547239803e+03
1.644000000000000000e+03 3.398260761244209425e+04 -2.064125958200147579e+03
1.645000000000000000e+03 3.400327829833774013e+04 -2.064124733410167210e+03
1.646000000000000000e+03 3.402394898423338600e+04 -2.064124482266349787e+03
1.647000000000000000e+03 3.404461967012903187e+04 -2.064125271890628483e+03
1.648000000000000000e+03 3.406529035602467775e+04 -2.064126548624938096e+03
1.649000000000000000e+03 3.408596104192032362e+04 -2.064127432257278997e+03
1.650000000000000000e+03 3.410663172781596950e+04 -2.064127174907196604e+03
1.651000000000000000e+03 3.412730241371161537e+04 -2.064125532291153377e+03
1.652000000000000000e+03 3.414797309960726125e+04 -2.064122873031679319e+03
1.653000000000000000e+03 3.416864378550290712e+04 -2.064120007092995820e+03
1.654000000000000000e+03 3.418931447139855300e+04 -2.064117841878165109e+03
1.655000000000000000e+03 3.420998515729419887e+04 -2.064117022518746580e+03
1.656000000000000000e+03 3.423065584318984475e+04 -2.064117691600808939e+03
1.657000000000000000e+03 3.425132652908549062e+04 -2.064119447156791466e+03
1.658000000000000000e+03 3.427199721498113649e+04 -2.064121511157999066e+03
1.659000000000000000e+03 3.429266790087678237e+04 -2.064123053755072760e+03
1.660000000000000000e+03 3.431333858677242824e+04 -2.064123556489956172e+03
1.661000000000000000e+03 3.433400927266807412e+04 -2.064123059696525161e+03
1.662000000000000000e+03 3.435467995856371999e+04 -2.064122157880673512e+03
1.663000000000000000e+03 3.437535064445936587e+04 -2.064121706653750152e+03
1.664000000000000000e+03 3.439602133035501174e+04 -2.064122361319150059e+03
1.665000000000000000e+03 3.441669201625065762e+04 -2.064124189600609498e+03
1.666000000000000000e+03 3.443736270214630349e+04 -2.064126586088635122e+03
1.667000000000000000e+03 3.445803338804194937e+04 -2.064128546744935193e+03
1.668000000000000000e+03 3.447870407393759524e+04 -2.064129148887760948e+03
1.669000000000000000e+03 3.449937475983324111e+04 -2.064127974980524414e+03
1.670000000000000000e+03 3.452004544572888699e+04 -2.064125277487376934e+03
1.671000000000000000e+03 3.454071613162453286e+04 -2.064121839663063838e+03
1.672000000000000000e+03 3.456138681752017874e+04 -2.064118631249114515e+03
1.673000000000000000e+03 3.458205750341582461e+04 -2.064116422559308376e+03
1.674000000000000000e+03 3.460272818931147049e+04 -2.064115507213437922e+03
1.675000000000000000e+03 3.462339887520711636e+04 -2.064115627247473185e+03
1.676000000000000000e+03 3.464406956110276224e+04 -2.064116123343352228e+03
1.677000000000000000e+03 3.466474024699840811e+04 -2.064116259219778840e+03
1.678000000000000000e+03 3.468541093289405399e+04 -2.064115599440048300e+03
1.679000000000000000e+03 3.470608161878969986e+04 -2.064114273786303784e+03
1.680000000000000000e+03 3.472675230468534573e+04 -2.064112976284190154e+03
1.681000000000000000e+03 3.474742299058099161e+04 -2.064112652899525983e+03
1.682000000000000000e+03 3.476809367647663748e+04 -2.064114004143813872e+03
1.683000000000000000e+03 3.478876436237228336e+04 -2.064117066300424085e+03
1.684000000000000000e+03 3.480943504826792923e+04 -2.064121119971158350e+03
1.685000000000000000e+03 3.483010573416357511e+04 -2.064124988733424289e+03
1.686000000000000000e+03 3.485077642005922098e+04 -2.064127558008552114e+03
1.687000000000000000e+03 3.487144710595486686e+04 -2.064128232026552269e+03
1.688000000000000000e+03 3.489211779185051273e+04 -2.064127115494041391e+03
1.689000000000000000e+03 3.491278847774615861e+04 -2.064124877340948842e+03
1.690000000000000000e+03 3.493345916364180448e+04 -2.064122403937453782e+03
1.691000000000000000e+03 3.495412984953745035e+04 -2.064120411590130061e+03
1.692000000000000000e+03 3.497480053543309623e+04 -2.064119169773550311e+03
1.693000000000000000e+03 3.499547122132874210e+04 -2.064118426412946064e+03
1.694000000000000000e+03 3.501614190722438798e+04 -2.064117555363544852e+03
1.695000000000000000e+03 3.503681259312003385e+04 -2.064115875761152893e+03
1.696000000000000000e+03 3.505748327901567973e+04 -2.064113028089573618e+03
1.697000000000000000e+03 3.507815396491132560e+04 -2.064109248185307933e+03
1.698000000000000000e+03 3.509882465080697148e+04 -2.064105389791243397e+03
1.699000000000000000e+03 3.511949533670261735e+04 -2.064102636896817785e+03
1.700000000000000000e+03 3.514016602259826323e+04 -2.064102003997796146e+03
1.701000000000000000e+03 3.516083670849390910e+04 -2.064103863371723946e+03
1.702000000000000000e+03 3.518150739438955497e+04 -2.064107754961312821e+03
1.703000000000000000e+03 3.520217808028520085e+04 -2.064112587118405827e+03
1.704000000000000000e+03 3.522284876618084672e+04 -2.064117114437848159e+03
1.705000000000000000e+03 3.524351945207649260e+04 -2.064120435379331411e+03
1.706000000000000000e+03 3.526419013797213847e+04 -2.064122273127544304e+03
1.707000000000000000e+03 3.528486082386778435e+04 -2.064122946555280123e+03
1.708000000000000000e+03 3.530553150976343022e+04 -2.064123094322160796e+03
1.709000000000000000e+03 3.532620219565907610e+04 -2.064123303542555732e+03
1.710000000000000000e+03 3.534687288155472197e+04 -2.064123801465475481e+03
1.711000000000000000e+03 3.536754356745036785e+04 -2.064124323111392641e+03
1.712000000000000000e+03 3.538821425334601372e+04 -2.064124201475548034e+03
1.713000000000000000e+03 3.540888493924165959e+04 -2.064122654990489536e+03
1.714000000000000000e+03 3.542955562513730547e+04 -2.064119175048806937e+03
1.715000000000000000e+03 3.545022631103295134e+04 -2.064113857501826715e+03
1.716000000000000000e+03 3.547089699692859722e+04 -2.064107508477763986e+03
1.717000000000000000e+03 3.549156768282424309e+04 -2.064101425168795686e+03
1.718000000000000000e+03 3.551223836871988897e+04 -2.064096909002296798e+03
1.719000000000000000e+03 3.553290905461553484e+04 -2.064094738270092421e+03
1.720000000000000000e+03 3.555357974051118072e+04 -2.064094884371123499e+03
1.721000000000000000e+03 3.557425042640682659e+04 -2.064096628562218029e+03
1.722000000000000000e+03 3.559492111230247247e+04 -2.064098997751308616e+03
1.723000000000000000e+03 3.561559179819811834e+04 -2.064101259948082316e+03
1.724000000000000000e+03 3.563626248409376421e+04 -2.064103219682361214e+03
1.725000000000000000e+03 3.565693316998941009e+04 -2.064105200204749508e+03
1.726000000000000000e+03 3.567760385588505596e+04 -2.064107770418282144e+03
1.727000000000000000e+03 3.569827454178070184e+04 -2.064111373373781589e+03
1.728000000000000000e+03 3.571894522767634771e+04 -2.064116020990994457e+03
1.729000000000000000e+03 3.573961591357199359e+04 -2.064121169550195646e+03
1.730000000000000000e+03 3.576028659946763946e+04 -2.064125819734008473e+03
1.731000000000000000e+03 3.578095728536328534e+04 -2.064128812612726051e+03
1.732000000000000000e+03 3.580162797125893121e+04 -2.064129225604031944e+03
1.733000000000000000e+03 3.582229865715457709e+04 -2.064126722035689454e+03
1.734000000000000000e+03 3.584296934305022296e+04 -2.064121701114083407e+03
1.735000000000000000e+03 3.586364002894586883e+04 -2.064115160067536181e+03
1.736000000000000000e+03 3.588431071484151471e+04 -2.064108312464998562e+03
1.737000000000000000e+03 3.590498140073716058e+04 -2.064102143198222620e+03
1.738000000000000000e+03 3.592565208663280646e+04 -2.064097126149035830e+03
1.739000000000000000e+03 3.594632277252845233e+04 -2.064093236883084501e+03
1.740000000000000000e+03 3.596699345842409821e+04 -2.064090216045488887e+03
1.741000000000000000e+03 3.598766414431974408e+04 -2.064087902757594748e+03
1.742000000000000000e+03 3.600833483021538996e+04 -2.064086445254373302e+03
1.743000000000000000e+03 3.602900551611103583e+04 -2.064086292184198555e+03
1.744000000000000000e+03 3.604967620200668171e+04 -2.064087991354376300e+03
1.745000000000000000e+03 3.607034688790232758e+04 -2.064091903351689325e+03
1.746000000000000000e+03 3.609101757379797345e+04 -2.064097955251407711e+03
1.747000000000000000e+03 3.611168825969361933e+04 -2.064105531289178543e+03
1.748000000000000000e+03 3.613235894558926520e+04 -2.064113547677363840e+03
1.749000000000000000e+03 3.615302963148491108e+04 -2.064120700980185575e+03
1.750000000000000000e+03 3.617370031738055695e+04 -2.064125820364224637e+03
1.751000000000000000e+03 3.619437100327620283e+04 -2.064128203613303867e+03
1.752000000000000000e+03 3.621504168917184870e+04 -2.064127798518091367e+03
1.753000000000000000e+03 3.623571237506749458e+04 -2.064125134331519348e+03
1.754000000000000000e+03 3.625638306096314045e+04 -2.064121018938596990e+03
1.755000000000000000e+03 3.627705374685878633e+04 -2.064116149709804176e+03
1.756000000000000000e+03 3.629772443275443220e+04 -2.064110850198260778e+03
1.757000000000000000e+03 3.631839511865007808e+04 -2.064105076862949318e+03
1.758000000000000000e+03 3.633906580454572395e+04 -2.064098672985018311e+03
1.759000000000000000e+03 3.635973649044136982e+04 -2.064091698276095940e+03
1.760000000000000000e+03 3.638040717633701570e+04 -2.064084633556316930e+03
1.761000000000000000e+03 3.640107786223266157e+04 -2.064078352027947858e+03
1.762000000000000000e+03 3.642174854812830745e+04 -2.064073881776009330e+03
1.763000000000000000e+03 3.644241923402395332e+04 -2.064072076380699400e+03
1.764000000000000000e+03 3.646308991991959920e+04 -2.064073332103047051e+03
1.765000000000000000e+03 3.648376060581524507e+04 -2.064077456329476718e+03
1.766000000000000000e+03 3.650443129171089095e+04 -2.064083731617420199e+03
1.767000000000000000e+03 3.652510197760653682e+04 -2.064091151514927333e+03
1.768000000000000000e+03 3.654577266350218270e+04 -2.064098740407176592e+03
1.769000000000000000e+03 3.656644334939782857e+04 -2.064105825875864412e+03
1.770000000000000000e+03 3.658711403529347444e+04 -2.064112135676180060e+03
1.771000000000000000e+03 3.660778472118912032e+04 -2.064117664058158880e+03
1.772000000000000000e+03 3.662845540708476619e+04 -2.064122378993246457e+03
1.773000000000000000e+03 3.664912609298041207e+04 -2.064125952537988269e+03
1.774000000000000000e+03 3.666979677887605794e+04 -2.064127702671321913e+03
1.775000000000000000e+03 3.669046746477170382e+04 -2.064126811035977425e+03
1.776000000000000000e+03 3.671113815066734969e+04 -2.064122706921425561e+03
1.777000000000000000e+03 3.673180883656299557e+04 -2.064115408151651536e+03
1.778000000000000000e+03 3.675247952245864144e+04 -2.064105644911368017e+03
1.779000000000000000e+03 3.677315020835428732e+04 -2.064094718343700151e+03
1.780000000000000000e+03 3.679382089424993319e+04 -2.064084169746013231e+03
1.781000000000000000e+03 3.681449158014557906e+04 -2.064075397178171897e+03
1.782000000000000000e+03 3.683516226604122494e+04 -2.064069350060737179e+03
1.783000000000000000e+03 3.685583295193687081e+04 -2.064066386646951287e+03
1.784000000000000000e+03 3.687650363783251669e+04 -2.064066321198864898e+03
1.785000000000000000e+03 3.689717432372816256e+04 -2.064068630094161108e+03
1.786000000000000000e+03 3.691784500962380844e+04 -2.064072734337622933e+03
1.787000000000000000e+03 3.693851569551945431e+04 -2.064078239002452392e+03
1.788000000000000000e+03 3.695918638141510019e+04 -2.064085010872093790e+03
1.789000000000000000e+03 3.697985706731074606e+04 -2.064093036574557118e+03
1.790000000000000000e+03 3.700052775320639194e+04 -2.064102120805393497e+03
1.791000000000000000e+03 3.702119843910203781e+04 -2.064111601121042895e+03
1.792000000000000000e+03 3.704186912499768368e+04 -2.064120283166396803e+03
1.793000000000000000e+03 3.706253981089332956e+04 -2.064126690713312655e+03
1.794000000000000000e+03 3.708321049678897543e+04 -2.064129536336270576e+03
1.795000000000000000e+03 3.710388118268462131e+04 -2.064128182161267432e+03
1.796000000000000000e+03 3.712455186858026718e+04 -2.064122868540317540e+03
1.797000000000000000e+03 3.714522255447591306e+04 -2.064114620147096048e+03
1.798000000000000000e+03 3.716589324037155893e+04 -2.064104894148283620e+03
1.799000000000000000e+03 3.718656392626720481e+04 -2.064095128179344101e+03
1.800000000000000000e+03 3.720723461216285068e+04 -2.064086356099136083e+03
1.801000000000000000e+03 3.722790529805849656e+04 -2.064079013962890713e+03
1.802000000000000000e+03 3.724857598395414243e+04 -2.064072990289340396e+03
1.803000000000000000e+03 3.726924666984978830e+04 -2.064067899146976742e+03
1.804000000000000000e+03 3.728991735574543418e+04 -2.064063475592871328e+03
1.805000000000000000e+03 3.731058804164108005e+04 -2.064059923500633886e+03
1.806000000000000000e+03 3.733125872753672593e+04 -2.064058023655710713e+03
1.807000000000000000e+03 3.735192941343237180e+04 -2.064058884663631488e+03
1.808000000000000000e+03 3.737260009932801768e+04 -2.064063399967878922e+03
1.809000000000000000e+03 3.739327078522366355e+04 -2.064071676355949876e+03
1.810000000000000000e+03 3.741394147111930943e+04 -2.064082768850229968e+03
1.811000000000000000e+03 3.743461215701495530e+04 -2.064094902665746304e+03
1.812000000000000000e+03 3.745528284291060118e+04 -2.064106073713955539e+03
1.813000000000000000e+03 3.747595352880624705e+04 -2.064114706977194146e+03
1.814000000000000000e+03 3.749662421470189292e+04 -2.064120058941730804e+03
1.815000000000000000e+03 3.751729490059753880e+04 -2.064122232042343512e+03
1.816000000000000000e+03 3.753796558649318467e+04 -2.064121873411892921e+03
1.817000000000000000e+03 3.755863627238883055e+04 -2.064119742940630204e+03
1.818000000000000000e+03 3.757930695828447642e+04 -2.064116340982905513e+03
1.819000000000000000e+03 3.759997764418012230e+04 -2.064111727508963213e+03
1.820000000000000000e+03 3.762064833007576817e+04 -2.064105586189913993e+03
1.821000000000000000e+03 3.764131901597141405e+04 -2.064097508745935556e+03
1.822000000000000000e+03 3.766198970186705992e+04 -2.064087400197568968e+03
1.823000000000000000e+03 3.768266038776270580e+04 -2.064075842541993552e+03
1.824000000000000000e+03 3.770333107365835167e+04 -2.064064230161166961e+03
1.825000000000000000e+03 3.772400175955399754e+04 -2.064054544691663068e+03
1.826000000000000000e+03 3.774467244544964342e+04 -2.064048786644257689e+03
1.827000000000000000e+03 3.776534313134528929e+04 -2.064048274462738391e+03
1.828000000000000000e+03 3.778601381724093517e+04 -2.064053138919518915e+03
1.829000000000000000e+03 3.780668450313658104e+04 -2.064062273663365431e+03
1.830000000000000000e+03 3.782735518903222692e+04 -2.064073766851411165e+03
1.831000000000000000e+03 3.784802587492787279e+04 -2.064085586350498033e+03
1.832000000000000000e+03 3.786869656082351867e+04 -2.064096188672421249e+03
1.833000000000000000e+03 3.788936724671916454e+04 -2.064104811905636780e+03
1.834000000000000000e+03 3.791003793261481042e+04 -2.064111401813312114e+03
1.835000000000000000e+03 3.793070861851045629e+04 -2.064116282696457347e+03
1.836000000000000000e+03 3.795137930440610216e+04 -2.064119755497499227e+03
1.837000000000000000e+03 3.797204999030174804e+04 -2.064121792332637597e+03
1.838000000000000000e+03 3.799272067619739391e+04 -2.064121937803044148e+03
1.839000000000000000e+03 3.801339136209303979e+04 -2.064119453690075716e+03
1.840000000000000000e+03 3.803406204798868566e+04 -2.064113666032344554e+03
1.841000000000000000e+03 3.805473273388433154e+04 -2.064104395262819253e+03
1.842000000000000000e+03 3.807540341977997741e+04 -2.064092287204952299e+03
1.843000000000000000e+03 3.809607410567562329e+04 -2.064078855225711777e+03
1.844000000000000000e+03 3.811674479157126916e+04 -2.064066137427939339e+03
1.845000000000000000e+03 3.813741547746691504e+04 -2.064056064809309191e+03
1.846000000000000000e+03 3.815808616336256091e+04 -2.064049829098539703e+03
1.847000000000000000e+03 3.817875684925820678e+04 -2.064047580536916485e+03
1.848000000000000000e+03 3.819942753515385266e+04 -2.064048607324181830e+03
1.849000000000000000e+03 3.822009822104949853e+04 -2.064051862119970338e+03
1.850000000000000000e+03 3.824076890694514441e+04 -2.064056516827893574e+03
1.851000000000000000e+03 3.826143959284079028e+04 -2.064062261418356684e+03
1.852000000000000000e+03 3.828211027873643616e+04 -2.064069249921443316e+03
1.853000000000000000e+03 3.830278096463208203e+04 -2.064077786063020085e+03
1.854000000000000000e+03 3.832345165052772791e+04 -2.064087932907315917e+03
1.855000000000000000e+03 3.834412233642337378e+04 -2.064099221490145283e+03
1.856000000000000000e+03 3.836479302231901966e+04 -2.064110569038110953e+03
1.857000000000000000e+03 3.838546370821466553e+04 -2.064120439540352891e+03
1.858000000000000000e+03 3.840613439411031140e+04 -2.064127204786413131e+03
1.859000000000000000e+03 3.842680508000595728e+04 -2.064129596753008627e+03
1.860000000000000000e+03 3.844747576590160315e+04 -2.064127094405022945e+03
1.861000000000000000e+03 3.846814645179724903e+04 -2.064120087925942698e+03
1.862000000000000000e+03 3.848881713769289490e+04 -2.064109738105953056e+03
1.863000000000000000e+03 3.850948782358854078e+04 -2.064097586354328996e+03
1.864000000000000000e+03 3.853015850948418665e+04 -2.064085100704667639e+03
1.865000000000000000e+03 3.855082919537983253e+04 -2.064073373225739488e+03
1.866000000000000000e+03 3.857149988127547840e+04 -2.064063082290361308e+03
1.867000000000000000e+03 3.859217056717112428e+04 -2.064054668502194545e+03
1.868000000000000000e+03 3.861284125306677015e+04 -2.064048561280713784e+03
1.869000000000000000e+03 3.863351193896241602e+04 -2.064045297131153802e+03
1.870000000000000000e+03 3.865418262485806190e+04 -2.064045461657745363e+03
1.871000000000000000e+03 3.867485331075370777e+04 -2.064049490918588617e+03
1.872000000000000000e+03 3.869552399664935365e+04 -2.064057429013706496e+03
1.873000000000000000e+03 3.871619468254499952e+04 -2.064068747717794395e+03
1.874000000000000000e+03 3.873686536844064540e+04 -2.064082306507381418e+03
1.875000000000000000e+03 3.875753605433629127e+04 -2.064096487421700658e+03
1.876000000000000000e+03 3.877820674023193715e+04 -2.064109487122541850e+03
1.877000000000000000e+03 3.879887742612758302e+04 -2.064119694554914531e+03
1.878000000000000000e+03 3.881954811202322890e+04 -2.064126037659144004e+03
1.879000000000000000e+03 3.884021879791887477e+04 -2.064128170709487677e+03
1.880000000000000000e+03 3.886088948381452064e+04 -2.064126420746384156e+03
1.881000000000000000e+03 3.888156016971016652e+04 -2.064121517507036970e+03
1.882000000000000000e+03 3.890223085560581239e+04 -2.064114247354431427e+03
1.883000000000000000e+03 3.892290154150145827e+04 -2.064105217214538698e+03
1.884000000000000000e+03 3.894357222739710414e+04 -2.064094842845165658e+03
1.885000000000000000e+03 3.896424291329275002e+04 -2.064083528825100530e+03
1.886000000000000000e+03 3.898491359918839589e+04 -2.064071890234210969e+03
1.887000000000000000e+03 3.900558428508404177e+04 -2.064060855600857394e+03
1.888000000000000000e+03 3.902625497097968764e+04 -2.064051577228171482e+03
1.889000000000000000e+03 3.904692565687533352e+04 -2.064045186496017777e+03
1.890000000000000000e+03 3.906759634277097939e+04 -2.064042502704735398e+03
1.891000000000000000e+03 3.908826702866662527e+04 -2.064043813952636356e+03
1.892000000000000000e+03 3.910893771456227114e+04 -2.064048812346431532e+03
1.893000000000000000e+03 3.912960840045791701e+04 -2.064056706762713929e+03
1.894000000000000000e+03 3.915027908635356289e+04 -2.064066471851816914e+03
1.895000000000000000e+03 3.917094977224920876e+04 -2.064077135925898347e+03
1.896000000000000000e+03 3.919162045814485464e+04 -2.064087982886578629e+03
1.897000000000000000e+03 3.921229114404050051e+04 -2.064098570120543172e+03
1.898000000000000000e+03 3.923296182993614639e+04 -2.064108554138937961e+03
1.899000000000000000e+03 3.925363251583179226e+04 -2.064117434754763963e+03
1.900000000000000000e+03 3.927430320172743814e+04 -2.064124399460699351e+03
1.901000000000000000e+03 3.929497388762308401e+04 -2.064128405769920846e+03
1.902000000000000000e+03 3.931564457351872989e+04 -2.064128494376508570e+03
1.903000000000000000e+03 3.933631525941437576e+04 -2.064124179362819632e+03
1.904000000000000000e+03 3.935698594531002163e+04 -2.064115715818825265e+03
1.905000000000000000e+03 3.937765663120566751e+04 -2.064104119553566761e+03
1.906000000000000000e+03 3.939832731710131338e+04 -2.064090942135599562e+03
1.907000000000000000e+03 3.941899800299695926e+04 -2.064077904712471536e+03
1.908000000000000000e+03 3.943966868889260513e+04 -2.064066527203337955e+03
1.909000000000000000e+03 3.946033937478825101e+04 -2.064057865708577992e+03
1.910000000000000000e+03 3.948101006068389688e+04 -2.064052419310664845e+03
1.911000000000000000e+03 3.950168074657954276e+04 -2.064050210048318149e+03
1.912000000000000000e+03 3.952235143247518863e+04 -2.064050986354106954e+03
1.913000000000000000e+03 3.954302211837083451e+04 -2.064054457037913835e+03
1.914000000000000000e+03 3.956369280426648038e+04 -2.064060442242565841e+03
1.915000000000000000e+03 3.958436349016212625e+04 -2.064068851464538056e+03
1.916000000000000000e+03 3.960503417605777213e+04 -2.064079479162112875e+03
1.917000000000000000e+03 3.962570486195341800e+04 -2.064091723150257167e+03
1.918000000000000000e+03 3.964637554784906388e+04 -2.064104412169575880e+03
1.919000000000000000e+03 3.966704623374470975e+04 -2.064115902470577112e+03
1.920000000000000000e+03 3.968771691964035563e+04 -2.064124459992737684e+03
1.921000000000000000e+03 3.970838760553600150e+04 -2.064128771910890919e+03
1.922000000000000000e+03 3.972905829143164738e+04 -2.064128349478793552e+03
1.923000000000000000e+03 3.974972897732729325e+04 -2.064123644088329002e+03
1.924000000000000000e+03 3.977039966322293913e+04 -2.064115846060425156e+03
1.925000000000000000e+03 3.979107034911858500e+04 -2.064106472123804451e+03
1.926000000000000000e+03 3.981174103501423087e+04 -2.064096910162489166e+03
1.927000000000000000e+03 3.983241172090987675e+04 -2.064088077691084891e+03
1.928000000000000000e+03 3.985308240680552262e+04 -2.064080295548501454e+03
1.929000000000000000e+03 3.987375309270116850e+04 -2.064073407939784374e+03
1.930000000000000000e+03 3.989442377859681437e+04 -2.064067103856114045e+03
1.931000000000000000e+03 3.991509446449246025e+04 -2.064061316811013512e+03
1.932000000000000000e+03 3.993576515038810612e+04 -2.064056519300668242e+03
1.933000000000000000e+03 3.995643583628375200e+04 -2.064053729933716568e+03
1.934000000000000000e+03 3.997710652217939787e+04 -2.064054159358016932e+03
1.935000000000000000e+03 3.999777720807504375e+04 -2.064058621343774121e+03
1.936000000000000000e+03 4.001844789397068962e+04 -2.064067014754073170e+03
1.937000000000000000e+03 4.003911857986633549e+04 -2.064078188819834850e+03
1.938000000000000000e+03 4.005978926576198137e+04 -2.064090293207619197e+03
1.939000000000000000e+03 4.008045995165762724e+04 -2.064101425743818709e+03
1.940000000000000000e+03 4.010113063755327312e+04 -2.064110236371346673e+03
1.941000000000000000e+03 4.012180132344891899e+04 -2.064116216146606803e+03
1.942000000000000000e+03 4.014247200934456487e+04 -2.064119604254808564e+03
1.943000000000000000e+03 4.016314269524021074e+04 -2.064121030196812626e+03
1.944000000000000000e+03 4.018381338113585662e+04 -2.064121086749045844e+03
1.945000000000000000e+03 4.020448406703150249e+04 -2.064120010376662776e+03
1.946000000000000000e+03 4.022515475292714837e+04 -2.064117578189822325e+03
1.947000000000000000e+03 4.024582543882279424e+04 -2.064113251535974086e+03
1.948000000000000000e+03 4.026649612471844011e+04 -2.064106518757826052e+03
1.949000000000000000e+03 4.028716681061408599e+04 -2.064097316117914943e+03
1.950000000000000000e+03 4.030783749650973186e+04 -2.064086350372362631e+03
1.951000000000000000e+03 4.032850818240537774e+04 -2.064075143116111576e+03
1.952000000000000000e+03 4.034917886830102361e+04 -2.064065702965850051e+03
1.953000000000000000e+03 4.036984955419666949e+04 -2.064059904000003371e+03
1.954000000000000000e+03 4.039052024009231536e+04 -2.064058829059789787e+03
1.955000000000000000e+03 4.041119092598796124e+04 -2.064062397671065355e+03
1.956000000000000000e+03 4.043186161188360711e+04 -2.064069467116326450e+03
1.957000000000000000e+03 4.045253229777925299e+04 -2.064078340699952605e+03
1.958000000000000000e+03 4.047320298367489886e+04 -2.064087410349296533e+03
1.959000000000000000e+03 4.049387366957054473e+04 -2.064095631138158296e+03
1.960000000000000000e+03 4.051454435546619061e+04 -2.064102659566728107e+03
1.961000000000000000e+03 4.053521504136183648e+04 -2.064108670961089501e+03
1.962000000000000000e+03 4.055588572725748236e+04 -2.064113997917364031e+03
1.963000000000000000e+03 4.057655641315312823e+04 -2.064118766850546763e+03
1.964000000000000000e+03 4.059722709904877411e+04 -2.064122676868980761e+03
1.965000000000000000e+03 4.061789778494441998e+04 -2.064125001400651399e+03
1.966000000000000000e+03 4.063856847084006586e+04 -2.064124820102412741e+03
1.967000000000000000e+03 4.065923915673571173e+04 -2.064121412234220315e+03
1.968000000000000000e+03 4.067990984263135761e+04 -2.064114669181531099e+03
1.969000000000000000e+03 4.070058052852700348e+04 -2.064105338202872645e+03
1.970000000000000000e+03 4.072125121442264935e+04 -2.064094936565754779e+03
1.971000000000000000e+03 4.074192190031829523e+04 -2.064085306752074302e+03
1.972000000000000000e+03 4.076259258621394110e+04 -2.064077982839628021e+03
1.973000000000000000e+03 4.078326327210958698e+04 -2.064073681775319983e+03
1.974000000000000000e+03 4.080393395800523285e+04 -2.064072190904693343e+03
1.975000000000000000e+03 4.082460464390087873e+04 -2.064072693122802320e+03
1.976000000000000000e+03 4.084527532979652460e+04 -2.064074314182550552e+03
1.977000000000000000e+03 4.086594601569217048e+04 -2.064076577277854540e+03
1.978000000000000000e+03 4.088661670158781635e+04 -2.064079552294059340e+03
1.979000000000000000e+03 4.090728738748346223e+04 -2.064083682278267133e+03
1.980000000000000000e+03 4.092795807337910810e+04 -2.064089421839504212e+03
1.981000000000000000e+03 4.094862875927475397e+04 -2.064096871338794699e+03
1.982000000000000000e+03 4.096929944517039985e+04 -2.064105557125578798e+03
1.983000000000000000e+03 4.098997013106604572e+04 -2.064114437540636573e+03
1.984000000000000000e+03 4.101064081696169160e+04 -2.064122137591510636e+03
1.985000000000000000e+03 4.103131150285733747e+04 -2.064127341813228213e+03
1.986000000000000000e+03 4.105198218875298335e+04 -2.064129211536301682e+03
1.987000000000000000e+03 4.107265287464862922e+04 -2.064127660443944478e+03
1.988000000000000000e+03 4.109332356054427510e+04 -2.064123354501115045e+03
1.989000000000000000e+03 4.111399424643992097e+04 -2.064117415765241731e+03
1.990000000000000000e+03 4.113466493233556685e+04 -2.064110964740517829e+03
1.991000000000000000e+03 4.115533561823121272e+04 -2.064104736343792410e+03
1.992000000000000000e+03 4.117600630412685859e+04 -2.064098965040760049e+03
1.993000000000000000e+03 4.119667699002250447e+04 -2.064093568523729573e+03
1.994000000000000000e+03 4.121734767591815034e+04 -2.064088482807823766e+03
1.995000000000000000e+03 4.123801836181379622e+04 -2.064083935153134917e+03
1.996000000000000000e+03 4.125868904770944209e+04 -2.064080508806375747e+03
1.997000000000000000e+03 4.127935973360508797e+04 -2.064078984025556110e+03
1.998000000000000000e+03 4.130003041950073384e+04 -2.064080045609675835e+03
1.999000000000000000e+03 4.132070110539637972e+04 -2.064083987157237971e+03
2.000000000000000000e+03 4.134137179129202559e+04 -2.064090526066932398e+03
