# Step, Time, Bare (zero-field) forces on each atom and dimension in [eV/A]
0.000000000000000000e+00 0.000000000000000000e+00 5.851326915887481267e-15 -3.164063349938851380e-14 7.312622091655390788e-01 2.239499312171077119e-14 4.246072393462663186e-01 -3.658143637834195272e-01 -2.628146543502005117e-14 -4.246072393462891337e-01 -3.658143637835565287e-01
1.000000000000000000e+00 2.067068589564640035e+01 3.336335252187916530e-15 9.218801030976633907e-15 6.917465394454537231e-01 1.164927403832831630e-14 3.955934370879923834e-01 -3.460555790403570531e-01 -8.293011249203125061e-15 -3.955934370880494488e-01 -3.460555790403341825e-01
2.000000000000000000e+00 4.134137179129280071e+01 -1.425608415831926940e-13 -3.261092146862441757e-13 5.793403318376358913e-01 9.835925212183821532e-15 3.130367605206181292e-01 -2.898501187773327992e-01 8.779641931990290997e-15 -3.130367605205267578e-01 -2.898501187772299925e-01
3.000000000000000000e+00 6.201205768693920106e+01 1.583994047678131045e-13 5.915411803223330707e-14 4.109502174665211616e-01 -6.757680304347835491e-14 1.893126163347143842e-01 -2.056525668175748778e-01 1.688916683603047367e-14 -1.893126163349541646e-01 -2.056525668174835342e-01
4.000000000000000000e+00 8.268274358258560142e+01 1.742185318427407747e-14 -3.338590551950384654e-14 2.103968855105713964e-01 1.628055154898294488e-14 4.193724917107918143e-02 -1.053746866769773305e-01 3.533376544015700057e-15 -4.193724917117052503e-02 -1.053746866769202373e-01
5.000000000000000000e+00 1.033534294782320018e+02 -1.987410102208644939e-15 -2.234636712878527727e-14 3.683486763115993278e-03 -8.525066888112682695e-15 -1.098381683558064675e-01 -2.018809584149153409e-03 -6.337357425887654459e-15 1.098381683557722172e-01 -2.018809584046391426e-03
6.000000000000000000e+00 1.240241153738784021e+02 4.749640026557744933e-14 2.118549610757659982e-13 -1.851006649109831759e-01 -8.542854543743062813e-14 -2.480181997115283032e-01 9.237077408292684866e-02 5.632469790083345672e-14 2.480181997113912740e-01 9.237077408269848966e-02
7.000000000000000000e+00 1.446948012695248167e+02 1.660888472262051403e-14 -7.545926632579850064e-14 -3.364055569021255909e-01 2.078683570912556262e-14 -3.578311774087660213e-01 1.680202842397120755e-01 -2.063855721534764425e-14 3.578311774090057740e-01 1.680202842398034191e-01
8.000000000000000000e+00 1.653654871651712028e+02 -9.529516331074971440e-15 -1.466656513706352217e-15 -4.363455205717466923e-01 -3.815068613731554400e-14 -4.286305917489084405e-01 2.179882721306038995e-01 1.285250230990120708e-14 4.286305917488056894e-01 2.179882721305353710e-01
9.000000000000000000e+00 1.860361730608175890e+02 -1.739252586437691445e-13 -1.875011678511354853e-13 -4.768181699635006265e-01 3.061638469249229468e-14 -4.540630844517582476e-01 2.382245359557398079e-01 -1.650227080450160684e-14 4.540630844516783116e-01 2.382245359555799635e-01
1.000000000000000000e+01 2.067068589564639751e+02 -2.796423227396004231e-14 -8.594517389954611184e-14 -4.552463880791570161e-01 -4.876933742967115016e-14 -4.319427302688448322e-01 2.274409323098199320e-01 5.255252730594178565e-14 4.319427302689133330e-01 2.274409323101396208e-01
1.100000000000000000e+01 2.273775448521103613e+02 -2.170372693844440052e-14 3.142079533186409148e-14 -3.743947437914994514e-01 -4.544682773291732099e-14 -3.641487003768348885e-01 1.870195913906880225e-01 3.259846667593512555e-14 3.641487003768920094e-01 1.870195913905624285e-01
1.200000000000000000e+01 2.480482307477567474e+02 -8.789011160396734907e-15 -7.982508069388746837e-14 -2.424824739513697647e-01 -1.296011783720389993e-14 -2.567074596336088033e-01 1.210694390321375852e-01 2.074814156239172535e-14 2.567074596335059966e-01 1.210694390323202724e-01
1.300000000000000000e+01 2.687189166434031335e+02 2.013051991083289708e-15 -1.148001100725848902e-13 -7.337955351123146008e-02 1.147709531018841896e-14 -1.198935159854316868e-01 3.652439280479722467e-02 9.823800669590125112e-15 1.198935159853517646e-01 3.652439280471729555e-02
1.400000000000000000e+01 2.893896025390495197e+02 3.290669652881804209e-14 1.654633020135977292e-14 1.135124677224866180e-01 3.060919143862405820e-14 3.193241687042976812e-02 -5.691576028589172970e-02 -2.190279115399984119e-14 -3.193241687037267490e-02 -5.691576028573187840e-02
1.500000000000000000e+01 3.100602884346959058e+02 -6.433577165083221303e-14 -3.600133876401288431e-13 2.943282760003991805e-01 -1.870375930852149023e-14 1.811955650477644619e-01 -1.473186765132045994e-01 -1.158222953472720218e-14 -1.811955650475132462e-01 -1.473186765126907882e-01
1.600000000000000000e+01 3.307309743303422920e+02 1.189518718130395154e-13 -1.290193620403187978e-14 4.432524780903829842e-01 -9.641207339748215336e-15 3.090155712165302826e-01 -2.217760673937228810e-01 -2.157553211418466036e-14 -3.090155712167814706e-01 -2.217760673937571314e-01
1.700000000000000000e+01 3.514016602259886781e+02 -1.875884640189670854e-14 -2.309514909801267316e-14 5.364910099854977021e-01 8.677216770735505517e-15 3.981163003778531162e-01 -2.683898091111292517e-01 -1.236241318056570465e-14 -3.981163003777389298e-01 -2.683898091110264450e-01
1.800000000000000000e+01 3.720723461216350643e+02 -8.161711799437244143e-14 -4.885443239609391905e-14 5.569337647498123767e-01 -7.508423357584548164e-15 4.361535256997456367e-01 -2.786039979037492897e-01 3.162242711300060157e-14 -4.361535256998255727e-01 -2.786039979037607250e-01
1.900000000000000000e+01 3.927430320172814504e+02 -4.030797655192275114e-14 2.913903052442181821e-14 4.980554939290875449e-01 -6.535622512161034583e-14 4.184224601447917857e-01 -2.491559679606626110e-01 8.822024223101508485e-14 -4.184224601448374714e-01 -2.491559679609137989e-01
2.000000000000000000e+01 4.134137179129278366e+02 4.381678016431567065e-14 1.269968475235203498e-14 3.655443947146904682e-01 -2.264665676143616157e-14 3.489016003031348845e-01 -1.828907039304823179e-01 9.110773607933663734e-15 -3.489016003031919499e-01 -1.828907039305394111e-01
2.100000000000000000e+01 4.340844038085742227e+02 1.248568243428071439e-13 -1.013253687342227044e-13 1.760948178442960366e-01 -3.418592466864098268e-14 2.393031670485811779e-01 -8.815682397670757120e-02 -2.866454989458438464e-15 -2.393031670488552087e-01 -8.815682397663905656e-02
2.200000000000000000e+01 4.547550897042206088e+02 1.617310880358384326e-14 1.250862978622698061e-13 -4.633523220796011144e-02 -5.896345576030004938e-14 1.063583255797966864e-01 2.306541101024126017e-02 5.408822168630865125e-14 -1.063583255798537658e-01 2.306541101012708067e-02
2.300000000000000000e+01 4.754257755998669950e+02 5.622179227680172281e-14 -2.540444519178147060e-13 -2.751539752249982373e-01 1.330427404698618649e-14 -3.146954131613426131e-02 1.374797380907919475e-01 -1.525166973545188914e-14 3.146954131644254943e-02 1.374797380908604483e-01
2.400000000000000000e+01 4.960964614955133811e+02 3.416043888972424379e-14 2.055310068508850288e-13 -4.852839550036147087e-01 2.228122625874403962e-14 -1.569058179839445399e-01 2.425480642265036291e-01 -2.872323198450712046e-14 1.569058179838189182e-01 2.425480642262752562e-01
2.500000000000000000e+01 5.167671473911598241e+02 -8.211166956596003883e-14 5.934411667404013990e-15 -6.559040718669820746e-01 1.249527417764943199e-14 -2.557833690295188700e-01 3.278609460768541761e-01 5.724454273215575907e-16 2.557833690293475626e-01 3.278609460768769912e-01
2.600000000000000000e+01 5.374378332868062671e+02 9.065456983706064888e-14 -1.148580113940225049e-13 -7.717343838597228167e-01 -3.436752315724926155e-14 -3.179416372562000048e-01 3.857793231020552605e-01 2.206891990012963163e-14 3.179416372565197491e-01 3.857793231021808267e-01
2.700000000000000000e+01 5.581085191824527101e+02 -1.034852637517882610e-14 7.811014124608807601e-14 -8.232410692398821617e-01 3.221248254902727012e-14 -3.373519904866072450e-01 4.115367013599073309e-01 -6.051907754263218520e-14 3.373519904864588081e-01 4.115367013598958956e-01
2.800000000000000000e+01 5.787792050780991531e+02 -6.639098390361494995e-14 2.821773669855053217e-13 -8.064826918551215584e-01 3.274392681869389655e-14 -3.119947302167984104e-01 4.031623482391490376e-01 -4.077440354505833254e-14 3.119947302167755954e-01 4.031623482390576663e-01
2.900000000000000000e+01 5.994498909737455961e+02 -1.860044304916765236e-14 1.388162217709651230e-13 -7.229754196809495825e-01 -1.116862900943739267e-14 -2.437251854360401870e-01 3.614140174200036193e-01 2.349471369879520710e-14 2.437251854358917502e-01 3.614140174198666178e-01
3.000000000000000000e+01 6.201205768693920390e+02 -8.480243359983323428e-14 1.570898525508404832e-13 -5.798983989741827161e-01 -3.147838414360602379e-15 -1.383587186551685499e-01 2.898806198688962943e-01 -9.228634119323888900e-16 1.383587186551114567e-01 2.898806198689077296e-01
3.100000000000000000e+01 6.407912627650384820e+02 -6.701452981724435579e-14 1.575782039888203806e-13 -3.903464248548858540e-01 -2.389822140407298922e-14 -5.765663502408127986e-03 1.951085078022747332e-01 1.299209616689600878e-14 5.765663502214021970e-03 1.951085078022861408e-01
3.200000000000000000e+01 6.614619486606849250e+02 -1.011374289828520076e-13 1.606562995690491598e-15 -1.733248294468004158e-01 6.892263459935437916e-15 1.402115390202222089e-01 8.659907864599823701e-02 6.637410032900194171e-15 -1.402115390202678669e-01 8.659907864604390881e-02
3.300000000000000000e+01 6.821326345563313680e+02 9.681331855238709014e-14 -3.162315502396609338e-13 4.720358201544341131e-02 -8.303324394231409541e-14 2.824783814470258614e-01 -2.366729202739818044e-02 3.646473622489049512e-14 -2.824783814469687959e-01 -2.366729202713556759e-02
3.400000000000000000e+01 7.028033204519778110e+02 -1.913298590227175065e-14 -1.962224244029444592e-13 2.447532266369145948e-01 2.553143192852590183e-14 4.023869627228082169e-01 -1.224481017094885965e-01 -1.755766975776967844e-14 -4.023869627225113432e-01 -1.224481017091118146e-01
3.500000000000000000e+01 7.234740063476242540e+02 6.542859348703657559e-14 -6.125079404371634892e-14 3.943054364793165956e-01 -1.079086970664523353e-14 4.824604382649049783e-01 -1.972334548614316785e-01 -6.090332345421703026e-15 -4.824604382646651701e-01 -1.972334548613288996e-01
3.600000000000000000e+01 7.441446922432706970e+02 4.922982170321982671e-14 4.652487220695428871e-14 4.770812447634653064e-01 -1.999979268963747210e-14 5.096365044460388072e-01 -2.386328203161572070e-01 -6.253586043212957735e-15 -5.096365044461529381e-01 -2.386328203161001138e-01
3.700000000000000000e+01 7.648153781389171399e+02 1.424050038201755525e-14 1.251083542210206150e-13 4.847264156587105521e-01 -3.906213077503480002e-14 4.781605285881361245e-01 -2.424680889940394879e-01 9.529361076132550740e-15 -4.781605285880333733e-01 -2.424680889940052375e-01
3.800000000000000000e+01 7.854860640345635829e+02 -1.392038645103704012e-13 -2.665617870224794962e-13 4.212167309754656919e-01 -4.022346649863014802e-14 3.909819441204142598e-01 -2.107266098355692896e-01 6.192704752197435714e-14 -3.909819441201516366e-01 -2.107266098354665385e-01
3.900000000000000000e+01 8.061567499302100259e+02 -3.678844385269838193e-15 -2.907895849987156927e-14 3.017669501056468584e-01 4.980106371791679902e-14 2.591581086613155560e-01 -1.510157542081817794e-01 -1.000230324340958898e-13 -2.591581086615096785e-01 -1.510157542081475290e-01
4.000000000000000000e+01 8.268274358258564689e+02 -3.595215706272413290e-14 8.355109976737940763e-14 1.491531038772293816e-01 2.396591536406846925e-14 9.946033918451702149e-02 -7.472379578832286096e-02 -2.918958813023411165e-14 -9.946033918453985045e-02 -7.472379578837995417e-02
4.100000000000000000e+01 8.474981217215029119e+02 3.153388602028689614e-14 3.500674699040933005e-13 -1.107200676366628528e-02 3.032817384182330607e-14 -6.888354946905303478e-02 5.372847319558456992e-03 -5.545141615481581792e-14 6.888354946876758256e-02 5.372847319558456992e-03
4.200000000000000000e+01 8.681688076171493549e+02 -8.848893107468949585e-14 3.090872149382472378e-13 -1.548991868944432915e-01 -1.592507898289966396e-14 -2.272615503935023207e-01 7.727019730324143076e-02 -6.891236669264828321e-15 2.272615503931141034e-01 7.727019730313866575e-02
4.300000000000000000e+01 8.888394935127957979e+02 8.221568918450756262e-14 2.493844473643278557e-13 -2.627406841227435397e-01 -1.249338348767395256e-14 -3.598556560174049346e-01 1.311755785902974647e-01 5.033934691513601696e-15 3.598556560173934993e-01 1.311755785901832783e-01
4.400000000000000000e+01 9.095101794084422409e+02 9.430336728187928040e-14 5.701837443219177850e-13 -3.207314955719859362e-01 1.573266942635317514e-14 -4.547661282103889202e-01 1.601578117010623303e-01 -1.080058955336402311e-14 4.547661282102404834e-01 1.601578117008225499e-01
4.500000000000000000e+01 9.301808653040886838e+02 2.014331170285587214e-14 2.131237398145359111e-13 -3.209078266678520031e-01 3.529936976385481454e-14 -5.043396874428786036e-01 1.602359448326952651e-01 -8.164783235686688752e-14 5.043396874429585397e-01 1.602359448327295155e-01
4.600000000000000000e+01 9.508515511997351268e+02 -1.350242582323373005e-13 1.934798995268453613e-13 -2.609255840099839463e-01 2.059065008909909422e-14 -5.051410118834289698e-01 1.302382040667080521e-01 9.248138672367506351e-16 5.051410118832349028e-01 1.302382040665025220e-01
4.700000000000000000e+01 9.715222370953815698e+02 -6.248316123855863872e-14 -5.870985348593014296e-14 -1.437656383379976588e-01 4.294473040606129945e-15 -4.578752739747130596e-01 7.165449700764149610e-02 8.208590139787725723e-15 4.578752739745531875e-01 7.165449700766432506e-02
4.800000000000000000e+01 9.921929229910280128e+02 4.210234913121373197e-14 -1.607910492415358010e-13 2.222627308472179680e-02 -4.799712545514240973e-14 -3.675266300111936224e-01 -1.134361886279050026e-02 -2.038103951647064542e-14 3.675266300111821871e-01 -1.134361886261922928e-02
4.900000000000000000e+01 1.012863608886674456e+03 1.346919469737544474e-13 1.066551704500837962e-14 2.231938399812538887e-01 -8.981893418232157852e-15 -2.435364984315037118e-01 -1.118297249901689938e-01 -9.795815669129472153e-16 2.435364984315608050e-01 -1.118297249898492912e-01
5.000000000000000000e+01 1.033534294782320785e+03 2.719787702492566391e-14 -4.197435892563380318e-13 4.398322690034099924e-01 -6.961401205007599704e-14 -9.978428735254375737e-02 -2.201527675096262293e-01 7.654674581161793795e-14 9.978428735265794380e-02 -2.201527675093179481e-01
5.100000000000000000e+01 1.054204980677967114e+03 -8.184138283105940247e-15 1.796579831500077498e-13 6.483054567740589302e-01 3.669216822750843837e-14 4.614340108657325606e-02 -3.243947820184618913e-01 -1.781130927085184162e-14 -4.614340108645907657e-02 -3.243947820181992681e-01
5.200000000000000000e+01 1.074875666573613444e+03 2.970627218780053374e-14 -1.019328081392852827e-13 8.224763148831130133e-01 -9.264836655305854685e-15 1.747139269090748348e-01 -4.114858811339925926e-01 1.914421063906914434e-14 -1.747139269086866176e-01 -4.114858811337984701e-01
5.300000000000000000e+01 1.095546352469259773e+03 4.428489575594411011e-14 -9.383527344337939153e-14 9.376648650370249527e-01 2.776942071888242528e-14 2.674281392611767005e-01 -4.690839867117269080e-01 -4.025517500478800192e-14 -2.674281392608570118e-01 -4.690839867111902817e-01
5.400000000000000000e+01 1.116217038364906102e+03 -5.687243665423048734e-14 -6.641643238959719452e-15 9.752183731431443015e-01 -3.402934662030260277e-14 3.103921797301726349e-01 -4.878608615429669282e-01 3.516620929487304238e-14 -3.103921797301497643e-01 -4.878608615427956763e-01
5.500000000000000000e+01 1.136887724260552432e+03 -1.610841244138813106e-15 -8.376911384215187157e-15 9.266003836535855465e-01 -2.132938703128128111e-14 2.974611081393652712e-01 -4.635473017984752531e-01 -5.528024466148611679e-15 -2.974611081395251433e-01 -4.635473017982925659e-01
5.600000000000000000e+01 1.157558410156198761e+03 6.711655264894753598e-14 3.061802833344308985e-13 7.953965269126128668e-01 -4.215263197081204398e-15 2.316893774811156492e-01 -3.979363428520286128e-01 -3.861625911263471519e-15 -2.316893774814581808e-01 -3.979363428522684210e-01
5.700000000000000000e+01 1.178229096051845090e+03 1.461446233342877257e-13 3.464138131819689801e-13 5.965701112507048043e-01 -1.185584701869499737e-15 1.246237394662248477e-01 -2.985110257133021250e-01 1.859956844818016623e-16 -1.246237394664760495e-01 -2.985110257135761835e-01
5.800000000000000000e+01 1.198899781947491419e+03 6.928976490670712452e-14 6.308731263230555517e-14 3.530853919304571265e-01 3.633370739586840389e-14 -6.448812159968178408e-03 -1.767554676574966954e-01 -5.316637610242844503e-15 6.448812159842580091e-03 -1.767554676573026007e-01
5.900000000000000000e+01 1.219570467843137749e+03 1.513773942336133789e-13 4.196061435365497504e-13 9.139857669015886976e-02 -3.157529124500337725e-14 -1.420613556387492482e-01 -4.589921702896427452e-02 -1.018685011721631757e-14 1.420613556383496234e-01 -4.589921702930681302e-02
6.000000000000000000e+01 1.240241153738784078e+03 2.971606045516538493e-14 3.494756624943046631e-13 -1.627662934971200737e-01 2.263697708828312097e-15 -2.638354615738473519e-01 8.119580113174440505e-02 6.309076752504526238e-15 2.638354615735276631e-01 8.119580113159598211e-02
6.100000000000000000e+01 1.260911839634430407e+03 -5.864080122847323153e-14 1.531132346285088605e-13 -3.873521192869372465e-01 -1.307448191116987111e-15 -3.566865424225454939e-01 1.935025173973518586e-01 3.448340512960235027e-14 3.566865424223056857e-01 1.935025173970093271e-01
6.200000000000000000e+01 1.281582525530076737e+03 1.332904298231595149e-13 3.269290672209863433e-13 -5.654259134222314742e-01 -9.775669750957570441e-15 -4.098490198412733099e-01 2.825561142571329509e-01 2.188104057517893906e-14 4.098490198409307506e-01 2.825561142570872653e-01
6.300000000000000000e+01 1.302253211425723066e+03 -1.497662185427795842e-14 3.260477668549482336e-13 -6.855490764207946564e-01 2.657316137031499948e-14 -4.170476016486064363e-01 3.426380992326275021e-01 -1.540421441564417937e-14 4.170476016485151205e-01 3.426380992324562502e-01
6.400000000000000000e+01 1.322923897321369395e+03 1.029245239147651865e-14 -1.531936807636907094e-13 -7.416603459765619411e-01 -2.482814805337769779e-14 -3.762839571825075113e-01 3.707175438189985184e-01 4.145497783271493519e-14 3.762839571825188911e-01 3.707175438190098982e-01
6.500000000000000000e+01 1.343594583217015725e+03 -2.922098385499777095e-15 -2.641841507112305310e-14 -7.329966650172082820e-01 5.796345782090094125e-14 -2.896317184243515919e-01 3.664118356533223597e-01 -3.690309749428033572e-14 2.896317184240661535e-01 3.664118356532081733e-01
6.600000000000000000e+01 1.364265269112662054e+03 9.188227457064422284e-14 -1.832060318602329987e-13 -6.642214056752369089e-01 -1.522134931622556922e-14 -1.631495200690649128e-01 3.320511556330980052e-01 -1.060756821070067971e-14 1.631495200690763203e-01 3.320511556331436909e-01
6.700000000000000000e+01 1.384935955008308383e+03 1.957632687827529339e-14 -2.302764514476660109e-13 -5.458619221310578862e-01 -6.921667630186043330e-15 -6.980610501855062655e-03 2.728975033120167315e-01 1.817892660326335937e-15 6.980610502437379836e-03 2.728975033123478555e-01
6.800000000000000000e+01 1.405606640903954712e+03 -1.632945533856327460e-14 -9.430317658932277589e-14 -3.944149416957393739e-01 4.323833386589654984e-15 1.648147791066169043e-01 1.971976328594958749e-01 2.614004090188352067e-14 -1.648147791066054968e-01 1.971976328598954997e-01
6.900000000000000000e+01 1.426277326799601042e+03 -1.179330610864625442e-13 -6.330616921338162084e-13 -2.317222330990367507e-01 -4.511243510116445015e-14 3.349245470497716481e-01 1.158711776343404193e-01 3.610950575214031147e-14 -3.349245470492349663e-01 1.158711776350254963e-01
7.000000000000000000e+01 1.446948012695247371e+03 8.708920225384557187e-14 -2.125565973760501758e-13 -8.290254896893956005e-02 9.357621147707899737e-15 4.843677476046541752e-01 4.147683394079092201e-02 -1.035208338350934098e-14 -4.843677476043915520e-01 4.147683394117913924e-02
7.100000000000000000e+01 1.467618698590893700e+03 2.845097134191080400e-14 -3.685266517246831192e-13 2.732379365766993487e-02 -8.737339052142728239e-14 5.950317189947730290e-01 -1.362538191263352322e-02 1.004283158813639354e-13 -5.950317189946017216e-01 -1.362538191216538554e-02
7.200000000000000000e+01 1.488289384486540030e+03 -6.309878012859219976e-14 -2.276072236363428689e-13 7.940099405776722408e-02 -1.030490630460167037e-13 6.527852709910735296e-01 -3.965743863788360329e-02 1.057768182803747311e-13 -6.527852709910849649e-01 -3.965743863763240840e-02
7.300000000000000000e+01 1.508960070382186359e+03 -9.337925582312142505e-15 -2.019219430366564066e-13 6.335383382284499876e-02 -1.462552549422602811e-14 6.502720448010864684e-01 -3.163163053290751758e-02 -1.386369493563646576e-15 -6.502720448012349053e-01 -3.163163053240512779e-02
7.400000000000000000e+01 1.529630756277832688e+03 2.936043255808333783e-14 1.997053500666478977e-13 -1.867703055412180124e-02 -8.498582905614778638e-14 5.884691362931677716e-01 9.381601818354450006e-03 8.392723801355151388e-14 -5.884691362932819025e-01 9.381601818251686722e-03
7.500000000000000000e+01 1.550301442173479018e+03 -5.831485759169900204e-14 8.601928541812564280e-14 -1.528399807336551508e-01 -1.077610225098899226e-15 4.764155707224083658e-01 7.645615154531083812e-02 5.131446947084350952e-14 -4.764155707226595537e-01 7.645615154533368096e-02
7.600000000000000000e+01 1.570972128069125347e+03 1.556450270826235404e-13 2.237665227076780782e-13 -3.168387037992309030e-01 -5.600293909037980239e-14 3.291705368461577685e-01 1.584435765341432878e-01 6.649419433652391426e-14 -3.291705368465916437e-01 1.584435765340747870e-01
7.700000000000000000e+01 1.591642813964771676e+03 5.061206127778364760e-14 2.121087810039343111e-13 -4.846379033088156207e-01 9.401210837398502771e-14 1.648521030926675957e-01 2.423262204061824299e-01 -9.887246981990149919e-14 -1.648521030931014708e-01 2.423262204058513059e-01
7.800000000000000000e+01 1.612313499860418005e+03 8.155165272789139461e-14 3.080445343144879924e-13 -6.310285856923126824e-01 -3.751293607581958392e-14 1.696210834996013600e-03 3.155000239793042671e-01 5.211882142368733512e-14 -1.696210835315717499e-03 3.155000239792471461e-01
7.900000000000000000e+01 1.632984185756064335e+03 -1.317003334345242701e-13 1.924276091222749943e-13 -7.349507562305600539e-01 -8.175583998324829379e-14 -1.441785124580195754e-01 3.674358565353350037e-01 6.543941855052258775e-14 1.441785124576770438e-01 3.674358565351523165e-01
8.000000000000000000e+01 1.653654871651710664e+03 -1.175528626827880084e-13 -2.120292515155451911e-14 -7.811621647331442597e-01 1.580829751801797571e-14 -2.600237196471629209e-01 3.905137738254865765e-01 1.263828745789344100e-14 2.600237196471515411e-01 3.905137738254751967e-01
8.100000000000000000e+01 1.674325557547356993e+03 -9.915825739190998076e-14 -3.386326729278521288e-14 -7.606583645520478276e-01 5.555745950542717234e-14 -3.369335461842357660e-01 3.802329700129928325e-01 -4.087216994447522457e-14 3.369335461843728230e-01 3.802329700128215251e-01
8.200000000000000000e+01 1.694996243443003323e+03 3.970957629820726560e-14 -1.603681876018773758e-13 -6.704607889872611359e-01 2.666624284737741090e-14 -3.699016928696370887e-01 3.351057492247361824e-01 -1.113609882359358867e-14 3.699016928697284046e-01 3.351057492246562464e-01
8.300000000000000000e+01 1.715666929338649652e+03 -1.211441634161180092e-13 -1.289843368646919443e-13 -5.132881320275979320e-01 -4.320640817412249347e-14 -3.577915575332714093e-01 2.564929569504139639e-01 8.857585436403261417e-14 3.577915575337281551e-01 2.564929569506651519e-01
8.400000000000000000e+01 1.736337615234295981e+03 4.201895411070420134e-14 -2.477756977140799372e-13 -2.974762829896395178e-01 2.970360999828831215e-15 -3.034770879288227197e-01 1.485633956491841656e-01 -5.796311240431963946e-15 3.034770879294620971e-01 1.485633956491955732e-01
8.500000000000000000e+01 1.757008301129942311e+03 2.017887174314010200e-14 -5.136691354685614227e-13 -3.702943771494373454e-02 -7.009295115303532985e-15 -2.140956584407487651e-01 1.831892341277868361e-02 -1.791061328578296531e-14 2.140956584411483898e-01 1.831892341297278876e-02
8.600000000000000000e+01 1.777678987025588640e+03 -6.956437936355577265e-15 -5.545425384004479218e-13 2.484859889376052067e-01 -5.912533231047812449e-15 -1.012164006956188661e-01 -1.244581846733628927e-01 -1.617752521039381443e-14 1.012164006962240209e-01 -1.244581846729518465e-01
8.700000000000000000e+01 1.798349672921234969e+03 -1.268948883500558400e-14 -2.498615722205504663e-13 5.347659503050227192e-01 -2.948372018709360149e-14 1.950616202060388021e-02 -2.676161804016344847e-01 -1.111132512743831219e-14 -1.950616202074089561e-02 -2.676161804014175472e-01
8.800000000000000000e+01 1.819020358816881298e+03 4.512999170419728039e-14 -2.121512678432820235e-14 7.948322423112377244e-01 -3.795254700284177431e-14 1.296471083080857623e-01 -3.976646375773422171e-01 -1.046944034668434969e-14 -1.296471083079258901e-01 -3.976646375768740915e-01
8.900000000000000000e+01 1.839691044712527628e+03 -6.946686535436036625e-14 3.158283431032989424e-14 1.002504743061193526e+00 -5.817787943150598864e-14 2.105257262341410085e-01 -5.015112626073817692e-01 1.454409972828837167e-15 -2.105257262343008529e-01 -5.015112626067651513e-01
9.000000000000000000e+01 1.860361730608173957e+03 -8.907521859459733161e-14 1.524688599044781925e-13 1.136783484852919246e+00 -9.775613178296888476e-14 2.466346009127630412e-01 -5.686544989945726547e-01 1.629406272764991538e-14 -2.466346009131969164e-01 -5.686544989943442818e-01
9.100000000000000000e+01 1.881032416503820286e+03 8.429531448479996209e-14 9.826288424333891432e-14 1.185936781313064348e+00 -6.363758347459282582e-14 2.290820091327841757e-01 -5.932285173990553551e-01 4.445219298639840710e-15 -2.290820091330810493e-01 -5.932285173988955940e-01
9.200000000000000000e+01 1.901703102399466616e+03 1.316926434183057783e-13 -1.695687887862793429e-13 1.149841467969784370e+00 2.661858533933718029e-14 1.578349494312608903e-01 -5.751732714905170019e-01 -6.860256457060289464e-14 -1.578349494317176083e-01 -5.751732714903914356e-01
9.300000000000000000e+01 1.922373788295112945e+03 8.657734545707503334e-14 -7.048449375413206618e-14 1.039626827161263423e+00 -3.618280325868243226e-14 4.183815515706527238e-02 -5.200559478530073498e-01 -1.012211031970096083e-14 -4.183815515779602118e-02 -5.200559478531329161e-01
9.400000000000000000e+01 1.943044474190759274e+03 1.126476974291377793e-13 6.857245547348661968e-14 8.747844992545327214e-01 -3.904979297404866855e-15 -1.030353474675104741e-01 -4.376253295425560075e-01 5.661541939077198143e-15 1.030353474670309133e-01 -4.376253295428415013e-01
9.500000000000000000e+01 1.963715160086405604e+03 1.329753808722335101e-13 6.121433265354189293e-13 6.789536458066314228e-01 -5.638972842793963418e-14 -2.573341954065307413e-01 -3.397036696935675781e-01 2.058213796608924807e-14 2.573341954059369940e-01 -3.397036696937388300e-01
9.600000000000000000e+01 1.984385845982051933e+03 7.469550433493181303e-14 7.664928364007387830e-13 4.757394705442093974e-01 2.961010300680134409e-14 -4.015645362881486435e-01 -2.380951244364086783e-01 -5.690192983091534734e-14 4.015645362876462121e-01 -2.380951244369795827e-01
9.700000000000000000e+01 2.005056531877698262e+03 -6.001456466486485458e-15 -2.455899834494177492e-12 2.857180676318712975e-01 2.239088808219837313e-14 -5.188631423584189051e-01 -1.430875797851391962e-01 -4.747398994499161180e-14 5.188631423581790969e-01 -1.430875797857900367e-01
9.800000000000000000e+01 2.025727217773344591e+03 4.379031680677673343e-14 -5.207905556781840611e-12 1.249085383973111141e-01 1.720597818789242548e-14 -5.964514657618732452e-01 -6.268875064103905659e-02 1.968367055693196505e-14 5.964514657616221127e-01 -6.268875064151861742e-02
9.900000000000000000e+01 2.046397903668990921e+03 1.998166845701698478e-13 3.133277523777086483e-14 4.304813638792853898e-03 8.433093998236209255e-14 -6.261782012759958826e-01 -2.392721738930588590e-03 -1.199060222185696661e-13 6.261782012756990090e-01 -2.392721739387308321e-03
1.000000000000000000e+02 2.067068589564637477e+03 3.950329905334559042e-14 3.382969211735016890e-13 -6.998481898351807673e-02 5.968749648300175332e-14 -6.044337478755885673e-01 3.474951225775483460e-02 -3.166951060803731766e-14 6.044337478756685034e-01 3.474951225740088162e-02
1.010000000000000000e+02 2.087739275460283807e+03 5.796036793145305806e-14 2.770080589872815936e-13 -9.659001326855531921e-02 6.176607218382805350e-14 -5.319725109349140446e-01 4.805558653205483505e-02 -7.846671446212195436e-14 5.319725109345601055e-01 4.805558653142684433e-02
1.020000000000000000e+02 2.108409961355930136e+03 1.107868401008006731e-13 9.857782338293707932e-14 -7.890809785532013065e-02 3.738735119379255704e-14 -4.137710446418844668e-01 3.922618887867702908e-02 -3.151365959371142201e-14 4.137710446415989729e-01 3.922618887838016238e-02
1.030000000000000000e+02 2.129080647251576465e+03 8.727357904030313975e-14 -4.296044238910917878e-15 -2.544751703435223916e-02 8.766813001044757535e-15 -2.590646506853960807e-01 1.251645323857360215e-02 -1.019132723639794237e-14 2.590646506854532016e-01 1.251645323843658675e-02
1.040000000000000000e+02 2.149751333147222795e+03 7.485859794367959357e-14 -1.302142387172151334e-13 5.004172451958892320e-02 1.799904770085939778e-14 -8.113284036905060725e-02 -2.519895223753246608e-02 -1.985200888603357731e-14 8.113284036908485763e-02 -2.519895223764664557e-02
1.050000000000000000e+02 2.170422019042869124e+03 7.193748241504817766e-14 -1.172028133983123678e-13 1.290178237263222838e-01 -5.548107885417838841e-14 1.033761872305669766e-01 -6.465061871249387637e-02 -2.347691119518725713e-15 -1.033761872305213048e-01 -6.465061871241395419e-02
1.060000000000000000e+02 2.191092704938515453e+03 -7.694523187037400036e-14 -1.685054566763486315e-13 1.898328251284167045e-01 -9.192502680485690154e-14 2.759869140452834158e-01 -9.501702313445772874e-02 6.040095453148227934e-14 -2.759869140452606007e-01 -9.501702313402383970e-02
1.070000000000000000e+02 2.211763390834161783e+03 1.665773135930822700e-13 -9.355885431337705096e-14 2.108865548404710022e-01 -4.584746485740490679e-14 4.188350002437863928e-01 -1.055012349277772293e-01 2.363457533761068154e-14 -4.188350002435922703e-01 -1.055012349274803557e-01
1.080000000000000000e+02 2.232434076729808112e+03 -3.976686468574721163e-14 -3.096660158133720369e-14 1.748566756818356605e-01 -1.076237611960763426e-14 5.176069165927039695e-01 -8.744549302873542984e-02 -3.710955486588569161e-14 -5.176069165924755966e-01 -8.744549302838146299e-02
1.090000000000000000e+02 2.253104762625454441e+03 2.343691129673410935e-14 -4.805427918040446210e-14 7.287383503092965953e-02 -1.505285869758873610e-13 5.641721334781442110e-01 -3.641812333428855880e-02 1.103086042587574062e-13 -5.641721334784410846e-01 -3.641812333374049721e-02
1.100000000000000000e+02 2.273775448521100770e+03 -1.274841346584683289e-14 -2.359943157908771696e-14 -9.286313965431648720e-02 -3.808537292234533880e-14 5.579963429087858584e-01 4.647945443248486380e-02 4.772253295811907387e-14 -5.579963429089114246e-01 4.647945443293016732e-02
1.110000000000000000e+02 2.294446134416747100e+03 5.201774474506730265e-14 -7.675600387054380377e-14 -3.090623987578520748e-01 -7.449063637015016491e-14 5.058497379986418574e-01 1.546005430188597540e-01 7.297857868852890431e-14 -5.058497379986989229e-01 1.546005430191794427e-01
1.120000000000000000e+02 2.315116820312393429e+03 3.166657539165585253e-15 -7.031640561890450320e-14 -5.539651459313686965e-01 -4.167177302119965563e-14 4.199476921026670806e-01 2.770660712870724462e-01 6.481935581367685797e-14 -4.199476921025871445e-01 2.770660712873236342e-01
1.130000000000000000e+02 2.335787506208039758e+03 -2.070991644090096827e-13 -1.095286996034152206e-13 -8.015567888661645490e-01 3.251564066155674899e-15 3.152785936918331977e-01 4.008698304424996861e-01 5.474868254807963405e-14 -3.152785936916505105e-01 4.008698304424426206e-01
1.140000000000000000e+02 2.356458192103686088e+03 1.144030350682089905e-13 -4.842843975506124336e-13 -1.025909110373286692e+00 -5.752187377295661216e-14 2.069916858256656000e-01 5.130491416955114126e-01 1.225707649989486406e-13 -2.069916858254600700e-01 5.130491416956027839e-01
1.150000000000000000e+02 2.377128877999332417e+03 -2.262187714102046867e-13 -4.521096280717144189e-13 -1.204506527746492806e+00 2.232256938608569061e-14 1.084647030732523720e-01 6.023475569923530948e-01 1.202738452238293330e-13 -1.084647030729326694e-01 6.023475569922960293e-01
1.160000000000000000e+02 2.397799563894978746e+03 -9.685378827401903795e-14 -5.096053144346905402e-13 -1.320166001206894535e+00 -1.614059618860256083e-14 3.020897902055341352e-02 6.601744764367759588e-01 8.970152826269448213e-14 -3.020897902011952796e-02 6.601744764368557838e-01
1.170000000000000000e+02 2.418470249790625076e+03 -2.412852634520230170e-14 -2.622340430895729165e-13 -1.361666021745161270e+00 8.663251003016206050e-14 -2.047746417668909816e-02 6.809194905146690457e-01 5.451916104622050627e-14 2.047746417712298372e-02 6.809194905144521082e-01
1.180000000000000000e+02 2.439140935686271405e+03 -8.219989722981497792e-14 -7.325234237596308079e-13 -1.323853834851313582e+00 3.953607425094082663e-14 -3.958836637056909608e-02 6.620060058694731131e-01 7.129997450969980647e-14 3.958836637132268077e-02 6.620060058693589822e-01
1.190000000000000000e+02 2.459811621581917734e+03 6.235054984754895341e-14 -6.710470908844201676e-13 -1.207411986634445489e+00 5.808572586371596838e-14 -2.630381119911507151e-02 6.037746051062831132e-01 3.398623433236143625e-14 2.630381119969738696e-02 6.037746051061688712e-01
1.200000000000000000e+02 2.480482307477564063e+03 1.977764218010826687e-13 -6.566190012758995502e-13 -1.018941083398726022e+00 -1.760752382918955789e-13 1.690737739128864506e-02 5.095245327534350110e-01 1.797778712499859851e-13 -1.690737739068349024e-02 5.095245327531837676e-01
1.210000000000000000e+02 2.501152993373210393e+03 4.946893957003009941e-14 -6.512699349745931288e-13 -7.710397417661792874e-01 1.410145219729692236e-14 8.414407364554958579e-02 3.855538122689104452e-01 2.723171742183784825e-14 -8.414407364516138244e-02 3.855538122690931324e-01
1.220000000000000000e+02 2.521823679268856722e+03 -1.200039352135154637e-13 -1.518882835058372867e-13 -4.822496502554119435e-01 -4.179924566106522348e-14 1.659552615061328507e-01 2.411319785083929634e-01 1.068795534201943150e-13 -1.659552615055505387e-01 2.411319785087583378e-01
1.230000000000000000e+02 2.542494365164503051e+03 -4.545502488217025959e-14 -4.204683181616606338e-13 -1.762572907777979758e-01 -2.414181871193603597e-14 2.496138056563261820e-01 8.810125692212017467e-02 8.648146117878611967e-14 -2.496138056559722429e-01 8.810125692238278405e-02
1.240000000000000000e+02 2.563165051060149381e+03 -5.960586718274936375e-14 -3.224694321395742979e-13 1.201394052510687677e-01 -5.512220298745548703e-14 3.201316193169866375e-01 -6.013943100625361582e-02 9.400758465485851797e-14 -3.201316193168382007e-01 -6.013943100563704652e-02
1.250000000000000000e+02 2.583835736955795710e+03 1.055327058895245848e-13 -1.148801486205199922e-13 3.804685581343686951e-01 -6.457871401593793649e-14 3.622297365445517614e-01 -1.903520313281460707e-01 1.099637532811024571e-14 -3.622297365445175110e-01 -1.903520313275637588e-01
1.260000000000000000e+02 2.604506422851442039e+03 1.525522306315697967e-13 -3.872601460779839876e-15 5.829325891535031001e-01 -1.127297664995393596e-13 3.630950056303751672e-01 -2.916326122734279602e-01 6.623059852152690508e-14 -3.630950056304322882e-01 -2.916326122726972114e-01
1.270000000000000000e+02 2.625177108747088369e+03 -7.575429122632116094e-14 -7.024878300431458187e-15 7.144860113166291438e-01 -1.268997823617970525e-13 3.152678325700766782e-01 -3.574511982035333268e-01 3.321282006707547486e-14 -3.152678325704877382e-01 -3.574511982031108870e-01
1.280000000000000000e+02 2.645847794642734698e+03 1.404904912400171871e-13 2.807184357488926676e-13 7.732039286103992159e-01 -1.279422062143668065e-13 2.186863728219362868e-01 -3.868387979959143630e-01 -1.300240498304337875e-14 -2.186863728221874748e-01 -3.868387979957544909e-01
1.290000000000000000e+02 2.666518480538381027e+03 7.833029833420352492e-14 3.506517963131695803e-13 7.680226281465606375e-01 -3.619879115115245444e-14 8.108289631860041147e-02 -3.842603662523968455e-01 7.094641855597953518e-15 -8.108289631910280126e-02 -3.842603662523511598e-01
1.300000000000000000e+02 2.687189166434027356e+03 -1.267376367592543569e-13 2.599267056957304257e-13 7.159830221588214805e-01 -1.143422129372983101e-14 -8.346092266616375599e-02 -3.582373361177940141e-01 -2.254417309637913859e-14 8.346092266593539699e-02 -3.582373361179310711e-01
1.310000000000000000e+02 2.707859852329673686e+03 6.620059366734042813e-14 -3.377010655136179133e-13 6.380953025046020022e-01 1.577733718795034710e-15 -2.572426199855469275e-01 -3.192788675934105647e-01 -6.316285582667773850e-14 2.572426199853642403e-01 -3.192788675935932519e-01
1.320000000000000000e+02 2.728530538225320015e+03 3.242952165334917814e-14 4.401376761446374779e-12 5.552687528208479772e-01 6.645228308671414915e-14 -4.219863364234424097e-01 -2.778448541605753053e-01 -9.987078046724314062e-14 4.219863364232825931e-01 -2.778448541609978006e-01
1.330000000000000000e+02 2.749201224120966344e+03 -6.996203093012807122e-14 2.105684165055701275e-12 4.853537279042368091e-01 9.162343833920676053e-14 -5.613511499611416600e-01 -2.428652897975777103e-01 -1.711387986191092391e-13 5.613511499613700328e-01 -2.428652897979659275e-01
1.340000000000000000e+02 2.769871910016612674e+03 1.797233707932520985e-13 5.291538825501731102e-12 4.416074485586077847e-01 1.656543339089196049e-13 -6.625001283574699640e-01 -2.209723865454381042e-01 -2.107042543267839057e-13 6.625001283574928346e-01 -2.209723865458948222e-01
1.350000000000000000e+02 2.790542595912259003e+03 6.309713185963769461e-15 4.964091212401281162e-12 4.322928632452832098e-01 1.144239997247458495e-13 -7.167984582380804159e-01 -2.163000192885144446e-01 -2.013765290541859431e-13 7.167984582380347858e-01 -2.163000192892908791e-01
1.360000000000000000e+02 2.811213281807905332e+03 5.627117412980566854e-15 -4.977478178184310799e-13 4.608240721345832625e-01 7.890527726881254487e-14 -7.200118973369510345e-01 -2.305568281360709515e-01 -1.721543697651391063e-13 7.200118973366085307e-01 -2.305568281367674499e-01
1.370000000000000000e+02 2.831883967703551662e+03 -3.248781675869401003e-14 6.297851972348491325e-12 5.260416889858361422e-01 1.623181405535450762e-13 -6.722685843297574459e-01 -2.631642588584944820e-01 -1.575504933570353922e-13 6.722685843300314490e-01 -2.631642588590653586e-01
1.380000000000000000e+02 2.852554653599197991e+03 1.512868049526978231e-13 -2.488327909676299594e-12 6.221811056400843309e-01 9.970772060644167297e-14 -5.781586306893605753e-01 -3.112407852807812514e-01 -1.567057603088706763e-13 5.781586306894063165e-01 -3.112407852809867537e-01
1.390000000000000000e+02 2.873225339494844320e+03 6.670018695199935712e-15 -1.945801939976698617e-13 7.386988194438262045e-01 3.390232054616785861e-14 -4.467947336621608256e-01 -3.695147756499455038e-01 -1.417969319897457257e-13 4.467947336617954512e-01 -3.695147756501281910e-01
1.400000000000000000e+02 2.893896025390490649e+03 2.008564806189700456e-13 4.540554040181297860e-12 8.602043607369794787e-01 8.972958422242883859e-15 -2.916225186474095121e-01 -4.302898135645306099e-01 -1.170425619343275490e-13 2.916225186470212671e-01 -4.302898135646219813e-01
1.410000000000000000e+02 2.914566711286136979e+03 1.753174895456441533e-13 2.609553224557944428e-13 9.669663069934915089e-01 -3.195306764024386727e-14 -1.296530190799021764e-01 -4.836970392015654263e-01 -6.459077404674496135e-14 1.296530190794454585e-01 -4.836970392015654263e-01
1.420000000000000000e+02 2.935237397181783308e+03 3.478208785084257579e-13 1.090075990626937638e-12 1.036673568200800144e+00 -1.101683722196573869e-13 2.037331186203591646e-02 -5.185756121445741496e-01 -5.906527594802500896e-14 -2.037331186256114215e-02 -5.185756121445741496e-01
1.430000000000000000e+02 2.955908083077429637e+03 2.126591776017747944e-13 7.813765869025393158e-13 1.047575358014191327e+00 -1.614901622456342315e-13 1.407910280307571038e-01 -5.240433744670006666e-01 -2.385823462358368259e-14 -1.407910280316705398e-01 -5.240433744668979710e-01
1.440000000000000000e+02 2.976578768973075967e+03 7.201413845146151178e-14 8.789674006471706354e-13 9.826902193757834914e-01 -1.285362653154088399e-13 2.183365800150224301e-01 -4.916029824925793879e-01 2.672499327367287704e-14 -2.183365800159358661e-01 -4.916029824923624503e-01
1.450000000000000000e+02 2.997249454868722296e+03 2.215494865023081828e-13 9.633347933287086305e-13 8.339357178665344206e-01 -1.368022518357632047e-13 2.469658649460298172e-01 -4.172091266688406352e-01 -8.458372504656943093e-15 -2.469658649468747524e-01 -4.172091266687606992e-01
1.460000000000000000e+02 3.017920140764368625e+03 2.246614456862166820e-13 3.793841819027456045e-13 6.047152767069010615e-01 -6.364132170694133797e-14 2.291041804489800382e-01 -3.025642607145131446e-01 1.600462269712392874e-14 -2.291041804497792878e-01 -3.025642607143647633e-01
1.470000000000000000e+02 3.038590826660014955e+03 8.566257915340040925e-14 3.819684203196034176e-13 3.098986600103806888e-01 8.769215737025829626e-15 1.748025819155978877e-01 -1.551091664633097167e-01 -1.508478458918461967e-14 -1.748025819163400718e-01 -1.551091664634581535e-01
1.480000000000000000e+02 3.059261512555661284e+03 -9.007992494895045105e-14 3.697030818881215683e-13 -2.682371176584400635e-02 -7.040126889761893106e-14 9.915400023046044842e-02 1.330302712029117138e-02 1.614302825600217846e-13 -9.915400023058604240e-02 1.330302711990296108e-02
1.490000000000000000e+02 3.079932198451307613e+03 -1.253726148953092872e-13 -1.110979981348042074e-13 -3.771960212539097745e-01 1.264709183636808423e-14 1.897439212987462112e-02 1.885385667926532949e-01 2.473193932380326589e-14 -1.897439212968051597e-02 1.885385667925162934e-01
1.500000000000000000e+02 3.100602884346953942e+03 3.804517938577307302e-14 -1.126207537722746952e-13 -7.127967497517199158e-01 4.434233057151321068e-14 -5.014907104825042095e-02 3.563837271503263460e-01 3.893528162085108308e-14 5.014907104862721676e-02 3.563837271500066572e-01
1.510000000000000000e+02 3.121273570242600272e+03 -2.468096514999234497e-13 -1.962676024586220166e-13 -1.008442538331033367e+00 6.102966270052600662e-14 -9.579263417186871521e-02 5.042450946189019900e-01 1.127200636292663857e-13 9.579263417217699639e-02 5.042450946185023097e-01
1.520000000000000000e+02 3.141944256138246601e+03 -2.026161621047147555e-13 -6.474709419891227176e-13 -1.244157583007998946e+00 9.652679389343927073e-14 -1.095299929174630704e-01 6.221336921604261327e-01 8.313556921278202274e-14 1.095299929182052268e-01 6.221336921600036929e-01
1.530000000000000000e+02 3.162614942033892930e+03 -2.439188060554073787e-13 -8.565409958747409051e-13 -1.405927901850175354e+00 1.816371639338152033e-13 -8.698492647751579487e-02 7.030426251887338385e-01 2.289798314312058150e-14 8.698492647831505831e-02 7.030426251886310318e-01
1.540000000000000000e+02 3.183285627929539260e+03 -2.364361099779708700e-13 -9.584141702711739745e-13 -1.485784992964282569e+00 1.568343487018373284e-13 -2.753957847800049888e-02 7.429888741373283922e-01 1.072007126491467329e-13 2.753957847903953579e-02 7.429888741373169569e-01
1.550000000000000000e+02 3.203956313825185589e+03 -1.620665246115537310e-13 -1.162646934445924524e-12 -1.481757766947941146e+00 7.063596919299176842e-14 6.595322261175022571e-02 7.409885622406017225e-01 8.520145586568831090e-14 -6.595322261073402470e-02 7.409885622406702232e-01
1.560000000000000000e+02 3.224626999720831918e+03 -2.017200149920815544e-13 -1.161485815003810826e-12 -1.397989685801914295e+00 1.823384800343240305e-14 1.873024924200072938e-01 6.991148226239664032e-01 2.247619307355389435e-13 -1.873024924190253571e-01 6.991148226242861474e-01
1.570000000000000000e+02 3.245297685616478248e+03 -1.002054337443803125e-13 -1.018068197514705450e-12 -1.245072313697688227e+00 1.790232815590139299e-14 3.269643460559180093e-01 6.226641685984930508e-01 1.378243860402412896e-13 -3.269643460545706981e-01 6.226641685990068620e-01
1.580000000000000000e+02 3.265968371512124577e+03 -1.199524008769431508e-13 -9.855361857439453191e-13 -1.040165750636582009e+00 -1.129712684784985729e-13 4.721404755577222612e-01 5.202165964797389464e-01 2.533769574790929872e-13 -4.721404755568887612e-01 5.202165964806980680e-01
1.590000000000000000e+02 3.286639057407770906e+03 2.267824674236604733e-14 -7.329956047234333276e-13 -8.064339121822696743e-01 -2.207537987979924094e-13 6.072590383044378370e-01 4.033533510241272824e-01 3.413735372836796085e-13 -6.072590383037641537e-01 4.033533510252462206e-01
1.600000000000000000e+02 3.307309743303417235e+03 -1.567498308037760625e-13 -4.063211370766841921e-13 -5.710362348891708795e-01 -1.461713113611610148e-13 7.152289149158124193e-01 2.856530371311682970e-01 2.391202514005069347e-13 -7.152289149153329140e-01 2.856530371323557915e-01
1.610000000000000000e+02 3.327980429199063565e+03 -7.912640659895214942e-14 -3.897563137907498026e-13 -3.614824822118292147e-01 -2.356403121247452260e-13 7.795649254525112148e-01 1.808692130458790515e-01 3.249526491707505865e-13 -7.795649254519175786e-01 1.808692130471236115e-01
1.620000000000000000e+02 3.348651115094709894e+03 -9.404931045043537246e-14 -4.078978974681553505e-13 -2.007459911165348776e-01 -3.073136142285376726e-13 7.872174010943846501e-01 1.004870175155983675e-01 3.541214575276398715e-13 -7.872174010942818434e-01 1.004870175167858343e-01
1.630000000000000000e+02 3.369321800990356223e+03 4.847539193017816290e-14 -4.982264222791364386e-13 -1.024786590718907708e-01 -2.337609271729377697e-13 7.313899027733214986e-01 5.133065555120156637e-02 2.842858250025004306e-13 -7.313899027730246249e-01 5.133065555236620420e-02
1.640000000000000000e+02 3.389992486886002553e+03 -6.504678611112482488e-14 -1.359890020909677031e-13 -6.804803710526791116e-02 -2.120849496456485240e-13 6.134336088397109865e-01 3.408227813617418361e-02 2.122952204952538853e-13 -6.134336088396767916e-01 3.408227813703053333e-02
1.650000000000000000e+02 3.410663172781648882e+03 -3.854856373614077284e-14 9.888815271236574502e-14 -8.663800963930823329e-02 -1.433896247945686483e-13 4.430478892159480653e-01 4.333316663989954937e-02 2.143239912267621786e-13 -4.430478892156283766e-01 4.333316664029918108e-02
1.660000000000000000e+02 3.431333858677295211e+03 3.263773722309855789e-14 -3.171579341247677700e-13 -1.383915163094035505e-01 -6.304356656665474267e-15 2.366386156146043085e-01 6.915620341847310282e-02 5.906182010997684389e-14 -2.366386156144102137e-01 6.915620341872430465e-02
1.670000000000000000e+02 3.452004544572941541e+03 9.768965980195166981e-14 -2.368142149542133088e-13 -1.992942355451671199e-01 3.488983096543475762e-15 1.440800632431054815e-02 9.954850284704273855e-02 -5.870467285651339387e-15 -1.440800632404793356e-02 9.954850284716834641e-02
1.680000000000000000e+02 3.472675230468587870e+03 -1.570436381778194910e-13 -3.904196078118621887e-13 -2.460347053876534018e-01 1.089144781377343330e-13 -2.028571522726591303e-01 1.228613047564807992e-01 -9.968319386840643023e-14 2.028571522730701904e-01 1.228613047563666127e-01
1.690000000000000000e+02 3.493345916364234199e+03 -8.291412616594174973e-14 -4.649316073908281111e-13 -2.594902095762616212e-01 1.265889435230861826e-13 -3.964128943261233107e-01 1.295414757664835603e-01 -9.670376336370529700e-14 3.964128943265571858e-01 1.295414757660154348e-01
1.700000000000000000e+02 3.514016602259880528e+03 4.144793544794696149e-14 -3.613949244903596091e-13 -2.264168295418186316e-01 1.614541292182130792e-13 -5.511737298026493370e-01 1.129741617192912689e-01 -1.542840631372737950e-13 5.511737298031060828e-01 1.129741617184577551e-01
1.710000000000000000e+02 3.534687288155526858e+03 -1.190970435158824151e-14 -6.041693244504151765e-13 -1.396981776277851917e-01 2.970284653942045128e-13 -6.563860293168909399e-01 6.960482760653501078e-02 -2.496192545968047496e-13 6.563860293173019445e-01 6.960482760553023118e-02
1.720000000000000000e+02 3.555357974051173187e+03 1.232057864968620857e-13 2.074190725564323863e-12 2.147514152746290116e-03 3.259899053965700888e-13 -7.057395089243965192e-01 -1.308389773954650448e-03 -2.891181263969185886e-13 7.057395089244993258e-01 -1.308389775130703410e-03
1.730000000000000000e+02 3.576028659946819516e+03 6.823422365999076399e-14 7.839265480712555143e-12 1.955518661460724228e-01 2.720716885214744389e-13 -6.973562950829671481e-01 -9.798645219891803648e-02 -2.595892822667921251e-13 6.973562950829328422e-01 -9.798645219991140853e-02
1.740000000000000000e+02 3.596699345842465846e+03 1.492069974097015442e-13 -6.859909071626409374e-13 4.321838029312041196e-01 1.529566774984947595e-13 -6.339609576767031296e-01 -2.162713624592993156e-01 -2.835816576139660881e-13 6.339609576767258892e-01 -2.162713624601214080e-01
1.750000000000000000e+02 3.617370031738112175e+03 1.031290065971199071e-13 1.190159402743757594e-12 6.988881586884215791e-01 1.089260066204758020e-13 -5.232756093199457670e-01 -3.495930709295930749e-01 -2.396063845952299303e-13 5.232756093195118918e-01 -3.495930709300954509e-01
1.760000000000000000e+02 3.638040717633758504e+03 2.611306765482433077e-13 1.570762629792735324e-12 9.775358388877911642e-01 4.211033207930558792e-14 -3.783936066586779945e-01 -4.888924836810040753e-01 -2.537756176539871528e-13 3.783936066579244306e-01 -4.888924836814265151e-01
1.770000000000000000e+02 3.658711403529404834e+03 2.188659252236724101e-13 -7.305405111135312008e-12 1.245317206658884679e+00 -6.622013777449361645e-14 -2.176110523737804781e-01 -6.227673077436237659e-01 -2.338004733306743940e-13 2.176110523730725443e-01 -6.227673077438521387e-01
1.780000000000000000e+02 3.679382089425051163e+03 4.871629289736600356e-13 4.646686332885293628e-12 1.476114739716708701e+00 -1.488667577557991997e-13 -6.308555056257651728e-02 -7.381590029976338174e-01 -1.509932971072329064e-13 6.308555056138903661e-02 -7.381590029973598144e-01
1.790000000000000000e+02 3.700052775320697492e+03 3.777806998788063091e-13 4.897676093782566354e-12 1.643386334794318726e+00 -1.547380752573799734e-13 6.207583887349049645e-02 -8.217957721682551675e-01 -1.590893826701393881e-13 -6.207583887442677528e-02 -8.217957721679697292e-01
1.800000000000000000e+02 3.720723461216343821e+03 3.799997771742926247e-13 3.058962793387936342e-12 1.724412619605510288e+00 -2.050563113518344130e-13 1.380898119491232034e-01 -8.623171259148093570e-01 -1.399774670679278994e-13 -1.380898119506303590e-01 -8.623171259141585443e-01
1.810000000000000000e+02 3.741394147111990151e+03 3.788024602037888967e-13 4.484203906959327015e-12 1.704850413720466085e+00 -2.140749981802045952e-13 1.529184439673752227e-01 -8.525506256431448771e-01 -5.692553525728645982e-14 -1.529184439691107789e-01 -8.525506256429279395e-01
1.820000000000000000e+02 3.762064833007636480e+03 4.988231021627661612e-13 -1.075616823258555599e-12 1.582133319741310995e+00 -2.253235760240618788e-13 1.053809848127943705e-01 -7.912117733073520398e-01 -1.476603018281803722e-13 -1.053809848145527417e-01 -7.912117733072493442e-01
1.830000000000000000e+02 3.782735518903282809e+03 4.563135874222300301e-13 -6.457521830383745787e-13 1.366241389048366450e+00 -1.911926280894749491e-13 5.437452624789149841e-03 -6.832887394641731227e-01 -1.336470949334676129e-13 -5.437452625908113270e-03 -6.832887394642986889e-01
1.840000000000000000e+02 3.803406204798929139e+03 2.746804795640351360e-13 -3.535772470552062946e-13 1.077631881321200691e+00 -4.914457467099140657e-14 -1.283211478983464493e-01 -5.390080292302855680e-01 -1.441065099599803554e-13 1.283211478968849517e-01 -5.390080292305252652e-01
1.850000000000000000e+02 3.824076890694575468e+03 5.064594344094521522e-14 1.185209652726615254e-12 7.431006932971636614e-01 8.709186947079397648e-14 -2.730595786366336597e-01 -3.717651925653877587e-01 -1.971844170543922296e-13 2.730595786354005350e-01 -3.717651925663240653e-01
1.860000000000000000e+02 3.844747576590221797e+03 2.639655949671482743e-13 8.630873451137978713e-13 3.912268694485456222e-01 1.090619363231575984e-13 -4.061489334182938338e-01 -1.958463461314935705e-01 -2.433310475373966649e-13 4.061489334174717136e-01 -1.958463461327495381e-01
1.870000000000000000e+02 3.865418262485868127e+03 7.998130081500771552e-14 8.932599757576612502e-13 4.868212723482272936e-02 2.910180781554141924e-13 -5.084609447740187083e-01 -2.458222667151232360e-02 -4.205030215912077343e-13 5.084609447734707022e-01 -2.458222667276830156e-02
1.880000000000000000e+02 3.886088948381514456e+03 2.159312784645438842e-14 3.489200732426624470e-13 -2.619911244573384645e-01 2.940886397534722626e-13 -5.660299453984480866e-01 1.307619691167733744e-01 -2.362747702331963197e-13 5.660299453982425844e-01 1.307619691151520325e-01
1.890000000000000000e+02 3.906759634277160785e+03 3.075717388297694066e-15 2.134542640596671457e-13 -5.232894715400129293e-01 2.609732150306394138e-13 -5.703811027480835127e-01 2.614385102969311037e-01 -1.956853950732645789e-13 5.703811027478322693e-01 2.614385102951727324e-01
1.900000000000000000e+02 3.927430320172807114e+03 -2.241626554585543519e-13 -2.277016423616331491e-13 -7.228967998156988761e-01 3.126551840100643115e-13 -5.181508969274943865e-01 3.612883262280272012e-01 -1.325940742160755446e-13 5.181508969279854382e-01 3.612883262266912698e-01
1.910000000000000000e+02 3.948101006068453444e+03 1.209203068027126582e-13 -7.948380948560137701e-13 -8.536690131627490130e-01 2.758235827776825103e-13 -4.105859851673452909e-01 4.267331218466131615e-01 -6.418897453214122942e-14 4.105859851680417894e-01 4.267331218457111608e-01
1.920000000000000000e+02 3.968771691964099773e+03 -3.030372490343809548e-13 -8.174616202246844672e-13 -9.138531555050282140e-01 2.816416319104289296e-13 -2.532447604619553760e-01 4.568874112813026134e-01 -1.042189699137711471e-13 2.532447604628345617e-01 4.568874112804576781e-01
1.930000000000000000e+02 3.989442377859746102e+03 -3.623172122370999197e-13 -1.201196244684581638e-12 -9.076646456300370147e-01 1.587629402417551691e-13 -5.595686247669202917e-02 4.538505410519922956e-01 1.534379479383265972e-15 5.595686247769680877e-02 4.538505410520037309e-01
1.940000000000000000e+02 4.010113063755392432e+03 -1.923211069437653916e-13 -1.018056666412759276e-12 -8.459827299693205571e-01 -1.101931409465335112e-13 1.671788921952677143e-01 4.230568902088349681e-01 2.734707946318130534e-13 -1.671788921944227790e-01 4.230568902090519057e-01
1.950000000000000000e+02 4.030783749651038761e+03 -1.254681899166210927e-13 -1.113535239196126572e-12 -7.466001528403151122e-01 -9.109165806081054622e-14 3.981383814740339089e-01 3.734012273431535633e-01 2.507245246492636597e-13 -3.981383814730177217e-01 3.734012273441241203e-01
1.960000000000000000e+02 4.051454435546685090e+03 -2.096640016905918006e-14 -8.923198498867030069e-13 -6.332664178266168564e-01 -3.159723232779241613e-13 6.160714770822126596e-01 3.167593254606319020e-01 4.285912904893828523e-13 -6.160714770813791041e-01 3.167593254621619558e-01
1.970000000000000000e+02 4.072125121442331420e+03 -4.337678747498225596e-13 -5.518105576999063170e-13 -5.328996446594473912e-01 -3.229174757470529007e-13 7.994067031113308852e-01 2.665923975750207897e-01 5.050778744726287283e-13 -7.994067031106800725e-01 2.665923975768362264e-01
1.980000000000000000e+02 4.092795807337977749e+03 -1.265838889711258755e-13 -9.245138693961495075e-13 -4.709610662942244619e-01 -3.504579426884813792e-13 9.288335821839849293e-01 2.356331920773419020e-01 4.741167825473031027e-13 -9.288335821830714378e-01 2.356331920798652724e-01
1.990000000000000000e+02 4.113466493233624533e+03 -2.025261309757864307e-13 -8.654689594574338713e-13 -4.659067779558471734e-01 -5.615525311166324868e-13 9.905765129019222792e-01 2.331113062138825409e-01 5.877941930335772358e-13 -9.905765129011802061e-01 2.331113062163259753e-01
2.000000000000000000e+02 4.134137179129271317e+03 -5.268222167481023563e-14 -5.344716310078553724e-13 -5.246199913512118451e-01 -4.797588340207476859e-13 9.789434553489982926e-01 2.624692110585061799e-01 6.069120381776182907e-13 -9.789434553483589152e-01 2.624692110607212969e-01
2.010000000000000000e+02 4.154807865024918101e+03 1.985280018299175127e-14 -6.974050110503594159e-13 -6.404514357628547927e-01 -2.874352097267329043e-13 8.973457118138209454e-01 3.203825874849737798e-01 4.495666313463152424e-13 -8.973457118134441357e-01 3.203825874870404600e-01
2.020000000000000000e+02 4.175478550920564885e+03 -3.032523510515295125e-13 -8.522052165008176871e-13 -7.947321775392949261e-01 -3.407465785032333644e-13 7.574045997737831604e-01 3.975169351912034577e-01 5.095495187645765436e-13 -7.574045997732008484e-01 3.975169351926992056e-01
2.030000000000000000e+02 4.196149236816211669e+03 -2.690960167511682424e-13 -1.067841707945025752e-12 -9.612736058687431084e-01 -1.870357524703680069e-13 5.764254392954828443e-01 4.807776757015224667e-01 4.469358068185079613e-13 -5.764254392947063543e-01 4.807776757027898973e-01
2.040000000000000000e+02 4.216819922711858453e+03 -2.480036499936191277e-13 -9.576666560472316838e-13 -1.111716889749770898e+00 -2.712722472722016440e-14 3.743286451145965699e-01 5.559847579790997418e-01 3.029606723335835877e-13 -3.743286451135689474e-01 5.559847579795564876e-01
2.050000000000000000e+02 4.237490608607505237e+03 -2.914810847196075184e-13 -1.140121666609439890e-12 -1.220390564280001033e+00 1.177932740418146511e-13 1.707554459794595469e-01 6.103011376904292629e-01 1.788617878677343435e-13 -1.707554459782492651e-01 6.103011376907261365e-01
2.060000000000000000e+02 4.258161294503152021e+03 -1.707211785268502154e-13 -1.348523943636493137e-12 -1.267343304209351817e+00 6.090219086016583547e-14 -1.694096714176322044e-02 6.337490573447041031e-01 2.448804227004618841e-13 1.694096714290501890e-02 6.337490573446012965e-01
2.070000000000000000e+02 4.278831980398798805e+03 -3.375325121009796775e-13 -1.548416103643677638e-12 -1.239623949255791668e+00 2.501026027514432894e-13 -1.747849934991228260e-01 6.198507179372249043e-01 8.990552376935754704e-14 1.747849935003559507e-01 6.198507179370650322e-01
2.080000000000000000e+02 4.299502666294445589e+03 -2.799145191155863144e-13 -1.337801586022483287e-12 -1.131313020648252010e+00 3.087745576076070611e-13 -2.925685970254082169e-01 5.656456699751287731e-01 1.103060615693900619e-14 2.925685970267783986e-01 5.656456699745920913e-01
2.090000000000000000e+02 4.320173352190092373e+03 -1.696884204140784293e-13 -1.218083562543174378e-12 -9.430272701365035593e-01 3.288689349261280986e-13 -3.639181072606096912e-01 4.714450548739048674e-01 -1.104439899529625421e-13 3.639181072619684376e-01 4.714450548734024915e-01
2.100000000000000000e+02 4.340844038085739157e+03 -1.687972813071669130e-13 -9.698674372202507089e-13 -6.814439993929897188e-01 2.960491728544951507e-13 -3.863734979998836860e-01 3.405943265674057363e-01 -1.718739350204075497e-13 3.863734980008998732e-01 3.405943265665722364e-01
2.110000000000000000e+02 4.361514723981385941e+03 -6.876284280259000827e-14 -1.179083668666541149e-12 -3.590721014360763186e-01 1.888897269288977031e-13 -3.616704396300340352e-01 1.793563382416349106e-01 -1.147935086270262628e-13 3.616704396309703418e-01 1.793563382410525986e-01
2.120000000000000000e+02 4.382185409877032725e+03 -1.118641557382930964e-13 -4.606080022378938797e-13 5.857733968839567117e-03 1.780968302372060779e-13 -2.961943239987062659e-01 -3.147218881739187544e-03 -1.706752659384390290e-13 2.961943239992657073e-01 -3.147218882218743175e-03
2.130000000000000000e+02 4.402856095772679510e+03 1.645178924913821552e-13 -1.355796815471844075e-13 3.897811122929277228e-01 9.337657657892902651e-14 -2.013476883500855130e-01 -1.951307439280533795e-01 -1.896256580805928397e-13 2.013476883501311709e-01 -1.951307439281218803e-01
2.140000000000000000e+02 4.423526781668326294e+03 2.827945324037395834e-13 -7.309936994707788293e-14 7.650256552936857135e-01 -3.174176073708574030e-14 -9.333467039227882900e-02 -3.827561043054270584e-01 -1.601204339573093857e-13 9.333467039211897076e-02 -3.827561043051188050e-01
2.150000000000000000e+02 4.444197467563973078e+03 3.669654226260998711e-13 7.485241784323630429e-13 1.102310074965905606e+00 -1.109598841827227629e-13 8.177878011065793651e-03 -5.513825168285179101e-01 -1.781150949146968814e-13 -8.177878011887887780e-03 -5.513825168278327915e-01
2.160000000000000000e+02 4.464868153459619862e+03 3.603732433107666027e-13 1.693515949512709963e-12 1.374531808483515194e+00 -2.392019380349129617e-13 8.281720734188235955e-02 -6.874620368293397066e-01 -1.166957200655672262e-13 -8.281720734304699738e-02 -6.874620368287573946e-01
2.170000000000000000e+02 4.485538839355266646e+03 3.351795363909661535e-13 -6.480910951278963440e-13 1.561169587087148702e+00 -3.264583510031001397e-13 1.133724187036298098e-01 -7.807404126891002161e-01 -7.971287921459821286e-14 -1.133724187054110238e-01 -7.807404126887119711e-01
2.180000000000000000e+02 4.506209525250913430e+03 3.375715156649302063e-13 5.068324571888360370e-12 1.651990882654363224e+00 -3.134120493212071241e-13 8.971520740686161899e-02 -8.261086617897586137e-01 -1.060356100667006541e-13 -8.971520740921372361e-02 -8.261086617895987416e-01
2.190000000000000000e+02 4.526880211146560214e+03 3.544241686110861148e-13 -3.429424273186979824e-12 1.648702985558426315e+00 -2.700199410818222675e-13 1.137218690154596749e-02 -8.244265338357290585e-01 -2.530807368266507371e-13 -1.137218690398941745e-02 -8.244265338359459960e-01
2.200000000000000000e+02 4.547550897042206998e+03 4.519624730288386873e-13 -6.192835989332123672e-12 1.563866040348561581e+00 -1.733806317625622851e-13 -1.123227143924186849e-01 -7.819780858102350907e-01 -2.660520260818419976e-13 1.123227143898382213e-01 -7.819780858107260313e-01
2.210000000000000000e+02 4.568221582937853782e+03 3.765768801660635794e-13 -5.442362272024416409e-13 1.417534428274805025e+00 -1.029932953959188422e-13 -2.645102041128123971e-01 -7.087926915527471561e-01 -3.348682270589285289e-13 2.645102041103917778e-01 -7.087926915538090844e-01
2.220000000000000000e+02 4.588892268833500566e+03 3.482312223303143284e-13 5.573636818917601867e-12 1.232910824201068234e+00 7.614391313631813078e-14 -4.245837449933687058e-01 -6.164728945443103125e-01 -4.360054363697799916e-13 4.245837449911307737e-01 -6.164728945458175513e-01
2.230000000000000000e+02 4.609562954729147350e+03 2.477056362680335440e-13 2.354519088566160043e-14 1.032496118683440711e+00 2.202143172223829707e-13 -5.720092532145905073e-01 -5.162699101509383715e-01 -4.759173252043922968e-13 5.720092532123297602e-01 -5.162699101531192936e-01
2.240000000000000000e+02 4.630233640624794134e+03 2.887314109621593923e-13 4.124578883645843161e-12 8.355038380647257235e-01 2.867384736958927908e-13 -6.892070580691461723e-01 -4.177908365613143826e-01 -5.523325250887221624e-13 6.892070580674790614e-01 -4.177908365634609988e-01
2.250000000000000000e+02 4.650904326520440918e+03 9.932867663998042645e-14 -2.601858168697328765e-13 6.567097211113149813e-01 3.451406976419589760e-13 -7.631069259129293902e-01 -3.284230277150928523e-01 -5.663723383020940535e-13 7.631069259113765213e-01 -3.284230277171252821e-01
2.260000000000000000e+02 4.671575012416087702e+03 1.127869167795185625e-13 6.144216344528274726e-12 5.062863227003044919e-01 2.797484386185042955e-13 -7.855976037849287108e-01 -2.532507166197978110e-01 -3.395367230505708315e-13 7.855976037838782178e-01 -2.532507166221613648e-01
2.270000000000000000e+02 4.692245698311734486e+03 5.314397206036597708e-14 -1.039168882604226196e-12 3.900372970436126185e-01 4.243111021040990468e-13 -7.533929558838493579e-01 -1.951713560096604017e-01 -5.340834599865450271e-13 7.533929558832556106e-01 -1.951713560118983337e-01
2.280000000000000000e+02 4.712916384207381270e+03 8.402756715702420102e-14 -1.948418967690778971e-12 3.095697690571143079e-01 3.439379829099091437e-13 -6.677468940488694438e-01 -1.549812641739853059e-01 -4.544128940682284923e-13 6.677468940488238136e-01 -1.549812641755038967e-01
2.290000000000000000e+02 4.733587070103028054e+03 -8.582675986844060813e-14 -1.490307746822266781e-12 2.621853459925844732e-01 3.217517433740512221e-13 -5.342595251649402410e-01 -1.313215886637166541e-01 -3.561100904060579399e-13 5.342595251647347387e-01 -1.313215886648470276e-01
2.300000000000000000e+02 4.754257755998674838e+03 -4.636381993165621909e-14 -7.332685410200785609e-14 2.405724769462640467e-01 1.571639105403099425e-13 -3.627413212192089897e-01 -1.205266056036940203e-01 -2.410830344517837607e-13 3.627413212192318603e-01 -1.205266056044133477e-01
2.310000000000000000e+02 4.774928441894321622e+03 1.358212026398049811e-14 -1.486788092846693658e-13 2.326570053160176565e-01 2.037648388573279994e-14 -1.668865446428493549e-01 -1.165525468732746678e-01 -1.940685174929026172e-13 1.668865446432375721e-01 -1.165525468734459474e-01
2.320000000000000000e+02 4.795599127789968406e+03 -3.466931719270875625e-14 1.009426974159327031e-13 2.221519691220040504e-01 -9.440577745357347041e-14 3.659513432531784349e-02 -1.112559309403889085e-01 1.255050891306394906e-14 -3.659513432537492977e-02 -1.112559309400349555e-01
2.330000000000000000e+02 4.816269813685615190e+03 9.480377932070967677e-14 5.259359431893687696e-14 1.903231265703946018e-01 -2.401238196633006700e-13 2.296512704775795777e-01 -9.527740049893017316e-02 1.198746582533896757e-13 -2.296512704777394498e-01 -9.527740049813090972e-02
2.340000000000000000e+02 4.836940499581261975e+03 3.656715009855106543e-14 -1.333680965661757736e-14 1.191292980920986289e-01 -3.672440220528195046e-13 3.953122528668212565e-01 -5.960922292187752214e-02 2.745927428217803791e-13 -3.953122528669126279e-01 -5.960922292069004841e-02
2.350000000000000000e+02 4.857611185476908759e+03 -8.739004650735090410e-14 8.501427090840189231e-14 -4.767017300738429948e-03 -4.215307680682602076e-13 5.203826069457531123e-01 2.404607106967629210e-03 3.794725190711803253e-13 -5.203826069461070514e-01 2.404607108292116172e-03
2.360000000000000000e+02 4.878281871372555543e+03 -5.896958936858933046e-14 1.201556283170308199e-16 -1.862930599812354093e-01 -3.685757482357736505e-13 5.976008333425956165e-01 9.321948821549666531e-02 4.735145007428114631e-13 -5.976008333428125541e-01 9.321948821674122532e-02
2.370000000000000000e+02 4.898952557268202327e+03 -1.302350742995678706e-13 -2.441106741469196504e-13 -4.199427787987505267e-01 -3.962973264976347918e-13 6.265338977555555688e-01 2.100799631555251568e-01 5.387704516915719255e-13 -6.265338977556811351e-01 2.100799631568496528e-01
2.380000000000000000e+02 4.919623243163849111e+03 -1.389633471328318375e-13 -2.671762311479911962e-13 -6.902810085045388844e-01 -2.712260385277337742e-13 6.129382332219064367e-01 3.452703309888556782e-01 4.932567652328929752e-13 -6.129382332217123697e-01 3.452703309899518014e-01
2.390000000000000000e+02 4.940293929059495895e+03 -2.946162621284349259e-13 -8.588694806073092984e-13 -9.747833530768705845e-01 -2.773875588992533080e-13 5.669210172207389542e-01 4.875322045740373422e-01 5.904701832463091387e-13 -5.669210172201909481e-01 4.875322045749622135e-01
2.400000000000000000e+02 4.960964614955142679e+03 -5.508343019576482739e-13 -1.262874471223802372e-12 -1.247904439334883264e+00 -1.504765793877728424e-13 5.006273699915280151e-01 6.240967755069357636e-01 6.013261145832557873e-13 -5.006273699906146346e-01 6.240967755077920787e-01
2.410000000000000000e+02 4.981635300850789463e+03 -4.932278794539965131e-13 -1.978066598201506519e-12 -1.485025364008481397e+00 -5.468874585078792237e-14 4.261574265201018563e-01 7.426576085814724504e-01 5.878617519387059559e-13 -4.261574265181836685e-01 7.426576085824428963e-01
2.420000000000000000e+02 5.002305986746436247e+03 -8.458369884558996259e-13 -2.248142855257514515e-12 -1.665332049035753270e+00 -4.383081333309100134e-14 3.541224154897293919e-01 8.328095983330582319e-01 5.890079137114565326e-13 -3.541224154876398966e-01 8.328095983338117403e-01
2.430000000000000000e+02 5.022976672642083031e+03 -5.097366130731502055e-13 -2.414825367086308429e-12 -1.773367633309743896e+00 8.384325510577810642e-14 2.928887767755887217e-01 8.868253236079053359e-01 5.284695580121148438e-13 -2.928887767729511649e-01 8.868253236085903435e-01
2.440000000000000000e+02 5.043647358537729815e+03 -6.500729349603240413e-13 -2.883544239595550679e-12 -1.799548109758425607e+00 8.056998608882753678e-14 2.483195486620854431e-01 8.999131361545590346e-01 5.279941224296911542e-13 -2.483195486592309487e-01 8.999131361555067210e-01
2.450000000000000000e+02 5.064318044433376599e+03 -4.151400495005973436e-13 -2.995467928981156444e-12 -1.740186179205395645e+00 1.258267529940039783e-13 2.237436133841231578e-01 8.702292368002207956e-01 5.003491842389742451e-13 -2.237436133810060401e-01 8.702292368013396784e-01
2.460000000000000000e+02 5.084988730329023383e+03 -5.432151778791458317e-13 -3.226994093398303549e-12 -1.597355279852816556e+00 1.328255887044361146e-13 2.199756524646230837e-01 7.988095492665112651e-01 4.288626634387272352e-13 -2.199756524616429954e-01 7.988095492678586318e-01
2.470000000000000000e+02 5.105659416224670167e+03 -5.394843362337307937e-13 -2.962009461667122737e-12 -1.379058357945805779e+00 2.938405599849344487e-14 2.351551946525733683e-01 6.896536789804169620e-01 4.570776998944056210e-13 -2.351551946496845957e-01 6.896536789818441537e-01
2.480000000000000000e+02 5.126330102120316951e+03 -3.259455582568309409e-13 -2.477333684868494533e-12 -1.099220905181276908e+00 -1.897546760919856338e-14 2.646225352517648788e-01 5.497210600570603400e-01 4.390650696820987565e-13 -2.646225352495155114e-01 5.497210600584875317e-01
2.490000000000000000e+02 5.147000788015963735e+03 -2.310399553181519776e-13 -2.070481231504224735e-12 -7.774803255615457820e-01 -1.250485908187814237e-13 3.008188663644702499e-01 3.888259950924383701e-01 4.229130693871547659e-13 -3.008188663625178116e-01 3.888259950942538623e-01
2.500000000000000000e+02 5.167671473911610519e+03 -6.514222404560968235e-14 -1.333645470540611450e-12 -4.380753582667522017e-01 -1.915321833142435719e-13 3.335900299672811542e-01 2.190838818376844577e-01 2.971650177480533373e-13 -3.335900299660023438e-01 2.190838818396483589e-01
2.510000000000000000e+02 5.188342159807257303e+03 -4.301953637725042292e-14 -9.683144040032454425e-13 -1.075008443867539742e-01 -3.235083260148559929e-13 3.511544596362960458e-01 5.374075454747522657e-02 3.818338991526592625e-13 -3.511544596354396752e-01 5.374075454911941829e-02
2.520000000000000000e+02 5.209012845702904087e+03 3.040429005105611205e-14 -2.569436448065677291e-13 1.890485685768935331e-01 -3.673641454321051281e-13 3.418757525995869684e-01 -9.460284571949879873e-02 3.061608055489131773e-13 -3.418757525996097835e-01 -9.460284571809439436e-02
2.530000000000000000e+02 5.229683531598550871e+03 2.175979976321979284e-13 5.198324532069278572e-13 4.317724014692358447e-01 -3.463869122499949957e-13 2.966294219738080939e-01 -2.160371471080401728e-01 2.032097621555641323e-13 -2.966294219741391625e-01 -2.160371471068298632e-01
2.540000000000000000e+02 5.250354217494197655e+03 1.230777628851308427e-13 9.545148478797174928e-13 6.096979306091357964e-01 -2.570648580648672255e-13 2.111595088127291575e-01 -3.050605071148357883e-01 7.620813110277106945e-14 -2.111595088139394671e-01 -3.050605071144704139e-01
2.550000000000000000e+02 5.271024903389844440e+03 4.737740788831504403e-14 1.637157845825380436e-12 7.222170071266680313e-01 -2.460423833595662702e-13 8.758865858044719011e-02 -3.613538014960218647e-01 3.649538540479325773e-14 -8.758865858181735797e-02 -3.613538014961018008e-01
2.560000000000000000e+02 5.291695589285491224e+03 2.662023943645227816e-13 1.393378624963085732e-12 7.781810243402761396e-01 -1.774198823965943789e-13 -6.551880549432548273e-02 -3.893359435384894929e-01 -1.574173076651131267e-13 6.551880549238442430e-02 -3.893359435390261192e-01
2.570000000000000000e+02 5.312366275181138008e+03 4.009432097418271274e-13 2.859900429474733493e-12 7.929759918315002487e-01 3.853613765396482901e-16 -2.346071586237676865e-01 -3.967040868211758609e-01 -3.280166155391253490e-13 2.346071586218037852e-01 -3.967040868225232275e-01
2.580000000000000000e+02 5.333036961076784792e+03 2.675938802220544564e-13 9.764472244639849012e-13 7.847300335598514920e-01 2.090686499609661678e-13 -4.035490095623728846e-01 -3.925336199406660453e-01 -4.883727471542898179e-13 4.035490095604318261e-01 -3.925336199424586670e-01
2.590000000000000000e+02 5.353707646972431576e+03 4.055608495216188704e-13 5.993122217574855525e-12 7.708759163186488239e-01 4.090620982262535261e-13 -5.562218781530952061e-01 -3.855535997823912320e-01 -6.484890973862517206e-13 5.562218781514967070e-01 -3.855535997846177287e-01
2.600000000000000000e+02 5.374378332868078360e+03 4.230075048262818180e-13 4.916172373143656053e-13 7.658168843751606003e-01 2.396707752179245499e-13 -6.785795715862003030e-01 -3.829754037699806268e-01 -5.955986685446687158e-13 6.785795715848073062e-01 -3.829754037724468763e-01
2.610000000000000000e+02 5.395049018763725144e+03 1.342861555986403312e-13 4.204218809898437157e-12 7.798030492433947192e-01 5.188349646424054188e-13 -7.599523543144618420e-01 -3.899295255178777952e-01 -7.977186247899248734e-13 7.599523543134570902e-01 -3.899295255205039168e-01
2.620000000000000000e+02 5.415719704659371928e+03 3.439266710230789192e-13 1.985681960549801343e-12 8.186726101358822172e-01 5.414738908371604557e-13 -7.936775323707263574e-01 -4.093370550540791908e-01 -8.807661142144757782e-13 7.936775323698586071e-01 -4.093370550563399379e-01
2.630000000000000000e+02 5.436390390555018712e+03 5.196429729111775021e-13 1.856012662208293431e-12 8.839482193010087530e-01 4.673738635350178849e-13 -7.773626366029918744e-01 -4.419595532394688386e-01 -8.460517072410520290e-13 7.773626366023753675e-01 -4.419595532417410211e-01
2.640000000000000000e+02 5.457061076450665496e+03 4.950251526953866954e-13 1.130214607794795055e-12 9.729432082007580807e-01 4.983150587518292851e-13 -7.129837294668083247e-01 -4.864535825998553831e-01 -8.575792440043604968e-13 7.129837294659634450e-01 -4.864535826015338182e-01
2.650000000000000000e+02 5.477731762346312280e+03 6.389587940799720056e-13 1.068262946757248657e-12 1.078623961935109898e+00 3.173025776339659640e-13 -6.070148427571777638e-01 -5.393026269701972630e-01 -8.012660669418010839e-13 6.070148427560587701e-01 -5.393026269717272614e-01
2.660000000000000000e+02 5.498402448241959064e+03 3.418792279572404734e-13 6.567843877197716124e-13 1.189426480574354850e+00 1.497027154013983339e-13 -4.703923985499000593e-01 -5.947253603780326969e-01 -6.209904951217863968e-13 4.703923985483700609e-01 -5.947253603791173848e-01
2.670000000000000000e+02 5.519073134137605848e+03 5.359431480332494901e-13 1.315834315347989840e-11 1.289367427843126412e+00 1.589943091076228607e-14 -3.179925523086044037e-01 -6.447304493210164189e-01 -5.982467031360106460e-13 3.179925523070287197e-01 -6.447304493215187948e-01
2.680000000000000000e+02 5.539743820033252632e+03 7.714017418698559510e-13 1.908015332896911867e-12 1.358959067694177847e+00 -1.414659466430590256e-13 -1.673186736445529121e-01 -6.795727173960421919e-01 -4.447804190383754255e-13 1.673186736429087274e-01 -6.795727173962363699e-01
2.690000000000000000e+02 5.560414505928899416e+03 5.547026360565335380e-13 6.800875177458286711e-12 1.377376428195244085e+00 -2.153595751650063109e-13 -3.616604610760545957e-02 -6.888352367341312732e-01 -3.183874843715356574e-13 3.616604610502498901e-02 -6.888352367339372062e-01
2.700000000000000000e+02 5.581085191824546200e+03 6.538310966519496967e-13 2.570723925736191573e-12 1.325908219409364763e+00 -4.219806288138988185e-13 6.048146285681008788e-02 -6.631539106992592192e-01 -2.162535973633039853e-13 -6.048146285945906614e-02 -6.631539106989166044e-01
2.710000000000000000e+02 5.601755877720192984e+03 4.287681411869726814e-13 2.488661943280441445e-12 1.192049901424725666e+00 -3.725543468174161306e-13 1.135418668459726999e-01 -5.962648012184891266e-01 -1.848282296452686472e-13 -1.135418668486901789e-01 -5.962648012183635604e-01
2.720000000000000000e+02 5.622426563615839768e+03 4.528007500887756325e-13 2.029340804978021365e-12 9.730078363185081791e-01 -3.202548346203983833e-13 1.218467781149188273e-01 -4.867594579167904278e-01 -4.507357100589104116e-14 -1.218467781174536191e-01 -4.867594579166762414e-01
2.730000000000000000e+02 5.643097249511486552e+03 3.950001909215708483e-13 2.143909058693567018e-12 6.773046971547967976e-01 -2.539096023134104077e-13 9.225723991323138418e-02 -3.388929652224443867e-01 -4.805759889416152603e-14 -9.225723991533228696e-02 -3.388929652226156386e-01
2.740000000000000000e+02 5.663767935407133336e+03 1.559363360749449599e-13 1.376117689585511625e-12 3.238051367959111082e-01 -6.719930665765321017e-14 3.780538682034079168e-02 -1.621011170069264484e-01 -1.724681488874296258e-14 -3.780538682216767060e-02 -1.621011170076343544e-01
2.750000000000000000e+02 5.684438621302780120e+03 -8.473168111032746337e-14 9.060577922305706102e-13 -6.146908533387530904e-02 7.563618613443566745e-14 -2.539529452254957534e-02 3.059423604599354959e-02 1.264087306923340635e-14 2.539529452173889743e-02 3.059423604541123415e-02
2.760000000000000000e+02 5.705109307198426905e+03 -1.394517191197865229e-13 -2.674247999739743348e-13 -4.495790764692917385e-01 2.174723485856446438e-13 -8.136945788002822311e-02 2.247126635357699354e-01 -8.868097402495542098e-15 8.136945788039359750e-02 2.247126635350391866e-01
2.770000000000000000e+02 5.725779993094073689e+03 -2.935199697588778493e-13 -9.172004135617347892e-13 -8.126528705457711776e-01 4.118212583991382426e-13 -1.167145285058936305e-01 4.063102154284514156e-01 -1.296513507941782111e-13 1.167145285070011751e-01 4.063102154277891676e-01
2.780000000000000000e+02 5.746450678989720473e+03 -5.494985170169904628e-13 -1.668301732102125742e-12 -1.126759838041850204e+00 3.571472323887262601e-13 -1.219079961353459890e-01 5.634152884256242722e-01 1.283348923947079774e-13 1.219079961371157816e-01 5.634152884247908277e-01
2.790000000000000000e+02 5.767121364885367257e+03 -5.196118881516885944e-13 -2.438090680280587089e-12 -1.373468640309479794e+00 3.443081411811278652e-13 -9.164004409621805125e-02 6.868086244718606403e-01 2.789042320850425867e-13 9.164004409866149947e-02 6.868086244713810240e-01
2.800000000000000000e+02 5.787792050781014041e+03 -6.055068899646721115e-13 -2.904005649349723932e-12 -1.540413208566457692e+00 3.441927979602391225e-13 -2.458261049996606981e-02 7.703076907362473857e-01 3.498106687462071398e-13 2.458261050271780615e-02 7.703076907360190129e-01
2.810000000000000000e+02 5.808462736676660825e+03 -8.499707337060510839e-13 -3.475091819246969878e-12 -1.621394220358903793e+00 2.469149334824265050e-13 7.699450216283586224e-02 8.108160538185366084e-01 5.372314444106893595e-13 -7.699450215965024380e-02 8.108160538187992872e-01
2.820000000000000000e+02 5.829133422572307609e+03 -6.935830886028696762e-13 -3.447857909384983437e-12 -1.616434880617010128e+00 1.310016906702196414e-13 2.075150800906085946e-01 8.083488932950920747e-01 5.946245984069594696e-13 -2.075150800869320078e-01 8.083488932962795692e-01
2.830000000000000000e+02 5.849804108467954393e+03 -7.110661786041478367e-13 -3.552167176472692677e-12 -1.531991172619167951e+00 -1.298272603610022147e-13 3.582256931948827883e-01 7.661366998028020792e-01 7.919459081094492405e-13 -3.582256931912061737e-01 7.661366998049029542e-01
2.840000000000000000e+02 5.870474794363601177e+03 -5.857334774263518220e-13 -3.287274343683411022e-12 -1.381196554322969172e+00 -2.802404738691000599e-13 5.172828694442308528e-01 6.907473131252095389e-01 9.333483895883547151e-13 -5.172828694408282413e-01 6.907473131278356604e-01
2.850000000000000000e+02 5.891145480259247961e+03 -3.993757687025837209e-13 -2.643551594107504685e-12 -1.183671353137619286e+00 -4.649995579718552898e-13 6.700766774830513306e-01 5.919909119863030478e-01 1.021573074567059015e-12 -6.700766774804937098e-01 5.919909119893516092e-01
2.860000000000000000e+02 5.911816166154894745e+03 -4.465136503796866746e-13 -1.948285513287522195e-12 -9.643449223646427537e-01 -6.892484761198643607e-13 8.000739786295484324e-01 4.823315775321041499e-01 1.147961424153010171e-12 -8.000739786272419440e-01 4.823315775355752066e-01
2.870000000000000000e+02 5.932486852050541529e+03 -2.294492924649462851e-13 -1.458757850609029202e-12 -7.507084842967346461e-01 -7.792016913991976530e-13 8.904672400527747778e-01 3.755141190985674116e-01 1.121430736670475191e-12 -8.904672400510392771e-01 3.755141191022211555e-01
2.880000000000000000e+02 5.953157537946188313e+03 -1.898736343087251377e-13 -9.545486365734127432e-13 -5.685734140311669016e-01 -9.567384827490654891e-13 9.265568236966197357e-01 2.844433069137201620e-01 1.203737469875290600e-12 -9.265568236956035486e-01 2.844433069170427819e-01
2.890000000000000000e+02 5.973828223841835097e+03 -9.659034869496728083e-14 -6.173944540976024413e-13 -4.371230447765969140e-01 -9.475539484772457091e-13 8.985092097270618305e-01 2.187094685803592231e-01 1.102153047561110317e-12 -8.985092097263196464e-01 2.187094685838988084e-01
2.900000000000000000e+02 5.994498909737481881e+03 -7.835037775155883189e-14 -5.395140910631734122e-13 -3.647801046278735249e-01 -8.555232647217178025e-13 8.037045825337684191e-01 1.825217398419215487e-01 1.048362784911188409e-12 -8.037045825335400462e-01 1.825217398451185746e-01
2.910000000000000000e+02 6.015169595633128665e+03 -1.256733181141841244e-13 -5.581450151110440190e-13 -3.475173256563135471e-01 -7.504643173830588792e-13 6.478403172673558030e-01 1.738633037356079325e-01 8.858843058962967012e-13 -6.478403172667620558e-01 1.738633037378116142e-01
2.920000000000000000e+02 6.035840281528775449e+03 -2.308962742975716191e-13 -5.291812235201769873e-13 -3.703485720868572861e-01 -5.098517037261849809e-13 4.442982659150373492e-01 1.852379152625360514e-01 6.493224499645061611e-13 -4.442982659146262892e-01 1.852379152641688287e-01
2.930000000000000000e+02 6.056510967424422233e+03 -1.825389169376738892e-13 -7.151855176379984874e-13 -4.113964684618527934e-01 -1.481153408850172282e-13 2.119357218070510862e-01 2.057058104527529074e-01 3.939149502450048639e-13 -2.119357218066172110e-01 2.057058104533923126e-01
2.940000000000000000e+02 6.077181653320069017e+03 -1.034166708230147164e-13 -1.150525103937482451e-12 -4.469532483948548962e-01 1.628947325967043921e-13 -2.798155457461133297e-02 2.234164628293293930e-01 5.651369096387714575e-14 2.798155457575313490e-02 2.234164628291124555e-01
2.950000000000000000e+02 6.097852339215715801e+03 -2.711579876692730684e-13 -1.287049509594407914e-12 -4.558494167296900934e-01 4.393150143543823615e-13 -2.547696452246216992e-01 2.277938294511087924e-01 -2.636757358067359986e-13 2.547696452259575750e-01 2.277938294500469196e-01
2.960000000000000000e+02 6.118523025111362585e+03 -9.322068751189359772e-14 -1.578363708453853984e-12 -4.221515987012753879e-01 5.747491762232290534e-13 -4.505459371987410311e-01 2.108834824713575196e-01 -4.200824457084023648e-13 4.505459371999627205e-01 2.108834824694164611e-01
2.970000000000000000e+02 6.139193711007009369e+03 -2.160367565858070326e-13 -1.257815150619157829e-12 -3.361247912446402863e-01 8.206935573862298528e-13 -6.014445689675786966e-01 1.678296185678218033e-01 -6.014175978362776790e-13 6.014445689689831287e-01 1.678296185657094930e-01
2.980000000000000000e+02 6.159864396902656154e+03 -1.633967635735795261e-13 -1.140963449204788211e-12 -1.940124265896262801e-01 9.200855725107470059e-13 -6.980250432523874560e-01 9.676068601400689140e-02 -7.621332553618170048e-13 6.980250432536891925e-01 9.676068601163194394e-02
2.990000000000000000e+02 6.180535082798302938e+03 -1.965671696177278443e-14 -1.932741833224810256e-12 2.642970892721570406e-03 9.900772435660979005e-13 -7.352940874668985050e-01 -1.552787726709062418e-03 -9.779853047885861981e-13 7.352940874675836236e-01 -1.552787729300946591e-03
3.000000000000000000e+02 6.201205768693949722e+03 1.704874394502296025e-13 2.986999722233200342e-12 2.475720287053371493e-01 7.856633279232193357e-13 -7.127522916368352890e-01 -1.239836090831675092e-01 -9.223314192532765765e-13 7.127522916370064854e-01 -1.239836090855196138e-01
3.010000000000000000e+02 6.221876454589596506e+03 4.536788191402931523e-13 -2.965641724939880630e-13 5.299772469994356028e-01 6.517370461121019026e-13 -6.346940153031850329e-01 -2.651439061651462703e-01 -8.839362555259937379e-13 6.346940153027282872e-01 -2.651439061672472008e-01
3.020000000000000000e+02 6.242547140485243290e+03 3.307369789297628615e-13 -3.804309064843525296e-12 8.344137253740860904e-01 4.143676774283842259e-13 -5.107154570757722611e-01 -4.173212745007509605e-01 -8.448108486532247527e-13 5.107154570746761379e-01 -4.173212745026577686e-01
3.030000000000000000e+02 6.263217826380890074e+03 6.640223604755433888e-13 -1.251951527710610085e-12 1.140719218793450507e+00 1.483796614712834015e-13 -3.560587003265185402e-01 -5.704409183497402003e-01 -7.643995200867972571e-13 3.560587003240979209e-01 -5.704409183516697679e-01
3.040000000000000000e+02 6.283888512276536858e+03 1.069933080640839668e-12 4.023326007636109036e-12 1.424572185314250339e+00 -1.679828152860514266e-13 -1.911871345973800151e-01 -7.123443097148919323e-01 -5.691280392601614800e-13 1.911871345940459599e-01 -7.123443097156568760e-01
3.050000000000000000e+02 6.304559198172183642e+03 8.224385643064789073e-13 6.331174987652296576e-12 1.659297366261852424e+00 -3.189654495809474459e-13 -3.993351568444409444e-02 -8.296936002477643957e-01 -4.208990558780047155e-13 3.993351568026510395e-02 -8.296936002480042038e-01
3.060000000000000000e+02 6.325229884067830426e+03 1.127123692018698921e-12 2.310692239819475629e-12 1.819202310457610938e+00 -6.110098376192788442e-13 7.405046770048787086e-02 -9.096417949057230556e-01 -3.691006268033202468e-13 -7.405046770548895374e-02 -9.096417949060542352e-01
3.070000000000000000e+02 6.345900569963477210e+03 1.067356777942521317e-12 1.726303697518428012e-12 1.884019702029720467e+00 -6.565879275580890083e-13 1.320124173727820482e-01 -9.420547935998828670e-01 -3.424955764574371326e-13 -1.320124173783311927e-01 -9.420547935998943023e-01
3.080000000000000000e+02 6.366571255859123994e+03 1.113954739776359467e-12 1.348345212118832375e-12 1.843221944235667875e+00 -7.226442937853778173e-13 1.245682647653097858e-01 -9.216684992904369267e-01 -2.941560311359357737e-13 -1.245682647707219148e-01 -9.216684992904597973e-01
3.090000000000000000e+02 6.387241941754770778e+03 7.949165631825650101e-13 6.784227463539191902e-12 1.698598168251652440e+00 -5.408351702071976811e-13 5.414222888313771631e-02 -8.493768604348850282e-01 -3.866851075753894088e-13 -5.414222888864118899e-02 -8.493768604356157770e-01
3.100000000000000000e+02 6.407912627650417562e+03 6.945119988514985740e-13 5.854144929167866797e-13 1.464048360125597581e+00 -3.348038254205741703e-13 -6.565682698954364294e-02 -7.321288362756795953e-01 -4.693312224276019654e-13 6.565682698520480809e-02 -7.321288362765930868e-01
3.110000000000000000e+02 6.428583313546064346e+03 4.685365039966453486e-13 6.161839862600650116e-12 1.162634357131520746e+00 2.419923710800180002e-14 -2.135230744865597996e-01 -5.814540441582360941e-01 -6.260655149397506491e-13 2.135230744833399030e-01 -5.814540441594121534e-01
3.120000000000000000e+02 6.449253999441711130e+03 4.967008143122517060e-13 3.712942837067071572e-13 8.221580364138199037e-01 2.996749753477564620e-13 -3.652527836829898567e-01 -4.112514157363308942e-01 -7.301078226293622238e-13 3.652527836808661110e-01 -4.112514157381577662e-01
3.130000000000000000e+02 6.469924685337357914e+03 2.700494893946699687e-13 3.162127282762943858e-12 4.708065680795254226e-01 5.570643005315799764e-13 -4.981528011381311516e-01 -2.356104435020133780e-01 -8.142229026530090439e-13 4.981528011372862164e-01 -2.356104435041599665e-01
3.140000000000000000e+02 6.490595371233004698e+03 1.258337836058458939e-13 -1.844934616026788477e-12 1.339828624015526604e-01 7.810216074427247271e-13 -5.939324411941787618e-01 -6.722540614757883948e-02 -8.423091533481454890e-13 5.939324411943615045e-01 -6.722540615011364518e-02
3.150000000000000000e+02 6.511266057128651482e+03 2.003181765241928197e-14 -1.295457768442600156e-12 -1.673832993924531942e-01 9.413309267944937367e-13 -6.399035761834682701e-01 8.344774630817669570e-02 -8.144504700579778250e-13 6.399035761846214587e-01 8.344774630573324747e-02
3.160000000000000000e+02 6.531936743024298266e+03 -1.795821045367957162e-13 -1.888564821841656946e-12 -4.173894700965576354e-01 1.036503259784499881e-12 -6.289758872578242732e-01 2.084646763087832644e-01 -8.034203495980058973e-13 6.289758872593314010e-01 2.084646763063398300e-01
3.170000000000000000e+02 6.552607428919945050e+03 -2.380391760452781526e-13 -2.292301574189759159e-12 -6.051908994556965959e-01 9.061778280766879270e-13 -5.591402657590540670e-01 3.024040265806335892e-01 -6.488337030143889178e-13 5.591402657613034899e-01 3.024040265785440940e-01
3.180000000000000000e+02 6.573278114815591834e+03 -3.779990366067832777e-13 -2.523639548039734703e-12 -7.250474584927921740e-01 8.025524121870120294e-13 -4.329761212115253444e-01 3.623899458969020992e-01 -4.059824657318928109e-13 4.329761212140487703e-01 3.623899458955661679e-01
3.190000000000000000e+02 6.593948800711238619e+03 -5.858995957339549604e-13 -2.174943239640572043e-12 -7.767115658019224655e-01 6.015524969370869368e-13 -2.574469943968141772e-01 3.882884162194504829e-01 -1.084429955972889249e-13 2.574469943988808573e-01 3.882884162186512333e-01
3.200000000000000000e+02 6.614619486606885403e+03 -3.115837144921572643e-13 -1.905106780795994678e-12 -7.661453676948420943e-01 2.758609488011624439e-13 -4.392269240484063947e-02 3.830697334184854919e-01 1.790763468626904295e-13 4.392269240674744751e-02 3.830697334181429881e-01
3.210000000000000000e+02 6.635290172502532187e+03 -4.014040897880971624e-13 -1.541877492365365345e-12 -7.062136836917820570e-01 -6.410605320610806309e-14 1.918669641405481019e-01 3.531585124517891416e-01 4.849282974848530036e-13 -1.918669641390295111e-01 3.531585124525770114e-01
3.220000000000000000e+02 6.655960858398178971e+03 -2.322015487469001281e-13 -1.122725132876360091e-12 -6.166807184822860055e-01 -5.249626550479336368e-13 4.303846592155561313e-01 3.084335667771844758e-01 8.455370965161450691e-13 -4.303846592147796968e-01 3.084335667792397206e-01
3.230000000000000000e+02 6.676631544293825755e+03 -2.760837777844506212e-13 -6.604279118354951285e-13 -5.227222976030256874e-01 -8.021951111993489199e-13 6.497454737119192636e-01 2.614833053892808845e-01 1.080705483340508726e-12 -6.497454737111999501e-01 2.614833053917814398e-01
3.240000000000000000e+02 6.697302230189472539e+03 -3.790180257912129027e-13 -3.259441683610609844e-13 -4.514517621481707321e-01 -1.139837163467377524e-12 8.282290882058744863e-01 2.258668434403295344e-01 1.429324740964168106e-12 -8.282290882054749170e-01 2.258668434436179318e-01
3.250000000000000000e+02 6.717972916085119323e+03 1.672958834432109799e-13 -2.458792902684325135e-14 -4.267477205923649319e-01 -1.451603721546107074e-12 9.475340153520880326e-01 2.135261869093259546e-01 1.628143682987190431e-12 -9.475340153520880326e-01 2.135261869129682910e-01
3.260000000000000000e+02 6.738643601980766107e+03 -1.583877543125221868e-13 -2.260654812859088037e-13 -4.636768521752804295e-01 -1.469149065642494811e-12 9.959946430304004172e-01 2.319967062105084410e-01 1.719594370242327372e-12 -9.959946430304689180e-01 2.319967062147102743e-01
3.270000000000000000e+02 6.759314287876412891e+03 -4.419609852558430256e-13 -9.369766724350506605e-13 -5.645511599173826944e-01 -1.359877358036771865e-12 9.707037501496759146e-01 2.824355660894979358e-01 1.694800699986541360e-12 -9.707037501487738584e-01 2.824355660936769263e-01
3.280000000000000000e+02 6.779984973772059675e+03 -3.870391112352593998e-13 -1.455362801082838564e-12 -7.180545566273517366e-01 -1.217173838253838153e-12 8.778741115289290242e-01 3.591852402011985745e-01 1.587367052384778310e-12 -8.778741115275703333e-01 3.591852402050007553e-01
3.290000000000000000e+02 6.800655659667706459e+03 -5.356203607858739669e-13 -2.179002820453128648e-12 -9.019917361628709829e-01 -9.698223371333365806e-13 7.312344972718252123e-01 4.511482817594147376e-01 1.493845181861011405e-12 -7.312344972697014667e-01 4.511482817630799169e-01
3.300000000000000000e+02 6.821326345563353243e+03 -6.539216444800309600e-13 -3.285487618981849282e-12 -1.088322889833157392e+00 -7.036865969769330044e-13 5.491875900504075148e-01 5.443048785010100588e-01 1.442959828980256432e-12 -5.491875900472904526e-01 5.443048785041271209e-01
3.310000000000000000e+02 6.841997031459000027e+03 -8.112488475831860996e-13 -3.789794292949670451e-12 -1.248629500171561491e+00 -1.301502232161573011e-13 3.516625009796998103e-01 6.244456142143481880e-01 9.110730231659115763e-13 -3.516625009760118159e-01 6.244456142166089352e-01
3.320000000000000000e+02 6.862667717354646811e+03 -6.065255310531188839e-13 -4.118559475952701910e-12 -1.358425937795266991e+00 2.677731715327766889e-14 1.575131837157182912e-01 6.793268403624653784e-01 7.531488392231301174e-13 -1.575131837114137068e-01 6.793268403639154407e-01
3.330000000000000000e+02 6.883338403250293595e+03 -9.724625751661739919e-13 -4.723330354413614442e-12 -1.399595577557398274e+00 4.188350773743211710e-13 -1.714754995993421696e-02 6.998884209396349920e-01 4.185334537481993669e-13 1.714754996442148863e-02 6.998884209404113710e-01
3.340000000000000000e+02 6.904009089145940379e+03 -5.703097028512341665e-13 -4.601250845230229902e-12 -1.361161946743068230e+00 6.630747833370161203e-13 -1.597266669158114716e-01 6.806396590091340348e-01 1.641986873951339272e-13 1.597266669206298673e-01 6.806396590093737320e-01
3.350000000000000000e+02 6.924679775041587163e+03 -5.284882643201279467e-13 -4.210977347565292802e-12 -1.239062649038803698e+00 7.757501961858256818e-13 -2.613619954833342751e-01 6.195475793202231962e-01 -1.010946854372576579e-13 2.613619954874562001e-01 6.195475793198692571e-01
3.360000000000000000e+02 6.945350460937233947e+03 -5.278067907866453643e-13 -3.932785995264817064e-12 -1.035625077517564385e+00 8.046898454373896705e-13 -3.169461761942723999e-01 5.177767475992168800e-01 -2.363020242970573015e-13 3.169461761980289505e-01 5.177767475983947598e-01
3.370000000000000000e+02 6.966021146832880731e+03 -3.635479564767094178e-13 -2.773320840168335436e-12 -7.591927524002329841e-01 7.731838688443153061e-13 -3.252539943101821485e-01 3.795036362903687621e-01 -2.916807820512756036e-13 3.252539943130937639e-01 3.795036362890557013e-01
3.380000000000000000e+02 6.986691832728527515e+03 -4.050810236882145983e-13 -1.484858101157404512e-12 -4.240162889912468813e-01 6.254975031171899317e-13 -2.892976691606105044e-01 2.118605841635169129e-01 -3.416214453072505926e-13 2.892976691619692509e-01 2.118605841621810093e-01
3.390000000000000000e+02 7.007362518624174299e+03 5.238455606507841208e-14 -8.815071227836873638e-14 -5.016594009751927652e-02 2.926636660074004199e-13 -2.167971305456128928e-01 2.488864162218025824e-02 -2.995551552366980635e-13 2.167971305459326092e-01 2.488864162109554953e-02
3.400000000000000000e+02 7.028033204519821084e+03 2.144788433409719602e-13 1.088163920199357072e-12 3.370194295317323618e-01 -1.483058560935587797e-14 -1.204317083981523706e-01 -1.687388414870345243e-01 -2.623000725876632973e-13 1.204317083969078106e-01 -1.687388414881078325e-01
3.410000000000000000e+02 7.048703890415467868e+03 1.879948715205171859e-13 2.805842601342830763e-12 7.085330645298663077e-01 -1.516723577993967774e-13 -1.734049634824173097e-02 -3.545146252957977473e-01 -2.329062186542380946e-13 1.734049634566126388e-02 -3.545146252962088074e-01
3.420000000000000000e+02 7.069374576311114652e+03 7.104945826417356759e-13 3.506731210538145526e-12 1.034704107775986204e+00 -4.227404487187443168e-13 7.262557873208931591e-02 -5.176000424404313405e-01 -1.793858866252305820e-13 -7.262557873567457301e-02 -5.176000424403628397e-01
3.430000000000000000e+02 7.090045262206761436e+03 7.483515014655617886e-13 4.283908488265648558e-12 1.289412582551587416e+00 -6.792549688734798287e-13 1.300351605388034015e-01 -6.449356893947465474e-01 -1.492460865170941638e-13 -1.300351605432564228e-01 -6.449356893945067393e-01
3.440000000000000000e+02 7.110715948102408220e+03 9.016452699558770592e-13 5.516509001165060584e-12 1.454585324816228598e+00 -7.268934424457740837e-13 1.398518693667341883e-01 -7.274900657133333004e-01 -2.000486542380894983e-13 -1.398518693718494577e-01 -7.274900657133676063e-01
3.450000000000000000e+02 7.131386633998055004e+03 9.384669933748261546e-13 2.769368836561896889e-12 1.523512144003315250e+00 -6.740743520419612392e-13 9.503205166683342808e-02 -7.619153757561714091e-01 -2.548676248546725308e-13 -9.503205167169749557e-02 -7.619153757560115370e-01
3.460000000000000000e+02 7.152057319893701788e+03 8.754549582061727978e-13 5.978229577352797133e-12 1.501695041161115629e+00 -5.506369301960353925e-13 -1.631282692546672962e-03 -7.509695719592851537e-01 -4.701666607132039447e-13 1.631282687682608515e-03 -7.509695719593879604e-01
3.470000000000000000e+02 7.172728005789348572e+03 9.587544022829068582e-13 -2.792808886401026595e-12 1.404915058047071730e+00 -2.063679464467101574e-13 -1.381553299945553204e-01 -7.025483883583418798e-01 -7.816196818642858843e-13 1.381553299904676735e-01 -7.025483883592895662e-01
3.480000000000000000e+02 7.193398691684995356e+03 9.412818310654571875e-13 3.381438290320724662e-12 1.255272850334227863e+00 4.008427446130473336e-14 -2.962425033669333074e-01 -6.277054954011581644e-01 -9.551418158648161844e-13 2.962425033635992522e-01 -6.277054954026196620e-01
3.490000000000000000e+02 7.214069377580642140e+03 9.025919109627083459e-13 2.033936981847493992e-12 1.076721814675599465e+00 4.916574622154581457e-13 -4.551716110293312356e-01 -5.384194883558697242e-01 -1.178132149552855139e-12 4.551716110264311110e-01 -5.384194883582903435e-01
3.500000000000000000e+02 7.234740063476288924e+03 5.885949430281609652e-13 2.364078254627550016e-12 8.914716220429461657e-01 7.300472486465380740e-13 -5.953333816119490418e-01 -4.457959966946504204e-01 -1.425284006506255396e-12 5.953333816095969233e-01 -4.457959966976076660e-01
3.510000000000000000e+02 7.255410749371935708e+03 4.923973205384739093e-13 1.908782725317998266e-12 7.177880777982813543e-01 1.023692892154229362e-12 -7.006760381652245018e-01 -3.589677235933879662e-01 -1.540154329629165370e-12 7.006760381635117607e-01 -3.589677235972472680e-01
3.520000000000000000e+02 7.276081435267582492e+03 2.380361265161270947e-13 2.534786790116958847e-12 5.691885693662056545e-01 1.160517201835274456e-12 -7.598422973550578163e-01 -2.846921329389128785e-01 -1.596689545815258019e-12 7.598422973538931924e-01 -2.846921329426694292e-01
3.530000000000000000e+02 7.296752121163229276e+03 3.391519349348271242e-13 7.301161675808169311e-12 4.544484184606096822e-01 1.283912401603670867e-12 -7.663882648761979333e-01 -2.273544595346944086e-01 -1.670464280550073310e-12 7.663882648755129257e-01 -2.273544595387820555e-01
3.540000000000000000e+02 7.317422807058876060e+03 1.370097506353191097e-13 3.114718121823393408e-12 3.778431207565473571e-01 1.312794121809641988e-12 -7.185895905869972289e-01 -1.890885351593522834e-01 -1.469588543628397552e-12 7.185895905864491118e-01 -1.890885351628690259e-01
3.550000000000000000e+02 7.338093492954522844e+03 1.164234436583094388e-13 -3.831878683628427566e-13 3.392291416841075602e-01 1.061887229096655650e-12 -6.192085652930471307e-01 -1.698169714867291125e-01 -1.313491505651143200e-12 6.192085652928187578e-01 -1.698169714896635429e-01
3.560000000000000000e+02 7.358764178850169628e+03 3.922753605898675212e-13 5.757055804487348706e-13 3.338072294581727606e-01 8.269105502619788355e-13 -4.753910341668731721e-01 -1.671331095347365903e-01 -1.042833929753610034e-12 4.753910341661195527e-01 -1.671331095373969899e-01
3.570000000000000000e+02 7.379434864745816412e+03 5.069900700604184463e-14 8.014849816958553803e-13 3.517969013643620912e-01 3.802464651062197745e-13 -2.985392230619557941e-01 -1.761394364224409537e-01 -6.802295563560020714e-13 2.985392230613049813e-01 -1.761394364240166377e-01
3.580000000000000000e+02 7.400105550641463196e+03 3.707358421580713902e-13 1.237100480639218524e-12 3.784292514693220477e-01 -2.810590300145397997e-14 -1.038725784604650343e-01 -1.894460005551091286e-01 -2.603525903416875881e-13 1.038725784592889750e-01 -1.894460005557028759e-01
3.590000000000000000e+02 7.420776236537109980e+03 2.143034488935094166e-13 1.284270996734677987e-12 3.948768105168800613e-01 -3.860351378309355650e-13 9.071348723409924930e-02 -1.976375724678145762e-01 6.792438040043501838e-14 -9.071348723560641869e-02 -1.976375724677917334e-01
3.600000000000000000e+02 7.441446922432756764e+03 2.616060279267919574e-13 1.682143631756099245e-12 3.805846723096449891e-01 -6.996949794659190108e-13 2.666944686250080077e-01 -1.904405707335774800e-01 4.022616724358292129e-13 -2.666944686267663789e-01 -1.904405707324242636e-01
3.610000000000000000e+02 7.462117608328403549e+03 2.374006034388998691e-13 1.736370550335953586e-12 3.169858341228847243e-01 -9.727821239320302977e-13 4.076833380858934097e-01 -1.585800187102067993e-01 7.303743854103960217e-13 -4.076833380874690937e-01 -1.585800187082543333e-01
3.620000000000000000e+02 7.482788294224050333e+03 4.546445251334461658e-14 1.431738532151383799e-12 1.918272710034279738e-01 -1.061410448527092914e-12 5.022589252615203836e-01 -9.593956325780321481e-02 9.542429539238868043e-13 -5.022589252629362511e-01 -9.593956325547395303e-02
3.630000000000000000e+02 7.503458980119697117e+03 -1.651361454052652019e-14 6.020177787739680466e-13 2.712885596602550731e-03 -1.123610066326526741e-12 5.459459188781558003e-01 -1.329322961220328345e-03 1.152354040230928452e-12 -5.459459188788751138e-01 -1.329322958537100356e-03
3.640000000000000000e+02 7.524129666015343901e+03 -1.624146627716950828e-13 -7.922247949742008478e-14 -2.415235630616388574e-01 -1.047803367271859915e-12 5.416372535452733672e-01 1.208296188325811982e-01 1.213886040747276547e-12 -5.416372535449537340e-01 1.208296188355156286e-01
3.650000000000000000e+02 7.544800351910990685e+03 -1.919854170978485485e-13 -1.070158767338135427e-12 -5.222086714873168667e-01 -8.525361050830080931e-13 4.983540453255150271e-01 2.612000776507307220e-01 1.236866650684393249e-12 -4.983540453247157775e-01 2.612000776531284707e-01
3.660000000000000000e+02 7.565471037806637469e+03 -7.179938342162617435e-13 -2.359488691351108298e-12 -8.144236260380155468e-01 -6.044247303379021771e-13 4.288882458422389465e-01 4.073245332212548919e-01 1.245662359781668540e-12 -4.288882458402636377e-01 4.073245332238696337e-01
3.670000000000000000e+02 7.586141723702284253e+03 -9.785492521644667843e-13 -3.433494032206624128e-12 -1.091439200656570296e+00 -3.257080119205180224e-13 3.471960745396777681e-01 5.458412620597560272e-01 1.219792943260923282e-12 -3.471960745362181466e-01 5.458412620621995170e-01
3.680000000000000000e+02 7.606812409597931037e+03 -7.780655027258291772e-13 -4.358498509830764507e-12 -1.328615344899301443e+00 -1.489197974750228208e-13 2.662673453687433578e-01 6.644331162603323016e-01 1.127415728865763780e-12 -2.662673453646214883e-01 6.644331162623076104e-01
3.690000000000000000e+02 7.627483095493577821e+03 -9.945377460765262837e-13 -4.993804731938914719e-12 -1.505974868299758462e+00 1.729451825745241477e-13 1.968027140356500837e-01 7.531137381080423854e-01 9.692567538807129908e-13 -1.968027140307175016e-01 7.531137381094924477e-01
3.700000000000000000e+02 7.648153781389224605e+03 -1.260446406528398269e-12 -5.432788662710797318e-12 -1.609392177948194780e+00 2.653651526069917610e-13 1.466428252382502850e-01 8.048216991659729036e-01 9.635613771124342714e-13 -1.466428252326212323e-01 8.048216991670690268e-01
3.710000000000000000e+02 7.668824467284871389e+03 -9.450628085937050105e-13 -5.557857252052078727e-12 -1.630861413154072181e+00 1.485836300715544039e-13 1.206549211030477214e-01 8.155546354883812521e-01 9.918813154711747614e-13 -1.206549210975328273e-01 8.155546354896143768e-01
3.720000000000000000e+02 7.689495153180518173e+03 -1.298441482377935805e-12 -5.302900170945609015e-12 -1.568321048871482937e+00 2.686813536488201461e-13 1.208273616861758049e-01 7.842816858171256511e-01 8.571114154743141672e-13 -1.208273616806038175e-01 7.842816858183816464e-01
3.730000000000000000e+02 7.710165839076164957e+03 -1.041700545658499347e-12 -4.860132373427929079e-12 -1.425582297017535582e+00 2.280597859289182710e-13 1.462681068017219199e-01 7.129077074315369744e-01 8.472704705996913152e-13 -1.462681067970862114e-01 7.129077074328042940e-01
3.740000000000000000e+02 7.730836524971811741e+03 -9.027814485974074767e-13 -4.435586418362991593e-12 -1.212387944356313252e+00 4.111222296906316453e-14 1.931089272052977646e-01 6.063025875279950405e-01 8.884923033536882776e-13 -1.931089272010617086e-01 6.063025875292853417e-01
3.750000000000000000e+02 7.751507210867458525e+03 -7.106787811493685714e-13 -3.315294170491337051e-12 -9.444590807421244794e-01 -2.442337618081090694e-13 2.543669072188036728e-01 4.723245891850631484e-01 9.719944762212846556e-13 -2.543669072156751754e-01 4.723245891867643986e-01
3.760000000000000000e+02 7.772177896763105309e+03 -5.256072362163238727e-13 -2.393819042809270719e-12 -6.430905708898477791e-01 -4.687074214812460292e-13 3.199986086603167634e-01 3.216184373844129807e-01 9.718954517332704664e-13 -3.199986086584099554e-01 3.216184373867422286e-01
3.770000000000000000e+02 7.792848582658752093e+03 -1.583752548479076982e-13 -1.498481679027114726e-12 -3.337488261125601263e-01 -6.520416837649719479e-13 3.774722285834093971e-01 1.669149929759506656e-01 9.291119795588684145e-13 -3.774722285822790235e-01 1.669149929785197217e-01
3.780000000000000000e+02 7.813519268554398877e+03 -2.395878119648617506e-14 -4.562660486433869150e-13 -4.332114660971252140e-02 -8.605115311786563902e-13 4.131360302955804920e-01 2.165696573306986547e-02 9.146017105053504231e-13 -4.131360302955005559e-01 2.165696573606137876e-02
3.790000000000000000e+02 7.834189954450045661e+03 2.337132158598512466e-13 3.666649159032180237e-13 2.038160468474272402e-01 -1.140043300879681685e-12 4.144186540290200615e-01 -1.019657995557605862e-01 9.348787642592928455e-13 -4.144186540297279953e-01 -1.019657995530431072e-01
3.800000000000000000e+02 7.854860640345692445e+03 3.214302133984380986e-13 1.293871134697582231e-12 3.900434330577631781e-01 -1.072893945863478716e-12 3.724802928369154720e-01 -1.951384266593956252e-01 7.479431768805843758e-13 -3.724802928383313394e-01 -1.951384266569864134e-01
3.810000000000000000e+02 7.875531326241339229e+03 4.200659564259739759e-13 1.614166080256467163e-12 5.077137052882820800e-01 -8.279601024309711283e-13 2.845421113971511873e-01 -2.540288065699919939e-01 3.748568722792997632e-13 -2.845421113987268713e-01 -2.540288065679938700e-01
3.820000000000000000e+02 7.896202012136986014e+03 5.306726159384883204e-13 2.090902318407902486e-12 5.601275560469717307e-01 -6.266570683905067219e-13 1.550215290697918302e-01 -2.802782819763156574e-01 1.715718337586003896e-13 -1.550215290716529526e-01 -2.802782819751852839e-01
3.830000000000000000e+02 7.916872698032632798e+03 4.777646853739147521e-13 1.770135688898200497e-12 5.599174877078668677e-01 -1.582423798878837973e-13 -5.007631594386051897e-03 -2.801972524904424722e-01 -2.626015417178307392e-13 5.007631592330813106e-03 -2.801972524904881579e-01
3.840000000000000000e+02 7.937543383928279582e+03 4.232054486069465338e-13 1.401660913193437492e-12 5.255318094573672161e-01 1.791268847286439547e-13 -1.798526925049969971e-01 -2.630091576778765261e-01 -6.832584279688507369e-13 1.798526925033071266e-01 -2.630091576790640207e-01
3.850000000000000000e+02 7.958214069823926366e+03 3.766173474012902295e-13 1.000590114769258479e-12 4.771516110690367518e-01 5.955819808681600253e-13 -3.519894558865205858e-01 -2.388082227039545480e-01 -1.010275503762356336e-12 3.519894558849905875e-01 -2.388082227063294816e-01
3.860000000000000000e+02 7.978884755719573150e+03 1.921642234898674400e-13 7.140648315155061255e-12 4.332800984740349248e-01 1.012383311362933688e-12 -5.047137111965057654e-01 -2.168518919636612530e-01 -1.330184528725212816e-12 5.047137111952041399e-01 -2.168518919670638090e-01
3.870000000000000000e+02 7.999555441615219934e+03 3.242847852848149589e-13 2.226813550259505612e-12 4.086310937096581664e-01 1.372835111347956966e-12 -6.240617579799980774e-01 -2.045029791119366835e-01 -1.770848352283530560e-12 6.240617579783767077e-01 -2.045029791164696409e-01
3.880000000000000000e+02 8.020226127510866718e+03 2.548344610153312494e-13 3.218727352957041083e-12 4.132684348684090847e-01 1.609159582061349214e-12 -6.998644391218771244e-01 -2.067982034530665703e-01 -1.882318522064849316e-12 6.998644391201872539e-01 -2.067982034580105599e-01
3.890000000000000000e+02 8.040896813406513502e+03 3.727667212315843075e-13 4.115169891067195449e-12 4.525407766424380251e-01 1.654483888562726004e-12 -7.261525512740985011e-01 -2.264153450626154029e-01 -1.961050062030199020e-12 7.261525512726597631e-01 -2.264153450676279211e-01
3.900000000000000000e+02 8.061567499302160286e+03 5.603706981909423330e-13 3.620591424276825272e-12 5.272748373872502281e-01 1.507402351976199675e-12 -7.012626422719772101e-01 -2.637701309165216279e-01 -1.934315962459875554e-12 7.012626422703330809e-01 -2.637701309209974920e-01
3.910000000000000000e+02 8.082238185197807070e+03 5.707152665600079362e-13 4.781854821243689458e-12 6.338620304136890482e-01 1.318917102466250649e-12 -6.279084232703217028e-01 -3.170598877959851514e-01 -1.826835008153685562e-12 6.279084232679010835e-01 -3.170598878001870125e-01
3.920000000000000000e+02 8.102908871093453854e+03 6.327668620284065261e-13 7.474745491072286965e-12 7.641243480709478675e-01 9.263676556458381453e-13 -5.132760700370677664e-01 -3.821965866337678208e-01 -1.563430418239722835e-12 5.132760700345330163e-01 -3.821965866370562459e-01
3.930000000000000000e+02 8.123579556989100638e+03 8.101311238009217765e-13 2.481488940670314650e-12 9.050981050978850195e-01 5.074534586765328118e-13 -3.690655742138606588e-01 -4.526984480174647829e-01 -1.299919573476331833e-12 3.690655742112573523e-01 -4.526984480199767735e-01
3.940000000000000000e+02 8.144250242884747422e+03 8.418724027038946894e-13 8.897577009308184293e-12 1.039277869220113892e+00 9.477140467753698932e-14 -2.109598238254276614e-01 -5.198113995374736840e-01 -9.889279868719957924e-13 2.109598238224361377e-01 -5.198113995385241770e-01
3.950000000000000000e+02 8.164920928780394206e+03 9.854482909033744774e-13 3.462698043795189648e-12 1.145717692420497702e+00 -3.242258035012183664e-13 -5.732184085426075132e-02 -5.730592986049176663e-01 -5.689658894801084207e-13 5.732184085042429933e-02 -5.730592986051231685e-01
3.960000000000000000e+02 8.185591614676040990e+03 1.229281336237915603e-12 4.195276270264194843e-12 1.202535523408197804e+00 -6.877990464723481402e-13 7.323735101294172323e-02 -6.014961992946386005e-01 -3.441186072331601533e-13 -7.323735101650413748e-02 -6.014961992936794788e-01
3.970000000000000000e+02 8.206262300571686865e+03 8.878398373739930777e-13 2.985992235022902604e-12 1.190634490113480881e+00 -1.021857479714888300e-12 1.650602115353344002e-01 -5.955676339220598026e-01 -9.759251656362996109e-15 -1.650602115389653290e-01 -5.955676339206440462e-01
3.980000000000000000e+02 8.226932986467332739e+03 8.323552831371051328e-13 3.315131747337026144e-12 1.097890176639415794e+00 -1.053696103898898666e-12 2.086368457530298759e-01 -5.492054895754716615e-01 6.287199993311872616e-14 -2.086368457565009327e-01 -5.492054895737817910e-01
3.990000000000000000e+02 8.247603672362978614e+03 7.254315433876812120e-13 2.885400086879653167e-12 9.224390178857920786e-01 -8.944206169654846453e-13 2.026682839605649655e-01 -4.614739930311923533e-01 1.457760889115113159e-13 -2.026682839633737743e-01 -4.614739930295481685e-01
4.000000000000000000e+02 8.268274358258624488e+03 5.122686473258247669e-13 2.601296403587378288e-12 6.738163209669968401e-01 -7.048597717325102202e-13 1.541965153336487815e-01 -3.371405607880584854e-01 1.778724981199302791e-13 -1.541965153360009000e-01 -3.371405607870536780e-01
4.010000000000000000e+02 8.288945044154270363e+03 2.075740137017770442e-13 1.717597386111287322e-12 3.714296602688746951e-01 -4.704087856179821698e-13 7.671210411422865749e-02 -1.859129659861822603e-01 6.999319365460165073e-14 -7.671210411581576294e-02 -1.859129659857483852e-01
4.020000000000000000e+02 8.309615730049916237e+03 3.392455771738980638e-14 5.637367842556844884e-13 4.099027632631286472e-02 -7.492995556530703104e-14 -1.297009707869734192e-02 -2.065277103899877328e-02 1.355720249836786279e-15 1.297009707822920424e-02 -2.065277103931847935e-02
4.030000000000000000e+02 8.330286415945562112e+03 -1.991098760798652311e-13 -4.536355261431167700e-13 -2.898016653820204014e-01 3.702074001751007751e-13 -9.795554479714914387e-02 1.447854236100622749e-01 -1.550627287120752913e-13 9.795554479741176712e-02 1.447854236088405577e-01
4.040000000000000000e+02 8.350957101841207987e+03 -4.809758135088633240e-13 -1.481098647097682581e-12 -5.950338885900161578e-01 7.298994932742357015e-13 -1.637425126117127150e-01 2.974432460127912070e-01 -1.746879771995828594e-13 1.637425126132427411e-01 2.974432460110442156e-01
4.050000000000000000e+02 8.371627787736853861e+03 -8.657891623734399634e-13 -2.615808351294747074e-12 -8.531008982137335828e-01 9.180371145842145799e-13 -1.995786750025700385e-01 4.265163909177540069e-01 -1.040283383124863417e-13 1.995786750051276592e-01 4.265163909158814493e-01
4.060000000000000000e+02 8.392298473632499736e+03 -9.890238866437163855e-13 -3.080978877520768921e-12 -1.047927020302497292e+00 9.570850374551596589e-13 -1.988637141120541685e-01 5.239652436905797295e-01 2.513762799661321677e-14 1.988637141152968801e-01 5.239652436885244846e-01
4.070000000000000000e+02 8.412969159528145610e+03 -1.082347273276058436e-12 -3.733573249100469429e-12 -1.169309120394115942e+00 1.002079991577696791e-12 -1.590050052629456701e-01 5.846868604044703766e-01 7.268047818439163123e-14 1.590050052670447245e-01 5.846868604028261363e-01
4.080000000000000000e+02 8.433639845423791485e+03 -1.113885123100007356e-12 -4.101024075927927574e-12 -1.212916303550537478e+00 7.542986462638252586e-13 -8.112697639108722159e-02 6.065154262118127582e-01 3.285079719828166327e-13 8.112697639525477677e-02 6.065154262109222483e-01
4.090000000000000000e+02 8.454310531319437359e+03 -9.899231323201498488e-13 -4.776422233697302128e-12 -1.180356849691350352e+00 4.553428258078244363e-13 3.011297913393784845e-02 5.902555487273195567e-01 6.328157468654929685e-13 -3.011297912950766653e-02 5.902555487273767332e-01
4.100000000000000000e+02 8.474981217215083234e+03 -1.136494470135500558e-12 -4.453384019795271396e-12 -1.079362941416007748e+00 -1.204286568832203446e-14 1.665996253186786125e-01 5.397740386005456248e-01 1.016059120810786312e-12 -1.665996253144881867e-01 5.397740386021441239e-01
4.110000000000000000e+02 8.495651903110729108e+03 -9.293471827773070724e-13 -3.994858519621807933e-12 -9.240801516640853031e-01 -4.781374250249599611e-13 3.167628873477660867e-01 4.621441542177571749e-01 1.364544953476481373e-12 -3.167628873440095916e-01 4.621441542203833519e-01
4.120000000000000000e+02 8.516322589006374983e+03 -6.071437795010411375e-13 -3.127041439317389309e-12 -7.346730993640403495e-01 -1.043153401459897037e-12 4.659778267383039574e-01 3.674482342723624506e-01 1.693233046467448645e-12 -4.659778267348899661e-01 3.674482342763016884e-01
4.130000000000000000e+02 8.536993274902020858e+03 -5.145060708325618395e-13 -2.378599352203437507e-12 -5.360132352715689663e-01 -1.503961849154668108e-12 5.974907050272288966e-01 2.681216851682798330e-01 1.951017967185312484e-12 -5.974907050246826001e-01 2.681216851731781925e-01
4.140000000000000000e+02 8.557663960797666732e+03 -3.246802947197798089e-13 -1.917746250788707665e-12 -3.546819044134202903e-01 -1.856977558423804833e-12 6.942818017357482718e-01 1.774547159821824038e-01 2.138439520149268750e-12 -6.942818017334646541e-01 1.774547159881540159e-01
4.150000000000000000e+02 8.578334646693312607e+03 -3.628331795627355744e-13 -1.209274872713942734e-12 -2.146430247882414877e-01 -1.969160715429520390e-12 7.416637504611313103e-01 1.074287839381931620e-01 2.225482989082767726e-12 -7.416637504595898767e-01 1.074287839444388049e-01
4.160000000000000000e+02 8.599005332588958481e+03 -9.309389777760030992e-14 -8.380649158235501816e-13 -1.325846484416744187e-01 -2.014036201583633240e-12 7.300662390106783528e-01 6.638734237241510072e-02 2.132970710139533044e-12 -7.300662390098220378e-01 6.638734237858082143e-02
4.170000000000000000e+02 8.619676018484604356e+03 -2.402135480591333524e-13 -5.878754575489877102e-13 -1.142217413274445453e-01 -1.901670102142968464e-12 6.573061268590233430e-01 5.718720273630106821e-02 2.023412559185782558e-12 -6.573061268584523553e-01 5.718720274169036139e-02
4.180000000000000000e+02 8.640346704380250230e+03 -1.131013352186957936e-13 -6.914990068668442578e-13 -1.532301579698235605e-01 -1.528966404866064274e-12 5.293574798670976911e-01 7.666565979136580333e-02 1.604176657322237943e-12 -5.293574798663783776e-01 7.666565979571605960e-02
4.190000000000000000e+02 8.661017390275896105e+03 2.419309760422575733e-14 -1.024289378829273019e-12 -2.331371830288301306e-01 -9.557777156253634937e-13 3.593658294745133985e-01 1.165861165273530953e-01 1.167940372884678428e-12 -3.593658294734629610e-01 1.165861165303446051e-01
4.200000000000000000e+02 8.681688076171541979e+03 -2.586568930800460096e-13 -1.038915325255280041e-12 -3.314152681045673954e-01 -4.094197951670929365e-13 1.652232616682985655e-01 1.656854421417645051e-01 7.439022758536608848e-13 -1.652232616673737220e-01 1.656854421428149704e-01
4.210000000000000000e+02 8.702358762067187854e+03 -4.762814391863073281e-13 -1.468952807888063910e-12 -4.242345295273174943e-01 2.854819185291429867e-13 -3.346318998903127784e-02 2.120506399048673329e-01 1.670180350591820473e-13 3.346318999026442337e-02 2.120506399039995549e-01
4.220000000000000000e+02 8.723029447962833729e+03 -4.957328528938276365e-13 -1.448323544973125333e-12 -4.903944328494705407e-01 9.179425071805279617e-13 -2.181125209789863961e-01 2.450847496258373448e-01 -4.044828610846550924e-13 2.181125209802537990e-01 2.450847496236907563e-01
4.230000000000000000e+02 8.743700133858479603e+03 -6.910405002028888025e-13 -1.728692614784167649e-12 -5.136872323566671339e-01 1.423775486954976468e-12 -3.730665489004564850e-01 2.566880677576066638e-01 -8.542559682646444372e-13 3.730665489019751035e-01 2.566880677543182943e-01
4.240000000000000000e+02 8.764370819754125478e+03 -4.295380634465153985e-13 -1.904402231161362952e-12 -4.837483897350545181e-01 1.677283724800765621e-12 -4.865546438232227211e-01 2.416823977881975838e-01 -1.236199486790372567e-12 4.865546438250267225e-01 2.416823977838701842e-01
4.250000000000000000e+02 8.785041505649771352e+03 -2.888901847593024371e-13 -1.078346680808277523e-12 -3.959401958754585338e-01 1.841551118213799962e-12 -5.509882300168771341e-01 1.977518161165870147e-01 -1.466846100405615087e-12 5.509882300179047565e-01 1.977518161118828055e-01
4.260000000000000000e+02 8.805712191545417227e+03 -2.633464350596229661e-13 -7.030233094631866816e-13 -2.509089802644239309e-01 1.868813885553535182e-12 -5.629762842981274051e-01 1.252204848584013708e-01 -1.632887421442554124e-12 5.629762842987439120e-01 1.252204848533432224e-01
4.270000000000000000e+02 8.826382877441063101e+03 -7.519368068701631132e-14 -3.173503542102112921e-13 -5.427958659767838367e-02 1.722286246780886273e-12 -5.233877932073048855e-01 2.689953168691679164e-02 -1.599576041456572760e-12 5.233877932073048855e-01 2.689953168254369947e-02
4.280000000000000000e+02 8.847053563336708976e+03 2.727544270847655563e-13 8.483292202661628258e-13 1.833489593153277142e-01 1.237154958624581556e-12 -4.375951197545383531e-01 -9.191478930793185731e-02 -1.423105693350688778e-12 4.375951197536362969e-01 -9.191478931160845800e-02
4.290000000000000000e+02 8.867724249232354850e+03 4.712971939950210724e-13 1.465806580813839171e-12 4.462682329307841034e-01 7.767879553667475043e-13 -3.157746501363721259e-01 -2.233722735527607361e-01 -1.170068888129673920e-12 3.157746501346822554e-01 -2.233722735553982930e-01
4.300000000000000000e+02 8.888394935128000725e+03 7.484417794220913023e-13 2.910448440269389271e-12 7.138118621639222283e-01 1.051000127569289889e-13 -1.729096821212189328e-01 -3.571428323455496656e-01 -9.268520596654192671e-13 1.729096821181360932e-01 -3.571428323467713550e-01
4.310000000000000000e+02 8.909065621023646599e+03 9.491006135254016580e-13 3.417540793702936180e-12 9.613913144884164153e-01 -3.494038699654285841e-13 -2.797405214729948783e-02 -4.809333735203566995e-01 -5.576791729120356162e-13 2.797405214371423768e-02 -4.809333735203452642e-01
4.320000000000000000e+02 8.929736306919292474e+03 1.122972869556920999e-12 4.548257180460718676e-12 1.162908315165934292e+00 -9.236631376544246016e-13 9.813686727297635248e-02 -5.816942827659080661e-01 -2.524371456829823023e-13 -9.813686727731520121e-02 -5.816942827645150693e-01
4.330000000000000000e+02 8.950406992814938349e+03 1.274112698167355962e-12 4.622075691824471127e-12 1.294569417887997842e+00 -1.212794979330640452e-12 1.859389023829166598e-01 -6.475277029530415174e-01 -4.155302777398239652e-14 -1.859389023878720570e-01 -6.475277029509977078e-01
4.340000000000000000e+02 8.971077678710584223e+03 1.249871038279018746e-12 5.365394061720324863e-12 1.339401760444812961e+00 -1.500139391470348555e-12 2.213222335202865709e-01 -6.699461806562168054e-01 1.087041632535415689e-13 -2.213222335257215290e-01 -6.699461806540930597e-01
4.350000000000000000e+02 8.991748364606230098e+03 1.176361055004864019e-12 4.794149154440507111e-12 1.291000572564496407e+00 -1.280723011376848612e-12 1.987891535905910723e-01 -6.457466720987151687e-01 7.023745739484425372e-14 -1.987891535955921551e-01 -6.457466720966485996e-01
4.360000000000000000e+02 9.012419050501875972e+03 1.312289457441334502e-12 4.565749394722790918e-12 1.155167928334831950e+00 -1.047557962128295069e-12 1.228236500400337328e-01 -5.778299901500305591e-01 -1.697532055588057462e-13 -1.228236500449434582e-01 -5.778299901491626978e-01
4.370000000000000000e+02 9.033089736397521847e+03 9.379794876280739684e-13 3.536767417821845200e-12 9.486925303788121822e-01 -6.140271221901113993e-13 6.732665442362626221e-03 -4.745908240472170858e-01 -4.468898147289203232e-13 -6.732665446587283303e-03 -4.745908240469430828e-01
4.380000000000000000e+02 9.053760422293167721e+03 6.471346365541347633e-13 2.823829698718858308e-12 6.957446276619994041e-01 8.739488249691441338e-14 -1.305682620393878168e-01 -3.481151092110029710e-01 -8.006583581134059859e-13 1.305682620359852331e-01 -3.481151092123617175e-01
4.390000000000000000e+02 9.074431108188813596e+03 5.185710832452984758e-13 1.757361565225765691e-12 4.233578683095297612e-01 6.092488906292582028e-13 -2.684638519276263402e-01 -2.119202618156924567e-01 -1.103786924187034461e-12 2.684638519255482803e-01 -2.119202618182500775e-01
4.400000000000000000e+02 9.095101794084459470e+03 -1.780142134812398958e-14 8.807594146972769988e-13 1.573867809225169279e-01 1.256486853734065173e-12 -3.880352910835028202e-01 -7.893289901423285182e-02 -1.390244034220834161e-12 3.880352910824751977e-01 -7.893289901796653185e-02
4.410000000000000000e+02 9.115772479980105345e+03 -1.451468597900045478e-13 3.547912971166940438e-13 -8.018762478434471319e-02 1.581441735149290395e-12 -4.742059031091868104e-01 3.985868990461644001e-02 -1.510795581258777140e-12 4.742059031089926879e-01 3.985868990028901965e-02
4.420000000000000000e+02 9.136443165875751220e+03 -3.010157165137043561e-13 -1.121547566523075111e-12 -2.725302007971035501e-01 1.871291591078848926e-12 -5.166183991725924463e-01 1.360397639155256078e-01 -1.596565353202343583e-12 5.166183991734830672e-01 1.360397639110154933e-01
4.430000000000000000e+02 9.157113851771397094e+03 -3.270189771427163278e-13 -1.476196002656662217e-12 -4.082475213371435929e-01 1.937095082561465057e-12 -5.096639179216562177e-01 2.039155917854623967e-01 -1.488381526890807084e-12 5.096639179233689587e-01 2.039155917806782514e-01
4.440000000000000000e+02 9.177784537667042969e+03 -6.156261411089015335e-13 -2.286848795402952842e-12 -4.813051641498570232e-01 1.762479525048842942e-12 -4.521847803320794834e-01 2.404692581129139195e-01 -1.293523163171339597e-12 4.521847803341689787e-01 2.404692581088605230e-01
4.450000000000000000e+02 9.198455223562688843e+03 -5.670483543780313577e-13 -2.565927381104969607e-12 -4.910385177384508082e-01 1.384386339817898640e-12 -3.472365836591564392e-01 2.453671223987674288e-01 -8.548658667402727241e-13 3.472365836615656232e-01 2.453671223959585923e-01
4.460000000000000000e+02 9.219125909458334718e+03 -4.708224530573506306e-13 -2.425368084798984185e-12 -4.424341316366518506e-01 8.973624042492943557e-13 -2.020299865544271933e-01 2.211000012989941532e-01 -3.945623630214245251e-13 2.020299865565280961e-01 2.211000012973271256e-01
4.470000000000000000e+02 9.239796595353980592e+03 -2.099029503244348429e-13 -1.909263303859451236e-12 -3.465843609213496435e-01 2.367092229730074547e-13 -2.797756524467003014e-02 1.732111230192990292e-01 4.673685853747614268e-14 2.797756524669101422e-02 1.732111230193675300e-01
4.480000000000000000e+02 9.260467281249626467e+03 -3.034714297262923026e-13 -1.334625230564210538e-12 -2.208141741328934760e-01 -5.004353603074286252e-13 1.595235205267705458e-01 1.103601941993803959e-01 7.424262862636061869e-13 -1.595235205251948618e-01 1.103601942012643611e-01
4.490000000000000000e+02 9.281137967145272341e+03 8.232531238231760015e-14 -1.370069372001683012e-12 -8.784813643209622713e-02 -1.228696298088262103e-12 3.419598963552577531e-01 4.390744298608317830e-02 1.258898688243860813e-12 -3.419598963543100667e-01 4.390744298982827976e-02
4.500000000000000000e+02 9.301808653040918216e+03 2.576533124973383823e-14 -4.274886800722470012e-13 2.658622218324499520e-02 -1.941577747689574090e-12 4.995505718430878206e-01 -1.328447146273143212e-02 1.826066891582000547e-12 -4.995505718426881958e-01 -1.328447145760475352e-02
4.510000000000000000e+02 9.322479338936564091e+03 3.966746555436443297e-13 -1.441273913755882478e-13 9.782693661226160575e-02 -2.232932982111847238e-12 6.140525638171610012e-01 -4.888489042490663100e-02 2.132983988229423803e-12 -6.140525638171953071e-01 -4.888489041886651121e-02
4.520000000000000000e+02 9.343150024832209965e+03 1.493488541538341183e-13 1.478389710954840712e-13 1.072825366558250032e-01 -2.465975137880154499e-12 6.719921320827029199e-01 -5.359800069124179972e-02 2.392615988812761546e-12 -6.719921320830682943e-01 -5.359800068479063373e-02
4.530000000000000000e+02 9.363820710727855840e+03 -6.942359697728236946e-14 -9.095022323637227244e-14 4.686808772127225992e-02 -2.413954819115376726e-12 6.673847822401051122e-01 -2.338119737447209509e-02 2.344221571791641036e-12 -6.673847822400251761e-01 -2.338119736819219835e-02
4.540000000000000000e+02 9.384491396623501714e+03 1.303979360676060242e-14 -2.852453942541247173e-13 -7.889407481254293031e-02 -2.072286080676562501e-12 6.029201617632993226e-01 3.950438408959853348e-02 2.215072534370322997e-12 -6.029201617631508858e-01 3.950438409509058474e-02
4.550000000000000000e+02 9.405162082519147589e+03 -2.724828548135285173e-13 -9.788540792459531667e-13 -2.538358106709546202e-01 -1.667675540789374853e-12 4.892544464789365666e-01 1.269746357092723099e-01 1.923713675987337592e-12 -4.892544464779318147e-01 1.269746357137938320e-01
4.560000000000000000e+02 9.425832768414793463e+03 -5.413240908892717841e-13 -1.773665183435153795e-12 -4.538983226740329613e-01 -9.611044933178043735e-13 3.426146702436562164e-01 2.270002306784249524e-01 1.554956315304492619e-12 -3.426146702420576617e-01 2.270002306813593551e-01
4.570000000000000000e+02 9.446503454310439338e+03 -7.194409321283943656e-13 -2.041331996407555498e-12 -6.521351985821560726e-01 -2.249309396095315620e-13 1.816433649368196235e-01 3.261083235773580835e-01 9.046645707087768337e-13 -1.816433649345817192e-01 3.261083235783172052e-01
4.580000000000000000e+02 9.467174140206085212e+03 -8.263886492399455222e-13 -3.329816869973480554e-12 -8.232438820337538710e-01 4.228949797376347740e-13 2.449845541695102810e-02 4.116482962160244452e-01 6.125401423509336673e-13 -2.449845541378824210e-02 4.116482962156590708e-01
4.590000000000000000e+02 9.487844826101731087e+03 -1.082511263844561003e-12 -3.807441409529619652e-12 -9.466250535433003988e-01 9.402886991506944082e-13 -1.131923534947141263e-01 4.733212771972959976e-01 1.323526431746662712e-13 1.131923534986990082e-01 4.733212771957317488e-01
4.600000000000000000e+02 9.508515511997376962e+03 -1.389444889113489677e-12 -4.369491826659168442e-12 -1.007749532886232480e+00 1.391184107626078041e-12 -2.193703128253454704e-01 5.038634231138406916e-01 -2.437004967851852154e-13 2.193703128297756488e-01 5.038634231112602002e-01
4.610000000000000000e+02 9.529186197893022836e+03 -1.120484262133834572e-12 -4.612212269736332193e-12 -9.983876406882862264e-01 1.645722871525602343e-12 -2.858775745814678415e-01 4.991605966864986477e-01 -5.247295916804489308e-13 2.858775745856810824e-01 4.991605966831760277e-01
4.620000000000000000e+02 9.549856883788668711e+03 -1.055283255346489746e-12 -4.050614066155132772e-12 -9.162702877818201808e-01 1.735758080189707905e-12 -3.084250561253339962e-01 4.580790332994978398e-01 -6.356496844644531837e-13 3.084250561294102355e-01 4.580790332963350364e-01
4.630000000000000000e+02 9.570527569684314585e+03 -8.920748198526717518e-13 -3.716678733387633972e-12 -7.647559416218528971e-01 1.535601113945262725e-12 -2.865452614997460179e-01 3.822988392740679364e-01 -6.169522229999494588e-13 2.865452615032285100e-01 3.822988392713390082e-01
4.640000000000000000e+02 9.591198255579960460e+03 -7.698276248029598676e-13 -3.044460425542741127e-12 -5.528053774415913058e-01 1.126191961027949092e-12 -2.237418759325656425e-01 2.763010578642581261e-01 -4.912825673433119897e-13 2.237418759356256670e-01 2.763010578627166924e-01
4.650000000000000000e+02 9.611868941475606334e+03 -3.098343765228948968e-13 -1.773331077455126879e-12 -2.951041934779934928e-01 6.569743246388718966e-13 -1.277467586221162354e-01 1.474284187311799277e-01 -2.697453230717726875e-13 1.277467586238060782e-01 1.474284187304149285e-01
4.660000000000000000e+02 9.632539627371252209e+03 3.588352262315334928e-14 -4.161236667043365487e-13 -1.198839812957177772e-02 -8.981986556728813195e-16 -1.065470681918024957e-02 5.848074090083754673e-03 -8.900899873656422321e-16 1.065470681938577267e-02 5.848074090300696588e-03
4.670000000000000000e+02 9.653210313266898083e+03 3.740723035758544871e-13 6.729945364893316405e-13 2.714391246827907445e-01 -6.846623161470654275e-13 1.115090056950761854e-01 -1.358892236500504336e-01 3.265127392967097029e-13 -1.115090056961152154e-01 -1.358892236485546856e-01
4.680000000000000000e+02 9.673880999162543958e+03 6.423227838310420359e-13 2.172794712457830720e-12 5.275448610108125491e-01 -1.212260145520410271e-12 2.202280614023938987e-01 -2.639659523405827879e-01 5.505940334684022595e-13 -2.202280614044719587e-01 -2.639659523381050477e-01
4.690000000000000000e+02 9.694551685058189832e+03 9.127547492515861657e-13 3.402390466733568808e-12 7.298909015464153383e-01 -1.566014092687631350e-12 2.971220443423051583e-01 -3.651607728250975682e-01 7.264249870833041313e-13 -2.971220443457990856e-01 -3.651607728220718219e-01
4.700000000000000000e+02 9.715222370953835707e+03 8.660644511749032207e-13 4.044351144291882750e-12 8.578543962845958104e-01 -1.811117707030456368e-12 3.274019619524810576e-01 -4.291595198020032309e-01 7.507590084362464932e-13 -3.274019619565458616e-01 -4.291595197988290478e-01
4.710000000000000000e+02 9.735893056849481582e+03 9.891959114188728481e-13 4.352116575483477658e-12 9.008121632827604808e-01 -1.677881033743833331e-12 3.031979452539427800e-01 -4.506489541759733930e-01 6.440768136337692660e-13 -3.031979452585100154e-01 -4.506489541730161474e-01
4.720000000000000000e+02 9.756563742745127456e+03 1.028344644672647164e-12 4.454020425821288446e-12 8.603592937055740686e-01 -1.380661406230085768e-12 2.255565965154256725e-01 -4.304266893988877851e-01 3.400302452777867439e-13 -2.255565965202440681e-01 -4.304266893967868546e-01
4.730000000000000000e+02 9.777234428640773331e+03 9.127834939983632726e-13 4.343078213063477096e-12 7.496460344385140750e-01 -7.937065982232206021e-13 1.042793536395620752e-01 -3.750694600142201462e-01 1.096053112352753712e-14 -1.042793536435583646e-01 -3.750694600135008328e-01
4.740000000000000000e+02 9.797905114536419205e+03 7.712262559030743686e-13 3.972386143144625562e-12 5.901076357684769125e-01 -1.576670021610596693e-13 -4.433347837076311027e-02 -2.952973950782828982e-01 -5.314628244744627878e-13 4.433347836688099342e-02 -2.952973950794361424e-01
4.750000000000000000e+02 9.818575800432065080e+03 3.442193096262745657e-13 3.269121584515462290e-12 4.069598251666547428e-01 5.555693560627957155e-13 -2.008697697177377894e-01 -2.037207970710975813e-01 -9.683980697349878209e-13 2.008697697145864214e-01 -2.037207970738150742e-01
4.760000000000000000e+02 9.839246486327710954e+03 1.580152285895525525e-13 1.354088291751637626e-12 2.248679093373444626e-01 1.242987930083940853e-12 -3.462334716885487884e-01 -1.126737383061178904e-01 -1.512414602294614614e-12 3.462334716867447315e-01 -1.126737383102626167e-01
4.770000000000000000e+02 9.859917172223356829e+03 1.096291891772285043e-13 5.112511855994563612e-13 6.494497448503147585e-02 1.860681033469436346e-12 -4.641326431851521273e-01 -3.271274121846207833e-02 -1.885665613987550514e-12 4.641326431841701905e-01 -3.271274122369152021e-02
4.780000000000000000e+02 9.880587858119002703e+03 -1.214138731391735044e-13 -2.731857729199075380e-13 -5.674510587377279425e-02 2.235663926474591242e-12 -5.424043908441049666e-01 2.813136088915902527e-02 -2.116604548853342575e-12 5.424043908438994643e-01 2.813136088335868590e-02
4.790000000000000000e+02 9.901258544014648578e+03 -2.515709089717908279e-13 -4.803445056889825485e-13 -1.295632532436727102e-01 2.448047119187782923e-12 -5.734168173151370507e-01 6.454045666382388080e-02 -2.265680146302620782e-12 5.734168173156966031e-01 6.454045665789794051e-02
4.800000000000000000e+02 9.921929229910294453e+03 -2.865493243705129688e-13 -1.061407402288054005e-12 -1.481175983106558514e-01 2.363518544736531402e-12 -5.539570087195062609e-01 7.381975294892227646e-02 -2.140047617869110802e-12 5.539570087206366900e-01 7.381975294379559960e-02
4.810000000000000000e+02 9.942599915805940327e+03 2.101907661134489009e-14 -1.297223997329776656e-12 -1.121519242944697126e-01 2.068698440425713761e-12 -4.851183933298484630e-01 5.584171522108391517e-02 -1.890695313069900918e-12 4.851183933308989560e-01 5.584171521664231530e-02
4.820000000000000000e+02 9.963270601701586202e+03 1.522109516873741405e-13 -1.383184752292276496e-12 -2.662587101018791189e-02 1.526906744745501509e-12 -3.722482526496481703e-01 1.308611883994582545e-02 -1.573860735732703723e-12 3.722482526506986078e-01 1.308611883678304291e-02
4.830000000000000000e+02 9.983941287597232076e+03 6.232523268686383886e-14 -6.707137438109389541e-13 9.790559107544302697e-02 8.788075321529576643e-13 -2.250784927970441995e-01 -4.917006491263688217e-02 -9.666902901269127295e-13 2.250784927976036687e-01 -4.917006491390427808e-02
4.840000000000000000e+02 1.000461197349287795e+04 4.656839339602440881e-13 1.567886928194976774e-13 2.451805236953827072e-01 1.699517675396616527e-13 -5.759082904351367493e-02 -1.227964542485879829e-01 -4.267594450091649065e-13 5.759082904338808095e-02 -1.227964542481655152e-01
4.850000000000000000e+02 1.002528265938852383e+04 4.924272327704173085e-13 5.366947629994818158e-13 3.938095626179305975e-01 -6.906678815106603561e-13 1.126530384709748395e-01 -1.970985551825271964e-01 2.713802662172732867e-13 -1.126530384714886507e-01 -1.970985551805062019e-01
4.860000000000000000e+02 1.004595334528416970e+04 4.115309185572729148e-13 1.574914157133770366e-12 5.192518599742473873e-01 -1.439752744451024228e-12 2.661848264257080654e-01 -2.598055916187303471e-01 8.871136583020889232e-13 -2.661848264274321307e-01 -2.598055916153049205e-01
4.870000000000000000e+02 1.006662403117981557e+04 6.036504936456558307e-13 1.931433922802987517e-12 5.973813361778678166e-01 -1.998646177346202068e-12 3.843539082068232471e-01 -2.988540255228152587e-01 1.357797887513948497e-12 -3.843539082090154935e-01 -2.988540255179968352e-01
4.880000000000000000e+02 1.008729471707546145e+04 7.503183638725424883e-13 2.608394530728814364e-12 6.091312003118906082e-01 -2.319580916990066237e-12 4.526538236511745139e-01 -3.047104498150880469e-01 1.699998828046150519e-12 -4.526538236538920068e-01 -3.047104498099043046e-01
4.890000000000000000e+02 1.010796540297110732e+04 6.415559593182831321e-13 2.937420926353429391e-12 5.449353305546476012e-01 -2.380784246902492050e-12 4.637213696480336766e-01 -2.725926716686252749e-01 1.696724562643472692e-12 -4.637213696508767358e-01 -2.725926716636584146e-01
4.900000000000000000e+02 1.012863608886675320e+04 6.841260443516616853e-13 2.115003034342844979e-12 4.072358100681267579e-01 -2.089761280126072287e-12 4.188544178256841111e-01 -2.037234077650431074e-01 1.529191072727097190e-12 -4.188544178278649222e-01 -2.037234077606814298e-01
4.910000000000000000e+02 1.014930677476239907e+04 2.664141696566664959e-13 1.554448914421398072e-12 2.102119480223663961e-01 -1.577334026331089516e-12 3.275929191711774435e-01 -1.051942933265235941e-01 1.336952669609318275e-12 -3.275929191731185020e-01 -1.051942933235777561e-01
4.920000000000000000e+02 1.016997746065804495e+04 2.024268291386055006e-15 9.601971043212428453e-13 -2.338993618367004104e-02 -8.392656692762224185e-13 2.053779459265646923e-01 1.161997312181620515e-02 9.170950794780405791e-13 -2.053779459270670960e-01 1.161997312323203614e-02
4.930000000000000000e+02 1.019064814655369082e+04 -2.160373208674054346e-13 -4.006256054836953352e-13 -2.668674571852581168e-01 -1.974228516592259450e-13 7.034282627491193762e-02 1.333677191793245786e-01 4.894895817553201408e-13 -7.034282627469500004e-02 1.333677191791533267e-01
4.940000000000000000e+02 1.021131883244933670e+04 -6.765948868449803328e-13 -2.030877743676446797e-12 -4.940997752441019797e-01 5.379981402155784807e-13 -5.976136574571713073e-02 2.469891589332115500e-01 8.393974791004389504e-14 5.976136574766960363e-02 2.469891589320355185e-01
4.950000000000000000e+02 1.023198951834498257e+04 -7.765678607955512015e-13 -3.059003440555251931e-12 -6.828302540334900694e-01 1.128522258097854857e-12 -1.697554086872199997e-01 3.413571829661172230e-01 -2.986977896167417222e-13 1.697554086901429948e-01 3.413571829637765398e-01
4.960000000000000000e+02 1.025266020424062845e+04 -9.355067759596499480e-13 -4.225312904631721861e-12 -8.163968299977434340e-01 1.600977857412314054e-12 -2.481863499589705979e-01 4.081418833451402328e-01 -6.084558149500982917e-13 2.481863499632409320e-01 4.081418833422514880e-01
4.970000000000000000e+02 1.027333089013627432e+04 -1.243260347673219793e-12 -4.712276037205271595e-12 -8.841601225718961343e-01 1.837350637451835315e-12 -2.876112800187900498e-01 4.420242843016266576e-01 -7.783933819316835730e-13 2.876112800236312883e-01 4.420242842985780407e-01
4.980000000000000000e+02 1.029400157603192019e+04 -1.039925379077024351e-12 -5.291176657159504436e-12 -8.813693273344291867e-01 1.700752092445902907e-12 -2.845333936329789704e-01 4.406293195163511478e-01 -6.551991368045177915e-13 2.845333936380371465e-01 4.406293195131883444e-01
4.990000000000000000e+02 1.031467226192756607e+04 -1.191981044484280043e-12 -4.798484114251304448e-12 -8.089178328483285219e-01 1.567084119525382039e-12 -2.392609439272797844e-01 4.044037585256710088e-01 -5.301356802608172275e-13 2.392609439322465892e-01 4.044037585231818888e-01
5.000000000000000000e+02 1.033534294782321194e+04 -9.411943528812225831e-13 -4.375022120583829008e-12 -6.733392615896548472e-01 1.126801862422190971e-12 -1.559261293053354758e-01 3.366142210527853784e-01 -2.927246056752532839e-13 1.559261293096857459e-01 3.366142210515180033e-01
5.010000000000000000e+02 1.035601363371885782e+04 -5.661205080777615908e-13 -3.478565178733945621e-12 -4.869816109967852746e-01 5.164469371966152886e-13 -4.261676826190727296e-02 2.434341409689587676e-01 1.244493554233660585e-13 4.261676826522990680e-02 2.434341409691072045e-01
5.020000000000000000e+02 1.037668431961450369e+04 -3.902111134900899026e-13 -2.223197062032238632e-12 -2.680316234307305034e-01 -2.980812555415301010e-13 8.859701876430706169e-02 1.339559748735265343e-01 5.939018811375236308e-13 -8.859701876218331607e-02 1.339559748748852808e-01
5.030000000000000000e+02 1.039735500551014957e+04 3.641603214805946590e-14 -6.214976992244016641e-13 -3.979684313750700420e-02 -9.997593328804115502e-13 2.221390394817210068e-01 1.983259661840298602e-02 1.008667776067060678e-12 -2.221390394812642888e-01 1.983259662137166340e-02
5.040000000000000000e+02 1.041802569140579544e+04 1.947712472448900626e-14 7.029142292903662146e-13 1.712897795127599210e-01 -1.618676638745483993e-12 3.402603436303788809e-01 -8.571981952376303560e-02 1.488129600214754760e-12 -3.402603436308355711e-01 -8.571981951958405899e-02
5.050000000000000000e+02 1.043869637730144132e+04 2.966344963289346185e-13 1.834391168126944672e-12 3.392369727475162966e-01 -2.194563312227209915e-12 4.254634166403595819e-01 -1.697050137357900557e-01 1.769588129191034432e-12 -4.254634166422549546e-01 -1.697050137308689088e-01
5.060000000000000000e+02 1.045936706319708719e+04 4.702429473708048176e-13 2.531979371902556284e-12 4.430444438889483694e-01 -2.487105406769317827e-12 4.636164287928291605e-01 -2.216215395325737414e-01 1.965378258032606790e-12 -4.636164287953982166e-01 -2.216215395272872202e-01
5.070000000000000000e+02 1.048003774909273307e+04 5.505408879965774659e-13 3.345567631767589585e-12 4.710494887218855120e-01 -2.453397596257599694e-12 4.469967828313418656e-01 -2.356367067708334817e-01 1.821806109999083301e-12 -4.469967828346644856e-01 -2.356367067660836145e-01
5.080000000000000000e+02 1.050070843498837894e+04 4.993780379984655971e-13 3.132981027529340630e-12 4.235031783262956373e-01 -2.051888147041935281e-12 3.761859896446507756e-01 -2.118752641963836669e-01 1.504241471763627685e-12 -3.761859896479734511e-01 -2.118752641926385516e-01
5.090000000000000000e+02 1.052137912088402481e+04 3.666854231018282083e-13 2.855927852614222638e-12 3.122839661017507429e-01 -1.390312921132204260e-12 2.600207002178305804e-01 -1.562764398477470285e-01 1.054977953517322863e-12 -2.600207002208449469e-01 -1.562764398456347181e-01
5.100000000000000000e+02 1.054204980677967069e+04 3.794671703782643852e-14 2.504598361600793196e-12 1.579872922957575587e-01 -6.523860915611991954e-13 1.136923491190911933e-01 -7.913852226879965202e-02 4.953502891580495793e-13 -1.136923491216031423e-01 -7.913852226871971596e-02
5.110000000000000000e+02 1.056272049267531656e+04 -1.872740168735530463e-14 1.423617557596740661e-12 -1.456176672530701093e-02 2.188215425140927589e-13 -4.435520623017868980e-02 7.125398211028217271e-03 -1.919541038431680384e-13 4.435520622887703657e-02 7.125398209155666546e-03
5.120000000000000000e+02 1.058339117857096244e+04 -2.371866808583183929e-13 2.423984691433248172e-13 -1.807255443543112350e-01 1.109879538343847866e-12 -1.955980022164426624e-01 9.019652255263892193e-02 -7.567760268868969827e-13 1.955980022158603504e-01 9.019652254941903924e-02
5.130000000000000000e+02 1.060406186446660831e+04 -5.284534524896358356e-13 -7.060445342195371805e-13 -3.192816210887872153e-01 1.788330543002782898e-12 -3.238564364147482610e-01 1.594643755601602431e-01 -1.361944430933458906e-12 3.238564364154676301e-01 1.594643755557643150e-01
5.140000000000000000e+02 1.062473255036225419e+04 -5.440820631248260210e-13 -1.698549495470579676e-12 -4.141202952020808792e-01 2.243045849681440394e-12 -4.166683131531563888e-01 2.068751526356585602e-01 -1.744334251784977335e-12 4.166683131548576391e-01 2.068751526304405397e-01
5.150000000000000000e+02 1.064540323625790006e+04 -6.515690607274893565e-13 -2.646895943558083840e-12 -4.547244946808729482e-01 2.619383410184388294e-12 -4.657769100932419026e-01 2.271711735766773765e-01 -1.950304464031410229e-12 4.657769100955026498e-01 2.271711735710254809e-01
5.160000000000000000e+02 1.066607392215354594e+04 -6.166962777324461122e-13 -2.598734435024284284e-12 -4.360347996548359917e-01 2.573593541522226884e-12 -4.671351324353444356e-01 2.178231109587220882e-01 -1.983010979435098295e-12 4.671351324379020564e-01 2.178231109534812249e-01
5.170000000000000000e+02 1.068674460804919181e+04 -5.278395005914559633e-13 -2.612008529585228391e-12 -3.582285247862626587e-01 2.271543921237975785e-12 -4.207970694198838180e-01 1.789194461469004460e-01 -1.806709851587818217e-12 4.207970694225099395e-01 1.789194461425387683e-01
5.180000000000000000e+02 1.070741529394483769e+04 -6.991485734562820224e-14 -2.381346353710990782e-12 -2.267567588994018057e-01 1.786560988945093595e-12 -3.309486822007234319e-01 1.131849544821170450e-01 -1.489837144489699203e-12 3.309486822026530550e-01 1.131849544789314266e-01
5.190000000000000000e+02 1.072808597984048356e+04 -1.085337206499077821e-13 -1.650766391685802872e-12 -5.260200075786929802e-02 1.047787024852370496e-12 -2.060645836644005580e-01 2.610959937417453927e-02 -9.687869467127087282e-13 2.060645836660789931e-01 2.610959937289572541e-02
5.200000000000000000e+02 1.074875666573612943e+04 1.595181437517206252e-13 -6.875038656184580422e-13 1.475962619929900577e-01 1.535691020457307019e-13 -5.892231879657473803e-02 -7.398826610108590052e-02 -4.100683954220512683e-13 5.892231879678026113e-02 -7.398826610065202536e-02
5.210000000000000000e+02 1.076942735163177531e+04 4.179867224688090965e-13 4.951152084216413011e-13 3.520714708444944718e-01 -6.960197949423710372e-13 9.388523682072082155e-02 -1.762261412561904883e-01 2.900667310086139411e-13 -9.388523682133738391e-02 -1.762261412540324923e-01
5.220000000000000000e+02 1.079009803752742118e+04 5.618769689475815526e-13 2.233023598502140871e-12 5.357378931488858687e-01 -1.542498797294826425e-12 2.333776142950736432e-01 -2.680608143810492838e-01 9.363537185421283303e-13 -2.333776142970832024e-01 -2.680608143773270391e-01
5.230000000000000000e+02 1.081076872342306706e+04 9.003288237114702958e-13 3.014089597308962863e-12 6.735505949160262018e-01 -2.187868651349950757e-12 3.407212262502430922e-01 -3.369685457457398670e-01 1.278432771973683213e-12 -3.407212262533830249e-01 -3.369685457408643781e-01
5.240000000000000000e+02 1.083143940931871293e+04 7.836141906442065300e-13 3.890204725257738680e-12 7.450085382981780358e-01 -2.486112518250520069e-12 4.005429716628718939e-01 -3.726973919824654313e-01 1.556267358159344981e-12 -4.005429716668910123e-01 -3.726973919773844401e-01
5.250000000000000000e+02 1.085211009521435881e+04 7.931878674142540222e-13 4.438975459226730741e-12 7.386006700961000870e-01 -2.621862858878293827e-12 4.041440564428994131e-01 -3.694910253161441394e-01 1.665874741529073734e-12 -4.041440564474209074e-01 -3.694910253114513932e-01
5.260000000000000000e+02 1.087278078111000468e+04 7.690003667672525809e-13 3.890419203960061185e-12 6.546009724633661264e-01 -2.238102558161145054e-12 3.514832211390862549e-01 -3.274866472253623595e-01 1.367219146197091477e-12 -3.514832211434593678e-01 -3.274866472213204260e-01
5.270000000000000000e+02 1.089345146700565056e+04 7.197721891330363052e-13 3.552015675115691763e-12 5.050766884936543910e-01 -1.649340054761529837e-12 2.511399608547306150e-01 -2.527190502564218288e-01 1.012431287566410218e-12 -2.511399608585442311e-01 -2.527190502539327088e-01
5.280000000000000000e+02 1.091412215290129643e+04 4.871482109409681874e-13 2.481018698547182382e-12 3.111159456315393812e-01 -8.526971598095865450e-13 1.182976411290942165e-01 -1.557339468617751077e-01 4.133124515106456452e-13 -1.182976411316861015e-01 -1.557339468610557665e-01
5.290000000000000000e+02 1.093479283879694231e+04 4.999339234848330288e-15 1.085782732779085777e-12 9.836507040235248356e-02 8.321943182712585225e-14 -2.848193117897292181e-02 -4.935580763393760534e-02 -1.909849730327671536e-13 2.848193117794530285e-02 -4.935580763471403287e-02
5.300000000000000000e+02 1.095546352469258818e+04 -3.881973148488427798e-15 1.161071445906831740e-13 -1.075053504324407078e-01 9.508367644245929772e-13 -1.705353322292496865e-01 5.357982124432577459e-02 -8.877097258165494471e-13 1.705353322296607188e-01 5.357982124181381173e-02
5.310000000000000000e+02 1.097613421058823405e+04 -3.221129974157698717e-13 -1.533025020284266691e-12 -2.842098767204894183e-01 1.657250353466171950e-12 -2.915802818044908595e-01 1.419310789568691833e-01 -1.287344747548203506e-12 2.915802818063634172e-01 1.419310789531469108e-01
5.320000000000000000e+02 1.099680489648387993e+04 -2.933668495678665300e-13 -3.096689295346129812e-12 -4.147086013565671747e-01 2.331080701028974513e-12 -3.790975265684985995e-01 2.071793777555018812e-01 -1.743812972265916770e-12 3.790975265714216502e-01 2.071793777511287959e-01
5.330000000000000000e+02 1.101747558237952580e+04 -7.177457802894241285e-13 -3.624961971611796988e-12 -4.877878477349047448e-01 2.567738518488244870e-12 -4.247956185724080513e-01 2.437190526281644287e-01 -1.864944635835473278e-12 4.247956185757306713e-01 2.437190526235629984e-01
5.340000000000000000e+02 1.103814626827517168e+04 -6.173135785724712562e-13 -4.154228219927112486e-12 -4.979532306939302155e-01 2.479409098132133401e-12 -4.245736398875072926e-01 2.488035518033590576e-01 -1.925079840946217417e-12 4.245736398914921605e-01 2.488035517990659085e-01
5.350000000000000000e+02 1.105881695417081755e+04 -6.899399347789508541e-13 -4.116634924227456540e-12 -4.452069221136953914e-01 2.291050319147085063e-12 -3.783850004263279998e-01 2.224340374601041503e-01 -1.726780697698375842e-12 3.783850004302101167e-01 2.224340374564047207e-01
5.360000000000000000e+02 1.107948764006646343e+04 -4.983541148545392639e-13 -3.498010954531168268e-12 -3.350037460803201861e-01 1.773358931672312475e-12 -2.902095667851311567e-01 1.673374619356211568e-01 -1.347146008085392698e-12 2.902095667883852759e-01 1.673374619331662871e-01
5.370000000000000000e+02 1.110015832596210930e+04 -4.024633706789124462e-13 -2.482929707410802017e-12 -1.784677252795761337e-01 1.062395369789332799e-12 -1.681891463319022118e-01 8.907489633200746382e-02 -8.408955457328981731e-13 1.681891463339346138e-01 8.907489633104835602e-02
5.380000000000000000e+02 1.112082901185775518e+04 6.867156620682249947e-14 -1.436806341772714535e-12 7.534546723513721629e-03 4.263731981641361272e-14 -2.463329435601033235e-02 -3.921503659925789156e-03 -8.491782558501236815e-14 2.463329435710645901e-02 -3.921503659400561725e-03
5.390000000000000000e+02 1.114149969775340105e+04 1.096330220634831909e-13 4.208386519117963817e-13 2.009467077415150738e-01 -7.627117321142783081e-13 1.244425931125314883e-01 -1.006243290708637300e-01 5.563558261301979921e-13 -1.244425931128854412e-01 -1.006243290686258118e-01
5.400000000000000000e+02 1.116217038364904693e+04 4.144638284117920320e-13 1.848791563096666555e-12 3.763206857487443324e-01 -1.553857455849400782e-12 2.606747086475818542e-01 -1.883094370014153363e-01 1.094864243525128515e-12 -2.606747086498197308e-01 -1.883094369979100013e-01
5.410000000000000000e+02 1.118284106954469280e+04 6.173632797875595027e-13 3.539155263057148682e-12 5.081413394914089388e-01 -2.312421897381248611e-12 3.657781826650236545e-01 -2.542183000162643314e-01 1.714117389604737720e-12 -3.657781826684947113e-01 -2.542183000116970959e-01
5.420000000000000000e+02 1.120351175544033867e+04 6.901221777252386521e-13 4.459506029152342445e-12 5.752953086468111099e-01 -2.698593959738769718e-12 4.247477398097933565e-01 -2.877930283456307525e-01 1.943564232761778056e-12 -4.247477398144290928e-01 -2.877930283409607659e-01
5.430000000000000000e+02 1.122418244133598455e+04 6.709497984852390028e-13 4.909690858173550903e-12 5.655235431903856691e-01 -2.700402971455046182e-12 4.289996016162627712e-01 -2.829033506128694198e-01 1.990195882316545585e-12 -4.289996016211839458e-01 -2.829033506084164262e-01
5.440000000000000000e+02 1.124485312723163042e+04 5.306399066892124026e-13 4.367863224584850828e-12 4.782782561316691883e-01 -2.369713073715916972e-12 3.783504369932516043e-01 -2.392755036335134644e-01 1.810204019815398732e-12 -3.783504369978302195e-01 -2.392755036300766580e-01
5.450000000000000000e+02 1.126552381312727630e+04 4.630464487607665157e-13 4.032854307832968418e-12 3.248587256924381772e-01 -1.851897176979981802e-12 2.810573708603428256e-01 -1.625600938007547569e-01 1.309105813772555242e-12 -2.810573708639166890e-01 -1.625600937984939820e-01
5.460000000000000000e+02 1.128619449902292217e+04 3.014559169476081568e-13 2.239349845044029007e-12 1.257741042411006371e-01 -9.422794424462074319e-13 1.519108967073249938e-01 -6.301300483203568781e-02 8.137582876802925357e-13 -1.519108967095400831e-01 -6.301300483127068863e-02
5.470000000000000000e+02 1.130686518491856805e+04 -1.118026711920207282e-13 4.577734124433114993e-13 -9.362610368935109229e-02 4.954232141293012573e-14 9.104497968104740060e-03 4.669013712719508741e-02 1.604629193172732581e-13 -9.104497968858326490e-03 4.669013712649858899e-02
5.480000000000000000e+02 1.132753587081421392e+04 -5.246492440165662818e-13 -1.152012520691923715e-12 -3.076538495895159708e-01 9.391116184023793160e-13 -1.289886311748471293e-01 1.537054260733989042e-01 -4.977689179038281509e-13 1.289886311758290660e-01 1.537054260708755338e-01
5.490000000000000000e+02 1.134820655670985980e+04 -9.595052077633877953e-13 -2.677172063427860742e-12 -4.937159101271595962e-01 1.697142885666959308e-12 -2.462893724860212852e-01 2.467372461334189360e-01 -9.429218536940497182e-13 2.462893724886131841e-01 2.467372461298451003e-01
5.500000000000000000e+02 1.136887724260550567e+04 -9.918653696801517203e-13 -3.568479225390010524e-12 -6.342249326523855535e-01 2.251239839469556535e-12 -3.304104607288941287e-01 3.169931467090945088e-01 -1.365191456977958717e-12 3.304104607325593079e-01 3.169931467042304551e-01
5.510000000000000000e+02 1.138954792850115155e+04 -1.236698833909469582e-12 -4.622353701797221238e-12 -7.172304425047959509e-01 2.578738294067731464e-12 -3.731393043020452827e-01 3.584987589354297066e-01 -1.597820067395642189e-12 3.731393043068979565e-01 3.584987589305085320e-01
5.520000000000000000e+02 1.141021861439679742e+04 -1.063816210853482086e-12 -5.308000757299103955e-12 -7.363538455034079888e-01 2.646679124295106093e-12 -3.704095414291797561e-01 3.680651176895260446e-01 -1.623257943079233381e-12 3.704095414341808112e-01 3.680651176851073014e-01
5.530000000000000000e+02 1.143088930029244329e+04 -8.997582091655048690e-13 -5.108202630817336161e-12 -6.905684928561131031e-01 2.337161966015252275e-12 -3.221338920385482529e-01 3.451787755355644194e-01 -1.356124325870559686e-12 3.221338920436863651e-01 3.451787755316023665e-01
5.540000000000000000e+02 1.145155998618808917e+04 -7.517798589218317198e-13 -4.469771625715295525e-12 -5.842288641684162398e-01 1.687475364535158489e-12 -2.321894273547690790e-01 2.920164536797459909e-01 -9.589356659263467575e-13 2.321894273591535995e-01 2.920164536771654995e-01
5.550000000000000000e+02 1.147223067208373504e+04 -6.159741699987975928e-13 -3.340120152755054070e-12 -4.273227045684475089e-01 9.133185640341768582e-13 -1.085190748015921886e-01 2.135710926689846356e-01 -2.886497225468458758e-13 1.085190748047549780e-01 2.135710926679113553e-01
5.560000000000000000e+02 1.149290135797938092e+04 -2.416203951711813727e-13 -1.854444631849924826e-12 -2.356521646345864085e-01 -1.027187527788552086e-13 3.683921332454646869e-02 1.177425185038461081e-01 3.830749282267045623e-13 -3.683921332260541026e-02 1.177425185047367151e-01
5.570000000000000000e+02 1.151357204387502679e+04 -2.333772556160650077e-13 -6.330803111477145354e-13 -3.043507020642152380e-02 -1.062537315058981269e-12 1.881392482738464822e-01 1.513845509346517862e-02 1.161332203257535316e-12 -1.881392482732984206e-01 1.513845509638818421e-02
5.580000000000000000e+02 1.153424272977067267e+04 1.666461442322698212e-13 9.493503222898549806e-13 1.633184104065919517e-01 -2.017265301114723274e-12 3.271496292020020791e-01 -8.173663893355409549e-02 1.769492503909210132e-12 -3.271496292033950759e-01 -8.173663892943221210e-02
5.590000000000000000e+02 1.155491341566631854e+04 4.086436460507683373e-13 2.355541615773873428e-12 3.199939407520264179e-01 -2.805995222946352906e-12 4.354165509935308265e-01 -1.600754368795492266e-01 2.382777328474380051e-12 -4.354165509960199465e-01 -1.600754368738516453e-01
5.600000000000000000e+02 1.157558410156196442e+04 5.871455222280771948e-13 3.385812401297608346e-12 4.178205234538612811e-01 -3.198539365014946783e-12 4.973413846089377865e-01 -2.089917646249365157e-01 2.651789708240920725e-12 -4.973413846125230298e-01 -2.089917646185767142e-01
5.610000000000000000e+02 1.159625478745761029e+04 6.908059351183643938e-13 3.234446312915044040e-12 4.434633621602737663e-01 -3.325658567036430303e-12 5.033254154751799492e-01 -2.218175569383214751e-01 2.733777480128935656e-12 -5.033254154787994983e-01 -2.218175569321100826e-01
5.620000000000000000e+02 1.161692547335325617e+04 4.017586237356197092e-13 3.399725026898002721e-12 3.951684419416162108e-01 -3.010984364108660157e-12 4.519291542159216135e-01 -1.976755624537778755e-01 2.419459667876028231e-12 -4.519291542195411626e-01 -1.976755624485370122e-01
5.630000000000000000e+02 1.163759615924890204e+04 4.307781664609327625e-13 2.273750846862825606e-12 2.831746185711545571e-01 -2.308287264228654491e-12 3.502023030192875086e-01 -1.416854974616799379e-01 1.928755493310376503e-12 -3.502023030217538135e-01 -1.416854974575694481e-01
5.640000000000000000e+02 1.165826684514454791e+04 1.128403093242366404e-13 9.696218336797185575e-13 1.272867596630093967e-01 -1.314788951914724294e-12 2.120988307752709190e-01 -6.375038682921568833e-02 1.222948162216367224e-12 -2.120988307765611647e-01 -6.375038682662380329e-02
5.650000000000000000e+02 1.167893753104019379e+04 1.246179747264918221e-13 -4.447412638221382513e-13 -4.750435611528774915e-02 -3.331669165032336908e-13 5.553398011850408517e-02 2.363396886080281270e-02 3.959825510017566192e-13 -5.553398011829856207e-02 2.363396886162490856e-02
5.660000000000000000e+02 1.169960821693583966e+04 -5.530760558941025601e-13 -1.827877714723659370e-12 -2.156750870548285182e-01 8.879551890484263019e-13 -1.008121839086550398e-01 1.077059744557155446e-01 -5.119955205342096764e-13 1.008121839104248324e-01 1.077059744548249515e-01
5.670000000000000000e+02 1.172027890283148554e+04 -5.220880853756156631e-13 -3.085503104570384831e-12 -3.548125422078765578e-01 1.637298145373640674e-12 -2.400804758398643046e-01 1.772601323759910863e-01 -1.237286296237058414e-12 2.400804758429243291e-01 1.772601323733992151e-01
5.680000000000000000e+02 1.174094958872713141e+04 -7.608912912246929588e-13 -4.137674960322260958e-12 -4.476993979814455904e-01 2.405283743649506003e-12 -3.488027353698528454e-01 2.236891070440209517e-01 -1.836373072689686910e-12 3.488027353740317804e-01 2.236891070402872717e-01
5.690000000000000000e+02 1.176162027462277729e+04 -7.220573196459704165e-13 -4.589046484727030186e-12 -4.830322389736933508e-01 2.853080893377212263e-12 -4.175463175466425092e-01 2.413424240056064596e-01 -2.231110858367112294e-12 4.175463175511640590e-01 2.413424240006967203e-01
5.700000000000000000e+02 1.178229096051842316e+04 -7.060554935500002550e-13 -4.619004166462513393e-12 -4.553462341422318538e-01 2.947220332435984770e-12 -4.409963601899279384e-01 2.274884952308710295e-01 -2.460638579715218974e-12 4.409963601944836831e-01 2.274884952259841331e-01
5.710000000000000000e+02 1.180296164641406904e+04 -4.923880349560092201e-13 -3.870651798913660733e-12 -3.647236678631908813e-01 2.821364658358414788e-12 -4.178622470513845832e-01 1.821687237906641221e-01 -2.357642347876107333e-12 4.178622470551296986e-01 1.821687237860855069e-01
5.720000000000000000e+02 1.182363233230971491e+04 -3.569961623987237899e-13 -2.889696418666683211e-12 -2.167221894827988382e-01 2.287411126239405028e-12 -3.509277197269301540e-01 1.081614908954965093e-01 -2.054444631357633168e-12 3.509277197298302786e-01 1.081614908916372214e-01
5.730000000000000000e+02 1.184430301820536079e+04 -1.992789831717389799e-13 -1.611002653206145003e-12 -2.247018144990853630e-02 1.532069764532543938e-12 -2.471992391824235358e-01 1.102981391607376314e-02 -1.492721249567062068e-12 2.471992391838165326e-01 1.102981391341337214e-02
5.740000000000000000e+02 1.186497370410100666e+04 4.101935943759964910e-13 2.041734471774994784e-13 2.012425140701741832e-01 5.633641276558129932e-13 -1.180409891649901455e-01 -1.008328842160690630e-01 -8.690516268582606874e-13 1.180409891648188797e-01 -1.008328842170852641e-01
5.750000000000000000e+02 1.188564438999665254e+04 6.290476301801649412e-13 1.968383542047945800e-12 4.324327320845771649e-01 -3.612545598102226213e-13 2.111956760037099132e-02 -2.164359436371197654e-01 -1.895968783504093525e-13 -2.111956760276877121e-02 -2.164359436360007993e-01
5.760000000000000000e+02 1.190631507589229841e+04 8.829027387867335339e-13 3.712289256687510591e-12 6.455298499720840688e-01 -1.390881393875865772e-12 1.519565147211464629e-01 -3.229936251403573433e-01 5.071029522253414409e-13 -1.519565147251656090e-01 -3.229936251379139089e-01
5.770000000000000000e+02 1.192698576178794428e+04 9.483992791622341678e-13 5.405047439057975308e-12 8.144591087198455037e-01 -2.135946634333336610e-12 2.555510598157441637e-01 -4.074668753099396357e-01 1.013950730523407412e-12 -2.555510598212705209e-01 -4.074668753062287707e-01
5.780000000000000000e+02 1.194765644768359016e+04 1.346208221104373479e-12 6.820501936536207536e-12 9.169269952839013138e-01 -2.672726331165107121e-12 3.156425215595930478e-01 -4.587069301612140548e-01 1.416415647903528155e-12 -3.156425215664209749e-01 -4.587069301570236846e-01
5.790000000000000000e+02 1.196832713357923603e+04 1.184818152619308745e-12 7.467941752075700275e-12 9.388927574790156827e-01 -2.697406366061880344e-12 3.220674942574532351e-01 -4.696920284665260237e-01 1.420787016931092178e-12 -3.220674942647835937e-01 -4.696920284622214670e-01
5.800000000000000000e+02 1.198899781947488191e+04 1.154574319831715624e-12 7.003731495030255808e-12 8.776352306936132663e-01 -2.323967377485499159e-12 2.731438221117346021e-01 -4.390613199707766312e-01 1.171552401212460544e-12 -2.731438221186995863e-01 -4.390613199675567624e-01
5.810000000000000000e+02 1.200966850537052778e+04 8.625344613869301494e-13 5.973685511749342479e-12 7.423113903621075815e-01 -1.497771216954426852e-12 1.761640310204410365e-01 -3.713941982269258757e-01 5.945571033836661901e-13 -1.761640310268350884e-01 -3.713941982249505669e-01
5.820000000000000000e+02 1.203033919126617366e+04 6.558985476243971920e-13 4.552865752161042204e-12 5.516901839487404757e-01 -6.754804698020332169e-13 4.568818387080483823e-02 -2.760769011707328024e-01 -2.954571135112946736e-14 -4.568818387537203901e-02 -2.760769011708126830e-01
5.830000000000000000e+02 1.205100987716181953e+04 4.739957224517567853e-13 2.547014950908335693e-12 3.300330350732759710e-01 3.975290418646886521e-13 -9.962776793526338659e-02 -1.652419957153312968e-01 -8.338906640109796570e-13 9.962776793255731511e-02 -1.652419957170554177e-01
5.840000000000000000e+02 1.207168056305746541e+04 7.841903343011712449e-15 6.597580757715567627e-13 1.026545162006868850e-01 1.472392548242055211e-12 -2.404862339345863742e-01 -5.154769173575298596e-02 -1.615575610935202442e-12 2.404862339335701593e-01 -5.154769173954375922e-02
5.850000000000000000e+02 1.209235124895311128e+04 -5.759994013442011871e-14 -5.230621867473548485e-13 -1.076282579299139702e-01 2.374622636343541062e-12 -3.597566908819742615e-01 5.359804414260334327e-02 -2.264042285831795033e-12 3.597566908823738863e-01 5.359804413705419879e-02
5.860000000000000000e+02 1.211302193484875716e+04 -2.109905721273941857e-13 -2.008793228026679923e-12 -2.825488889781857527e-01 3.057957726590345127e-12 -4.441089023329379271e-01 1.410637393954685403e-01 -2.694173394994621832e-12 4.441089023347876141e-01 1.410637393888460878e-01
5.870000000000000000e+02 1.213369262074440303e+04 -5.668649054275510128e-13 -2.757964033064775495e-12 -4.091538169181167528e-01 3.551489361124333898e-12 -4.846304718751736629e-01 2.043744967070406371e-01 -2.914543654827115363e-12 4.846304718782336596e-01 2.043744966998244650e-01
5.880000000000000000e+02 1.215436330664004890e+04 -5.972153222480121892e-13 -3.566294264395899762e-12 -4.798010994333823942e-01 3.433755133116131900e-12 -4.768170929273274350e-01 2.397106024638913924e-01 -2.772948746107473728e-12 4.768170929307984918e-01 2.397106024568008142e-01
5.890000000000000000e+02 1.217503399253569478e+04 -5.737462962134395221e-13 -3.327868230738139612e-12 -4.919841052620100297e-01 3.025993108186991321e-12 -4.203845947536773986e-01 2.458191174525493627e-01 -2.467466604858336521e-12 4.203845947571370756e-01 2.458191174460411244e-01
5.900000000000000000e+02 1.219570467843134065e+04 -7.131795788446132614e-13 -3.296579820777741356e-12 -4.482910956500965605e-01 2.342380539961010420e-12 -3.191312705578842612e-01 2.239937201939334321e-01 -1.607019196581998726e-12 3.191312705607501909e-01 2.239937201890465357e-01
5.910000000000000000e+02 1.221637536432698653e+04 -4.575082659747848581e-13 -2.165868121475960242e-12 -3.567011024622073756e-01 1.425970046112400220e-12 -1.810002472008684637e-01 1.782227861270199443e-01 -1.031078180141914471e-12 1.810002472028323650e-01 1.782227861240512634e-01
5.920000000000000000e+02 1.223704605022263240e+04 -3.618161083625291560e-13 -1.276729516193539427e-12 -2.308104204821951055e-01 2.638664341394015809e-13 -1.803489746799321475e-02 1.153028845537616559e-01 4.430896309760036391e-14 1.803489746912359526e-02 1.153028845529395635e-01
5.930000000000000000e+02 1.225771673611827828e+04 -3.976282588074132387e-13 2.444822145320711011e-14 -8.960993763506577836e-02 -1.028788194819909724e-12 1.540209117503444636e-01 4.472785064111635400e-02 1.163941853351359858e-12 -1.540209117507212455e-01 4.472785064287472523e-02
5.940000000000000000e+02 1.227838742201392415e+04 3.944597037585672723e-14 1.137830266878259469e-12 4.386412634798210475e-02 -2.187110117378506903e-12 3.169081718647082657e-01 -2.198544956165127476e-02 2.107821666586608621e-12 -3.169081718658614544e-01 -2.198544955762072456e-02
5.950000000000000000e+02 1.229905810790957003e+04 1.124587440595595223e-13 1.969989594686097578e-12 1.453953320297890761e-01 -3.168251687983623706e-12 4.520114743270427504e-01 -7.272955281836597508e-02 2.957442944119733427e-12 -4.520114743291664960e-01 -7.272955281238294156e-02
5.960000000000000000e+02 1.231972879380521590e+04 3.051005856498254424e-13 2.093137409294134537e-12 1.937896799510986923e-01 -3.856685166094022852e-12 5.432878784047160403e-01 -9.690791794999982500e-02 3.569287693556813051e-12 -5.432878784072280309e-01 -9.690791794244110746e-02
5.970000000000000000e+02 1.234039947970086178e+04 1.081231974358255653e-13 2.016066726041377214e-12 1.754391832280280950e-01 -4.086225524391867445e-12 5.802739131435808995e-01 -8.771698537364477910e-02 3.881124743778318454e-12 -5.802739131456019495e-01 -8.771698536536673418e-02
5.980000000000000000e+02 1.236107016559650765e+04 -5.182582165634990568e-14 1.502046262768198278e-12 8.771991443506481356e-02 -3.954671348742557153e-12 5.601986305015154155e-01 -4.384533061687054950e-02 3.877397145963459169e-12 -5.601986305030455249e-01 -4.384533060887795680e-02
5.990000000000000000e+02 1.238174085149215352e+04 -6.327851857101781010e-14 -1.074905783012858477e-13 -6.010493778272796989e-02 -3.353990807001695727e-12 4.884277960912649652e-01 3.007487642624921340e-02 3.363290636931115687e-12 -4.884277960915390238e-01 3.007487643297441018e-02
6.000000000000000000e+02 1.240241153738779940e+04 -4.692329564282051183e-13 -1.949102330849484012e-12 -2.488715930200280924e-01 -2.510506650474699140e-12 3.770789778295917105e-01 1.244613383010007290e-01 2.776640210230849601e-12 -3.770789778282329641e-01 1.244613383067896539e-01
6.010000000000000000e+02 1.242308222328344527e+04 -5.257965572086925076e-13 -3.739968891470095386e-12 -4.535935448292497396e-01 -1.343945669936258250e-12 2.423561065821223104e-01 2.268207788403470981e-01 1.934321289015455585e-12 -2.423561065787425695e-01 2.268207788440807782e-01
6.020000000000000000e+02 1.244375290917909115e+04 -8.226537880545498786e-13 -5.385882096794800000e-12 -6.480543425293783244e-01 -3.151372877477665008e-13 1.016083821025067363e-01 3.240453983044207509e-01 1.118685749914312815e-12 -1.016083820974257312e-01 3.240453983062361876e-01
6.030000000000000000e+02 1.246442359507473702e+04 -1.221936126783168682e-12 -6.904766646230328282e-12 -8.086772589025066349e-01 6.838478663171140334e-13 -2.915903929790491719e-02 4.043475359421201953e-01 3.842125917081348679e-13 2.915903930458444218e-02 4.043475359418804427e-01
6.040000000000000000e+02 1.248509428097038290e+04 -1.248680867668906830e-12 -8.085649422273418483e-12 -9.168812632188206857e-01 1.479457019679507796e-12 -1.368319575877637584e-01 4.584373694335629468e-01 -3.795343278482834714e-13 1.368319575953110545e-01 4.584373694319415771e-01
6.050000000000000000e+02 1.250576496686602877e+04 -1.106593426686857136e-12 -8.454763845357132980e-12 -9.600530697751670228e-01 2.076226530575954577e-12 -2.118802354778591690e-01 4.800087593317087231e-01 -8.876988591858231193e-13 2.118802354859545267e-01 4.800087593290254806e-01
6.060000000000000000e+02 1.252643565276167465e+04 -9.348538681204153993e-13 -8.033421731997016293e-12 -9.316220217009777427e-01 2.325916943566426793e-12 -2.484906075240992107e-01 4.657767168886278175e-01 -1.108317445137020940e-12 2.484906075319319452e-01 4.657767168854536344e-01
6.070000000000000000e+02 1.254710633865732052e+04 -1.199774897377559625e-12 -7.677720755162055099e-12 -8.308277616631256635e-01 2.249581624819363547e-12 -2.445019046956764808e-01 4.153613614183726543e-01 -1.156813883445698646e-12 2.445019047026300296e-01 4.153613614153582878e-01
6.080000000000000000e+02 1.256777702455296640e+04 -8.585576603691772820e-13 -6.079003086864685720e-12 -6.626560119559466999e-01 1.796030337976652089e-12 -2.014595934409956213e-01 3.312558154632896934e-01 -1.013167605177859265e-12 2.014595934467274529e-01 3.312558154612116335e-01
6.090000000000000000e+02 1.258844771044861227e+04 -6.894806455720031032e-13 -4.529061124474175999e-12 -4.378920125298510491e-01 1.154064657159166908e-12 -1.247617249448496751e-01 2.188526946119284944e-01 -6.312040724311850602e-13 1.247617249491428382e-01 2.188526946107981208e-01
6.100000000000000000e+02 1.260911839634425814e+04 -3.752271047498566675e-13 -2.086750018535338129e-12 -1.731919471357104834e-01 2.792450453730985166e-13 -2.385108542275215029e-02 8.647957759729721361e-02 -2.580644948932843283e-14 2.385108542497865747e-02 8.647957759771968123e-02
6.110000000000000000e+02 1.262978908223990402e+04 3.134390718635902892e-14 -2.930548184856990989e-14 1.093634267203458799e-01 -7.354235264744245273e-13 8.790473628524095306e-02 -5.482386079533469597e-02 5.832819450066277307e-13 -8.790473628557207708e-02 -5.482386079325662215e-02
6.120000000000000000e+02 1.265045976813554989e+04 2.181788857061134634e-13 2.222721143488235402e-12 3.837924396053548071e-01 -1.694585355512247888e-12 1.940561143746516171e-01 -1.920665713398124197e-01 1.197247029674601278e-12 -1.940561143772320807e-01 -1.920665713363185201e-01
6.130000000000000000e+02 1.267113045403119577e+04 7.092510562427198977e-13 4.432166835183643341e-12 6.231683486780572601e-01 -2.548112392588394570e-12 2.769572439476600256e-01 -3.117830623553731195e-01 1.691806673436908277e-12 -2.769572439520559537e-01 -3.117830623507945043e-01
6.140000000000000000e+02 1.269180113992684164e+04 9.319029731557028776e-13 5.778697333911303249e-12 8.037909417126075651e-01 -2.811491885845415872e-12 3.206504939230509499e-01 -4.021196010436807189e-01 1.848207438235043671e-12 -3.206504939288513101e-01 -4.021196010384398556e-01
6.150000000000000000e+02 1.271247182582248752e+04 1.109022296333419718e-12 6.565729758105251200e-12 9.096097424480755755e-01 -2.867497939694488022e-12 3.141553304104295341e-01 -4.550474611517468793e-01 1.699165306842391207e-12 -3.141553304171433303e-01 -4.550474611465745722e-01
6.160000000000000000e+02 1.273314251171813339e+04 1.084551558457489134e-12 7.153484388553797038e-12 9.354480822889470470e-01 -2.441357305035180933e-12 2.541274926615915142e-01 -4.679764836626492674e-01 1.283550908807717818e-12 -2.541274926687163149e-01 -4.679764836583332754e-01
6.170000000000000000e+02 1.275381319761377927e+04 1.068798486410686927e-12 6.617771345025385833e-12 8.877602087160316735e-01 -1.676956798564545102e-12 1.458502843742514321e-01 -4.441341681568311550e-01 5.567828823951723101e-13 -1.458502843808966998e-01 -4.441341681541250974e-01
6.180000000000000000e+02 1.277448388350942514e+04 9.455163077189940911e-13 5.996843504133972964e-12 7.826770956768320797e-01 -5.147639632876819155e-13 2.187972963046283612e-03 -3.915882211246992095e-01 -4.282287094613880149e-13 -2.187972969234835020e-03 -3.915882211246535238e-01
6.190000000000000000e+02 1.279515456940507102e+04 9.574010207621514967e-13 4.695163827983963330e-12 6.420670702666634311e-01 7.758690478661964926e-13 -1.591538812179948137e-01 -3.212759745785782606e-01 -1.647368368225323684e-12 1.591538812133591330e-01 -3.212759745808618783e-01
6.200000000000000000e+02 1.281582525530071689e+04 6.022650753903216125e-13 3.238370895105055911e-12 4.891700849239893345e-01 2.046758332062905386e-12 -3.189578254970086846e-01 -2.448204213403944729e-01 -2.694893650875254960e-12 3.189578254936289992e-01 -2.448204213449730882e-01
6.210000000000000000e+02 1.283649594119636276e+04 6.709265793986162026e-13 1.738934224318776536e-12 3.450210122757222941e-01 3.182545314240365921e-12 -4.594448733270758423e-01 -1.727409860174666523e-01 -3.670968249413740847e-12 4.594448733246552785e-01 -1.727409860242831996e-01
6.220000000000000000e+02 1.285716662709200864e+04 2.739233422375015825e-13 2.235275582457997741e-12 2.263654603964664058e-01 4.032704627488622367e-12 -5.661788431392423826e-01 -1.134111634487371817e-01 -4.384696365057340347e-12 5.661788431381804543e-01 -1.134111634574947736e-01
6.230000000000000000e+02 1.287783731298765451e+04 1.508528940936996916e-13 2.984292637711298913e-12 1.448342710623622132e-01 4.589279806780748342e-12 -6.289909347673932061e-01 -7.264609022477594436e-02 -4.842495857417784999e-12 6.289909347670963324e-01 -7.264609023459542292e-02
6.240000000000000000e+02 1.289850799888330039e+04 -8.182229430171221214e-15 -1.217423773342405414e-12 1.069574935484538386e-01 4.794406783601620687e-12 -6.421744729944174335e-01 -5.371004385903501571e-02 -4.906983217034147306e-12 6.421744729941776253e-01 -5.371004386899150274e-02
6.250000000000000000e+02 1.291917868477894626e+04 1.481768525188981551e-13 3.271148477861116542e-12 1.143989797627676941e-01 4.408840665231558795e-12 -6.044084378560748982e-01 -5.743407944718197794e-02 -4.590331830929290946e-12 6.044084378554925863e-01 -5.743407945688727007e-02
6.260000000000000000e+02 1.293984937067459214e+04 1.587901883025523676e-14 1.081875701439886956e-12 1.640910242196386981e-01 3.845741874175801763e-12 -5.186501949713923088e-01 -8.228343493630743688e-02 -4.055132029264414402e-12 5.186501949700336178e-01 -8.228343494467682540e-02
6.270000000000000000e+02 1.296052005657023801e+04 3.518866370014926727e-13 2.122665833173652638e-12 2.480198366268238919e-01 2.818283291816362795e-12 -3.922217391893073613e-01 -1.242501578246581750e-01 -3.128265000225229305e-12 3.922217391871379855e-01 -1.242501578313262856e-01
6.280000000000000000e+02 1.298119074246588389e+04 4.617958986712985979e-13 3.756132980396686028e-12 3.530686642236055550e-01 1.518000027054801872e-12 -2.367289486556825306e-01 -1.767744235647745188e-01 -2.012242254094833629e-12 2.367289486521429731e-01 -1.767744235689877597e-01
6.290000000000000000e+02 1.300186142836152976e+04 5.630455329217069301e-13 4.727833758503694784e-12 4.612251661392712809e-01 1.460085932427125283e-13 -6.762736795897152098e-02 -2.308480222542367288e-01 -8.093033261468507760e-13 6.762736795419879710e-02 -2.308480222560864437e-01
6.300000000000000000e+02 1.302253211425717564e+04 6.364987969183190167e-13 5.789482402036266896e-12 5.508168245447351286e-01 -1.135788172495544398e-12 9.703352800198211670e-02 -2.756322558371528397e-01 4.189099298777115440e-13 -9.703352800791946453e-02 -2.756322558367303999e-01
6.310000000000000000e+02 1.304320280015282151e+04 8.647379859880976722e-13 6.342197711032325592e-12 5.991655237524406985e-01 -2.254028244379480241e-12 2.388640065835097859e-01 -2.997860437394816446e-01 1.467508494941495726e-12 -2.388640065902235543e-01 -2.997860437370496456e-01
6.320000000000000000e+02 1.306387348604846738e+04 5.349097584366191835e-13 6.686372269854878846e-12 5.865418358751302019e-01 -3.046373674947837714e-12 3.421498522817691956e-01 -2.934442321055752978e-01 2.292025550949359930e-12 -3.421498522884144911e-01 -2.934442321011108135e-01
6.330000000000000000e+02 1.308454417194411326e+04 6.631436121396788376e-13 5.930062653146701470e-12 5.005380232591467582e-01 -3.410397668985820141e-12 3.968765858250294376e-01 -2.504048724134995130e-01 2.741592464631009151e-12 -3.968765858310581152e-01 -2.504048724078247745e-01
6.340000000000000000e+02 1.310521485783975913e+04 5.056470893494797284e-13 4.286548245938883219e-12 3.394229258064816457e-01 -3.361508017771908755e-12 4.007415159022230666e-01 -1.698063702002661490e-01 2.898794705025429483e-12 -4.007415159068701827e-01 -1.698063701947284121e-01
6.350000000000000000e+02 1.312588554373540501e+04 5.531362781877674166e-14 2.342401306094752115e-12 1.131608658981784060e-01 -2.918234996300022569e-12 3.593826229792434490e-01 -5.663552484075471544e-02 2.731508920028410385e-12 -3.593826229818353202e-01 -5.663552483550243766e-02
6.360000000000000000e+02 1.314655622963105088e+04 1.124195306312984965e-13 -4.491181954319799660e-13 -1.583559179781770243e-01 -2.108850035677723804e-12 2.847508343041797452e-01 7.915797242115812926e-02 2.368614656214989019e-12 -2.847508343039970580e-01 7.915797242501740327e-02
6.370000000000000000e+02 1.316722691552669676e+04 -7.748612685007541009e-13 -3.352348989607677375e-12 -4.491629359138264443e-01 -1.307199021272657483e-12 1.922937239400657750e-01 2.245902629288945018e-01 1.912350967137659367e-12 -1.922937239370400009e-01 2.245902629317375887e-01
6.380000000000000000e+02 1.318789760142234263e+04 -9.572777821658671251e-13 -5.913277692040316330e-12 -7.317400778101246228e-01 -2.779184436552654556e-13 9.797103078818834854e-02 3.659013341727096469e-01 1.290920076482300145e-12 -9.797103078252503150e-02 3.659013341741140790e-01
6.390000000000000000e+02 1.320856828731798851e+04 -1.221669867490661046e-12 -8.623521333312694567e-12 -9.808468251140866068e-01 5.137619679404739678e-13 1.591964528656831385e-02 4.904717927291288304e-01 7.698957726479110857e-13 -1.591964527811899968e-02 4.904717927292315816e-01
6.400000000000000000e+02 1.322923897321363438e+04 -1.662799485894322322e-12 -1.073897693483966376e-11 -1.175968312239260793e+00 1.048425360162325748e-12 -4.289307987202789496e-02 5.880452620813293452e-01 4.658479129888564575e-13 4.289307988253244358e-02 5.880452620809411002e-01
6.410000000000000000e+02 1.324990965910928026e+04 -1.683274619159220947e-12 -1.193426299381321711e-11 -1.302396900104422439e+00 1.274093819623495921e-12 -7.114724142813899643e-02 6.512688800153015878e-01 3.434705681780550680e-13 7.114724143985386162e-02 6.512688800146964052e-01
6.420000000000000000e+02 1.327058034500492613e+04 -1.829048270714445081e-12 -1.235004121217758742e-11 -1.351422530156599633e+00 1.431629860607539148e-12 -6.513113802020729926e-02 6.757883623967858577e-01 2.946736913727138754e-13 6.513113803233321064e-02 6.757883623965346143e-01
6.430000000000000000e+02 1.329125103090057200e+04 -1.699884749611520096e-12 -1.225154053915652371e-11 -1.320249440668329832e+00 1.080645380344601952e-12 -2.457790580730234015e-02 6.602062905360596146e-01 6.601300027478119385e-13 2.457790581934832241e-02 6.602062905361737455e-01
6.440000000000000000e+02 1.331192171679621788e+04 -1.422988450950514425e-12 -1.140775036889125699e-11 -1.211905691147832309e+00 3.469800646503443926e-13 4.747217486060422570e-02 6.060367835232207678e-01 1.141902649503395300e-12 -4.747217484957444444e-02 6.060367835248764434e-01
6.450000000000000000e+02 1.333259240269186375e+04 -1.294478020300482426e-12 -9.604864972529940922e-12 -1.035542093714951539e+00 -6.104478400792548221e-13 1.445536749181744185e-01 5.178548445641784070e-01 1.921736366950234289e-12 -1.445536749082635963e-01 5.178548445673640810e-01
6.460000000000000000e+02 1.335326308858750963e+04 -1.132752775276993203e-12 -7.562643748284986724e-12 -8.065235789081388607e-01 -1.542196137003137914e-12 2.567626147576327900e-01 4.033419626367618638e-01 2.653846054345654122e-12 -2.567626147501083644e-01 4.033419626418314752e-01
6.470000000000000000e+02 1.337393377448315550e+04 -8.767817602198912158e-13 -5.088618379628301761e-12 -5.462025055582023780e-01 -2.720370872149623002e-12 3.708944499647299775e-01 2.731728477180698222e-01 3.464853718370625052e-12 -3.708944499596718014e-01 2.731728477245438103e-01
6.480000000000000000e+02 1.339460446037880138e+04 -3.450951508043577089e-13 -2.628619318563915030e-12 -2.804292841224940713e-01 -3.670396600470143780e-12 4.713098212782079188e-01 1.402710559365215048e-01 3.992777025176503880e-12 -4.713098212758786154e-01 1.402710559444113325e-01
6.490000000000000000e+02 1.341527514627444725e+04 -6.589121509495791302e-14 -1.552988603612894232e-14 -3.660065934323030595e-02 -4.463207757817964512e-12 5.416495030181655013e-01 1.833361851595581224e-02 4.501950014808129384e-12 -5.416495030184051984e-01 1.833361852532998382e-02
6.500000000000000000e+02 1.343594583217009313e+04 7.549482784371122187e-14 1.629458699436926144e-12 1.606852738934509139e-01 -4.787510899601100812e-12 5.674401646463217430e-01 -8.034090162139211067e-02 4.602616025764763372e-12 -5.674401646483199224e-01 -8.034090161181241252e-02
6.510000000000000000e+02 1.345661651806573900e+04 2.894233955028204394e-13 2.969988626750075033e-12 2.943487892375608594e-01 -4.763244062875825684e-12 5.390601005501116649e-01 -1.472117613803731184e-01 4.315860847312067951e-12 -5.390601005532058565e-01 -1.472117613712158879e-01
6.520000000000000000e+02 1.347728720396138488e+04 4.629799183738865349e-13 3.363740990361468688e-12 3.583645155040799390e-01 -3.991660796808760254e-12 4.541623810565691421e-01 -1.792637521520228372e-01 3.589645733595694301e-12 -4.541623810600401989e-01 -1.792637521442357607e-01
6.530000000000000000e+02 1.349795788985703075e+04 3.760799065603503962e-13 3.224154017970208846e-12 3.587254725885756224e-01 -2.866513100843709526e-12 3.186352147861733486e-01 -1.794894499392304943e-01 2.331351584662068389e-12 -3.186352147893247166e-01 -1.794894499338069715e-01
6.540000000000000000e+02 1.351862857575267662e+04 2.488583639725378243e-13 2.391274921464419817e-12 3.114183116402329254e-01 -1.413380294978839151e-12 1.456581038754033997e-01 -1.558776575680699272e-01 1.054252189206876417e-12 -1.456581038777554904e-01 -1.558776575652610907e-01
6.550000000000000000e+02 1.353929926164832250e+04 3.809533045421077064e-13 1.520631728853015109e-12 2.382942188872115563e-01 2.234670334246829313e-13 -4.679008257132790533e-02 -1.193499048039155658e-01 -5.706993600625984436e-13 4.679008256961520590e-02 -1.193499048043037830e-01
6.560000000000000000e+02 1.355996994754396837e+04 1.875778555192657932e-13 6.048005085150716372e-13 1.623778108284848198e-01 1.931330649684940296e-12 -2.390972004585091015e-01 -8.141565468802855476e-02 -2.139111597052431022e-12 2.390972004577669452e-01 -8.141565469171656300e-02
6.570000000000000000e+02 1.358064063343961425e+04 8.201003002053195725e-14 -1.090789482590641006e-12 1.040754270917462476e-01 3.412262318561127533e-12 -4.128653771355876856e-01 -5.227677469712826985e-02 -3.540927597612468538e-12 4.128653771361357472e-01 -5.227677470306563157e-02
6.580000000000000000e+02 1.360131131933526012e+04 5.982967853554937952e-14 -1.084346289545419944e-12 7.895971315243219268e-02 4.646659563534266635e-12 -5.528504014605299943e-01 -3.971991529563248524e-02 -4.700876634060249128e-12 5.528504014615804874e-01 -3.971991530419598238e-02
6.590000000000000000e+02 1.362198200523090600e+04 9.017948904386357975e-14 -6.184204132008438597e-13 9.702056050058625869e-02 5.471290341204213735e-12 -6.479179556904517412e-01 -4.874191017042722035e-02 -5.562853566957656436e-12 6.479179556915022342e-01 -4.874191018079476051e-02
6.600000000000000000e+02 1.364265269112655187e+04 3.186331501688009636e-13 -3.872646823149092753e-12 1.628146722743266384e-01 5.811528091134827182e-12 -6.913168768310992141e-01 -8.162424986980522379e-02 -6.027930966191916993e-12 6.913168768316244606e-01 -8.162424988067515375e-02
6.610000000000000000e+02 1.366332337702219775e+04 4.838449998352606446e-13 -1.410144831725752898e-12 2.758780065089230238e-01 5.628815974898011962e-12 -6.806881526080286182e-01 -1.381387860739932694e-01 -6.044423219036612677e-12 6.806881526073892408e-01 -1.381387860850915583e-01
6.620000000000000000e+02 1.368399406291784362e+04 6.690639942099759958e-13 3.098523035189103892e-12 4.309702886908377550e-01 5.015165079599318793e-12 -6.181308946622802170e-01 -2.156694017497212401e-01 -5.603128086619247612e-12 6.181308946599282095e-01 -2.156694017601115954e-01
6.630000000000000000e+02 1.370466474881348950e+04 7.725635323657087335e-13 6.332356905786146275e-12 6.179939910352638677e-01 3.980601699951156352e-12 -5.104295040247258664e-01 -3.091708893685403692e-01 -4.830763848332433882e-12 5.104295040204556155e-01 -3.091708893767499133e-01
6.640000000000000000e+02 1.372533543470913537e+04 9.044788266639668271e-13 3.366674510244701361e-12 8.217947674603780506e-01 2.638236089348822621e-12 -3.692595267288678040e-01 -4.110685106430565505e-01 -3.728181866110412989e-12 3.692595267222225086e-01 -4.110685106493250363e-01
6.650000000000000000e+02 1.374600612060478124e+04 1.121535473081752507e-12 1.182149292188789210e-11 1.022287211187384193e+00 1.171143142141767618e-12 -2.109732779389767166e-01 -5.113203337880360966e-01 -2.532125347264977567e-12 2.109732779300250161e-01 -5.113203337917697766e-01
6.660000000000000000e+02 1.376667680650042712e+04 1.739025242986448674e-12 1.154358747612972863e-11 1.195535078099564386e+00 -2.457639891723741478e-13 -5.542472335405267819e-02 -5.979572256815319786e-01 -1.386935856548267249e-12 5.542472334240632764e-02 -5.979572256829135402e-01
6.670000000000000000e+02 1.378734749239607299e+04 1.705529694800526576e-12 1.401237218867988757e-11 1.316261034506700511e+00 -1.507176906932934811e-12 7.647636801460698519e-02 -6.583380761789391356e-01 -1.966699000961776206e-13 -7.647636802787469157e-02 -6.583380761786536972e-01
6.680000000000000000e+02 1.380801817829171887e+04 1.870033256673700167e-12 1.427265039734231353e-11 1.361833363596233193e+00 -2.365126614158039618e-12 1.664202638500430764e-01 -6.811436365217191646e-01 5.972993109772528800e-13 -1.664202638644297350e-01 -6.811436365198009213e-01
6.690000000000000000e+02 1.382868886418736474e+04 1.721558354666040657e-12 1.484004923443216838e-11 1.316810618626510720e+00 -2.658438631504622537e-12 2.025428249498189281e-01 -6.586492172619022867e-01 9.236034683933304691e-13 -2.025428249641599288e-01 -6.586492172599612838e-01
6.700000000000000000e+02 1.384935955008301062e+04 1.461630479813399300e-12 1.344676832742751732e-11 1.176762916619228383e+00 -2.316424401070301086e-12 1.822997119199230853e-01 -5.886358172340452333e-01 8.897319252876865780e-13 -1.822997119331450921e-01 -5.886358172321384252e-01
6.710000000000000000e+02 1.387003023597865649e+04 1.241514136894278612e-12 1.048801217448378710e-11 9.497233319932472106e-01 -1.698748643147778012e-12 1.130277933315133182e-01 -4.751167669369664170e-01 3.839254553288411011e-13 -1.130277933422234038e-01 -4.751167669362128532e-01
6.720000000000000000e+02 1.389070092187430237e+04 8.405237572514404505e-13 7.814425066706549287e-12 6.547792279553642514e-01 -5.716187488924875822e-13 1.004660121462896613e-02 -3.276345845598018780e-01 -2.930132338442593606e-13 -1.004660122248454343e-02 -3.276345845607724350e-01
6.730000000000000000e+02 1.391137160776994824e+04 4.930312482372274105e-13 4.153565816130990530e-12 3.183180507335829357e-01 7.199673665913026624e-13 -1.069694676299590141e-01 -1.593841920821387204e-01 -1.126315295659006132e-12 1.069694676254603211e-01 -1.593841920852215599e-01
6.740000000000000000e+02 1.393204229366559412e+04 -1.440517743593478501e-13 9.073433068456287719e-14 -3.060124589429240663e-02 1.973485847194128977e-12 -2.179330123340134651e-01 1.510294072972262827e-02 -1.920960565396352566e-12 2.179330123333968749e-01 1.510294072485856426e-02
6.750000000000000000e+02 1.395271297956123999e+04 -5.590605733687002427e-13 -3.359749983309339933e-12 -3.643175329661333395e-01 2.968707038875942738e-12 -3.054267380931314224e-01 1.819953858727402229e-01 -2.546236456413481703e-12 3.054267380962028544e-01 1.819953858668257041e-01
6.760000000000000000e+02 1.397338366545688586e+04 -7.203115498985416061e-13 -6.477618460900040784e-12 -6.592655949362046242e-01 3.660111370122684440e-12 -3.564160553603520354e-01 3.295102030574993401e-01 -2.794211233522687790e-12 3.564160553666662068e-01 3.295102030508312296e-01
6.770000000000000000e+02 1.399405435135253174e+04 -1.293801229702957689e-12 -8.824669492338978620e-12 -8.972581526470765345e-01 3.882647964207418173e-12 -3.627459811897915110e-01 4.485518019199706830e-01 -2.716868871913058153e-12 3.627459811984120597e-01 4.485518019131313205e-01
6.780000000000000000e+02 1.401472503724817761e+04 -1.571666801007520806e-12 -1.063506452207213274e-11 -1.065810032397015883e+00 3.615808659330924614e-12 -3.209231701554239868e-01 5.328736814345316208e-01 -2.125777120920983590e-12 3.209231701658714631e-01 5.328736814288111967e-01
6.790000000000000000e+02 1.403539572314382349e+04 -1.462243116553724019e-12 -1.148427992478968768e-11 -1.158109723789236378e+00 2.855647165482355100e-12 -2.317000868973644878e-01 5.790659979916944478e-01 -1.323239460676125129e-12 2.317000869088509940e-01 5.790659979879151376e-01
6.800000000000000000e+02 1.405606640903946936e+04 -1.674129861214893511e-12 -1.140414854800888862e-11 -1.173103362397665883e+00 1.640906647756242506e-12 -9.978840250754335284e-02 5.865992321595149273e-01 -8.382106018693542337e-14 9.978840251873298539e-02 5.865992321578136215e-01
6.810000000000000000e+02 1.407673709493511524e+04 -1.494288487346779153e-12 -1.091798087040586109e-11 -1.115864803994415233e+00 1.460420924213203139e-13 6.621480519610296878e-02 5.580095200155191781e-01 1.378029593560119139e-12 -6.621480518544997640e-02 5.580095200170720471e-01
6.820000000000000000e+02 1.409740778083076111e+04 -1.214316115425787705e-12 -9.475367142610936361e-12 -9.981431056425141835e-01 -1.783140076637836653e-12 2.538020961673199682e-01 4.991717394362906735e-01 3.080787814644695749e-12 -2.538020961580143009e-01 4.991717394411204767e-01
6.830000000000000000e+02 1.411807846672640699e+04 -1.258916252973612629e-12 -7.888152619693184378e-12 -8.384908107012132294e-01 -3.541560261622408482e-12 4.468089467309202534e-01 4.193628713088060067e-01 4.636886489657206296e-12 -4.468089467230075829e-01 4.193628713175407974e-01
6.840000000000000000e+02 1.413874915262205286e+04 -1.074775287588940189e-12 -5.801932709144621057e-12 -6.613636191509733031e-01 -5.348293365907406093e-12 6.262803556845730757e-01 3.308113860833364339e-01 6.241997751901784126e-12 -6.262803556791380899e-01 3.308113860949256635e-01
6.850000000000000000e+02 1.415941983851769874e+04 -7.587950052176907155e-13 -3.715439804705720296e-12 -4.945112876842682748e-01 -6.835722159949267729e-12 7.722848870594029025e-01 2.473926062228817280e-01 7.454723981156433717e-12 -7.722848870553837841e-01 2.473926062370514489e-01
6.860000000000000000e+02 1.418009052441334461e+04 -5.286878489220396856e-13 -2.576335543958760473e-12 -3.645557467126597229e-01 -7.860289538931693291e-12 8.666684969551625706e-01 1.824177973582709889e-01 8.325363446875565102e-12 -8.666684969526162741e-01 1.824177973742904246e-01
6.870000000000000000e+02 1.420076121030899048e+04 -3.729375693391137351e-13 -1.557878383259341965e-12 -2.916704513857939496e-01 -8.190404640147920825e-12 8.962203912178681176e-01 1.459737804930721361e-01 8.595111471878510527e-12 -8.962203912161326169e-01 1.459737805092286012e-01
6.880000000000000000e+02 1.422143189620463636e+04 -2.025420764068636761e-13 -1.878129371529702517e-12 -2.847963551376240798e-01 -7.976928175287239453e-12 8.554563454420275326e-01 1.425307530983092874e-01 8.310889352740839907e-12 -8.554563454399608524e-01 1.425307531143058803e-01
6.890000000000000000e+02 1.424210258210028223e+04 -5.240526302586146229e-13 -3.232354592446976956e-12 -3.395368643641407669e-01 -6.811819874554769104e-12 7.478850675253282398e-01 1.698896260868845709e-01 7.287833117524575180e-12 -7.478850675225536815e-01 1.698896261010771347e-01
6.900000000000000000e+02 1.426277326799592811e+04 -2.865662430676138219e-13 -4.497098452721804895e-12 -4.393602025821001233e-01 -5.276791694576440415e-12 5.854029664023715496e-01 2.197832208289542677e-01 5.831739569945966954e-12 -5.854029663981468179e-01 2.197832208403151799e-01
6.910000000000000000e+02 1.428344395389157398e+04 -7.485485221663981312e-13 -6.008391629761353526e-12 -5.597158215581748975e-01 -3.315475302228823255e-12 3.859705341348516616e-01 2.799347437316048737e-01 4.064750921794346507e-12 -3.859705341290856073e-01 2.799347437394832938e-01
6.920000000000000000e+02 1.430411463978721986e+04 -9.212807137510679600e-13 -6.982649593687750122e-12 -6.735074142906408712e-01 -1.244791563885423405e-12 1.703650749357842886e-01 3.367948659170362791e-01 2.040214816912863366e-12 -1.703650749287622390e-01 3.367948659207471440e-01
6.930000000000000000e+02 1.432478532568286573e+04 -1.198387812987469950e-12 -8.402120822079277177e-12 -7.559058180072657507e-01 8.183167882442452086e-13 -4.088964781093116369e-02 3.779489992360618444e-01 1.150023474383592790e-13 4.088964781918637270e-02 3.779489992361988460e-01
6.940000000000000000e+02 1.434545601157851161e+04 -9.161368848800657492e-13 -8.982152062628195658e-12 -7.875043981525169379e-01 2.728646254786072625e-12 -2.297896719195339499e-01 3.936958387449481789e-01 -1.638894905100768149e-12 2.297896719283714639e-01 3.936958387412259341e-01
6.950000000000000000e+02 1.436612669747415748e+04 -7.854341431516053932e-13 -8.658315000272845755e-12 -7.556230941450207128e-01 4.095525321318686953e-12 -3.820908129604445591e-01 3.776998304560714725e-01 -3.156216000893976829e-12 3.820908129692934807e-01 3.776998304495860492e-01
6.960000000000000000e+02 1.438679738336980336e+04 -8.263320094340663934e-13 -8.179452676844140386e-12 -6.543002528215419167e-01 5.156386795688647177e-12 -4.877381621710707993e-01 3.269866131891256966e-01 -4.209796871536811171e-12 4.877381621790976562e-01 3.269866131808019660e-01
6.970000000000000000e+02 1.440746806926544923e+04 -6.691864373883541063e-13 -7.008057310569919032e-12 -4.837165610545730021e-01 5.511530185501312476e-12 -5.408919949507499103e-01 2.416533696121063446e-01 -4.929053499790344334e-12 5.408919949575550223e-01 2.416533696030861433e-01
6.980000000000000000e+02 1.442813875516109510e+04 -1.912526355072407724e-13 -4.538969388706657438e-12 -2.496470074682696216e-01 5.414089834126356709e-12 -5.399427482200944706e-01 1.245925195187756324e-01 -5.017102383072018032e-12 5.399427482244332221e-01 1.245925195095042154e-01
6.990000000000000000e+02 1.444880944105674098e+04 -1.043504599805115992e-14 -1.373811330463076528e-12 3.678577278538213563e-02 4.676003545141221353e-12 -4.877439218773420571e-01 -1.863348771794355943e-02 -4.718316460867362374e-12 4.877439218787236186e-01 -1.863348772641570950e-02
7.000000000000000000e+02 1.446948012695238685e+04 6.474598209211477110e-13 2.414526643971240212e-12 3.591166232080801879e-01 3.586591155936176267e-12 -3.920550128632944165e-01 -1.797948059804949927e-01 -4.009161430527750633e-12 3.920550128611706708e-01 -1.797948059872544468e-01
7.010000000000000000e+02 1.449015081284803273e+04 1.049382266421035640e-12 5.041233775409893111e-12 6.956899824305459168e-01 2.187276824769473619e-12 -2.658939554758940615e-01 -3.480681582766094184e-01 -3.047017287041757011e-12 2.658939554701850727e-01 -3.480681582811080976e-01
7.020000000000000000e+02 1.451082149874367860e+04 1.266246976009807241e-12 8.567660145380090410e-12 1.020509485121364079e+00 4.586192420778584169e-13 -1.272779722315611761e-01 -5.104593201743624631e-01 -1.846454679517563658e-12 1.272779722219015419e-01 -5.104593201764519028e-01
7.030000000000000000e+02 1.453149218463932448e+04 1.744322727397424820e-12 1.287309874369734926e-11 1.305343907476795406e+00 -8.504209455726242867e-13 2.252910651895801992e-03 -6.528553953230366025e-01 -8.026843365325884927e-13 -2.252910665003656204e-03 -6.528553953227967943e-01
7.040000000000000000e+02 1.455216287053497035e+04 1.939066632807421161e-12 1.256415499204470112e-11 1.523268384632141759e+00 -1.989134695118349100e-12 1.006467933128279840e-01 -7.617960538562055239e-01 2.018582273252122135e-14 -1.006467933285848104e-01 -7.617960538545385241e-01
7.050000000000000000e+02 1.457283355643061623e+04 2.209157037521777060e-12 1.883643317391215708e-11 1.653121464372647065e+00 -2.574093819870998936e-12 1.495316761963794427e-01 -8.267027044263667301e-01 4.014440773268659633e-13 -1.495316762137804678e-01 -8.267027044241059830e-01
7.060000000000000000e+02 1.459350424232626210e+04 2.187120732364798635e-12 2.190477680839465341e-11 1.683638004357031370e+00 -2.468138789557083607e-12 1.384536414027119633e-01 -8.419449011703938890e-01 2.740339890663133159e-13 -1.384536414205697064e-01 -8.419449011681788830e-01
7.070000000000000000e+02 1.461417492822190798e+04 2.057231825662279202e-12 1.296259215826369591e-11 1.615695240660349530e+00 -1.779779729484912857e-12 6.751508920676978220e-02 -8.079629909558290191e-01 -2.923682002949203484e-13 -6.751508922426215087e-02 -8.079629909552467071e-01
7.080000000000000000e+02 1.463484561411755385e+04 2.094953662782883823e-12 1.850299486016873733e-11 1.461813173729122006e+00 -3.969094309062225428e-13 -5.259336112914950179e-02 -7.310182488557519509e-01 -1.443676079272186844e-12 5.259336111359819849e-02 -7.310182488572705140e-01
7.090000000000000000e+02 1.465551630001319973e+04 1.698280047261670824e-12 2.203473852069442296e-11 1.243065562295792237e+00 1.202203332119691730e-12 -2.032790495811207521e-01 -6.216486723528930058e-01 -2.779792938035291164e-12 2.032790495677388731e-01 -6.216486723575287421e-01
7.100000000000000000e+02 1.467618698590884560e+04 1.231475511090281231e-12 1.097730635146408355e-11 9.846860533994162834e-01 3.073159444479925181e-12 -3.622219214668451759e-01 -4.924720579635491480e-01 -4.334207936028888349e-12 3.622219214565690071e-01 -4.924720579709251922e-01
7.110000000000000000e+02 1.469685767180449147e+04 1.046571990437047127e-12 4.457914727180907564e-12 7.118779049284275073e-01 4.617201847859863645e-12 -5.075616741939900090e-01 -3.560900663076039807e-01 -5.570813113150115845e-12 5.075616741870706550e-01 -3.560900663179486503e-01
7.120000000000000000e+02 1.471752835770013735e+04 5.395007198519725811e-13 1.102785014386349862e-11 4.468858241641425755e-01 5.982771264858081783e-12 -6.208813973737480341e-01 -2.236228463911908715e-01 -6.537820757501439789e-12 6.208813973694776722e-01 -2.236228464035565633e-01
7.130000000000000000e+02 1.473819904359578322e+04 1.240182918730940556e-13 2.719523235280628734e-12 2.075385915393568870e-01 6.864142887276373986e-12 -6.887069166248662722e-01 -1.039795699479760804e-01 -7.090592654750158476e-12 6.887069166232563378e-01 -1.039795699619288777e-01
7.140000000000000000e+02 1.475886972949142910e+04 3.963237960732336317e-15 1.171923977994565465e-12 6.894861614547051661e-03 7.131562680323792065e-12 -7.028174299383752599e-01 -3.681908872694638138e-03 -7.114051454616500242e-12 7.028174299384779555e-01 -3.681908886898619879e-03
7.150000000000000000e+02 1.477954041538707497e+04 -2.227190693050973384e-13 -1.774543518561352577e-12 -1.466197181941930050e-01 6.740853703992386433e-12 -6.599555714705267473e-01 7.306546919626416559e-02 -6.550818366658012791e-12 6.599555714718626787e-01 7.306546918237989685e-02
7.160000000000000000e+02 1.480021110128272085e+04 -5.055802493575008841e-13 -2.831137781003148507e-12 -2.491055010097290856e-01 5.899818473666645968e-12 -5.614433340931096472e-01 1.243188125699502822e-01 -5.552449839175051788e-12 5.614433340956329621e-01 1.243188125583610110e-01
7.170000000000000000e+02 1.482088178717836672e+04 -3.370215383813364471e-13 -3.211366155905870933e-12 -3.013986696646581143e-01 4.436663097049363524e-12 -4.129817962876603521e-01 1.504979527773310510e-01 -3.981477610880270450e-12 4.129817962906176532e-01 1.504979527685734453e-01
7.180000000000000000e+02 1.484155247307401260e+04 -1.711290784696799077e-13 -2.388741191892890930e-12 -3.095669656125454861e-01 2.447630912274386350e-12 -2.246116520765890634e-01 1.546332271197514152e-01 -2.088684835587657689e-12 2.246116520791124338e-01 1.546332271146133308e-01
7.190000000000000000e+02 1.486222315896965847e+04 -3.431806341152358744e-13 -1.963186452856685420e-12 -2.853547545027905197e-01 2.550896767104973656e-13 -1.057544670870160311e-02 1.425890335140438947e-01 7.070670049861024802e-14 1.057544671049422819e-02 1.425890335128449926e-01
7.200000000000000000e+02 1.488289384486530435e+04 -3.647246302457468296e-13 -1.002761646183056654e-12 -2.459912993021470817e-01 -2.060262021300457637e-12 2.113164786269991213e-01 1.229705765423621672e-01 2.354194185619166662e-12 -2.113164786259372485e-01 1.229705765454107702e-01
7.210000000000000000e+02 1.490356453076095022e+04 -2.480728771825238877e-13 -5.381887171356823333e-13 -2.127186026531773244e-01 -4.276383847797517923e-12 4.211667583205713217e-01 1.063907713222330687e-01 4.542573115517077347e-12 -4.211667583202630682e-01 1.063907713292323032e-01
7.220000000000000000e+02 1.492423521665659609e+04 -3.297316024912147761e-13 -4.848249272065078824e-13 -2.076857744400080197e-01 -6.104145662095786881e-12 5.993933971253407877e-01 1.039194133556700095e-01 6.364929042714468499e-12 -5.993933971251923509e-01 1.039194133668139702e-01
7.230000000000000000e+02 1.494490590255224197e+04 -1.896263579668134499e-13 -8.424480079213974603e-13 -2.495403980036852987e-01 -7.422569543450741448e-12 7.296840582926568120e-01 1.248791528049102151e-01 7.782548829315570813e-12 -7.296840582917890616e-01 1.248791528185775462e-01
7.240000000000000000e+02 1.496557658844788784e+04 -6.497147114788979994e-13 -2.204993500585285495e-12 -3.488884355037863427e-01 -8.166254348814456666e-12 8.017206226085349385e-01 1.745743585400672260e-01 8.646180140591118513e-12 -8.017206226066966313e-01 1.745743585554929422e-01
7.250000000000000000e+02 1.498624727434353372e+04 -5.621951480549433494e-13 -4.239107599274072198e-12 -5.051896170816490006e-01 -8.261301343448294067e-12 8.128193168868592666e-01 2.527372728095220733e-01 8.908289831864659318e-12 -8.128193168826460813e-01 2.527372728257127887e-01
7.260000000000000000e+02 1.500691796023917959e+04 -8.446071646182825743e-13 -7.111619387826957671e-12 -7.063862993040224136e-01 -7.665833102986716178e-12 7.679207298899402012e-01 3.533413248085116032e-01 8.577654818344265954e-12 -7.679207298828496508e-01 3.533413248240971360e-01
7.270000000000000000e+02 1.502758864613482547e+04 -1.255767985443165787e-12 -1.005221961957475454e-11 -9.313499736543324747e-01 -6.607580198013860304e-12 6.780429334043834855e-01 4.658240105421377897e-01 7.847837173974860078e-12 -6.780429333944155701e-01 4.658240105567413858e-01
7.280000000000000000e+02 1.504825933203047134e+04 -1.629960450337393675e-12 -1.317852236346639699e-11 -1.154157602109907588e+00 -5.325296185803434952e-12 5.578192165041597761e-01 5.772251600561251195e-01 6.778560838578514904e-12 -5.578192164911660589e-01 5.772251600687762219e-01
7.290000000000000000e+02 1.506893001792611722e+04 -1.729355228609549101e-12 -1.565102603589491129e-11 -1.348675509795449257e+00 -3.694747962501415475e-12 4.229225699587327303e-01 6.744790018747902627e-01 5.404452763913197725e-12 -4.229225699430558261e-01 6.744790018848266788e-01
7.300000000000000000e+02 1.508960070382176309e+04 -1.836444556669048773e-12 -1.749467425618093370e-11 -1.492107519247322323e+00 -2.151267486367645221e-12 2.880648945397033533e-01 7.461881289581797638e-01 4.047326207752927308e-12 -2.880648945221082058e-01 7.461881289657955607e-01
7.310000000000000000e+02 1.511027138971740897e+04 -2.017630567507909431e-12 -1.878984296480105807e-11 -1.567163867196554206e+00 -7.934844345599687756e-13 1.656980647268797846e-01 7.837076950512537055e-01 2.829929737225643506e-12 -1.656980647084283220e-01 7.837076950564146882e-01
7.320000000000000000e+02 1.513094207561305484e+04 -2.186817145671319968e-12 -1.872249870376561281e-11 -1.562811004633752443e+00 2.586122057761772803e-13 6.546008877558204264e-02 7.815200492038274493e-01 1.736634961934728558e-12 -6.546008875700497220e-02 7.815200492070587535e-01
7.330000000000000000e+02 1.515161276150870071e+04 -2.040837842338669309e-12 -1.739098081199036581e-11 -1.474364939325642165e+00 9.737773507207231157e-13 -6.027451987051350019e-03 7.372812720688511900e-01 8.933891462099629487e-13 6.027452004349607463e-03 7.372812720700729905e-01
7.340000000000000000e+02 1.517228344740434659e+04 -1.498517851503345966e-12 -1.550892802711620014e-11 -1.303287911320001990e+00 1.259954613876769968e-12 -4.521527456388173966e-02 6.517197216168019169e-01 3.765514294654152466e-13 4.521527457937595668e-02 6.517197216173614693e-01
7.350000000000000000e+02 1.519295413329999246e+04 -1.022821900779360409e-12 -1.243617111513298753e-11 -1.057108924986725373e+00 1.183946724906726446e-12 -5.178177944540845318e-02 5.285971757361827006e-01 9.869084520085217762e-14 5.178177945811667654e-02 5.285971757358743917e-01
7.360000000000000000e+02 1.521362481919563834e+04 -8.634668615746106340e-13 -8.758704227913530293e-12 -7.494283191492442375e-01 7.740694293726364831e-13 -2.891189774454838712e-02 3.747126194379045150e-01 2.048007582346554465e-13 2.891189775340875096e-02 3.747126194378131436e-01
7.370000000000000000e+02 1.523429550509128421e+04 -7.211280538319941219e-13 -4.366892624554676014e-12 -3.997448530737182093e-01 -3.353628938615007696e-14 1.641773596522520806e-02 1.998168356194911510e-01 6.226085368721392932e-13 -1.641773596084070141e-02 1.998168356197880247e-01
7.380000000000000000e+02 1.525496619098693009e+04 1.078815615322392588e-14 1.996251623301318050e-13 -3.261701790268910911e-02 -7.448526108831610843e-13 7.345307184217680918e-02 1.619274205767711958e-02 6.933971829509575272e-13 -7.345307184230241704e-02 1.619274205902444461e-02
7.390000000000000000e+02 1.527563687688257596e+04 4.676589294331701199e-13 4.103914297640862402e-12 3.243138012674431914e-01 -1.667484528193305982e-12 1.283656075260350971e-01 -1.623328583818797743e-01 1.223983806206527152e-12 -1.283656075306822131e-01 -1.623328583794819979e-01
7.400000000000000000e+02 1.529630756277822184e+04 6.902436838142631299e-13 8.044516153512341294e-12 6.436010173683731628e-01 -2.274336048059883742e-12 1.659448315594921064e-01 -3.220265814620026923e-01 1.479170127364220443e-12 -1.659448315678500596e-01 -3.220265814588855746e-01
7.410000000000000000e+02 1.531697824867386771e+04 1.035012478563979628e-12 1.079814325711302638e-11 9.021278810402465487e-01 -2.490280767889769328e-12 1.722379080583986144e-01 -4.513181865862926911e-01 1.270583636323452814e-12 -1.722379080691086861e-01 -4.513181865829015149e-01
7.420000000000000000e+02 1.533764893456951359e+04 1.416067980839804536e-12 1.282679409974213297e-11 1.085039637803532964e+00 -2.284727321562901149e-12 1.375912375694442469e-01 -5.427735960640716062e-01 8.263379748766313766e-13 -1.375912375817985034e-01 -5.427735960613312427e-01
7.430000000000000000e+02 1.535831962046515946e+04 1.595756738594403766e-12 1.379086332739090737e-11 1.188157253974061467e+00 -1.344554126837046486e-12 5.911956004887503058e-02 -5.943056550909830982e-01 -8.889914989468481633e-14 -5.911956006225692339e-02 -5.943056550898299095e-01
7.440000000000000000e+02 1.537899030636080533e+04 1.249195858240990210e-12 1.099143553373681866e-11 1.217985071515440554e+00 -8.443803897886424295e-14 -5.831872575403798664e-02 -6.091756339933920295e-01 -1.399618995655609129e-12 5.831872574072460846e-02 -6.091756339944995879e-01
7.450000000000000000e+02 1.539966099225645121e+04 1.498677871960355623e-12 1.442640580076024696e-11 1.189338166535747865e+00 1.502371601153473783e-12 -2.030402502199809278e-01 -5.948022014893789011e-01 -2.948399246760829595e-12 2.030402502078093308e-01 -5.948022014930326451e-01
7.460000000000000000e+02 1.542033167815209708e+04 1.211818418347973739e-12 7.685227927753513384e-12 1.121551583258764584e+00 3.339727381326042708e-12 -3.589619654059836296e-01 -5.608623004455470795e-01 -4.716926939300430926e-12 3.589619653951593992e-01 -5.608623004523521915e-01
7.470000000000000000e+02 1.544100236404774296e+04 1.209100231206074306e-12 1.214855338177585231e-11 1.034598131807203725e+00 5.064076814014036722e-12 -5.086230124103537920e-01 -5.173482981687348436e-01 -6.348992913126454469e-12 5.086230124007398157e-01 -5.173482981787826951e-01
7.480000000000000000e+02 1.546167304994338883e+04 1.071144104542230055e-12 1.366413465160224735e-11 9.461389224800670350e-01 6.572933529251171932e-12 -6.358772173905434810e-01 -4.730933336913913378e-01 -7.756475507303447746e-12 6.358772173823225016e-01 -4.730933337036999364e-01
7.490000000000000000e+02 1.548234373583903471e+04 1.058183307593785127e-12 1.530164961734802652e-11 8.698775321065438382e-01 7.731773323456378168e-12 -7.277246358021841610e-01 -4.349495807573114381e-01 -8.769220035730938642e-12 7.277246357947625421e-01 -4.349495807722233431e-01
7.500000000000000000e+02 1.550301442173468058e+04 1.027241114946181693e-12 1.382117259104943448e-11 8.149858519363223364e-01 8.266996215351487107e-12 -7.752605761440718446e-01 -4.075025495612586979e-01 -9.300446364643352536e-12 7.752605761367643566e-01 -4.075025495771867901e-01
7.510000000000000000e+02 1.552368510763032646e+04 1.071390087558688820e-12 9.724748864190273190e-12 7.861726529933680263e-01 8.254216919263172250e-12 -7.739473174974313974e-01 -3.931063035302716502e-01 -9.318024661139053408e-12 7.739473174904435426e-01 -3.931063035466108024e-01
7.520000000000000000e+02 1.554435579352597233e+04 1.077017909584553661e-12 1.141945862278942555e-11 7.838175813095122901e-01 7.768600096066697112e-12 -7.236600491704067162e-01 -3.919506951592369171e-01 -8.755582606406087354e-12 7.236600491621628661e-01 -3.919506951751421941e-01
7.530000000000000000e+02 1.556502647942161821e+04 9.325442406467810500e-13 1.477039544252951373e-11 8.040300611329572744e-01 6.756212874645536942e-12 -6.285867476535975662e-01 -4.020903141632549138e-01 -7.701164841258090579e-12 6.285867476444859658e-01 -4.020903141775388212e-01
7.540000000000000000e+02 1.558569716531726408e+04 1.129485879188840914e-12 9.017258812384220979e-12 8.384766647397361439e-01 5.165414826763579215e-12 -4.971725800070552204e-01 -4.193569682232162754e-01 -6.263404489446948008e-12 4.971725799967104953e-01 -4.193569682353650019e-01
7.550000000000000000e+02 1.560636785121290995e+04 1.101786145642616796e-12 7.739047082356725208e-12 8.744175714263838772e-01 3.327638011140715879e-12 -3.417161290753322755e-01 -4.373763280455868485e-01 -4.446962935789992244e-12 3.417161290637316107e-01 -4.373763280544814558e-01
7.560000000000000000e+02 1.562703853710855583e+04 1.146862562357436641e-12 1.274619053081131068e-11 8.952633256787572158e-01 1.425535833319064084e-12 -1.774942650815769241e-01 -4.478452601517379228e-01 -2.623382208047289328e-12 1.774942650686746060e-01 -4.478452601574583469e-01
7.570000000000000000e+02 1.564770922300420170e+04 1.198654780452535165e-12 1.292593393163331186e-11 8.822115740316407440e-01 -2.627544148850159982e-13 -2.107146288842010398e-02 -4.413509892784687749e-01 -8.058769306987809972e-13 2.107146287531224890e-02 -4.413509892812090829e-01
7.580000000000000000e+02 1.566837990889984758e+04 7.610321211260496027e-13 1.256568657312171556e-11 8.171368267617579173e-01 -1.797037819723112093e-12 1.121356785128913014e-01 -4.088193668626569632e-01 8.742010997811185182e-13 -1.121356785255652744e-01 -4.088193668622345234e-01
7.590000000000000000e+02 1.568905059479549345e+04 6.439746786463155419e-13 1.071442207933319885e-11 6.863694770394676015e-01 -2.826226511493560070e-12 2.105754286674525189e-01 -3.434096941310408879e-01 2.063869808269982991e-12 -2.105754286785279650e-01 -3.434096941285288973e-01
7.600000000000000000e+02 1.570972128069113933e+04 6.788184225157615748e-13 7.785539815184191249e-12 4.843622574261972069e-01 -3.444413523729500134e-12 2.687467195933226916e-01 -2.423523693131625911e-01 2.833465278626679834e-12 -2.687467196012809922e-01 -2.423523693087895059e-01
7.610000000000000000e+02 1.573039196658678520e+04 1.417390424831365292e-13 4.183872054337296092e-12 2.159523937860292342e-01 -3.511548049814221214e-12 2.880573985122100722e-01 -1.080789684782060694e-01 3.290038069368604558e-12 -2.880573985164119333e-01 -1.080789684728738625e-01
7.620000000000000000e+02 1.575106265248243108e+04 -2.613045786209354442e-13 3.980742670536260293e-14 -1.037180097529805806e-01 -3.113593287531138567e-12 2.760196521700488681e-01 5.182471906674417789e-02 3.335737620039297623e-12 -2.760196521699118666e-01 5.182471907220197876e-02
7.630000000000000000e+02 1.577173333837807695e+04 -2.745038207150013965e-13 -4.688553838204300311e-12 -4.516538593535621704e-01 -2.604336993294872816e-12 2.441277544171365776e-01 2.258510943325642284e-01 3.144717271405933354e-12 -2.441277544121469023e-01 2.258510943377365909e-01
7.640000000000000000e+02 1.579240402427372283e+04 -9.013257831965472725e-13 -9.931160213965342766e-12 -8.009374712666227358e-01 -1.777451624462963280e-12 2.052237390735632827e-01 4.005369328587852218e-01 2.863389684906783328e-12 -2.052237390639607695e-01 4.005369328638547777e-01
7.650000000000000000e+02 1.581307471016936870e+04 -1.256762876866007615e-12 -1.394301035614970837e-11 -1.124808892251030423e+00 -1.347009486505535881e-12 1.711925928678435793e-01 5.625021805543497511e-01 2.706722812839458293e-12 -1.711925928541077335e-01 5.625021805592024249e-01
7.660000000000000000e+02 1.583374539606501457e+04 -1.849624229754397441e-12 -1.760930112831143416e-11 -1.399850896929745625e+00 -9.447678051928241688e-13 1.514601948932142450e-01 7.000411254647143089e-01 2.686126031269727043e-12 -1.514601948754592531e-01 7.000411254695099172e-01
7.670000000000000000e+02 1.585441608196066045e+04 -2.138597914809869349e-12 -2.057904649816746904e-11 -1.607861572876124301e+00 -8.316483418736013131e-13 1.523388098056550344e-01 8.040568886504395607e-01 2.827626192976865788e-12 -1.523388097853652645e-01 8.040568886554292360e-01
7.680000000000000000e+02 1.587508676785630632e+04 -2.007426696236186216e-12 -2.207614455636998732e-11 -1.736589905712109250e+00 -1.085329917846914191e-12 1.769678812099541310e-01 8.684274750112476182e-01 3.138437464023080486e-12 -1.769678811878374891e-01 8.684274750169338475e-01
7.690000000000000000e+02 1.589575745375195220e+04 -2.197783158456394380e-12 -2.251979224888432864e-11 -1.779809424266368900e+00 -1.634091327085959991e-12 2.255201136972998233e-01 8.900418593349999075e-01 3.801078233314852214e-12 -2.255201136749890867e-01 8.900418593416108415e-01
7.700000000000000000e+02 1.591642813964759807e+04 -2.046510941556053948e-12 -2.173262051092564652e-11 -1.737254753805150376e+00 -2.499855719692293180e-12 2.953952706230131842e-01 8.687684076842495662e-01 4.632706947293097302e-12 -2.953952706013761031e-01 8.687684076922307375e-01
7.710000000000000000e+02 1.593709882554324395e+04 -1.956032878267426165e-12 -2.001294461259964495e-11 -1.614561884232151856e+00 -3.694248565192078200e-12 3.813540588855564017e-01 8.074253829675331895e-01 5.685743931326304596e-12 -3.813540588655863206e-01 8.074253829771927959e-01
7.720000000000000000e+02 1.595776951143888982e+04 -1.746146348350080528e-12 -1.737805286174456346e-11 -1.423503785463662963e+00 -4.925871150607206862e-12 4.754837015043451576e-01 7.118989442340056817e-01 6.670469051528236989e-12 -4.754837014873666279e-01 7.118989442456634675e-01
7.730000000000000000e+02 1.597844019733453570e+04 -1.485170988376189434e-12 -1.365246267438448402e-11 -1.181774315472991166e+00 -6.153909281739013756e-12 5.673706560359669249e-01 5.910350709642662181e-01 7.648980639465452981e-12 -5.673706560224595075e-01 5.910350709773513067e-01
7.740000000000000000e+02 1.599911088323018157e+04 -1.066104217579763074e-12 -9.968421968373107123e-12 -9.122224582041015273e-01 -7.299832806548060691e-12 6.445418882048052911e-01 4.562565578598400950e-01 8.359621120935647374e-12 -6.445418881949858125e-01 4.562565578743637551e-01
7.750000000000000000e+02 1.601978156912582745e+04 -9.287181564519969107e-13 -6.675847343596748186e-12 -6.407349741550327771e-01 -8.186916779772506767e-12 6.935729190495885099e-01 3.205042279960956808e-01 8.916750176225468529e-12 -6.935729190430003355e-01 3.205042280118867715e-01
7.760000000000000000e+02 1.604045225502147332e+04 -6.084750094094481498e-13 -3.300910205725310043e-12 -3.927609679537388265e-01 -8.356677309453957432e-12 7.019117933635435902e-01 1.964992339071786331e-01 8.909160105859814944e-12 -7.019117933603008508e-01 1.964992339228212870e-01
7.770000000000000000e+02 1.606112294091711919e+04 -8.098032130001620773e-14 -1.382738744610653866e-12 -1.889700168741987873e-01 -8.035430463348917213e-12 6.602385313261385225e-01 9.457260712577199302e-02 8.297600008296736760e-12 -6.602385313250196397e-01 9.457260714060396201e-02
7.780000000000000000e+02 1.608179362681276507e+04 1.040439839629585817e-14 3.586454113074256995e-13 -4.126507624385145068e-02 -7.066000856594713254e-12 5.647912882707003535e-01 2.067315933221713919e-02 7.050132017904161501e-12 -5.647912882710199867e-01 2.067315934516514297e-02
7.790000000000000000e+02 1.610246431270841094e+04 2.136591495167620953e-13 9.096870915805866408e-13 4.938242287714975781e-02 -5.225254051240973362e-12 4.188507279629128943e-01 -2.471261509078407845e-02 5.153889593526534746e-12 -4.188507279640090175e-01 -2.471261508079333757e-02
7.800000000000000000e+02 1.612313499860405682e+04 1.098307790987882331e-13 4.234790850371580859e-13 9.241366135686966687e-02 -2.945254408603906128e-12 2.327724185704242443e-01 -4.629907306700605657e-02 2.849949132884517869e-12 -2.327724185709951488e-01 -4.629907306082892138e-02
7.810000000000000000e+02 1.614380568449970269e+04 3.032411860400374343e-13 -2.947754249422185429e-14 1.046731191648238857e-01 -4.052642563887051884e-13 2.243084642835872430e-02 -5.249699157091698015e-02 2.657196885220642175e-13 -2.243084642859850125e-02 -5.249699156971809194e-02
7.820000000000000000e+02 1.616447637039534857e+04 9.773176126267599812e-14 -7.613807746763360767e-13 1.061374477177259440e-01 2.355135810921118607e-12 -1.933982337259431139e-01 -5.328133777474125532e-02 -2.506902291069159397e-12 1.933982337264112394e-01 -5.328133777790403786e-02
7.830000000000000000e+02 1.618514705629099444e+04 3.118841238198417585e-13 -1.097987886388558489e-12 1.158739187265924453e-01 4.830845541923854012e-12 -3.958637860337622105e-01 -5.817553619725464309e-02 -5.053307653123747678e-12 3.958637860346413961e-01 -5.817553620530432901e-02
7.840000000000000000e+02 1.620581774218664032e+04 2.990632953971039805e-13 -3.548855255191507471e-12 1.492604606024657554e-01 7.043919629402772132e-12 -5.683154000159282848e-01 -7.486537980314060536e-02 -7.220038627850966045e-12 5.683154000164079012e-01 -7.486537981518658069e-02
7.850000000000000000e+02 1.622648842808228619e+04 1.248018320580882402e-13 1.838003365796904396e-12 2.167144604127018981e-01 8.635924554739562371e-12 -6.976887336676853568e-01 -1.085640331662451191e-01 -8.921858611678761233e-12 6.976887336676967921e-01 -1.085640331814767129e-01
7.860000000000000000e+02 1.624715911397793207e+04 3.311411176976808885e-13 1.399831173969821849e-12 3.235594352501073301e-01 9.595562463619695353e-12 -7.751034055902038533e-01 -1.619427768959507963e-01 -9.938689417110661918e-12 7.751034055886282248e-01 -1.619427769133517936e-01
7.870000000000000000e+02 1.626782979987357794e+04 4.940031252732860572e-13 8.844885783770078111e-12 4.704160189088539834e-01 9.796465880899761312e-12 -7.960300399892371592e-01 -2.353226283380843997e-01 -1.036993170373957994e-11 7.960300399852864306e-01 -2.353226283565587051e-01
7.880000000000000000e+02 1.628850048576922381e+04 7.798692655295851083e-13 5.927403293353193675e-12 6.535793920247646716e-01 9.201942925959105357e-12 -7.603993558233629324e-01 -3.268600071145100761e-01 -1.009626984904699066e-11 7.603993558166719513e-01 -3.268600071322079748e-01
7.890000000000000000e+02 1.630917117166486969e+04 9.075720142947206986e-13 9.181455891597227508e-12 8.650913029441136270e-01 8.032190117344245117e-12 -6.728634869270829766e-01 -4.325814411107569701e-01 -9.077613784825515352e-12 6.728634869165556198e-01 -4.325814411271189930e-01
7.900000000000000000e+02 1.632984185756051556e+04 1.331983606901712307e-12 9.315019642906204711e-12 1.092518206138805681e+00 6.235079479925155974e-12 -5.431604671602148215e-01 -5.462727665183452208e-01 -7.584311966047000897e-12 5.431604671463989842e-01 -5.462727665319554449e-01
7.910000000000000000e+02 1.635051254345616144e+04 1.447352072413883705e-12 1.932063924880761907e-11 1.318748828211174562e+00 4.128801759259791111e-12 -3.862440980585103434e-01 -6.593787765062473216e-01 -5.739642011738962249e-12 3.862440980409723168e-01 -6.593787765163979797e-01
7.920000000000000000e+02 1.637118322935180731e+04 1.930760870840458721e-12 1.966347948493843555e-11 1.522352163734614461e+00 1.890554462568357923e-12 -2.216504030600142672e-01 -7.611832913398033362e-01 -3.796656418922475895e-12 2.216504030390508417e-01 -7.611832913465741424e-01
7.930000000000000000e+02 1.639185391524745501e+04 1.873371531721163772e-12 2.048215961508471386e-11 1.679121888266276619e+00 -8.917852560771503952e-14 -7.153038213693463376e-02 -8.395822575554215961e-01 -2.007660051635155507e-12 7.153038211352774622e-02 -8.395822575587557068e-01
7.940000000000000000e+02 1.641252460114310088e+04 2.217565627921119782e-12 2.310150559650522620e-11 1.765103441084370006e+00 -1.595586178507596665e-12 4.270982688664753946e-02 -8.825976113639013576e-01 -5.180371998872043321e-13 -4.270982691188129898e-02 -8.825976113645750409e-01
7.950000000000000000e+02 1.643319528703874676e+04 2.071399636117666522e-12 3.095026537584138092e-11 1.760859924403456400e+00 -2.413441847561229338e-12 1.047360870314952563e-01 -8.805097464411404395e-01 3.428187933016207084e-13 -1.047360870565463287e-01 -8.805097464402156238e-01
7.960000000000000000e+02 1.645386597293439263e+04 2.010448441820750553e-12 1.932236124265772717e-11 1.655833680698322041e+00 -2.375174301664798649e-12 1.071426061026512916e-01 -8.280372888318368041e-01 3.924422910655959574e-13 -1.071426061259211499e-01 -8.280372888302839351e-01
7.970000000000000000e+02 1.647453665883003850e+04 1.751857915986385918e-12 2.569480409618618188e-11 1.451269924159608538e+00 -1.542991988835467355e-12 5.336352257894982909e-02 -7.257982090899338656e-01 -1.721038696413708232e-13 -5.336352259929669217e-02 -7.257982090897512339e-01
7.980000000000000000e+02 1.649520734472568438e+04 1.397505053896065457e-12 1.460447675231431012e-11 1.160537132828252993e+00 -1.721412626396773359e-13 -4.321196918997018827e-02 -5.804704153156493573e-01 -1.241659825816409980e-12 4.321196917403066773e-02 -5.804704153169852887e-01
7.990000000000000000e+02 1.651587803062133025e+04 8.962010576842001802e-13 1.065149541700472886e-11 8.067010819605122673e-01 1.673288567822738221e-12 -1.625758409646868852e-01 -4.035801215206487602e-01 -2.615173732383715235e-12 1.625758409548217487e-01 -4.035801215245879980e-01
8.000000000000000000e+02 1.653654871651697613e+04 4.981315996476372489e-13 3.875563644207778614e-12 4.183499622883716240e-01 3.439907926624449078e-12 -2.825238092973810788e-01 -2.094159169800006159e-01 -3.938047128530245420e-12 2.825238092928823996e-01 -2.094159169866344761e-01
8.010000000000000000e+02 1.655721940241262200e+04 -2.321133023752444782e-13 -1.241047918740284725e-12 2.516749339937828303e-02 5.012778586229053917e-12 -3.826122136196696832e-01 -1.281620583815749718e-02 -5.020563532559827963e-12 3.826122136207886215e-01 -1.281620584682375240e-02
8.020000000000000000e+02 1.657789008830826788e+04 -5.804212253201324932e-13 -6.034510484257977651e-12 -3.455592974187834399e-01 6.062248124478160581e-12 -4.467102624754822338e-01 1.725769045309262506e-01 -5.594789205723942594e-12 4.467102624814766609e-01 1.725769045209469277e-01
8.030000000000000000e+02 1.659856077420391375e+04 -7.309975243311477347e-13 -1.027874289922289809e-11 -6.710348948931090796e-01 6.547215047619881507e-12 -4.640228743051271754e-01 3.353639678670221058e-01 -5.690483022709143824e-12 4.640228743152777224e-01 3.353639678562663762e-01
8.040000000000000000e+02 1.661923146009955963e+04 -1.130135068729974242e-12 -1.315254360788825208e-11 -9.338534888905346554e-01 6.205715666039069892e-12 -4.290393266937075345e-01 4.668353711614893764e-01 -5.069240452836151272e-12 4.290393267067582617e-01 4.668353711512017723e-01
8.050000000000000000e+02 1.663990214599520550e+04 -1.675486916699782164e-12 -1.526186811892265800e-11 -1.122237303843151013e+00 5.208401296770385020e-12 -3.410292233261056349e-01 5.610916863184868264e-01 -3.799858996175359342e-12 3.410292233413258489e-01 5.610916863101059748e-01
8.060000000000000000e+02 1.666057283189085138e+04 -1.729800229948666468e-12 -1.608765211522680657e-11 -1.230148402584318568e+00 3.438164354370745263e-12 -2.035577409225073908e-01 6.151042845153584793e-01 -1.991837874099367635e-12 2.035577409384811409e-01 6.151042845098891876e-01
8.070000000000000000e+02 1.668124351778649725e+04 -1.402815566430047310e-12 -1.589685530706762693e-11 -1.257651341976188553e+00 1.036632662089158937e-12 -2.425329047074294489e-02 6.289005438569871265e-01 4.327100615120309221e-13 2.425329048640843116e-02 6.289005438557768723e-01
8.080000000000000000e+02 1.670191420368214312e+04 -1.476187362492038675e-12 -1.453669365303183830e-11 -1.211544577327102967e+00 -1.707084234479172203e-12 1.852265511698481526e-01 6.058796551010914300e-01 3.235823601848030437e-12 -1.852265511553701505e-01 6.058796551044826062e-01
8.090000000000000000e+02 1.672258488957778900e+04 -1.450528537139717247e-12 -1.270335926792161041e-11 -1.105947392112089256e+00 -4.889579511527361185e-12 4.092778678629933609e-01 5.531037940773543271e-01 6.220302653151705936e-12 -4.092778678501595713e-01 5.531037940862261193e-01
8.100000000000000000e+02 1.674325557547343487e+04 -1.337536206172923574e-12 -1.063515533027792346e-11 -9.621897717589991128e-01 -7.873247387621303439e-12 6.288669445275025804e-01 4.812407468830558477e-01 9.036408057260173475e-12 -6.288669445171807260e-01 4.812407468973626257e-01
8.110000000000000000e+02 1.676392626136908075e+04 -7.818940484591931730e-13 -8.094396306185382988e-12 -8.072345009181690623e-01 -1.068858032752101979e-11 8.228603635816431616e-01 4.037738175953492492e-01 1.158240658159643678e-11 -8.228603635728741761e-01 4.037738176151594582e-01
8.120000000000000000e+02 1.678459694726472662e+04 -8.185352881452185177e-13 -6.825649006056525497e-12 -6.701269077173455102e-01 -1.269290786434107449e-11 9.703577616735034050e-01 3.352266691589727565e-01 1.355259074498685952e-11 -9.703577616667439232e-01 3.352266691828020839e-01
8.130000000000000000e+02 1.680526763316037250e+04 -8.358752935964296361e-13 -5.947575161486046228e-12 -5.767290284898556330e-01 -1.399250164057885362e-11 1.053815780773172506e+00 2.885307893155122927e-01 1.472452160999627541e-11 -1.053815780767314969e+00 2.885307893421504843e-01
8.140000000000000000e+02 1.682593831905601837e+04 -5.288754381528669961e-13 -6.413551029197290584e-12 -5.439958822720091236e-01 -1.414959680280336274e-11 1.062272543216744136e+00 2.721638707975993499e-01 1.479926824529357093e-11 -1.062272543210510012e+00 2.721638708249568550e-01
8.150000000000000000e+02 1.684660900495166425e+04 -6.929167766879076764e-13 -7.643242435115212695e-12 -5.758130859349920305e-01 -1.332624654868709848e-11 9.936493462744007132e-01 2.880686189310865952e-01 1.395249965959312979e-11 -9.936493462666706744e-01 2.880686189575535350e-01
8.160000000000000000e+02 1.686727969084731012e+04 -9.292449733404331824e-13 -9.704840557469333080e-12 -6.620576195441342238e-01 -1.135218972994782421e-11 8.552888991360161342e-01 3.311830030938920366e-01 1.215558830374765257e-11 -8.552888991264707697e-01 3.311830031176871136e-01
8.170000000000000000e+02 1.688795037674295600e+04 -1.112264186111881014e-12 -1.197100516256408543e-11 -7.812549945800034701e-01 -8.629927246600963191e-12 6.625375959615437127e-01 3.907686432972986013e-01 9.579488499851551323e-12 -6.625375959496462297e-01 3.907686433165607487e-01
8.180000000000000000e+02 1.690862106263860187e+04 -1.122932410692779919e-12 -1.457460930202110863e-11 -9.058367779585037027e-01 -5.469310229159606933e-12 4.358324706853704544e-01 4.530393687500791078e-01 6.571162800144504215e-12 -4.358324706711207974e-01 4.530393687636779521e-01
8.190000000000000000e+02 1.692929174853424774e+04 -1.085699245678381844e-12 -1.599441590017001558e-11 -1.007869883104872244e+00 -2.242633056873999583e-12 1.973493764327487743e-01 5.040259255624058854e-01 3.393292635346044587e-12 -1.973493764167750242e-01 5.040259255697362439e-01
8.200000000000000000e+02 1.694996243442989362e+04 -1.262819013944252402e-12 -1.694668807397691537e-11 -1.063583072146603747e+00 1.053253143355580026e-12 -3.189661333599942694e-02 5.318400658501946099e-01 1.754850339249109587e-13 3.189661335279529719e-02 5.318400658516561075e-01
8.210000000000000000e+02 1.697063312032553949e+04 -1.220471180494162124e-12 -1.680466749914162795e-11 -1.055875319804236989e+00 3.829206762240015828e-12 -2.339793731919566078e-01 5.279306072724202492e-01 -2.640397087507889591e-12 2.339793732089123224e-01 5.279306072683097595e-01
8.220000000000000000e+02 1.699130380622118537e+04 -1.115396923958399183e-12 -1.574956709232669403e-11 -9.749907978160569089e-01 6.067115153538102026e-12 -3.949954688010898773e-01 4.874231626823170016e-01 -4.889533446260222787e-12 3.949954688164014072e-01 4.874231626733538936e-01
8.230000000000000000e+02 1.701197449211683124e+04 -8.906765842081656320e-13 -1.299171332622795576e-11 -8.180829181847892873e-01 7.558225836597873730e-12 -5.053103962641323221e-01 4.089030361758354548e-01 -6.529834810300589160e-12 5.053103962769890378e-01 4.089030361635040411e-01
8.240000000000000000e+02 1.703264517801247712e+04 -6.517246834461053050e-13 -9.088331809578253224e-12 -5.884443012745773638e-01 8.214721544336241077e-12 -5.595420730402604903e-01 2.940280346692316082e-01 -7.459564009392154067e-12 5.595420730492122185e-01 2.940280346543996393e-01
8.250000000000000000e+02 1.705331586390812299e+04 -3.485277055430260060e-13 -4.247450791436490023e-12 -2.949259899812231578e-01 8.012039836129032312e-12 -5.566446368005628642e-01 1.472334011339860860e-01 -7.674521895122995397e-12 5.566446368048675319e-01 1.472334011188458358e-01
8.260000000000000000e+02 1.707398654980376887e+04 3.087205334406088377e-14 7.747915107470889070e-13 4.828626978027378280e-02 6.982801368287498475e-12 -5.002764759638785863e-01 -2.438417077431140334e-02 -7.006135245923186589e-12 5.002764759627595925e-01 -2.438417078851538508e-02
8.270000000000000000e+02 1.709465723569941474e+04 5.947858909697214454e-13 7.050297006688199785e-12 4.217260908678666098e-01 5.367920938762442150e-12 -3.993633949763226720e-01 -2.110942163880234479e-01 -5.903706213658356920e-12 3.993633949696545615e-01 -2.110942163998753285e-01
8.280000000000000000e+02 1.711532792159506062e+04 9.628938601416638044e-13 7.688374819830379103e-12 8.009772306369894457e-01 3.356654686784195662e-12 -2.684901576282612834e-01 -4.006948585462274393e-01 -4.278414961430945172e-12 2.684901576154959391e-01 -4.006948585547110420e-01
8.290000000000000000e+02 1.713599860749070649e+04 1.261705112653878302e-12 2.335100914777945767e-11 1.157887287991260505e+00 1.191407186131789207e-12 -1.274885518625114289e-01 -5.791163674635789738e-01 -2.452048887446148847e-12 1.274885518439685950e-01 -5.791163674685686491e-01
8.300000000000000000e+02 1.715666929338635236e+04 1.683280274738276530e-12 2.123045771909607178e-11 1.463146103443847101e+00 -9.292426286185012740e-13 4.133636598738053705e-04 -7.317090182633080309e-01 -8.297128147420698329e-13 -4.133636825499368509e-04 -7.317090182647808527e-01
8.310000000000000000e+02 1.717733997928199824e+04 1.932054500700808382e-12 2.618275395776825543e-11 1.690239072070031989e+00 -2.279716033588134887e-12 9.212993313523597239e-02 -8.452198507578726483e-01 3.768249111315211716e-13 -9.212993316035555935e-02 -8.452198507567080243e-01
8.320000000000000000e+02 1.719801066517764411e+04 2.073526145981391946e-12 2.623684100394515077e-11 1.820015840479676683e+00 -2.884652266192992602e-12 1.293826427762245768e-01 -9.100772814706840075e-01 8.762089970231008584e-13 -1.293826428028056752e-01 -9.100772814677952072e-01
8.330000000000000000e+02 1.721868135107328999e+04 1.980739378441175091e-12 2.333579531018857394e-11 1.844448726337658551e+00 -2.578549732838108622e-12 1.030711052051981741e-01 -9.222700609266355487e-01 4.551191411908244486e-13 -1.030711052314367132e-01 -9.222700609240094272e-01
8.340000000000000000e+02 1.723935203696893586e+04 2.071381982072353781e-12 2.506708089985394968e-11 1.768103809030675988e+00 -1.260794600846909711e-12 1.561963732576933384e-02 -8.840826300165786078e-01 -7.576976658498972597e-13 -1.561963735002114793e-02 -8.840826300155052442e-01
8.350000000000000000e+02 1.726002272286458174e+04 1.935199873884771513e-12 3.103779471405450326e-11 1.606709214287700194e+00 7.431283739277417421e-13 -1.196810570471879692e-01 -8.033797308134269510e-01 -2.686312846565629421e-12 1.196810570262930445e-01 -8.033797308157218930e-01
8.360000000000000000e+02 1.728069340876022761e+04 1.404979196044472273e-12 8.490133816957859360e-12 1.383407323757261498e+00 3.308825691418670088e-12 -2.820469851971893482e-01 -6.917332985127176981e-01 -4.824267856180278303e-12 2.820469851796970073e-01 -6.917332985195228101e-01
8.370000000000000000e+02 1.730136409465587349e+04 1.230254820250117979e-12 1.272641172569598835e-11 1.124149729599986935e+00 5.798121546137134417e-12 -4.478342020231830256e-01 -5.621202382976139278e-01 -7.060727445063816747e-12 4.478342020093444287e-01 -5.621202383088149679e-01
8.380000000000000000e+02 1.732203478055151936e+04 1.092059911054082073e-12 1.309386653761873742e-11 8.537559212686413046e-01 8.078617512020908077e-12 -5.947808923332683628e-01 -4.269510566046184064e-01 -9.096726456656456608e-12 5.947808923234945144e-01 -4.269510566199528068e-01
8.390000000000000000e+02 1.734270546644716524e+04 5.059717123976110475e-13 6.562701123990930670e-12 5.934338043859451739e-01 9.903315046085020625e-12 -7.047917568227967111e-01 -2.968286164681179784e-01 -1.055032265441469740e-11 7.047917568160144697e-01 -2.968286164868434995e-01
8.400000000000000000e+02 1.736337615234281111e+04 4.910472610921035067e-13 6.826125792198216755e-12 3.597582989807136533e-01 1.091292193372567808e-11 -7.651408468933139639e-01 -1.800360245331490416e-01 -1.127595506299147082e-11 7.651408468896373494e-01 -1.800360245538498716e-01
8.410000000000000000e+02 1.738404683823845698e+04 1.075522281346675901e-13 1.087912495729300208e-11 1.645953231659315896e-01 1.107158668563042216e-11 -7.685410382716453270e-01 -8.249826979545064887e-02 -1.129715425997131595e-11 7.685410382696471476e-01 -8.249826981730468134e-02
8.420000000000000000e+02 1.740471752413410286e+04 -6.476409320065663659e-14 9.341870730259530658e-13 1.532950861796618727e-02 1.037558508807510561e-11 -7.127308167823266372e-01 -7.897332544800668083e-03 -1.040413724264453042e-11 7.127308167816872597e-01 -7.897332565295962781e-03
8.430000000000000000e+02 1.742538821002974873e+04 1.152588690036200774e-13 -2.141733752705012018e-13 -8.508194743966603080e-02 8.808635147177642325e-12 -6.000716234211371791e-01 4.229806384902357747e-02 -8.666887154615779708e-12 6.000716234212741806e-01 4.229806383110874812e-02
8.440000000000000000e+02 1.744605889592539461e+04 -1.320966443962177574e-13 -8.849171831391451311e-13 -1.384384834200541869e-01 6.472217373449668209e-12 -4.373822057150353326e-01 6.899345629153710857e-02 -6.311557601651586096e-12 4.373822057154463927e-01 6.899345627804104319e-02
8.450000000000000000e+02 1.746672958182104048e+04 -3.302732536755900506e-13 -1.040536708127332034e-13 -1.518867999488578979e-01 3.541711764500795683e-12 -2.359171085893316810e-01 7.576125359812860283e-02 -3.396361672529218010e-12 2.359171085894801179e-01 7.576125358973637147e-02
8.460000000000000000e+02 1.748740026771668636e+04 2.485905911927699937e-14 1.121733271899902108e-13 -1.383443458678874083e-01 2.465823231096789162e-13 -1.116305026261740947e-02 6.905239877263573411e-02 -7.064377146503728892e-14 1.116305026238905047e-02 6.905239877056908171e-02
8.470000000000000000e+02 1.750807095361233223e+04 1.592620008622737597e-14 6.240853797163363401e-13 -1.161027573439815802e-01 -3.168688374214923782e-12 2.179818265836498681e-01 5.800097385507347464e-02 3.251289322905049571e-12 -2.179818265844719605e-01 5.800097385936664462e-02
8.480000000000000000e+02 1.752874163950797811e+04 -5.852971296066445331e-14 6.294948585390089392e-13 -1.069687458289736021e-01 -6.325791529469407423e-12 4.309736714460668527e-01 5.349890255723968591e-02 6.426535586647902668e-12 -4.309736714465692287e-01 5.349890256796117904e-02
8.490000000000000000e+02 1.754941232540362398e+04 -2.831700304975852379e-13 -3.956365547705542031e-13 -1.327059168344407458e-01 -9.011645136225610224e-12 6.083056651876115328e-01 6.642033019533438720e-02 9.207318158795527101e-12 -6.083056651872347231e-01 6.642033021173061880e-02
8.500000000000000000e+02 1.757008301129926986e+04 -1.470423470313668365e-13 -2.136334322824693227e-12 -2.103339379135984455e-01 -1.080750791054212798e-11 7.345853576311102140e-01 1.052724117350215954e-01 1.108066503408358922e-11 -7.345853576290435338e-01 1.052724117554826311e-01
8.510000000000000000e+02 1.759075369719491573e+04 -5.480928075272722267e-13 -4.824492450958504799e-12 -3.476693211997750055e-01 -1.180579513320362921e-11 8.011171770052919472e-01 1.739646162031594223e-01 1.223975425441276770e-11 -8.011171770004278381e-01 1.739646162262123430e-01
8.520000000000000000e+02 1.761142438309056161e+04 -7.349871742666202415e-13 -8.568392672060411275e-12 -5.407741473227708484e-01 -1.185421466275812811e-11 8.071314612903813801e-01 2.705309552021420982e-01 1.250026482079640449e-11 -8.071314612821718359e-01 2.705309552260399819e-01
8.530000000000000000e+02 1.763209506898620748e+04 -7.230563872602584667e-13 -1.267547847307614264e-11 -7.743624957478898452e-01 -1.102474618077939307e-11 7.592791438707739982e-01 3.873314731769391117e-01 1.189377622853604695e-11 -7.592791438584426400e-01 3.873314732001633121e-01
8.540000000000000000e+02 1.765276575488185335e+04 -1.073819075511217646e-12 -1.649501477518935644e-11 -1.024966086658761544e+00 -9.591965372512745979e-12 6.696842000331373335e-01 5.126343911383366425e-01 1.067698779654895732e-11 -6.696842000166840503e-01 5.126343911595855340e-01
8.550000000000000000e+02 1.767343644077749923e+04 -1.562373248293031415e-12 -2.055314039179519837e-11 -1.265563301941040386e+00 -7.702091756918655522e-12 5.533232059174054696e-01 6.329306666441084639e-01 9.079101357544272432e-12 -5.533232058972070710e-01 6.329306666621489219e-01
8.560000000000000000e+02 1.769410712667314510e+04 -1.605867495378861070e-12 -2.341979065823653330e-11 -1.470080169930549685e+00 -5.668183505783563426e-12 4.255470912806020856e-01 7.351846457019226566e-01 7.293245273986382194e-12 -4.255470912569668807e-01 7.351846457159211257e-01
8.570000000000000000e+02 1.771477781256879098e+04 -1.631722013010481498e-12 -2.530735247069165746e-11 -1.616614573391554455e+00 -3.689573581460188539e-12 3.002823432514840074e-01 8.084461401340850006e-01 5.460907408807698111e-12 -3.002823432260903758e-01 8.084461401442013528e-01
8.580000000000000000e+02 1.773544849846443685e+04 -1.877285660981950598e-12 -2.646377473055082977e-11 -1.689195253220945991e+00 -1.983336161362705533e-12 1.889947334194103101e-01 8.447297701370569678e-01 3.804781828447035403e-12 -1.889947333929319906e-01 8.447297701438392092e-01
8.590000000000000000e+02 1.775611918436008273e+04 -1.761120240314404090e-12 -2.616379712640985868e-11 -1.678236301906423922e+00 -6.782425635782330696e-13 1.002998885169707477e-01 8.392420161220770503e-01 2.587879905363130937e-12 -1.002998884911204119e-01 8.392420161257649891e-01
8.600000000000000000e+02 1.777678987025572860e+04 -1.626537315574650651e-12 -2.354835879642957319e-11 -1.580463535324763358e+00 2.438504264574095000e-13 3.986527164568381965e-02 7.903441986389520002e-01 1.420753131896610447e-12 -3.986527162186588591e-02 7.903441986403791919e-01
8.610000000000000000e+02 1.779746055615137448e+04 -1.481492675443271581e-12 -2.063222495345421005e-11 -1.398732198339768473e+00 5.802984505766263479e-13 1.035183016197657041e-02 6.994612529124657474e-01 9.940780732015120857e-13 -1.035183014123008081e-02 6.994612529125113776e-01
8.620000000000000000e+02 1.781813124204702035e+04 -9.837323196689889923e-13 -1.668495992310951464e-11 -1.141986721715036124e+00 3.682218146120959921e-13 1.124186916754412249e-02 5.710620704076289078e-01 7.768301559292904263e-13 -1.124186915097661645e-02 5.710620704072749687e-01
8.630000000000000000e+02 1.783880192794266623e+04 -9.346954837874894811e-13 -1.183848188347287052e-11 -8.253085982661662046e-01 -1.843267086329419239e-13 3.853704246821580692e-02 4.126847769562181911e-01 1.048026764128313394e-12 -3.853704245660370675e-02 4.126847769566520663e-01
8.640000000000000000e+02 1.785947261383831210e+04 -5.606329486929665743e-13 -6.023484414314322345e-12 -4.696759574607974885e-01 -1.061857874019388760e-12 8.450769840729387139e-02 2.348180985700328571e-01 1.565248434741645408e-12 -8.450769840128800892e-02 2.348180985716656344e-01
8.650000000000000000e+02 1.788014329973395797e+04 -5.370390260660584427e-13 -4.209945037331344429e-13 -1.009128921400132411e-01 -2.135865151887147028e-12 1.378261047215212365e-01 5.037652296296964149e-02 2.203801939283994995e-12 -1.378261047211901125e-01 5.037652296621235315e-02
8.660000000000000000e+02 1.790081398562960385e+04 3.666528173797538777e-13 4.982891710051431654e-12 2.526205002091087559e-01 -3.034298951139401616e-12 1.844718363707163189e-01 -1.264545240271537085e-01 2.731073493968596807e-12 -1.844718363757402446e-01 -1.264545240222211264e-01
8.670000000000000000e+02 1.792148467152524972e+04 5.547885020263296087e-13 8.707962295846565898e-12 5.636475464691325099e-01 -3.632186767946098027e-12 2.096507282950609563e-01 -2.820270013506117057e-01 3.016629269271481258e-12 -2.096507283044808101e-01 -2.820270013446058432e-01
8.680000000000000000e+02 1.794215535742089560e+04 8.492002165345888645e-13 1.228779155397680183e-11 8.102842173220945465e-01 -3.618949431384927696e-12 2.005701845229251046e-01 -4.053860320745419354e-01 2.756337476792216956e-12 -2.005701845355305768e-01 -4.053860320683648211e-01
8.690000000000000000e+02 1.796282604331654147e+04 1.011598524924105783e-12 1.500876544683062020e-11 9.798242344828957950e-01 -2.821135860541323821e-12 1.494063515947835485e-01 -4.901690886556804294e-01 1.820496489304224864e-12 -1.494063516096497679e-01 -4.901690886510447487e-01
8.700000000000000000e+02 1.798349672921218735e+04 1.055426352346304260e-12 1.609101961000076224e-11 1.070673990006898668e+00 -1.434303790142558141e-12 5.544696922023460012e-02 -5.355789245422638567e-01 3.342420657511794034e-13 -5.544696923612844192e-02 -5.355789245397633014e-01
8.710000000000000000e+02 1.800416741510783322e+04 1.111159624240411785e-12 1.538026884744030696e-11 1.091730741895545309e+00 5.909748424571762009e-13 -7.441454975590568177e-02 -5.460717148188338754e-01 -1.748368408610181194e-12 7.441454974035437153e-02 -5.460717148202496318e-01
8.720000000000000000e+02 1.802483810100347910e+04 1.276768924532739492e-12 1.186896691635653200e-11 1.059494286871107027e+00 2.969038346786759856e-12 -2.270422551964802749e-01 -5.299082912744206286e-01 -4.207993566042640648e-12 2.270422551813628398e-01 -5.299082912806091228e-01
8.730000000000000000e+02 1.804550878689912497e+04 1.073958204752607176e-12 1.732142961915912444e-11 9.940596292805288225e-01 5.602091020003946835e-12 -3.857181961768664791e-01 -4.971462235264778595e-01 -6.651384896603931517e-12 3.857181961627081379e-01 -4.971462235375533334e-01
8.740000000000000000e+02 1.806617947279477085e+04 9.725024237188082346e-13 7.735034569241143761e-12 9.153296896568352548e-01 8.006936657148915607e-12 -5.331374812366640459e-01 -4.577438580384129985e-01 -8.939859964775211787e-12 5.331374812235561977e-01 -4.577438580541470237e-01
8.750000000000000000e+02 1.808685015869041672e+04 5.683251794828263722e-13 1.101543727939019143e-11 8.403415291854806624e-01 9.979287693681690616e-12 -6.538892357828933743e-01 -4.202231169903757335e-01 -1.077940559466271392e-11 6.538892357707445369e-01 -4.202231170098091884e-01
8.760000000000000000e+02 1.810752084458606259e+04 8.239022098479701171e-13 1.720912301028928247e-11 7.819127854141726397e-01 1.135305847983700691e-11 -7.360242533325639380e-01 -3.909937308504876086e-01 -1.215776385052860707e-11 7.360242533208719573e-01 -3.909937308728440586e-01
8.770000000000000000e+02 1.812819153048170847e+04 7.870022130262130306e-13 2.544474844933150328e-11 7.482577583226907025e-01 1.196590679268894721e-11 -7.718052102492052313e-01 -3.741626523232453594e-01 -1.277884401157912139e-11 7.718052102375816403e-01 -3.741626523472802446e-01
8.780000000000000000e+02 1.814886221637735434e+04 7.731803507674448269e-13 1.000239340634156532e-11 7.431316914327686929e-01 1.176944134980796723e-11 -7.578642226409705307e-01 -3.716071865084831227e-01 -1.253028119844655490e-11 7.578642226287990447e-01 -3.716071865324266366e-01
8.790000000000000000e+02 1.816953290227300022e+04 7.215949472554295585e-13 1.334633901072295159e-11 7.659353047477697185e-01 1.084760861600620260e-11 -6.952359164986225970e-01 -3.830275786659946835e-01 -1.153095623589124783e-11 6.952359164859486240e-01 -3.830275786881798816e-01
8.800000000000000000e+02 1.819020358816864609e+04 9.056436913567745137e-13 1.133223728636556121e-11 8.116682345967298762e-01 9.109980204040579824e-12 -5.893237784816530711e-01 -4.059233631374665752e-01 -9.938301886687583481e-12 5.893237784678601043e-01 -4.059233631565460354e-01
8.810000000000000000e+02 1.821087427406429197e+04 5.997571714087121134e-13 9.685555782703811092e-12 8.707689475138689073e-01 6.840083828869823797e-12 -4.497906094940544719e-01 -4.355123376017095427e-01 -7.685216573391798003e-12 4.497906094793252540e-01 -4.355123376165415117e-01
8.820000000000000000e+02 1.823154495995993784e+04 8.797328026861127609e-13 9.762373973587660195e-12 9.291558257880953020e-01 4.194245197127726275e-12 -2.901508514753565193e-01 -4.647498318163095221e-01 -5.158645763342666433e-12 2.901508514593713062e-01 -4.647498318262545669e-01
8.830000000000000000e+02 1.825221564585558372e+04 1.066905435952360964e-12 1.541868243797808382e-11 9.689897412556560674e-01 1.575704652911393532e-12 -1.267114955743602056e-01 -4.847091923119222212e-01 -2.426749324323795145e-12 1.267114955576214286e-01 -4.847091923167405891e-01
8.840000000000000000e+02 1.827288633175122959e+04 9.774602220514792503e-13 1.614426740450935567e-11 9.706074046504307162e-01 -9.304399983670154379e-13 2.335038210607679951e-02 -4.855490823035610859e-01 -4.844792000192666356e-14 -2.335038212206198838e-02 -4.855490823035039649e-01
8.850000000000000000e+02 1.829355701764687547e+04 9.410577025595798620e-13 1.423633103882820768e-11 9.157269898943652953e-01 -2.895530747979756263e-12 1.446544601166504518e-01 -4.581188178974946457e-01 1.876593171891714559e-12 -1.446544601310142675e-01 -4.581188178929389010e-01
8.860000000000000000e+02 1.831422770354252134e+04 7.932960820183507459e-13 1.204789811370734696e-11 7.913983199659663237e-01 -4.157476888083644173e-12 2.264463882672487494e-01 -3.959374240805465517e-01 3.454940954486689804e-12 -2.264463882794660043e-01 -3.959374240731933225e-01
8.870000000000000000e+02 1.833489838943816721e+04 5.314286915987830683e-13 8.844460715547783789e-12 5.935571678015664210e-01 -4.723699014776263713e-12 2.646936816156671424e-01 -2.969744388925182332e-01 4.100258888240461856e-12 -2.646936816246416857e-01 -2.969744388837834981e-01
8.880000000000000000e+02 1.835556907533381309e+04 5.476846570595515346e-13 4.067194585786803113e-12 3.288809650117249794e-01 -4.483362147065800558e-12 2.626631832066016470e-01 -1.645779724832791280e-01 4.090165434491622792e-12 -2.626631832111345766e-01 -1.645779724740419614e-01
8.890000000000000000e+02 1.837623976122945896e+04 -1.500620255070025208e-13 -9.466808733798696951e-13 1.416323907488319274e-02 -3.812197722124404901e-12 2.297521891357768853e-01 -7.157037418866255690e-03 3.865843147179402782e-12 -2.297521891350461365e-01 -7.157037410588211641e-03
8.900000000000000000e+02 1.839691044712510484e+04 -6.403432318910454091e-14 -6.154805914765005671e-12 -3.265803790234887982e-01 -2.918169491536324716e-12 1.790633728220535070e-01 1.632713513575413666e-01 3.186926688720812499e-12 -1.790633728158763649e-01 1.632713513639925396e-01
8.910000000000000000e+02 1.841758113302075071e+04 -3.650379471057130662e-13 -1.153395800877068158e-11 -6.662202931208650591e-01 -1.886296076890920649e-12 1.246127008456056340e-01 3.331378706236474696e-01 2.462221270845739740e-12 -1.246127008339250192e-01 3.331378706285686442e-01
8.920000000000000000e+02 1.843825181891639659e+04 -8.549972784570063224e-13 -1.657354277245956806e-11 -9.784968106513332042e-01 -8.933578308199795787e-13 7.901586777542268791e-02 4.893113800390796464e-01 1.791091967808592248e-12 -7.901586775898077064e-02 4.893113800421738935e-01
8.930000000000000000e+02 1.845892250481204246e+04 -1.137564730037179906e-12 -2.059521364896964954e-11 -1.240952034236595614e+00 -3.932604986490334354e-13 5.206313750683916330e-02 6.205637706526472286e-01 1.660182440426392436e-12 -5.206313748648088574e-02 6.205637706543485344e-01
8.940000000000000000e+02 1.847959319070768834e+04 -1.331495699768372538e-12 -2.310927822448554944e-11 -1.436540138345604012e+00 -1.638630406989194943e-14 5.015681904895515769e-02 7.183743941263593946e-01 1.362291509390326678e-12 -5.015681902586797969e-02 7.183743941279921996e-01
8.950000000000000000e+02 1.850026387660333421e+04 -1.595861389232297977e-12 -2.454228651731586454e-11 -1.554192917280458941e+00 -4.719365669973934519e-13 7.631313205709333580e-02 7.772118281016253682e-01 2.053324280542356505e-12 -7.631313203255607469e-02 7.772118281037605492e-01
8.960000000000000000e+02 1.852093456249898009e+04 -1.725690471700513419e-12 -2.521012991806714654e-11 -1.588842131317084183e+00 -1.425167745142887318e-12 1.303841327330320099e-01 7.945441771294283750e-01 2.991802135404560321e-12 -1.303841327079580947e-01 7.945441771327395042e-01
8.970000000000000000e+02 1.854160524839462596e+04 -1.573693034623336510e-12 -2.407694256954645887e-11 -1.541378446245455835e+00 -2.808984913053126972e-12 2.092361052175027991e-01 7.708181825508678697e-01 4.299327846197701533e-12 -2.092361051934336635e-01 7.708181825565539880e-01
8.980000000000000000e+02 1.856227593429027183e+04 -1.395369126077279196e-12 -2.174135967773857648e-11 -1.418647849921213844e+00 -4.488449713972397000e-12 3.068557542958628148e-01 7.094574164425863083e-01 5.840521675414158988e-12 -3.068557542738374888e-01 7.094574164517548631e-01
8.990000000000000000e+02 1.858294662018591771e+04 -1.247042249602456505e-12 -1.920694987018796907e-11 -1.233657084626123668e+00 -6.441149980408730320e-12 4.143226956045121256e-01 6.169650612821644398e-01 7.671017974689269083e-12 -4.143226955855239813e-01 6.169650612949412194e-01
9.000000000000000000e+02 1.860361730608156358e+04 -7.948455599695816573e-13 -1.553062606350347286e-11 -1.005253788618721833e+00 -8.357403392667917353e-12 5.200525036221005371e-01 5.027640393315045975e-01 9.316884655343631628e-12 -5.200525036068460727e-01 5.027640393473299385e-01
9.010000000000000000e+02 1.862428799197720946e+04 -9.311929024142536951e-13 -1.162165467769552689e-11 -7.570795230179557800e-01 -9.977345316606514939e-12 6.104018648555009641e-01 3.786736254886413633e-01 1.080204516929656508e-11 -6.104018648440372452e-01 3.786736255078692603e-01
9.020000000000000000e+02 1.864495867787285533e+04 -5.676720351484241787e-13 -8.271302124222373202e-12 -5.151391211921888535e-01 -1.122628839426584274e-11 6.710198932411978179e-01 2.576942742425569755e-01 1.167733737326550777e-11 -6.710198932331481458e-01 2.576942742642511774e-01
9.030000000000000000e+02 1.866562936376850121e+04 -1.914280420162846486e-13 -5.376667464407765359e-12 -3.040493212877873885e-01 -1.174750685234259174e-11 6.889207780001606052e-01 1.521321235952170225e-01 1.201409012716005194e-11 -6.889207779950111687e-01 1.521321236185097237e-01
9.040000000000000000e+02 1.868630004966414708e+04 -5.829764063226948843e-14 -3.017867091468217113e-12 -1.426470377631670616e-01 -1.118930855878197348e-11 6.549895443788381622e-01 7.140347376352126907e-02 1.130406137362128075e-11 -6.549895443756753588e-01 7.140347378609462892e-02
9.050000000000000000e+02 1.870697073555979296e+04 -1.404240433514917128e-13 -1.935373728285427897e-12 -4.027497303145178426e-02 -9.715110507327965254e-12 5.662377953892321347e-01 2.017832921391028017e-02 9.767158723949934023e-12 -5.662377953875536996e-01 2.017832923391460129e-02
9.060000000000000000e+02 1.872764142145543883e+04 7.983729584621354634e-14 -1.439402368997445406e-12 4.881689411270986705e-03 -7.475418419318243762e-12 4.270251729247910855e-01 -2.450144727611514462e-03 7.421979038677111228e-12 -4.270251729232382720e-01 -2.450144712014537627e-03
9.070000000000000000e+02 1.874831210735108471e+04 -1.426675576636584724e-13 -1.737703561800841535e-12 4.706890801485770146e-03 -4.330783059200565158e-12 2.486886296860215395e-01 -2.420493956223943467e-03 4.345263752626520739e-12 -2.486886296843887623e-01 -2.420493946564322273e-03
9.080000000000000000e+02 1.876898279324673058e+04 1.482880854908186554e-13 -2.335293596276478276e-12 -2.221255326448074233e-02 -8.324774152263415816e-13 4.767406074786814663e-02 1.098012732174326149e-02 8.762812448484549480e-13 -4.767406074581290870e-02 1.098012732474619273e-02
9.090000000000000000e+02 1.878965347914237645e+04 -2.901664870062129141e-13 -2.530590920913754182e-12 -5.492847862284563898e-02 2.790304688497768656e-12 -1.572132016711914326e-01 2.728541923283563445e-02 -2.700247570155169370e-12 1.572132016734978655e-01 2.728541922895351760e-02
9.100000000000000000e+02 1.881032416503802233e+04 -2.170501148701586748e-13 -2.396091662411930197e-12 -7.400807877615396546e-02 6.093790480230515751e-12 -3.475662789300011379e-01 3.678615127318444339e-02 -6.051970085799397198e-12 3.475662789321248836e-01 3.678615126224600573e-02
9.110000000000000000e+02 1.883099485093366820e+04 -1.451312987261734381e-13 -1.717459309849696597e-12 -6.406754893349707325e-02 8.872793475393523287e-12 -5.074742496396702496e-01 3.179489050129308964e-02 -8.911333475872137296e-12 5.074742496408919390e-01 3.179489048434878951e-02
9.120000000000000000e+02 1.885166553682931408e+04 -1.243242229219905840e-14 5.784576993684152916e-14 -1.485107153704436425e-02 1.090382236934672260e-11 -6.247259033214542789e-01 7.184282393939262455e-03 -1.089168841954513353e-11 6.247259033210547097e-01 7.184282372496273578e-03
9.130000000000000000e+02 1.887233622272495995e+04 1.111966253991065336e-13 1.800216178627380443e-12 7.871450883870140247e-02 1.209561721697953857e-11 -6.912859056654300227e-01 -3.958547449713699373e-02 -1.220876993384595090e-11 6.912859056627582710e-01 -3.958547452144589585e-02
9.140000000000000000e+02 1.889300690862060583e+04 3.367745105158698422e-13 2.580330847300580342e-12 2.168874149253228190e-01 1.220491816844588149e-11 -7.034062052086437200e-01 -1.086492354297029089e-01 -1.245231216304596780e-11 7.034062052031858636e-01 -1.086492354550508410e-01
9.150000000000000000e+02 1.891367759451625170e+04 5.086597041539627056e-13 1.060962616987018260e-12 3.954144629713228776e-01 1.141054884879326892e-11 -6.617142901376202868e-01 -1.978870112640123968e-01 -1.188778582642243500e-11 6.617142901284859269e-01 -1.978870112882756271e-01
9.160000000000000000e+02 1.893434828041189758e+04 6.741540499050566147e-13 1.340147357505477031e-11 6.055446130921031678e-01 9.755399178873253570e-12 -5.714456069326848686e-01 -3.029292628982466762e-01 -1.037198358848371530e-11 5.714456069192344057e-01 -3.029292629198495068e-01
9.170000000000000000e+02 1.895501896630754345e+04 7.952330367716167530e-13 2.205175581892644145e-11 8.338367419619165943e-01 7.472937118656842434e-12 -4.427269051043783987e-01 -4.170597366420646934e-01 -8.212172116719473894e-12 4.427269050874113043e-01 -4.170597366592373456e-01
9.180000000000000000e+02 1.897568965220318933e+04 9.865780469204022456e-13 2.122076721148311741e-11 1.062121146964378093e+00 4.678361898676763613e-12 -2.905755313125900074e-01 -5.311957067090461448e-01 -5.654346647523930680e-12 2.905755312920147992e-01 -5.311957067206924954e-01
9.190000000000000000e+02 1.899636033809883520e+04 1.075893886272010188e-12 2.788965497136068849e-11 1.268178026812847303e+00 1.821304937492297635e-12 -1.341052610603588324e-01 -6.342273511929029661e-01 -2.955006613202196783e-12 1.341052610367007569e-01 -6.342273511989887647e-01
9.200000000000000000e+02 1.901703102399448107e+04 1.453337331005049343e-12 2.604645094291583267e-11 1.427694485910358635e+00 -7.884666841080412667e-13 5.538633213760007362e-03 -7.139968962810837594e-01 -5.480321093258628708e-13 -5.538633239199292589e-03 -7.139968962812779374e-01
9.210000000000000000e+02 1.903770170989012695e+04 1.452400649995585532e-12 2.625041340889454970e-11 1.517622854890322781e+00 -2.617397566506552635e-12 1.084606798357806573e-01 -7.589784337477298859e-01 1.264366491584516270e-12 -1.084606798617223367e-01 -7.589784337440532713e-01
9.220000000000000000e+02 1.905837239578577282e+04 1.693804014878563108e-12 2.447046226032641695e-11 1.520543025590187725e+00 -3.585529759579033239e-12 1.600566590379872145e-01 -7.604593398026949780e-01 2.169653703819809264e-12 -1.600566590623988816e-01 -7.604593397960041079e-01
9.230000000000000000e+02 1.907904308168141870e+04 1.230440563115154064e-12 2.183449730100233809e-11 1.428641103976086013e+00 -3.425508920435035160e-12 1.543511947276472174e-01 -7.145295774510481701e-01 2.110586767539290866e-12 -1.543511947494555780e-01 -7.145295774436836167e-01
9.240000000000000000e+02 1.909971376757706457e+04 1.056136380980888533e-12 1.809915376960229535e-11 1.245936032263694981e+00 -2.321739725653130990e-12 9.544623534572543866e-02 -6.231952393586250860e-01 1.201513184437141456e-12 -9.544623536394855612e-02 -6.231952393530988399e-01
9.250000000000000000e+02 1.912038445347271045e+04 8.361338793399595008e-13 1.273422913823362828e-11 9.878187650593648339e-01 -3.941070194257627574e-13 -3.562216379257431877e-03 -4.941488522518368010e-01 -4.729518424013358035e-13 3.562216365533005767e-03 -4.941488522493933666e-01
9.260000000000000000e+02 1.914105513936835632e+04 6.367829774005074602e-13 8.056725302160155366e-12 6.780362932306815971e-01 1.883810236364230899e-12 -1.238055957622291592e-01 -3.392621186036554048e-01 -2.524955558079018954e-12 1.238055957535058038e-01 -3.392621186053452753e-01
9.270000000000000000e+02 1.916172582526400220e+04 1.680427336247345850e-13 3.256773323074307344e-12 3.443686086266078417e-01 4.247191301922106567e-12 -2.446539181263011342e-01 -1.724243627913668031e-01 -4.531899725549760824e-12 2.446539181225788617e-01 -1.724243627982061655e-01
9.280000000000000000e+02 1.918239651115964807e+04 -3.828924098514201740e-14 -1.739366171350090894e-12 1.442930143871194552e-02 6.282270631684698163e-12 -3.472155511213301793e-01 -7.441817166961451485e-03 -6.256236329466123324e-12 3.472155511227802971e-01 -7.441817177694363440e-03
9.290000000000000000e+02 1.920306719705529395e+04 -2.237270224484586554e-13 -5.682183224964597812e-12 -2.873981573020725211e-01 7.693840564461298327e-12 -4.165548053946116491e-01 1.434949132579933229e-01 -7.403078462418024621e-12 4.165548054003206380e-01 1.434949132442460695e-01
9.300000000000000000e+02 1.922373788295093982e+04 -6.237385868227993073e-13 -1.012580818860316875e-11 -5.416268329575151252e-01 8.207028632432152809e-12 -4.425819787288797769e-01 2.706429085080912511e-01 -7.650956300991901262e-12 4.425819787384708826e-01 2.706429084929167228e-01
9.310000000000000000e+02 1.924440856884658569e+04 -7.809786484489707168e-13 -1.212244854981330828e-11 -7.342563546347010695e-01 8.032207394015952372e-12 -4.200398074563866935e-01 3.670002256822176845e-01 -7.347973468590400210e-12 4.200398074685468552e-01 3.670002256669175900e-01
9.320000000000000000e+02 1.926507925474223157e+04 -6.303312854399758892e-13 -1.342106691119243800e-11 -8.568504300648812633e-01 6.697370175521113150e-12 -3.481303780869431375e-01 4.283446096178471496e-01 -5.973234544034998034e-12 3.481303781003364795e-01 4.283446096044081775e-01
9.330000000000000000e+02 1.928574994063787744e+04 -8.562014124169783441e-13 -1.418096144185215688e-11 -9.065942720508569641e-01 4.625800499942353655e-12 -2.301785360491252208e-01 4.532637668458793789e-01 -3.833614711421556969e-12 2.301785360629980681e-01 4.532637668360370853e-01
9.340000000000000000e+02 1.930642062653352332e+04 -8.062001417963329013e-13 -1.379807197218618634e-11 -8.866017658241029942e-01 1.709793498243028119e-12 -7.350698520416845683e-02 4.433106116890359050e-01 -9.459562350239038917e-13 7.350698521773303684e-02 4.433106116847084777e-01
9.350000000000000000e+02 1.932709131242916919e+04 -5.396216161405788894e-13 -1.249599302691290856e-11 -8.064226307216105782e-01 -1.691350535920446886e-12 1.105584122971803446e-01 4.032575963882778503e-01 2.408843060094579997e-12 -1.105584122851457768e-01 4.032575963905614125e-01
9.360000000000000000e+02 1.934776199832481507e+04 -4.713857254859410740e-13 -1.026107152043940683e-11 -6.823165952336658346e-01 -5.432957184762365688e-12 3.068505157792715266e-01 3.412336784580869975e-01 6.007282684740238066e-12 -3.068505157692464902e-01 3.412336784673469792e-01
9.370000000000000000e+02 1.936843268422046094e+04 -6.797489149296096827e-13 -8.406598011752009217e-12 -5.366796717248843995e-01 -8.960837485599566858e-12 4.970612523604547306e-01 2.684369794503630446e-01 9.506849767754698659e-12 -4.970612523523936233e-01 2.684369794670218856e-01
9.380000000000000000e+02 1.938910337011610682e+04 -2.980160540235457107e-13 -6.404361442813388614e-12 -3.959408753294305638e-01 -1.213820973272829280e-11 6.613293738114082165e-01 1.980826766575631004e-01 1.249735604431877746e-11 -6.613293738049113024e-01 1.980826766807530503e-01
9.390000000000000000e+02 1.940977405601175269e+04 -1.413768237810472918e-13 -5.468395953049084358e-12 -2.866767379870375776e-01 -1.457411380228986632e-11 7.807859686805619370e-01 1.434598976425531247e-01 1.469040375152066678e-11 -7.807859686751270623e-01 1.434598976706642215e-01
9.400000000000000000e+02 1.943044474190739857e+04 -1.778785482446955694e-13 -5.133310735323927406e-12 -2.304996507522280580e-01 -1.557566880430562062e-11 8.406807325507962281e-01 1.153755996306575077e-01 1.579187950195563639e-11 -8.406807325457494873e-01 1.153755996616916135e-01
9.410000000000000000e+02 1.945111542780304444e+04 -1.953219690649040800e-13 -5.703171481988318139e-12 -2.391326878357940000e-01 -1.557374910598474245e-11 8.332792477192899616e-01 1.196917569938112103e-01 1.568457608422966225e-11 -8.332792477136038434e-01 1.196917570251193469e-01
9.420000000000000000e+02 1.947178611369869031e+04 -4.550711668304902975e-13 -7.797717733210289331e-12 -3.115462888113388895e-01 -1.415161352303763449e-11 7.595156082172941359e-01 1.558935887207553994e-01 1.446160946166250457e-11 -7.595156082097012096e-01 1.558935887502594930e-01
9.430000000000000000e+02 1.949245679959433619e+04 -3.365056639220273928e-13 -1.011185743593366669e-11 -4.342435029509164601e-01 -1.171147658957557927e-11 6.288196335520086500e-01 2.172322106478811188e-01 1.207162308266657404e-11 -6.288196335419836691e-01 2.172322106727038182e-01
9.440000000000000000e+02 1.951312748548998206e+04 -3.578885560446427975e-13 -1.250867324292781469e-11 -5.846112350147023573e-01 -8.425347436275845370e-12 4.571599934388552722e-01 2.924004274800071079e-01 8.911481265920331887e-12 -4.571599934263754217e-01 2.924004274983330043e-01
9.450000000000000000e+02 1.953379817138562794e+04 -5.826433023448040113e-13 -1.505292878799014517e-11 -7.360273155745696849e-01 -4.671755821012974797e-12 2.639994960669025947e-01 3.680865261083015039e-01 5.347840392019197659e-12 -2.639994960520363754e-01 3.680865261192856064e-01
9.460000000000000000e+02 1.955446885728127381e+04 -7.035141644929389907e-13 -1.686553893906107020e-11 -8.627957371416733467e-01 -9.454192744370179771e-13 6.921412479037750143e-02 4.314421706913374455e-01 1.699936165365389720e-12 -6.921412477369581762e-02 4.314421706946828805e-01
9.470000000000000000e+02 1.957513954317691969e+04 -8.177293749527723824e-13 -1.802562397163618882e-11 -9.436976990158515433e-01 2.613652129156228654e-12 -1.093070579565290357e-01 4.718582010245648273e-01 -1.756679648318295107e-12 1.093070579740670623e-01 4.718582010209567690e-01
9.480000000000000000e+02 1.959581022907256556e+04 -1.162012409307400291e-12 -1.750099520372245200e-11 -9.637438763768472194e-01 5.407007003743181179e-12 -2.570736681614038122e-01 4.818410679864031931e-01 -4.434145775107977794e-12 2.570736681786564004e-01 4.818410679764923432e-01
9.490000000000000000e+02 1.961648091496821144e+04 -1.039281394602167270e-12 -1.610334525159266046e-11 -9.145040732503623149e-01 7.318081260262927774e-12 -3.635575065506232439e-01 4.571779255560172173e-01 -6.452178205539985455e-12 3.635575065666655226e-01 4.571779255418018661e-01
9.500000000000000000e+02 1.963715160086385731e+04 -8.044607474067857666e-13 -1.313552946406611297e-11 -7.937130030267849357e-01 8.411262164568978523e-12 -4.222756126091327666e-01 3.967394908789660946e-01 -7.755464706141247403e-12 4.222756126220807982e-01 3.967394908620788807e-01
9.510000000000000000e+02 1.965782228675950319e+04 -4.836144194122001082e-13 -8.815440726200428761e-12 -6.047696484020715912e-01 8.527111029399683800e-12 -4.307734978624392363e-01 3.022290299016217596e-01 -8.021084348889121554e-12 4.307734978713566587e-01 3.022290298838667955e-01
9.520000000000000000e+02 1.967849297265514906e+04 -9.184834555644878412e-14 -4.137937357696611588e-12 -3.565116465951490565e-01 7.663845456176765341e-12 -3.907748577656919298e-01 1.780681635407843910e-01 -7.337394416659099887e-12 3.907748577699165504e-01 1.780681635242511440e-01
9.530000000000000000e+02 1.969916365855079493e+04 -3.095321686160597079e-14 1.063481210385626916e-12 -6.324563865207555313e-02 5.952754895488363933e-12 -3.085236647661723786e-01 3.141080610509690979e-02 -5.941806592111454117e-12 3.085236647645853147e-01 3.141080609165793069e-02
9.540000000000000000e+02 1.971983434444644081e+04 3.394240243714935725e-13 7.408992139526777021e-12 2.552499521370114044e-01 3.633863213469785928e-12 -1.951257519169627141e-01 -1.278551828486235442e-01 -3.900538144579136076e-12 1.951257519096551984e-01 -1.278551828582032424e-01
9.550000000000000000e+02 1.974050503034208668e+04 4.193055052099814219e-13 1.298486585320757156e-11 5.743095348602997863e-01 1.039746037520182744e-12 -6.644176751074039322e-02 -2.873984055389974257e-01 -1.530795695611991675e-12 6.644176749747268684e-02 -2.873984055431992313e-01
9.560000000000000000e+02 1.976117571623773256e+04 7.108136797844076935e-13 1.711326059720937824e-11 8.661410662584134723e-01 -1.562561064086859940e-12 5.800809946802671507e-02 -4.333228218901599704e-01 7.750538518933838230e-13 -5.800809948579311454e-02 -4.333228218891665984e-01
9.570000000000000000e+02 1.978184640213337843e+04 1.124017768115139703e-12 2.179005268169411618e-11 1.103078243962497318e+00 -3.539398381049234338e-12 1.574990967940159692e-01 -5.517944562143405340e-01 2.609896088655401457e-12 -1.574990968156416427e-01 -5.517944562090768557e-01
9.580000000000000000e+02 1.980251708802902431e+04 9.483263952188663741e-13 2.392962404580884980e-11 1.261997593423346498e+00 -4.709027725611808387e-12 2.137595403565939467e-01 -6.312514088342392471e-01 3.652089899404281713e-12 -2.137595403804118943e-01 -6.312514088264065126e-01
9.590000000000000000e+02 1.982318777392467018e+04 1.057844269031779100e-12 2.460270215268111713e-11 1.328783020176694585e+00 -4.743577934392076340e-12 2.149435760778523885e-01 -6.646367314965014872e-01 3.730061564337206970e-12 -2.149435761021955549e-01 -6.646367314877325017e-01
9.600000000000000000e+02 1.984385845982031606e+04 1.067371162852223430e-12 2.257587258908655694e-11 1.301306334088204064e+00 -3.650588367713189450e-12 1.585646049410137370e-01 -6.508883454179318351e-01 2.605931067948652621e-12 -1.585646049643292810e-01 -6.508883454108869149e-01
9.610000000000000000e+02 1.986452914571596193e+04 8.775930529623948356e-13 2.098509502277529600e-11 1.189638225321658860e+00 -1.528557761633480671e-12 5.211336928256216083e-02 -5.950439978657168227e-01 5.073742067260039639e-13 -5.211336930309171112e-02 -5.950439978622685810e-01
9.620000000000000000e+02 1.988519983161160781e+04 8.584463688998536497e-13 1.704095101106481678e-11 1.013560907386190646e+00 1.307549192065567404e-12 -8.873128285494856493e-02 -5.069972491702593453e-01 -2.184440042527356529e-12 8.873128283791292814e-02 -5.069972491723487851e-01
9.630000000000000000e+02 1.990587051750725368e+04 3.489006727326437114e-13 1.225331460637021993e-11 7.982011876960480867e-01 4.529858494340560494e-12 -2.437397995936144701e-01 -3.993136473166200018e-01 -5.060875501155351966e-12 2.437397995804837791e-01 -3.993136473243043549e-01
9.640000000000000000e+02 1.992654120340289955e+04 2.910104240281777716e-13 8.097805389072392764e-12 5.695254644410423506e-01 7.532678306392250226e-12 -3.920515913173681088e-01 -2.849775574058279748e-01 -7.978271019242718607e-12 3.920515913084163806e-01 -2.849775574192555117e-01
9.650000000000000000e+02 1.994721188929854543e+04 1.621859891479965385e-13 4.587943812322459613e-12 3.508820760824804541e-01 1.009153548340336444e-11 -5.152964127812675876e-01 -1.756626145278855355e-01 -1.036107274962628154e-11 5.152964127754672274e-01 -1.756626145466567146e-01
9.660000000000000000e+02 1.996788257519419130e+04 -9.247114799882611599e-15 7.910770426487845152e-13 1.610641618688733456e-01 1.196601123512275898e-11 -5.993775626529701528e-01 -8.076301149060130524e-02 -1.196227068523913047e-11 5.993775626504010967e-01 -8.076301151271796097e-02
9.670000000000000000e+02 1.998855326108983718e+04 3.771895460716859485e-14 -3.843490988877208846e-12 1.365861259696714118e-02 1.257985395900556038e-11 -6.350743587916788391e-01 -7.068650814069439570e-03 -1.264355479985281004e-11 6.350743587912677235e-01 -7.068650838138566470e-03
9.680000000000000000e+02 2.000922394698548305e+04 -1.109065522753213858e-13 -1.381819615325057305e-12 -8.290892990657094952e-02 1.239120500113141466e-11 -6.179519652183891321e-01 4.121129784130003748e-02 -1.238799053506134464e-11 6.179519652193368184e-01 4.121129781777897738e-02
9.690000000000000000e+02 2.002989463288112893e+04 1.083616633562395272e-13 -1.937053703282111939e-12 -1.252162897779279804e-01 1.103117510796483109e-11 -5.480843307018270494e-01 6.236861708025450562e-02 -1.092007840657109970e-11 5.480843307034142242e-01 6.236861705880009793e-02
9.700000000000000000e+02 2.005056531877677480e+04 -4.069483653003068970e-14 -1.506555734933370194e-12 -1.149139198047626764e-01 8.612182807750179654e-12 -4.298846650311476392e-01 5.723007651380089544e-02 -8.601866336585651884e-12 4.298846650328032593e-01 5.723007649717629791e-02
9.710000000000000000e+02 2.007123600467242068e+04 1.188871186821434109e-13 -8.946841608119653550e-13 -5.913402243599159142e-02 5.470789090008805108e-12 -2.721396390370343643e-01 2.936176893642571464e-02 -5.453773147447821356e-12 2.721396390377308627e-01 2.936176892568138214e-02
9.720000000000000000e+02 2.009190669056806655e+04 -4.803419052043319937e-14 5.565960056474265786e-13 2.913859996846730055e-02 1.742532598772571341e-12 -8.795520930533946846e-02 -1.474530841288353503e-02 -1.770676852994996313e-12 8.795520930470006327e-02 -1.474530841617191675e-02
9.730000000000000000e+02 2.011257737646371243e+04 1.584093019516269135e-13 2.348572064362141015e-12 1.311979076477499950e-01 -2.200264159696294878e-12 1.057027499695747247e-01 -6.574042717770937905e-02 2.068342276191521512e-12 -1.057027499719154079e-01 -6.574042717359890320e-02
9.740000000000000000e+02 2.013324806235935830e+04 1.398620319104927968e-13 3.478498893133674247e-12 2.239747883517058946e-01 -5.976676535121333455e-12 2.893296133687317528e-01 -1.120916373609813360e-01 5.783386828147106628e-12 -2.893296133720544283e-01 -1.120916373491751411e-01
9.750000000000000000e+02 2.015391874825500418e+04 3.408175854858172800e-14 4.208201062178805919e-12 2.830502660540298310e-01 -9.055796015213911700e-12 4.432451235080233087e-01 -1.415920226868003784e-01 8.925515537071520410e-12 -4.432451235123849864e-01 -1.415920226687142902e-01
9.760000000000000000e+02 2.017458943415065005e+04 2.916792113987076409e-13 3.772347609112791934e-12 2.871198012353516349e-01 -1.133547475271518147e-11 5.507300647147099770e-01 -1.435916979874207744e-01 1.111287263847460818e-11 -5.507300647185692233e-01 -1.435916979646647273e-01
9.770000000000000000e+02 2.019526012004629592e+04 1.649508553450358427e-13 2.324012983911696983e-12 2.228650308282841275e-01 -1.234516440198572945e-11 6.011713091522867813e-01 -1.114335232214558741e-01 1.223634697276056513e-11 -6.011713091547531418e-01 -1.114335231967245043e-01
9.780000000000000000e+02 2.021593080594194180e+04 1.100085001973016175e-13 -1.427800050269584860e-13 8.844811995776886981e-02 -1.205072303647035957e-11 5.920931924127312840e-01 -4.420007625179859373e-02 1.207071756046846571e-11 -5.920931924128339796e-01 -4.420007622719281798e-02
9.790000000000000000e+02 2.023660149183758767e+04 -3.927530607476124762e-14 -3.632515395815862902e-12 -1.055645271094179799e-01 -1.084874699192589537e-11 5.294613116398568797e-01 5.282464212098336026e-02 1.085284173586762149e-11 -5.294613116363172667e-01 5.282464214297441507e-02
9.800000000000000000e+02 2.025727217773323355e+04 -1.183106085295278373e-13 -7.797069268555565500e-12 -3.385014194683221289e-01 -8.684111341250746894e-12 4.260007061186044663e-01 1.693048258077977375e-01 8.897911205899023074e-12 -4.260007061108287973e-01 1.693048258253243565e-01
9.810000000000000000e+02 2.027794286362887942e+04 -2.981347099896037327e-13 -1.212299367597699838e-11 -5.839433670462509385e-01 -5.938532125894024072e-12 2.983559325796280581e-01 2.920314900097422672e-01 6.391819724888377837e-12 -2.983559325676848339e-01 2.920314900217996779e-01
9.820000000000000000e+02 2.029861354952452530e+04 -6.255725775797547944e-13 -1.606752904320545055e-11 -8.146024793641389872e-01 -3.084291564070927934e-12 1.640361441772314466e-01 4.073617629551294916e-01 3.714641637103440960e-12 -1.640361441612006033e-01 4.073617629613751623e-01
9.830000000000000000e+02 2.031928423542017117e+04 -9.233947069090586339e-13 -1.945990583728391608e-11 -1.006277990045650217e+00 -4.796241932603647420e-13 3.896798657296818291e-02 5.031964468303801175e-01 1.210581361384883245e-12 -3.896798655354617724e-02 5.031964468314077399e-01
9.840000000000000000e+02 2.033995492131581705e+04 -7.701853960168473111e-13 -2.147951055386581884e-11 -1.140142815871636683e+00 1.787503899178831630e-12 -6.392478089058022117e-02 5.701229370919357331e-01 -8.791268486466280200e-13 6.392478091212597247e-02 5.701229370884874914e-01
9.850000000000000000e+02 2.036062560721146292e+04 -8.866086478765247008e-13 -2.254386591624847296e-11 -1.203646171633349971e+00 3.264801289809314917e-12 -1.353360190412114250e-01 6.018663475901155913e-01 -2.351347039941065704e-12 1.353360190636591909e-01 6.018663475834132859e-01
9.860000000000000000e+02 2.038129629310710880e+04 -1.001514612589237236e-12 -2.190709715598809111e-11 -1.190492399810752611e+00 3.950261593501108385e-12 -1.696449639972635870e-01 5.952789748182258922e-01 -3.088200590117229795e-12 1.696449640193688213e-01 5.952789748099592826e-01
9.870000000000000000e+02 2.040196697900275467e+04 -8.799889721886801580e-13 -2.032314981903907700e-11 -1.100282875282660777e+00 3.872302104085149766e-12 -1.647864734336033921e-01 5.501614232312184161e-01 -3.048373070369873912e-12 1.647864734538246612e-01 5.501614232232259205e-01
9.880000000000000000e+02 2.042263766489840054e+04 -7.132728944469952921e-13 -1.709221409305265652e-11 -9.384175129249112679e-01 2.963090150841050564e-12 -1.222904794936431755e-01 4.692134966831710829e-01 -2.184124185041501868e-12 1.222904795107701559e-01 4.692134966768454762e-01
9.890000000000000000e+02 2.044330835079404642e+04 -7.246437459647938316e-13 -1.295965094309806975e-11 -7.161546251304095057e-01 1.264544585217098644e-12 -4.743869739653263501e-02 3.580641148536549689e-01 -6.543966584284771863e-13 4.743869740925227979e-02 3.580641148503894144e-01
9.900000000000000000e+02 2.046397903668969229e+04 -5.960540475173082531e-13 -7.919441015371014869e-12 -4.506970718909045215e-01 -8.930990474798653785e-13 5.053539024873098667e-02 2.253142460918645118e-01 1.179420245941419927e-12 -5.053539024076122987e-02 2.253142460928350410e-01
9.910000000000000000e+02 2.048464972258533817e+04 -1.286967161226397317e-13 -2.771716984844047156e-12 -1.647657676176363661e-01 -3.352833745627914361e-12 1.585459711387187665e-01 8.232367067027770990e-02 3.412802772893156990e-12 -1.585459711357843360e-01 8.232367067638633740e-02
9.920000000000000000e+02 2.050532040848098404e+04 1.493836455234183583e-13 2.433747773024021555e-12 1.149330956430103662e-01 -5.537527871504835279e-12 2.604696247548284327e-01 -5.755484979465171763e-02 5.465404490766781285e-12 -2.604696247576486767e-01 -5.755484978428418441e-02
9.930000000000000000e+02 2.052599109437662992e+04 1.978812383290318921e-13 6.848728256055367838e-12 3.607226617196282459e-01 -7.341522014017966850e-12 3.389957943044516475e-01 -1.804819134586429508e-01 7.033190451552060330e-12 -3.389957943115193828e-01 -1.804819134446673246e-01
9.940000000000000000e+02 2.054666178027227579e+04 5.419000531285520436e-13 1.047831061570762301e-11 5.482359566542711615e-01 -8.279571921459413665e-12 3.784722729462745572e-01 -2.742713257681339556e-01 7.802390284346774986e-12 -3.784722729570874078e-01 -2.742713257523999859e-01
9.950000000000000000e+02 2.056733246616792167e+04 4.794737982056894968e-13 1.264128228134650340e-11 6.609686402704892938e-01 -7.910170420130658195e-12 3.681584979479373132e-01 -3.306672931524503034e-01 7.477111722029346044e-12 -3.681584979609081598e-01 -3.306672931367619639e-01
9.960000000000000000e+02 2.058800315206356754e+04 5.086005226635264505e-13 1.374366694700853161e-11 6.936032585783049598e-01 -6.797316532103724080e-12 3.048586552205088673e-01 -3.470080778698770851e-01 6.301434496830482507e-12 -3.048586552345530221e-01 -3.470080778573287339e-01
9.970000000000000000e+02 2.060867383795921342e+04 5.367803163973083479e-13 1.283147468097340555e-11 6.528008050974155596e-01 -4.414066307381140892e-12 1.939074119131433405e-01 -3.266229258950599235e-01 3.971518150047257708e-12 -1.939074119265709051e-01 -3.266229258872614394e-01
9.980000000000000000e+02 2.062934452385485929e+04 2.518888687642926483e-13 1.194289211486245673e-11 5.551864768123934146e-01 -1.289041151399166096e-12 4.812040398795593144e-02 -2.778251487419309274e-01 8.598096385138536698e-13 -4.812040399992199152e-02 -2.778251487405036801e-01
9.990000000000000000e+02 2.065001520975050516e+04 1.618077215142806074e-13 1.003129299998673591e-11 4.233143178831159648e-01 2.337800037149797675e-12 -1.149154438765600528e-01 -2.118937832816935041e-01 -2.617365509848988341e-12 1.149154438665921374e-01 -2.118937832872768989e-01
1.000000000000000000e+03 2.067068589564615104e+04 8.375297161137869805e-14 6.757164496405560995e-12 2.811759141328463163e-01 5.842119315463187296e-12 -2.761489288822329136e-01 -1.408268476726168283e-01 -6.030857904907791833e-12 2.761489288747427384e-01 -1.408268476849140194e-01
1.001000000000000000e+03 2.069135658154179691e+04 5.484940304386112827e-14 4.458564495115099544e-12 1.505569091952417560e-01 8.927854954065734277e-12 -4.179607141975010820e-01 -7.551869835310590084e-02 -9.045228397033204153e-12 4.179607141924086555e-01 -7.551869837167156374e-02
1.002000000000000000e+03 2.071202726743744279e+04 -1.390572182879512433e-13 2.988374405695680783e-12 4.883882487495332797e-02 1.129476202360307833e-11 -5.260827495635883588e-01 -2.466068360705674783e-02 -1.131215605964183843e-11 5.260827495606996695e-01 -2.466068363007541814e-02
1.003000000000000000e+03 2.073269795333308866e+04 2.046044812033275429e-14 1.331197622240124068e-12 -1.179172435507877363e-02 1.274865584627060365e-11 -5.904501421422623242e-01 5.653925123402655031e-03 -1.269086284156479252e-11 5.904501421403669514e-01 5.653925097814935588e-03
1.004000000000000000e+03 2.075336863922873454e+04 1.341384836361335704e-13 9.216285884975044660e-13 -2.437802384969884467e-02 1.313989865982797904e-11 -6.054104559217053927e-01 1.194695435403859453e-02 -1.305369042332877662e-11 6.054104559201296532e-01 1.194695432772012456e-02
1.005000000000000000e+03 2.077403932512438041e+04 -4.406509220892317361e-14 1.362996503368993087e-12 1.303786775793901696e-02 1.237808297615392120e-11 -5.696399261417942617e-01 -6.760543365916019641e-03 -1.232845706591790875e-11 5.696399261403898295e-01 -6.760543390304850006e-03
1.006000000000000000e+03 2.079471001102002629e+04 1.439892545831437484e-13 2.256121422406991433e-12 9.747538922987412924e-02 1.045098129988496485e-11 -4.861040423996688675e-01 -4.897852308929408899e-02 -1.059637347958613690e-11 4.861040423973281843e-01 -4.897852310960669475e-02
1.007000000000000000e+03 2.081538069691567216e+04 3.273238977030132362e-13 4.196835780665493001e-12 2.208103390403926003e-01 7.655314630903381102e-12 -3.621408948849441090e-01 -1.106452738594563834e-01 -7.896205874958824720e-12 3.621408948802626870e-01 -1.106452738741170866e-01
1.008000000000000000e+03 2.083605138281131804e+04 2.736885662023333924e-13 5.931741136972221385e-12 3.695203263004044336e-01 4.438905609326162927e-12 -2.095028846596643235e-01 -1.849997881437875080e-01 -4.638485500921443848e-12 2.095028846535214317e-01 -1.849997881514261477e-01
1.009000000000000000e+03 2.085672206870696391e+04 4.267296080234729767e-13 8.508661688709741933e-12 5.248722816425984705e-01 7.550892994711155054e-13 -4.399165873763803691e-02 -2.626750223640509363e-01 -1.049030508471619832e-12 4.399165872900603902e-02 -2.626750223642336235e-01
1.010000000000000000e+03 2.087739275460260978e+04 5.563854431335700132e-13 1.019760537818680778e-11 6.641304008005886050e-01 -2.780768366831240813e-12 1.157165529509623092e-01 -3.323016401869997027e-01 2.297172000725544772e-12 -1.157165529615810373e-01 -3.323016401798177810e-01
1.011000000000000000e+03 2.089806344049825566e+04 5.543971664949792526e-13 1.167310915325413180e-11 7.632937331818379079e-01 -5.775952055822321791e-12 2.503565192525345484e-01 -3.818771978207751161e-01 5.272012217498603504e-12 -2.503565192646375892e-01 -3.818771978075759521e-01
1.012000000000000000e+03 2.091873412639390153e+04 5.580612726409487234e-13 1.215487000753871396e-11 8.011597770366460924e-01 -7.893426924442329678e-12 3.432162511895056611e-01 -4.007988166132444019e-01 7.265086741503463520e-12 -3.432162512022024492e-01 -4.007988165958434323e-01
1.013000000000000000e+03 2.093940481228954741e+04 4.640921385600794296e-13 1.170721242780867555e-11 7.638672680319709141e-01 -8.743894720300751918e-12 3.834241940502585155e-01 -3.821354244850794224e-01 8.248377938281682508e-12 -3.834241940624072420e-01 -3.821354244661598343e-01
1.014000000000000000e+03 2.096007549818519328e+04 2.206949014466749676e-13 9.880433916752561755e-12 6.484007389961534695e-01 -8.341908566524505021e-12 3.682713532442541959e-01 -3.243804318425608235e-01 8.000962333340113551e-12 -3.682713532544047985e-01 -3.243804318249200458e-01
1.015000000000000000e+03 2.098074618408083916e+04 4.559808977150463958e-13 7.088666674970534947e-12 4.636840335832092541e-01 -6.945038231554703822e-12 3.036771866767061789e-01 -2.319982558011747520e-01 6.584413200808027464e-12 -3.036771866840365375e-01 -2.319982557865939710e-01
1.016000000000000000e+03 2.100141686997648503e+04 1.293328645906272830e-13 3.295265168518357714e-12 2.287941009157623551e-01 -4.591470779508245477e-12 2.026173034307622856e-01 -1.145303276404611159e-01 4.485007184825388313e-12 -2.026173034341990919e-01 -1.145303276309042606e-01
1.017000000000000000e+03 2.102208755587213091e+04 -1.287887074148837719e-13 -1.357019954733940690e-12 -3.097650241449275213e-02 -1.800103988839784452e-12 8.216219356662766982e-02 1.537489835877594267e-02 1.832585846119333852e-12 -8.216219356530318763e-02 1.537489836285216641e-02
1.018000000000000000e+03 2.104275824176777678e+04 -4.681058056303761022e-13 -5.797712704289299714e-12 -2.887294266355992511e-01 9.542156987449116359e-13 -3.978870419744022502e-02 1.442676517724766350e-01 -7.359359286481852393e-13 3.978870420302362682e-02 1.442676517707639217e-01
1.019000000000000000e+03 2.106342892766342266e+04 -4.452385197539430937e-13 -9.860242874908172493e-12 -5.198514148192084905e-01 3.386411037090908801e-12 -1.471422335518712265e-01 2.598420339402425228e-01 -3.054094960750449595e-12 1.471422335615422683e-01 2.598420339332547235e-01
1.020000000000000000e+03 2.108409961355906853e+04 -6.569940234518030562e-13 -1.332380650970847905e-11 -7.044660370923847559e-01 5.302214709953340889e-12 -2.271905382654478833e-01 3.521609424212656103e-01 -4.874494062024878529e-12 2.271905382787955119e-01 3.521609424105783814e-01
1.021000000000000000e+03 2.110477029945471440e+04 -5.107667551850805902e-13 -1.551844285883717387e-11 -8.284805533995316384e-01 6.337821841671828873e-12 -2.712212577849017481e-01 4.141787677621205921e-01 -5.831471687442774445e-12 2.712212578003959651e-01 4.141787677492182462e-01
1.022000000000000000e+03 2.112544098535036028e+04 -5.739669720757257919e-13 -1.721292888749032991e-11 -8.837200142607175568e-01 6.458918154993924679e-12 -2.745275987974670207e-01 4.418083025113023754e-01 -5.847741838017492887e-12 2.745275988145369217e-01 4.418083024986169671e-01
1.023000000000000000e+03 2.114611167124600615e+04 -5.044413086491201014e-13 -1.726984414407856399e-11 -8.677800498473681179e-01 5.590638756629546235e-12 -2.362547925561540307e-01 4.338473135748233678e-01 -5.029298043949936045e-12 2.362547925733266829e-01 4.338473135637707645e-01
1.024000000000000000e+03 2.116678235714165203e+04 -4.245166043223492384e-13 -1.609347032660709427e-11 -7.838790832114594931e-01 3.772684768294110555e-12 -1.592522498440612222e-01 3.919047744000485611e-01 -3.307537787168272499e-12 1.592522498600007497e-01 3.919047743925012650e-01
1.025000000000000000e+03 2.118745304303729790e+04 -5.949833943859183153e-13 -1.364816025824719631e-11 -6.410816545200096472e-01 1.456138934000096325e-12 -5.018853451923824954e-02 3.205124918122714828e-01 -9.107368124453771933e-13 5.018853453271147902e-02 3.205124918099764852e-01
1.026000000000000000e+03 2.120812372893294378e+04 -3.363602598402298640e-13 -1.001430498680777453e-11 -4.544183181540510930e-01 -1.571123958295899510e-12 8.041602460204409775e-02 2.271850013339800356e-01 2.004020902307666183e-12 -8.041602459206477482e-02 2.271850013375995292e-01
1.027000000000000000e+03 2.122879441482858965e+04 -8.034859522058273802e-14 -6.214250780383435360e-12 -2.445738359055876776e-01 -4.933105168822179998e-12 2.184333109022248975e-01 1.222637992206522528e-01 4.990689556788821694e-12 -2.184333108961048486e-01 1.222637992305630611e-01
1.028000000000000000e+03 2.124946510072423553e+04 -5.830459127270978456e-14 -2.069926694699640659e-12 -3.651733035438147618e-02 -7.978492914951478921e-12 3.470600708444451787e-01 1.823278659599400844e-02 7.893634225383847121e-12 -3.470600708427096781e-01 1.823278661184218191e-02
1.029000000000000000e+03 2.127013578661988140e+04 1.498608762865171317e-13 1.692200192586409425e-12 1.433662422506988277e-01 -1.032953803786385941e-11 4.487245412737941863e-01 -7.171562658891776632e-02 1.021832619996853116e-11 -4.487245412756096230e-01 -7.171562656825120063e-02
1.030000000000000000e+03 2.129080647251552728e+04 1.952056376034306347e-13 4.578358909850984855e-12 2.714577490406938631e-01 -1.173079551103376531e-11 5.078500119240949573e-01 -1.357712872938054982e-01 1.157483154994993695e-11 -5.078500119290161319e-01 -1.357712872705584828e-01
1.031000000000000000e+03 2.131147715841117315e+04 9.122510602222818547e-14 6.329078489880185417e-12 3.315293402416997215e-01 -1.190866778081160288e-11 5.139483154789674657e-01 -1.658193245752432321e-01 1.172951389669484477e-11 -5.139483154854757041e-01 -1.658193245521903114e-01
1.032000000000000000e+03 2.133214784430681902e+04 2.184243812718639649e-13 6.721628458954701297e-12 3.182852798223625990e-01 -1.076771893440608993e-11 4.640432894184887136e-01 -1.592109971216042752e-01 1.059458947317689685e-11 -4.640432894252138896e-01 -1.592109971013030978e-01
1.033000000000000000e+03 2.135281853020246490e+04 3.954748790773678844e-14 5.848563332984406677e-12 2.383632884768814020e-01 -8.452208296015424761e-12 3.634551371969250155e-01 -1.192646736372047628e-01 8.315794887584065103e-12 -3.634551372025883742e-01 -1.192646736216991382e-01
1.034000000000000000e+03 2.137348921609811077e+04 1.591644792267103019e-13 3.605427320027044670e-12 1.086045434263354370e-01 -5.216714783575152222e-12 2.247727183426058983e-01 -5.440085563668021346e-02 5.183356240070972752e-12 -2.247727183467277956e-01 -5.440085562795686502e-02
1.035000000000000000e+03 2.139415990199375665e+04 -1.572208036940513593e-13 1.008172031369887971e-12 -4.795127352513074009e-02 -1.538257042030413948e-12 6.521546455210920634e-02 2.386059510731542224e-02 1.546024404475042495e-12 -6.521546455331951597e-02 2.386059510833162325e-02
1.036000000000000000e+03 2.141483058788940252e+04 7.651842512810120204e-14 -1.673888462510551168e-12 -2.066321403726726069e-01 2.259269777970832697e-12 -9.650749660024654508e-02 1.031839754193838582e-01 -2.167815606143832938e-12 9.650749660190215129e-02 1.031839754129212638e-01
1.037000000000000000e+03 2.143550127378504840e+04 -2.122429847740354500e-13 -4.627743575074529330e-12 -3.449587108803553459e-01 5.768286175764670380e-12 -2.429591080542498616e-01 1.723304663846157991e-01 -5.512389359486411934e-12 2.429591080586571972e-01 1.723304663715764518e-01
1.038000000000000000e+03 2.145617195968069427e+04 -3.739962021114474782e-13 -6.414628232717757368e-12 -4.450313575745676875e-01 8.452683143159004780e-12 -3.598225948368347638e-01 2.223514516963209509e-01 -8.198044716915154034e-12 3.598225948429548127e-01 2.223514516776525229e-01
1.039000000000000000e+03 2.147684264557634015e+04 -4.254130174637092852e-13 -7.834405779834537790e-12 -4.944117913618609750e-01 1.031067873752675485e-11 -4.367242560082806313e-01 2.470288946136774411e-01 -9.990737097940287801e-12 4.367242560159763642e-01 2.470288945917548940e-01
1.040000000000000000e+03 2.149751333147198602e+04 -3.945745947914946882e-13 -7.674355463896669658e-12 -4.862456900480961464e-01 1.102178636991953176e-11 -4.674889169670776723e-01 2.429363182260941278e-01 -1.070110892731333540e-11 4.674889169744765316e-01 2.429363182028699275e-01
1.041000000000000000e+03 2.151818401736763190e+04 -9.115695519210861942e-14 -6.791100800765909137e-12 -4.189261379912369576e-01 1.061145659980854985e-11 -4.500245725752571868e-01 2.092703840747538457e-01 -1.039875226817091197e-11 4.500245725819138620e-01 2.092703840527171122e-01
1.042000000000000000e+03 2.153885470326327777e+04 -8.955130454643406579e-14 -4.708631627793921295e-12 -2.960089476002853437e-01 9.119227661928283671e-12 -3.863375546362396440e-01 1.478084820713916336e-01 -9.011722300383033505e-12 3.863375546406241368e-01 1.478084820525291110e-01
1.043000000000000000e+03 2.155952538915892364e+04 3.685927797786579129e-14 -1.990252001195702369e-12 -1.263360869108361983e-01 6.718507073529992356e-12 -2.826532623807367917e-01 6.297042946854465584e-02 -6.571073142047615232e-12 2.826532623824723478e-01 6.297042945501434008e-02
1.044000000000000000e+03 2.158019607505456952e+04 1.253777607870855176e-13 1.236640156066710992e-12 7.577626066880178979e-02 3.439393712148554941e-12 -1.495320631246923326e-01 -3.808723131491344172e-02 -3.445674656731998164e-12 1.495320631232536779e-01 -3.808723132130752143e-02
1.045000000000000000e+03 2.160086676095021539e+04 1.969809658493514728e-13 4.816176263180814926e-12 2.906698965312219385e-01 -3.897368398053451277e-14 -1.727233984680510417e-03 -1.455366329384026325e-01 -1.088795261288722641e-13 1.727233979108530474e-03 -1.455366329376261980e-01
1.046000000000000000e+03 2.162153744684586127e+04 2.596230103645481584e-13 8.901934652275519010e-12 4.945302413070685743e-01 -3.584345405944375891e-12 1.427828063384750379e-01 -2.474706347338886669e-01 3.286917178359993389e-12 -1.427828063476436760e-01 -2.474706347262386197e-01
1.047000000000000000e+03 2.164220813274150714e+04 4.437792901111483229e-13 1.190074888340033165e-11 6.619852410581473778e-01 -6.468200766042368137e-12 2.648072946432998842e-01 -3.312021227179297589e-01 6.125346582074500547e-12 -2.648072946555627971e-01 -3.312021227044222305e-01
1.048000000000000000e+03 2.166287881863715302e+04 3.325887933611454534e-13 1.401512571494679927e-11 7.701062046417649354e-01 -8.395699925243837151e-12 3.469736848703084409e-01 -3.852650773344484803e-01 8.041409955670817604e-12 -3.469736848843525956e-01 -3.852650773168876386e-01
1.049000000000000000e+03 2.168354950453279889e+04 4.155125375211132644e-13 1.435260925384812150e-11 8.029716303068364924e-01 -9.284705137612520743e-12 3.771294091825497241e-01 -4.016974137861211713e-01 8.804257762512329969e-12 -3.771294091974388141e-01 -4.016974137671444622e-01
1.050000000000000000e+03 2.170422019042844477e+04 2.879306165795301952e-13 1.369962948974274510e-11 7.553476445595108668e-01 -8.625405879711344645e-12 3.510450705978589436e-01 -3.778818308572984841e-01 8.266169382527678555e-12 -3.510450706120629150e-01 -3.778818308394065184e-01
1.051000000000000000e+03 2.172489087632409064e+04 4.802729099899748536e-13 1.164969088166737292e-11 6.340263785563274856e-01 -6.724396215894039727e-12 2.733623746026616064e-01 -3.172151680352502945e-01 6.427458878172088930e-12 -2.733623746144677735e-01 -3.172151680215258840e-01
1.052000000000000000e+03 2.174556156221973652e+04 1.717446240894286385e-13 8.542209458954366946e-12 4.563206666172552328e-01 -3.902572801003771154e-12 1.564534061631548678e-01 -2.283554828099555456e-01 3.781579798012989802e-12 -1.564534061718782232e-01 -2.283554828017231586e-01
1.053000000000000000e+03 2.176623224811538239e+04 1.859084488732937246e-13 4.421151707577876080e-12 2.462631312992888677e-01 -5.200906168087250523e-13 1.760891325248363157e-02 -1.233208774293659687e-01 4.346706199681834541e-13 -1.760891325697090323e-02 -1.233208774277788772e-01
1.054000000000000000e+03 2.178690293401102826e+04 -3.801108361677466104e-14 1.466009341380973815e-13 3.000436155632360893e-02 3.103010308573336778e-12 -1.243444919194318238e-01 -1.518767433475729130e-02 -3.088763021924672120e-12 1.243444919192719794e-01 -1.518767433988396989e-02
1.055000000000000000e+03 2.180757361990667414e+04 -1.000977715856465003e-13 -3.866949283016543542e-12 -1.681715070530468148e-01 6.059597184415725558e-12 -2.519670399800552629e-01 8.390228691314437215e-02 -5.971125043233672074e-12 2.519670399838460084e-01 8.390228690194331818e-02
1.056000000000000000e+03 2.182824430580232001e+04 -2.162609710218647378e-13 -7.233055038357120918e-12 -3.284189741107642613e-01 8.516738704370983486e-12 -3.510936713371933249e-01 1.640274160547713633e-01 -8.345141792517068059e-12 3.510936713446264346e-01 1.640274160392657110e-01
1.057000000000000000e+03 2.184891499169796589e+04 -1.120422315970303588e-13 -9.547849737363371617e-12 -4.364686423261216475e-01 1.008180727343926798e-11 -4.116720687956817448e-01 2.180543192355553217e-01 -9.850404567302063680e-12 4.116720688049645416e-01 2.180543192170011080e-01
1.058000000000000000e+03 2.186958567759361176e+04 -1.793006161142694870e-13 -1.094558486439711316e-11 -4.838063538571301669e-01 1.043572300687384787e-11 -4.278963826249850277e-01 2.417267795919509077e-01 -1.020687342459498853e-11 4.278963826357293776e-01 2.417267795725060453e-01
1.059000000000000000e+03 2.189025636348925764e+04 -2.094967356740836358e-14 -1.106855543213126707e-11 -4.674899946963686492e-01 9.763708317094293641e-12 -3.980660169805903537e-01 2.335739977107911536e-01 -9.525340731148888580e-12 3.980660169913803892e-01 2.335739976931731909e-01
1.060000000000000000e+03 2.191092704938490351e+04 -3.441917846276082976e-13 -9.968811310343149736e-12 -3.900285956041427693e-01 7.974469262989085507e-12 -3.244739642949687752e-01 1.948501843481114659e-01 -7.742929614336297122e-12 3.244739643045256305e-01 1.948501843341929329e-01
1.061000000000000000e+03 2.193159773528054939e+04 -3.678367137651296777e-13 -7.447330690545058556e-12 -2.595611452010312958e-01 5.309500771179119452e-12 -2.134973985743390534e-01 1.296240225697497805e-01 -5.080749594316753725e-12 2.134973985812469166e-01 1.296240225611977048e-01
1.062000000000000000e+03 2.195226842117619526e+04 1.398767388202830398e-13 -4.300014932226141978e-12 -9.003852996898732697e-02 1.868432705098503693e-12 -7.566126272499240635e-02 4.486979766268660297e-02 -1.822478439135113152e-12 7.566126272909146078e-02 4.486979766093965316e-02
1.063000000000000000e+03 2.197293910707184114e+04 1.357704838647424896e-13 -5.985871702870767263e-13 9.894844178593316386e-02 -1.839181592072184242e-12 7.456092895765094319e-02 -4.961816203260280972e-02 1.792485512633399235e-12 -7.456092895719422520e-02 -4.961816202692806432e-02
1.064000000000000000e+03 2.199360979296748701e+04 1.004130062135142410e-13 3.359723598692836330e-12 2.833361559745661284e-01 -5.485443013914576815e-12 2.196582048006052168e-01 -1.418084779609623536e-01 5.336125533957340585e-12 -2.196582048043274615e-01 -1.418084779486080693e-01
1.065000000000000000e+03 2.201428047886313288e+04 4.222713627531288350e-13 6.958340150265752876e-12 4.372223835037950534e-01 -8.507093707369897307e-12 3.410128929107303919e-01 -2.187495606793849745e-01 8.347267626153807980e-12 -3.410128929179351287e-01 -2.187495606616528254e-01
1.066000000000000000e+03 2.203495116475877876e+04 2.944436961933724478e-13 9.894583881128398443e-12 5.369218388384346952e-01 -1.057388967370527423e-11 4.217932269547111090e-01 -2.685977123015451107e-01 1.032856719600635411e-11 -4.217932269646219035e-01 -2.685977122802391537e-01
1.067000000000000000e+03 2.205562185065442463e+04 3.406888327033992676e-13 1.135915257428461922e-11 5.656154250992914134e-01 -1.121592673767639060e-11 4.502153546681879059e-01 -2.829424112707086825e-01 1.104242397831754274e-11 -4.502153546792861949e-01 -2.829424112485920406e-01
1.068000000000000000e+03 2.207629253655007051e+04 2.204943646484084488e-13 1.126623856711638821e-11 5.171343791601681339e-01 -1.059403247672181972e-11 4.221653827222006106e-01 -2.586989344496457011e-01 1.040057819001854914e-11 -4.221653827334587161e-01 -2.586989344296071192e-01
1.069000000000000000e+03 2.209696322244571638e+04 6.426507320397793272e-14 9.327284526742947505e-12 3.973988783999231056e-01 -8.533978419040118705e-12 3.421676042204187529e-01 -1.988278421972696497e-01 8.441137294338542611e-12 -3.421676042300212939e-01 -1.988278421816612462e-01
1.070000000000000000e+03 2.211763390834136226e+04 9.027386023054440309e-15 6.868174264525518380e-12 2.229868603176504704e-01 -5.595635478103295283e-12 2.223554159606190850e-01 -1.116191437007782727e-01 5.511609893189280110e-12 -2.223554159675840691e-01 -1.116191436918379937e-01
1.071000000000000000e+03 2.213830459423700813e+04 8.304966394470951609e-14 2.879658770323803372e-12 1.734786176018975057e-02 -2.066764643468478717e-12 7.979303725814111681e-02 -8.798602015958483652e-03 1.963938153001803256e-12 -7.979303726113262663e-02 -8.798602014348547509e-03
1.072000000000000000e+03 2.215897528013265401e+04 -1.666003146490441309e-13 -1.065216925934015776e-12 -1.938155146194072143e-01 1.724721539976845957e-12 -6.680103050603689030e-02 9.678221026637853774e-02 -1.613833720616489559e-12 6.680103050704168377e-02 9.678221026044118991e-02
1.073000000000000000e+03 2.217964596602829988e+04 -6.913361012694054145e-14 -5.152408829667939314e-12 -3.865666384580150328e-01 5.076819577593016065e-12 -1.999376587192586152e-01 1.931556673654598322e-01 -4.936222984234729424e-12 1.999376587244081349e-01 1.931556673530142043e-01
1.074000000000000000e+03 2.220031665192394576e+04 -3.117141260153373931e-13 -9.224566634498589506e-12 -5.413295801915010141e-01 7.771052667824528498e-12 -3.052619671748471042e-01 2.705350596203816571e-01 -7.490084091368877474e-12 3.052619671835133386e-01 2.705350596030148824e-01
1.075000000000000000e+03 2.222098733781959163e+04 -2.316299480433767251e-13 -1.154406481554877765e-11 -6.440225699701999096e-01 9.462817301280578903e-12 -3.724338702142084845e-01 3.218806834505772985e-01 -9.292974399576280618e-12 3.724338702254780253e-01 3.218806834300705355e-01
1.076000000000000000e+03 2.224165802371523750e+04 -6.469307809070032760e-13 -1.305445493953078454e-11 -6.862064526811125775e-01 1.016617735924718524e-11 -3.952998868278231326e-01 3.429736842117771523e-01 -9.757822788257381705e-12 3.952998868402459176e-01 3.429736841906995681e-01
1.077000000000000000e+03 2.226232870961088338e+04 -1.976385796262937763e-13 -1.313975274710199413e-11 -6.648622322529603723e-01 9.476941901645835461e-12 -3.717763946819429011e-01 3.323047851732273683e-01 -9.196983651686803772e-12 3.717763946948566822e-01 3.323047851534970953e-01
1.078000000000000000e+03 2.228299939550652925e+04 -4.030263684354606586e-13 -1.192509347237854833e-11 -5.822322502694831092e-01 7.778255858625001792e-12 -3.037437752941753444e-01 2.909949340405002527e-01 -7.513881197947564339e-12 3.037437753057988798e-01 2.909949340245607252e-01
1.079000000000000000e+03 2.230367008140217513e+04 -2.161526117184506983e-13 -9.219212030928337020e-12 -4.459751026070858382e-01 5.091433186467274767e-12 -1.971295967709552344e-01 2.228727526211925769e-01 -4.947238707962232456e-12 1.971295967802837168e-01 2.228727526106195067e-01
1.080000000000000000e+03 2.232434076729782100e+04 2.460842636835714634e-14 -6.126119165324863064e-12 -2.693855009206213569e-01 1.586591409685476178e-12 -6.199738004689828857e-02 1.345845013201540930e-01 -1.456937743076746633e-12 6.199738005273288527e-02 1.345845013167058513e-01
1.081000000000000000e+03 2.234501145319346688e+04 8.693593569627742489e-14 -2.027799582979215682e-12 -7.132359708475603799e-02 -2.240418216141160237e-12 8.759547684513283028e-02 3.555903627819558682e-02 2.291217716794219997e-12 -8.759547684340872331e-02 3.555903628211196099e-02
1.082000000000000000e+03 2.236568213908911275e+04 2.239786452938640473e-13 2.036659350759220087e-12 1.247908380166550951e-01 -6.049049769927698020e-12 2.344095286871587247e-01 -6.249457051384791489e-02 6.016240104586461110e-12 -2.344095286893623786e-01 -6.249457050192753355e-02
1.083000000000000000e+03 2.238635282498475863e+04 3.746078244927999627e-13 5.777859321151884900e-12 2.934181715126504830e-01 -9.250109696326695151e-12 3.598227911862834638e-01 -1.468065327562866063e-01 9.147431271086569605e-12 -3.598227911922208255e-01 -1.468065327382804264e-01
1.084000000000000000e+03 2.240702351088040450e+04 1.440024792170964967e-13 8.739342403531593070e-12 4.108030434569688305e-01 -1.151598309564216428e-11 4.466083243017112125e-01 -2.054985515769143511e-01 1.135913927404038324e-11 -4.466083243105373191e-01 -2.054985515547977093e-01
1.085000000000000000e+03 2.242769419677605038e+04 1.992996652046315512e-13 1.003830083177621735e-11 4.596022151955094226e-01 -1.247330191086534497e-11 4.821621330609652811e-01 -2.298982804469853480e-01 1.230655830722313281e-11 -4.821621330709674469e-01 -2.298982804232930222e-01
1.086000000000000000e+03 2.244836488267169625e+04 2.684285982400896380e-13 9.718245950351154527e-12 4.328148256989417519e-01 -1.197347123494529083e-11 4.612131938522177066e-01 -2.165049835302145509e-01 1.179514391821507648e-11 -4.612131938623111882e-01 -2.165049835078695362e-01
1.087000000000000000e+03 2.246903556856734212e+04 3.524290060404891718e-13 8.266078966223179176e-12 3.355231587909285884e-01 -1.005601624742129156e-11 3.870195132255372927e-01 -1.678601397629405634e-01 9.963085001901201180e-12 -3.870195132337697075e-01 -1.678601397448544474e-01
1.088000000000000000e+03 2.248970625446298800e+04 1.504035487376921938e-13 4.884571956744417499e-12 1.837184867551993062e-01 -7.061774631556617593e-12 2.705742955737492350e-01 -9.196020373266988734e-02 6.980973633370595606e-12 -2.705742955788302817e-01 -9.196020372005300758e-02
1.089000000000000000e+03 2.251037694035863387e+04 -2.595455328785434207e-13 1.144085390078980713e-12 6.945115688625901496e-04 -3.336008495309463028e-12 1.281479010354581727e-01 -4.528483188977183976e-04 3.364284195416312204e-12 -1.281479010365542959e-01 -4.528483136568601944e-04
1.090000000000000000e+03 2.253104762625427975e+04 -2.104522067653780457e-14 -3.495193991034966499e-12 -1.875939225308775604e-01 5.667471485454428322e-13 -2.190062664142031212e-02 9.368423217544975812e-02 -5.279316451769927743e-13 2.190062664456026223e-02 9.368423217322324748e-02
1.091000000000000000e+03 2.255171831214992562e+04 -2.220824788834757912e-13 -7.551697694066862988e-12 -3.567062889577205520e-01 4.274284719566971250e-12 -1.620324630159868107e-01 1.782312956861343833e-01 -4.103900991222356455e-12 1.620324630233970775e-01 1.782312956776165580e-01
1.092000000000000000e+03 2.257238899804557150e+04 -8.582582758826936597e-14 -1.076274629985175922e-11 -4.865163187215434948e-01 7.322602935444326122e-12 -2.775304923027632209e-01 2.431262753845041535e-01 -7.189509651421264644e-12 2.775304923135988866e-01 2.431262753706427138e-01
1.093000000000000000e+03 2.259305968394121737e+04 -3.072131016824613168e-13 -1.292208120400523608e-11 -5.625199266893369243e-01 9.402458689270887824e-12 -3.574917921365622919e-01 2.811182540114429695e-01 -9.228424271874563502e-12 3.574917921495102680e-01 2.811182539940076941e-01
1.094000000000000000e+03 2.261373036983686325e+04 -2.211278867043618634e-13 -1.378530305897416444e-11 -5.760913220380350364e-01 1.042761401187796515e-11 -3.950912117045075611e-01 2.878951657822652055e-01 -1.023046256095330461e-11 3.950912117179350980e-01 2.878951657635968053e-01
1.095000000000000000e+03 2.263440105573250912e+04 -3.412812571114184421e-13 -1.354505570965461622e-11 -5.242848744505312908e-01 1.018294953528084656e-11 -3.875152762198109668e-01 2.619846046868387623e-01 -9.963602849403690933e-12 3.875152762334098111e-01 2.619846046692093644e-01
1.096000000000000000e+03 2.265507174162815500e+04 -4.409145866646453840e-13 -1.200821281018337184e-11 -4.096477086463318207e-01 8.917252801979595673e-12 -3.358808910111873991e-01 2.046600524670902366e-01 -8.766607139721266617e-12 3.358808910230506872e-01 2.046600524528862652e-01
1.097000000000000000e+03 2.267574242752380087e+04 -2.105715399320241772e-13 -8.799297519701341573e-12 -2.403560460442735192e-01 6.499178369257478787e-12 -2.453847224861198939e-01 1.200089353456664371e-01 -6.401486649498677359e-12 2.453847224943065952e-01 1.200089353359497235e-01
1.098000000000000000e+03 2.269641311341944674e+04 -1.118067163498095674e-13 -4.563055496851900408e-12 -3.033652540630365699e-02 3.271360441648871943e-12 -1.254180439149266690e-01 1.499333037170517968e-02 -3.206313247896778338e-12 1.254180439193568475e-01 1.499333036853097920e-02
1.099000000000000000e+03 2.271708379931509262e+04 1.503541553213166792e-13 7.565110271313764132e-13 2.008376414610101024e-01 -3.295579838157497804e-13 1.047004026684483953e-02 -1.006014355893800338e-01 2.441104880514283994e-13 -1.047004026757559179e-02 -1.006014355856463538e-01
1.100000000000000000e+03 2.273775448521073849e+04 2.770505353883067733e-13 5.457668338661160397e-12 4.289845864403226128e-01 -3.891549523284787727e-12 1.452880885057651617e-01 -2.146848603941625411e-01 3.772872849349661845e-12 -1.452880885114056497e-01 -2.146848603835666558e-01
1.101000000000000000e+03 2.275842517110638437e+04 7.569597545892392811e-14 1.038054543988488209e-11 6.277484873669637588e-01 -6.981786388283805143e-12 2.603382853020143606e-01 -3.140780854306954306e-01 6.858414316385506970e-12 -2.603382853127700902e-01 -3.140780854146531520e-01
1.102000000000000000e+03 2.277909585700203024e+04 9.774786449191793968e-14 1.448978583301943022e-11 7.724723255913934494e-01 -9.102505371841786365e-12 3.380260350461485319e-01 -3.864506552868381961e-01 8.958864679088251652e-12 -3.380260350605808761e-01 -3.864506552670736172e-01
1.103000000000000000e+03 2.279976654289767612e+04 3.970468491083590346e-13 1.649574726146459757e-11 8.447852666069898264e-01 -9.873211840179837734e-12 3.652409264130775934e-01 -4.226151938441263245e-01 9.664027711571793757e-12 -3.652409264299533720e-01 -4.226151938238136840e-01
1.104000000000000000e+03 2.282043722879332199e+04 1.625482141368880718e-13 1.743922977848806117e-11 8.365529026537213975e-01 -9.069024386834410586e-12 3.363410847474283538e-01 -4.185033808410105194e-01 8.954609839388683818e-12 -3.363410847652860691e-01 -4.185033808226047425e-01
1.105000000000000000e+03 2.284110791468896787e+04 1.561015240163630093e-13 1.670062761738885667e-11 7.515863505691386948e-01 -6.910469049893810279e-12 2.545223287153307590e-01 -3.760208694163856280e-01 6.646305728799102558e-12 -2.545223287324120398e-01 -3.760208694029237853e-01
1.106000000000000000e+03 2.286177860058461374e+04 1.274308450500730899e-13 1.478071247681168200e-11 6.046103716213301338e-01 -3.608945521327551257e-12 1.311893865516227109e-01 -3.025312521606086102e-01 3.457975916366775566e-12 -1.311893865665802739e-01 -3.025312521539062494e-01
1.107000000000000000e+03 2.288244928648025962e+04 -1.743331552787332790e-14 1.114939784687603579e-11 4.177324489152348108e-01 3.894864749272213581e-13 -1.660052020250553026e-02 -2.090900637348668545e-01 -5.014016022385901260e-13 1.660052019076783611e-02 -2.090900637366252257e-01
1.108000000000000000e+03 2.290311997237590549e+04 2.845813986582345243e-13 7.084927629650053192e-12 2.159012406646727555e-01 4.474865289891840806e-12 -1.695340249436392832e-01 -1.081731151127572621e-01 -4.571687210929686754e-12 1.695340249361719231e-01 -1.081731151229078508e-01
1.109000000000000000e+03 2.292379065827155137e+04 1.930762395398526040e-13 2.785862455181100097e-12 2.282945082458543232e-02 8.318125810100329883e-12 -3.091819781550995128e-01 -1.163713479601220444e-02 -8.325025612251589758e-12 3.091819781519595800e-01 -1.163713481351598585e-02
1.110000000000000000e+03 2.294446134416719724e+04 -5.529555587429863748e-14 -1.116519003567131776e-12 -1.417349800223446643e-01 1.135254780504092637e-11 -4.201801578646895963e-01 7.064475541963076421e-02 -1.134023493190090497e-11 4.201801578655459113e-01 7.064475539660067249e-02
1.111000000000000000e+03 2.296513203006284311e+04 -1.705700448197226750e-13 -3.897358645005820608e-12 -2.632684327141481262e-01 1.327220140001779482e-11 -4.913075267364569454e-01 1.314122301126178505e-01 -1.322248890880956996e-11 4.913075267405560553e-01 1.314122300860481873e-01
1.112000000000000000e+03 2.298580271595848899e+04 1.801708225064756558e-13 -6.064178948042519000e-12 -3.327016978778047918e-01 1.393028602401560351e-11 -5.157576753240500356e-01 1.661320662960532601e-01 -1.394125962744091638e-11 5.157576753298618311e-01 1.661320662684559746e-01
1.113000000000000000e+03 2.300647340185413486e+04 -1.809846173530634933e-13 -6.689157138622730577e-12 -3.461780390635154636e-01 1.328587470889356978e-11 -4.909965234059917027e-01 1.728767604204491104e-01 -1.323093269701166907e-11 4.909965234124086253e-01 1.728767603943818232e-01
1.114000000000000000e+03 2.302714408774978074e+04 -5.262741685603244786e-15 -6.393043280433442343e-12 -3.049327957966292413e-01 1.135526365021638640e-11 -4.186741470204248805e-01 1.522642320974426089e-01 -1.132447106258350962e-11 4.186741470265906151e-01 1.522642320754058753e-01
1.115000000000000000e+03 2.304781477364542661e+04 6.717661614698878153e-14 -4.806149868956330468e-12 -2.153497343017071186e-01 8.241207586079104041e-12 -3.045915924341465741e-01 1.074860321596333851e-01 -8.280426053902544254e-12 3.045915924385425022e-01 1.074860321438993876e-01
1.116000000000000000e+03 2.306848545954107249e+04 -5.652674106921829700e-14 -1.874698631549562466e-12 -8.926574298889715375e-02 4.348393000899411421e-12 -1.588026916381991005e-01 4.445983610814673026e-02 -4.274807719059408497e-12 1.588026916399460364e-01 4.445983609986868534e-02
1.117000000000000000e+03 2.308915614543671836e+04 -6.747425185425637939e-15 1.740497195960829313e-12 5.607247027006488638e-02 -1.116858716962010449e-13 4.603383686726729256e-03 -2.819186857647768690e-02 1.040502557740740236e-13 -4.603383688724878298e-03 -2.819186857659186640e-02
1.118000000000000000e+03 2.310982683133236424e+04 8.558417209178784724e-14 5.169621964732121297e-12 1.988148021614144778e-01 -4.729808506671745955e-12 1.683026243901838692e-01 -9.954459355283878930e-02 4.662920101728028509e-12 -1.683026243957101709e-01 -9.954459354461783760e-02
1.119000000000000000e+03 2.313049751722801011e+04 5.382578223177717735e-14 8.228472429097345220e-12 3.147167534295624014e-01 -8.623374440112375291e-12 3.135237262683666093e-01 -1.574762300048738461e-01 8.546229263701830023e-12 -3.135237262767816557e-01 -1.574762299893568140e-01
1.120000000000000000e+03 2.315116820312365599e+04 7.456902408127789808e-15 1.047047505888563392e-11 3.808249251376949474e-01 -1.167119350034190112e-11 4.227846906961013618e-01 -1.905101136348218149e-01 1.162316599602453580e-11 -4.227846907068114612e-01 -1.905101136140067986e-01
1.121000000000000000e+03 2.317183888901930186e+04 4.313044916409838121e-14 1.073467865004369929e-11 3.800095308248331305e-01 -1.336430454579833094e-11 4.830615220604799753e-01 -1.900817596050629887e-01 1.330934819355468198e-11 -4.830615220714183922e-01 -1.900817595816789440e-01
1.122000000000000000e+03 2.319250957491494773e+04 2.838076277712534376e-13 9.297115557318173636e-12 3.050180668194386047e-01 -1.362076542093498457e-11 4.884553226153678929e-01 -1.525659310255905732e-01 1.352090919755764133e-11 -4.884553226247191904e-01 -1.525659310019553405e-01
1.123000000000000000e+03 2.321318026081059361e+04 4.965708113814000332e-14 6.077145556746701631e-12 1.604768103881335506e-01 -1.223794023484541423e-11 4.413484447033272362e-01 -8.027721085242435495e-02 1.231032246886496317e-11 -4.413484447094815355e-01 -8.027721083158652349e-02
1.124000000000000000e+03 2.323385094670623948e+04 3.676689994741496784e-14 1.640833180843799193e-12 -3.787702254295993026e-02 -9.821177577679845642e-12 3.516784383011151705e-01 1.891440174126979637e-02 9.775957881778090265e-12 -3.516784383027137251e-01 1.891440175715222369e-02
1.125000000000000000e+03 2.325452163260188536e+04 1.390498089820366663e-13 -3.915927012348717378e-12 -2.665617021457217239e-01 -6.524894837013019269e-12 2.345533442313524619e-01 1.332672353717561653e-01 6.575456834377258010e-12 -2.345533442273790015e-01 1.332672353812559274e-01
1.126000000000000000e+03 2.327519231849753123e+04 -1.504802364495836327e-13 -1.027789354874819903e-11 -4.988955911855696423e-01 -2.973595185456675894e-12 1.071890644333004794e-01 2.494405146779374582e-01 3.032625458453805623e-12 -1.071890644230471257e-01 2.494405146813057639e-01
1.127000000000000000e+03 2.329586300439317711e+04 -2.284434673037996213e-13 -1.616272081767503950e-11 -7.092646435796986504e-01 4.577123166274592951e-13 -1.388582540724801577e-02 3.546279269061674566e-01 -2.880061096930226499e-13 1.388582542301626359e-02 3.546279269036212156e-01
1.128000000000000000e+03 2.331653369028882298e+04 6.558103738807698516e-14 -2.065012073517741910e-11 -8.761407732859306519e-01 3.186189291361132253e-12 -1.147757217289896992e-01 4.380663316186610423e-01 -3.122813154248218983e-12 1.147757217493137333e-01 4.380663316111366168e-01
1.129000000000000000e+03 2.333720437618446886e+04 3.935324673777906945e-14 -2.379624869033284415e-11 -9.835447144518265628e-01 5.222990685758276441e-12 -1.851333391642908943e-01 4.917667843894857893e-01 -5.116739855269491266e-12 1.851333391880289059e-01 4.917667843790953786e-01
1.130000000000000000e+03 2.335787506208011473e+04 -7.728662449728461766e-14 -2.574425448699876616e-11 -1.021471639170379975e+00 6.182562188203229852e-12 -2.184255717123961549e-01 5.107272157522395606e-01 -6.058183947517885234e-12 2.184255717379724460e-01 5.107272157408101476e-01
1.131000000000000000e+03 2.337854574797576061e+04 -9.799399270908871080e-14 -2.561426634631944854e-11 -9.857775895483142925e-01 5.936631268233017816e-12 -2.118524291805209681e-01 4.928757194583517909e-01 -5.909087729181232920e-12 2.118524292059831005e-01 4.928757194479043147e-01
1.132000000000000000e+03 2.339921643387140648e+04 -1.121555811863053611e-13 -2.341462077873393437e-11 -8.780179492971246225e-01 4.701923119837925274e-12 -1.662426658185329476e-01 4.389898654084915530e-01 -4.662410495811986586e-12 1.662426658416886471e-01 4.389898654007501899e-01
1.133000000000000000e+03 2.341988711976705235e+04 -1.243926018946977842e-13 -2.001028301860117793e-11 -7.055752103104713235e-01 2.414901550391605220e-12 -8.614429664382523832e-02 3.527605365978055407e-01 -2.424947344634875212e-12 8.614429666347560299e-02 3.527605365946542282e-01
1.134000000000000000e+03 2.344055780566269823e+04 5.879636867943977305e-14 -1.500277841002804092e-11 -4.818330104575078709e-01 -5.589842652844650755e-13 2.004244427756336419e-02 2.408788173636047525e-01 6.261555617430870201e-13 -2.004244426290266445e-02 2.408788173668817145e-01
1.135000000000000000e+03 2.346122849155834410e+04 -2.066047527929949664e-13 -8.893601569356933563e-12 -2.261281086926483497e-01 -3.957966872984647301e-12 1.400480777563879731e-01 1.130119918878415980e-01 4.014151122282432654e-12 -1.400480777474134297e-01 1.130119918976268262e-01
1.136000000000000000e+03 2.348189917745398998e+04 6.320806472527514223e-14 -2.288680824663803961e-12 3.719024351453302513e-02 -7.358088440590727753e-12 2.582738833637878706e-01 -1.866634510945557393e-02 7.384296847712231833e-12 -2.582738833617326257e-01 -1.866634509365307226e-02
1.137000000000000000e+03 2.350256986334963585e+04 6.774125604955697230e-14 3.325187542119268238e-12 2.810982013753131059e-01 -1.016990373158867356e-11 3.572427994552760389e-01 -1.406444424594418818e-01 1.021864738396381701e-11 -3.572427994593522782e-01 -1.406444424382957692e-01
1.138000000000000000e+03 2.352324054924528173e+04 1.427880934472124155e-13 8.523312484666098388e-12 4.797289630228867008e-01 -1.204194622347319528e-11 4.200846022949830116e-01 -2.399875909081030101e-01 1.202243093600591212e-11 -4.200846023040717414e-01 -2.399875908838968452e-01
1.139000000000000000e+03 2.354391123514092760e+04 3.388189226858255674e-13 1.251510494965541696e-11 6.130364996091627328e-01 -1.243951769509924949e-11 4.336954571985033868e-01 -3.066701327481702877e-01 1.243371547482284549e-11 -4.336954572111431094e-01 -3.066701327234732100e-01
1.140000000000000000e+03 2.356458192103657348e+04 2.226229941349325936e-13 1.452511235191525253e-11 6.709124485101576330e-01 -1.128586919764249870e-11 3.917010907043528278e-01 -3.356347997486258672e-01 1.122401119675718203e-11 -3.917010907193104186e-01 -3.356347997267147276e-01
1.141000000000000000e+03 2.358525260693221935e+04 -1.468438709758260196e-13 1.477068076956379231e-11 6.552363094724332759e-01 -8.556404398738245319e-12 2.961690953982766272e-01 -3.278188877697072456e-01 8.535090958627912507e-12 -2.961690954133255338e-01 -3.278188877533224632e-01
1.142000000000000000e+03 2.360592329282786523e+04 -8.835349607640411835e-14 1.371144267026057853e-11 5.789923698085706061e-01 -4.614707131539084673e-12 1.573447135197635627e-01 -2.897134274070142790e-01 4.521059211380098903e-12 -1.573447135337620317e-01 -2.897134273981653019e-01
1.143000000000000000e+03 2.362659397872351110e+04 1.838576757471600082e-13 1.137691802173948912e-11 4.628817306362410511e-01 2.090134999059279063e-13 -8.461708452978139450e-03 -2.316692558220156406e-01 -2.333718257532500201e-13 8.461708441582983797e-03 -2.316692558221640774e-01
1.144000000000000000e+03 2.364726466461915697e+04 6.076025635273895430e-14 8.210430373952510250e-12 3.307293290180698953e-01 5.213732739060696556e-12 -1.820646165026100216e-01 -1.655999680741901958e-01 -5.222458511331215901e-12 1.820646164940236955e-01 -1.655999680833360188e-01
1.145000000000000000e+03 2.366793535051480285e+04 -8.569517644798001056e-14 4.562218581758141039e-12 2.052678040331848419e-01 9.966187380177755690e-12 -3.445655120485532907e-01 -1.028730696126918254e-01 -9.980349177596323959e-12 3.445655120435864860e-01 -1.028730696302869591e-01
1.146000000000000000e+03 2.368860603641044872e+04 -1.001146773168225054e-13 1.739517600043864878e-12 1.052759045499968987e-01 1.390223771640219933e-11 -4.797050647646639576e-01 -5.287872382229743401e-02 -1.388264850887030075e-11 4.797050647625515918e-01 -5.287872384683469512e-02
1.147000000000000000e+03 2.370927672230609460e+04 1.489064478188464633e-13 -2.866436601850345584e-13 4.424957312856968306e-02 1.669115397100488636e-11 -5.751549788842696964e-01 -2.236536796409135247e-02 -1.675763376028141042e-11 5.751549788837558852e-01 -2.236536799366395031e-02
1.148000000000000000e+03 2.372994740820174047e+04 -6.985830333935926606e-14 1.583607596079635226e-12 3.019175687128404853e-02 1.817477368238959600e-11 -6.229568686512617637e-01 -1.533495554849599249e-02 -1.811644534580673002e-11 6.229568686516614440e-01 -1.533495558023800949e-02
1.149000000000000000e+03 2.375061809409738635e+04 1.148925695383283892e-13 1.685100140993946322e-12 6.587360775905556909e-02 1.803676868553608677e-11 -6.195456628212766548e-01 -3.317380407416845728e-02 -1.803370286442988934e-11 6.195456628211395422e-01 -3.317380410544233660e-02
1.150000000000000000e+03 2.377128877999303222e+04 4.539553534883973560e-14 1.940109754018495273e-12 1.491278010067714488e-01 1.654932714479551660e-11 -5.656638460936203039e-01 -7.479929167037627225e-02 -1.655474400488065853e-11 5.656638460915992539e-01 -7.479929169863580585e-02
1.151000000000000000e+03 2.379195946588867810e+04 9.202849751620826046e-14 4.889440982681096550e-12 2.728112879293327908e-01 1.364942777324485467e-11 -4.664514617754174086e-01 -1.366410626314104038e-01 -1.365707678261377704e-11 4.664514617703021671e-01 -1.366410626545775109e-01
1.152000000000000000e+03 2.381263015178432397e+04 -1.625428166926045822e-13 8.084810105457431343e-12 4.245896252866603326e-01 9.678764049533964266e-12 -3.315927376296523010e-01 -2.125327619337657459e-01 -9.667349412632323113e-12 3.315927376204494403e-01 -2.125327619495225862e-01
1.153000000000000000e+03 2.383330083767996985e+04 -8.611538263000738040e-14 1.345543417180109520e-11 5.869281674745107091e-01 5.109510743266833152e-12 -1.751810481022885446e-01 -2.937069828532642979e-01 -5.067814866989336145e-12 1.751810480884271048e-01 -2.937069828612112188e-01
1.154000000000000000e+03 2.385397152357561572e+04 1.167737266699811464e-13 1.845587476440081230e-11 7.378068597454038313e-01 4.620042691264820781e-13 -1.493684947312768838e-02 -3.691521544609016048e-01 -4.031220137385918991e-13 1.493684945421949392e-02 -3.691521544612784145e-01
1.155000000000000000e+03 2.387464220947126159e+04 -1.438545263972313945e-13 2.262544991571161783e-11 8.527715189070246282e-01 -3.819585644656535419e-12 1.296597449513178790e-01 -4.266382832379994605e-01 3.874985160309755253e-12 -1.296597449744507358e-01 -4.266382832312399787e-01
1.156000000000000000e+03 2.389531289536690747e+04 2.846978058545927073e-13 2.538066150942932046e-11 9.084396582123095421e-01 -7.140242312349177266e-12 2.402942729249004372e-01 -4.544706754671548055e-01 7.101321968278284102e-12 -2.402942729509106312e-01 -4.544706754556797623e-01
1.157000000000000000e+03 2.391598358126255334e+04 -7.162011410402383766e-14 2.666347287120464708e-11 8.870440738823807125e-01 -9.035736734637163607e-12 3.033452601677013583e-01 -4.437629014944715622e-01 9.036702430133342974e-12 -3.033452601946249882e-01 -4.437629014807699668e-01
1.158000000000000000e+03 2.393665426715819922e+04 1.114403133847985399e-13 2.489895550794082785e-11 7.805964866568828597e-01 -9.308180355321971238e-12 3.128364190584068671e-01 -3.905197236707781405e-01 9.360395175971720753e-12 -3.128364190839831305e-01 -3.905197236574762254e-01
1.159000000000000000e+03 2.395732495305384509e+04 6.746553145302773977e-14 2.080891243225374250e-11 5.931727706397793565e-01 -8.114574922989571693e-12 2.717190573207781679e-01 -2.967803799980348600e-01 8.128796153601702771e-12 -2.717190573418443722e-01 -2.967803799875303183e-01
1.160000000000000000e+03 2.397799563894949097e+04 -6.455247757538687922e-14 1.429063461461832786e-11 3.404311096926446178e-01 -5.751974125416853120e-12 1.910027709919047689e-01 -1.703773549764784623e-01 5.696716006592658257e-12 -1.910027710062457695e-01 -1.703773549704725998e-01
1.161000000000000000e+03 2.399866632484513684e+04 -2.950399313631926124e-13 6.538456288216417845e-12 4.645712332920223092e-02 -2.609680306817001027e-12 8.702390402833778960e-02 -2.335732222248521756e-02 2.606614106366076790e-12 -8.702390403517716588e-02 -2.335732222217693291e-02
1.162000000000000000e+03 2.401933701074078272e+04 3.849765424638846021e-14 -2.556583361350592472e-12 -2.607599158971053432e-01 6.021048463267223344e-13 -2.202114624191377559e-02 1.302827043798296669e-01 -6.808741884614305515e-13 2.202114624447140678e-02 1.302827043749998637e-01
1.163000000000000000e+03 2.404000769663642859e+04 4.349981625688363574e-14 -1.137273417786381170e-11 -5.537153445246112415e-01 3.535726599374857017e-12 -1.191621485322687801e-01 2.767899605538625685e-01 -3.550689980240207836e-12 1.191621485429902733e-01 2.767899605440317101e-01
1.164000000000000000e+03 2.406067838253207447e+04 1.919905116626446755e-14 -1.909902338535396823e-11 -8.085695543809725550e-01 5.701194300873780530e-12 -1.906798487173363699e-01 4.042449335219546747e-01 -5.775906469668364304e-12 1.906798487364272376e-01 4.042449335094633889e-01
1.165000000000000000e+03 2.408134906842772034e+04 1.676036988438183235e-13 -2.573997386487817701e-11 -1.006830610166500550e+00 6.795405231109426445e-12 -2.269941892970120945e-01 5.034015283280955932e-01 -6.851670912650740487e-12 2.269941893225769780e-01 5.034015283145195641e-01
1.166000000000000000e+03 2.410201975432336621e+04 4.742049539888301770e-14 -3.077889600494385027e-11 -1.135875243078845021e+00 6.756625639970666073e-12 -2.227524505400406973e-01 5.679475441413947001e-01 -6.911445532085773158e-12 2.227524505705952562e-01 5.679475441291660376e-01
1.167000000000000000e+03 2.412269044021901209e+04 2.929768886953320261e-13 -3.280515292648831794e-11 -1.188902483657658937e+00 5.337028572889165045e-12 -1.765716279825218227e-01 5.944820001898399875e-01 -5.450340812330525356e-12 1.765716280153256934e-01 5.944820001807283871e-01
1.168000000000000000e+03 2.414336112611465796e+04 -1.504685134679017714e-15 -3.339083294616921500e-11 -1.164880485770237950e+00 2.642802920426981743e-12 -9.081244922410157405e-02 5.824887974488617282e-01 -2.758416456705439716e-12 9.081244925763620746e-02 5.824887974453222261e-01
1.169000000000000000e+03 2.416403181201030384e+04 2.080743826527935286e-13 -3.138615999228985681e-11 -1.068657652313262263e+00 -1.002766852346403807e-12 2.852181866021127887e-02 5.343921375447383548e-01 8.045196675396530099e-13 -2.852181862894881750e-02 5.343921375484947944e-01
1.170000000000000000e+03 2.418470249790594971e+04 4.957695806433724919e-14 -2.741838246944018140e-11 -9.114118719618979902e-01 -5.311301542372746784e-12 1.716725495462628759e-01 4.557808450350903096e-01 5.213410210432127045e-12 -1.716725495190766504e-01 4.557808450466567241e-01
1.171000000000000000e+03 2.420537318380159559e+04 2.239982296268853848e-13 -2.176139852580115967e-11 -7.107384708370408921e-01 -9.993026376812290329e-12 3.252371048634247197e-01 3.554521520280902180e-01 9.901391963246909764e-12 -3.252371048416391464e-01 3.554521520478091112e-01
1.172000000000000000e+03 2.422604386969724146e+04 -2.123513003786923540e-13 -1.557172843213589593e-11 -4.900560545960084280e-01 -1.454426905223330166e-11 4.726933368887511477e-01 2.451146647889296537e-01 1.444047974958121370e-11 -4.726933368732911811e-01 2.451146648164698461e-01
1.173000000000000000e+03 2.424671455559288734e+04 1.187572097545636385e-13 -9.299809268773477222e-12 -2.764442840998326822e-01 -1.826408616525507022e-11 5.958327948752465408e-01 1.383074725353885814e-01 1.824530546801482500e-11 -5.958327948661578111e-01 1.383074725692657603e-01
1.174000000000000000e+03 2.426738524148853321e+04 -1.422511261775865610e-13 -3.560602891040022471e-12 -9.682553832069011601e-02 -2.083314101140552615e-11 6.771490802345803139e-01 4.849116698954786947e-02 2.072017180171273843e-11 -6.771490802311663781e-01 4.849116702699888398e-02
1.175000000000000000e+03 2.428805592738417909e+04 2.994484870772266199e-14 8.903451131339474487e-13 2.694808238941448497e-02 -2.170904161994051453e-11 7.028577387650075670e-01 -1.340863303523946205e-02 2.159222157822274773e-11 -7.028577387659552533e-01 -1.340863299704627906e-02
1.176000000000000000e+03 2.430872661327982496e+04 -1.536217732509988120e-14 3.238369428352829327e-12 8.285485400909056719e-02 -2.054948450353467117e-11 6.658650616986194759e-01 -4.138139004533455956e-02 2.050993231935776970e-11 -6.658650617016909079e-01 -4.138139001008721979e-02
1.177000000000000000e+03 2.432939729917547083e+04 -2.404976319429843724e-13 3.614129370017610980e-12 7.142328981009392341e-02 -1.756471723009984021e-11 5.675674309536565820e-01 -3.569155273442914389e-02 1.754333617016880242e-11 -5.675674309572305010e-01 -3.569155270508490158e-02
1.178000000000000000e+03 2.435006798507111671e+04 3.074280836755942311e-14 2.010091810328481868e-12 5.289985243002117213e-03 -1.294647596201190253e-11 4.177823452306926311e-01 -2.657288071962493961e-03 1.294983690674323200e-11 -4.177823452328734422e-01 -2.657288050941971399e-03
1.179000000000000000e+03 2.437073867096676258e+04 7.929220123324785266e-14 -8.121440371939786345e-13 -9.410253888116745791e-02 -7.237427452629117172e-12 2.328743272853541768e-01 4.700092721780486232e-02 7.215214300454524809e-12 -2.328743272848632084e-01 4.700092722889173680e-02
1.180000000000000000e+03 2.439140935686240846e+04 -1.812575502863227847e-13 -4.445724404544030543e-12 -2.015095072488052863e-01 -9.537309692413012290e-13 3.265242482893004894e-02 1.006625062982921814e-01 1.019457911061500387e-12 -3.265242482462546447e-02 1.006625062993312253e-01
1.181000000000000000e+03 2.441208004275805433e+04 -7.585527397060685036e-14 -7.923027770391368816e-12 -2.926483670458584485e-01 5.065540182724734336e-12 -1.628159588747667696e-01 1.461891688624276375e-01 -5.103514053327136757e-12 1.628159588825081605e-01 1.461891688533389078e-01
1.182000000000000000e+03 2.443275072865370021e+04 4.982832003085982868e-14 -1.056958485173096414e-11 -3.475719050831405088e-01 1.040473395875624325e-11 -3.357021835820496181e-01 1.736112158344841616e-01 -1.049285966857727656e-11 3.357021835923144071e-01 1.736112158171402298e-01
1.183000000000000000e+03 2.445342141454934608e+04 1.490366155709021890e-14 -1.242059904878695020e-11 -3.522847375613838428e-01 1.466101371526345783e-11 -4.718728473620588670e-01 1.759349618530528514e-01 -1.471717804708982006e-11 4.718728473738765250e-01 1.759349618290750872e-01
1.184000000000000000e+03 2.447409210044499196e+04 -2.810072483483019405e-14 -1.217824708828911260e-11 -2.990000201662801338e-01 1.755293065622946203e-11 -5.614499233949770129e-01 1.492700435615683385e-01 -1.755135268525514599e-11 5.614499234066689937e-01 1.492700435335257425e-01
1.185000000000000000e+03 2.449476278634063783e+04 8.345131389036227220e-14 -1.009633571912972187e-11 -1.857254508113905522e-01 1.871060094765139716e-11 -5.988724028465188809e-01 9.262154653161285001e-02 -1.881081603971635669e-11 5.988724028564411661e-01 9.262154650230286501e-02
1.186000000000000000e+03 2.451543347223628371e+04 8.167701377980456447e-15 -6.169135373353299748e-12 -1.579080704976878330e-02 1.826853633071496452e-11 -5.828724487459261416e-01 7.653323491572661119e-03 -1.829211345819645763e-11 5.828724487517835673e-01 7.653323463621417369e-03
1.187000000000000000e+03 2.453610415813192958e+04 -2.205269882310652679e-13 -5.159167124163697453e-13 2.023438812979625190e-01 1.619250228617798123e-11 -5.166265558190870077e-01 -1.014077527163724651e-01 -1.610701194526186296e-11 5.166265558194866880e-01 -1.014077527402703210e-01
1.188000000000000000e+03 2.455677484402757545e+04 -8.070773391803428026e-14 6.223518170657509264e-12 4.550066357594129141e-01 1.289705716001506781e-11 -4.080830676786287303e-01 -2.277299769434111831e-01 -1.286016238944741598e-11 4.080830676719606198e-01 -2.277299769615657998e-01
1.189000000000000000e+03 2.457744552992322133e+04 -1.303947444484664824e-13 1.427874957161319711e-11 7.232653947635564462e-01 8.545048252132478107e-12 -2.702129395039067905e-01 -3.618511761998834952e-01 -8.383216621859270307e-12 2.702129394890405711e-01 -3.618511762108561625e-01
1.190000000000000000e+03 2.459811621581886720e+04 -2.156133897293005100e-13 2.362800558960843924e-11 9.834728761614404124e-01 3.922182179031847738e-12 -1.206843881587432166e-01 -4.919498517921725433e-01 -3.705749560436660351e-12 1.206843881356560455e-01 -4.919498517958149075e-01
1.191000000000000000e+03 2.461878690171451308e+04 -1.614245628865319392e-13 3.147414653676456086e-11 1.209003121351078125e+00 -5.166833862444481878e-13 1.958836985211573345e-02 -6.047133182400755702e-01 7.019689326310031507e-13 -1.958836988296714862e-02 -6.047133182372324001e-01
1.192000000000000000e+03 2.463945758761015895e+04 -5.217950705502125328e-13 3.787290775896274179e-11 1.373494664617294525e+00 -3.958950794128954201e-12 1.293171926762695934e-01 -6.869601296938515622e-01 4.224268715275735607e-12 -1.293171927136064214e-01 -6.869601296861216344e-01
1.193000000000000000e+03 2.466012827350580483e+04 -2.184429682742993788e-13 4.190627759741850872e-11 1.455253503101123114e+00 -5.891739973665814703e-12 1.908051656936776974e-01 -7.278424289123471835e-01 6.215814893114073546e-12 -1.908051657356959196e-01 -7.278424289025505756e-01
1.194000000000000000e+03 2.468079895940145070e+04 -2.097576578744658877e-13 4.288950153686844784e-11 1.441679758566810188e+00 -6.047423746828070361e-12 1.939369801626628920e-01 -7.210595681749049080e-01 6.298554740378052928e-12 -1.939369802064166148e-01 -7.210595681662957945e-01
1.195000000000000000e+03 2.470146964529709658e+04 -5.239460155706995874e-14 4.204060193598026234e-11 1.332140715077697379e+00 -4.272101624295717980e-12 1.387016339688255384e-01 -6.662945688569712477e-01 4.591176293003594213e-12 -1.387016340109122614e-01 -6.662945688528607580e-01
1.196000000000000000e+03 2.472214033119274245e+04 -2.921682309839428337e-13 3.815600445096346461e-11 1.138153160808258457e+00 -9.787999993228585905e-13 3.522572205296854025e-02 -5.693053567167003504e-01 1.208493589732208966e-12 -3.522572209041955477e-02 -5.693053567186300290e-01
1.197000000000000000e+03 2.474281101708838833e+04 -4.167544685019757409e-13 3.043885298836568915e-11 8.807761667086673185e-01 3.320540990809537181e-12 -9.875059785950077162e-02 -4.406213031496356569e-01 -3.077965131022235209e-12 9.875059782887772586e-02 -4.406213031595350160e-01
1.198000000000000000e+03 2.476348170298403420e+04 -1.764261110043988764e-13 2.167624620004808076e-11 5.863129725641874623e-01 7.744993817023641430e-12 -2.418631732582427474e-01 -2.933938789971457517e-01 -7.634581391338716579e-12 2.418631732362516995e-01 -2.933938790148207798e-01
1.199000000000000000e+03 2.478415238887968007e+04 3.462725183827797584e-14 1.220947844621948582e-11 2.818666242333895400e-01 1.196105461439149958e-11 -3.731225106579587059e-01 -1.411735171351471974e-01 -1.190728206351636113e-11 3.731225106453532336e-01 -1.411735171596045224e-01
1.200000000000000000e+03 2.480482307477532595e+04 1.837763402250901154e-13 2.810970304006470560e-12 -8.044555738242876661e-03 1.531632085818270568e-11 -4.748211000526662007e-01 3.783507350251116494e-03 -1.528918673533037547e-11 4.748211000493093303e-01 3.783507320621428034e-03
1.201000000000000000e+03 2.482549376067097182e+04 1.337169758328744014e-13 -5.572405274549629823e-12 -2.633841662219160717e-01 1.711803264430451073e-11 -5.340036896138128375e-01 1.314631424262456549e-01 -1.722191901344053710e-11 5.340036896189965798e-01 1.314631423942524413e-01
1.202000000000000000e+03 2.484616444656661770e+04 3.490634672646042102e-13 -1.256548636669702711e-11 -4.692633021726267395e-01 1.740260463512147207e-11 -5.427857542320453366e-01 2.344243277899829281e-01 -1.758922570742848227e-11 5.427857542442169336e-01 2.344243277583208385e-01
1.203000000000000000e+03 2.486683513246226357e+04 1.507373032151450972e-13 -1.757583572478005227e-11 -6.159527362082205526e-01 1.609778301054365547e-11 -4.980735762585053461e-01 3.078031709353705181e-01 -1.618321917506188720e-11 4.980735762756551277e-01 3.078031709069168897e-01
1.204000000000000000e+03 2.488750581835790945e+04 1.137216965851612844e-13 -2.069707020172914887e-11 -6.988084156886030796e-01 1.290219995277389734e-11 -4.011890243077734786e-01 3.492752729831924974e-01 -1.304714308283327988e-11 4.011890243281545643e-01 3.492752729606762307e-01
1.205000000000000000e+03 2.490817650425355532e+04 1.207377644534923521e-13 -2.180285236896089116e-11 -7.184511922794643013e-01 8.243394581544043417e-12 -2.576679398296235490e-01 3.591464968563708449e-01 -8.443378310316345117e-12 2.576679398512035646e-01 3.591464968425893689e-01
1.206000000000000000e+03 2.492884719014920120e+04 3.339624156055032497e-13 -2.083424927273196324e-11 -6.812498880788374622e-01 2.425150161289832052e-12 -7.724867752757887118e-02 3.405959557081108535e-01 -2.573326708101118148e-12 7.724867754856513946e-02 3.405959557049252351e-01
1.207000000000000000e+03 2.494951787604484707e+04 1.020682222267901571e-13 -1.826539425615377545e-11 -5.998095404225285421e-01 -4.199903817842970902e-12 1.261840605006153693e-01 2.999215546595858650e-01 4.064047463103295763e-12 -1.261840604822438150e-01 2.999215546680351618e-01
1.208000000000000000e+03 2.497018856194049295e+04 1.206561765787374100e-13 -1.489564813278476070e-11 -4.928858054938264344e-01 -1.104738397478448189e-11 3.350789833260331974e-01 2.464981255235314528e-01 1.090796388688237611e-11 -3.350789833112126637e-01 2.464981255433530694e-01
1.209000000000000000e+03 2.499085924783613882e+04 -1.330976274373491940e-13 -1.102470923148177409e-11 -3.840339105020653121e-01 -1.740637717062566655e-11 5.295014865133736981e-01 1.921021289748661987e-01 1.729927117532497972e-11 -5.295014865021155925e-01 1.921021290053750719e-01
1.210000000000000000e+03 2.501152993373178469e+04 -9.557537711726869287e-14 -7.859315575933417532e-12 -2.985315062044742729e-01 -2.263939267582742099e-11 6.893932142241089300e-01 1.493726937346296912e-01 2.255102095584355798e-11 -6.893932142164931332e-01 1.493726937733481086e-01
1.211000000000000000e+03 2.503220061962743057e+04 -9.685562582675335497e-14 -6.033873322746445696e-12 -2.587853919561074467e-01 -2.628722670433441245e-11 7.975669528790907403e-01 1.295142903537525036e-01 2.614151945582757421e-11 -7.975669528731762492e-01 1.295142903981456595e-01
1.212000000000000000e+03 2.505287130552307644e+04 1.233093514798925923e-13 -5.673046453770804519e-12 -2.792873475330579502e-01 -2.778681054564557336e-11 8.427549276146685253e-01 1.397739942727963813e-01 2.773201730643589700e-11 -8.427549276089252306e-01 1.397739943192904399e-01
1.213000000000000000e+03 2.507354199141872232e+04 7.845704757689709372e-14 -7.868583032822477124e-12 -3.629456684646076847e-01 -2.723907359900690124e-11 8.216957388747678781e-01 1.816068463755042550e-01 2.708965595511215106e-11 -8.216957388670949047e-01 1.816068464203769717e-01
1.214000000000000000e+03 2.509421267731436819e+04 1.927126654645311695e-13 -1.184901096059869988e-11 -5.000508604821679581e-01 -2.451067538856404718e-11 7.396333075982661764e-01 2.501585811288922767e-01 2.442331616584496571e-11 -7.396333075869052642e-01 2.501585811688781247e-01
1.215000000000000000e+03 2.511488336321001407e+04 2.105459983252988204e-13 -1.707895011578220108e-11 -6.705286661358158540e-01 -2.033886587477629267e-11 6.089436869122540896e-01 3.353922261200313892e-01 2.007778220753750820e-11 -6.089436868952983195e-01 3.353922261528809456e-01
1.216000000000000000e+03 2.513555404910565994e+04 3.770068306556011733e-13 -2.280788438433020396e-11 -8.483554844195883016e-01 -1.495522875663638884e-11 4.465488647855972992e-01 4.242959448473643813e-01 1.469911275017739301e-11 -4.465488647629325958e-01 4.242959448715133974e-01
1.217000000000000000e+03 2.515622473500130582e+04 5.191894848757304691e-13 -2.814284004889704724e-11 -1.006631474248977032e+00 -9.119059448892175550e-12 2.709191514648535137e-01 5.034196038360968517e-01 8.850626508350141322e-12 -2.709191514366396381e-01 5.034196038508373938e-01
1.218000000000000000e+03 2.517689542089695169e+04 4.473571402532342048e-13 -3.254539771117645986e-11 -1.121603548486608037e+00 -3.532112337323090501e-12 9.960356923931842910e-02 5.608861471243395957e-01 3.116581838481527633e-12 -9.960356920714252826e-02 5.608861471300029544e-01
1.219000000000000000e+03 2.519756610679259757e+04 3.244324119574097474e-13 -3.487992023181563382e-11 -1.175195918576443566e+00 1.575452123409471563e-12 -5.245001835420984998e-02 5.876568192552394931e-01 -1.845022916598532324e-12 5.245001838893196405e-02 5.876568192531499424e-01
1.220000000000000000e+03 2.521823679268824344e+04 3.924965994766337286e-13 -3.550380938886661627e-11 -1.155909875611122573e+00 5.623035192934251374e-12 -1.736819677080175539e-01 5.779813694963472637e-01 -6.002593784688652546e-12 1.736819677431849784e-01 5.779813694881148489e-01
1.221000000000000000e+03 2.523890747858388931e+04 5.505246101013097093e-13 -3.348245710186765450e-11 -1.058801570183091734e+00 8.370283832702519204e-12 -2.561694736683858276e-01 5.293877138246174674e-01 -8.763786317171688355e-12 2.561694737018519463e-01 5.293877138123317394e-01
1.222000000000000000e+03 2.525957816447953519e+04 2.957572314885480653e-13 -2.928440931834910561e-11 -8.850939338972119153e-01 9.753856228423207037e-12 -2.956530733597674820e-01 4.424888105163103380e-01 -1.003946099615310517e-11 2.956530733889747298e-01 4.424888105023004892e-01
1.223000000000000000e+03 2.528024885037518106e+04 2.760604561694692901e-13 -2.290208771300588325e-11 -6.419171048151579573e-01 9.683613482682388401e-12 -2.916543708992616057e-01 3.208531110863037661e-01 -9.923845646579414176e-12 2.916543709219719949e-01 3.208531110729218594e-01
1.224000000000000000e+03 2.530091953627082694e+04 3.241391695186391750e-16 -1.485041054194842611e-11 -3.422236768951354424e-01 8.292420056572994393e-12 -2.477575671483644437e-01 1.709610095465774748e-01 -8.366470653281285706e-12 2.477575671631165044e-01 1.709610095360158399e-01
1.225000000000000000e+03 2.532159022216647281e+04 8.084036301838768217e-14 -5.063606447652671488e-12 -4.695132307866131324e-03 5.829913301876829221e-12 -1.719634155730041802e-01 2.156394117049387823e-03 -5.786807832573933890e-12 1.719634155778225759e-01 2.156394110917926165e-03
1.226000000000000000e+03 2.534226090806211869e+04 -8.658862324899766098e-14 5.494581440059509084e-12 3.468260282292802144e-01 2.608626072550213051e-12 -7.679484652761719987e-02 -1.736371173353010999e-01 -2.506648273719479015e-12 7.679484652161133740e-02 -1.736371173361916931e-01
1.227000000000000000e+03 2.536293159395776456e+04 -1.563375055934947758e-13 1.639151946637940811e-11 6.849221765252374583e-01 -6.205164390177974913e-13 2.132195738492629125e-02 -3.427074394979052196e-01 7.818403457881211541e-13 -2.132195740157372121e-02 -3.427074394940687885e-01
1.228000000000000000e+03 2.538360227985341044e+04 -4.707290395182141712e-13 2.570200964547321296e-11 9.815238608610601379e-01 -3.384728224838591176e-12 1.038174829454825421e-01 -4.910160469099267289e-01 3.752825139469669201e-12 -1.038174829718352676e-01 -4.910160469022766261e-01
1.229000000000000000e+03 2.540427296574905631e+04 -5.307797403529054785e-13 3.326634639603625658e-11 1.211960344035597270e+00 -5.010929595396170504e-12 1.529448486762478854e-01 -6.062260825190276536e-01 5.450700294635526084e-12 -1.529448487103876875e-01 -6.062260825092196104e-01
1.230000000000000000e+03 2.542494365164470219e+04 -5.401075016535593673e-13 3.935503784362700339e-11 1.359231979215895780e+00 -5.067172915052815252e-12 1.554106380924349384e-01 -6.798401037045657125e-01 5.559379914829578132e-12 -1.554106381320325414e-01 -6.798401036953856114e-01
1.231000000000000000e+03 2.544561433754034806e+04 -4.476401014205158989e-13 4.165257590209210483e-11 1.417122981835106543e+00 -3.344756164334131830e-12 1.055522177644709486e-01 -7.087554249494009140e-01 3.863982630727414880e-12 -1.055522178065576716e-01 -7.087554249437718612e-01
1.232000000000000000e+03 2.546628502343599393e+04 -5.905676788872174999e-13 4.451104741382004291e-11 1.390959311312913727e+00 8.367239017672879614e-14 6.855017948984099344e-03 -6.956410805599833047e-01 4.989749605553820677e-13 -6.855017991207832534e-03 -6.956410805604971159e-01
1.233000000000000000e+03 2.548695570933163981e+04 -4.962468672663564948e-13 4.095157990148164427e-11 1.295749874583214112e+00 4.646738069554194791e-12 -1.287808924169507874e-01 -6.480069312224269185e-01 -4.186042687696861049e-12 1.287808923772618408e-01 -6.480069312310360319e-01
1.234000000000000000e+03 2.550762639522728568e+04 -4.010630631077073013e-13 3.380539336149978388e-11 1.152420601714553294e+00 9.908249452759507238e-12 -2.837581805699772031e-01 -5.763200476049976650e-01 -9.455789186281934518e-12 2.837581805343074026e-01 -5.763200476229924929e-01
1.235000000000000000e+03 2.552829708112293156e+04 -5.819119221170912792e-13 2.723391937569194707e-11 9.835796723824878907e-01 1.521841585558387800e-11 -4.383698674821407959e-01 -4.918871952354808008e-01 -1.483235083719486969e-11 4.383698674518831107e-01 -4.918871952619819354e-01
1.236000000000000000e+03 2.554896776701857743e+04 -4.363240138469086288e-13 2.451460960776181016e-11 8.101136009978954222e-01 1.991394602555508475e-11 -5.740236169912144026e-01 -4.051529063176140810e-01 -1.954069457013329804e-11 5.740236169664830745e-01 -4.051529063518680696e-01
1.237000000000000000e+03 2.556963845291422331e+04 -1.363274164490488304e-13 1.386855398041076709e-11 6.490625561713528890e-01 2.340060014857654531e-11 -6.755261183630583144e-01 -3.246372235406183027e-01 -2.313841684677980776e-11 6.755261183437847317e-01 -3.246372235808095974e-01
1.238000000000000000e+03 2.559030913880986918e+04 -1.795692693469709249e-13 1.801004664932889204e-11 5.128568243942223104e-01 2.533964493170153709e-11 -7.321064082213158963e-01 -2.565540496873610077e-01 -2.517825460283871373e-11 7.321064082065181777e-01 -2.565540497307379764e-01
1.239000000000000000e+03 2.561097982470551506e+04 -2.375879652996137712e-13 8.057570995460151018e-12 4.092749028459406468e-01 2.556734193055973120e-11 -7.377044489372023284e-01 -2.047902217708993389e-01 -2.534696402853292997e-11 7.377044489255103477e-01 -2.047902218144361519e-01
1.240000000000000000e+03 2.563165051060116093e+04 -4.293824650150765337e-14 1.371998261530889994e-11 3.416706522604839313e-01 2.394002333669689599e-11 -6.908156496123314394e-01 -1.710189343361950831e-01 -2.385507603189641065e-11 6.908156496023064586e-01 -1.710189343772084980e-01
1.241000000000000000e+03 2.565232119649680681e+04 -2.191674644784363300e-13 1.049101123133328781e-11 3.090587348015449431e-01 2.068415260976457911e-11 -5.943057652230280263e-01 -1.547422828018367169e-01 -2.052484983980897375e-11 5.943057652139621672e-01 -1.547422828372438941e-01
1.242000000000000000e+03 2.567299188239245268e+04 -1.226443956982066438e-13 8.796128676715535477e-12 3.059348734912028522e-01 1.584920111872680986e-11 -4.553106204946097968e-01 -1.532016011227666230e-01 -1.573187096767869089e-11 4.553106204850073113e-01 -1.532016011504895026e-01
1.243000000000000000e+03 2.569366256828809856e+04 1.318600363715677229e-13 1.025871109325201348e-11 3.220658397580964949e-01 9.969031525735754188e-12 -2.850603848331868528e-01 -1.612734532005347665e-01 -9.832279092664567649e-12 2.850603848223625669e-01 -1.612734532184724179e-01
1.244000000000000000e+03 2.571433325418374443e+04 -8.994239691696846164e-15 1.229998677395239366e-11 3.426366107163535402e-01 3.539202807322536104e-12 -9.836276643519327456e-02 -1.715450756649883335e-01 -3.326087093003523373e-12 9.836276642264489556e-02 -1.715450756724214432e-01
1.245000000000000000e+03 2.573500394007939030e+04 -4.622489405081455103e-14 1.299945337977573922e-11 3.493263205679945638e-01 -3.002343207073634743e-12 8.760513140804850052e-02 -1.748545885253147136e-01 3.178232605756764448e-12 -8.760513142153314448e-02 -1.748545885221405305e-01
1.246000000000000000e+03 2.575567462597503618e+04 -4.368419057458292634e-14 1.287121005773925254e-11 3.226991885901755452e-01 -8.833788520758544593e-12 2.553420814647315296e-01 -1.614879419503542912e-01 9.098975959378420056e-12 -2.553420814777137560e-01 -1.614879419377259762e-01
1.247000000000000000e+03 2.577634531187068205e+04 -1.118207545719509273e-13 1.087155855577444945e-11 2.458164587577092719e-01 -1.357542740038109455e-11 3.896742378864284650e-01 -1.229842430402508374e-01 1.375744150741374927e-11 -3.896742378978121923e-01 -1.229842430198811315e-01
1.248000000000000000e+03 2.579701599776632793e+04 -2.209382892494896831e-13 7.455644478713827374e-12 1.082731246967734012e-01 -1.678908402757823280e-11 4.803567975579880467e-01 -5.415106865781128820e-02 1.692827110840824281e-11 -4.803567975656609090e-01 -5.415106863238342005e-02
1.249000000000000000e+03 2.581768668366197380e+04 -1.994423707546461991e-13 9.372719736584938235e-13 -9.066073967384923049e-02 -1.840898775507159278e-11 5.237812800433212512e-01 4.536852596342483279e-02 1.846516191961094411e-11 -5.237812800442803729e-01 4.536852599191272539e-02
1.250000000000000000e+03 2.583835736955761968e+04 7.664431762222056556e-14 -7.365997648062183379e-12 -3.410301092898719855e-01 -1.852358032273092635e-11 5.231825043040307932e-01 1.705930249296087886e-01 1.835133277334264782e-11 -5.231825042968603068e-01 1.705930249585990710e-01
1.251000000000000000e+03 2.585902805545326555e+04 1.044023676564191096e-13 -1.681858617154113977e-11 -6.237610530323299818e-01 -1.734513895716645407e-11 4.873263764901991091e-01 3.119852263231550626e-01 1.707078172606164136e-11 -4.873263764736202042e-01 3.119852263507980616e-01
1.252000000000000000e+03 2.587969874134891143e+04 2.668915050947665923e-13 -2.665389667999776493e-11 -9.141938831982239222e-01 -1.535964105725306249e-11 4.282382994375623642e-01 4.572174610076119028e-01 1.494202751884029181e-11 -4.282382994111297303e-01 4.572174610325601685e-01
1.253000000000000000e+03 2.590036942724455730e+04 5.457971579373937529e-13 -3.582169864017666351e-11 -1.186285655062396138e+00 -1.288429997625362769e-11 3.587863539903023979e-01 5.932714052508285540e-01 1.235955633400548927e-11 -3.587863539544727254e-01 5.932714052723856435e-01
1.254000000000000000e+03 2.592104011314020318e+04 6.663292957704041410e-13 -4.409900317849903742e-11 -1.416232966879517718e+00 -1.059843405839198160e-11 2.907602484248317243e-01 7.082483716558578557e-01 9.991094956049189209e-12 -2.907602483806669413e-01 7.082483716742978830e-01
1.255000000000000000e+03 2.594171079903584905e+04 6.354881153832355381e-13 -4.962835642538696981e-11 -1.584832155890893546e+00 -8.652324102557795507e-12 2.337126011093187405e-01 7.925487656449520246e-01 7.953093091218931087e-12 -2.337126010596733139e-01 7.925487656605946230e-01
1.256000000000000000e+03 2.596238148493149492e+04 8.809655660194867924e-13 -5.307891766006405411e-11 -1.678562815453047419e+00 -7.355455000889165222e-12 1.944817424701361375e-01 8.394136872797306470e-01 6.514629011248087907e-12 -1.944817424168140962e-01 8.394136872937062455e-01
1.257000000000000000e+03 2.598305217082714080e+04 7.469185733783458289e-13 -5.373711403957400204e-11 -1.689862617663270727e+00 -6.793157830140049902e-12 1.771048217561675131e-01 8.450624924892637946e-01 5.962649752315979801e-12 -1.771048217022860027e-01 8.450624925021203993e-01
1.258000000000000000e+03 2.600372285672278667e+04 8.664102391708382717e-13 -5.201398187887596998e-11 -1.616988116478342619e+00 -6.905792176184452606e-12 1.829171804784357758e-01 8.086233581013221317e-01 6.183462944749525663e-12 -1.829171804267693546e-01 8.086233581147724836e-01
1.259000000000000000e+03 2.602439354261843255e+04 5.776245316769258744e-13 -4.703785507566389327e-11 -1.464038886025057051e+00 -7.978547404197406324e-12 2.105283124647424065e-01 7.321453167667971718e-01 7.172966152702674598e-12 -2.105283124177687870e-01 7.321453167817547625e-01
1.260000000000000000e+03 2.604506422851407842e+04 6.077627219199115890e-13 -3.969813936786449967e-11 -1.241046295807791244e+00 -9.545832898718872105e-12 2.557361867794357702e-01 6.206424126025432697e-01 8.850666860859601180e-12 -2.557361867397582311e-01 6.206424126200356106e-01
1.261000000000000000e+03 2.606573491440972430e+04 4.154069710862684557e-13 -3.107723203153342630e-11 -9.640107444798284853e-01 -1.143848385547519910e-11 3.114166850051147684e-01 4.821121444219101382e-01 1.096225234173088202e-11 -3.114166849743889576e-01 4.821121444422684643e-01
1.262000000000000000e+03 2.608640560030537017e+04 3.474045416131294518e-13 -2.088305154392947218e-11 -6.544086862712517050e-01 -1.364738875553288284e-11 3.676340972117568273e-01 3.272892669111830966e-01 1.331195444074338303e-11 -3.676340971912158695e-01 3.272892669341903593e-01
1.263000000000000000e+03 2.610707628620101605e+04 2.101362661967494369e-13 -1.070843470971356470e-11 -3.376445316377088557e-01 -1.505877126219040381e-11 4.122787493866042485e-01 1.688727073644938070e-01 1.497537228749197613e-11 -4.122787493764193956e-01 1.688727073896932884e-01
1.264000000000000000e+03 2.612774697209666192e+04 -3.442360822625432000e-14 -8.981466231820942377e-13 -4.015351958076277678e-02 -1.565427255395562450e-11 4.324779303091627058e-01 2.007846711643553744e-02 1.567029413749848602e-11 -4.324779303086260240e-01 2.007846714242288860e-02
1.265000000000000000e+03 2.614841765799230780e+04 -3.712572844693665054e-14 7.109315463841495960e-12 2.145869779313738512e-01 -1.498643640260096205e-11 4.167749492720832505e-01 -1.073530056037754338e-01 1.512102022250034284e-11 -4.167749492794136090e-01 -1.073530055792267512e-01
1.266000000000000000e+03 2.616908834388795367e+04 -2.513259763575683764e-13 1.356077097703065847e-11 4.101947634540350496e-01 -1.289521986091073884e-11 3.576662940815293901e-01 -2.052238566340622572e-01 1.317951251571243112e-11 -3.576662940954250525e-01 -2.052238566130531461e-01
1.267000000000000000e+03 2.618975902978359954e+04 -1.674879844856857667e-13 1.685742772699864718e-11 5.403084273359538559e-01 -9.122294756527084923e-12 2.537308270323638815e-01 -2.703417586130354433e-01 9.389055454086251405e-12 -2.537308270499361584e-01 -2.703417585981006677e-01
1.268000000000000000e+03 2.621042971567924542e+04 -3.829726540304289497e-13 1.882048062086603701e-11 6.091972551175010020e-01 -3.843614308880264993e-12 1.105346972614495299e-01 -3.048286434394326117e-01 4.228463398912352291e-12 -1.105346972807230987e-01 -3.048286434329700589e-01
1.269000000000000000e+03 2.623110040157489129e+04 -7.117596817293151234e-13 1.831566854660356411e-11 6.298421398262661342e-01 2.345278678544243471e-12 -6.008902349255509923e-02 -3.151669289556657816e-01 -2.029799828441816532e-12 6.008902347366974067e-02 -3.151669289587943346e-01
1.270000000000000000e+03 2.625177108747053717e+04 -2.146312424442509253e-13 1.730352318251758541e-11 6.203075476249034770e-01 8.987077242019691574e-12 -2.421447097357389555e-01 -3.103887171936103861e-01 -8.632398969294154649e-12 2.421447097185206176e-01 -3.103887172071749800e-01
1.271000000000000000e+03 2.627244177336618304e+04 -2.169823394165816058e-13 1.592160574615170661e-11 5.997534570125361286e-01 1.547770564453137306e-11 -4.182060805309470997e-01 -3.000805429733189311e-01 -1.508441073880796800e-11 4.182060805150303873e-01 -3.000805429974680028e-01
1.272000000000000000e+03 2.629311245926182892e+04 -7.025444322424938108e-14 1.507593355588207931e-11 5.852486718074246808e-01 2.111907673143855724e-11 -5.719364987251622789e-01 -2.927863405137493547e-01 -2.082093923680579059e-11 5.719364987104559317e-01 -2.927863405463705382e-01
1.273000000000000000e+03 2.631378314515747479e+04 -2.610977680427988885e-13 1.928100173373440943e-11 5.899030196699645012e-01 2.549586886259544751e-11 -6.898718111343526971e-01 -2.950700101046571655e-01 -2.516500735969497088e-11 6.898718111200801140e-01 -2.950700101444146406e-01
1.274000000000000000e+03 2.633445383105312067e+04 -2.829463375088091172e-13 1.679736424215814509e-11 6.221911670419040252e-01 2.819415398846302651e-11 -7.623845519672622917e-01 -3.111753924347357425e-01 -2.787579417660435668e-11 7.623845519523275716e-01 -3.111753924793800863e-01
1.275000000000000000e+03 2.635512451694876654e+04 -2.582200156289099665e-13 1.945354660882398160e-11 6.859843128289410119e-01 2.911202229317169947e-11 -7.840689681950541168e-01 -3.430419018511700613e-01 -2.869990944758510711e-11 7.840689681778129083e-01 -3.430419018968534628e-01
1.276000000000000000e+03 2.637579520284441242e+04 -5.524205779799696652e-13 2.776716830404138974e-11 7.807674794745835811e-01 2.802962859652554213e-11 -7.538816101066047048e-01 -3.904139592479577980e-01 -2.754911814341492924e-11 7.538816100861437386e-01 -3.904139592923623892e-01
1.277000000000000000e+03 2.639646588874005829e+04 -7.146317450158161062e-13 2.892412498904326760e-11 9.017084951756483280e-01 2.522864866806553731e-11 -6.752661107605076873e-01 -4.508764481164493909e-01 -2.466247984956714912e-11 6.752661107351368708e-01 -4.508764481567548721e-01
1.278000000000000000e+03 2.641713657463570416e+04 -5.137646791501851526e-13 3.299559325247090786e-11 1.039469885633492297e+00 2.091154811294412027e-11 -5.563280090112056042e-01 -5.197612855472754090e-01 -2.029705063691664157e-11 5.563280089802628003e-01 -5.197612855809128352e-01
1.279000000000000000e+03 2.643780726053135004e+04 -6.576817501036484784e-13 3.562927866360898814e-11 1.180037979120197589e+00 1.555087714248235120e-11 -4.097615313958225536e-01 -5.900620600406510929e-01 -1.484563322731146036e-11 4.097615313590338149e-01 -5.900620600662045412e-01
1.280000000000000000e+03 2.645847794642699591e+04 -8.974055496141988688e-13 4.459686602793202177e-11 1.304976103857054870e+00 9.790446761701919241e-12 -2.522336773169063795e-01 -6.525601927736340846e-01 -8.950146981491542656e-12 2.522336772742944100e-01 -6.525601927903386112e-01
1.281000000000000000e+03 2.647914863232264179e+04 -9.416351284798614210e-13 4.908906006828665677e-11 1.392677454543999493e+00 4.301651981434006575e-12 -1.027587611844800880e-01 -6.964505637706491781e-01 -3.322336948481156662e-12 1.027587611378946858e-01 -6.964505637792582915e-01
1.282000000000000000e+03 2.649981931821828766e+04 -8.764920967130106650e-13 5.134529925251957408e-11 1.421046531076818775e+00 -2.613498061370633218e-13 2.007541050330566290e-02 -7.106813122253354820e-01 1.185645609194210843e-12 -2.007541055233452026e-02 -7.106813122272308547e-01
1.283000000000000000e+03 2.652049000411393354e+04 -7.919329887080232171e-13 4.852534111743453256e-11 1.371396637397607199e+00 -3.383352096778770194e-12 1.015771079780684455e-01 -6.859020053497267844e-01 4.229204685753792316e-12 -1.015771080267775933e-01 -6.859020053470892275e-01
1.284000000000000000e+03 2.654116069000957941e+04 -8.189161193370168091e-13 4.469011193395944726e-11 1.232718955619671375e+00 -4.682111038674719580e-12 1.341660171344064567e-01 -6.165986751469489935e-01 5.433924317116406140e-12 -1.341660171789137990e-01 -6.165986751425416301e-01
1.285000000000000000e+03 2.656183137590522529e+04 -5.041609490798845426e-13 3.603585553809595914e-11 1.004902116731264394e+00 -4.147859018307337302e-12 1.191299625734069251e-01 -5.027059318332731674e-01 4.788681634722715127e-12 -1.191299626102870352e-01 -5.027059318292882439e-01
1.286000000000000000e+03 2.658250206180087116e+04 -4.635839631280806979e-13 2.591735486712467997e-11 6.996425253688687285e-01 -2.295622693082425671e-12 6.617658826033617769e-02 -3.500661867745699651e-01 2.697186271019514008e-12 -6.617658828694010509e-02 -3.500661867732569044e-01
1.287000000000000000e+03 2.660317274769651704e+04 -2.604582238068391396e-13 1.333397539675730485e-11 3.386322306329478948e-01 4.705373591644688246e-13 -9.070759837391131550e-03 -1.695271581417559792e-01 -2.332130757947575265e-13 9.070759823826556739e-03 -1.695271581442679421e-01
1.288000000000000000e+03 2.662384343359216291e+04 -1.162366434733128044e-13 -4.212864924034818458e-13 -5.023079574919451368e-02 3.306827458298055881e-12 -8.860521198570052437e-02 2.495432189411883259e-02 -3.332828050015506135e-12 8.860521198555208755e-02 2.495432188739363580e-02
1.289000000000000000e+03 2.664451411948780878e+04 9.821589418708767010e-14 -1.341679270146481789e-11 -4.372987054411935359e-01 5.677064830779913629e-12 -1.554156035156472049e-01 2.185460706606085490e-01 -5.968438236794303618e-12 1.554156035290519267e-01 2.185460706501953232e-01
1.290000000000000000e+03 2.666518480538345466e+04 3.350878154652611346e-13 -2.586494329056436583e-11 -7.949673766904556960e-01 7.095921913340571622e-12 -1.958038315554493092e-01 3.974395884752450758e-01 -7.612366601511240664e-12 1.958038315813453167e-01 3.974395884631647946e-01
1.291000000000000000e+03 2.668585549127910053e+04 7.648015114601677282e-13 -3.637530469430711866e-11 -1.100172752364053652e+00 7.195978855768808021e-12 -2.004641834785543808e-01 5.500965441538091527e-01 -7.940717868544230640e-12 2.004641835149320872e-01 5.500965441421969970e-01
1.292000000000000000e+03 2.670652617717474641e+04 9.921523910885152151e-13 -4.444287399376436551e-11 -1.335583099512079652e+00 5.758667102498616251e-12 -1.646038376875335607e-01 6.678458896079272344e-01 -6.644266492927724427e-12 1.646038377318011225e-01 6.678458895990554423e-01
1.293000000000000000e+03 2.672719686307039228e+04 1.174668976599507898e-12 -4.942456009001478096e-11 -1.489940718550198273e+00 2.798749911105634722e-12 -8.758826695823215824e-02 7.450571939465545634e-01 -3.869111371003635446e-12 8.758826700770631912e-02 7.450571939424898149e-01
1.294000000000000000e+03 2.674786754896603816e+04 1.228179611860261121e-12 -5.181026579743548638e-11 -1.558110684113700906e+00 -1.589031420041638848e-12 2.747155882950676545e-02 7.791648398952411014e-01 4.513532296191108201e-13 -2.747155877792028036e-02 7.791648398988034740e-01
1.295000000000000000e+03 2.676853823486168403e+04 1.019032643986957218e-12 -5.083612081199913905e-11 -1.541227037425888513e+00 -7.211720160776544136e-12 1.739703097446350100e-01 7.707390178945943138e-01 6.022471607669125077e-12 -1.739703096937336158e-01 7.707390179072340919e-01
1.296000000000000000e+03 2.678920892075732991e+04 9.938527197727930808e-13 -4.727879369518458305e-11 -1.447023048364086684e+00 -1.358906903190415489e-11 3.418965396717033589e-01 7.236490513776370204e-01 1.251037478864465083e-11 -3.418965396245470800e-01 7.236490514004273455e-01
1.297000000000000000e+03 2.680987960665297578e+04 8.980486726876838846e-13 -4.161206148750217009e-11 -1.290178031184411989e+00 -2.021185729687076921e-11 5.179036532239200685e-01 6.452360462825212917e-01 1.930219367295562097e-11 -5.179036531821415990e-01 6.452360463158731685e-01
1.298000000000000000e+03 2.683055029254862166e+04 5.595522163693106259e-13 -3.438125158331377710e-11 -1.092030571832589558e+00 -2.670612677942645508e-11 6.857358232525946340e-01 5.461695754992457186e-01 2.591662856476951338e-11 -6.857358232182493296e-01 5.461695755423714438e-01
1.299000000000000000e+03 2.685122097844426753e+04 3.773698249847032540e-13 -2.703162097946526195e-11 -8.790832704526313490e-01 -3.215065366479835912e-11 8.272959077095173308e-01 4.397005350528167544e-01 3.147789866641893196e-11 -8.272959076825707747e-01 4.397005351047686417e-01
1.300000000000000000e+03 2.687189166433991340e+04 3.174907728144552694e-13 -1.981015938862127333e-11 -6.797928660464170880e-01 -3.584219645512901302e-11 9.245965495564830716e-01 3.400566891225410004e-01 3.533848486286525019e-11 -9.245965495366614828e-01 3.400566891798935676e-01
1.301000000000000000e+03 2.689256235023555928e+04 1.096786090867979084e-13 -1.450229928801860963e-11 -5.197815272923400620e-01 -3.733392519779257755e-11 9.624879429827168931e-01 2.600484639562717359e-01 3.690880159039580434e-11 -9.624879429682160481e-01 2.600484640160449223e-01
1.302000000000000000e+03 2.691323303613120515e+04 3.168713137728651552e-13 -1.120458896231719937e-11 -4.165937852338618130e-01 -3.619438704552365147e-11 9.316021098510378629e-01 2.084471443438525584e-01 3.585397309285043918e-11 -9.316021098397682110e-01 2.084471444019016240e-01
1.303000000000000000e+03 2.693390372202685103e+04 4.259211323733384474e-13 -1.025900105437499098e-11 -3.757406246877248446e-01 -3.231770237597552430e-11 8.306263797164957774e-01 1.880064528854497319e-01 3.207779516149160274e-11 -8.306263797063223597e-01 1.880064529373444981e-01
1.304000000000000000e+03 2.695457440792249690e+04 3.130353055407554949e-13 -1.142435245094029886e-11 -3.896037410723668937e-01 -2.603131505717826464e-11 6.670748260085124226e-01 1.949144643936938093e-01 2.572844940996546282e-11 -6.670748259972314465e-01 1.949144644354265654e-01
1.305000000000000000e+03 2.697524509381814278e+04 2.472165049213284521e-13 -1.376773725709367686e-11 -4.398159420547082532e-01 -1.798477209106088926e-11 4.561373892467211477e-01 2.199843845215861127e-01 1.760321688273126541e-11 -4.561373892328939861e-01 2.199843845507133966e-01
1.306000000000000000e+03 2.699591577971378865e+04 3.262554050196688426e-13 -1.696710263991988031e-11 -5.019404397178133248e-01 -8.714089863726947957e-12 2.180821788395918559e-01 2.509958580844814935e-01 8.321559753536415821e-12 -2.180821788226703917e-01 2.509958580989024024e-01
1.307000000000000000e+03 2.701658646560943453e+04 4.367915773524374427e-13 -2.025896907391541751e-11 -5.508861154500690471e-01 7.611318236348224625e-13 -2.505161512175167401e-02 2.754048952201929024e-01 -1.161611498764959965e-12 2.505161514163039768e-02 2.754048952200787714e-01
1.308000000000000000e+03 2.703725715150508040e+04 5.343406829890239611e-13 -2.125976851072190050e-11 -5.651761925075885484e-01 9.679063050739269550e-12 -2.524096717350638452e-01 2.824797886851023176e-01 -1.006075120396294901e-11 2.524096717560729841e-01 2.824797886709896622e-01
1.309000000000000000e+03 2.705792783740072628e+04 2.381072895986711447e-13 -2.130508846145419487e-11 -5.293493878988333456e-01 1.720022791488355296e-11 -4.463679346332439235e-01 2.645010058932279473e-01 -1.764289719855303359e-11 4.463679346541845061e-01 2.645010058672291886e-01
1.310000000000000000e+03 2.707859852329637215e+04 4.114073061521058411e-13 -1.881086784655055281e-11 -4.346014763513360024e-01 2.305316143900082906e-11 -5.935420177987832391e-01 2.170786479561248317e-01 -2.334581345033085996e-11 5.935420178172003958e-01 2.170786479209345643e-01
1.311000000000000000e+03 2.709926920919201802e+04 2.756696567398925471e-13 -1.388931681724764292e-11 -2.783464318582179464e-01 2.673288333821039163e-11 -6.850474897026987975e-01 1.389285738235653822e-01 -2.698930582082821257e-11 6.850474897162405208e-01 1.389285737823692524e-01
1.312000000000000000e+03 2.711993989508766390e+04 -1.304454693884108354e-14 -2.670271335613695852e-12 -6.344935195126689964e-02 2.810259385711374187e-11 -7.164646100919299654e-01 3.148541921679077343e-02 -2.820715820652315248e-11 7.164646100982897670e-01 3.148541917320829553e-02
1.313000000000000000e+03 2.714061058098330977e+04 -2.485114541812282561e-13 6.456488266289283987e-12 2.023389034762271277e-01 2.716041392855706609e-11 -6.879077432269323777e-01 -1.013807554452667570e-01 -2.695876996160761775e-11 6.879077432239294465e-01 -1.013807554876046679e-01
1.314000000000000000e+03 2.716128126687895565e+04 -5.053111844074219780e-13 1.829099127416802768e-11 5.065490871354595415e-01 2.400929505678503446e-11 -6.043873863910091959e-01 -2.534455378558052585e-01 -2.362254387783625434e-11 6.043873863772847299e-01 -2.534455378931877445e-01
1.315000000000000000e+03 2.718195195277460152e+04 -7.236938426871455300e-13 2.661863790430203364e-11 8.318909766968729524e-01 1.908236984335784300e-11 -4.763698796457028761e-01 -4.160743845928128182e-01 -1.844402041600772264e-11 4.763698796203321151e-01 -4.160743846228193155e-01
1.316000000000000000e+03 2.720262263867024740e+04 -8.892328830746141053e-13 3.414368603637223619e-11 1.156319780614244896e+00 1.313075419497528003e-11 -3.200938078517004959e-01 -5.782521418165110783e-01 -1.215784076264124781e-11 3.200938078142037679e-01 -5.782521418373032240e-01
1.317000000000000000e+03 2.722329332456589327e+04 -1.014016101364524010e-12 4.958038560884099163e-11 1.453877475618273074e+00 6.780574599117365455e-12 -1.569955598749669390e-01 -7.270028218196987746e-01 -5.595185564881911381e-12 1.569955598260979190e-01 -7.270028218308656198e-01
1.318000000000000000e+03 2.724396401046153915e+04 -1.357265656524094503e-12 5.808695307783024002e-11 1.696893878988942728e+00 1.132719872901642081e-12 -1.157928356610966707e-02 -8.484916949363948691e-01 2.666145913256584168e-13 1.157928350776372961e-02 -8.484916949389068597e-01
1.319000000000000000e+03 2.726463469635718502e+04 -1.394832931558088327e-12 6.465374130682469471e-11 1.859694757348369087e+00 -2.864639210478779881e-12 9.245580574207520885e-02 -9.298813420851628209e-01 4.459961463236402334e-12 -9.245580580686088568e-02 -9.298813420812465091e-01
1.320000000000000000e+03 2.728530538225283090e+04 -1.577819752019069613e-12 6.307673831570168245e-11 1.923187523163146562e+00 -4.622432933842625974e-12 1.371361130186254662e-01 -9.616254011102340904e-01 6.232860669038309140e-12 -1.371361130858545774e-01 -9.616254011039769845e-01
1.321000000000000000e+03 2.730597606814847677e+04 -1.576241341938482056e-12 6.911855204999725889e-11 1.878947081921738205e+00 -3.779765543737325932e-12 1.146321214690999291e-01 -9.395113563807995227e-01 5.444141434458426480e-12 -1.146321215351872730e-01 -9.395113563756500863e-01
1.322000000000000000e+03 2.732664675404412264e+04 -1.453714998980012726e-12 5.068401197180656561e-11 1.731170062398366127e+00 -3.798469277591243289e-13 2.929291960337827849e-02 -8.656373595321564807e-01 1.905506392659179563e-12 -2.929291966391647101e-02 -8.656373595323619830e-01
1.323000000000000000e+03 2.734731743993976852e+04 -1.324108746132720797e-12 5.865333275280799911e-11 1.495770973289067163e+00 4.804135846818862276e-12 -1.034469054626091650e-01 -7.479603789143983716e-01 -3.430993469928023421e-12 1.034469054104974473e-01 -7.479603789226764166e-01
1.324000000000000000e+03 2.736798812583541439e+04 -9.640042245383499624e-13 4.108988639832084543e-11 1.196883378918466523e+00 1.092320529453638963e-11 -2.610072374204475132e-01 -5.985469391397024719e-01 -9.904183303706306123e-12 2.610072373796624157e-01 -5.985469391577429299e-01
1.325000000000000000e+03 2.738865881173106027e+04 -7.746663852056404963e-13 2.716885970343772308e-11 8.622960956704009972e-01 1.714361827134575902e-11 -4.186146804422259948e-01 -4.312905568812652746e-01 -1.637763624683030845e-11 4.186146804135439936e-01 -4.312905569089539037e-01
1.326000000000000000e+03 2.740932949762670614e+04 -5.878329441379644825e-13 1.575798501414900428e-11 5.193107438825100841e-01 2.245381733703561989e-11 -5.536189274994921528e-01 -2.598386866167543552e-01 -2.196499963223873266e-11 5.536189274833014373e-01 -2.598386866523784700e-01
1.327000000000000000e+03 2.743000018352235202e+04 -3.196373575894879150e-13 7.576064415375525837e-12 1.919666667830626228e-01 2.619526309161949371e-11 -6.481565161858577895e-01 -9.620359596120753309e-02 -2.597372584234482053e-11 6.481565161812334885e-01 -9.620359600307730463e-02
1.328000000000000000e+03 2.745067086941799789e+04 1.999178436569444531e-14 -4.145824604043668415e-12 -1.002676973323567144e-01 2.774662877946516717e-11 -6.901267431794310125e-01 4.989103262930394411e-02 -2.781841708548620301e-11 6.901267431846718203e-01 4.989103258461392854e-02
1.329000000000000000e+03 2.747134155531364377e+04 2.412230538191050048e-13 -1.396612433434143057e-11 -3.428002655399013943e-01 2.693474881017989756e-11 -6.730475163209646006e-01 1.711588516691155970e-01 -2.732372490135507434e-11 6.730475163345633893e-01 1.711588516257272485e-01
1.330000000000000000e+03 2.749201224120928964e+04 4.633603634446714241e-13 -1.987854055594903707e-11 -5.258525140304668444e-01 2.380330288798284428e-11 -5.954982475904035955e-01 2.627147212459737258e-01 -2.424518473208562125e-11 5.954982476096315480e-01 2.627147212075636173e-01
1.331000000000000000e+03 2.751268292710493552e+04 6.441153511949134145e-13 -2.251154058823839234e-11 -6.445307833478681747e-01 1.831271996091032560e-11 -4.606554585532813273e-01 3.221080467649806711e-01 -1.889038867277879497e-11 4.606554585758546594e-01 3.221080467349171084e-01
1.332000000000000000e+03 2.753335361300058139e+04 8.606089172096236849e-13 -2.349226080492685006e-11 -6.992855428503144122e-01 1.084760602465398020e-11 -2.761344490280781550e-01 3.495538561251891885e-01 -1.147042196684967859e-11 2.761344490516449146e-01 3.495538561066577898e-01
1.333000000000000000e+03 2.755402429889622726e+04 5.610589023798660786e-13 -2.291995847906827412e-11 -6.966782267688447217e-01 1.828386888391817697e-12 -5.402702556552144847e-02 3.483202470282708019e-01 -2.477652828548041053e-12 5.402702558806056488e-02 3.483202470241260618e-01
1.334000000000000000e+03 2.757469498479187314e+04 9.431588962347980126e-13 -2.012528052510732784e-11 -6.500347999661882925e-01 -8.023832486777961367e-12 1.892051783330045700e-01 3.250597678421467962e-01 7.393254184816264020e-12 -1.892051783127262354e-01 3.250597678534848933e-01
1.335000000000000000e+03 2.759536567068751901e+04 6.538496644164096530e-13 -1.734966930742285055e-11 -5.792808522937136217e-01 -1.792510213303854649e-11 4.334323366855013515e-01 2.897298613078159168e-01 1.741674373035309256e-11 -4.334323366683972001e-01 2.897298613347966678e-01
1.336000000000000000e+03 2.761603635658316489e+04 5.340115502977684099e-13 -1.414568714328049609e-11 -5.091961672921021531e-01 -2.703817823879716460e-11 6.565187884203829149e-01 2.547201193263300412e-01 2.652111209950724741e-11 -6.565187884066014945e-01 2.547201193676175146e-01
1.337000000000000000e+03 2.763670704247881076e+04 3.626107628157849763e-13 -1.232496154190888327e-11 -4.656979292646709623e-01 -3.441957349584636922e-11 8.370005172449276332e-01 2.329918234638377050e-01 3.396611792297979945e-11 -8.370005172326190346e-01 2.329918235171026253e-01
1.338000000000000000e+03 2.765737772837445664e+04 6.082058720124743789e-13 -1.251315536577644394e-11 -4.706075182485442432e-01 -3.945851553705820641e-11 9.573583387075861317e-01 2.354590081779304733e-01 3.897950872264704986e-11 -9.573583386952090324e-01 2.354590082394391881e-01
1.339000000000000000e+03 2.767804841427010251e+04 5.052980470209882511e-13 -1.548748536051912056e-11 -5.363521141955179816e-01 -4.160439936805817222e-11 1.007033429508828792e+00 2.683378427872384897e-01 4.108846692941042681e-11 -1.007033429493711552e+00 2.683378428528348514e-01
1.340000000000000000e+03 2.769871910016574839e+04 7.144635266451695261e-13 -2.059955718723211982e-11 -6.625086209296500162e-01 -4.076184088175334851e-11 9.842249330938220853e-01 3.314182612873279865e-01 4.015721307804467216e-11 -9.842249330734980095e-01 3.314182613520337273e-01
1.341000000000000000e+03 2.771938978606139426e+04 5.773104150130645949e-13 -2.735521727998345207e-11 -8.356168439446228779e-01 -3.734467499399549059e-11 8.958524085978719631e-01 4.179708726363336457e-01 3.650160621337680280e-11 -8.958524085704002715e-01 4.179708726960840171e-01
1.342000000000000000e+03 2.774006047195704014e+04 1.103574327592707546e-12 -3.533368736784962053e-11 -1.032312248437318170e+00 -3.175221064475574766e-11 7.557446763389783495e-01 5.163138195558486521e-01 3.072396721097772151e-11 -7.557446763035596815e-01 5.163138196075721664e-01
1.343000000000000000e+03 2.776073115785268601e+04 1.269893979930736417e-12 -4.308816520679850437e-11 -1.224364465192674611e+00 -2.466613509217188474e-11 5.818272285597759774e-01 6.123323146466156386e-01 2.346535288413723174e-11 -5.818272285167985780e-01 6.123323146877089895e-01
1.344000000000000000e+03 2.778140184374833188e+04 1.563708634682555211e-12 -4.962975968522484273e-11 -1.383951039368928715e+00 -1.696858553106057215e-11 3.931326812287659345e-01 6.921153802748872819e-01 1.563719080230408655e-11 -3.931326811793260378e-01 6.921153803038319063e-01
1.345000000000000000e+03 2.780207252964397776e+04 1.464530095939583305e-12 -5.355895976093628662e-11 -1.487565623523412928e+00 -9.312413497481295115e-12 2.074706628190677304e-01 7.439094078679471256e-01 7.916614203768354294e-12 -2.074706627653917501e-01 7.439094078850284619e-01
1.346000000000000000e+03 2.782274321553962363e+04 1.385483624262856202e-12 -5.526538928091372285e-11 -1.518153862604415094e+00 -2.461797187388199617e-12 3.998140641011113661e-02 7.591855132034275311e-01 8.684582261923775233e-13 -3.998140635483663635e-02 7.591855132093078273e-01
1.347000000000000000e+03 2.784341390143526951e+04 1.444075879337607989e-12 -5.367366653788742533e-11 -1.465740352561635262e+00 3.299410775715026571e-12 -9.751782323090926741e-02 7.329529499849954943e-01 -4.843719118903460159e-12 9.751782328461951199e-02 7.329529499815129467e-01
1.348000000000000000e+03 2.786408458733091538e+04 1.316763240163394129e-12 -4.879703764140524740e-11 -1.327210679539560845e+00 7.537461556767580363e-12 -1.967167238045501032e-01 6.636511434338214777e-01 -8.834910377761371403e-12 1.967167238532820939e-01 6.636511434233854922e-01
1.349000000000000000e+03 2.788475527322656126e+04 1.173016642212070166e-12 -4.101614217467437296e-11 -1.105880152635352776e+00 9.933595064950681274e-12 -2.528751461498466857e-01 5.529363238530252689e-01 -1.115840488318415828e-11 2.528751461903691600e-01 5.529363238382846157e-01
1.350000000000000000e+03 2.790542595912220713e+04 7.488092008517819250e-13 -3.015840374839644592e-11 -8.112123086651429338e-01 1.062250346442981399e-11 -2.650125395004606088e-01 4.055432153739029766e-01 -1.152885687309761023e-11 2.650125395304784859e-01 4.055432153576894461e-01
1.351000000000000000e+03 2.792609664501785301e+04 4.569460933220257716e-13 -1.713826896722216131e-11 -4.587172526320344446e-01 9.644000920755686428e-12 -2.362943300685819981e-01 2.292340640661302276e-01 -1.013813039174768590e-11 2.362943300852979323e-01 2.292340640506702887e-01
1.352000000000000000e+03 2.794676733091349888e+04 -1.155047031311247837e-14 -2.619985023526151539e-12 -6.974441759956327702e-02 7.299507236612558274e-12 -1.744831219074990947e-01 3.469155510917194124e-02 -7.315638965087086048e-12 1.744831219099083064e-01 3.469155509728581721e-02
1.353000000000000000e+03 2.796743801680914476e+04 -3.739677200848237543e-13 1.222138290708697434e-11 3.293460529159449868e-01 4.072367492438384284e-12 -9.208765661896375909e-02 -1.648973005217273802e-01 -3.718504742413515308e-12 9.208765660620986393e-02 -1.648973005289892102e-01
1.354000000000000000e+03 2.798810870270479063e+04 -6.848870171624594774e-13 2.595341045948487380e-11 7.091549020655854019e-01 6.036031240936951588e-13 -5.709113736019556101e-03 -3.548255644701775458e-01 1.409774816357844675e-13 5.709113709232947580e-03 -3.548255644722898561e-01
1.355000000000000000e+03 2.800877938860043650e+04 -9.523396179994401635e-13 3.920378517394146342e-11 1.040566448821767187e+00 -2.251893281569820908e-12 6.584423087667554131e-02 -5.205297251732207142e-01 3.361275477819525296e-12 -6.584423091558805341e-02 -5.205297251709599671e-01
1.356000000000000000e+03 2.802945007449608238e+04 -1.308827026089433103e-12 4.832121446236596483e-11 1.299037042808955711e+00 -3.795902191973501060e-12 1.046998222850791804e-01 -6.497387514691070898e-01 5.124744019496924231e-12 -1.046998223331260941e-01 -6.497387514642315454e-01
1.357000000000000000e+03 2.805012076039172825e+04 -1.579962749324863945e-12 5.391865060696149652e-11 1.468789786177576051e+00 -3.355163245482152218e-12 9.769902213326048246e-02 -7.345717093667837316e-01 4.944242399232914499e-12 -9.769902218710772857e-02 -7.345717093622051719e-01
1.358000000000000000e+03 2.807079144628737413e+04 -1.494504298996196941e-12 5.338941578590309885e-11 1.545493585448992180e+00 -8.465573177817722155e-13 3.959762469864085838e-02 -7.728733442044067870e-01 2.491005275714432829e-12 -3.959762475445199881e-02 -7.728733442031735512e-01
1.359000000000000000e+03 2.809146213218302000e+04 -1.733086313519979259e-12 5.955368852869190702e-11 1.536394309049730733e+00 3.624448932490687675e-12 -6.552766230546477888e-02 -7.682757664487772642e-01 -2.024882848742123831e-12 6.552766225100095654e-02 -7.682757664543492515e-01
1.360000000000000000e+03 2.811213281807866588e+04 -1.459209715394641848e-12 4.459954381469405719e-11 1.457857505088965944e+00 9.498023525890745856e-12 -2.052400990484406496e-01 -7.289678771932578405e-01 -7.883031680685944961e-12 2.052400989979731305e-01 -7.289678772075759428e-01
1.361000000000000000e+03 2.813280350397431175e+04 -1.431877400518960785e-12 4.660366162957886705e-11 1.331323400745059837e+00 1.609954203070359878e-11 -3.616275703899185512e-01 -6.656728872193594659e-01 -1.471583828987599134e-11 3.616275703445205880e-01 -6.656728872434628519e-01
1.362000000000000000e+03 2.815347418986995763e+04 -1.249814766626235213e-12 4.015682704355770632e-11 1.179120699634489178e+00 2.261441911796262925e-11 -5.149597525429153722e-01 -5.895562175260088411e-01 -2.124776675819472908e-11 5.149597525039114609e-01 -5.895562175603313859e-01
1.363000000000000000e+03 2.817414487576560350e+04 -1.081792335099030839e-12 3.637331451338504571e-11 1.021271182739782235e+00 2.817091800601140075e-11 -6.469377763071729737e-01 -5.106288503404977641e-01 -2.701304359436510494e-11 6.469377762745631699e-01 -5.106288503837376203e-01
1.364000000000000000e+03 2.819481556166124938e+04 -7.871015784131400165e-13 2.450036363498407817e-11 8.737384713601287212e-01 3.219024737656651750e-11 -7.428339887507706685e-01 -4.368723943218675854e-01 -3.128145832691061447e-11 7.428339887234132188e-01 -4.368723943717414127e-01
1.365000000000000000e+03 2.821548624755689525e+04 -9.405449157025124974e-13 2.212375664941539890e-11 7.478646228135749086e-01 3.432441930110819510e-11 -7.924734903600626490e-01 -3.739576057947394672e-01 -3.345141165424959241e-11 7.924734903368384487e-01 -3.739576058481414167e-01
1.366000000000000000e+03 2.823615693345254113e+04 -8.406466395525785485e-13 2.377840032508259924e-11 6.504654254158013238e-01 3.424745877309062366e-11 -7.904544919002139958e-01 -3.252917400418274818e-01 -3.345242508981060732e-11 7.904544918798442898e-01 -3.252917400953549976e-01
1.367000000000000000e+03 2.825682761934818700e+04 -6.383319188603031657e-13 2.162009058364114888e-11 5.840751039342823026e-01 3.193112049965992259e-11 -7.359758270469892727e-01 -2.921400593032386084e-01 -3.121651130545024356e-11 7.359758270281724357e-01 -2.921400593536947476e-01
1.368000000000000000e+03 2.827749830524383287e+04 -6.213896881517522473e-13 2.342835356545507292e-11 5.469969852626522799e-01 2.743974638904203795e-11 -6.326436217967369435e-01 -2.736499686278940358e-01 -2.684873407268700911e-11 6.326436217781483684e-01 -2.736499686720360036e-01
1.369000000000000000e+03 2.829816899113947875e+04 -6.147366838891857477e-13 1.427822389885811306e-11 5.331221650633717335e-01 2.131702570811694810e-11 -4.883221489142637317e-01 -2.667594311662925266e-01 -2.072062060486725367e-11 4.883221488947617761e-01 -2.667594312009690105e-01
1.370000000000000000e+03 2.831883967703512462e+04 -7.050757849405290571e-13 1.964162978254910963e-11 5.317609326668158998e-01 1.389473757763878737e-11 -3.148700246141444281e-01 -2.661130774707624047e-01 -1.322055709250574598e-11 3.148700245935920350e-01 -2.661130774939294841e-01
1.371000000000000000e+03 2.833951036293077050e+04 -8.594285879542962325e-13 2.120979107772650368e-11 5.279469324155948717e-01 5.840305841315452366e-12 -1.274588316093559492e-01 -2.642168405953476129e-01 -5.193672218568668813e-12 1.274588315878901201e-01 -2.642168406060919628e-01
1.372000000000000000e+03 2.836018104882641637e+04 -6.581544571732239610e-13 2.033027829436784829e-11 5.037417219589446216e-01 -2.176460318269257592e-12 5.682500459444577573e-02 -2.520946205263357998e-01 2.724180078940330033e-12 -5.682500461520368501e-02 -2.520946205246573091e-01
1.373000000000000000e+03 2.838085173472206225e+04 -7.233146949062810210e-13 1.839097114813835955e-11 4.408518829120514071e-01 -9.327523200921173909e-12 2.211679637975620671e-01 -2.206010249529820333e-01 9.850574005222526357e-12 -2.211679638164930906e-01 -2.206010249398513423e-01
1.374000000000000000e+03 2.840152242061770812e+04 -3.582261881868258742e-13 1.413369389704778791e-11 3.243303880096417013e-01 -1.503918160793049704e-11 3.516747052926192385e-01 -1.622728137890425415e-01 1.544317398804401282e-11 -3.516747053073827067e-01 -1.622728137665034320e-01
1.375000000000000000e+03 2.842219310651335400e+04 -7.748205655099874098e-14 7.190762605111369365e-12 1.464468975955010854e-01 -1.903822602231429225e-11 4.397527252615908711e-01 -7.325959193074872700e-02 1.913234373972899222e-11 -4.397527252691381672e-01 -7.325959190180411640e-02
1.376000000000000000e+03 2.844286379240899987e+04 1.266021463813157631e-13 -1.830278593314998669e-12 -9.061014566590178121e-02 -2.112540507943295797e-11 4.834281742945383820e-01 4.533181078731805813e-02 2.096277601649526195e-11 -4.834281742927343251e-01 4.533181082008769236e-02
1.377000000000000000e+03 2.846353447830464575e+04 8.840786515726889874e-14 -1.274691517058722571e-11 -3.743042785764228997e-01 -2.140304372932829705e-11 4.871257543226905073e-01 1.872265196404677978e-01 2.107289712430900284e-11 -4.871257543098109766e-01 1.872265196744477278e-01
1.378000000000000000e+03 2.848420516420029162e+04 8.820734927264152809e-13 -2.489441177580259356e-11 -6.838085989856766966e-01 -2.048529270017530271e-11 4.600662535293412181e-01 3.420101896884568671e-01 1.966784456035735436e-11 -4.600662535046098345e-01 3.420101897212836084e-01
1.379000000000000000e+03 2.850487585009593749e+04 1.214937103922231984e-12 -3.649222415829671298e-11 -9.937611857389648806e-01 -1.863698807862779145e-11 4.139373433114253986e-01 4.970046493572802260e-01 1.757352890555199943e-11 -4.139373432749677284e-01 4.970046493878461646e-01
1.380000000000000000e+03 2.852554653599158337e+04 1.823445040938334779e-12 -4.742203575393068161e-11 -1.278383615621407676e+00 -1.660330471002395322e-11 3.606332934407315838e-01 6.393249173918490458e-01 1.499349323441832127e-11 -3.606332933933583673e-01 6.393249174194920448e-01
1.381000000000000000e+03 2.854621722188722924e+04 1.612082925270240679e-12 -5.634464564062669399e-11 -1.514821440957472287e+00 -1.455246254529063361e-11 3.105976982201896774e-01 7.575476934052665090e-01 1.268840779166734803e-11 -3.105976981638761125e-01 7.575476934292785236e-01
1.382000000000000000e+03 2.856688790778287512e+04 2.157766967403288642e-12 -6.260612780674528133e-11 -1.685179052863131410e+00 -1.297425014253352939e-11 2.719211232384517452e-01 8.427278968504826606e-01 1.098529274998260407e-11 -2.719211231761894387e-01 8.427278968721083618e-01
1.383000000000000000e+03 2.858755859367852099e+04 2.415882006847593714e-12 -6.556156569143279997e-11 -1.777359048816449461e+00 -1.209938849012840693e-11 2.500389696735322853e-01 8.888182973194218572e-01 9.904575843142455645e-12 -2.500389696080386748e-01 8.888182973391978159e-01
1.384000000000000000e+03 2.860822927957416687e+04 2.124161882132379756e-12 -6.534161086847071850e-11 -1.785172953605265844e+00 -1.199832449578754667e-11 2.477508964425531868e-01 8.927252475932577758e-01 9.833591006453640599e-12 -2.477508963772080408e-01 8.927252476126912306e-01
1.385000000000000000e+03 2.862889996546981274e+04 2.023935199660230326e-12 -6.215273209582578517e-11 -1.708232033096074298e+00 -1.279135036450480209e-11 2.653055085344871999e-01 8.542544227761281750e-01 1.065377910106770978e-11 -2.653055084724303958e-01 8.542544227959270042e-01
1.386000000000000000e+03 2.864957065136545862e+04 1.966491817410509916e-12 -5.623060476684710781e-11 -1.551917096018367914e+00 -1.428163362388576840e-11 3.004125156926374940e-01 7.760957542210872306e-01 1.236095784331898360e-11 -3.004125156361527327e-01 7.760957542431811129e-01
1.387000000000000000e+03 2.867024133726110449e+04 1.734565776707406740e-12 -4.753849805644640787e-11 -1.327479821321411846e+00 -1.616937095803830000e-11 3.481566766473712105e-01 6.638738119345674038e-01 1.458264078409309287e-11 -3.481566765999408730e-01 6.638738119596070408e-01
1.388000000000000000e+03 2.869091202315675037e+04 1.150537700225974947e-12 -3.687540236825246068e-11 -1.051976621140024548e+00 -1.845248857252905101e-11 4.009543153721699671e-01 5.261143630860831699e-01 1.719232922724485233e-11 -4.009543153351300404e-01 5.261143631140915433e-01
1.389000000000000000e+03 2.871158270905239624e+04 9.859111963642468404e-13 -2.566498757496470537e-11 -7.475710821283052532e-01 -2.044050933798097617e-11 4.487831705585696440e-01 3.738955636343924693e-01 1.950925010269937383e-11 -4.487831705329133891e-01 3.738955636655064696e-01
1.390000000000000000e+03 2.873225339494804211e+04 5.805691995988475555e-13 -1.402844512018210962e-11 -4.397129769190860071e-01 -2.164100490168898081e-11 4.799701799487052778e-01 2.199382004583937955e-01 2.109986294892694985e-11 -4.799701799345926223e-01 2.199382004916087263e-01
1.391000000000000000e+03 2.875292408084368799e+04 1.946781560772264163e-13 -3.691442844061393208e-12 -1.540105690541388739e-01 -2.166658210422390001e-11 4.827209669729392583e-01 7.704340171840062812e-02 2.144604783960399311e-11 -4.827209669693197647e-01 7.704340175163840176e-02
1.392000000000000000e+03 2.877359476673933386e+04 -7.486340040063971171e-14 4.819834947520115857e-12 8.779160822487415416e-02 -1.996438796096498619e-11 4.472979627131952740e-01 -4.391643886624912313e-02 2.008960404731883082e-11 -4.472979627182877005e-01 -4.391643883502091561e-02
1.393000000000000000e+03 2.879426545263497974e+04 -2.317785621874725208e-13 1.091279279185467091e-11 2.716785144440984068e-01 -1.630320012594474963e-11 3.683716933860609610e-01 -1.359286136032729075e-01 1.670144962006449144e-11 -3.683716933972506213e-01 -1.359286135773654647e-01
1.394000000000000000e+03 2.881493613853062561e+04 -4.008495865586791840e-13 1.484745527395491982e-11 3.937433366109525101e-01 -1.077312313476598293e-11 2.467755720996227531e-01 -1.970289388243069151e-01 1.123159522207946476e-11 -2.467755721146945025e-01 -1.970289388070885772e-01
1.395000000000000000e+03 2.883560682442627149e+04 -6.498298009553157104e-13 1.579170152117394749e-11 4.601816859202333965e-01 -3.755768095379539516e-12 8.997257019062906980e-02 -2.303016413291421316e-01 4.402707031173726547e-12 -8.997257020695680063e-02 -2.303016413222114256e-01
1.396000000000000000e+03 2.885627751032191736e+04 -4.299266368773278228e-13 1.637091808124639460e-11 4.849358430522763830e-01 4.304927655860944782e-12 -8.901941290053055900e-02 -2.427072076886844509e-01 -3.734652106230053001e-12 8.901941288399731200e-02 -2.427072076943934398e-01
1.397000000000000000e+03 2.887694819621756324e+04 -5.551850880481204203e-13 1.506560963457010552e-11 4.859697262735625523e-01 1.263194414030389909e-11 -2.738667832866790164e-01 -2.432244594338591470e-01 -1.202260585711803077e-11 2.738667832706253025e-01 -2.432244594525161396e-01
1.398000000000000000e+03 2.889761888211320911e+04 -5.101343534245600024e-13 1.756419117500992493e-11 4.814998479774134088e-01 2.046164642213909499e-11 -4.475537099904472460e-01 -2.409662340009630921e-01 -1.988464437246061376e-11 4.475537099746219050e-01 -2.409662340323169005e-01
1.399000000000000000e+03 2.891828956800885499e+04 -4.856726821845137820e-13 8.589854728412632671e-12 4.871839151790354205e-01 2.721426734060099409e-11 -5.946588396133037913e-01 -2.437704411664160797e-01 -2.654327688622929850e-11 5.946588395972729479e-01 -2.437704412086740824e-01
1.400000000000000000e+03 2.893896025390450086e+04 -5.532057161704929722e-13 1.439078129258069088e-11 5.146046489285422965e-01 3.212835345395117773e-11 -7.028756164781223559e-01 -2.574380825280389584e-01 -3.145276072895649714e-11 7.028756164606300150e-01 -2.574380825783922910e-01
1.401000000000000000e+03 2.895963093980014673e+04 -9.467155829956494740e-13 2.109177355253303659e-11 5.708123855719100526e-01 3.490137073299782755e-11 -7.637889467168771374e-01 -2.855019770822530556e-01 -3.418574335368126433e-11 7.637889466967585639e-01 -2.855019771377216298e-01
1.402000000000000000e+03 2.898030162569579261e+04 -8.667219710929170824e-13 1.930444968840708677e-11 6.584222466375930782e-01 3.559413780233635950e-11 -7.731812743773690544e-01 -3.292745895177671134e-01 -3.471825465507160880e-11 7.731812743533227339e-01 -3.292745895747543061e-01
1.403000000000000000e+03 2.900097231159143848e+04 -9.169450610518961625e-13 3.276747200323788367e-11 7.757995741360589337e-01 3.369228382637656878e-11 -7.311635164241011564e-01 -3.879412509565035028e-01 -3.264569417018390729e-11 7.311635163940947146e-01 -3.879412510112755785e-01
1.404000000000000000e+03 2.902164299748708436e+04 -1.378861043396244821e-12 3.816398940957420492e-11 9.170259013066648368e-01 2.982312615067955166e-11 -6.423681237768678054e-01 -4.585440430501679376e-01 -2.856910157299905698e-11 6.423681237407412592e-01 -4.585440430988884652e-01
1.405000000000000000e+03 2.904231368338273023e+04 -1.454399434446235800e-12 5.145317111125253772e-11 1.071702442508953856e+00 2.426788612976043179e-11 -5.160795966885822761e-01 -5.358842145676461222e-01 -2.273028346696410023e-11 5.160795966464956086e-01 -5.358842146074149770e-01
1.406000000000000000e+03 2.906298436927837611e+04 -1.616958917659745045e-12 4.752635273289795613e-11 1.224826105243161711e+00 1.745056448962806114e-11 -3.661014802632747700e-01 -6.124603871115381626e-01 -1.585654165139847762e-11 3.661014802152049996e-01 -6.124603871404257216e-01
1.407000000000000000e+03 2.908365505517402198e+04 -1.953795150543578874e-12 5.326799565892410784e-11 1.357241370474397080e+00 1.051334458645887520e-11 -2.099504711159684844e-01 -6.786942572483246616e-01 -8.628895715384124003e-12 2.099504710634685634e-01 -6.786942572656458061e-01
1.408000000000000000e+03 2.910432574106966786e+04 -2.216839524781037660e-12 5.228709061595426086e-11 1.447222279710512760e+00 4.002498072339274261e-12 -6.694084606967801165e-02 -7.237210590651310671e-01 -2.102037649449500048e-12 6.694084601393537892e-02 -7.237210590713196723e-01
1.409000000000000000e+03 2.912499642696531373e+04 -1.966419750352307323e-12 5.544480220596590228e-11 1.473443498653152162e+00 -1.169056901501077242e-12 4.480272666245962293e-02 -7.368744413592307474e-01 3.066666986092347993e-12 -4.480272671783688127e-02 -7.368744413568215634e-01
1.410000000000000000e+03 2.914566711286095961e+04 -1.678908964319168651e-12 5.134157453632819073e-11 1.418996562919083715e+00 -4.230997612746330065e-12 1.118703338238255379e-01 -7.096941305458915883e-01 6.128632016560421074e-12 -1.118703338761884436e-01 -7.096941305377619802e-01
1.411000000000000000e+03 2.916633779875660548e+04 -1.813308246329673682e-12 4.620891365657735828e-11 1.275426951624064165e+00 -5.032426813052323169e-12 1.285560601167457240e-01 -6.379448167295284078e-01 6.785293331351182772e-12 -1.285560601626232202e-01 -6.379448167191151819e-01
1.412000000000000000e+03 2.918700848465225135e+04 -1.540559869046774446e-12 3.583509656772559910e-11 1.045381693479352947e+00 -3.852410137248859220e-12 9.816347410183653976e-02 -5.229417312407764751e-01 5.227224355627564669e-12 -9.816347413825993184e-02 -5.229417312315393085e-01
1.413000000000000000e+03 2.920767917054789723e+04 -8.736436226007551347e-13 2.361055526469964128e-11 7.428060871989736746e-01 -1.017583481741824893e-12 3.206210363781771683e-02 -3.716520797559754175e-01 2.002437740770831282e-12 -3.206210366206953266e-02 -3.716520797510770580e-01
1.414000000000000000e+03 2.922834985644354310e+04 -5.981089676565890793e-13 1.025224681538271256e-11 3.905888822209786504e-01 2.688418074386626662e-12 -5.312928371474596317e-02 -1.955204030002182514e-01 -2.136387090040263061e-12 5.312928370385319732e-02 -1.955204030012344663e-01
1.415000000000000000e+03 2.924902054233918898e+04 -1.379698568057827781e-14 -3.753291293260018468e-12 1.657146526799677458e-02 6.427818130327371611e-12 -1.391402339399157029e-01 -8.472550237856393135e-03 -6.391692124827512865e-12 1.391402339429985702e-01 -8.472550245209580638e-03
1.416000000000000000e+03 2.926969122823483485e+04 5.524639911572734900e-13 -1.686982376705518696e-11 -3.506965280455997536e-01 9.395594693162516415e-12 -2.092306682497873382e-01 1.752106229699957884e-01 -9.925800299841393515e-12 2.092306682659666184e-01 1.752106229571391283e-01
1.417000000000000000e+03 2.929036191413048073e+04 1.042496127914636153e-12 -2.830612930269174777e-11 -6.853535607723555412e-01 1.103596274214397384e-11 -2.502564158851308118e-01 3.425934140793813754e-01 -1.207805242244641065e-11 2.502564159131277499e-01 3.425934140628937863e-01
1.418000000000000000e+03 2.931103260002612660e+04 1.240604583804447634e-12 -3.765610231596088732e-11 -9.663098310022677495e-01 1.109608374299158166e-11 -2.535315429948746258e-01 4.831256185915780432e-01 -1.245394080730212568e-11 2.535315430325539854e-01 4.831256185743254550e-01
1.419000000000000000e+03 2.933170328592177248e+04 1.699362693364284106e-12 -4.449820972751783552e-11 -1.178166743111038528e+00 9.132563754737378234e-12 -2.148416755602412520e-01 5.891023759758685641e-01 -1.079499070038644463e-11 2.148416756048170950e-01 5.891023759605455989e-01
1.420000000000000000e+03 2.935237397181741835e+04 2.114591542335610880e-12 -4.860782000177878322e-11 -1.311456333209159997e+00 5.222755455661370375e-12 -1.340846385856377665e-01 6.557862381874385305e-01 -7.069716290070592362e-12 1.340846386343355068e-01 6.557862381770253046e-01
1.421000000000000000e+03 2.937304465771306423e+04 1.853883646175041985e-12 -4.972250479724374592e-11 -1.362714287437418736e+00 -2.296914142458490076e-13 -1.491362443391133601e-02 6.814447171168043216e-01 -1.662404363156550134e-12 1.491362448340833105e-02 6.814447171143152016e-01
1.422000000000000000e+03 2.939371534360871010e+04 1.892028383561412072e-12 -4.750414254919784103e-11 -1.334703902008829379e+00 -7.299222579369883240e-12 1.354467938306288255e-01 6.674611850816705161e-01 5.404019925805023831e-12 -1.354467937830957092e-01 6.674611850897316234e-01
1.423000000000000000e+03 2.941438602950435597e+04 1.807355045013769056e-12 -4.371567140869836724e-11 -1.236760287787588286e+00 -1.520479241948227523e-11 3.062752725688768773e-01 6.185053570211374030e-01 1.343927789041395823e-11 -3.062752725256026598e-01 6.185053570415870450e-01
1.424000000000000000e+03 2.943505671540000185e+04 1.776958815478384616e-12 -3.716129388569494983e-11 -1.085009335627269200e+00 -2.344815889557592859e-11 4.834971808841259100e-01 5.426417265413715496e-01 2.185731947509748504e-11 -4.834971808467434240e-01 5.426417265745636653e-01
1.425000000000000000e+03 2.945572740129564772e+04 1.287351791876122477e-12 -3.087463453830588341e-11 -9.018015567743072891e-01 -3.113165620791212440e-11 6.502746371924594815e-01 4.510462155836083009e-01 2.986705256897744490e-11 -6.502746371616080490e-01 4.510462156293145175e-01
1.426000000000000000e+03 2.947639808719129360e+04 8.353183014853983235e-13 -2.376541058787510515e-11 -7.137424128226039777e-01 -3.759132037104292307e-11 7.883490107942718872e-01 3.570215903391798506e-01 3.653747700457272048e-11 -7.883490107706365713e-01 3.570215903960528570e-01
1.427000000000000000e+03 2.949706877308693947e+04 7.430385347395769212e-13 -1.886050466918987826e-11 -5.481395383283688139e-01 -4.186143164735837511e-11 8.802101616583802857e-01 2.742214255274332269e-01 4.107622106161969347e-11 -8.802101616399288231e-01 2.742214255920933375e-01
1.428000000000000000e+03 2.951773945898258535e+04 5.753624835614608037e-13 -1.550629100570559251e-11 -4.279927341964552268e-01 -4.327590262386804262e-11 9.119875264334419418e-01 2.141452215976943074e-01 4.272068074733010262e-11 -9.119875264179477803e-01 2.141452216661223207e-01
1.429000000000000000e+03 2.953841014487823122e+04 4.953492861380357087e-13 -1.440649533614606224e-11 -3.671984334025246710e-01 -4.169005628051936389e-11 8.761930788662490865e-01 1.837404757364579921e-01 4.112294333329016037e-11 -8.761930788516341106e-01 1.837404758036071950e-01
1.430000000000000000e+03 2.955908083077387710e+04 5.368323615194487688e-13 -1.567010067048771363e-11 -3.673504072764647854e-01 -3.685976234962357081e-11 7.736035362456697984e-01 1.838027906786783849e-01 3.635341218792424989e-11 -7.736035362299129581e-01 1.838027907392850713e-01
1.431000000000000000e+03 2.957975151666952297e+04 4.618601860265573922e-13 -1.898614172981458083e-11 -4.176463754911172721e-01 -2.942209501436253201e-11 6.134361695810275350e-01 2.089291413552415710e-01 2.878533404169901436e-11 -6.134361695621992627e-01 2.089291414045102158e-01
1.432000000000000000e+03 2.960042220256516885e+04 5.366141194818331303e-13 -2.296673884107054862e-11 -4.978710501698928592e-01 -1.992635416811303861e-11 4.117608850713355140e-01 2.490098228783975409e-01 1.916281189959744042e-11 -4.117608850485908745e-01 2.490098229130853769e-01
1.433000000000000000e+03 2.962109288846081472e+04 7.824747101608622638e-13 -2.622187813233275445e-11 -5.832810032951454282e-01 -9.416738822484516543e-12 1.886670504565428064e-01 2.916718736473898343e-01 8.543450413103823821e-12 -1.886670504302700169e-01 2.916718736652818555e-01
1.434000000000000000e+03 2.964176357435646059e+04 1.145898977913693633e-12 -2.897019007403962252e-11 -6.495916379200701307e-01 1.187627298932499303e-12 -3.487786620251423497e-02 3.247738699883670477e-01 -2.194948012031495601e-12 3.487786623135608055e-02 3.247738699887780522e-01
1.435000000000000000e+03 2.966243426025210647e+04 7.626847820354573387e-13 -2.900874637319744691e-11 -6.766703549502687265e-01 1.092163977042688530e-11 -2.396483789774553064e-01 3.382534861389436265e-01 -1.189087065144775567e-11 2.396483790063085595e-01 3.382534861229127832e-01
1.436000000000000000e+03 2.968310494614775234e+04 1.300345437376458878e-12 -2.724928774226908317e-11 -6.504193505725162083e-01 1.903316423691487238e-11 -4.098290135169745385e-01 3.250687388341051975e-01 -2.010209698427392576e-11 4.098290135438411030e-01 3.250687388038931980e-01
1.437000000000000000e+03 2.970377563204339822e+04 8.966721740059936566e-13 -2.241575209216155784e-11 -5.631440351695449209e-01 2.513015241229368638e-11 -5.337616477548436933e-01 2.813805612244467680e-01 -2.596351495666180724e-11 5.337616477771544021e-01 2.813805611836388554e-01
1.438000000000000000e+03 2.972444631793904409e+04 5.863545629079885901e-13 -1.509390458045032451e-11 -4.130925324848595537e-01 2.866774847764513581e-11 -6.041063950490737078e-01 2.063200016148926952e-01 -2.920337124650506428e-11 6.041063950636772484e-01 2.063200015676792953e-01
1.439000000000000000e+03 2.974511700383468997e+04 4.107540825636807757e-13 -5.691194288366252131e-12 -2.038345092898043442e-01 2.947843096824657536e-11 -6.178334323339973455e-01 1.016752692391329760e-01 -2.973201652687493772e-11 6.178334323391011518e-01 1.016752691892020971e-01
1.440000000000000000e+03 2.976578768973033584e+04 -1.486521792375455272e-13 6.226077987548315458e-12 5.610471859574438919e-02 2.775990387691540446e-11 -5.763609650044907440e-01 -2.829242978103991418e-02 -2.760854546909767550e-11 5.763609649978226335e-01 -2.829242982872144652e-02
1.441000000000000000e+03 2.978645837562598172e+04 -3.936811011745761978e-13 2.148815002973215396e-11 3.532685096771474020e-01 2.363451300370215118e-11 -4.859349915042606716e-01 -1.768602414427968839e-01 -2.306743417670464837e-11 4.859349914848044016e-01 -1.768602414846209836e-01
1.442000000000000000e+03 2.980712906152162759e+04 -1.177028946136306086e-12 3.058612677032423114e-11 6.691888963594591067e-01 1.777610091167071092e-11 -3.580618249595701741e-01 -3.348009976598881332e-01 -1.668872404610068464e-11 3.580618249273714304e-01 -3.348009976922124431e-01
1.443000000000000000e+03 2.982779974741727347e+04 -1.420662556890289077e-12 5.000719709350390948e-11 9.806941389802519282e-01 1.093986973939129936e-11 -2.095398483431768211e-01 -4.905341874642372701e-01 -9.341382832800029985e-12 2.095398482985324773e-01 -4.905341874852920947e-01
1.444000000000000000e+03 2.984847043331291934e+04 -2.038974932116566975e-12 5.649380280891972267e-11 1.261223414294341483e+00 3.972173211870765832e-12 -6.146839253882491194e-02 -6.307822037927878212e-01 -1.975911128702207231e-12 6.146839248404138700e-02 -6.307822038018079391e-01
1.445000000000000000e+03 2.986914111920856521e+04 -2.353745169653315136e-12 5.794038368261261915e-11 1.483593129870727001e+00 -1.905331586715464050e-12 6.324563801282787057e-02 -7.419542423768605843e-01 4.239137856905012564e-12 -6.324563807503308377e-02 -7.419542423751364080e-01
1.446000000000000000e+03 2.988981180510421109e+04 -2.675702525396886188e-12 6.840133357398825729e-11 1.624107446940697974e+00 -5.684138821869965303e-12 1.438194853989427646e-01 -8.122027967486759037e-01 8.298013666207402295e-12 -1.438194854641395015e-01 -8.122027967391305392e-01
1.447000000000000000e+03 2.991048249099985696e+04 -2.711980222585366139e-12 6.636000370342224297e-11 1.667098903544116384e+00 -6.751347184639606510e-12 1.660667062174060182e-01 -8.336945273477104346e-01 9.328338223208261764e-12 -1.660667062818719786e-01 -8.336945273348651542e-01
1.448000000000000000e+03 2.993115317689550284e+04 -2.429158219707411580e-12 6.176217237205787983e-11 1.608406455868949481e+00 -4.887560168761969202e-12 1.258980470378883720e-01 -8.043491599669254644e-01 7.378233809958357448e-12 -1.258980470980154975e-01 -8.043491599552219373e-01
1.449000000000000000e+03 2.995182386279114871e+04 -2.434994711558182375e-12 5.086601273147746319e-11 1.456337536480203809e+00 -3.013368115054655469e-13 3.032507493525253214e-02 -7.283204082152214820e-01 2.676196913836666195e-12 -3.032507498690752840e-02 -7.283204082097179954e-01
1.450000000000000000e+03 2.997249454868679459e+04 -1.901833027669228548e-12 4.461493953280671318e-11 1.229809495371678496e+00 6.013970744630419354e-12 -1.043173989488237197e-01 -6.150669122535478150e-01 -4.131281162206613019e-12 1.043173989072165575e-01 -6.150669122573843017e-01
1.451000000000000000e+03 2.999316523458244046e+04 -1.602044183549255038e-12 2.782466272231589894e-11 9.543085947528117119e-01 1.318194249464481666e-11 -2.563390827642660907e-01 -4.773318028581510220e-01 -1.170193382546952172e-11 2.563390827339399047e-01 -4.773318028733826157e-01
1.452000000000000000e+03 3.001383592047808634e+04 -9.734099613468687942e-13 1.187984393207362838e-11 6.573157572784699143e-01 2.017021427615805446e-11 -4.031208982044783284e-01 -3.288548761581402968e-01 -1.911872294079747556e-11 4.031208981856158058e-01 -3.288548761847670532e-01
1.453000000000000000e+03 3.003450660637373221e+04 -7.501643131618305926e-13 4.026338619421206376e-12 3.645291698913322165e-01 2.588476836795715732e-11 -5.246796769951594941e-01 -1.824826742627109200e-01 -2.536484114978623990e-11 5.246796769866416410e-01 -1.824826742992941564e-01
1.454000000000000000e+03 3.005517729226937809e+04 -2.730055537674972156e-13 -1.388990391571681246e-13 9.756083623908025360e-02 2.967117017699732491e-11 -6.057025247378247101e-01 -4.901621646939034044e-02 -2.948202383807605720e-11 6.057025247379046462e-01 -4.901621651338386454e-02
1.455000000000000000e+03 3.007584797816502396e+04 2.456439978558082435e-13 -7.882411036257938961e-12 -1.270004216793324259e-01 3.105950351331844300e-11 -6.361886434176307059e-01 6.325639211632168302e-02 -3.128475376673950552e-11 6.361886434250066946e-01 6.325639206866297271e-02
1.456000000000000000e+03 3.009651866406066983e+04 5.016534318293216266e-13 -1.296993399525046679e-11 -2.977031343737376878e-01 2.971144797713405472e-11 -6.112569745287769196e-01 1.486147122090440975e-01 -3.015003472474185545e-11 6.112569745413252154e-01 1.486147121620476352e-01
1.457000000000000000e+03 3.011718934995631571e+04 8.525000953252391641e-13 -1.566577994646189436e-11 -4.081356081856337137e-01 2.573589467933070973e-11 -5.307148711005603703e-01 2.038551062673392700e-01 -2.634356031853849709e-11 5.307148711157919641e-01 2.038551062254123913e-01
1.458000000000000000e+03 3.013786003585196158e+04 8.126831251317058066e-13 -1.631396744016535318e-11 -4.570389266931889072e-01 1.923202849416555499e-11 -3.987668724652281838e-01 2.283464548924462878e-01 -1.996209318067726248e-11 3.987668724811677112e-01 2.283464548597223254e-01
1.459000000000000000e+03 3.015853072174760746e+04 6.238191672953157383e-13 -1.472033210438156252e-11 -4.487721352210797265e-01 1.062483255114832453e-11 -2.239707036768753268e-01 2.242633754031595206e-01 -1.140952759546953621e-11 2.239707036916273597e-01 2.242633753833036259e-01
1.460000000000000000e+03 3.017920140764325333e+04 7.468175107766061709e-13 -1.224730428447880822e-11 -3.939211233971770532e-01 6.124492505043943324e-13 -1.925747218982136813e-02 1.968922355037127647e-01 -1.254963359131674762e-12 1.925747220187876835e-02 1.968922354995451818e-01
1.461000000000000000e+03 3.019987209353889921e+04 3.862689843759741469e-13 -8.707750353963843163e-12 -3.095240546720859354e-01 -1.007287452849931635e-11 1.983623965420329704e-01 1.547457815354536248e-01 9.596841712448078169e-12 -1.983623965334238015e-01 1.547457815482988497e-01
1.462000000000000000e+03 3.022054277943454508e+04 3.486813545839000298e-13 -5.828133473712092825e-12 -2.181903144631824609e-01 -2.041298100581245185e-11 4.088452620351547551e-01 1.091241426818201077e-01 2.007270346997060200e-11 -4.088452620296398887e-01 1.091241427111757645e-01
1.463000000000000000e+03 3.024121346533019096e+04 2.232334813032013239e-13 -3.910777798389444577e-12 -1.454986880428421614e-01 -2.942775913068642738e-11 5.911930375061962284e-01 7.281449625070383902e-02 2.922899820630247864e-11 -5.911930375023026762e-01 7.281449629550804103e-02
1.464000000000000000e+03 3.026188415122583683e+04 1.384565032282183207e-13 -3.564940071832938689e-12 -1.156330383600321643e-01 -3.609290178216466409e-11 7.264432374532892034e-01 5.790854660138379517e-02 3.586706279243744839e-11 -7.264432374495441991e-01 5.790854665818830072e-02
1.465000000000000000e+03 3.028255483712148271e+04 2.627878027778154020e-13 -6.494812363029213455e-12 -1.460947692723180424e-01 -4.005097310862469833e-11 8.009580265566246249e-01 7.315792388689694448e-02 3.977578546459058621e-11 -8.009580265500936269e-01 7.315792395095188638e-02
1.466000000000000000e+03 3.030322552301712858e+04 5.676486412016612420e-13 -1.155614123888754295e-11 -2.433072094148870657e-01 -4.050249356827638988e-11 8.089451197445580721e-01 1.217755632465373772e-01 4.007487352923460744e-11 -8.089451197329002863e-01 1.217755633122707543e-01
1.467000000000000000e+03 3.032389620891277445e+04 6.384678773190721248e-13 -1.883195601808093648e-11 -4.006135725043377116e-01 -3.797052073492942606e-11 7.534464539152623264e-01 2.004341835360743951e-01 3.725645741194629697e-11 -7.534464538967536873e-01 2.004341835985079812e-01
1.468000000000000000e+03 3.034456689480842033e+04 8.615670594434872146e-13 -2.724055090307966693e-11 -5.997375559169260129e-01 -3.276720697549344671e-11 6.453192769287099395e-01 2.999964575823569901e-01 3.177818598482269507e-11 -6.453192769013981200e-01 2.999964576370834357e-01
1.469000000000000000e+03 3.036523758070406620e+04 1.407053165043824898e-12 -3.638148927912886788e-11 -8.149343894984192316e-01 -2.573744619160210920e-11 5.007209786097620574e-01 4.075906477400034755e-01 2.434591774559543372e-11 -5.007209785737496421e-01 4.075906477831292007e-01
1.470000000000000000e+03 3.038590826659971208e+04 1.519273358174859753e-12 -4.406891047661642860e-11 -1.018126474466897191e+00 -1.778740094403691117e-11 3.380719079690782669e-01 5.091785230664018780e-01 1.610298769488946544e-11 -3.380719079250847914e-01 5.091785230963169484e-01
1.471000000000000000e+03 3.040657895249535795e+04 2.265795519631651280e-12 -4.969934403248249372e-11 -1.183578171986626959e+00 -9.884917163797100210e-12 1.752543425832210344e-01 5.918926499537316976e-01 7.732500381588993032e-12 -1.752543425335185145e-01 5.918926499697854116e-01
1.472000000000000000e+03 3.042724963839100383e+04 2.411840827018090092e-12 -5.345566969056707785e-11 -1.290804639541463850e+00 -2.472553441172557889e-12 2.776412694467531722e-02 6.454905741981621370e-01 2.492047005456438299e-13 -2.776412689134187886e-02 6.454905742015989434e-01
1.473000000000000000e+03 3.044792032428664970e+04 2.343776341492756228e-12 -5.384527330226815057e-11 -1.325852947225006906e+00 3.462565871077948873e-12 -9.223621344849791681e-02 6.629952730705642727e-01 -5.755290163734113386e-12 9.223621350233375538e-02 6.629952730635079172e-01
1.474000000000000000e+03 3.046859101018229558e+04 2.041485383477608272e-12 -5.098613176199624617e-11 -1.281415879700483762e+00 7.757418745834695234e-12 -1.762097691575525149e-01 6.407522828723409836e-01 -9.960496921142803953e-12 1.762097692082940648e-01 6.407522828575090701e-01
1.475000000000000000e+03 3.048926169607794145e+04 2.077268926819390905e-12 -4.483928920260024268e-11 -1.156444204777920204e+00 1.005724074979391297e-11 -2.192336370624853592e-01 5.782363948891596772e-01 -1.209523401666938474e-11 2.192336371074493917e-01 5.782363948698860945e-01
1.476000000000000000e+03 3.050993238197358733e+04 1.551448029171801499e-12 -3.580515699671707480e-11 -9.558415602265959432e-01 1.026724815446718248e-11 -2.200390930615675200e-01 4.778997612732824307e-01 -1.190642365604024020e-11 2.200390930971688197e-01 4.778997612531182271e-01
1.477000000000000000e+03 3.053060306786923320e+04 1.207551173810016588e-12 -2.443853878783994891e-11 -6.903778402137384917e-01 8.543198980466202957e-12 -1.812106241468118828e-01 3.451288115694305936e-01 -9.751120895330358111e-12 1.812106241707211463e-01 3.451288115515271926e-01
1.478000000000000000e+03 3.055127375376487907e+04 8.483756353310501115e-13 -1.102161924118684174e-11 -3.767559909430060472e-01 5.168847749312942134e-12 -1.095392833335625954e-01 1.882769271547311551e-01 -5.836202085809343504e-12 1.095392833442155739e-01 1.882769271421485258e-01
1.479000000000000000e+03 3.057194443966052495e+04 3.253666721963342258e-13 2.841318359742812055e-12 -3.736966135959395030e-02 7.695545961985549954e-13 -1.624220440951273242e-02 1.854228703246744644e-02 -8.296088654220435703e-13 1.624220440640703617e-02 1.854228702730651573e-02
1.480000000000000000e+03 3.059261512555617082e+04 -4.593367020302963888e-13 1.657240251485214561e-11 3.008345079517023013e-01 -3.898336241214457344e-12 8.338890996663948785e-02 -1.506003891348532131e-01 4.558185054711918802e-12 -8.338890998364087426e-02 -1.506003891315648158e-01
1.481000000000000000e+03 3.061328581145181670e+04 -9.571556263279783248e-13 2.845372257594399435e-11 6.088779918796038970e-01 -8.147251244744432408e-12 1.713706096817282920e-01 -3.046585115976001568e-01 9.293009564709387654e-12 -1.713706097106158233e-01 -3.046585115868101212e-01
1.482000000000000000e+03 3.063395649734746257e+04 -1.357126794437852238e-12 3.788044577409964520e-11 8.596743750696125286e-01 -1.089596404279134620e-11 2.296431548583612314e-01 -4.300837321152851667e-01 1.252280838621919191e-11 -2.296431548963374925e-01 -4.300837320991287016e-01
1.483000000000000000e+03 3.065462718324310845e+04 -1.627070392415525914e-12 4.360291956660442003e-11 1.032635602506387196e+00 -1.158934788401814081e-11 2.435668165917797556e-01 -5.165779745225029806e-01 1.339227449718397146e-11 -2.435668166358303521e-01 -5.165779745042684556e-01
1.484000000000000000e+03 3.067529786913875432e+04 -2.260054515977804173e-12 4.606622375343138603e-11 1.117588446213931608e+00 -9.520174088487489418e-12 2.053270736541781827e-01 -5.590540661785623477e-01 1.152014853283235380e-11 -2.053270737006722413e-01 -5.590540661622231955e-01
1.485000000000000000e+03 3.069596855503440020e+04 -2.150193852242077847e-12 4.515847277857057391e-11 1.116554419428435363e+00 -4.923401893950001091e-12 1.160081259455874175e-01 -5.585256257680488723e-01 6.937019892749975394e-12 -1.160081259908711665e-01 -5.585256257584577666e-01
1.486000000000000000e+03 3.071663924093004607e+04 -1.831174080275064952e-12 4.147236002767291259e-11 1.042663479836224427e+00 1.695912298229703743e-12 -1.453081822213628596e-02 -5.215624408586463367e-01 2.130408748907096393e-13 1.453081818052912380e-02 -5.215624408590002759e-01
1.487000000000000000e+03 3.073730992682569195e+04 -1.751979819031241074e-12 3.482146906165382020e-11 9.166993827057073885e-01 9.533843989193394997e-12 -1.698847879254679338e-01 -4.585615980522670387e-01 -7.862538066318454965e-12 1.698847878893870733e-01 -4.585615980651693846e-01
1.488000000000000000e+03 3.075798061272133782e+04 -1.432083750800422690e-12 2.462695794426425848e-11 7.626077714146872744e-01 1.772758870800894732e-11 -3.305557231216733061e-01 -3.815003334767235188e-01 -1.628608094852841071e-11 3.305557230920321832e-01 -3.815003335025852760e-01
1.489000000000000000e+03 3.077865129861698369e+04 -1.047888164264656794e-12 1.944439252129478132e-11 6.034394567890782879e-01 2.511273670333067585e-11 -4.774022946248551169e-01 -3.019068783296987024e-01 -2.394618048866021404e-11 4.774022946009458535e-01 -3.019068783679718093e-01
1.490000000000000000e+03 3.079932198451262957e+04 -7.522992545448969293e-13 1.628064447505728119e-11 4.586933017358080789e-01 3.099713834777341113e-11 -5.941336158725628591e-01 -2.295316255705410480e-01 -3.018049948011475923e-11 5.941336158544539003e-01 -2.295316256185080117e-01
1.491000000000000000e+03 3.081999267040827544e+04 -5.313958222600318239e-13 1.210300931932266864e-11 3.430356303716937116e-01 3.484274656242417199e-11 -6.686985559018153724e-01 -1.717071258905759068e-01 -3.422014101870530964e-11 6.686985558882507785e-01 -1.717071259449255427e-01
1.492000000000000000e+03 3.084066335630392132e+04 -6.188629978872907127e-13 1.379309895703067378e-11 2.660933784909404465e-01 3.606604971777306317e-11 -6.936783562726724917e-01 -1.332452568392387127e-01 -3.558022428249504079e-11 6.936783562618253907e-01 -1.332452568957805950e-01
1.493000000000000000e+03 3.086133404219956719e+04 -2.836919378181502370e-13 2.038640135208164406e-11 2.326395420442369799e-01 3.467145131143188406e-11 -6.662363640813783183e-01 -1.165304563316173214e-01 -3.427166043993271642e-11 6.662363640715245339e-01 -1.165304563861724874e-01
1.494000000000000000e+03 3.088200472809521307e+04 -3.280586390458596439e-13 9.245905894835546905e-12 2.427287924123615326e-01 3.062562973343640060e-11 -5.879612673537201184e-01 -1.215877879011354468e-01 -3.021632298550792204e-11 5.879612673435581360e-01 -1.215877879495705777e-01
1.495000000000000000e+03 3.090267541399085894e+04 -4.560786629052931018e-13 1.108691290188439389e-11 2.915430483053051414e-01 2.437284490031997327e-11 -4.648322141734916313e-01 -1.460057995307375567e-01 -2.378926861688416234e-11 4.648322141617653447e-01 -1.460057995684854448e-01
1.496000000000000000e+03 3.092334609988650482e+04 -5.783999306636674822e-13 1.376213071465219274e-11 3.690754417702429846e-01 1.628539787947790311e-11 -3.072116356511139790e-01 -1.847785050633568571e-01 -1.559031794854119811e-11 3.072116356367730061e-01 -1.847785050877570889e-01
1.497000000000000000e+03 3.094401678578215069e+04 -9.131843976458010302e-13 1.654197500073773010e-11 4.600221240683198265e-01 7.202285249598655122e-12 -1.295928793358704645e-01 -2.302513288046167950e-01 -6.265061763751570484e-12 1.295928793185607830e-01 -2.302513288140480563e-01
1.498000000000000000e+03 3.096468747167779657e+04 -9.193611223444108347e-13 1.937136832046297647e-11 5.444836242590899156e-01 -2.124513845099860814e-12 5.030844090945366109e-02 -2.724720804396444374e-01 3.084607098052307991e-12 -5.030844092934379924e-02 -2.724720804333759516e-01
1.499000000000000000e+03 3.098535815757344244e+04 -9.734733582231713045e-13 2.048861082102782089e-11 6.000206899206721456e-01 -1.059072684093882310e-11 2.134260542496239921e-01 -3.002196045653834355e-01 1.163784202184433381e-11 -2.134260542708386055e-01 -3.002196045454361695e-01
1.500000000000000000e+03 3.100602884346908832e+04 -1.352633938912731099e-12 2.025200391983606046e-11 6.052094245306679499e-01 -1.730078215883976755e-11 3.421354400880414204e-01 -3.027823106892690297e-01 1.846885882728778271e-11 -3.421354401087650654e-01 -3.027823106578809709e-01
1.501000000000000000e+03 3.102669952936473419e+04 -9.707317489962642339e-13 1.738986607795884631e-11 5.441051297774397444e-01 -2.164752547638043657e-11 4.234068778314072912e-01 -2.721906213577832689e-01 2.262893845200737976e-11 -4.234068778492764418e-01 -2.721906213193503454e-01
1.502000000000000000e+03 3.104737021526038006e+04 -5.425726845269978849e-13 1.191206832893006595e-11 4.102973104651302938e-01 -2.328118240938945975e-11 4.513558857181223516e-01 -2.052439506370279665e-01 2.405310716972175553e-11 -4.513558857303738292e-01 -2.052439505962200539e-01
1.503000000000000000e+03 3.106804090115602594e+04 -4.020266522596630978e-13 4.025920785805862944e-12 2.090341708041851820e-01 -2.226029795305797848e-11 4.282574998712375125e-01 -1.045714582888790101e-01 2.270570518389238367e-11 -4.282574998755648843e-01 -1.045714582502976081e-01
1.504000000000000000e+03 3.108871158705167181e+04 -9.911032995124289036e-14 -5.366936094699756538e-12 -4.346707832336144106e-02 -1.910615299009355073e-11 3.636491148750506941e-01 2.171443381240482223e-02 1.910770477290961098e-11 -3.636491148700610743e-01 2.171443384515162403e-02
1.505000000000000000e+03 3.110938227294731769e+04 5.263493791745880105e-13 -1.603127188721709584e-11 -3.232634956514939817e-01 -1.459459591888211494e-11 2.719099143341516811e-01 1.616405256788360778e-01 1.400227336464544821e-11 -2.719099143184976475e-01 1.616405257034418397e-01
1.506000000000000000e+03 3.113005295884296356e+04 1.243568634534160415e-12 -2.604229804927360446e-11 -6.032041776163157287e-01 -9.503333517169458050e-12 1.692544009121364768e-01 3.016314931683345413e-01 8.329269931656162110e-12 -1.692544008862404969e-01 3.016314931827211998e-01
1.507000000000000000e+03 3.115072364473860944e+04 1.689317609019783127e-12 -3.543875355989114330e-11 -8.572202013498501083e-01 -4.556419229205631039e-12 7.107374026530881295e-02 4.286540352976118129e-01 2.955643338714926799e-12 -7.107374022986737150e-02 4.286540353034349882e-01
1.508000000000000000e+03 3.117139433063425531e+04 2.077934497059570817e-12 -4.271071463209169900e-11 -1.063368930139052759e+00 -5.147456509123336826e-13 -9.833330170754635627e-03 5.317382435445706657e-01 -1.494693653429188556e-12 9.833330213652029597e-03 5.317382435424469200e-01
1.509000000000000000e+03 3.119206501652990119e+04 2.434798473623638521e-12 -4.823388418983038715e-11 -1.205391930387661903e+00 2.236874046861565538e-12 -6.409033494909403827e-02 6.027561013104922871e-01 -4.546677178688565720e-12 6.409033499701534409e-02 6.027561013035730442e-01
1.510000000000000000e+03 3.121273570242554706e+04 2.552314319428004895e-12 -5.050026954393613502e-11 -1.273137215046485915e+00 3.274285027653690454e-12 -8.590771469072315536e-02 6.366324404165777384e-01 -5.844091332041515469e-12 8.590771474140761199e-02 6.366324404071008747e-01
1.511000000000000000e+03 3.123340638832119294e+04 2.498802609711636869e-12 -5.022386129942616119e-11 -1.262477424469854226e+00 2.626833369431399473e-12 -7.298573089432126848e-02 6.313040228776780616e-01 -5.128915768203218773e-12 7.298573094445766352e-02 6.313040228692630151e-01
1.512000000000000000e+03 3.125407707421683881e+04 2.165690271650427824e-12 -4.668992892674485282e-11 -1.175084584152465750e+00 2.062104002630852537e-13 -2.635969313310611642e-02 5.876069383298757609e-01 -2.544252349443186614e-12 2.635969317955450669e-02 5.876069383252970901e-01
1.513000000000000000e+03 3.127474776011248468e+04 2.069606474829793946e-12 -4.009943938372373055e-11 -1.018521351253865115e+00 -3.642096504464221064e-12 4.953558544917039536e-02 5.093222054930715004e-01 1.650279335403068403e-12 -4.953558540904757362e-02 5.093222054948869371e-01
1.514000000000000000e+03 3.129541844600813056e+04 1.399175616402939026e-12 -3.175996147423821184e-11 -8.063661848839633883e-01 -8.602627739125796004e-12 1.467579926336657625e-01 4.032383221431551923e-01 7.043977781357149144e-12 -1.467579926017867353e-01 4.032383221537739204e-01
1.515000000000000000e+03 3.131608913190377643e+04 1.118606794086718836e-12 -2.219227139671965605e-11 -5.580478527421560697e-01 -1.413507088714529863e-11 2.539090520509295623e-01 2.790685767274235229e-01 1.300941739618652797e-11 -2.539090520288471708e-01 2.790685767476104862e-01
1.516000000000000000e+03 3.133675981779942231e+04 6.163751799943728387e-13 -1.225083584934802896e-11 -2.978619140219710970e-01 -1.929621654538144591e-11 3.566521142073442174e-01 1.489595516891716320e-01 1.871225999646351377e-11 -3.566521141953324370e-01 1.489595517190182572e-01
1.517000000000000000e+03 3.135743050369506818e+04 1.105345833956148155e-13 -2.756796850565347985e-12 -5.262758129184880174e-02 -2.352635651843038087e-11 4.390650165475324940e-01 2.632002761626778264e-02 2.348042904770215991e-11 -4.390650165449862530e-01 2.632002765351327406e-02
1.518000000000000000e+03 3.137810118959071406e+04 -2.520659746666520234e-13 5.505006406677333229e-12 1.520611117262825052e-01 -2.609194046124453275e-11 4.859146177406879485e-01 -7.605289546537175038e-02 2.633499685899399798e-11 -4.859146177462370653e-01 -7.605289542320511909e-02
1.519000000000000000e+03 3.139877187548635993e+04 -3.039702364354280958e-13 1.121929975351905162e-11 2.963380997716485443e-01 -2.583068696968800074e-11 4.855296539363196939e-01 -1.482248556497189618e-01 2.641316983848977061e-11 -4.855296539475207340e-01 -1.482248556075637380e-01
1.520000000000000000e+03 3.141944256138200581e+04 -8.520682506989869268e-13 1.439889887533650269e-11 3.699983391835694468e-01 -2.285395914570292274e-11 4.324901375071573684e-01 -1.850908734190236937e-01 2.366503436909151784e-11 -4.324901375220350230e-01 -1.850908733813900198e-01
1.521000000000000000e+03 3.144011324727765168e+04 -6.952825677224885120e-13 1.506178207162239826e-11 3.744462238113286379e-01 -1.733668205263392802e-11 3.291987529235491095e-01 -1.873501813745521438e-01 1.814619418078226171e-11 -3.291987529390433265e-01 -1.873501813459043930e-01
1.522000000000000000e+03 3.146078393317329756e+04 -9.475716783914291296e-13 1.388204274336251340e-11 3.217876913713541565e-01 -9.690451566268442076e-12 1.856203259337724232e-01 -1.610531259919061875e-01 1.031139961423658577e-11 -1.856203259478850787e-01 -1.610531259764348133e-01
1.523000000000000000e+03 3.148145461906894343e+04 -4.823793778119147179e-13 1.122930792844181124e-11 2.316491903541869068e-01 -7.379413836420677683e-13 1.740172276807470941e-02 -1.160112476994332592e-01 1.183746203605755927e-12 -1.740172277992658653e-02 -1.160112476994104302e-01
1.524000000000000000e+03 3.150212530496458930e+04 -2.507559518945885492e-13 8.036863229836975781e-12 1.267357299985256980e-01 8.521377600601687072e-12 -1.571064988768449133e-01 -6.357634186774095697e-02 -8.365352201269141994e-12 1.571064988686125263e-01 -6.357634188325800295e-02
1.525000000000000000e+03 3.152279599086023518e+04 -1.549601148640775129e-13 4.576554112265657747e-12 2.881946906180569631e-02 1.736445547006834547e-11 -3.197833960413025145e-01 -1.463438883186764759e-02 -1.725553597225782791e-11 3.197833960360274008e-01 -1.463438886222808745e-02
1.526000000000000000e+03 3.154346667675588105e+04 7.491538852416598210e-14 2.523576755711443203e-12 -4.402198214972213169e-02 2.459419099754549179e-11 -4.549738550749397037e-01 2.177560595149344302e-02 -2.461390544811783804e-11 4.549738550719938934e-01 2.177560590891575165e-02
1.527000000000000000e+03 3.156413736265152693e+04 6.211965572279613653e-14 1.700746176938988915e-12 -7.871285681839615411e-02 2.971237628929309547e-11 -5.507528194501021268e-01 3.911528126647960402e-02 -2.991104049399598024e-11 5.507528194479098804e-01 3.911528121547543785e-02
1.528000000000000000e+03 3.158480804854717280e+04 1.540326128052543287e-13 2.602739189751154478e-12 -6.742622546731234789e-02 3.242977240581445531e-11 -5.993954615013812326e-01 3.347029706359616608e-02 -3.262893891325481916e-11 5.993954614982640594e-01 3.347029700801338464e-02
1.529000000000000000e+03 3.160547873444281868e+04 1.201525122685370370e-13 4.931241008737012896e-12 -7.378924382434487970e-03 3.245478980708215963e-11 -5.974468705457871565e-01 3.447749631079507614e-03 -3.250838783542850038e-11 5.974468705405349134e-01 3.447749575976279644e-03
1.530000000000000000e+03 3.162614942033846455e+04 -2.195300134211597268e-13 8.248377742128329119e-12 9.940345716250530150e-02 2.976054988339176425e-11 -5.456822530375653457e-01 -4.994126261018715096e-02 -2.959752916737053772e-11 5.456822530286821182e-01 -4.994126266020937344e-02
1.531000000000000000e+03 3.164682010623411043e+04 -3.634792014611784283e-13 1.355721032687706904e-11 2.459937974375417946e-01 2.471944920863417100e-11 -4.492470103151083860e-01 -1.232350402021865077e-01 -2.419819994208260926e-11 4.492470103011556026e-01 -1.232350402431428432e-01
1.532000000000000000e+03 3.166749079212975630e+04 -9.433859087726314102e-13 1.923964030216748661e-11 4.203899791670032138e-01 1.774301459965122076e-11 -3.177532748713106092e-01 -2.104341026673111903e-01 -1.690605989628151932e-11 3.177532748516945227e-01 -2.104341026956049743e-01
1.533000000000000000e+03 3.168816147802540218e+04 -1.450198779795257211e-12 2.464070112374782793e-11 6.054461798728705269e-01 9.682069956687071993e-12 -1.652335424060395741e-01 -3.029661671345676988e-01 -8.371601842396421564e-12 1.652335423804175973e-01 -3.029661671482921093e-01
1.534000000000000000e+03 3.170883216392104805e+04 -1.852760199856585126e-12 2.968113214153086323e-11 7.796417532291388675e-01 1.309889559495862713e-12 -9.329398647076887763e-03 -3.900700778110032796e-01 3.462102436925724259e-13 9.329398616476669223e-03 -3.900700778098386001e-01
1.535000000000000000e+03 3.172950284981669392e+04 -1.960273956579136043e-12 3.364004727972046315e-11 9.190994959059461955e-01 -6.188417115393058890e-12 1.305198784770151277e-01 -4.598050469145869568e-01 8.196247655251574419e-12 -1.305198785115431193e-01 -4.598050468998234885e-01
1.536000000000000000e+03 3.175017353571233980e+04 -1.950390565321325312e-12 3.597285662233262357e-11 1.001066033415880296e+00 -1.193452623826827175e-11 2.359860627509267339e-01 -5.007915952130117532e-01 1.405671196578463497e-11 -2.359860627873729688e-01 -5.007915951881776184e-01
1.537000000000000000e+03 3.177084422160798567e+04 -2.193690813910496203e-12 3.532275188315416572e-11 1.008249061718331507e+00 -1.508707387436668143e-11 2.932763388031034424e-01 -5.043811319468910481e-01 1.723680879865427696e-11 -2.932763388388189285e-01 -5.043811319161081164e-01
1.538000000000000000e+03 3.179151490750363155e+04 -2.109715561634724938e-12 3.128580274948898152e-11 9.328850933015808700e-01 -1.534680695607602043e-11 2.961441229222977478e-01 -4.666906125099290481e-01 1.731260524689821746e-11 -2.961441229543138043e-01 -4.666906124787579269e-01
1.539000000000000000e+03 3.181218559339927742e+04 -1.683953074112639238e-12 2.517508697851813060e-11 7.788386269534419704e-01 -1.279211718672536779e-11 2.471987709555548418e-01 -3.896526053945097989e-01 1.444296706431178779e-11 -2.471987709816791945e-01 -3.896526053678259771e-01
1.540000000000000000e+03 3.183285627929492330e+04 -1.130810622826718309e-12 1.739910339779034410e-11 5.611107767759954124e-01 -8.100736333532384954e-12 1.571894910450547522e-01 -2.807696207077639561e-01 9.271389869978536343e-12 -1.571894910629581810e-01 -2.807696206896093671e-01
1.541000000000000000e+03 3.185352696519056917e+04 -8.363037097957356458e-13 7.979046282334084501e-12 3.027126682036465621e-01 -1.992040057554238748e-12 4.236419890383071041e-02 -1.515500191678556263e-01 2.693242431952914429e-12 -4.236419891201741172e-02 -1.515500191604796099e-01
1.542000000000000000e+03 3.187419765108621505e+04 -1.660736140946729126e-13 -2.106829376445913188e-12 3.029506490388076193e-02 4.463001387386551310e-12 -7.891764736511913680e-02 -1.532135944664808798e-02 -4.299495329265174402e-12 7.891764736679758585e-02 -1.532135945112394169e-02
1.543000000000000000e+03 3.189486833698186092e+04 4.873422722902713452e-13 -1.177407613308357895e-11 -2.300801030317284612e-01 1.023914421320931862e-11 -1.892786582015542618e-01 1.148848840985287334e-01 -1.071789096193509202e-11 1.892786582131777695e-01 1.148848840837995294e-01
1.544000000000000000e+03 3.191553902287750680e+04 1.040593063192237145e-12 -1.977978314604982903e-11 -4.559907948626117369e-01 1.471369407501946864e-11 -2.744138403364076995e-01 2.278585004638902511e-01 -1.563700089741218265e-11 2.744138403559210349e-01 2.278585004403463343e-01
1.545000000000000000e+03 3.193620970877315267e+04 1.338618517549647192e-12 -2.614363246223591850e-11 -6.302669031819756462e-01 1.728608086812070345e-11 -3.240723719628113009e-01 3.150153550454231066e-01 -1.862511262778770195e-11 3.240723719888100596e-01 3.150153550168210415e-01
1.546000000000000000e+03 3.195688039466879854e+04 1.625095373738204404e-12 -2.993766231625773088e-11 -7.414915621796532852e-01 1.765002425109549852e-11 -3.322374866760239298e-01 3.706472472654359640e-01 -1.926937038411590287e-11 3.322374867056079317e-01 3.706472472351440284e-01
1.547000000000000000e+03 3.197755108056444442e+04 1.503051171082438302e-12 -3.183181942082698452e-11 -7.839590225711170479e-01 1.570194482940166593e-11 -2.969432477524565628e-01 3.919008676625727605e-01 -1.732840379297729085e-11 2.969432477839473727e-01 3.919008676352495057e-01
1.548000000000000000e+03 3.199822176646009029e+04 1.712412513586190539e-12 -3.122056071959580572e-11 -7.576035394574763826e-01 1.142719752393339564e-11 -2.200938622303427461e-01 3.787425885011095894e-01 -1.316142768987057874e-11 2.200938622610571493e-01 3.787425884806257526e-01
1.549000000000000000e+03 3.201889245235573617e+04 1.251381445345887968e-12 -2.762229751919549727e-11 -6.680777417821586184e-01 5.286109116392470708e-12 -1.073925917509906403e-01 3.339978573227974645e-01 -6.674817615329418806e-12 1.073925917783024736e-01 3.339978573123043581e-01
1.550000000000000000e+03 3.203956313825138204e+04 1.286495429292359354e-12 -2.268569489333475073e-11 -5.270848561173757663e-01 -2.421191209009755833e-12 3.155714867493326914e-02 2.635173408881031354e-01 1.151389365127353463e-12 -3.155714865257683993e-02 2.635173408903981884e-01
1.551000000000000000e+03 3.206023382414702792e+04 9.812759589359688665e-13 -1.603328251366183773e-11 -3.523103069693753753e-01 -1.066744057811001852e-11 1.834247518553256406e-01 1.761427827817710623e-01 9.802129948108138912e-12 -1.834247518396601440e-01 1.761427827981330574e-01
1.552000000000000000e+03 3.208090451004267379e+04 6.480371224426088604e-13 -8.725680689428570010e-12 -1.666648058899743989e-01 -1.880654791102481030e-11 3.317749991791322239e-01 8.332875479588479350e-02 1.842322205848056573e-11 -3.317749991703860535e-01 8.332875482586843408e-02
1.553000000000000000e+03 3.210157519593831967e+04 -1.324916529959048379e-13 -2.052942404413135903e-12 3.956039778026030490e-03 -2.577974881568376851e-11 4.586268906757143271e-01 -1.977290730981667161e-03 2.575747228634376328e-11 -4.586268906738303341e-01 -1.977290688906367753e-03
1.554000000000000000e+03 3.212224588183396554e+04 -2.273218126799897312e-13 3.212406431566526842e-12 1.343999681160889526e-01 -3.063631211682379136e-11 5.469313246714264665e-01 -6.719907746880653121e-02 3.092876390153880535e-11 -5.469313246744864632e-01 -6.719907741862445050e-02
1.555000000000000000e+03 3.214291656772961142e+04 -3.453328460335397997e-13 6.086092047667955248e-12 2.049270283862508479e-01 -3.272089647666568249e-11 5.836131176598691184e-01 -1.024661821829871977e-01 3.308792093148486332e-11 -5.836131176662403552e-01 -1.024661821293226388e-01
1.556000000000000000e+03 3.216358725362525729e+04 -4.249048097781203287e-13 6.705263354083079383e-12 2.054826316329744496e-01 -3.150809494810050586e-11 5.623439466867136138e-01 -1.027508636553088189e-01 3.200061874132090708e-11 -5.623439466935757913e-01 -1.027508636038136774e-01
1.557000000000000000e+03 3.218425793952090316e+04 -3.355394046498043755e-13 4.558510649499023093e-12 1.379547306454577960e-01 -2.727667369619813659e-11 4.850337688438544625e-01 -6.899686641608057669e-02 2.757861149413535712e-11 -4.850337688485472643e-01 -6.899686637188152949e-02
1.558000000000000000e+03 3.220492862541654904e+04 7.093960250124497790e-14 3.334687712645105567e-13 1.558866333732141819e-02 -2.047618983659403177e-11 3.615135559375079466e-01 -7.826850602855971520e-03 2.040610851189574550e-11 -3.615135559381016939e-01 -7.826850570794250186e-03
1.559000000000000000e+03 3.222559931131219491e+04 2.285538072292019563e-13 -4.916710157817990168e-12 -1.402662750779975209e-01 -1.189353907771676698e-11 2.074647202669726853e-01 7.008454299522652586e-02 1.160489873595387830e-11 -2.074647202620629460e-01 7.008454301253620733e-02
1.560000000000000000e+03 3.224626999720784079e+04 6.686785285383557359e-13 -1.109724508010350988e-11 -3.047379744607143781e-01 -2.719684047583552485e-12 4.140464378612793150e-02 1.523016113980226183e-01 2.051888750321653846e-12 -4.140464377544068875e-02 1.523016113994384302e-01
1.561000000000000000e+03 3.226694068310348666e+04 9.137148004853089408e-13 -1.613667409535069696e-11 -4.538342249545845308e-01 6.163644859259730540e-12 -1.183201113004443833e-01 2.268291707805938084e-01 -7.198366319811007616e-12 1.183201113163953183e-01 2.268291707670977431e-01
1.562000000000000000e+03 3.228761136899913254e+04 1.285090119936326438e-12 -2.002600503868010781e-11 -5.674897756766458246e-01 1.385022434835142703e-11 -2.557473599008230902e-01 2.836359805526787459e-01 -1.520155406277640586e-11 2.557473599207360504e-01 2.836359805255610489e-01
1.563000000000000000e+03 3.230828205489477841e+04 1.586748547144919321e-12 -2.233942059122554482e-11 -6.310861087805516023e-01 1.967213485043430342e-11 -3.585406904759108060e-01 3.154142702173473034e-01 -2.115808223018818174e-11 3.585406904980502629e-01 3.154142701806726956e-01
1.564000000000000000e+03 3.232895274079042429e+04 1.592977938268510126e-12 -2.221264760490744942e-11 -6.357757076413556030e-01 2.310300758154122951e-11 -4.184223158911405394e-01 3.177415239965514782e-01 -2.464301631098332480e-11 4.184223159128689917e-01 3.177415239541564462e-01
1.565000000000000000e+03 3.234962342668607016e+04 1.422349979557689524e-12 -1.953624882549758126e-11 -5.782618057213534390e-01 2.392747088733747611e-11 -4.312020531785009103e-01 2.889701539142254250e-01 -2.528501211928625914e-11 4.312020531976831217e-01 2.889701538707571404e-01
1.566000000000000000e+03 3.237029411258171604e+04 1.160618377334139128e-12 -1.485408012075907542e-11 -4.604714480754495409e-01 2.213563171787015068e-11 -3.966852175666242264e-01 2.300638851769364057e-01 -2.322931623303204215e-11 3.966852175809880698e-01 2.300638851365738036e-01
1.567000000000000000e+03 3.239096479847736191e+04 7.948243991115356795e-13 -8.152304216172711724e-12 -2.896073229094386914e-01 1.789580420799061535e-11 -3.188184896742418672e-01 1.446234951425699466e-01 -1.853180070628762143e-11 3.188184896817206626e-01 1.446234951101657007e-01
1.568000000000000000e+03 3.241163548437300778e+04 2.856539305095131532e-13 3.760785692040980040e-13 -7.826943891422040445e-02 1.165598434140145619e-11 -2.058415686967308700e-01 3.894763619906012331e-02 -1.189137809569088770e-11 2.058415686962170588e-01 3.894763617729743443e-02
1.569000000000000000e+03 3.243230617026865366e+04 -4.177641553214876472e-13 9.648123633817404807e-12 1.554856802416754169e-01 4.223963031323543990e-12 -7.036655788542198198e-02 -7.793706413830940594e-02 -3.809904977652522854e-12 7.036655787545406660e-02 -7.793706414672446625e-02
1.570000000000000000e+03 3.245297685616429953e+04 -8.697592187189884768e-13 1.850163620332145503e-11 3.888211962722716852e-01 -3.688501840429630317e-12 7.111917717839809361e-02 -1.946131243652352849e-01 4.539354948257871670e-12 -7.111917719720352304e-02 -1.946131243599601712e-01
1.571000000000000000e+03 3.247364754205994541e+04 -1.433752431406847474e-12 2.588949104853931130e-11 5.960660563205049112e-01 -1.096007724110653323e-11 1.997235714888835334e-01 -2.982445466603363959e-01 1.232843253494090479e-11 -1.997235715156244484e-01 -2.982445466426042469e-01
1.572000000000000000e+03 3.249431822795559128e+04 -1.847569976789012292e-12 3.132940556510092298e-11 7.521498280831019345e-01 -1.623731854068734711e-11 2.967549531198632740e-01 -3.762944844146736689e-01 1.798154146572748081e-11 -2.967549531516738281e-01 -3.762944843869279188e-01
1.573000000000000000e+03 3.251498891385123716e+04 -1.937962498236360646e-12 3.353412919353812175e-11 8.370818999884038769e-01 -1.902216261333779673e-11 3.471314611630002545e-01 -4.187658217562195140e-01 2.108333566702499706e-11 -3.471314611974140596e-01 -4.187658217230616486e-01
1.574000000000000000e+03 3.253565959974688303e+04 -1.703885407737178750e-12 3.336294158004417091e-11 8.401822813480921415e-01 -1.881138978485952050e-11 3.425948003693137234e-01 -4.203174909708434215e-01 2.074430197032617458e-11 -3.425948004032480232e-01 -4.203174909378910584e-01
1.575000000000000000e+03 3.255633028564252891e+04 -1.752759623089037778e-12 2.978815683241865935e-11 7.626127241276879909e-01 -1.554424193695466373e-11 2.836615345651412601e-01 -3.815304598385682588e-01 1.737118292156023806e-11 -2.836615345951477019e-01 -3.815304598104115041e-01
1.576000000000000000e+03 3.257700097153817478e+04 -1.403335420697285486e-12 2.327239253848647690e-11 6.171449751895022873e-01 -9.700450802825477303e-12 1.794896163548496959e-01 -3.087918209110353529e-01 1.110988991229919542e-11 -1.794896163788503030e-01 -3.087918208922185159e-01
1.577000000000000000e+03 3.259767165743382066e+04 -8.326649416831994074e-13 1.551018968466476574e-11 4.252245184750328977e-01 -2.116647243238482189e-12 4.569434658195557081e-02 -2.128261943581939153e-01 3.115851061306899912e-12 -4.569434659767813989e-02 -2.128261943514458687e-01
1.578000000000000000e+03 3.261834234332946653e+04 -4.696116035894178607e-13 6.375088967693425059e-12 2.125529045631150693e-01 5.979770967832107834e-12 -9.896135016969501152e-02 -1.064860219634870264e-01 -5.501794126688475644e-12 9.896135016257018302e-02 -1.064860219705319189e-01
1.579000000000000000e+03 3.263901302922511240e+04 2.140917158656093531e-14 -1.971574851854253198e-12 4.694183078606293559e-03 1.373989849562013883e-11 -2.358774019645490105e-01 -2.553919169994905720e-03 -1.372077561166502127e-11 2.358774019658164134e-01 -2.553919189565343438e-03
1.580000000000000000e+03 3.265968371512075828e+04 5.779331302936269754e-13 -9.600840094103235976e-12 -1.761688323370603215e-01 2.005389499857704977e-11 -3.490720124053056095e-01 8.787939482758870546e-02 -2.047705535235048675e-11 3.490720124143600889e-01 8.787939479751370742e-02
1.581000000000000000e+03 3.268035440101640415e+04 6.283192397036540416e-13 -1.496093646037957081e-11 -3.129549411298120920e-01 2.443488498244632170e-11 -4.264799835314257437e-01 1.562746840657228131e-01 -2.514298777060450764e-11 4.264799835457781518e-01 1.562746840282832339e-01
1.582000000000000000e+03 3.270102508691205003e+04 1.074335780453020802e-12 -1.838823453396367009e-11 -3.942460386776875936e-01 2.626579990517604932e-11 -4.603843328393206202e-01 1.969241179182223689e-01 -2.723935697005751409e-11 4.603843328574295790e-01 1.969241178777569878e-01
1.583000000000000000e+03 3.272169577280769590e+04 9.391494962892011352e-13 -1.945340298467740125e-11 -4.141957466339610816e-01 2.579154672305128125e-11 -4.473225329118605265e-01 2.069051287538480055e-01 -2.671262776171181175e-11 4.473225329309286069e-01 2.069051287143874318e-01
1.584000000000000000e+03 3.274236645870334178e+04 9.559914977936931270e-13 -1.823695350053724306e-11 -3.723856258044307421e-01 2.227061843075851333e-11 -3.879385463531271894e-01 1.860084471190664723e-01 -2.312832127491557232e-11 3.879385463708479032e-01 1.860084470855546679e-01
1.585000000000000000e+03 3.276303714459898765e+04 7.283242788777780957e-13 -1.441428902443881471e-11 -2.738687720755800248e-01 1.649628612204270205e-11 -2.869429393935288841e-01 1.367599644727214014e-01 -1.710155732750873637e-11 2.869429394076301043e-01 1.367599644486522659e-01
1.586000000000000000e+03 3.278370783049463353e+04 7.370983572189366400e-14 -8.993017197763676404e-12 -1.294678013475268064e-01 8.901119557651115002e-12 -1.532373764664722859e-01 6.456985900727495176e-02 -9.050702564766452323e-12 1.532373764753098278e-01 6.456985899577703802e-02
1.587000000000000000e+03 3.280437851639027940e+04 -4.397442855535239639e-14 -2.280508244162118849e-12 4.412453780729711644e-02 4.109777221341838993e-15 1.330854592790086137e-04 -2.221675626936009049e-02 9.617433789335413120e-14 -1.330854573722039841e-04 -2.221675626619730448e-02
1.588000000000000000e+03 3.282504920228592528e+04 -2.960323735621241788e-13 5.067139984120346558e-12 2.249380368637076411e-01 -8.924885522499291031e-12 1.565312979717879971e-01 -1.126156219235357331e-01 9.495620746160235586e-12 -1.565312979769489243e-01 -1.126156219056665825e-01
1.589000000000000000e+03 3.284571988818157115e+04 -8.187031056013927688e-13 1.143608002089964903e-11 3.876317362527812449e-01 -1.710053507657158878e-11 2.971981666542276024e-01 -1.939562789721217817e-01 1.803751272830094936e-11 -2.971981666660109545e-01 -1.939562789412018484e-01
1.590000000000000000e+03 3.286639057407721702e+04 -1.262603343480054377e-12 1.722648272166621281e-11 5.069692395236612414e-01 -2.322207194718012568e-11 4.037796662305918050e-01 -2.536198319801012402e-01 2.450730843250009590e-11 -4.037796662482782684e-01 -2.536198319394874501e-01
1.591000000000000000e+03 3.288706125997286290e+04 -1.485353183809138433e-12 1.998387547271611927e-11 5.624098063376996581e-01 -2.655909040313481894e-11 4.615610787973362106e-01 -2.813350538609442619e-01 2.799579575975727861e-11 -4.615610788176487955e-01 -2.813350538152722957e-01
1.592000000000000000e+03 3.290773194586850877e+04 -1.207007103091970298e-12 2.002556217498014988e-11 5.425733843424448422e-01 -2.670911241760039248e-11 4.625409887291985211e-01 -2.714114934746235108e-01 2.802285632303427061e-11 -4.625409887495453565e-01 -2.714114934295338566e-01
1.593000000000000000e+03 3.292840263176415465e+04 -1.026294387579901659e-12 1.677611294430116439e-11 4.479541043084134810e-01 -2.362327329607010778e-11 4.072470932132022381e-01 -2.240965173104622621e-01 2.463027311399006611e-11 -4.072470932305575775e-01 -2.240965172713327846e-01
1.594000000000000000e+03 3.294907331765980052e+04 -7.191467147634292349e-13 1.181807187530090656e-11 2.908297525693359642e-01 -1.772514198753607493e-11 3.046052238509636134e-01 -1.455299474087839995e-01 1.841173611101416657e-11 -3.046052238629982090e-01 -1.455299473801134336e-01
1.595000000000000000e+03 3.296974400355544640e+04 -1.862054288295211807e-13 4.572530223064102758e-12 9.237086417128104188e-02 -9.964102870730964041e-12 1.698957467120714715e-01 -4.629813441505403054e-02 1.019160834965123380e-11 -1.698957467168670243e-01 -4.629813439987951612e-02
1.596000000000000000e+03 3.299041468945109227e+04 2.211570518900459562e-13 -3.446469697794510086e-12 -1.218812912942052185e-01 -1.442024335619846365e-12 2.158379890340066803e-02 6.082771735116880574e-02 1.132366760594177383e-12 -2.158379890030639320e-02 6.082771735134007846e-02
1.597000000000000000e+03 3.301108537534673815e+04 8.942806899533910348e-13 -1.147204383312001509e-11 -3.265342510558963407e-01 6.814855901800743476e-12 -1.218589041224176078e-01 1.631517486200349532e-01 -7.592152320139010775e-12 1.218589041336871626e-01 1.631517486060022337e-01
1.598000000000000000e+03 3.303175606124238402e+04 1.345370114186804654e-12 -1.865143830994482553e-11 -4.996933311216227303e-01 1.392712768262552858e-11 -2.443468962928750099e-01 2.497277647221370633e-01 -1.515949055193398460e-11 2.443468963112694070e-01 2.497277646962296482e-01
1.599000000000000000e+03 3.305242674713802990e+04 1.546435506240029458e-12 -2.392868880450038680e-11 -6.247452101157545679e-01 1.910911069829129966e-11 -3.335061632072822135e-01 3.122504354461883569e-01 -2.067604545933770582e-11 3.335061632308375379e-01 3.122504354112721758e-01
1.600000000000000000e+03 3.307309743303367577e+04 1.793105029819980597e-12 -2.627807035212235918e-11 -6.908707414956162252e-01 2.185684739073847411e-11 -3.811173142316901519e-01 3.453111935765421636e-01 -2.369116389382617031e-11 3.811173142579629691e-01 3.453111935370587471e-01
1.601000000000000000e+03 3.309376811892932164e+04 1.735842644755982805e-12 -2.687952606680443709e-11 -6.928876926598837027e-01 2.199785911989427536e-11 -3.830767046781057283e-01 3.463194466936883043e-01 -2.383114242361009056e-11 3.830767047045497975e-01 3.463194466542048877e-01
1.602000000000000000e+03 3.311443880482496752e+04 1.605281974852540850e-12 -2.394712906927995543e-11 -6.310188755290411233e-01 1.950966497206053972e-11 -3.392838604784845224e-01 3.153866839441954451e-01 -2.117211211090868419e-11 3.392838605023252851e-01 3.153866839085142648e-01
1.603000000000000000e+03 3.313510949072061339e+04 1.378280755525473887e-12 -1.969005563053236903e-11 -5.108212105367839762e-01 1.460667576543729099e-11 -2.536048431281583415e-01 2.552910114865416524e-01 -1.586179120930712353e-11 2.536048431474889897e-01 2.552910114595609570e-01
1.604000000000000000e+03 3.315578017661625927e+04 9.059746096047641180e-13 -1.268617833501441255e-11 -3.434287437064530435e-01 7.543227931773548153e-12 -1.340337081157932098e-01 1.715986214287561484e-01 -8.488290536063024385e-12 1.340337081282844955e-01 1.715986214136044630e-01
1.605000000000000000e+03 3.317645086251190514e+04 3.143933748210129039e-13 -4.350595774463245858e-12 -1.456466183960817840e-01 -6.307346540040426151e-13 7.289151921863040555e-03 7.271092769738703165e-02 2.706605437244497325e-13 -7.289151917684056139e-03 7.271092769589126981e-02
1.606000000000000000e+03 3.319712154840755102e+04 -1.090124477080788368e-13 4.065202510467573131e-12 6.057017710600558213e-02 -9.191970431832447542e-12 1.545121861953138165e-01 -3.039557353134291623e-02 9.431934948957597947e-12 -1.545121861998125234e-01 -3.039557351837207655e-02
1.607000000000000000e+03 3.321779223430319689e+04 -6.065232912466645054e-13 1.205945777783771854e-11 2.498782276930035795e-01 -1.705443723568696045e-11 2.893869124921727431e-01 -1.250494520736077642e-01 1.785114589281265106e-11 -2.893869125045041568e-01 -1.250494520475062266e-01
1.608000000000000000e+03 3.323846292019884277e+04 -8.757116746613647267e-13 1.842965638567217196e-11 3.968390862775824646e-01 -2.322728243126587794e-11 3.936420821272398896e-01 -1.985309067930904336e-01 2.434724257611721146e-11 -3.936420821461594777e-01 -1.985309067570552588e-01
1.609000000000000000e+03 3.325913360609448864e+04 -1.187939409082368952e-12 2.243481859002681575e-11 4.803734865415542066e-01 -2.674160025581807906e-11 4.521392135927136402e-01 -2.402993202908830228e-01 2.801061231293901769e-11 -4.521392136156524022e-01 -2.402993202491274238e-01
1.610000000000000000e+03 3.327980429199013452e+04 -1.153109900194712039e-12 2.283320733975419064e-11 4.882178195657386199e-01 -2.699354484128691370e-11 4.559984754629799464e-01 -2.442221643122463037e-01 2.814047503674528092e-11 -4.559984754860214595e-01 -2.442221642702281093e-01
1.611000000000000000e+03 3.330047497788578039e+04 -1.286493601620847447e-12 2.013159978390970075e-11 4.198211112402788214e-01 -2.401063594951017019e-11 4.046221472609027314e-01 -2.100239306293903152e-01 2.515501122121491700e-11 -4.046221472814779396e-01 -2.100239305927613931e-01
1.612000000000000000e+03 3.332114566378142626e+04 -4.452992732338402123e-13 1.445849642265622876e-11 2.865077456053886640e-01 -1.824870330543688638e-11 3.058172121515834729e-01 -1.433675193408310566e-01 1.894054569774913134e-11 -3.058172121662441900e-01 -1.433675193136448311e-01
1.613000000000000000e+03 3.334181634967707214e+04 -3.295420079240618202e-13 6.684116666607683693e-12 1.088444669361205569e-01 -1.043154757640277607e-11 1.739766202689045638e-01 -5.453735079281896853e-02 1.075612468878953206e-11 -1.739766202762234870e-01 -5.453735077836378842e-02
1.614000000000000000e+03 3.336248703557271801e+04 1.487052342103801074e-13 -1.735863669943282486e-12 -8.773500296650924013e-02 -1.827242393317415807e-12 2.703712344831921480e-02 4.374896783224743735e-02 1.547371020537356844e-12 -2.703712344682345989e-02 4.374896783271556983e-02
1.615000000000000000e+03 3.338315772146836389e+04 8.288693114558937842e-13 -1.052987201353059898e-11 -2.774758113424611872e-01 6.721860953731236795e-12 -1.167105906934856052e-01 1.386140634119493453e-01 -7.455403054875505991e-12 1.167105907035334428e-01 1.386140633990926851e-01
1.616000000000000000e+03 3.340382840736400976e+04 1.048153648462403940e-12 -1.797568263818312992e-11 -4.377852416207784758e-01 1.417710736723972235e-11 -2.411032409125748455e-01 2.187624018381563729e-01 -1.526622513251875237e-11 2.411032409299758428e-01 2.187624018139388282e-01
1.617000000000000000e+03 3.342449909325965564e+04 1.538249507646310309e-12 -2.371761989331691623e-11 -5.511872271978086602e-01 1.968314020002220482e-11 -3.335378688999393604e-01 2.754570578710617279e-01 -2.109877027237399108e-11 3.335378689231407456e-01 2.754570578386117963e-01
1.618000000000000000e+03 3.344516977915530151e+04 1.779870332496431489e-12 -2.681357446429634606e-11 -6.059824316847142178e-01 2.280323452091765380e-11 -3.854985581653192495e-01 3.028492570334003209e-01 -2.438378729542803977e-11 3.854985581918432547e-01 3.028492569967827786e-01
1.619000000000000000e+03 3.346584046505094739e+04 1.762443530416912730e-12 -2.753729224805901279e-11 -5.961991166250462104e-01 2.329128848036244322e-11 -3.925708673072881849e-01 2.979535954629584649e-01 -2.481548640474586481e-11 3.925708673343945021e-01 2.979535954264551645e-01
1.620000000000000000e+03 3.348651115094659326e+04 1.318497962742133215e-12 -2.507421809814154072e-11 -5.213830379925404879e-01 2.104563978519762986e-11 -3.543221646930493907e-01 2.605429640344683051e-01 -2.240884336973538192e-11 3.543221647180775924e-01 2.605429640025321847e-01
1.621000000000000000e+03 3.350718183684223914e+04 1.160260864889790664e-12 -2.038535883351988157e-11 -3.865898574304641455e-01 1.634677861047249303e-11 -2.743002092960138416e-01 1.931447064158662019e-01 -1.733301948536497262e-11 2.743002093158583565e-01 1.931447063924364715e-01
1.622000000000000000e+03 3.352785252273788501e+04 4.375182966889598546e-13 -1.319186577101735032e-11 -2.026207837420775371e-01 9.575997069262101251e-12 -1.601964213291040828e-01 1.011583832218009155e-01 -1.008485363741468556e-11 1.601964213420749295e-01 1.011583832101203007e-01
1.623000000000000000e+03 3.354852320863353088e+04 1.407116012641881505e-13 -4.629560577634867766e-12 1.385491733751519246e-02 1.437691898826596633e-12 -2.391402943888304086e-02 -7.082759315342209913e-03 -1.403320594761263298e-12 2.391402944341598086e-02 -7.082759313435405338e-03
1.624000000000000000e+03 3.356919389452917676e+04 -4.398650344711142916e-13 4.367609132627862685e-12 2.407862191990782219e-01 -7.006153582816332968e-12 1.187942043875934162e-01 -1.205542792545231529e-01 7.681902581059314562e-12 -1.187942043924803126e-01 -1.205542792385722178e-01
1.625000000000000000e+03 3.358986458042482263e+04 -1.222900323376015605e-12 1.331973168157431195e-11 4.524671753597601098e-01 -1.486331264839239257e-11 2.495672655895951608e-01 -2.264032125108718652e-01 1.599328535586826417e-11 -2.495672656033538217e-01 -2.264032124820756775e-01
1.626000000000000000e+03 3.361053526632046851e+04 -1.741136295970432939e-12 2.128699026347707691e-11 6.227922251719802960e-01 -2.091960012668411864e-11 3.497546762076559346e-01 -3.115755604632465814e-01 2.250642463438721877e-11 -3.497546762293501366e-01 -3.115755604250648458e-01
1.627000000000000000e+03 3.363120595221611438e+04 -1.917117988988916483e-12 2.595082129113753908e-11 7.297642340970115216e-01 -2.405831101852407295e-11 4.036563603286963953e-01 -3.650709246547461095e-01 2.597385917686119927e-11 -4.036563603555743396e-01 -3.650709246116546347e-01
1.628000000000000000e+03 3.365187663811176026e+04 -1.836005225975301316e-12 2.835669219652403487e-11 7.600185423406095042e-01 -2.401549420942157253e-11 4.017923692913575318e-01 -3.802054277735886223e-01 2.593913169180067490e-11 -4.017923693202222202e-01 -3.802054277310565888e-01
1.629000000000000000e+03 3.367254732400740613e+04 -1.730093938768803782e-12 2.726202959070351105e-11 7.118557391226001396e-01 -2.040420476007547118e-11 3.431625164986802368e-01 -3.561287243641897415e-01 2.220078259102002158e-11 -3.431625165266771749e-01 -3.561287243280061299e-01
1.630000000000000000e+03 3.369321800990305201e+04 -1.165229407287644496e-12 2.347142453587340381e-11 5.954891297309073961e-01 -1.392275279714169499e-11 2.355364040398253700e-01 -2.979479104583841464e-01 1.543590927669028077e-11 -2.355364040637232259e-01 -2.979479104336185680e-01
1.631000000000000000e+03 3.371388869579869788e+04 -1.059207530499639824e-12 1.739112849136893210e-11 4.305155246413443493e-01 -5.268680955290263764e-12 9.373420991876070529e-02 -2.154626456450061123e-01 6.406572672504585280e-12 -9.373420993672119950e-02 -2.154626456348212593e-01
1.632000000000000000e+03 3.373455938169434376e+04 -5.330987847762050390e-13 1.001270868214225717e-11 2.415209193930470954e-01 4.325616434214257120e-12 -6.351702485678409338e-02 -1.209673020552485545e-01 -3.719520842197086510e-12 6.351702484576572660e-02 -1.209673020606378546e-01
1.633000000000000000e+03 3.375523006758998963e+04 2.279406422232937401e-14 2.671618861904238138e-12 5.351396989089705902e-02 1.355316081526643734e-11 -2.169489085517266047e-01 -2.696688781926506046e-02 -1.342573115464356441e-11 2.169489085487464886e-01 -2.696688784005722359e-02
1.634000000000000000e+03 3.377590075348563551e+04 9.069285151430160391e-14 -4.279871912352834059e-12 -1.115753744287888705e-01 2.172455826559091978e-11 -3.494270520546961523e-01 5.557401524875045518e-02 -2.195133242615618697e-11 3.494270520584183970e-01 5.557401521514730020e-02
1.635000000000000000e+03 3.379657143938128138e+04 9.490769538468259431e-13 -9.845521509869642697e-12 -2.368420581521303581e-01 2.768778815503471037e-11 -4.475297441205980387e-01 1.182040214010515872e-01 -2.836132380383780899e-11 4.475297441298238255e-01 1.182040213577431470e-01
1.636000000000000000e+03 3.381724212527692725e+04 9.390329824699041900e-13 -1.313218530565168783e-11 -3.110262528151023775e-01 3.111852539303084183e-11 -5.021484203099385590e-01 1.552944382640091270e-01 -3.188690022913928519e-11 5.021484203223499643e-01 1.552944382153799152e-01
1.637000000000000000e+03 3.383791281117257313e+04 8.063635593902546202e-13 -1.424186463620963370e-11 -3.283958332889191922e-01 3.144221514349845502e-11 -5.085113066325235298e-01 1.639800179391171508e-01 -3.230602728066573914e-11 5.085113066461451892e-01 1.639800178897343197e-01
1.638000000000000000e+03 3.385858349706821900e+04 8.735685621497196671e-13 -1.285624696577754418e-11 -2.884802400698602831e-01 2.886954316209425216e-11 -4.660519395283418964e-01 1.440257276294281130e-01 -2.965375820414063393e-11 4.660519395405020582e-01 1.440257275843841445e-01
1.639000000000000000e+03 3.387925418296386488e+04 7.217443772454408563e-13 -8.674670354934242651e-12 -1.959853591666414763e-01 2.362772440597391932e-11 -3.783614407483138486e-01 9.778419824893494483e-02 -2.426737743885651408e-11 3.783614407565804583e-01 9.778419821244305199e-02
1.640000000000000000e+03 3.389992486885951075e+04 3.575302519130151452e-13 -2.793586997479723955e-12 -6.100361106153190383e-02 1.580868401098297574e-11 -2.533096856830772681e-01 3.030088432519818104e-02 -1.597000734566834615e-11 2.533096856853951362e-01 3.030088430101487290e-02
1.641000000000000000e+03 3.392059555475515663e+04 -3.616000760207962471e-13 4.514587415045293484e-12 1.008389869271577172e-01 6.568308110068967101e-12 -1.030580600148048032e-01 -5.061206399677608408e-02 -6.277586557515621823e-12 1.030580600097009691e-01 -5.061206400698376601e-02
1.642000000000000000e+03 3.394126624065080250e+04 -4.439002807710179639e-13 1.247119302616307211e-11 2.687703891272033019e-01 -3.237001580021687625e-12 5.637093678978914724e-02 -1.345690399714474239e-01 3.886227737668505332e-12 -5.637093680298834592e-02 -1.345690399663892478e-01
1.643000000000000000e+03 3.396193692654644838e+04 -1.078959619563885604e-12 2.044041868528336993e-11 4.184259830120011792e-01 -1.252576206258171328e-11 2.064031911930086505e-01 -2.093873435695025043e-01 1.365741918392273275e-11 -2.064031912140291691e-01 -2.093873435505372305e-01
1.644000000000000000e+03 3.398260761244209425e+04 -1.441220599663859462e-12 2.648354967055082489e-11 5.249325560740595309e-01 -2.007162099161349388e-11 3.283046253227264177e-01 -2.626293810122540262e-01 2.153033647910978882e-11 -3.283046253494102951e-01 -2.626293809820420266e-01
1.645000000000000000e+03 3.400327829833774013e+04 -1.307772956441095160e-12 2.951621350690726215e-11 5.672079544758837910e-01 -2.499619607276285753e-11 4.063509904523131544e-01 -2.837532067095541177e-01 2.656112030507814942e-11 -4.063509904818286556e-01 -2.837532066727768143e-01
1.646000000000000000e+03 3.402394898423338600e+04 -1.611133740363099856e-12 2.874517556635137309e-11 5.325568731986473070e-01 -2.660320480175097245e-11 4.310600340450626011e-01 -2.664111184756645101e-01 2.807454772046123460e-11 -4.310600340743040992e-01 -2.664111184371744656e-01
1.647000000000000000e+03 3.404461967012903187e+04 -1.022757434236572869e-12 2.413080125685770254e-11 4.197486478603361659e-01 -2.494984326106913396e-11 4.012056618118054474e-01 -2.099888174825382536e-01 2.611710749914122511e-11 -4.012056618365253957e-01 -2.099888174475421088e-01
1.648000000000000000e+03 3.406529035602467775e+04 -6.164718700845572321e-13 1.674174685078629699e-11 2.396355796927983062e-01 -2.023388606940225481e-11 3.240324888972757056e-01 -1.199142721227146741e-01 2.101439422630309997e-11 -3.240324889141514841e-01 -1.199142720959509023e-01
1.649000000000000000e+03 3.408596104192032362e+04 1.242639550416217591e-13 6.283067316599618055e-12 1.278840336697689532e-02 -1.363183272419317704e-11 2.134040466732866348e-01 -6.474690357314862553e-03 1.361889298203797299e-11 -2.134040466801145897e-01 -6.474690341409600203e-03
1.650000000000000000e+03 3.410663172781596950e+04 4.488928555334017341e-13 -5.752734700177200578e-12 -2.347328272997613596e-01 -5.907835433166476894e-12 8.675215380492298789e-02 1.172988824658695445e-01 5.250514314192809448e-12 -8.675215379964787421e-02 1.172988824695689741e-01
1.651000000000000000e+03 3.412730241371161537e+04 1.285912036751774227e-12 -1.760263479891076634e-11 -4.759936891450619600e-01 1.759987130725285992e-12 -3.813118713011214023e-02 2.379393758104229595e-01 -3.125095802771219520e-12 3.813118714733047115e-02 2.379393758023732874e-01
1.652000000000000000e+03 3.414797309960726125e+04 1.960169610054277239e-12 -2.812685621527146198e-11 -6.868623751958528034e-01 8.351304856290959925e-12 -1.455762587422326781e-01 3.433817702558940033e-01 -1.027260291376726668e-11 1.455762587702866817e-01 3.433817702379563519e-01
1.653000000000000000e+03 3.416864378550290712e+04 2.542092621079889726e-12 -3.693450001756049691e-11 -8.481797550097071037e-01 1.315898760236296429e-11 -2.234496694244408332e-01 4.240474012817634919e-01 -1.547591451872944491e-11 2.234496694611839418e-01 4.240474012569293571e-01
1.654000000000000000e+03 3.418931447139855300e+04 2.716671543509966421e-12 -4.260862034403207490e-11 -9.465825190894003871e-01 1.555883446062567780e-11 -2.636454353655321436e-01 4.732551041538941572e-01 -1.819845281780571000e-11 2.636454354078015538e-01 4.732551041263197145e-01
1.655000000000000000e+03 3.420998515729419887e+04 2.643885868864495645e-12 -4.525569434393038604e-11 -9.745325319104798378e-01 1.548174438916234418e-11 -2.620440415965051839e-01 4.872358957795605017e-01 -1.818157212838512443e-11 2.620440416418232110e-01 4.872358957528766799e-01
1.656000000000000000e+03 3.423065584318984475e+04 2.735814503708030971e-12 -4.423600037960493663e-11 -9.301607037925651023e-01 1.271035834214213540e-11 -2.183513076435706357e-01 4.650550713466282127e-01 -1.529544892770617348e-11 2.183513076877240111e-01 4.650550713254478774e-01
1.657000000000000000e+03 3.425132652908549062e+04 2.359097244856121565e-12 -4.041597873258723549e-11 -8.172361535511944997e-01 7.629950450305720052e-12 -1.360165616171693792e-01 4.085968371702877744e-01 -9.880652577471407443e-12 1.360165616574634806e-01 4.085968371584244863e-01
1.658000000000000000e+03 3.427199721498113649e+04 1.745216867140954095e-12 -3.309700153541613707e-11 -6.454649322491459174e-01 5.015778662676257825e-13 -2.236725324109908528e-02 3.227135785007905211e-01 -2.340981227536192190e-12 2.236725327411991787e-02 3.227135785006306490e-01
1.659000000000000000e+03 3.429266790087678237e+04 1.011601779012406033e-12 -2.376054393403695495e-11 -4.306737725169837439e-01 -7.803035222903082516e-12 1.113334022886707936e-01 2.153176636501177577e-01 6.626625939758126417e-12 -1.113334022651154831e-01 2.153176636635338870e-01
1.660000000000000000e+03 3.431333858677242824e+04 6.188701998638256762e-13 -1.337854008851412920e-11 -1.944862940669987439e-01 -1.649368838818440598e-11 2.501484408320268082e-01 9.721972059511331532e-02 1.592355241358488788e-11 -2.501484408190103315e-01 9.721972062249366331e-02
1.661000000000000000e+03 3.433400927266807412e+04 -1.063612175202737371e-13 -2.600380112521937186e-12 3.723308813057337602e-02 -2.427522038796925198e-11 3.765153405317843704e-01 -1.864895146433714554e-02 2.444041917778414990e-11 -3.765153405294208167e-01 -1.864895142472813155e-02
1.662000000000000000e+03 3.435467995856371999e+04 -3.878792816743541538e-13 6.756283637695646031e-12 2.374936497525557411e-01 -3.030710047447794306e-11 4.722858082352053843e-01 -1.187931532152152470e-01 3.100063049826723922e-11 -4.722858082421246828e-01 -1.187931531663233981e-01
1.663000000000000000e+03 3.437535064445936587e+04 -7.891363014427489895e-13 1.411241063914660440e-11 3.827239045533001316e-01 -3.334965804752289252e-11 5.217273164176979838e-01 -1.914264230979199344e-01 3.440178463579004511e-11 -5.217273164325185730e-01 -1.914264230451117321e-01
1.664000000000000000e+03 3.439602133035501174e+04 -1.588080938999927221e-12 1.845903129075502547e-11 4.575197628472605915e-01 -3.281754411575558405e-11 5.147035779724205007e-01 -2.288453942563140608e-01 3.409249939835813417e-11 -5.147035779912602083e-01 -2.288453942046590472e-01
1.665000000000000000e+03 3.441669201625065762e+04 -1.147490739299215790e-12 1.945904796787710616e-11 4.580842860050104437e-01 -2.864115801712159538e-11 4.490971924767013790e-01 -2.291501451744699103e-01 2.988672413650234190e-11 -4.490971924965230233e-01 -2.291501451295857861e-01
1.666000000000000000e+03 3.443736270214630349e+04 -8.433385947271518455e-13 1.701226191864224533e-11 3.928738512368550317e-01 -2.104538288000517515e-11 3.314584521406667150e-01 -1.965676926907313493e-01 2.208724214102141725e-11 -3.314584521577708665e-01 -1.965676926577790140e-01
1.667000000000000000e+03 3.445803338804194937e+04 -7.615403969851758039e-13 1.200407788643627266e-11 2.803348595540775534e-01 -1.114195174578749912e-11 1.757061827270086085e-01 -1.403205107203866209e-01 1.184468670630965516e-11 -1.757061827397168319e-01 -1.403205107027344078e-01
1.668000000000000000e+03 3.447870407393759524e+04 -2.801477723529448963e-13 5.717190692741954805e-12 1.444862474658871743e-01 1.807636735617380743e-13 2.569963498818966254e-04 -7.241760933203933437e-02 1.696836571951238302e-13 -2.569963560818661454e-04 -7.241760933118299159e-02
1.669000000000000000e+03 3.449937475983324111e+04 -7.535956338691974898e-15 -8.839123514925179265e-13 1.015367677579304823e-02 1.152423415706494076e-11 -1.752718394665777613e-01 -5.271233548081644474e-03 -1.139678286396958276e-11 1.752718394671029800e-01 -5.271233564043996574e-03
1.670000000000000000e+03 3.452004544572888699e+04 2.244715194546096720e-13 -6.853088486815416529e-12 -1.008152887081191218e-01 2.166419304055607061e-11 -3.328668288865381242e-01 5.019578739003646706e-02 -2.194368608956009123e-11 3.328668288928294250e-01 5.019578735939057845e-02
1.671000000000000000e+03 3.454071613162453286e+04 2.218084434987819070e-13 -1.084662215681575026e-11 -1.717149921432874204e-01 2.980857321686278311e-11 -4.579047154979065115e-01 8.563174920250882227e-02 -3.026081142743123871e-11 4.579047155082055509e-01 8.563174916020516170e-02
1.672000000000000000e+03 3.456138681752017874e+04 4.021137553631503399e-13 -1.276498246608012958e-11 -1.916958492106116685e-01 3.511591861091356905e-11 -5.399439853136183132e-01 9.561267304884017715e-02 -3.576556470403797749e-11 5.399439853257897992e-01 9.561267299898923433e-02
1.673000000000000000e+03 3.458205750341582461e+04 5.095709231862053133e-13 -1.191185013899761015e-11 -1.556225313857559078e-01 3.739794925692698995e-11 -5.728760961670893437e-01 7.757098816014179610e-02 -3.786200635456760941e-11 5.728760961782561889e-01 7.757098810793874866e-02
1.674000000000000000e+03 3.460272818931147049e+04 2.926613546563070630e-13 -8.351123594179435094e-12 -6.370341699029304083e-02 3.639451097127366155e-11 -5.548606139444502983e-01 3.161008910608371913e-02 -3.655474017715008748e-11 5.548606139521689018e-01 3.161008905626701976e-02
1.675000000000000000e+03 3.462339887520711636e+04 -2.761378426692070839e-13 -2.275660793360294809e-12 7.869686334120808147e-02 3.224350188197241156e-11 -4.883490571604070518e-01 -3.958934345525284143e-02 -3.203530450979372838e-11 4.883490571620969223e-01 -3.958934349812739950e-02
1.676000000000000000e+03 3.464406956110276224e+04 -9.637859283880012761e-13 6.134186035113035312e-12 2.609569504017174579e-01 2.540237827089965729e-11 -3.802701757274320471e-01 -1.307187795301941735e-01 -2.473564554725181053e-11 3.802701757209009381e-01 -1.307187795623929172e-01
1.677000000000000000e+03 3.466474024699840811e+04 -1.429963076704856053e-12 1.674682175453457759e-11 4.670478883788868885e-01 1.664914316941533785e-11 -2.421930329076912580e-01 -2.337656759762004044e-01 -1.532828639371352413e-11 2.421930328907926366e-01 -2.337656759951656782e-01
1.678000000000000000e+03 3.468541093289405399e+04 -1.988856087653760105e-12 2.780807242173964829e-11 6.758200067723726390e-01 6.874032404671627026e-12 -9.007204227705874200e-02 -3.381559901219777231e-01 -4.978892534326723784e-12 9.007204224913034629e-02 -3.381559901272870872e-01
1.679000000000000000e+03 3.470608161878969986e+04 -2.240461670559107696e-12 3.844874500411734286e-11 8.623532488656509010e-01 -2.622212869554084413e-12 5.692954707435542161e-02 -4.314288520885234957e-01 4.949179230471935540e-12 -5.692954711297106701e-02 -4.314288520804623883e-01
1.680000000000000000e+03 3.472675230468534573e+04 -2.752644772560906303e-12 4.686183787626211824e-11 1.000775218764598185e+00 -1.046702818000827148e-11 1.788066165773170013e-01 -5.006459412633399442e-01 1.324939641657179295e-11 -1.788066166249985267e-01 -5.006459412445916080e-01
1.681000000000000000e+03 3.474742299058099161e+04 -3.275903395132048305e-12 5.265181872329128010e-11 1.068457698614875273e+00 -1.560052770419530886e-11 2.581661767740558444e-01 -5.344906267250782994e-01 1.863328172468144634e-11 -2.581661768274920443e-01 -5.344906267005523626e-01
1.682000000000000000e+03 3.476809367647663748e+04 -3.231286017486465036e-12 5.486694198194480485e-11 1.050616261047686129e+00 -1.734310972125068053e-11 2.838825453874760374e-01 -5.255685975246656705e-01 2.035481201194819271e-11 -2.838825454425564221e-01 -5.255685974993975496e-01
1.683000000000000000e+03 3.478876436237228336e+04 -2.569077928761462278e-12 5.119669199231546461e-11 9.437649681417557002e-01 -1.554334520286654681e-11 2.536798552250619232e-01 -4.721357733745732976e-01 1.823760776313379624e-11 -2.536798552773106841e-01 -4.721357733540322843e-01
1.684000000000000000e+03 3.480943504826792923e+04 -2.220765909506131754e-12 4.441153305056563284e-11 7.567623174761515248e-01 -1.054779314416833067e-11 1.746825129362405971e-01 -3.786216552076058228e-01 1.274315405767839875e-11 -1.746825129812960009e-01 -3.786216551960964738e-01
1.685000000000000000e+03 3.483010573416357511e+04 -1.497185094462476753e-12 3.315742811822950017e-11 5.089103087279972515e-01 -3.341567507975819292e-12 6.160735326509279852e-02 -2.546788575069878213e-01 4.837204322532082914e-12 -6.160735329879871158e-02 -2.546788575078555716e-01
1.686000000000000000e+03 3.485077642005922098e+04 -9.296843137672950208e-13 1.972568219572731292e-11 2.259467519205994590e-01 4.823490132260846973e-12 -6.660693384272092787e-02 -1.131784053709296439e-01 -4.061607493360069225e-12 6.660693382256817341e-02 -1.131784053844257093e-01
1.687000000000000000e+03 3.487144710595486686e+04 1.991497183226901569e-13 4.830253236352402205e-12 -6.457185202689587344e-02 1.263913810364592246e-11 -1.904772172587807788e-01 3.210032971031855087e-02 -1.283292221638647325e-11 1.904772172530603547e-01 3.210032968442255025e-02
1.688000000000000000e+03 3.489211779185051273e+04 9.984995852515728461e-13 -9.581636346094899985e-12 -3.371180593642834067e-01 1.905988236081511338e-11 -2.928819487739138250e-01 1.683942504904947790e-01 -2.004657344118227633e-11 2.928819487828084323e-01 1.683942504557155717e-01
1.689000000000000000e+03 3.491278847774615861e+04 1.832275187406810907e-12 -2.254928769048591220e-11 -5.705876380334633513e-01 2.328253415301049165e-11 -3.607240199180583029e-01 2.851526662106144694e-01 -2.494337113381441723e-11 3.607240199401521297e-01 2.851526661698636778e-01
1.690000000000000000e+03 3.493345916364180448e+04 2.228525344764148407e-12 -3.325707398664597121e-11 -7.493095355712094952e-01 2.473740053725667551e-11 -3.854813377302444000e-01 3.745407182818664693e-01 -2.695145607362528328e-11 3.854813377629341398e-01 3.745407182400651847e-01
1.691000000000000000e+03 3.495412984953745035e+04 2.541554307593825659e-12 -4.040499653394867131e-11 -8.631889962905807678e-01 2.310342283225160216e-11 -3.630960176801808492e-01 4.315103278204781567e-01 -2.560143079134717658e-11 3.630960177205205808e-01 4.315103277819424266e-01
1.692000000000000000e+03 3.497480053543309623e+04 2.821136403428345141e-12 -4.431040776370011218e-11 -9.075847642058859632e-01 1.845184176981654951e-11 -2.936734267475122340e-01 4.537392617034967657e-01 -2.105017143823021649e-11 2.936734267917112673e-01 4.537392616733875172e-01
1.693000000000000000e+03 3.499547122132874210e+04 2.573407476472765388e-12 -4.441343204025023586e-11 -8.833433384077618022e-01 1.093258421078931442e-11 -1.812928680107766533e-01 4.416489685335472926e-01 -1.344440588478724352e-11 1.812928680552954031e-01 4.416489685160206458e-01
1.694000000000000000e+03 3.501614190722438798e+04 2.342724783342263362e-12 -4.148033915570825592e-11 -7.971200770823355652e-01 1.163899141920102031e-12 -3.399969157025423822e-02 3.985655261975616370e-01 -3.410094301238070183e-12 3.399969161142751134e-02 3.985655261957462003e-01
1.695000000000000000e+03 3.503681259312003385e+04 2.214973125576711281e-12 -3.555853348815740496e-11 -6.617876527008974552e-01 -1.019289430583684920e-11 1.361685079199136117e-01 3.309239686669501190e-01 8.259775699743929956e-12 -1.361685078845292496e-01 3.309239686827868399e-01
1.696000000000000000e+03 3.505748327901567973e+04 1.453050219581742706e-12 -2.746138132234995547e-11 -4.964028166385479057e-01 -2.198053550771009575e-11 3.134698541429087326e-01 2.482517005734614646e-01 2.044473987264126491e-11 -3.134698541154484763e-01 2.482517006070417698e-01
1.697000000000000000e+03 3.507815396491132560e+04 9.548776290026400542e-13 -1.876905060454494208e-11 -3.250717071533666958e-01 -3.296240522267656272e-11 4.794421131943567005e-01 1.626012229369703799e-01 3.203685709374485214e-11 -4.794421131758024868e-01 1.626012229868327441e-01
1.698000000000000000e+03 3.509882465080697148e+04 5.253380956551408100e-13 -1.074449435445155615e-11 -1.741871801724082236e-01 -4.191812090986107860e-11 6.148533534276190426e-01 8.716882693032351748e-02 4.142112322882041338e-11 -6.148533534169432491e-01 8.716882699344218055e-02
1.699000000000000000e+03 3.511949533670261735e+04 2.736055845111795641e-13 -4.623749677314806558e-12 -6.806164452613637506e-02 -4.775616469321205031e-11 7.025441412408964803e-01 3.411088167691409684e-02 4.748264415832081990e-11 -7.025441412363978566e-01 3.411088174785407989e-02
1.700000000000000000e+03 3.514016602259826323e+04 -2.714409387884025748e-14 -1.285657237189518704e-12 -2.393820334503209829e-02 -4.969473728786350549e-11 7.305529049178770551e-01 1.204914434748335927e-02 4.960685072580710939e-11 -7.305529049169064981e-01 1.204914441988484339e-02
1.701000000000000000e+03 3.516083670849390910e+04 4.325721817581989279e-13 -1.403545200877648594e-12 -4.788651668162719616e-02 -4.738193431267744508e-11 6.946347333851424777e-01 2.401844970161424314e-02 4.716521983515478539e-11 -6.946347333841833560e-01 2.401844976959696676e-02
1.702000000000000000e+03 3.518150739438955497e+04 4.582256099557569722e-13 -4.390729005733665061e-12 -1.332873042919973938e-01 -4.098582688864762816e-11 5.992037315297678024e-01 6.670886786866667140e-02 4.063710643544152739e-11 -5.992037315256687480e-01 6.670886792604208138e-02
1.703000000000000000e+03 3.520217808028520085e+04 8.936027657124178347e-13 -9.980192337453046841e-12 -2.624968354239851642e-01 -3.152671343026190128e-11 4.563645855163968590e-01 1.312980522811573181e-01 3.072692504269807666e-11 -4.563645855064289436e-01 1.312980523240547259e-01
1.704000000000000000e+03 3.522284876618084672e+04 1.382590364557087996e-12 -1.740064546638489250e-11 -4.109601734996194966e-01 -2.000550142214351345e-11 2.834256981902957828e-01 2.055081392293595932e-01 1.878413045635795910e-11 -2.834256981728833225e-01 2.055081392549130415e-01
1.705000000000000000e+03 3.524351945207649260e+04 1.548644820367258568e-12 -2.507665409939728233e-11 -5.523060154553983692e-01 -7.643028726503143955e-12 9.972731410370132277e-02 2.761535155552345966e-01 6.037243113759819914e-12 -9.972731407862742148e-02 2.761535155631472671e-01
1.706000000000000000e+03 3.526419013797213847e+04 2.081039449668566209e-12 -3.183841335298248387e-11 -6.626429894627853256e-01 4.269089611039341327e-12 -7.617314406053998788e-02 3.312892353982097027e-01 -6.117008603571285251e-12 7.617314409201939029e-02 3.312892353894977826e-01
1.707000000000000000e+03 3.528486082386778435e+04 2.064819784451344628e-12 -3.615510014274333652e-11 -7.232900016483432282e-01 1.450043090853733267e-11 -2.284538359817815945e-01 3.615762922964163018e-01 -1.652202404742325346e-11 2.284538360174399874e-01 3.615762922738429697e-01
1.708000000000000000e+03 3.530553150976343022e+04 1.959366209709135220e-12 -3.755640427281413993e-11 -7.218783476854299108e-01 2.271381841262243579e-11 -3.450143957078734003e-01 3.608326170883530692e-01 -2.463543337915342219e-11 3.450143957451760057e-01 3.608326170552294543e-01
1.709000000000000000e+03 3.532620219565907610e+04 1.796346944575032051e-12 -3.594065937497087187e-11 -6.523676956497314050e-01 2.777984647347369930e-11 -4.177707706672634247e-01 3.260408518276817769e-01 -2.952612106010630734e-11 4.177707707029218454e-01 3.260408517889747948e-01
1.710000000000000000e+03 3.534687288155472197e+04 1.628374820499026768e-12 -3.097545195752562375e-11 -5.146335735510988441e-01 2.968541680443305509e-11 -4.426465986085716953e-01 2.571416046632141739e-01 -3.119489717142604164e-11 4.426465986391490692e-01 2.571416046235023845e-01
1.711000000000000000e+03 3.536754356745036785e+04 9.027020491487343686e-13 -2.253525473051961510e-11 -3.141481907050484024e-01 2.843558022031823974e-11 -4.196202714830252201e-01 1.568730340427289816e-01 -2.937115730791109427e-11 4.196202715051647325e-01 1.568730340061000594e-01
1.712000000000000000e+03 3.538821425334601372e+04 1.881831319440711537e-13 -1.134524722895551666e-11 -6.189696633086420180e-02 2.425989082673198333e-11 -3.529364434008600560e-01 3.072828508578333631e-02 -2.440360932166829387e-11 3.529364434120040306e-01 3.072828505683872571e-02
1.713000000000000000e+03 3.540888493924165959e+04 -6.525874912397404107e-13 1.634172587012871370e-12 2.255805401615470218e-01 1.768824997066339363e-11 -2.514345779155855998e-01 -1.130240506247236487e-01 -1.701375525720593471e-11 2.514345779134162240e-01 -1.130240506430495173e-01
1.714000000000000000e+03 3.542955562513730547e+04 -1.370064218278836158e-12 1.637396532775322672e-11 5.264710536074372893e-01 9.649516312941832542e-12 -1.286517165545210395e-01 -2.634788728314551021e-01 -8.126566612397163273e-12 1.286517165371885152e-01 -2.634788728373810285e-01
1.715000000000000000e+03 3.545022631103295134e+04 -2.290920890628884382e-12 3.151140078048447368e-11 8.148611771401018666e-01 1.281027316930759739e-12 -2.209738946702288764e-03 -4.076799289202214793e-01 9.892000527983262580e-13 2.209738914617731965e-03 -4.076799289142269966e-01
1.716000000000000000e+03 3.547089699692859722e+04 -2.814123933826996558e-12 4.508903725490891740e-11 1.063262792142756652e+00 -5.906855751185246123e-12 1.079718267610724480e-01 -5.318825173987419275e-01 8.956203692686425928e-12 -1.079718268066758996e-01 -5.318825173824027752e-01
1.717000000000000000e+03 3.549156768282424309e+04 -3.465368787081632718e-12 5.652558645551337935e-11 1.246481344616076958e+00 -1.085722789902196331e-11 1.827442706971104391e-01 -6.234888362389340299e-01 1.448773617982312459e-11 -1.827442707543830702e-01 -6.234888362167717579e-01
1.718000000000000000e+03 3.551223836871988897e+04 -3.927399912662927880e-12 6.421335366795300453e-11 1.346082315367351567e+00 -1.249953206255190047e-11 2.075471754144113945e-01 -6.732821349935071975e-01 1.632569673926976053e-11 -2.075471754793569157e-01 -6.732821349705684355e-01
1.719000000000000000e+03 3.553290905461553484e+04 -3.844019361080674036e-12 6.766478433055326135e-11 1.354091139425225299e+00 -1.038199864425436713e-11 1.758247133038927934e-01 -6.772766812258255165e-01 1.432027992815868732e-11 -1.758247133719440247e-01 -6.772766812082532395e-01
1.720000000000000000e+03 3.555357974051118072e+04 -3.658522733938396169e-12 6.704088335109139020e-11 1.274503642734085007e+00 -4.457721523991059155e-12 9.072032626466357275e-02 -6.374725221664337971e-01 8.143839332095984410e-12 -9.072032633132180723e-02 -6.374725221589550017e-01
1.721000000000000000e+03 3.557425042640682659e+04 -3.076277817046611004e-12 6.073260115677027035e-11 1.122035218462391626e+00 4.102807699056508674e-12 -3.562657473913262429e-02 -5.612296872164471706e-01 -8.677357082011982408e-13 3.562657467777233938e-02 -5.612296872232180878e-01
1.722000000000000000e+03 3.559492111230247247e+04 -2.589413894811843024e-12 5.098773175947376486e-11 9.186099107165062172e-01 1.414960287142626335e-11 -1.849044206026910220e-01 -4.595124317731179020e-01 -1.154014555893690590e-11 1.849044205505793181e-01 -4.595124317958853566e-01
1.723000000000000000e+03 3.561559179819811834e+04 -1.696994414747037492e-12 4.062210528171740346e-11 6.889248701024861532e-01 2.442911663251018572e-11 -3.364733120299825964e-01 -3.446709284545602658e-01 -2.252530351746028201e-11 3.364733119888321800e-01 -3.446709284931873674e-01
1.724000000000000000e+03 3.563626248409376421e+04 -1.192655181399450225e-12 3.007037563351800752e-11 4.566232630823088834e-01 3.359677339260240501e-11 -4.708062083653334895e-01 -2.285269078828043865e-01 -3.225912092005126526e-11 4.708062083360577965e-01 -2.285269079350188692e-01
1.725000000000000000e+03 3.565693316998941009e+04 -6.415661215524805874e-13 1.656987252585481422e-11 2.417332840945975447e-01 4.043413869430540843e-11 -5.719046805778580378e-01 -1.210925829870567322e-01 -3.959358563674185487e-11 5.719046805597262084e-01 -1.210925830491820371e-01
1.726000000000000000e+03 3.567760385588505596e+04 -2.479001446448772638e-13 7.043247695838949302e-12 5.954698219397707576e-02 4.401924147244809227e-11 -6.283847064156961038e-01 -3.001025922101629301e-02 -4.393722889350674079e-11 6.283847064080118061e-01 -3.001025928864506018e-02
1.727000000000000000e+03 3.569827454178070184e+04 1.947802270375382628e-13 -6.363165333391544724e-13 -7.957293886304057928e-02 4.428030036552273733e-11 -6.336734272404701551e-01 3.954332601895822058e-02 -4.453377580432990488e-11 6.336734272405957213e-01 3.954332595160348768e-02
1.728000000000000000e+03 3.571894522767634771e+04 3.814900115234892856e-13 -6.476056462568607676e-12 -1.700268717126106055e-01 4.087609788788175705e-11 -5.857890739238589273e-01 8.477269660846104005e-02 -4.133105880469795119e-11 5.857890739297962890e-01 8.477269654690663958e-02
1.729000000000000000e+03 3.573961591357199359e+04 7.986867490312179660e-13 -9.737012654498748830e-12 -2.109043636937329991e-01 3.389042151023427896e-11 -4.870983852762028610e-01 1.052256337954538962e-01 -3.449007663802267603e-11 4.870983852850974682e-01 1.052256337444611445e-01
1.730000000000000000e+03 3.576028659946763946e+04 6.351899576096289752e-13 -9.879301737183228916e-12 -2.061977770178095026e-01 2.390542728057179722e-11 -3.442235816324550335e-01 1.028992538814092611e-01 -2.451377734113800926e-11 3.442235816417607008e-01 1.028992538453969152e-01
1.731000000000000000e+03 3.578095728536328534e+04 7.341512547714977317e-13 -8.566556101901376392e-12 -1.651796487509649414e-01 1.159344168668948628e-11 -1.680029769521418914e-01 8.242838668699101201e-02 -1.205302708664287077e-11 1.680029769598604394e-01 8.242838666961282978e-02
1.732000000000000000e+03 3.580162797125893121e+04 3.612774600491592159e-13 -5.184291327685982952e-12 -1.025331298825596787e-01 -2.023683340791896943e-12 2.679072596714054608e-02 5.115113312479256658e-02 1.717694032279419637e-12 -2.679072596229931796e-02 5.115113312731594392e-02
1.733000000000000000e+03 3.582229865715457709e+04 2.575673134834257059e-13 -1.274915549795685419e-12 -3.764295318965577702e-02 -1.580840171584169431e-11 2.223538316032185047e-01 1.875524268946547959e-02 1.567787409621822239e-11 -2.223538316017341643e-01 1.875524271205026780e-02
1.734000000000000000e+03 3.584296934305022296e+04 -1.212398918437992457e-13 1.376190022941363368e-12 7.490542372304832136e-03 -2.831725707464659635e-11 3.996477622800562735e-01 -3.763783596127511649e-03 2.831441411048821947e-11 -3.996477622817347086e-01 -3.763783556141704883e-03
1.735000000000000000e+03 3.586364002894586883e+04 1.791864098633705478e-13 2.573290174121488482e-12 1.182803061772372960e-02 -3.840583337896142861e-11 5.410236208911607392e-01 -5.890079689268987694e-03 3.837208961402854708e-11 -5.410236208939009916e-01 -5.890079635284722719e-03
1.736000000000000000e+03 3.588431071484151471e+04 1.665435714362690953e-13 5.627414871184511625e-13 -4.026472971611010782e-02 -4.502037856068269231e-11 6.331525241224601475e-01 2.019109107847439147e-02 4.484701944381478501e-11 -6.331525241232593970e-01 2.019109114112491166e-02
1.737000000000000000e+03 3.590498140073716058e+04 4.293249567451217347e-13 -4.985004022608125838e-12 -1.550486605595498835e-01 -4.778307962191855045e-11 6.693936668705295912e-01 7.760929471770079691e-02 4.730955847860429789e-11 -6.693936668658596600e-01 7.760929478343417398e-02
1.738000000000000000e+03 3.592565208663280646e+04 1.211974668780448167e-12 -1.336287758017224962e-11 -3.273595885566158992e-01 -4.677147538413896919e-11 6.508133015776753627e-01 1.637827192576069568e-01 4.579840392815720770e-11 -6.508133015645789499e-01 1.637827193213536037e-01
1.739000000000000000e+03 3.594632277252845233e+04 1.253606941911525657e-12 -2.455550722670973775e-11 -5.413847455748874715e-01 -4.248160354416152162e-11 5.854782280818445761e-01 2.708059544374875061e-01 4.095730663380048941e-11 -5.854782280574786224e-01 2.708059544949542596e-01
1.740000000000000000e+03 3.596699345842409821e+04 2.301368763668886591e-12 -3.674443909817194455e-11 -7.738821237117283758e-01 -3.583666537258273346e-11 4.863921495570986409e-01 3.870592947054290467e-01 3.358901578861637049e-11 -4.863921495203783474e-01 3.870592947524825744e-01
1.741000000000000000e+03 3.598766414431974408e+04 2.880367778768242386e-12 -4.944785398949464776e-11 -9.986237562066989648e-01 -2.785687562385948903e-11 3.688360560380933850e-01 4.994301408688290311e-01 2.487453027044124527e-11 -3.688360559888361756e-01 4.994301409049783924e-01
1.742000000000000000e+03 3.600833483021538996e+04 3.445716027539176809e-12 -5.973457199963155519e-11 -1.190592136410203006e+00 -1.943359200289605640e-11 2.479276386135466914e-01 5.954109838718675274e-01 1.602921172815956327e-11 -2.479276385537392546e-01 5.954109838960964796e-01
1.743000000000000000e+03 3.602900551611103583e+04 3.768022532013771221e-12 -6.791557457493178202e-11 -1.328938898370145116e+00 -1.168338134948349095e-11 1.369024450569184814e-01 6.645784791438041905e-01 7.849281490097704070e-12 -1.369024449893011253e-01 6.645784791574486094e-01
1.744000000000000000e+03 3.604967620200668171e+04 4.176261695528557251e-12 -7.220904404670091712e-11 -1.398530021135382828e+00 -5.339022457712667377e-12 4.619300926030984328e-02 6.993658347128001163e-01 1.240124087014036749e-12 -4.619300918798828481e-02 6.993658347181208601e-01
1.745000000000000000e+03 3.607034688790232758e+04 3.965346856645077964e-12 -7.291682234918348351e-11 -1.390413927871635646e+00 -7.800865316459743259e-13 -1.691660368504287540e-02 6.952967929381472789e-01 -3.221381948157549765e-12 1.691660375820936563e-02 6.952967929378389700e-01
1.746000000000000000e+03 3.609101757379797345e+04 3.767961406956538497e-12 -6.954808611486376205e-11 -1.301667353558962237e+00 1.612689650542514228e-12 -4.828648862025455152e-02 6.509086532953878290e-01 -5.283693861019333258e-12 4.828648868967594376e-02 6.509086532928644031e-01
1.747000000000000000e+03 3.611168825969361933e+04 3.184684435028269475e-12 -6.184492295942318001e-11 -1.135322795948812802e+00 1.701828744137789896e-12 -4.698384677068805082e-02 5.677162429142648126e-01 -4.992617343351287703e-12 4.698384683232237347e-02 5.677162429128033150e-01
1.748000000000000000e+03 3.613235894558926520e+04 2.591370451111632547e-12 -5.036897932546924499e-11 -9.003466105165425226e-01 -2.510498685046080669e-13 -1.540871175431041129e-02 4.502013803658714841e-01 -2.427710820696602995e-12 1.540871180441255942e-02 4.502013803675956050e-01
1.749000000000000000e+03 3.615302963148491108e+04 1.821788662270368614e-12 -3.579322998746243330e-11 -6.116953492693618655e-01 -3.848963519246680358e-12 4.046970414735159838e-02 3.058415082788502048e-01 2.006872541027961422e-12 -4.046970411170462689e-02 3.058415082866829393e-01
1.750000000000000000e+03 3.617370031738055695e+04 1.084855511567114266e-12 -1.939710223945706116e-11 -2.900298905587392895e-01 -8.431322614046936755e-12 1.110059751882910561e-01 1.449669911696903069e-01 7.615152107444103598e-12 -1.110059751693029256e-01 1.449669911845222758e-01
1.751000000000000000e+03 3.619437100327620283e+04 -1.078067020955479538e-13 -2.491570629651782261e-12 3.943652446677051171e-02 -1.319424573437547772e-11 1.832425843210299388e-01 -1.981466300960598934e-02 1.332431069498206815e-11 -1.832425843189861014e-01 -1.981466298746650118e-02
1.752000000000000000e+03 3.621504168917184870e+04 -1.201462380270672654e-12 1.393837439588485827e-11 3.493797189308216478e-01 -1.699057014200690735e-11 2.421071090852980612e-01 -1.748384421230587960e-01 1.805076385845109583e-11 -2.421071090995819686e-01 -1.748384420952559803e-01
1.753000000000000000e+03 3.623571237506749458e+04 -1.689654176354333125e-12 2.782857894158526081e-11 6.140797327052264221e-01 -1.889382276517727824e-11 2.725972014461053861e-01 -3.072379703576610943e-01 2.069033937071194549e-11 -2.725972014747873873e-01 -3.072379703273006024e-01
1.754000000000000000e+03 3.625638306096314045e+04 -2.457995105815362662e-12 3.855871109721890531e-11 8.137128016320156476e-01 -1.785625216126398659e-11 2.626743391277549522e-01 -4.070925247056925156e-01 2.016465144156136485e-11 -2.626743391673754258e-01 -4.070925246770675798e-01
1.755000000000000000e+03 3.627705374685878633e+04 -2.666385153079647884e-12 4.582340902108105976e-11 9.379554668958770547e-01 -1.360134605707407782e-11 2.061013649693591576e-01 -4.692331720694943309e-01 1.635541311043785030e-11 -2.061013650158760591e-01 -4.692331720472292522e-01
1.756000000000000000e+03 3.629772443275443220e+04 -3.001088448585559525e-12 4.901178717426652577e-11 9.875966282357471204e-01 -6.133000624112787579e-12 1.042176584203736989e-01 -4.940523196307641807e-01 8.976063182319305064e-12 -1.042176584701104691e-01 -4.940523196191977662e-01
1.757000000000000000e+03 3.631839511865007808e+04 -2.568659919689280384e-12 4.758086708871151640e-11 9.735475605398004051e-01 3.816767551805019877e-12 -3.405384836387472663e-02 -4.870090128065378554e-01 -1.037157009551410791e-12 3.405384831493721287e-02 -4.870090128089699100e-01
1.758000000000000000e+03 3.633906580454572395e+04 -2.825729462756890481e-12 4.423398639884770445e-11 9.136808241496285898e-01 1.545030179260984758e-11 -1.939859527976791620e-01 -4.570462680091324503e-01 -1.280111829028090701e-11 1.939859527521670401e-01 -4.570462680278922218e-01
1.759000000000000000e+03 3.635973649044136982e+04 -2.538583629851183613e-12 4.243105756583591455e-11 8.287277725500279413e-01 2.731951784271442931e-11 -3.579190185888186382e-01 -4.145371640698354843e-01 -2.489240994798902147e-11 3.579190185479650954e-01 -4.145371641056080358e-01
1.760000000000000000e+03 3.638040717633701570e+04 -2.046311745236129318e-12 3.851626564376603181e-11 7.385673761038208385e-01 3.812083233195417342e-11 -5.082380892794639005e-01 -3.694272444744648443e-01 -3.606307702053311256e-11 5.082380892433830955e-01 -3.694272445255147308e-01
1.761000000000000000e+03 3.640107786223266157e+04 -1.799090315457740931e-12 2.943012473483766116e-11 6.597237791456855849e-01 4.698382908095959399e-11 -6.296849503501369405e-01 -3.299824314877572440e-01 -4.510723808312687752e-11 6.296849503182806451e-01 -3.299824315513097961e-01
1.762000000000000000e+03 3.642174854812830745e+04 -1.923590764698203318e-12 3.043201856493181426e-11 6.041930503953973908e-01 5.295058593265307839e-11 -7.107167730546021245e-01 -3.022026206157558126e-01 -5.108832948615652174e-11 7.107167730258516780e-01 -3.022026206876434751e-01
1.763000000000000000e+03 3.644241923402395332e+04 -1.948675398436684686e-12 2.803283767855846940e-11 5.791902281628229510e-01 5.535005501517164361e-11 -7.440911276836400523e-01 -2.896959800368993920e-01 -5.366289576148006960e-11 7.440911276562368615e-01 -2.896959801125549849e-01
1.764000000000000000e+03 3.646308991991959920e+04 -1.721209535120575820e-12 3.265137267858320744e-11 5.873592845314199451e-01 5.413497120678006848e-11 -7.269411715612277280e-01 -2.937846486360720655e-01 -5.252355541807259157e-11 7.269411715330481583e-01 -2.937846487101063442e-01
1.765000000000000000e+03 3.648376060581524507e+04 -1.873122360477758023e-12 2.908418748883402953e-11 6.268927883329569184e-01 4.941633017768398241e-11 -6.607913540146073128e-01 -3.135648604820033269e-01 -4.761535568969390181e-11 6.607913539831621330e-01 -3.135648605499746222e-01
1.766000000000000000e+03 3.650443129171089095e+04 -1.899774499989120500e-12 3.133963522670370490e-11 6.914814136756894936e-01 4.153787187372638709e-11 -5.515451079504511966e-01 -3.458814604570305540e-01 -3.953317566412253305e-11 5.515451079148727676e-01 -3.458814605143488707e-01
1.767000000000000000e+03 3.652510197760653682e+04 -2.392645918363813459e-12 4.549750182202484399e-11 7.701123736539343678e-01 3.120887237888478977e-11 -4.094499982899413304e-01 -3.852263972919373614e-01 -2.898887539206794068e-11 4.094499982488137291e-01 -3.852263973354056459e-01
1.768000000000000000e+03 3.654577266350218270e+04 -2.403815251264682249e-12 4.316507306240777594e-11 8.471895355464178490e-01 1.957302393701687602e-11 -2.486493766199959488e-01 -4.237978612093037389e-01 -1.706362427813191218e-11 2.486493765732278594e-01 -4.237978612372549914e-01
1.769000000000000000e+03 3.656644334939782857e+04 -2.620153082090957390e-12 5.123236730033776130e-11 9.033928908945644265e-01 7.607536050743205076e-12 -8.607956268641867026e-02 -4.519295368265666135e-01 -4.979604932353837515e-12 8.607956263458098334e-02 -4.519295368389551482e-01
1.770000000000000000e+03 3.658711403529347444e+04 -3.055668273535817471e-12 5.381318198988213461e-11 9.178155526896433214e-01 -3.089574226825397525e-12 6.059403745977282041e-02 -4.591597840743225634e-01 5.855482301469980850e-12 -6.059403751419097095e-02 -4.591597840726213131e-01
1.771000000000000000e+03 3.660778472118912032e+04 -2.476235330794603034e-12 5.218608900199915383e-11 8.714090629789774667e-01 -1.171809100068020497e-11 1.758161478866841210e-01 -4.359564743882607396e-01 1.429892115173199431e-11 -1.758161479396636029e-01 -4.359564743750501403e-01
1.772000000000000000e+03 3.662845540708476619e+04 -2.055341630949392889e-12 4.677235376035787209e-11 7.511221170124714464e-01 -1.735766974639080353e-11 2.491042491492709010e-01 -3.757896461875209759e-01 1.953487310360899357e-11 -2.491042491967697392e-01 -3.757896461672540211e-01
1.773000000000000000e+03 3.664912609298041207e+04 -1.752757552557967081e-12 3.627515160141495291e-11 5.534915680575857033e-01 -1.967728553836783596e-11 2.771622521400646799e-01 -2.769298992223168110e-01 2.140665598750393647e-11 -2.771622521770361613e-01 -2.769298991989213587e-01
1.774000000000000000e+03 3.666979677887605794e+04 -1.101030538490164589e-12 2.154641702135127531e-11 2.863369990988657299e-01 -1.921235995009870703e-11 2.643301219683660275e-01 -1.432955293112040951e-01 1.996903608067077229e-11 -2.643301219902999821e-01 -1.432955292887220511e-01
1.775000000000000000e+03 3.669046746477170382e+04 6.338146932058330047e-14 3.792135891485945562e-12 -3.216735687394095544e-02 -1.652315103675406900e-11 2.211903885635098654e-01 1.601584183304209999e-02 1.635236598492410932e-11 -2.211903885674262327e-01 1.601584185196171239e-02
1.776000000000000000e+03 3.671113815066734969e+04 1.183228694683526081e-12 -1.587114693757572835e-11 -3.767177682597419031e-01 -1.261026454135914998e-11 1.618985713740918597e-01 1.883446833581630120e-01 1.147502443363765082e-11 -1.618985713583692976e-01 1.883446833716476698e-01
1.777000000000000000e+03 3.673180883656299557e+04 2.077696195245625292e-12 -3.596098150659187881e-11 -7.192000402822726901e-01 -8.604625966580571578e-12 1.012381712573643122e-01 3.596301475972700223e-01 6.486230543894148773e-12 -1.012381712215346535e-01 3.596301476060618785e-01
1.778000000000000000e+03 3.675247952245864144e+04 3.004749119161118651e-12 -5.413585558315410998e-11 -1.032738687991044735e+00 -5.511387918807765132e-12 5.225061702360817018e-02 5.164333444921529459e-01 2.436135601155385566e-12 -5.225061696948688633e-02 5.164333444973253640e-01
1.779000000000000000e+03 3.677315020835428732e+04 3.610721517879600872e-12 -6.970223868524929418e-11 -1.294564702811378476e+00 -3.708011564220432037e-12 2.484538203864193953e-02 6.473704471922392401e-01 -3.520079743987274653e-14 -2.484538196902644561e-02 6.473704471958130480e-01
1.780000000000000000e+03 3.679382089424993319e+04 4.369492654170876999e-12 -8.129615706903008761e-11 -1.487509492113964438e+00 -4.109201751368960185e-12 2.531226514144914799e-02 7.438591900647745225e-01 -2.802021541330198827e-13 -2.531226506043849842e-02 7.438591900697985038e-01
1.781000000000000000e+03 3.681449158014557906e+04 4.828192885938286537e-12 -8.773680976527356113e-11 -1.600469083577574114e+00 -6.612139808141569225e-12 5.639538233987170801e-02 8.003500846041274874e-01 1.871709126113594937e-12 -5.639538225182757353e-02 8.003500846129079083e-01
1.782000000000000000e+03 3.683516226604122494e+04 4.830243084966023060e-12 -9.010228502820226912e-11 -1.628381317217133750e+00 -1.120978048261325827e-11 1.175591890397182648e-01 8.143141737717528583e-01 6.421060730509189002e-12 -1.175591889498130010e-01 8.143141737878750730e-01
1.783000000000000000e+03 3.685583295193687081e+04 4.683785006183823858e-12 -8.681264692908462181e-11 -1.572201145525999211e+00 -1.768966471627622880e-11 2.051797854247686681e-01 7.862303005478215034e-01 1.310294452453967852e-11 -2.051797853377864134e-01 7.862303005729639471e-01
1.784000000000000000e+03 3.687650363783251669e+04 4.185860519651515993e-12 -7.952221849443446867e-11 -1.438977820600302993e+00 -2.558407034023626323e-11 3.126324819675257438e-01 7.196236500365702504e-01 2.131489847279208683e-11 -3.126324818881707213e-01 7.196236500726853613e-01
1.785000000000000000e+03 3.689717432372816256e+04 3.500140916165388947e-12 -6.852080196851957116e-11 -1.242153964581219849e+00 -3.419520543367617733e-11 4.302433824824961617e-01 6.212153180040843603e-01 3.059306495623570239e-11 -4.302433824141480567e-01 6.212153180521199358e-01
1.786000000000000000e+03 3.691784500962380844e+04 2.803589649045261485e-12 -5.448797853838508063e-11 -1.001327100327589648e+00 -4.250548085480954235e-11 5.455205937195293231e-01 5.008031232119296572e-01 3.968460003332923779e-11 -5.455205936650312504e-01 5.008031232709720948e-01
1.787000000000000000e+03 3.693851569551945431e+04 2.111397984975976823e-12 -3.929950208444000517e-11 -7.411729924644294698e-01 -4.953461489504363788e-11 6.438047912538376050e-01 3.707233797029133582e-01 4.743313255991799744e-11 -6.438047912145026253e-01 3.707233797710102752e-01
1.788000000000000000e+03 3.695918638141510019e+04 1.413270143940776786e-12 -2.494009421071756534e-11 -4.888808104221101791e-01 -5.432443911105912023e-11 7.097152707436875652e-01 2.445686157041515874e-01 5.291588056548624118e-11 -7.097152707189219312e-01 2.445686157781287451e-01
1.789000000000000000e+03 3.697985706731074606e+04 1.025726870440115302e-12 -1.190600965137721480e-11 -2.701020551467216424e-01 -5.554618120080167755e-11 7.293966405718007584e-01 1.351621632060154010e-01 5.477991701986065274e-11 -7.293966405597662739e-01 1.351621632812485541e-01
1.790000000000000000e+03 3.700052775320639194e+04 3.829397959526995905e-13 -2.913479266414053263e-12 -1.042117966527279643e-01 -5.260747166229940582e-11 6.932211113810408110e-01 5.218905271250537381e-02 5.238488754653837510e-11 -6.932211113786316270e-01 5.218905278337684917e-02
1.791000000000000000e+03 3.702119843910203781e+04 5.754758555773685666e-14 3.003067127741215968e-12 -3.321568087100838806e-04 -4.538661085490789956e-11 5.982068469364608676e-01 2.085445217802475227e-04 4.532904044130473591e-11 -5.982068469395666055e-01 2.085445825467993608e-04
1.792000000000000000e+03 3.704186912499768368e+04 7.884116213186640605e-14 4.725552850736402612e-12 4.434283126473167330e-02 -3.406270540905732492e-11 4.492689594506931172e-01 -2.218205534315688746e-02 3.415129051583856181e-11 -4.492689594556713573e-01 -2.218205529785029564e-02
1.793000000000000000e+03 3.706253981089332956e+04 -1.970808714814775607e-13 3.646380287983613713e-12 4.321886853219358143e-02 -1.956889266247641259e-11 2.587548715176362091e-01 -2.168186716005869596e-02 1.972617837306303475e-11 -2.587548715215982065e-01 -2.168186713380873543e-02
1.794000000000000000e+03 3.708321049678897543e+04 -1.951846361290394745e-13 6.493767488318342209e-13 1.651441616888736988e-02 -3.396823435246033022e-12 4.435354578909313228e-02 -8.392697695149956005e-03 3.459356969021320876e-12 -4.435354579023492727e-02 -8.392697690434325342e-03
1.795000000000000000e+03 3.710388118268462131e+04 -2.133216399576100621e-14 -2.901712652240389686e-12 -1.348194726841842918e-02 1.322844991801181521e-11 -1.738950728505961607e-01 6.550804618354237954e-03 -1.325427744358304955e-11 1.738950728525943124e-01 6.550804601147324109e-03
1.796000000000000000e+03 3.712455186858026718e+04 2.303836310788993259e-13 -5.276377276068876711e-12 -2.653288328134524934e-02 2.857406330899432679e-11 -3.765395481343793982e-01 1.303901562240389507e-02 -2.877994000036225730e-11 3.765395481392092014e-01 1.303901558489579254e-02
1.797000000000000000e+03 3.714522255447591306e+04 -3.785581504008848336e-14 -6.382190355433705107e-12 -7.033461743304358568e-03 4.175009790244689031e-11 -5.468926602021083605e-01 3.274954484495504973e-03 -4.172834687805675934e-11 5.468926602076004118e-01 3.274954430317133982e-03
1.798000000000000000e+03 3.716589324037155893e+04 -7.212674350735114904e-14 -1.537369877536030008e-12 5.500922866537212574e-02 5.144802812334092669e-11 -6.722212708062358377e-01 -2.773767603866530984e-02 -5.122557124321529792e-11 6.722212708099124523e-01 -2.773767610534638370e-02
1.799000000000000000e+03 3.718656392626720481e+04 -7.734216829112382862e-13 2.139613387924522929e-12 1.640837332276486593e-01 5.711091141658757545e-11 -7.441626455555605535e-01 -8.224803397591007315e-02 -5.659065881915409170e-11 7.441626455543844942e-01 -8.224803404956754216e-02
1.800000000000000000e+03 3.720723461216285068e+04 -7.881722480082586918e-13 5.085308925306666764e-12 3.196963387277777513e-01 5.857295441535966846e-11 -7.587827200468142408e-01 -1.600172072448874383e-01 -5.755752637635626979e-11 7.587827200377483816e-01 -1.600172073199835621e-01
1.801000000000000000e+03 3.722790529805849656e+04 -1.539288120960659697e-12 2.377544780097501651e-11 5.167800782338547450e-01 5.566795525009380816e-11 -7.166570352657462006e-01 -2.585201884903122194e-01 -5.421773517863116457e-11 7.166570352457647397e-01 -2.585201885613093165e-01
1.802000000000000000e+03 3.724857598395414243e+04 -2.045104430971998019e-12 3.295512949231600068e-11 7.457530114368119412e-01 4.886135646481765395e-11 -6.231559047396737494e-01 -3.729729954747049714e-01 -4.670870221279736290e-11 6.231559047068127022e-01 -3.729729955364991523e-01
1.803000000000000000e+03 3.726924666984978830e+04 -2.989888334361130027e-12 4.125014642724741361e-11 9.923023088914025847e-01 3.890032320473888079e-11 -4.888363101754184536e-01 -4.962236386305836078e-01 -3.610550215260135541e-11 4.888363101273030531e-01 -4.962236386794982579e-01
1.804000000000000000e+03 3.728991735574543418e+04 -3.591616891476105156e-12 6.765234161046823056e-11 1.237288126933509425e+00 2.713641895683237797e-11 -3.295493170144896400e-01 -6.187039632597153282e-01 -2.350478740908575888e-11 3.295493169505488984e-01 -6.187039632932613831e-01
1.805000000000000000e+03 3.731058804164108005e+04 -4.255976432523255899e-12 7.855895620879792828e-11 1.457352653403220843e+00 1.482386778927053068e-11 -1.656836390363093936e-01 -7.287348964821157571e-01 -1.062286650414987138e-11 1.656836389579363078e-01 -7.287348965000306489e-01
1.806000000000000000e+03 3.733125872753672593e+04 -4.720665449764595744e-12 8.464026210771862653e-11 1.626840718552526877e+00 3.908663993957760175e-12 -2.000588926209438331e-02 -8.134878268626772879e-01 8.227482771844627448e-13 2.000588917141269199e-02 -8.134878268669020196e-01
1.807000000000000000e+03 3.735192941343237180e+04 -5.220547834016648705e-12 9.571367898123544252e-11 1.721261591231903365e+00 -4.084030116164341432e-12 8.599643063748856064e-02 -8.607162158341533642e-01 9.162132845395015138e-12 -8.599643073607150801e-02 -8.607162158285928122e-01
1.808000000000000000e+03 3.737260009932801768e+04 -4.961036109646100679e-12 1.059945239190159045e-10 1.721805473440107814e+00 -8.030919971541346883e-12 1.365668621136880700e-01 -8.610137535644443174e-01 1.313362053095502614e-11 -1.365668622143262623e-01 -8.610137535550358434e-01
1.809000000000000000e+03 3.739327078522366355e+04 -4.674061308190809797e-12 1.021964596229450514e-10 1.619598393008115478e+00 -7.304599825446685705e-12 1.254903160725213962e-01 -8.099411703872755330e-01 1.206106491312306765e-11 -1.254903161686151958e-01 -8.099411703797625428e-01
1.810000000000000000e+03 3.741394147111930943e+04 -3.936906324620845865e-12 8.495481662606537527e-11 1.418138881220992076e+00 -2.449247383077207028e-12 5.770804554165867573e-02 -7.092441840764395211e-01 6.538677897565016317e-12 -5.770804562663137127e-02 -7.092441840763937799e-01
1.811000000000000000e+03 3.743461215701495530e+04 -3.346894860182586941e-12 6.892418804233172417e-11 1.132936017270237850e+00 5.624626787360530199e-12 -5.194106118339663486e-02 -5.666729090427095050e-01 -2.346469044489505375e-12 5.194106111456897601e-02 -5.666729090537050428e-01
1.812000000000000000e+03 3.745528284291060118e+04 -2.073968061067351845e-12 4.666467207311034477e-11 7.884537172625639689e-01 1.525184589986684163e-11 -1.824027113372661546e-01 -3.944547980672891696e-01 -1.300544769275259362e-11 1.824027112893105984e-01 -3.944547980909929308e-01
1.813000000000000000e+03 3.747595352880624705e+04 -9.080303406750733197e-13 2.506303975170878113e-11 4.136440932460834774e-01 2.471146324192738048e-11 -3.109501255990383961e-01 -2.070617952505955650e-01 -2.352101595190706486e-11 3.109501255732108893e-01 -2.070617952866764255e-01
1.814000000000000000e+03 3.749662421470189292e+04 -1.498481879773370089e-13 2.642283182692144509e-12 3.759935153174078643e-02 3.245546480829441411e-11 -4.170690752359235143e-01 -1.903622624626029325e-02 -3.227685932807495292e-11 4.170690752324980877e-01 -1.903622629251457837e-02
1.815000000000000000e+03 3.751729490059753880e+04 1.046387946963727312e-12 -1.820410752229776356e-11 -3.136238189460067161e-01 3.720601387831177301e-11 -4.848333202246702389e-01 1.565968657773760264e-01 -3.819222295028955673e-11 4.848333202422311361e-01 1.565968657254698249e-01
1.816000000000000000e+03 3.753796558649318467e+04 1.667642536475812068e-12 -3.577398618261039862e-11 -6.187297051236948509e-01 3.831245102280212636e-11 -5.037568566809496051e-01 3.091905429230240587e-01 -4.014292800396622132e-11 5.037568567162198363e-01 3.091905428696335445e-01
1.817000000000000000e+03 3.755863627238883055e+04 2.470065920886742487e-12 -4.986104109200367691e-11 -8.617981598430956014e-01 3.528207438889556743e-11 -4.686417173238920375e-01 4.307806970634241450e-01 -3.775108733227570509e-11 4.686417173735031860e-01 4.307806970147264325e-01
1.818000000000000000e+03 3.757930695828447642e+04 2.962893008148887233e-12 -5.928739036975402670e-11 -1.032379632860116025e+00 2.805341554791592015e-11 -3.790552147738062150e-01 5.161339369346530370e-01 -3.112129666490240389e-11 3.790552148328486526e-01 5.161339368959003693e-01
1.819000000000000000e+03 3.759997764418012230e+04 3.453657243083291489e-12 -6.424482194496468262e-11 -1.125591807189829874e+00 1.697435670607327809e-11 -2.388835753453266986e-01 5.627995625743021924e-01 -2.028820953170970600e-11 2.388835754095757491e-01 5.627995625509637501e-01
1.820000000000000000e+03 3.762064833007576817e+04 3.433602625046560142e-12 -6.451543635128654809e-11 -1.142532431701377194e+00 2.719602653258279133e-12 -5.615992149528326038e-02 5.713198944549000569e-01 -6.090200095380030779e-12 5.615992155958939025e-02 5.713198944507666965e-01
1.821000000000000000e+03 3.764131901597141405e+04 3.320100977607158702e-12 -6.098986810321422900e-11 -1.090961208214327849e+00 -1.387912540092531362e-11 1.569335139031116100e-01 5.455725669482791584e-01 1.069443575274029002e-11 -1.569335138424363951e-01 5.455725669662282451e-01
1.822000000000000000e+03 3.766198970186705992e+04 2.796895501126431531e-12 -5.371283132712658422e-11 -9.858638326377600070e-01 -3.150716913412602160e-11 3.841755053606639159e-01 4.930514167978460316e-01 2.861117247358343156e-11 -3.841755053071135850e-01 4.930514168396587515e-01
1.823000000000000000e+03 3.768266038776270580e+04 2.314074964939205469e-12 -4.522371266172273506e-11 -8.491975266148364954e-01 -4.882582809046539269e-11 6.059375405568351303e-01 4.247373184693153947e-01 4.631311771678482542e-11 -6.059375405117112257e-01 4.247373185339298196e-01
1.824000000000000000e+03 3.770333107365835167e+04 2.071652553469928784e-12 -3.629742016710368333e-11 -7.080508843477545389e-01 -6.395002096531501348e-11 8.007042563953411518e-01 3.541767016602599405e-01 6.190879389897663644e-11 -8.007042563591003637e-01 3.541767017452783217e-01
1.825000000000000000e+03 3.772400175955399754e+04 1.984227794636115673e-12 -2.872886834171758755e-11 -5.908028629697434919e-01 -7.551539306580527877e-11 9.476085548744257459e-01 2.955605350085960259e-01 7.374526549257057503e-11 -9.476085548454925567e-01 2.955605351086518784e-01
1.826000000000000000e+03 3.774467244544964342e+04 1.396845831619329749e-12 -2.436806272178820089e-11 -5.217076491537457894e-01 -8.195856189576326570e-11 1.029666041749413896e+00 2.610167985075420027e-01 8.042440298046878648e-11 -1.029666041725116443e+00 2.610167986157160835e-01
1.827000000000000000e+03 3.776534313134528929e+04 1.443002422675185257e-12 -2.402239756672853004e-11 -5.153078425633059734e-01 -8.258318969744648402e-11 1.036934830531962781e+00 2.578172172418776720e-01 8.113245054576485102e-11 -1.036934830507825200e+00 2.578172173513533783e-01
1.828000000000000000e+03 3.778601381724093517e+04 1.525362913164800515e-12 -2.777074032838447234e-11 -5.727796576605603818e-01 -7.740491170436447691e-11 9.685323444840909790e-01 2.865499293396083780e-01 7.573660050035307738e-11 -9.685323444560484107e-01 2.865499294421076648e-01
1.829000000000000000e+03 3.780668450313658104e+04 1.883891028179243793e-12 -3.460205893238407398e-11 -6.815835959050289272e-01 -6.692723654876965074e-11 8.328255998522575698e-01 3.409448225205330418e-01 6.490219626346377620e-11 -8.328255998175125852e-01 3.409448226091138512e-01
1.830000000000000000e+03 3.782735518903222692e+04 2.335811915941526352e-12 -4.333142400432043729e-11 -8.186406176720967265e-01 -5.236523943215510261e-11 6.456909383215702070e-01 4.094615544114756367e-01 4.997158354680214665e-11 -6.456909382780219309e-01 4.094615544808170582e-01
1.831000000000000000e+03 3.784802587492787279e+04 3.013053686761912635e-12 -5.269473797474142864e-11 -9.557616951348771872e-01 -3.547717817418907245e-11 4.274730383968952663e-01 4.780041730323843496e-01 3.265353062507034596e-11 -4.274730383443040016e-01 4.780041730793008758e-01
1.832000000000000000e+03 3.786869656082351867e+04 3.254432462222842095e-12 -5.997390570686711451e-11 -1.065203029615407138e+00 -1.744430485395879460e-11 1.997160701070715139e-01 5.326986182605043529e-01 1.436213069924059318e-11 -1.997160700470927974e-01 5.326986182840482975e-01
1.833000000000000000e+03 3.788936724671916454e+04 3.157441085816073677e-12 -6.473117648943603403e-11 -1.123854686572271611e+00 -2.120692577536400710e-13 -1.752389609842082072e-02 5.619874292693870510e-01 -2.972065675141269973e-12 1.752389616285254456e-02 5.619874292703005425e-01
1.834000000000000000e+03 3.791003793261481042e+04 3.243772588893952712e-12 -6.549750241360280355e-11 -1.115430592655724862e+00 1.493688959659250697e-11 -2.073733599548097384e-01 5.577260874816090119e-01 -1.806093398626491125e-11 2.073733600197210092e-01 5.577260874626779330e-01
1.835000000000000000e+03 3.793070861851045629e+04 3.122888532119515049e-12 -6.171346340205443412e-11 -1.030963810380389978e+00 2.695174886634868629e-11 -3.569076439899973585e-01 5.154327469479250690e-01 -2.994430655333874823e-11 3.569076440513804793e-01 5.154327469130317585e-01
1.836000000000000000e+03 3.795137930440610216e+04 2.524370612534020657e-12 -5.331517215097874503e-11 -8.683454215277822685e-01 3.520748364959022271e-11 -4.573294574021273262e-01 4.340592301533914843e-01 -3.774414871871199285e-11 4.573294574552666525e-01 4.340592301079707060e-01
1.837000000000000000e+03 3.797204999030174804e+04 1.566437537186200401e-12 -4.045413641386616741e-11 -6.316330232551080615e-01 3.935050250445713452e-11 -5.039692565648264955e-01 3.156443635947022708e-01 -4.117972703326187366e-11 5.039692566051091616e-01 3.156443635440863149e-01
1.838000000000000000e+03 3.799272067619739391e+04 1.129811816698498224e-12 -2.368470059794353386e-11 -3.305741012816879043e-01 3.916079620440558124e-11 -4.964236291565380377e-01 1.650717640265753072e-01 -4.019606043308992062e-11 4.964236291798535539e-01 1.650717639761306033e-01
1.839000000000000000e+03 3.801339136209303979e+04 -5.423239680118975729e-14 -3.925322485923595198e-12 1.956298279940825099e-02 3.515974148030444899e-11 -4.389625246674451753e-01 -1.001887458889693695e-02 -3.511108553847947781e-11 4.389625246701740480e-01 -1.001887463386098853e-02
1.840000000000000000e+03 3.803406204798868566e+04 -1.007410017943594279e-12 1.823620827045769207e-11 3.981115801798877918e-01 2.787364695722997531e-11 -3.410595096654778224e-01 -1.992942389761023503e-01 -2.676939945934617389e-11 3.410595096467066711e-01 -1.992942390114752771e-01
1.841000000000000000e+03 3.805473273388433154e+04 -2.487402034559576939e-12 4.113707378121471243e-11 7.795626604582575059e-01 1.859769904256823180e-11 -2.176487888581084829e-01 -3.900032220352728229e-01 -1.624053480523805864e-11 2.176487888166383500e-01 -3.900032220581316489e-01
1.842000000000000000e+03 3.807540341977997741e+04 -3.272232252843574082e-12 6.279452867424417165e-11 1.135140971754190042e+00 8.757601675207707880e-12 -8.848523346450334892e-02 -5.677628845737074936e-01 -5.512870495873532775e-12 8.848523340136185689e-02 -5.677628845840635430e-01
1.843000000000000000e+03 3.809607410567562329e+04 -4.148994943585512127e-12 7.870310354838635175e-11 1.435769452922542877e+00 1.526834761246508191e-13 2.394802280572763328e-02 -7.180399531385890377e-01 3.991859993491647537e-12 -2.394802288718358638e-02 -7.180399531374929145e-01
1.844000000000000000e+03 3.811674479157126916e+04 -4.923343006062322716e-12 9.661086265334961143e-11 1.656238617552734604e+00 -5.505735638145182935e-12 9.808965347382894717e-02 -8.282351390636724098e-01 1.029428676765703158e-11 -9.808965356889513820e-02 -8.282351390554514303e-01
1.845000000000000000e+03 3.813741547746691504e+04 -4.831874912957185812e-12 9.807825986433298587e-11 1.779635923537828290e+00 -6.993441800642057314e-12 1.178095380859905256e-01 -8.898972119016780313e-01 1.199616064592312809e-11 -1.178095381882272308e-01 -8.898972118914246776e-01
1.846000000000000000e+03 3.815808616336256091e+04 -5.204559763035157234e-12 9.863962299889202087e-11 1.800564503612065437e+00 -3.557719696978289572e-12 7.632078278681919681e-02 -9.003315317527561534e-01 8.709996876933814641e-12 -7.632078289015201134e-02 -9.003315317469443579e-01
1.847000000000000000e+03 3.817875684925820678e+04 -4.583028384761104007e-12 1.001243874335738056e-10 1.725856598197915481e+00 4.258236010214295554e-12 -2.207406851140109386e-02 -8.629563879604196242e-01 6.520674804650296582e-13 2.207406841272680637e-02 -8.629563879651580560e-01
1.848000000000000000e+03 3.819942753515385266e+04 -4.449052569553010600e-12 1.019976035953184125e-10 1.572531720943337596e+00 1.544210629198079881e-11 -1.630773136276872093e-01 -7.862825988314837700e-01 -1.090973005578439025e-11 1.630773135383071781e-01 -7.862825988510884212e-01
1.849000000000000000e+03 3.822009822104949853e+04 -3.978886932293977732e-12 7.466480043334214730e-11 1.363737715564691033e+00 2.829137181023627634e-11 -3.259498599677399522e-01 -6.818849358932846938e-01 -2.434189792174561896e-11 3.259498598916276135e-01 -6.818849359297081136e-01
1.850000000000000000e+03 3.824076890694514441e+04 -3.394171422802868424e-12 6.342159309886893829e-11 1.124327461933809058e+00 4.102674564676716466e-11 -4.879062749790895603e-01 -5.621909152589255054e-01 -3.779004410214757649e-11 4.879062749175694380e-01 -5.621909153124873271e-01
1.851000000000000000e+03 3.826143959284079028e+04 -2.630931789829044347e-12 4.800221657425480059e-11 8.773014340255583798e-01 5.216441473960649639e-11 -6.279801064058659898e-01 -4.387016296961786521e-01 -4.962695750071574931e-11 6.279801063592348465e-01 -4.387016297644239504e-01
1.852000000000000000e+03 3.828211027873643616e+04 -1.846506070939726742e-12 3.526220363123540157e-11 6.417571451148555983e-01 6.003004603324517639e-11 -7.294493714468824885e-01 -3.209653238777835926e-01 -5.826978066193170280e-11 7.294493714138388096e-01 -3.209653239568417971e-01
1.853000000000000000e+03 3.830278096463208203e+04 -1.387177056724588686e-12 1.630058356849587525e-11 4.321761838553255242e-01 6.400176918206817085e-11 -7.808173598563138418e-01 -2.162196325040276201e-01 -6.276239048872723936e-11 7.808173598352362577e-01 -2.162196325887034420e-01
1.854000000000000000e+03 3.832345165052772791e+04 -7.596863110568433288e-13 8.307395867142477232e-12 2.584877065324496237e-01 6.341693607286775006e-11 -7.758254800514026162e-01 -1.294225444693344607e-01 -6.263864566081011463e-11 7.758254800395050221e-01 -1.294225445539417541e-01
1.855000000000000000e+03 3.834412233642337378e+04 -3.957273795225891685e-13 8.526467488711291585e-12 1.263252610768238471e-01 5.812285581417235947e-11 -7.130691416387512360e-01 -6.338113326563198091e-02 -5.778486763021574310e-11 7.130691416336930599e-01 -6.338113334345701899e-02
1.856000000000000000e+03 3.836479302231901966e+04 -9.158344047440416010e-14 7.229872635486416285e-13 3.704115307812732433e-02 4.852686676680673499e-11 -5.956737542213138559e-01 -1.876068081412037708e-02 -4.846807623982307521e-11 5.956737542199437296e-01 -1.876068088013920290e-02
1.857000000000000000e+03 3.838546370821466553e+04 1.423858198620263419e-13 -7.568536458643424437e-13 -1.261690088741753910e-02 3.510639049835277573e-11 -4.311482295212874516e-01 6.073491364786826052e-03 -3.513875583299957568e-11 4.311482295211390148e-01 6.073491316203271338e-03
1.858000000000000000e+03 3.840613439411031140e+04 2.182220703650575352e-13 8.179380127825090738e-14 -3.099245843890964872e-02 1.882444384968711642e-11 -2.312985880192426347e-01 1.529562523263168494e-02 -1.894917190428477943e-11 2.312985880188544174e-01 1.529562520481745659e-02
1.859000000000000000e+03 3.842680508000595728e+04 6.463128099968997247e-14 1.452414601702394951e-12 -3.169616675689061053e-02 8.435665205756333724e-13 -1.185577888742367185e-02 1.570568129429995505e-02 -9.589919448225154427e-13 1.185577888593933316e-02 1.570568129031507665e-02
1.860000000000000000e+03 3.844747576590160315e+04 4.047132077060022271e-15 2.380498504545820076e-12 -3.284463833742046895e-02 -1.712419645756095309e-11 2.085769702809510129e-01 1.635048907539177199e-02 1.702057165797893753e-11 -2.085769702836228201e-01 1.635048909515631615e-02
1.861000000000000000e+03 3.846814645179724903e+04 1.869413763951145919e-13 1.876487243868172160e-12 -5.484476406547537236e-02 -3.373750474762824084e-11 4.104855165592133370e-01 2.742031812692445614e-02 3.352879539435250398e-11 -4.104855165611886458e-01 2.742031816860012600e-02
1.862000000000000000e+03 3.848881713769289490e+04 2.446711954853304022e-13 -1.341255468467117853e-12 -1.166980885811422231e-01 -4.741152543159685446e-11 5.761515900152252012e-01 5.840574145645032605e-02 4.709423655834897333e-11 -5.761515900138892698e-01 5.840574151653179363e-02
1.863000000000000000e+03 3.850948782358854078e+04 8.970916060818150425e-13 -8.661586442156434751e-12 -2.315787891930263520e-01 -5.719410704026994801e-11 6.924834337671685880e-01 1.158891652097842340e-01 5.654860914819139021e-11 -6.924834337588107180e-01 1.158891652830534857e-01
1.864000000000000000e+03 3.853015850948418665e+04 1.119617395141524120e-12 -1.929490558838748937e-11 -4.030980840099971374e-01 -6.251037503309650686e-11 7.531028041981600030e-01 2.016765942462945826e-01 6.141682352298825195e-11 -7.531028041791832939e-01 2.016765943276363771e-01
1.865000000000000000e+03 3.855082919537983253e+04 1.848544604021385347e-12 -3.320041804060004846e-11 -6.236993971147596350e-01 -6.338215700646147257e-11 7.589945974927619909e-01 3.119929105027554050e-01 6.157461168027984301e-11 -7.589945974597297473e-01 3.119929105863008534e-01
1.866000000000000000e+03 3.857149988127547840e+04 2.493974615340586248e-12 -4.884014032576232986e-11 -8.758441693107804626e-01 -6.033355290737243380e-11 7.175729757207840454e-01 4.380724951593745198e-01 5.793198255073068761e-11 -7.175729756720976571e-01 4.380724952392776594e-01
1.867000000000000000e+03 3.859217056717112428e+04 3.366423894517769954e-12 -6.503087602875478424e-11 -1.135482199364422184e+00 -5.450492913889879309e-11 6.406131195749721341e-01 5.678932451336845544e-01 5.122571563677223238e-11 -6.406131195100951414e-01 5.678932452065542646e-01
1.868000000000000000e+03 3.861284125306677015e+04 3.619998505611873445e-12 -7.975346406104876498e-11 -1.376458157023181750e+00 -4.675563420359291914e-11 5.418204681078214735e-01 6.883796565705386783e-01 4.283993241095470563e-11 -5.418204680278497776e-01 6.883796566339427381e-01
1.869000000000000000e+03 3.863351193896241602e+04 4.366632327918876098e-12 -9.220134932332265697e-11 -1.574457646295762459e+00 -3.824415507494371665e-11 4.347234619125115995e-01 7.873760095925742553e-01 3.371166400544886816e-11 -4.347234618204255385e-01 7.873760096447430801e-01
1.870000000000000000e+03 3.865418262485806190e+04 4.914400084815936835e-12 -1.003042144861941926e-10 -1.709688529671351764e+00 -2.989199931055207838e-11 3.312318555124703079e-01 8.549871353256783824e-01 2.503641187061639736e-11 -3.312318554122431480e-01 8.549871353668287988e-01
1.871000000000000000e+03 3.867485331075370777e+04 4.946140768617190665e-12 -1.037070329974252028e-10 -1.768126531722467698e+00 -2.250018589350545981e-11 2.409264082142167918e-01 8.842012348324798099e-01 1.745819102246663228e-11 -2.409264081105071675e-01 8.842012348633312424e-01
1.872000000000000000e+03 3.869552399664935365e+04 4.947234292317979480e-12 -1.021519292465946377e-10 -1.741944707593564345e+00 -1.668515218448516042e-11 1.707350721739942234e-01 8.711045318361643197e-01 1.166356161252413905e-11 -1.707350720716775960e-01 8.711045318589659692e-01
1.873000000000000000e+03 3.871619468254499952e+04 4.698886234539873021e-12 -9.504493155057144032e-11 -1.629317560666620812e+00 -1.271470420277899277e-11 1.249299085834094658e-01 8.147830695006996748e-01 8.121252094310846379e-12 -1.249299084881834165e-01 8.147830695180207083e-01
1.874000000000000000e+03 3.873686536844064540e+04 4.080570274226896327e-12 -8.340505893831151652e-11 -1.434461465289719628e+00 -1.083801808051036583e-11 1.049866447746096026e-01 7.173425420122599983e-01 6.667953284350001267e-12 -1.049866446912125911e-01 7.173425420262127261e-01
1.875000000000000000e+03 3.875753605433629127e+04 3.424167256586168716e-12 -6.739511805094196382e-11 -1.167624987771715972e+00 -1.080348727342038723e-11 1.094179374833784552e-01 5.839034209634718087e-01 7.498419445507466131e-12 -1.094179374161835666e-01 5.839034209769906614e-01
1.876000000000000000e+03 3.877820674023193715e+04 2.351625094255489287e-12 -4.780043347112430795e-11 -8.451249628727119934e-01 -1.214047667738452834e-11 1.334962622665762377e-01 4.226200188663118418e-01 9.823073990253258498e-12 -1.334962622188604620e-01 4.226200188815206205e-01
1.877000000000000000e+03 3.879887742612758302e+04 1.395326897864193911e-12 -2.644534976921537862e-11 -4.888884453937971664e-01 -1.489008875616781176e-11 1.691342147224586534e-01 2.444535272174377383e-01 1.349301173679984076e-11 -1.691342146964027737e-01 2.444535272356608557e-01
1.878000000000000000e+03 3.881954811202322890e+04 5.080904507525504492e-13 -4.682347928341505288e-12 -1.250283039561556897e-01 -1.738969659882596269e-11 2.052332576474898140e-01 6.246153496537891481e-02 1.705685942698393389e-11 -2.052332576426942612e-01 6.246153498659354208e-02
1.879000000000000000e+03 3.884021879791887477e+04 -6.299334844260563044e-13 1.528375393962237786e-11 2.188714574745126151e-01 -1.889787242622384231e-11 2.288253624874775072e-01 -1.095584285460961399e-01 1.944767966047425649e-11 -2.288253625034626926e-01 -1.095584285227691745e-01
1.880000000000000000e+03 3.886088948381452064e+04 -1.381740373119772162e-12 3.239049468676228164e-11 5.175904489315497070e-01 -1.829119117822697617e-11 2.271190904617233219e-01 -2.589849518240510684e-01 1.981135010937834563e-11 -2.271190904949839384e-01 -2.589849518013406793e-01
1.881000000000000000e+03 3.888156016971016652e+04 -2.060621769588454351e-12 4.549399775310525392e-11 7.524012720812327526e-01 -1.491250159963495792e-11 1.901553793814164117e-01 -3.764386087775554168e-01 1.701674610460110687e-11 -1.901553794277962839e-01 -3.764386087587842100e-01
1.882000000000000000e+03 3.890223085560581239e+04 -2.319791972442083788e-12 5.334644441811836819e-11 9.142074556452813860e-01 -8.300303082741025411e-12 1.133271114782026662e-01 -4.573585294488373143e-01 1.079495631643434743e-11 -1.133271115326436457e-01 -4.573585294377275901e-01
1.883000000000000000e+03 3.892290154150145827e+04 -2.813312974626475402e-12 5.713420513486293081e-11 1.004583074926476804e+00 1.533290322730028192e-12 -1.125582618504211360e-03 -5.025297115633690082e-01 1.349145243820896853e-12 1.125582560089765771e-03 -5.025297115646250035e-01
1.884000000000000000e+03 3.894357222739710414e+04 -2.742593672698453987e-12 5.518453776396310051e-11 1.034354595868338444e+00 1.358014224664198560e-11 -1.442539779003351175e-01 -5.173737479711280063e-01 -1.076123418492035544e-11 1.442539778416694618e-01 -5.173737479873872225e-01
1.885000000000000000e+03 3.896424291329275002e+04 -2.503929156107724866e-12 5.831754602409602060e-11 1.020347018289705421e+00 2.686867193236166668e-11 -3.021139672661203313e-01 -5.103162887239146572e-01 -2.409830097979510318e-11 3.021139672099209528e-01 -5.103162887571638384e-01
1.886000000000000000e+03 3.898491359918839589e+04 -2.739844642355257388e-12 5.616824255289069901e-11 9.815148359554800583e-01 4.000107562384229019e-11 -4.583948582739187927e-01 -4.908468045884050723e-01 -3.723338860558713484e-11 4.583948582211220257e-01 -4.908468046385985883e-01
1.887000000000000000e+03 3.900558428508404177e+04 -2.741438780574520578e-12 4.642975185843198715e-11 9.356300907985695137e-01 5.168737283022176758e-11 -5.970879411521922142e-01 -4.678594030667052595e-01 -4.902705517754469327e-11 5.970879411024098138e-01 -4.678594031320960633e-01
1.888000000000000000e+03 3.902625497097968764e+04 -2.354510129290288875e-12 5.138662694193875272e-11 8.971529927323689257e-01 6.070258697909011007e-11 -7.045449562796257670e-01 -4.485877798506369141e-01 -5.830574716008426144e-11 7.045449562325379889e-01 -4.485877799282792511e-01
1.889000000000000000e+03 3.904692565687533352e+04 -2.606807083771602752e-12 4.972775325804184940e-11 8.762814387376566261e-01 6.638832236694607332e-11 -7.707104963813005138e-01 -4.381314622112834067e-01 -6.391471874648582070e-11 7.707104963351490978e-01 -4.381314622968498496e-01
1.890000000000000000e+03 3.906759634277097939e+04 -2.274988349945655324e-12 4.678605571867008218e-11 8.787807514201956272e-01 6.801632764504375944e-11 -7.896739659526832433e-01 -4.393725445606722624e-01 -6.562413695128696436e-11 7.896739659057553373e-01 -4.393725446485907682e-01
1.891000000000000000e+03 3.908826702866662527e+04 -2.702180864078249094e-12 4.631207563242906882e-11 9.060943785498654091e-01 6.565493329608845868e-11 -7.598536517421787817e-01 -4.530323575523791391e-01 -6.306887031851786519e-11 7.598536516923277695e-01 -4.530323576378656458e-01
1.892000000000000000e+03 3.910893771456227114e+04 -2.879078658495044235e-12 4.693586798107226669e-11 9.554126461117683489e-01 5.931678076233337243e-11 -6.840244757532105702e-01 -4.777063688101518824e-01 -5.661405677687235457e-11 6.840244756993860697e-01 -4.777063688878741554e-01
1.893000000000000000e+03 3.912960840045791701e+04 -2.832635751321862795e-12 6.260065683268220339e-11 1.019561774853344982e+00 4.972735204856548840e-11 -5.693046772899945651e-01 -5.098084254289969586e-01 -4.687081054904308108e-11 5.693046772306438186e-01 -5.098084254947303773e-01
1.894000000000000000e+03 3.915027908635356289e+04 -3.054222451603631472e-12 6.624048297209107780e-11 1.086868378256350187e+00 3.781048801965739839e-11 -4.269811098089240087e-01 -5.435019495317608973e-01 -3.475361101380136630e-11 4.269811097441383319e-01 -5.435019495822969171e-01
1.895000000000000000e+03 3.917094977224920876e+04 -3.203655085332515472e-12 6.640535701293796586e-11 1.141496909971015050e+00 2.469063323595857642e-11 -2.717716528877369142e-01 -5.708669715894530983e-01 -2.157343044480345505e-11 2.717716528183383717e-01 -5.708669716231703495e-01
1.896000000000000000e+03 3.919162045814485464e+04 -3.141932032746498858e-12 6.748289525797973871e-11 1.164638155480432591e+00 1.188047870672620657e-11 -1.203703554473551790e-01 -5.824927192589772762e-01 -8.668280607593674977e-12 1.203703553759013917e-01 -5.824927192760700478e-01
1.897000000000000000e+03 3.921229114404050051e+04 -3.032546277370964499e-12 6.944056547892968210e-11 1.136969165927009806e+00 6.246897111144414471e-13 1.089837931887035170e-02 -5.687071799455930554e-01 2.467984632422696740e-12 -1.089837938870278841e-02 -5.687071799479337386e-01
1.898000000000000000e+03 3.923296182993614639e+04 -2.753729052984254471e-12 6.374793965045826219e-11 1.042225112171483170e+00 -7.808941705194362866e-12 1.089414176674933510e-01 -5.213649893845740957e-01 1.072750308483922154e-11 -1.089414177315482790e-01 -5.213649893752113629e-01
1.899000000000000000e+03 3.925363251583179226e+04 -2.379581511632501511e-12 5.242876394059609937e-11 8.711002959430614867e-01 -1.298871826416141631e-11 1.665015329763037122e-01 -4.358025287902704825e-01 1.542243601035221462e-11 -1.665015330292603513e-01 -4.358025287738399589e-01
1.900000000000000000e+03 3.927430320172743814e+04 -1.840921794372190293e-12 3.672256074314905451e-11 6.242204176532269999e-01 -1.485394268466547090e-11 1.835858856884730050e-01 -3.123299382479304276e-01 1.659751224195876695e-11 -1.835858857258098331e-01 -3.123299382284742132e-01
1.901000000000000000e+03 3.929497388762308401e+04 -7.570933619524638691e-13 1.739284938647919753e-11 3.130336515553340249e-01 -1.401418023276691949e-11 1.671429805910873145e-01 -1.566795625467147235e-01 1.480107971081168965e-11 -1.671429806090934944e-01 -1.566795625273612325e-01
1.902000000000000000e+03 3.931564457351872989e+04 1.180402173720647187e-13 -4.208460658018895647e-12 -4.178507378589037952e-02 -1.114069363971798297e-11 1.291134334951117291e-01 2.079669801536987786e-02 1.102762944317646558e-11 -1.291134334910354897e-01 2.079669803151491803e-02
1.903000000000000000e+03 3.933631525941437576e+04 1.182125882149455698e-12 -2.698265062869024446e-11 -4.138270393519732915e-01 -7.760971634218345030e-12 8.361427279825718595e-02 2.068822634782520598e-01 6.607158572051177731e-12 -8.361427277143632097e-02 2.068822634903094704e-01
1.904000000000000000e+03 3.935698594531002163e+04 2.219398737469101182e-12 -4.832035364262267003e-11 -7.751418375179169873e-01 -4.882305935475778880e-12 4.422043016563803608e-02 3.875947279985558214e-01 2.716798038321421421e-12 -4.422043011765963705e-02 3.875947280068681167e-01
1.905000000000000000e+03 3.937765663120566751e+04 2.616009917539578321e-12 -6.751665323276733514e-11 -1.099895152836199097e+00 -3.386274741094452947e-12 2.202516720549244425e-02 5.500134201914661514e-01 4.058368276335867626e-13 -2.202516713817196520e-02 5.500134201976204507e-01
1.906000000000000000e+03 3.939832731710131338e+04 3.910316745652066862e-12 -8.255655692607873966e-11 -1.366816368644393265e+00 -3.997902420912060433e-12 2.467492749235919436e-02 6.835029269539123487e-01 2.685281416166502149e-13 -2.467492740984136845e-02 6.835029269598954516e-01
1.907000000000000000e+03 3.941899800299695926e+04 4.556367373718158434e-12 -9.342681229272103592e-11 -1.560397105874071100e+00 -7.052003241297186427e-12 5.617840682088000998e-02 7.803118291347693747e-01 2.647459156053225756e-12 -5.617840672777770633e-02 7.803118291442919796e-01
1.908000000000000000e+03 3.943966868889260513e+04 4.709745337748816105e-12 -9.903780482691759518e-11 -1.671232806608683008e+00 -1.239644113058834687e-11 1.171241851784749488e-01 8.357416096815735163e-01 7.778911345851693663e-12 -1.171241850796864853e-01 8.357416096972732911e-01
1.909000000000000000e+03 3.946033937478825101e+04 4.749153431216122325e-12 -9.924963129459733141e-11 -1.696007961312768098e+00 -2.006388402991857610e-11 2.049797224448060839e-01 8.481375978581477959e-01 1.536942499085375917e-11 -2.049797223456522322e-01 8.481375978825480555e-01
1.910000000000000000e+03 3.948101006068389688e+04 4.251487594202783760e-12 -9.486150939939369743e-11 -1.637516221661111437e+00 -2.936279589341697125e-11 3.142809145246624469e-01 8.188984458235649688e-01 2.490317387566000310e-11 -3.142809144301671465e-01 8.188984458602281968e-01
1.911000000000000000e+03 3.950168074657954276e+04 4.165942369735120282e-12 -8.581629793596762832e-11 -1.504733444094042527e+00 -3.987244023572211808e-11 4.367426340374450655e-01 7.525127755381874062e-01 3.575131429599000804e-11 -4.367426339518329370e-01 7.525127755873874946e-01
1.912000000000000000e+03 3.952235143247518863e+04 3.877410177527777351e-12 -7.369520434244783509e-11 -1.312939208507993394e+00 -5.048557406977242861e-11 5.613352732500457298e-01 6.566202272991581435e-01 4.684760638597263854e-11 -5.613352731766166892e-01 6.566202273619800023e-01
1.913000000000000000e+03 3.954302211837083451e+04 2.870942204630540449e-12 -5.937222357335762570e-11 -1.083175633352817080e+00 -6.010128311903735372e-11 6.747037092470486996e-01 5.417411097561428690e-01 5.715602984953748999e-11 -6.747037091875495163e-01 5.417411098314103279e-01
1.914000000000000000e+03 3.956369280426648038e+04 2.363605484805739947e-12 -4.450213941393776280e-11 -8.406503877812901981e-01 -6.741924761751027958e-11 7.621175938869896305e-01 4.204780744852442131e-01 6.512141984149281668e-11 -7.621175938421967944e-01 4.204780745699542854e-01
1.915000000000000000e+03 3.958436349016212625e+04 1.573480034664217356e-12 -3.184133759215452787e-11 -6.116943477996843459e-01 -7.128851332447050812e-11 8.091592103513702838e-01 3.059949637729968419e-01 6.956179893818229971e-11 -8.091592103196854069e-01 3.059949638634273383e-01
1.916000000000000000e+03 3.960503417605777213e+04 1.085416883725017946e-12 -2.117362699970810501e-11 -4.195022567690880888e-01 -7.065560249399060655e-11 8.040516135930435571e-01 2.098869530741888645e-01 6.952461159611020484e-11 -8.040516135718746016e-01 2.098869531646992692e-01
1.917000000000000000e+03 3.962570486195341800e+04 8.018395105459086537e-13 -1.395443038691116026e-11 -2.796712783592638085e-01 -6.500116431822972797e-11 7.401553209098749031e-01 1.399496812173053051e-01 6.421911699269635687e-11 -7.401553208959334995e-01 1.399496813012960361e-01
1.918000000000000000e+03 3.964637554784906388e+04 5.548694479927773015e-13 -1.023672561027019212e-11 -1.970315770775050435e-01 -5.420859920631307980e-11 6.178780015717231233e-01 9.859504408613355142e-02 5.368761406510954764e-11 -6.178780015612985732e-01 9.859504415730188653e-02
1.919000000000000000e+03 3.966704623374470975e+04 6.159330559739811075e-13 -1.026100083397134291e-11 -1.650387574945458569e-01 -3.919295795242381274e-11 4.452590685870283504e-01 8.254899916544813920e-02 3.875135257253998257e-11 -4.452590685769119982e-01 8.254899921816501174e-02
1.920000000000000000e+03 3.968771691964035563e+04 5.175129853462086801e-13 -1.237547070265317977e-11 -1.680026188791606812e-01 -2.096978815185296393e-11 2.369135350668240270e-01 8.396813441916659015e-02 2.054563401980096818e-11 -2.369135350544240848e-01 8.396813444913882318e-02
1.921000000000000000e+03 3.970838760553600150e+04 4.810727052984017460e-13 -1.476524663229801703e-11 -1.852455252930359786e-01 -1.250531581957746746e-12 1.164122651421366575e-02 9.252024822273645366e-02 7.947526099794944565e-13 -1.164122649968997968e-02 9.252024822712096030e-02
1.922000000000000000e+03 3.972905829143164738e+04 6.271909557802567549e-13 -1.635747259426557410e-11 -1.956353358737949466e-01 1.814898375301659827e-11 -2.105161522604954982e-01 9.765003928670035194e-02 -1.874047063835439556e-11 2.105161522764464332e-01 9.765003926553138258e-02
1.923000000000000000e+03 3.974972897732729325e+04 5.178760827406882840e-13 -1.557606316547229378e-11 -1.811303822434634225e-01 3.584673001166829724e-11 -4.109151474096626178e-01 9.034845314756062562e-02 -3.629757642065878739e-11 4.109151474244032154e-01 9.034845310298478260e-02
1.924000000000000000e+03 3.977039966322293913e+04 6.919544581660832537e-13 -1.255684781882406771e-11 -1.287293384844878374e-01 5.029131409886229147e-11 -5.741106110615792346e-01 6.412343230327774424e-02 -5.063585644340588726e-11 5.741106110730885836e-01 6.412343223916572299e-02
1.925000000000000000e+03 3.979107034911858500e+04 2.828732455396833484e-13 5.790268367658787205e-13 -3.098932128318635307e-02 6.057031439421581470e-11 -6.887444428331982449e-01 1.525582403680269226e-02 -6.059842772903061102e-11 6.887444428377768046e-01 1.525582395822407296e-02
1.926000000000000000e+03 3.981174103501423087e+04 -4.343695986520033884e-13 5.517341168634677839e-12 1.142994326490456292e-01 6.599937136175491393e-11 -7.478080464118890269e-01 -5.736370802864525914e-02 -6.568997035099900037e-11 7.478080464065226529e-01 -5.736370811528498231e-02
1.927000000000000000e+03 3.983241172090987675e+04 -9.188067157712633664e-13 1.212300637455129530e-11 3.046509517471870376e-01 6.642802109209151533e-11 -7.486892779706799672e-01 -1.525011292702616039e-01 -6.559049336883134044e-11 7.486892779524112473e-01 -1.525011293581915450e-01
1.928000000000000000e+03 3.985308240680552262e+04 -1.446225467993963986e-12 3.198789033643590799e-11 5.332004836130279646e-01 6.188316792589993652e-11 -6.933278050220743616e-01 -2.667341271099734068e-01 -6.045431425554321147e-11 6.933278049878660587e-01 -2.667341271932562319e-01
1.929000000000000000e+03 3.987375309270116850e+04 -2.167821457653263622e-12 4.732281678046692013e-11 7.886650614107481028e-01 5.303921077602284051e-11 -5.885804985997213912e-01 -3.944294916191062872e-01 -5.093435371288473539e-11 5.885804985489798691e-01 -3.944294916913593241e-01
1.930000000000000000e+03 3.989442377859681437e+04 -3.008824564368082709e-12 6.807271695847780986e-11 1.055129261315750799e+00 4.089154745767290830e-11 -4.466014104671904295e-01 -5.276344760704291259e-01 -3.805499550875787686e-11 4.466014103990478823e-01 -5.276344761273820128e-01
1.931000000000000000e+03 3.991509446449246025e+04 -3.319067939673570473e-12 8.929365207369138581e-11 1.312104127860941105e+00 2.700205428981356529e-11 -2.847844636896663117e-01 -6.561062854952637302e-01 -2.345627643107166145e-11 2.847844636051046763e-01 -6.561062855337651545e-01
1.932000000000000000e+03 3.993576515038810612e+04 -3.954009834314487817e-12 1.023598245474400696e-10 1.535480505827476971e+00 1.307136129028559300e-11 -1.246508502237416299e-01 -7.677899077378381731e-01 -9.040332641598053511e-12 1.246508501254555562e-01 -7.677899077577853282e-01
1.933000000000000000e+03 3.995643583628375200e+04 -4.430359506453694876e-12 1.098006544021137061e-10 1.699888972156691436e+00 1.303935599053061851e-12 1.076642453632494639e-02 -8.499995110265200493e-01 3.236804262872680952e-12 -1.076642464296898895e-02 -8.499995110300595513e-01
1.934000000000000000e+03 3.997710652217939787e+04 -4.515482147509496995e-12 1.137172887066165253e-10 1.782504483017877561e+00 -6.643182552461717200e-12 1.009452888789183628e-01 -8.913215634572458912e-01 1.127727649426782757e-11 -1.009452889886680860e-01 -8.913215634487622330e-01
1.935000000000000000e+03 3.999777720807504375e+04 -4.698282291977731975e-12 1.072779575974812613e-10 1.767539473437600206e+00 -9.408000184882581636e-12 1.323266159919284091e-01 -8.838612368734558578e-01 1.407548003024676193e-11 -1.323266160975219985e-01 -8.838612368591491908e-01
1.936000000000000000e+03 4.001844789397068962e+04 -4.641398216192241199e-12 1.005751733659025705e-10 1.649997709858366468e+00 -6.810768495247950385e-12 1.016817314872633937e-01 -8.251187100909803673e-01 1.119819120360802638e-11 -1.016817315831288621e-01 -8.251187100783520245e-01
1.937000000000000000e+03 4.003911857986633549e+04 -3.807988782517885840e-12 7.102493703100702436e-11 1.437228504655190919e+00 4.041579606019279623e-13 1.694138867849995234e-02 -7.187659551902501054e-01 3.357903110735411949e-12 -1.694138875844872910e-02 -7.187659551849293615e-01
1.938000000000000000e+03 4.005978926576198137e+04 -3.181540331482147130e-12 6.245611015081089732e-11 1.147643480739986677e+00 1.082059510547356130e-11 -1.048501626822404553e-01 -5.740054199367846666e-01 -7.783869680768201674e-12 1.048501626215880833e-01 -5.740054199441492200e-01
1.939000000000000000e+03 4.008045995165762724e+04 -2.177129729667070425e-12 3.879594007706299574e-11 8.071046891993362005e-01 2.259647752546733084e-11 -2.416350965313556198e-01 -4.037644474911217252e-01 -2.046342175682266229e-11 2.416350964919178612e-01 -4.037644475133753685e-01
1.940000000000000000e+03 4.010113063755327312e+04 -1.173131081474975041e-12 1.694282245836070956e-11 4.444263925801617554e-01 3.366660653135850837e-11 -3.708393407645879103e-01 -2.224459820228922857e-01 -3.256316901504228823e-11 3.708393407469356973e-01 -2.224459820604003935e-01
1.941000000000000000e+03 4.012180132344891899e+04 -2.210827771246121306e-13 -3.474930559237892427e-12 8.739875499518574842e-02 4.233787054673804509e-11 -4.728915749909753385e-01 -4.394010341065008457e-02 -4.215059622889153136e-11 4.728915749938526480e-01 -4.394010346026125391e-02
1.942000000000000000e+03 4.014247200934456487e+04 5.188859773267170149e-13 -2.120881686424329798e-11 -2.398622418012361368e-01 4.733903925615854805e-11 -5.331532991225977902e-01 1.197002940188818532e-01 -4.796523546851267480e-11 5.331532991430474322e-01 1.197002939609355526e-01
1.943000000000000000e+03 4.016314269524021074e+04 1.209276726471826537e-12 -3.592401803965050512e-11 -5.181992750482578014e-01 4.785951446146090974e-11 -5.424407880081678623e-01 2.588992612446244790e-01 -4.916545559021817919e-11 5.424407880436549201e-01 2.588992611844859182e-01
1.944000000000000000e+03 4.018381338113585662e+04 1.684464194780286846e-12 -4.637323425661170142e-11 -7.337863943976756786e-01 4.356693925163493553e-11 -4.967265321245967757e-01 3.667415130135512902e-01 -4.550011323395777910e-11 4.967265321704399939e-01 3.667415129569751575e-01
1.945000000000000000e+03 4.020448406703150249e+04 2.229882400025684966e-12 -5.260969448455617076e-11 -8.781833856406655592e-01 3.450178498907736445e-11 -3.966269293613530200e-01 4.389996905848168041e-01 -3.669898438939392423e-11 3.966269294139899149e-01 4.389996905384255244e-01
1.946000000000000000e+03 4.022515475292714837e+04 2.411187388366635325e-12 -5.427899884759280202e-11 -9.485190979513963283e-01 2.096986760061472850e-11 -2.470470147031930408e-01 4.742289002469100567e-01 -2.334532163378334489e-11 2.470470147573942399e-01 4.742289002156475641e-01
1.947000000000000000e+03 4.024582543882279424e+04 2.523844763298756175e-12 -5.277171015529905714e-11 -9.480103462872154774e-01 3.894326666691285510e-12 -5.709644911518821364e-02 4.740297004322384655e-01 -6.300419633073863696e-12 5.709644916756254074e-02 4.740297004223847366e-01
1.948000000000000000e+03 4.026649612471844011e+04 2.271551385808636925e-12 -4.752046637666705620e-11 -8.866503047046403463e-01 -1.554339832597591644e-11 1.598990700539782983e-01 4.433943710171394659e-01 1.326526149583436167e-11 -1.598990700067877413e-01 4.433943710315375597e-01
1.949000000000000000e+03 4.028716681061408599e+04 2.054981968516391674e-12 -4.055793147936643672e-11 -7.815695117798667768e-01 -3.585447972760164252e-11 3.866374301483120335e-01 3.908873515370490104e-01 3.389780282226545200e-11 -3.866374301079608111e-01 3.908873515775029839e-01
1.950000000000000000e+03 4.030783749650973186e+04 1.515604101734977073e-12 -3.304584595605207289e-11 -6.563212870389083520e-01 -5.525566955156271332e-11 6.027529399361353235e-01 3.282866303279400877e-01 5.351523334175051753e-11 -6.027529399032515167e-01 3.282866303939589447e-01
1.951000000000000000e+03 4.032850818240537774e+04 1.201039343387957550e-12 -2.681420076751283106e-11 -5.383991352763315419e-01 -7.176935135050914593e-11 7.867109301933433718e-01 2.693410263186590825e-01 7.040745392143000025e-11 -7.867109301666596055e-01 2.693410264075367100e-01
1.952000000000000000e+03 4.034917886830102361e+04 1.184788241564605219e-12 -2.307452430599208199e-11 -4.548162365305723487e-01 -8.372462144440704411e-11 9.186633840836984088e-01 2.275590233734584023e-01 8.248414466961343038e-11 -9.186633840606797108e-01 2.275590234790405841e-01
1.953000000000000000e+03 4.036984955419666949e+04 1.232128271133665461e-12 -2.343576533982479813e-11 -4.265246834121456110e-01 -8.966965061085598061e-11 9.837580945906951868e-01 2.134180114869893563e-01 8.852579990077772974e-11 -9.837580945674024857e-01 2.134180116023795815e-01
1.954000000000000000e+03 4.039052024009231536e+04 1.176325474609595298e-12 -2.790229334180048429e-11 -4.633497757144267593e-01 -8.903158501216024550e-11 9.749887323691002194e-01 2.318313732680721273e-01 8.776517440656418610e-11 -9.749887323412860241e-01 2.318313733846041336e-01
1.955000000000000000e+03 4.041119092598796124e+04 1.278306345509614245e-12 -3.581096601924836900e-11 -5.614449673187725809e-01 -8.191090685165074533e-11 8.945675117499426454e-01 2.808760374324236753e-01 8.051519048922086347e-11 -8.945675117141016486e-01 2.808760375414654509e-01
1.956000000000000000e+03 4.043186161188360711e+04 1.678661728738132004e-12 -4.650978998508721742e-11 -7.041845479735439062e-01 -6.941658068906062511e-11 7.533868501630808234e-01 3.522389457094150522e-01 6.757132700976422342e-11 -7.533868501165639220e-01 3.522389458034879128e-01
1.957000000000000000e+03 4.045253229777925299e+04 1.928759597033722775e-12 -5.750471491216689587e-11 -8.662801854043380434e-01 -5.287226454487033407e-11 5.686918177402332519e-01 4.332754130552380345e-01 5.067850435431644561e-11 -5.686918176828007487e-01 4.332754131283246268e-01
1.958000000000000000e+03 4.047320298367489886e+04 2.563047151934945130e-12 -6.744870899232083799e-11 -1.019313912507165965e+00 -3.424235410254157195e-11 3.608986296305640717e-01 5.097755865304296474e-01 3.157518839195004990e-11 -3.608986295631636532e-01 5.097755865794471042e-01
1.959000000000000000e+03 4.049387366957054473e+04 3.109040510596129660e-12 -7.433862462976920877e-11 -1.136838921397098190e+00 -1.522770138165949279e-11 1.505172868913801365e-01 5.685147334765372484e-01 1.226415585884760112e-11 -1.505172868170604472e-01 5.685147334997956436e-01
1.960000000000000000e+03 4.051454435546619061e+04 3.075948901245618292e-12 -7.697941885609777606e-11 -1.197811174078809993e+00 2.462917688371232472e-12 -4.412622843622825836e-02 5.989691809484529728e-01 -5.578263681927295331e-12 4.412622851316268940e-02 5.989691809474482209e-01
1.961000000000000000e+03 4.053521504136183648e+04 3.331086372182052959e-12 -7.498680052783160546e-11 -1.188112673669686981e+00 1.744938086828603085e-11 -2.081678869566346568e-01 5.940787080174463330e-01 -2.055658203312412046e-11 2.081678870315595009e-01 5.940787079952269956e-01
1.962000000000000000e+03 4.055588572725748236e+04 2.921585170210633458e-12 -6.816125271143687353e-11 -1.100666158218379875e+00 2.883434186872030204e-11 -3.306818354980386454e-01 5.503052610498017083e-01 -3.164225523357980063e-11 3.306818355662725639e-01 5.503052610114144150e-01
1.963000000000000000e+03 4.057655641315312823e+04 2.494015484914133370e-12 -5.637540396914735199e-11 -9.348954335891147549e-01 3.571298377279452941e-11 -4.047393484067814406e-01 4.673643898055012680e-01 -3.821345192628396324e-11 4.047393484627296312e-01 4.673643897563354299e-01
1.964000000000000000e+03 4.059722709904877411e+04 1.912366098022241073e-12 -3.976058948706693543e-11 -6.961608351111392423e-01 3.820168251024140705e-11 -4.274283143100101601e-01 3.479428027458890682e-01 -4.012289669761802471e-11 4.274283143494935766e-01 3.479428026923501172e-01
1.965000000000000000e+03 4.061789778494441998e+04 1.054124657361388257e-12 -1.958175523460863625e-11 -3.954848373358499369e-01 3.619050028542623548e-11 -4.000746383204727419e-01 1.975586884545190713e-01 -3.722633283882395446e-11 4.000746383396435735e-01 1.975586884025329615e-01
1.966000000000000000e+03 4.063856847084006586e+04 1.193431179245008172e-13 3.345609935747984089e-12 -4.951714291201800983e-02 3.015660680571017807e-11 -3.286832658390175799e-01 2.454112500456411688e-02 -3.024545853450668359e-11 3.286832658349413405e-01 2.454112495946304817e-02
1.967000000000000000e+03 4.065923915673571173e+04 -1.012129739722904614e-12 2.773369933797941344e-11 3.196104895105423838e-01 2.109028802573292631e-11 -2.243781103897749818e-01 -1.600430899901343906e-01 -2.020590867924072712e-11 2.243781103616296346e-01 -1.600430900236233522e-01
1.968000000000000000e+03 4.067990984263135761e+04 -1.703960645233233298e-12 5.075921231442866195e-11 6.851184092473052711e-01 1.033018446915683056e-11 -1.033524321481598951e-01 -3.428043799441109485e-01 -8.626955673471187419e-12 1.033524320971671434e-01 -3.428043799638184064e-01
1.969000000000000000e+03 4.070058052852700348e+04 -2.561491696561138771e-12 7.050888667140633500e-11 1.017652715496732307e+00 3.031199022160346756e-14 1.425455303886017516e-02 -5.090660525902026556e-01 2.597992458609318555e-12 -1.425455311022262410e-02 -5.090660525953636384e-01
1.970000000000000000e+03 4.072125121442264935e+04 -3.172998916622959472e-12 8.609419495880955424e-11 1.288815139089431128e+00 -8.250724324924936065e-12 1.069563689648287408e-01 -6.446304253386957450e-01 1.154418425811089670e-11 -1.069563690513542914e-01 -6.446304253319363742e-01
1.971000000000000000e+03 4.074192190031829523e+04 -3.599609906192405928e-12 9.492756297070490502e-11 1.475684732674706456e+00 -1.256136309173291611e-11 1.558142074129761634e-01 -7.380404610098713070e-01 1.623688487393271988e-11 -1.558142075085676148e-01 -7.380404609953019612e-01
1.972000000000000000e+03 4.076259258621394110e+04 -4.067856246181724046e-12 9.756689816911288688e-11 1.565108339047963426e+00 -1.168905312712548173e-11 1.486576652528113773e-01 -7.827242467495293399e-01 1.571966405039427435e-11 -1.486576653511431367e-01 -7.827242467342749865e-01
1.973000000000000000e+03 4.078326327210958698e+04 -3.827264304247513930e-12 9.619706409601125391e-11 1.556228096013647644e+00 -5.776474544062311492e-12 8.314726994487744993e-02 -7.782574299739515311e-01 9.667223295015566710e-12 -8.314727003932707861e-02 -7.782574299640293569e-01
1.974000000000000000e+03 4.080393395800523285e+04 -3.874719416231336959e-12 8.880785703000235648e-11 1.460180406705623435e+00 4.871107113590098618e-12 -3.261485200915886784e-02 -7.302118507682561210e-01 -1.195885844597115837e-12 3.261485192377512610e-02 -7.302118507701516048e-01
1.975000000000000000e+03 4.082460464390087873e+04 -3.009635360349894486e-12 7.579063474597434830e-11 1.297149757149126836e+00 1.845095522969533852e-11 -1.821045381092797621e-01 -6.486823975723663427e-01 -1.529775418031867269e-11 1.821045380358392307e-01 -6.486823975905552375e-01
1.976000000000000000e+03 4.084527532979652460e+04 -2.602187397642700807e-12 6.509644584966194343e-11 1.091906065921711244e+00 3.322775525156883149e-11 -3.442156100762645554e-01 -5.460559472265388292e-01 -3.054410967300716702e-11 3.442156100174390554e-01 -5.460559472634646250e-01
1.977000000000000000e+03 4.086594601569217048e+04 -2.154179518073324193e-12 4.815273995643750386e-11 8.694473845771607534e-01 4.726522868711476586e-11 -4.973948006266974975e-01 -4.348326527350465653e-01 -4.506811066621218977e-11 4.973948005817106499e-01 -4.348326527900470695e-01
1.978000000000000000e+03 4.088661670158781635e+04 -1.701785717606441094e-12 3.382479177340203924e-11 6.518715104873744615e-01 5.870866657396749779e-11 -6.228149819572558199e-01 -3.260612596212428826e-01 -5.701274431028665303e-11 6.228149819255366371e-01 -3.260612596911894867e-01
1.979000000000000000e+03 4.090728738748346223e+04 -1.011761298492616477e-12 1.478023079299813945e-11 4.567480412780582921e-01 6.621981952911907852e-11 -7.062005027992651618e-01 -2.285246323297628335e-01 -6.515007457374486117e-11 7.062005027782788380e-01 -2.285246324106136317e-01
1.980000000000000000e+03 4.092795807337910810e+04 -6.363253455762753611e-13 1.623345636250565425e-11 2.967107141927970981e-01 6.905491522271412478e-11 -7.383679527240838425e-01 -1.485358013721914117e-01 -6.841715390170458313e-11 7.383679527115240004e-01 -1.485358014576779184e-01
1.981000000000000000e+03 4.094862875927475397e+04 -2.366690575056145807e-13 1.382799790552730653e-11 1.796105654151385067e-01 6.688022671557516245e-11 -7.150954557533263367e-01 -9.001486477869340141e-02 -6.639905100463111249e-11 7.150954557456420391e-01 -9.001486486301527035e-02
1.982000000000000000e+03 4.096929944517039985e+04 -1.806218210313710275e-13 6.950519628451377521e-12 1.087024169081429181e-01 5.952942882505469979e-11 -6.367960743487632858e-01 -5.458295036696061975e-02 -5.926990069759789670e-11 6.367960743434653015e-01 -5.458295044274183438e-02
1.983000000000000000e+03 4.098997013106604572e+04 -1.404159446811271379e-13 4.220387664980618345e-12 8.252545834736441099e-02 4.752343879310335803e-11 -5.083313200256107667e-01 -4.150364900913412758e-02 -4.734404245684129468e-11 5.083313200208836591e-01 -4.150364907066567827e-02
1.984000000000000000e+03 4.101064081696169160e+04 -1.676462425246533441e-13 6.239498058984011364e-12 9.449399876650001195e-02 3.174083658937579878e-11 -3.389684622222735033e-01 -4.747985063996520982e-02 -3.148288306387090706e-11 3.389684622151943327e-01 -4.747985068190349600e-02
1.985000000000000000e+03 4.103131150285733747e+04 -3.314041110296910380e-13 9.341479958179124604e-12 1.325016622609909156e-01 1.346998838338726114e-11 -1.422585670035199645e-01 -6.645715191579321113e-02 -1.312174667306384968e-11 1.422585669935748920e-01 -6.645715193461006198e-02
1.986000000000000000e+03 4.105198218875298335e+04 -3.289619093014438177e-13 1.274069916026281445e-11 1.791115369011900271e-01 -5.883309685380439872e-12 6.456375986851053961e-02 -8.971949590425074006e-02 6.314924394475396025e-12 -6.456375988181249637e-02 -8.971949589827912797e-02
1.987000000000000000e+03 4.107265287464862922e+04 -4.054731027733993803e-13 1.464798415946131156e-11 2.129789571537493709e-01 -2.427536725717698595e-11 2.620390032715624873e-01 -1.066000768595317671e-01 2.488559910025966685e-11 -2.620390032865657082e-01 -1.066000768294225187e-01
1.988000000000000000e+03 4.109332356054427510e+04 -3.428670759637859868e-13 1.398007791561228720e-11 2.118904787858705008e-01 -4.019133779581538599e-11 4.309163152795153495e-01 -1.059993925286765032e-01 4.070032661653499811e-11 -4.309163152937992569e-01 -1.059993924773297985e-01
1.989000000000000000e+03 4.111399424643992097e+04 -6.208403896073085766e-13 9.620389714599515057e-12 1.571352946831604258e-01 -5.199673329219821927e-11 5.552040675403153713e-01 -7.856898429733907840e-02 5.237666728263423774e-11 -5.552040675502947220e-01 -7.856898423010993948e-02
1.990000000000000000e+03 4.113466493233556685e+04 -1.369858494013142309e-13 1.043448901949498432e-12 3.808628877812675340e-02 -5.872872599656739597e-11 6.250170301798390060e-01 -1.900023450336367145e-02 5.881213023567134668e-11 -6.250170301810835660e-01 -1.900023442652058747e-02
1.991000000000000000e+03 4.115533561823121272e+04 3.885147635562768385e-14 -1.130323109073910712e-11 -1.446326526675527635e-01 -6.023394872530038198e-11 6.382558582375331691e-01 7.239269223926901586e-02 5.995206168383874702e-11 -6.382558582262294333e-01 7.239269231897801915e-02
1.992000000000000000e+03 4.117600630412685859e+04 1.031534239162823439e-12 -2.630538377521240053e-11 -3.786725665672604491e-01 -5.711741729267871895e-11 6.005313719754649116e-01 1.894354147992157733e-01 5.619106674832737511e-11 -6.005313719493520219e-01 1.894354148755564848e-01
1.993000000000000000e+03 4.119667699002250447e+04 1.637788734353333571e-12 -4.325579386141816975e-11 -6.423974492110332557e-01 -5.021449117259351097e-11 5.234214991533487904e-01 3.213114435601996943e-01 4.860689280870575636e-11 -5.234214991101888703e-01 3.213114436278513009e-01
1.994000000000000000e+03 4.121734767591815034e+04 2.251300615264594581e-12 -5.971714275999611754e-11 -9.092143480833608793e-01 -4.099203275036640642e-11 4.217936757935673020e-01 4.547264128729477939e-01 3.876880909119485601e-11 -4.217936757337826803e-01 4.547264129283479228e-01
1.995000000000000000e+03 4.123801836181379622e+04 2.792240022695589762e-12 -7.410490910396303667e-11 -1.152222513872072529e+00 -3.083262022890146327e-11 3.111013070699260585e-01 5.762321014614938397e-01 2.802479117424412621e-11 -3.111013069958118438e-01 5.762321015027812576e-01
1.996000000000000000e+03 4.125868904770944209e+04 3.210399187880279795e-12 -8.585248901774336187e-11 -1.347866010364646927e+00 -2.107421679089106368e-11 2.053286596162519073e-01 6.740523340782298423e-01 1.783955998063327320e-11 -2.053286595303886186e-01 6.740523341058386464e-01
1.997000000000000000e+03 4.127935973360508797e+04 3.537903286740619501e-12 -9.300069506352921192e-11 -1.478081541133589916e+00 -1.271535812169004706e-11 1.157857435285610387e-01 7.391566172768829768e-01 9.227843335829505012e-12 -1.157857434356185794e-01 7.391566172928338840e-01
1.998000000000000000e+03 4.130003041950073384e+04 3.671963582986475344e-12 -9.525612061631664707e-11 -1.531000364876853981e+00 -6.605325706759587517e-12 5.069566862048905526e-02 7.656109969758945200e-01 2.991489560646058793e-12 -5.069566852560554449e-02 7.656109969827110673e-01
1.999000000000000000e+03 4.132070110539637972e+04 3.546272716429698755e-12 -9.199597827336898539e-11 -1.501047797687559138e+00 -3.227205507923389983e-12 1.507717897247304317e-02 7.506278507772912167e-01 -3.389886959427114165e-13 -1.507717888042119439e-02 7.506278507784672760e-01
2.000000000000000000e+03 4.134137179129202559e+04 3.365728075931646635e-12 -8.417268514939737237e-11 -1.388597317327034508e+00 -2.743665055588231614e-12 1.086055498015247971e-02 6.943930181106626742e-01 -6.346163843647092238e-13 -1.086055489627591256e-02 6.943930181105142374e-01
