# Step, Time, then (qa, pa, Ea) per photon mode (all in a.u.)
0.000000000000000000e+00 0.000000000000000000e+00 0.000000000000000000e+00 0.000000000000000000e+00 7.743741377807709936e-02
1.000000000000000000e+00 2.067068589564640035e+01 -1.193953258345575169e-01 -1.148871763194025432e-02 7.658713963901730981e-02
2.000000000000000000e+00 4.134137179129280071e+01 -4.749593470272231444e-01 -2.272504254163288523e-02 7.405368744974971662e-02
3.000000000000000000e+00 6.201205768693920106e+01 -1.058879758521148240e+00 -3.346174277612197490e-02 6.988887531224499683e-02
4.000000000000000000e+00 8.268274358258560142e+01 -1.858313695919488140e+00 -4.346188753708320890e-02 6.417898850496545071e-02
5.000000000000000000e+00 1.033534294782320018e+02 -2.855653809943060395e+00 -5.250394187570304322e-02 5.704414762705360686e-02
6.000000000000000000e+00 1.240241153738784021e+02 -4.028898677511355331e+00 -6.038670328976718238e-02 4.863682090151879439e-02
7.000000000000000000e+00 1.446948012695248167e+02 -5.352122961895809716e+00 -6.693393332387755079e-02 3.913922290333963355e-02
8.000000000000000000e+00 1.653654871651712028e+02 -6.796039300507379366e+00 -7.199851808545019993e-02 2.875960019729461442e-02
9.000000000000000000e+00 1.860361730608175890e+02 -8.328640466488524297e+00 -7.546600671899686419e-02 1.772760624044245753e-02
1.000000000000000000e+01 2.067068589564639751e+02 -9.915907541881628262e+00 -7.725740990271766362e-02 6.289005900451338782e-03
1.100000000000000000e+01 2.273775448521103613e+02 -1.152256777290908119e+01 -7.733120116422630141e-02 -5.299716541615137610e-03
1.200000000000000000e+01 2.480482307477567474e+02 -1.311288548027916256e+01 -7.568446825548337531e-02 -1.677736020376636994e-02
1.300000000000000000e+01 2.687189166434031335e+02 -1.465146751388531676e+01 -7.235319967831810306e-02 -2.788359947408297623e-02
1.400000000000000000e+01 2.893896025390495197e+02 -1.610406600847015923e+01 -6.741170755019321170e-02 -3.836497087397124084e-02
1.500000000000000000e+01 3.100602884346959058e+02 -1.743835997880375643e+01 -6.097115032969564752e-02 -4.798095400858221060e-02
1.600000000000000000e+01 3.307309743303422920e+02 -1.862469700279291374e+01 -5.317713700599652898e-02 -5.651020505447680586e-02
1.700000000000000000e+01 3.514016602259886781e+02 -1.963677577056517620e+01 -4.420640583588338057e-02 -6.375673043535801110e-02
1.800000000000000000e+01 3.720723461216350643e+02 -2.045225046201094443e+01 -3.426262097763842912e-02 -6.955553914369545787e-02
1.900000000000000000e+01 3.927430320172814504e+02 -2.105323952294587286e+01 -2.357139632784473887e-02 -7.377735099438359478e-02
2.000000000000000000e+01 4.134137179129278366e+02 -2.142672432124028603e+01 -1.237469754053006563e-02 -7.633222482697066269e-02
2.100000000000000000e+01 4.340844038085742227e+02 -2.156482649477372249e+01 -9.249276564586173671e-04 -7.717017201318632225e-02
2.200000000000000000e+01 4.547550897042206088e+02 -2.146496209936599087e+01 1.052109645773326163e-02 -7.628200681732091870e-02
2.300000000000000000e+01 4.754257755998669950e+02 -2.112986993446251915e+01 2.170811050990021501e-02 -7.369772970831042769e-02
2.400000000000000000e+01 4.960964614955133811e+02 -2.056751903188973785e+01 3.238810891115969509e-02 -6.948465469253788107e-02
2.500000000000000000e+01 5.167671473911598241e+02 -1.979090108234938228e+01 4.232572749074195451e-02 -6.374494610243595927e-02
2.600000000000000000e+01 5.374378332868062671e+02 -1.881771539535803228e+01 5.130326836104306260e-02 -5.661328426154903226e-02
2.700000000000000000e+01 5.581085191824527101e+02 -1.766995359092703310e+01 5.912528327625536650e-02 -4.825328072286329262e-02
2.800000000000000000e+01 5.787792050780991531e+02 -1.637339507716885123e+01 6.562265056208717307e-02 -3.885427354453772908e-02
2.900000000000000000e+01 5.994498909737455961e+02 -1.495702319610969688e+01 7.065607010673118082e-02 -2.862673019858748280e-02
3.000000000000000000e+01 6.201205768693920390e+02 -1.345237621357482816e+01 7.411891296411311780e-02 -1.779819221216133451e-02
3.100000000000000000e+01 6.407912627650384820e+02 -1.189284565849382425e+01 7.593933413643587371e-02 -6.607452271476563221e-03
3.200000000000000000e+01 6.614619486606849250e+02 -1.031293996745722019e+01 7.608156537425776744e-02 4.700616052735043238e-03
3.300000000000000000e+01 6.821326345563313680e+02 -8.747529377893085822e+00 7.454643132017506335e-02 1.588030034633304555e-02
3.400000000000000000e+01 7.028033204519778110e+02 -7.231088234535788750e+00 7.137111157387361626e-02 2.668991693543378702e-02
3.500000000000000000e+01 7.234740063476242540e+02 -5.796949719159735892e+00 6.662820550530353103e-02 3.689629107439445360e-02
3.600000000000000000e+01 7.441446922432706970e+02 -4.476586818954373825e+00 6.042419586897421202e-02 4.627833678610365764e-02
3.700000000000000000e+01 7.648153781389171399e+02 -3.298930572550574869e+00 5.289732333277855081e-02 5.463137465043187146e-02
3.800000000000000000e+01 7.854860640345635829e+02 -2.289738908289748132e+00 4.421485827852000838e-02 6.177089454833248339e-02
3.900000000000000000e+01 8.061567499302100259e+02 -1.471027677758958818e+00 3.456977967216968983e-02 6.753674209213643420e-02
4.000000000000000000e+01 8.268274358258564689e+02 -8.605767941195048287e-01 2.417680847645995584e-02 7.179758558300314286e-02
4.100000000000000000e+01 8.474981217215029119e+02 -4.715252498067484810e-01 1.326780898634048744e-02 7.445492305395903787e-02
4.200000000000000000e+01 8.681688076171493549e+02 -3.120673699593471406e-01 2.086642166447778834e-03 7.544642201244948498e-02
4.300000000000000000e+01 8.888394935127957979e+02 -3.852606002082422099e-01 -9.116395772796303740e-03 7.474814023439194099e-02
4.400000000000000000e+01 9.095101794084422409e+02 -6.889516769990892131e-01 -2.009037194357561618e-02 7.237548426961307180e-02
4.500000000000000000e+01 9.301808653040886838e+02 -1.215824136152959589e+00 -3.058956871015573384e-02 6.838296632672184738e-02
4.600000000000000000e+01 9.508515511997351268e+02 -1.953566409980934448e+00 -4.037921348554156936e-02 6.286281000333357460e-02
4.700000000000000000e+01 9.715222370953815698e+02 -2.885156213498717648e+00 -4.924096992687623103e-02 5.594314572604554281e-02
4.800000000000000000e+01 9.921929229910280128e+02 -3.989255655091792363e+00 -5.697804176140549431e-02 4.778462200638243507e-02
4.900000000000000000e+01 1.012863608886674456e+03 -5.240706621896789486e+00 -6.341979327786440024e-02 3.857731431521801285e-02
5.000000000000000000e+01 1.033534294782320785e+03 -6.611116907918916041e+00 -6.842579409961890846e-02 2.853609778855994983e-02
5.100000000000000000e+01 1.054204980677967114e+03 -8.069522815883583888e+00 -7.188915473161172631e-02 1.789576621530365036e-02
5.200000000000000000e+01 1.074875666573613444e+03 -9.583113181440252148e+00 -7.373899009380339986e-02 6.904222319935815477e-03
5.300000000000000000e+01 1.095546352469259773e+03 -1.111799382086596744e+01 -7.394188645901857149e-02 -4.184073471004606803e-03
5.400000000000000000e+01 1.116217038364906102e+03 -1.263997220049209780e+01 -7.250232286938242121e-02 -1.511556867467593601e-02
5.500000000000000000e+01 1.136887724260552432e+03 -1.411533930634145584e+01 -6.946202824763057782e-02 -2.564442181110615504e-02
5.600000000000000000e+01 1.157558410156198761e+03 -1.551162773565467567e+01 -6.489833333118007197e-02 -3.553917534545847356e-02
5.700000000000000000e+01 1.178229096051845090e+03 -1.679832543322102012e+01 -5.892172303074953710e-02 -4.458680232785253161e-02
5.800000000000000000e+01 1.198899781947491419e+03 -1.794753259405247192e+01 -5.167277852392834769e-02 -5.259684132828218450e-02
5.900000000000000000e+01 1.219570467843137749e+03 -1.893454898166787359e+01 -4.331863548726332808e-02 -5.940374843532476856e-02
6.000000000000000000e+01 1.240241153738784078e+03 -1.973838440922291682e+01 -3.404910617724164063e-02 -6.486905189823491402e-02
6.100000000000000000e+01 1.260911839634430407e+03 -2.034218573930242613e+01 -2.407249672730611689e-02 -6.888328359924474065e-02
6.200000000000000000e+01 1.281582525530076737e+03 -2.073357444637115776e+01 -1.361114419043914746e-02 -7.136780483816858311e-02
6.300000000000000000e+01 1.302253211425723066e+03 -2.090488911178426434e+01 -2.896700189143241316e-03 -7.227637767912439837e-02
6.400000000000000000e+01 1.322923897321369395e+03 -2.085332800585843671e+01 7.834776079664422521e-03 -7.159614950475569339e-02
6.500000000000000000e+01 1.343594583217015725e+03 -2.058098872097333043e+01 1.834785898026579029e-02 -6.934846682911693927e-02
6.600000000000000000e+01 1.364265269112662054e+03 -2.009480234618105854e+01 2.841274261240676197e-02 -6.558732464038982690e-02
6.700000000000000000e+01 1.384935955008308383e+03 -1.940636696502351555e+01 3.781010083316622972e-02 -6.039922578442830092e-02
6.800000000000000000e+01 1.405606640903954712e+03 -1.853168091017086283e+01 4.633574087555455273e-02 -5.390055441671399994e-02
6.900000000000000000e+01 1.426277326799601042e+03 -1.749078387426220971e+01 5.380489396321962159e-02 -4.623533590521000658e-02
7.000000000000000000e+01 1.446948012695247371e+03 -1.630731278464631373e+01 6.005613564519643455e-02 -3.757251273509083778e-02
7.100000000000000000e+01 1.467618698590893700e+03 -1.500798084220583206e+01 6.495488618339388676e-02 -2.810303854227012843e-02
7.200000000000000000e+01 1.488289384486540030e+03 -1.362198868527752005e+01 6.839643741462456128e-02 -1.803643571712401639e-02
7.300000000000000000e+01 1.508960070382186359e+03 -1.218037829384794790e+01 7.030845280523530250e-02 -7.597175108742859617e-03
7.400000000000000000e+01 1.529630756277832688e+03 -1.071534079778572313e+01 7.065286134033479937e-02 2.979830291749752114e-03
7.500000000000000000e+01 1.550301442173479018e+03 -9.259492085058509403e+00 6.942697421934078406e-02 1.345513855333117792e-02
7.600000000000000000e+01 1.570972128069125347e+03 -7.845134444239455718e+00 6.666374997792690049e-02 2.359028230302466500e-02
7.700000000000000000e+01 1.591642813964771676e+03 -6.503521212219245839e+00 6.243116017274561586e-02 3.315432361612129231e-02
7.800000000000000000e+01 1.612313499860418005e+03 -5.264144640176227519e+00 5.683060487621292844e-02 4.193003793507359828e-02
7.900000000000000000e+01 1.632984185756064335e+03 -4.154066046907669119e+00 4.999445367100351090e-02 4.971945421945582477e-02
8.000000000000000000e+01 1.653654871651710664e+03 -3.197305343460707494e+00 4.208281503697353099e-02 5.634865942414667844e-02
8.100000000000000000e+01 1.674325557547356993e+03 -2.414304744439939032e+00 3.327965112113964036e-02 6.167177020362937107e-02
8.200000000000000000e+01 1.694996243443003323e+03 -1.821478913377159170e+00 2.378834209092204124e-02 6.557434042046916822e-02
8.300000000000000000e+01 1.715666929338649652e+03 -1.430862049760671217e+00 1.382682957394698424e-02 6.797559665172939192e-02
8.400000000000000000e+01 1.736337615234295981e+03 -1.249858811265774250e+00 3.622430858630521985e-03 6.883061665853286437e-02
8.500000000000000000e+01 1.757008301129942311e+03 -1.281105788845774862e+00 -6.593587706715971913e-03 6.813137924374590426e-02
8.600000000000000000e+01 1.777678987025588640e+03 -1.522446772087616917e+00 -1.659153935603390612e-02 6.590708241977989712e-02
8.700000000000000000e+01 1.798349672921234969e+03 -1.967022785953439268e+00 -2.614880606857218626e-02 6.222329596068038038e-02
8.800000000000000000e+01 1.819020358816881298e+03 -2.603474285666873111e+00 -3.505510215861790124e-02 5.717978468044709189e-02
8.900000000000000000e+01 1.839691044712527628e+03 -3.416248797474612520e+00 -4.311731032210974757e-02 5.090695325844749042e-02
9.000000000000000000e+01 1.860361730608173957e+03 -4.386003042333758373e+00 -5.016370198336348590e-02 4.356114697662227114e-02
9.100000000000000000e+01 1.881032416503820286e+03 -5.490085051596453880e+00 -5.604740688903334100e-02 3.531928594604842597e-02
9.200000000000000000e+01 1.901703102399466616e+03 -6.703079728471150744e+00 -6.064910159570382348e-02 2.637375890573177145e-02
9.300000000000000000e+01 1.922373788295112945e+03 -7.997402109472334431e+00 -6.387892703861355881e-02 1.692719402884964447e-02
9.400000000000000000e+01 1.943044474190759274e+03 -9.343922200803339351e+00 -6.567773513599144131e-02 7.188692770510193841e-03
9.500000000000000000e+01 1.963715160086405604e+03 -1.071260977613941101e+01 -6.601780498743552161e-02 -2.629514916432679206e-03
9.600000000000000000e+01 1.984385845982051933e+03 -1.207318882163397689e+01 -6.490303575921566037e-02 -1.231574164225644752e-02
9.700000000000000000e+01 2.005056531877698262e+03 -1.339579030784471847e+01 -6.236860320386986012e-02 -2.166236235584449721e-02
9.800000000000000000e+01 2.025727217773344591e+03 -1.465159243478877649e+01 -5.848011310212636316e-02 -3.046903912648836477e-02
9.900000000000000000e+01 2.046397903668990921e+03 -1.581343840599657824e+01 -5.333215541368580004e-02 -3.854753081407219506e-02
1.000000000000000000e+02 2.067068589564637477e+03 -1.685641690017697059e+01 -4.704622893394456301e-02 -4.572532276909324622e-02
1.010000000000000000e+02 2.087739275460283807e+03 -1.775839404773305574e+01 -3.976806984890781521e-02 -5.184998882658678476e-02
1.020000000000000000e+02 2.108409961355930136e+03 -1.850048346122276754e+01 -3.166447952899304613e-02 -5.679154281223799949e-02
1.030000000000000000e+02 2.129080647251576465e+03 -1.906744706851893767e+01 -2.291970053462208390e-02 -6.044614397663161665e-02
1.040000000000000000e+02 2.149751333147222795e+03 -1.944801532236967390e+01 -1.373138315443652759e-02 -6.273788112318265386e-02
1.050000000000000000e+02 2.170422019042869124e+03 -1.963512128471519347e+01 -4.306278097411596339e-03 -6.362065982324456581e-02
1.060000000000000000e+02 2.191092704938515453e+03 -1.962604276623146760e+01 5.144322079512406859e-03 -6.307968380147745135e-02
1.070000000000000000e+02 2.211763390834161783e+03 -1.942244795301191473e+01 1.440933118086736367e-02 -6.113251593734658762e-02
1.080000000000000000e+02 2.232434076729808112e+03 -1.903034124861936149e+01 2.328272373832556211e-02 -5.782944045693304280e-02
1.090000000000000000e+02 2.253104762625454441e+03 -1.845990821463183806e+01 3.156839858208870808e-02 -5.325322415846876767e-02
1.100000000000000000e+02 2.273775448521100770e+03 -1.772526034598151057e+01 3.908484788405533483e-02 -4.751674722624195379e-02
1.110000000000000000e+02 2.294446134416747100e+03 -1.684408698685098216e+01 4.566946456256461978e-02 -4.076052407778468778e-02
1.120000000000000000e+02 2.315116820312393429e+03 -1.583722203199125467e+01 5.118233511507099681e-02 -3.314828385874067640e-02
1.130000000000000000e+02 2.335787506208039758e+03 -1.472813904171229105e+01 5.550934577139179232e-02 -2.486218391687509965e-02
1.140000000000000000e+02 2.356458192103686088e+03 -1.354238953056471928e+01 5.856455078000753767e-02 -1.609770404672498934e-02
1.150000000000000000e+02 2.377128877999332417e+03 -1.230700017412595315e+01 6.029178186418287372e-02 -7.058578918104074784e-03
1.160000000000000000e+02 2.397799563894978746e+03 -1.104984456055801090e+01 6.066554281044307662e-02 2.047718291463662688e-03
1.170000000000000000e+02 2.418470249790625076e+03 -9.799003413878836000e+00 5.969116132745193315e-02 1.101541700210101338e-02
1.180000000000000000e+02 2.439140935686271405e+03 -8.582130067465781664e+00 5.740430896919417048e-02 1.964348023045248137e-02
1.190000000000000000e+02 2.459811621581917734e+03 -7.425830534361135271e+00 5.386984249830752136e-02 2.774167076607963328e-02
1.200000000000000000e+02 2.480482307477564063e+03 -6.355076880404864959e+00 4.917998705910409107e-02 3.513330908422123561e-02
1.210000000000000000e+02 2.501152993373210393e+03 -5.392662404659744446e+00 4.345192479793912044e-02 4.166048635805099515e-02
1.220000000000000000e+02 2.521823679268856722e+03 -4.558714702285968201e+00 3.682474912493157587e-02 4.718735603419273172e-02
1.230000000000000000e+02 2.542494365164503051e+03 -3.870276759964863533e+00 2.945593591852727067e-02 5.160331840757535760e-02
1.240000000000000000e+02 2.563165051060149381e+03 -3.340965904017636490e+00 2.151741494929920034e-02 5.482519574427731357e-02
1.250000000000000000e+02 2.583835736955795710e+03 -2.980717308558363587e+00 1.319139863829351354e-02 5.679831047549532830e-02
1.260000000000000000e+02 2.604506422851442039e+03 -2.795615388464790740e+00 4.666129561571684750e-03 5.749649634019654565e-02
1.270000000000000000e+02 2.625177108747088369e+03 -2.787813111527086551e+00 -3.868310932977458982e-03 5.692126793517963274e-02
1.280000000000000000e+02 2.645847794642734698e+03 -2.955536668949334533e+00 -1.222404096772568803e-02 5.510059806472028532e-02
1.290000000000000000e+02 2.666518480538381027e+03 -3.293171733965828629e+00 -2.021922459706926994e-02 5.208756927030862294e-02
1.300000000000000000e+02 2.687189166434027356e+03 -3.791427150348427588e+00 -2.768172995354961641e-02 4.795919762985795254e-02
1.310000000000000000e+02 2.707859852329673686e+03 -4.437572423801690036e+00 -3.445261162595692622e-02 4.281525250835124113e-02
1.320000000000000000e+02 2.728530538225320015e+03 -5.215745376758129659e+00 -4.038939595709405833e-02 3.677679463142789762e-02
1.330000000000000000e+02 2.749201224120966344e+03 -6.107325458489653691e+00 -4.536910750893179828e-02 2.998416794853764333e-02
1.340000000000000000e+02 2.769871910016612674e+03 -7.091366518124012863e+00 -4.929094254104778722e-02 2.259427542079125995e-02
1.350000000000000000e+02 2.790542595912259003e+03 -8.145080640022360541e+00 -5.207848775248698214e-02 1.477720676519507503e-02
1.360000000000000000e+02 2.811213281807905332e+03 -9.244362642627866222e+00 -5.368137848664705086e-02 6.712095819719113288e-03
1.370000000000000000e+02 2.831883967703551662e+03 -1.036434246630794398e+01 -5.407637623665260268e-02 -1.416522023369490291e-03
1.380000000000000000e+02 2.852554653599197991e+03 -1.147995421775315350e+01 -5.326781191847177604e-02 -9.423570144146534155e-03
1.390000000000000000e+02 2.873225339494844320e+03 -1.256650688333814436e+01 -5.128736563336201010e-02 -1.712746578544480092e-02
1.400000000000000000e+02 2.893896025390490649e+03 -1.360024426859794566e+01 -4.819324307565679699e-02 -2.435417389237001795e-02
1.410000000000000000e+02 2.914566711286136979e+03 -1.455888166315701859e+01 -4.406868976921791969e-02 -3.094203073390379422e-02
1.420000000000000000e+02 2.935237397181783308e+03 -1.542210435670232371e+01 -3.901984592496433868e-02 -3.674576030570174401e-02
1.430000000000000000e+02 2.955908083077429637e+03 -1.617201562077993060e+01 -3.317296884388575007e-02 -4.164093698713475233e-02
1.440000000000000000e+02 2.976578768973075967e+03 -1.679352039509837624e+01 -2.667104684841375625e-02 -4.552768041548720113e-02
1.450000000000000000e+02 2.997249454868722296e+03 -1.727463328460319048e+01 -1.966993389747498377e-02 -4.833338661022106020e-02
1.460000000000000000e+02 3.017920140764368625e+03 -1.760670244546404106e+01 -1.233418408680776908e-02 -5.001402036462801459e-02
1.470000000000000000e+02 3.038590826660014955e+03 -1.778454537467815655e+01 -4.832805521539394918e-03 -5.055390379740905271e-02
1.480000000000000000e+02 3.059261512555661284e+03 -1.780649725532501293e+01 2.664866722142505626e-03 -4.996433122216099865e-02
1.490000000000000000e+02 3.079932198451307613e+03 -1.767437612874381969e+01 9.993030312025162620e-03 -4.828137038348162546e-02
1.500000000000000000e+02 3.100602884346953942e+03 -1.739337167387392213e+01 1.699293460915253864e-02 -4.556349271333740014e-02
1.510000000000000000e+02 3.121273570242600272e+03 -1.697186490124171598e+01 2.351605238180181842e-02 -4.188928783252202082e-02
1.520000000000000000e+02 3.141944256138246601e+03 -1.642118580929433591e+01 2.942692468615397405e-02 -3.735536732831315487e-02
1.530000000000000000e+02 3.162614942033892930e+03 -1.575531546711705211e+01 3.460569687449931153e-02 -3.207432004960251992e-02
1.540000000000000000e+02 3.183285627929539260e+03 -1.499053882870888010e+01 3.895033837505525176e-02 -2.617251726669501954e-02
1.550000000000000000e+02 3.203956313825185589e+03 -1.414505504695723381e+01 4.237850856477834438e-02 -1.978756282456935189e-02
1.560000000000000000e+02 3.224626999720831918e+03 -1.323855315017189227e+01 4.482902359232634332e-02 -1.306549309096857736e-02
1.570000000000000000e+02 3.245297685616478248e+03 -1.229176171558623309e+01 4.626284574594223542e-02 -6.157175962733976715e-03
1.580000000000000000e+02 3.265968371512124577e+03 -1.132598364406566560e+01 4.666358097176121628e-02 7.846821672847226203e-04
1.590000000000000000e+02 3.286639057407770906e+03 -1.036262526551955609e+01 4.603745025667040774e-02 7.609597060578981997e-03
1.600000000000000000e+02 3.307309743303417235e+03 -9.422732296681505915e+00 4.441276980767230181e-02 1.417183134764588015e-02
1.610000000000000000e+02 3.327980429199063565e+03 -8.526540436619471919e+00 4.183899332263934373e-02 2.033374067551045605e-02
1.620000000000000000e+02 3.348651115094709894e+03 -7.693050918356855838e+00 3.838537393547639121e-02 2.596752643036034924e-02
1.630000000000000000e+02 3.369321800990356223e+03 -6.939636421405142030e+00 3.413934601535633523e-02 3.095723881713904196e-02
1.640000000000000000e+02 3.389992486886002553e+03 -6.281683522024418487e+00 2.920463993300997582e-02 3.520035378178837382e-02
1.650000000000000000e+02 3.410663172781648882e+03 -5.732276543903739530e+00 2.369911081809094114e-02 3.861003049405917209e-02
1.660000000000000000e+02 3.431333858677295211e+03 -5.301929770570671607e+00 1.775230935124627596e-02 4.111631230023075900e-02
1.670000000000000000e+02 3.452004544572941541e+03 -4.998371722859823230e+00 1.150272961182496716e-02 4.266925535379147150e-02
1.680000000000000000e+02 3.472675230468587870e+03 -4.826391149073502085e+00 5.094704967821233124e-03 4.324051853902580872e-02
1.690000000000000000e+02 3.493345916364234199e+03 -4.787749630618178820e+00 -1.324932925742114062e-03 4.282494945599202990e-02
1.700000000000000000e+02 3.514016602259880528e+03 -4.881165693755131763e+00 -7.610364657627877172e-03 4.144127124438050369e-02
1.710000000000000000e+02 3.534687288155526858e+03 -5.102372545396487880e+00 -1.362032835635437408e-02 3.913186184192419398e-02
1.720000000000000000e+02 3.555357974051173187e+03 -5.444248752254666535e+00 -1.922157145128136971e-02 3.596172074193235840e-02
1.730000000000000000e+02 3.576028659946819516e+03 -5.897018677176810719e+00 -2.429210233527134138e-02 3.201681959775606878e-02
1.740000000000000000e+02 3.596699345842465846e+03 -6.448517586489250775e+00 -2.872416074152069065e-02 2.740198053387774002e-02
1.750000000000000000e+02 3.617370031738112175e+03 -7.084514885784874316e+00 -3.242685345863250551e-02 2.223851116106526776e-02
1.760000000000000000e+02 3.638040717633758504e+03 -7.789088191344346157e+00 -3.532839187198836411e-02 1.666123140874194858e-02
1.770000000000000000e+02 3.658711403529404834e+03 -8.545039068953231620e+00 -3.737784154376096873e-02 1.081490479361286311e-02
1.780000000000000000e+02 3.679382089425051163e+03 -9.334339435360998749e+00 -3.854626704526722264e-02 4.849699545718566540e-03
1.790000000000000000e+02 3.700052775320697492e+03 -1.013859462603808304e+01 -3.882713031560479366e-02 -1.084280186403802082e-03
1.800000000000000000e+02 3.720723461216343821e+03 -1.093950626532739356e+01 -3.823586916771021249e-02 -6.842516970152437428e-03
1.810000000000000000e+02 3.741394147111990151e+03 -1.171931790906362103e+01 -3.680860395348142106e-02 -1.229224587040812777e-02
1.820000000000000000e+02 3.762064833007636480e+03 -1.246122444648671923e+01 -3.460010317402865965e-02 -1.731622368852803184e-02
1.830000000000000000e+02 3.782735518903282809e+03 -1.314973363839822973e+01 -3.168126932618088587e-02 -2.181539172027778528e-02
1.840000000000000000e+02 3.803406204798929139e+03 -1.377097158052044357e+01 -2.813637654833806012e-02 -2.570954052287929836e-02
1.850000000000000000e+02 3.824076890694575468e+03 -1.431293004214288445e+01 -2.406032529595684283e-02 -2.893641683861065961e-02
1.860000000000000000e+02 3.844747576590221797e+03 -1.476565843400004141e+01 -1.955606664211140960e-02 -3.145034257697955360e-02
1.870000000000000000e+02 3.865418262485868127e+03 -1.512140466396971128e+01 -1.473222467860290166e-02 -3.322093997925808229e-02
1.880000000000000000e+02 3.886088948381514456e+03 -1.537470881175102377e+01 -9.700869868212898262e-03 -3.423238271350212414e-02
1.890000000000000000e+02 3.906759634277160785e+03 -1.552245193189045125e+01 -4.575368504439614008e-03 -3.448312443753949463e-02
1.900000000000000000e+02 3.927430320172807114e+03 -1.556386082217523459e+01 5.317482759730658703e-04 -3.398590809965974791e-02
1.910000000000000000e+02 3.948101006068453444e+03 -1.550046872871407011e+01 5.510890856273873047e-03 -3.276742651087610758e-02
1.920000000000000000e+02 3.968771691964099773e+03 -1.533603303438477994e+01 1.025746611838457972e-02 -3.086797288084523749e-02
1.930000000000000000e+02 3.989442377859746102e+03 -1.507641100827734348e+01 1.467383427802249410e-02 -2.834047451127900963e-02
1.940000000000000000e+02 4.010113063755392432e+03 -1.472939659589323469e+01 1.867111228774613607e-02 -2.524940210123184647e-02
1.950000000000000000e+02 4.030783749651038761e+03 -1.430452161343265516e+01 2.217080202281462506e-02 -2.166951137643179093e-02
1.960000000000000000e+02 4.051454435546685090e+03 -1.381282522655690848e+01 2.510622844840338166e-02 -1.768455395746300340e-02
1.970000000000000000e+02 4.072125121442331420e+03 -1.326659568887007801e+01 2.742378686390728459e-02 -1.338600686593260924e-02
1.980000000000000000e+02 4.092795807337977749e+03 -1.267908825789094607e+01 2.908400067224299612e-02 -8.871802804215539462e-03
1.990000000000000000e+02 4.113466493233624533e+03 -1.206422320390067071e+01 3.006235892540254709e-02 -4.244647425694011988e-03
2.000000000000000000e+02 4.134137179129271317e+03 -1.143626910063258961e+01 3.034992271192530136e-02 3.893969776406630556e-04
2.010000000000000000e+02 4.154807865024918101e+03 -1.080951576522996582e+01 2.995364495797140855e-02 4.923337309795161598e-03
2.020000000000000000e+02 4.175478550920564885e+03 -1.019794432792071071e+01 2.889624141116227743e-02 9.252840945829926556e-03
2.030000000000000000e+02 4.196149236816211669e+03 -9.614905505680154008e+00 2.721568812095328041e-02 1.327765186552090637e-02
2.040000000000000000e+02 4.216819922711858453e+03 -9.072810446756509606e+00 2.496428509128476719e-02 1.690599067109369025e-02
2.050000000000000000e+02 4.237490608607505237e+03 -8.582847714217521684e+00 2.220724323867761391e-02 2.005654541904941524e-02
2.060000000000000000e+02 4.258161294503152021e+03 -8.154732547566664991e+00 1.902094448409042543e-02 2.266086295073511947e-02
2.070000000000000000e+02 4.278831980398798805e+03 -7.796495776479200224e+00 1.549089667755785237e-02 2.466504881426217349e-02
2.080000000000000000e+02 4.299502666294445589e+03 -7.514317628639243907e+00 1.170946485555185088e-02 2.603106595858393352e-02
2.090000000000000000e+02 4.320173352190092373e+03 -7.312410436408754322e+00 7.773435258209991129e-03 2.673767815969770034e-02
2.100000000000000000e+02 4.340844038085739157e+03 -7.192953151534040579e+00 3.781460957209517755e-03 2.678109379224864750e-02
2.110000000000000000e+02 4.361514723981385941e+03 -7.156079653062498380e+00 -1.685794780021511799e-04 2.617548791722742324e-02
2.120000000000000000e+02 4.382185409877032725e+03 -7.199922458410509485e+00 -3.982257984347889121e-03 2.495294500580123864e-02
2.130000000000000000e+02 4.402856095772679510e+03 -7.320711660962268219e+00 -7.571245371131907209e-03 2.316314568234944388e-02
2.140000000000000000e+02 4.423526781668326294e+03 -7.512928128221577850e+00 -1.085583755348002236e-02 2.087204259984426491e-02
2.150000000000000000e+02 4.444197467563973078e+03 -7.769506877366564090e+00 -1.376720713714280758e-02 1.815950246216466168e-02
2.160000000000000000e+02 4.464868153459619862e+03 -8.082083357005938495e+00 -1.624921356171779574e-02 1.511574577447943879e-02
2.170000000000000000e+02 4.485538839355266646e+03 -8.441271656537656654e+00 -1.825961056468207444e-02 1.183682721867741067e-02
2.180000000000000000e+02 4.506209525250913430e+03 -8.836960706124678211e+00 -1.977055111527514092e-02 8.419736742636768634e-03
2.190000000000000000e+02 4.526880211146560214e+03 -9.258613360713004781e+00 -2.076842414904223055e-02 4.958340194830823666e-03
2.200000000000000000e+02 4.547550897042206998e+03 -9.695555850389496300e+00 -2.125310224018807717e-02 1.539541373103664457e-03
2.210000000000000000e+02 4.568221582937853782e+03 -1.013724576214297812e+01 -2.123682047953069987e-02 -1.757824300270799389e-03
2.220000000000000000e+02 4.588892268833500566e+03 -1.057351514149871718e+01 -2.074289099387053789e-02 -4.864086942184653317e-03
2.230000000000000000e+02 4.609562954729147350e+03 -1.099478533074683995e+01 -1.980436365293633885e-02 -7.718366486319530595e-03
2.240000000000000000e+02 4.630233640624794134e+03 -1.139225470236472404e+01 -1.846273075384777945e-02 -1.026835881688545338e-02
2.250000000000000000e+02 4.650904326520440918e+03 -1.175805994712419711e+01 -1.676663448299626005e-02 -1.247051239916908971e-02
2.260000000000000000e+02 4.671575012416087702e+03 -1.208541037221498371e+01 -1.477055216571140223e-02 -1.429014943908663016e-02
2.270000000000000000e+02 4.692245698311734486e+03 -1.236869483576955808e+01 -1.253344127288425619e-02 -1.570188424570560792e-02
2.280000000000000000e+02 4.712916384207381270e+03 -1.260356002770162576e+01 -1.011733256878279315e-02 -1.668990011861549994e-02
2.290000000000000000e+02 4.733587070103028054e+03 -1.278695924303176312e+01 -7.585902737347011843e-03 -1.724794758421456520e-02
2.300000000000000000e+02 4.754257755998674838e+03 -1.291717165313887605e+01 -5.003065956931793470e-03 -1.737909212530910907e-02
2.310000000000000000e+02 4.774928441894321622e+03 -1.299379285285364105e+01 -2.431615850078985321e-03 -1.709529109403495895e-02
2.320000000000000000e+02 4.795599127789968406e+03 -1.301769798805059075e+01 6.807309258313916367e-05 -1.641701945355747427e-02
2.330000000000000000e+02 4.816269813685615190e+03 -1.299097861782417773e+01 2.439301040966139825e-03 -1.537306691643400280e-02
2.340000000000000000e+02 4.836940499581261975e+03 -1.291685393680512206e+01 4.630276755896551091e-03 -1.400045124730413260e-02
2.350000000000000000e+02 4.857611185476908759e+03 -1.279955662496207758e+01 6.595329501540765985e-03 -1.234420977451697321e-02
2.360000000000000000e+02 4.878281871372555543e+03 -1.264419396779584304e+01 8.296056089691940943e-03 -1.045673821782423796e-02
2.370000000000000000e+02 4.898952557268202327e+03 -1.245658628575670335e+01 9.702318098813359978e-03 -8.396443214729834570e-03
2.380000000000000000e+02 4.919623243163849111e+03 -1.224308682803541082e+01 1.079299179103654707e-02 -6.225774316442889145e-03
2.390000000000000000e+02 4.940293929059495895e+03 -1.201038919938309135e+01 1.155638900838682967e-02 -4.008780944566886495e-03
2.400000000000000000e+02 4.960964614955142679e+03 -1.176532985347488136e+01 1.199031310873930299e-02 -1.808662560867840829e-03
2.410000000000000000e+02 4.981635300850789463e+03 -1.151469320726068801e+01 1.210176878835272571e-02 3.144217040354085890e-04
2.420000000000000000e+02 5.002305986746436247e+03 -1.126502613066332970e+01 1.190638175962241592e-02 2.305052532150200784e-03
2.430000000000000000e+02 5.022976672642083031e+03 -1.102246705224707135e+01 1.142760272096417229e-02 4.113742844087761585e-03
2.440000000000000000e+02 5.043647358537729815e+03 -1.079259335789276086e+01 1.069574093973416420e-02 5.698029681646593625e-03
2.450000000000000000e+02 5.064318044433376599e+03 -1.058029044947416963e+01 9.746900061349449140e-03 7.022693138695523807e-03
2.460000000000000000e+02 5.084988730329023383e+03 -1.038964313864393851e+01 8.621774221529642304e-03 8.061410289391959805e-03
2.470000000000000000e+02 5.105659416224670167e+03 -1.022385447588132834e+01 7.364359699681037076e-03 8.796233565433339563e-03
2.480000000000000000e+02 5.126330102120316951e+03 -1.008519040629461117e+01 6.020579056657376568e-03 9.219285665088519655e-03
2.490000000000000000e+02 5.147000788015963735e+03 -9.974955478701184930e+00 4.636778577893332400e-03 9.332763187381853953e-03
2.500000000000000000e+02 5.167671473911610519e+03 -9.893499619192020589e+00 3.258212660422966228e-03 9.149108035920255899e-03
2.510000000000000000e+02 5.188342159807257303e+03 -9.840256497731541430e+00 1.927552593384205398e-03 8.690508981544262102e-03
2.520000000000000000e+02 5.209012845702904087e+03 -9.813811950781653692e+00 6.835207111574685950e-04 7.987719279884467061e-03
2.530000000000000000e+02 5.229683531598550871e+03 -9.811998813884532211e+00 -4.402646469884076170e-04 7.078412856906149409e-03
2.540000000000000000e+02 5.250354217494197655e+03 -9.832013095239364731e+00 -1.416151715204823141e-03 6.004907203956549866e-03
2.550000000000000000e+02 5.271024903389844440e+03 -9.870544468455692666e+00 -2.223012487415606912e-03 4.812346217263591130e-03
2.560000000000000000e+02 5.291695589285491224e+03 -9.923915480978299897e+00 -2.846528677103716057e-03 3.546881134450882711e-03
2.570000000000000000e+02 5.312366275181138008e+03 -9.988223868810413464e+00 -3.279251049208286271e-03 2.254451290300871213e-03
2.580000000000000000e+02 5.333036961076784792e+03 -1.005948421780060542e+01 -3.520501679522038130e-03 9.798975540263876738e-04
2.590000000000000000e+02 5.353707646972431576e+03 -1.013376623763540429e+01 -3.576154626821233164e-03 -2.337811789252658423e-04
2.600000000000000000e+02 5.374378332868078360e+03 -1.020732735581117367e+01 -3.458302717042668201e-03 -1.346211328030408327e-03
2.610000000000000000e+02 5.395049018763725144e+03 -1.027673721602750234e+01 -3.184798345256706006e-03 -2.320550278577318548e-03
2.620000000000000000e+02 5.415719704659371928e+03 -1.033899128828272396e+01 -2.778652758270971131e-03 -3.124478023266041848e-03
2.630000000000000000e+02 5.436390390555018712e+03 -1.039161053278608371e+01 -2.267288369508670305e-03 -3.731175856984916828e-03
2.640000000000000000e+02 5.457061076450665496e+03 -1.043272409972465731e+01 -1.681673453124929787e-03 -4.119924575636785269e-03
2.650000000000000000e+02 5.477731762346312280e+03 -1.046113322024326919e+01 -1.055339091143037752e-03 -4.277084863070199083e-03
2.660000000000000000e+02 5.498402448241959064e+03 -1.047635326545748669e+01 -4.232923244156448729e-04 -4.196508457150013860e-03
2.670000000000000000e+02 5.519073134137605848e+03 -1.047863270560333682e+01 1.791326139224662817e-04 -3.879957086478966199e-03
2.680000000000000000e+02 5.539743820033252632e+03 -1.046894767746537092e+01 7.175044234775298374e-04 -3.337774273593413499e-03
2.690000000000000000e+02 5.560414505928899416e+03 -1.044897008847045505e+01 1.159621722125727707e-03 -2.589512101079230466e-03
2.700000000000000000e+02 5.581085191824546200e+03 -1.042100732471371316e+01 1.476912302443133618e-03 -1.664273351961426117e-03
2.710000000000000000e+02 5.601755877720192984e+03 -1.038791250787202003e+01 1.645840560450979005e-03 -6.004789322142517483e-04
2.720000000000000000e+02 5.622426563615839768e+03 -1.035296601819491968e+01 1.649210407030872244e-03 5.553007729818260074e-04
2.730000000000000000e+02 5.643097249511486552e+03 -1.031973188727288715e+01 1.477214180986141353e-03 1.750582507874062776e-03
2.740000000000000000e+02 5.663767935407133336e+03 -1.029189595752340125e+01 1.128087499306020848e-03 2.930016576768168513e-03
2.750000000000000000e+02 5.684438621302780120e+03 -1.027309520255096764e+01 6.082893716982558634e-04 4.038705001804282491e-03
2.760000000000000000e+02 5.705109307198426905e+03 -1.026674844045133206e+01 -6.780296417786151920e-05 5.025389306905131415e-03
2.770000000000000000e+02 5.725779993094073689e+03 -1.027589827010159595e+01 -8.786140671402103844e-04 5.844824588177477409e-03
2.780000000000000000e+02 5.746450678989720473e+03 -1.030307155126203611e+01 -1.796385966358053643e-03 6.459369095092079571e-03
2.790000000000000000e+02 5.767121364885367257e+03 -1.035016333021746604e+01 -2.788372262701565695e-03 6.839786753721585622e-03
2.800000000000000000e+02 5.787792050781014041e+03 -1.041834668566690958e+01 -3.818112666174613111e-03 6.965523017277541751e-03
2.810000000000000000e+02 5.808462736676660825e+03 -1.050800934549083365e+01 -4.846726749824354502e-03 6.824686643043670342e-03
2.820000000000000000e+02 5.829133422572307609e+03 -1.061871701820220082e+01 -5.834206125235811939e-03 6.414046754275842810e-03
2.830000000000000000e+02 5.849804108467954393e+03 -1.074920343002124490e+01 -6.740676648453125530e-03 5.738633988450994594e-03
2.840000000000000000e+02 5.870474794363601177e+03 -1.089738583765078772e+01 -7.527668689518215474e-03 4.812247454649337675e-03
2.850000000000000000e+02 5.891145480259247961e+03 -1.106040758003629065e+01 -8.159374028056810835e-03 3.656768477041688614e-03
2.860000000000000000e+02 5.911816166154894745e+03 -1.123470555292890261e+01 -8.603796662866845107e-03 2.301424599682369565e-03
2.870000000000000000e+02 5.932486852050541529e+03 -1.141610033669255309e+01 -8.833848680717756516e-03 7.827890129559617050e-04
2.880000000000000000e+02 5.953157537946188313e+03 -1.159990897558647660e+01 -8.828313483611136339e-03 -8.569971439010976022e-04
2.890000000000000000e+02 5.973828223841835097e+03 -1.178107492670860523e+01 -8.572524461698835183e-03 -2.572261989381652292e-03
2.900000000000000000e+02 5.994498909737481881e+03 -1.195430889654751994e+01 -8.058775280183092665e-03 -4.315363835050448071e-03
2.910000000000000000e+02 6.015169595633128665e+03 -1.211423575174913303e+01 -7.286466339698419691e-03 -6.038667264771410692e-03
2.920000000000000000e+02 6.035840281528775449e+03 -1.225554141054173130e+01 -6.262036114352662226e-03 -7.695451112999698862e-03
2.930000000000000000e+02 6.056510967424422233e+03 -1.237311691492308796e+01 -4.998696718346760937e-03 -9.241625114120397000e-03
2.940000000000000000e+02 6.077181653320069017e+03 -1.246219439004681995e+01 -3.516089596260713133e-03 -1.063508412255192992e-02
2.950000000000000000e+02 6.097852339215715801e+03 -1.251847688217359966e+01 -1.839949614843210211e-03 -1.183624125710819319e-02
2.960000000000000000e+02 6.118523025111362585e+03 -1.253826043115130062e+01 -1.729015582882867386e-06 -1.280803288677286045e-02
2.970000000000000000e+02 6.139193711007009369e+03 -1.251854836204964450e+01 1.961804982779217100e-03 -1.351626690942017706e-02
2.980000000000000000e+02 6.159864396902656154e+03 -1.245715672197621338e+01 4.009047341793946402e-03 -1.393027675069667681e-02
2.990000000000000000e+02 6.180535082798302938e+03 -1.235280884536364709e+01 6.094144309707191440e-03 -1.402376821784845351e-02
3.000000000000000000e+02 6.201205768693949722e+03 -1.220521643631881759e+01 8.167708629077671117e-03 -1.377566323346847421e-02
3.010000000000000000e+02 6.221876454589596506e+03 -1.201514456624599703e+01 1.017764832240449988e-02 -1.317077879582122246e-02
3.020000000000000000e+02 6.242547140485243290e+03 -1.178445849306126547e+01 1.207008089285254923e-02 -1.220029314391087027e-02
3.030000000000000000e+02 6.263217826380890074e+03 -1.151615086450360081e+01 1.379032697748715924e-02 -1.086234477981393165e-02
3.040000000000000000e+02 6.283888512276536858e+03 -1.121434745836147506e+01 1.528401646957671701e-02 -9.162941273286359656e-03
3.050000000000000000e+02 6.304559198172183642e+03 -1.088428865717058791e+01 1.649838035355271140e-02 -7.117540231041691312e-03
3.060000000000000000e+02 6.325229884067830426e+03 -1.053228178221109168e+01 1.738381835423064015e-02 -4.753166056820190555e-03
3.070000000000000000e+02 6.345900569963477210e+03 -1.016561775943604040e+01 1.789578590200068681e-02 -2.110574130343670363e-03
3.080000000000000000e+02 6.366571255859123994e+03 -9.792445443739106636e+00 1.799693780246280211e-02 7.544718398101030177e-04
3.090000000000000000e+02 6.387241941754770778e+03 -9.421599662639653872e+00 1.765937102650942322e-02 3.771148301650970036e-03
3.100000000000000000e+02 6.407912627650417562e+03 -9.062382820531796668e+00 1.686666472582341175e-02 6.856341890521144844e-03
3.110000000000000000e+02 6.428583313546064346e+03 -8.724308605330305610e+00 1.561544563503848917e-02 9.918242345869701659e-03
3.120000000000000000e+02 6.449253999441711130e+03 -8.416818876846949848e+00 1.391629310272673135e-02 1.286160292156463686e-02
3.130000000000000000e+02 6.469924685337357914e+03 -8.148989958213874729e+00 1.179387696918369165e-02 1.559276488580171177e-02
3.140000000000000000e+02 6.490595371233004698e+03 -7.929243824203160429e+00 9.286400175816111879e-03 1.802395420114344393e-02
3.150000000000000000e+02 6.511266057128651482e+03 -7.765077435942734141e+00 6.444482174480486991e-03 2.007648181155682193e-02
3.160000000000000000e+02 6.531936743024298266e+03 -7.662820090625603875e+00 3.329641297921831673e-03 2.168291992040426164e-02
3.170000000000000000e+02 6.552607428919945050e+03 -7.627425497113704544e+00 1.249832520827057897e-05 2.278866353747666801e-02
3.180000000000000000e+02 6.573278114815591834e+03 -7.662303392716399486e+00 -3.429214237689073592e-03 2.335297362979874697e-02
3.190000000000000000e+02 6.593948800711238619e+03 -7.769193917866003218e+00 -6.912788895207475429e-03 2.334989157316159220e-02
3.200000000000000000e+02 6.614619486606885403e+03 -7.948087568547892445e+00 -1.035278862946406586e-02 2.276878239883615984e-02
3.210000000000000000e+02 6.635290172502532187e+03 -8.197192401673346396e+00 -1.366334243798124001e-02 2.161446282102253563e-02
3.220000000000000000e+02 6.655960858398178971e+03 -8.512948888188224927e+00 -1.676042049168509698e-02 1.990679998670986939e-02
3.230000000000000000e+02 6.676631544293825755e+03 -8.890091176598502898e+00 -1.956400592519906556e-02 1.767972691714025935e-02
3.240000000000000000e+02 6.697302230189472539e+03 -9.321751730868934160e+00 -2.200008124037139412e-02 1.497974166155244258e-02
3.250000000000000000e+02 6.717972916085119323e+03 -9.799604714595343324e+00 -2.400236685399727635e-02 1.186408524170441681e-02
3.260000000000000000e+02 6.738643601980766107e+03 -1.031404250285103963e+01 -2.551378044944705575e-02 8.398820639146459266e-03
3.270000000000000000e+02 6.759314287876412891e+03 -1.085437939795735218e+01 -2.648759795132112072e-02 4.656753589512868663e-03
3.280000000000000000e+02 6.779984973772059675e+03 -1.140907613761489259e+01 -2.688840828087033993e-02 7.167470910283690877e-04
3.290000000000000000e+02 6.800655659667706459e+03 -1.196598308157289026e+01 -2.669287825300953668e-02 -3.338138458256714736e-03
3.300000000000000000e+02 6.821326345563353243e+03 -1.251259634165227475e+01 -2.589031911723316259e-02 -7.421444677036079240e-03
3.310000000000000000e+02 6.841997031459000027e+03 -1.303632438999364140e+01 -2.448308958215254447e-02 -1.144470798159903657e-02
3.320000000000000000e+02 6.862667717354646811e+03 -1.352476085066756895e+01 -2.248682042649033722e-02 -1.531845872260903518e-02
3.330000000000000000e+02 6.883338403250293595e+03 -1.396596039364921538e+01 -1.993041247895033577e-02 -1.895426039941729146e-02
3.340000000000000000e+02 6.904009089145940379e+03 -1.434871144291367706e+01 -1.685574710544021637e-02 -2.226652474245940927e-02
3.350000000000000000e+02 6.924679775041587163e+03 -1.466280010155522717e+01 -1.331712129116223442e-02 -2.517438887518347324e-02
3.360000000000000000e+02 6.945350460937233947e+03 -1.489925950540135702e+01 -9.380412910082864403e-03 -2.760345541993131091e-02
3.370000000000000000e+02 6.966021146832880731e+03 -1.505059923922680554e+01 -5.122008141915139305e-03 -2.948724118338391653e-02
3.380000000000000000e+02 6.986691832728527515e+03 -1.511101034831429857e+01 -6.275413465805243854e-04 -3.076824277722783885e-02
3.390000000000000000e+02 7.007362518624174299e+03 -1.507654265935019922e+01 4.009514703046202465e-03 -3.139887718298067787e-02
3.400000000000000000e+02 7.028033204519821084e+03 -1.494525151027301035e+01 8.689392357030610581e-03 -3.134233456876589496e-02
3.410000000000000000e+02 7.048703890415467868e+03 -1.471731125927777839e+01 1.330772369458387699e-02 -3.057375081061521060e-02
3.420000000000000000e+02 7.069374576311114652e+03 -1.439509195731942093e+01 1.775744847740748367e-02 -2.908189522928458781e-02
3.430000000000000000e+02 7.090045262206761436e+03 -1.398319397970854894e+01 2.193101392112822845e-02 -2.687139513960241921e-02
3.440000000000000000e+02 7.110715948102408220e+03 -1.348843375704604064e+01 2.572292501014160002e-02 -2.396521089368353064e-02
3.450000000000000000e+02 7.131386633998055004e+03 -1.291977297330473995e+01 2.903262902115443661e-02 -2.040664143749135184e-02
3.460000000000000000e+02 7.152057319893701788e+03 -1.228818504660381805e+01 3.176760491014020416e-02 -1.626006527452755757e-02
3.470000000000000000e+02 7.172728005789348572e+03 -1.160645660779573518e+01 3.384647348509507714e-02 -1.161047816889936024e-02
3.480000000000000000e+02 7.193398691684995356e+03 -1.088892540243236873e+01 3.520186115029683149e-02 -6.560651675857898102e-03
3.490000000000000000e+02 7.214069377580642140e+03 -1.015116337823584836e+01 3.578280756199754553e-02 -1.227860017796997272e-03
3.500000000000000000e+02 7.234740063476288924e+03 -9.409615051275544317e+00 3.555658202398662843e-02 4.260773575251050604e-03
3.510000000000000000e+02 7.255410749371935708e+03 -8.681205501154618531e+00 3.450984775974946794e-02 9.772365958727713409e-03
3.520000000000000000e+02 7.276081435267582492e+03 -7.982930604578828415e+00 3.264922774723251486e-02 1.517220798659203729e-02
3.530000000000000000e+02 7.296752121163229276e+03 -7.331441638157685681e+00 3.000130599678367191e-02 2.032739938145985970e-02
3.540000000000000000e+02 7.317422807058876060e+03 -6.742635459141451904e+00 2.661211115655849266e-02 2.511015408907865676e-02
3.550000000000000000e+02 7.338093492954522844e+03 -6.231260456683189730e+00 2.254614056539211084e-02 2.940065595732305193e-02
3.560000000000000000e+02 7.358764178850169628e+03 -5.810547079568827655e+00 1.788491016983442122e-02 3.309055960306062777e-02
3.570000000000000000e+02 7.379434864745816412e+03 -5.491873735898190390e+00 1.272508005912077224e-02 3.608517906260697017e-02
3.580000000000000000e+02 7.400105550641463196e+03 -5.284474813770748902e+00 7.176225175056916497e-03 3.830605613653514235e-02
3.590000000000000000e+02 7.420776236537109980e+03 -5.195198742878126552e+00 1.358296771131399343e-03 3.969253804389466511e-02
3.600000000000000000e+02 7.441446922432756764e+03 -5.228320961952492851e+00 -4.601099305424186797e-03 4.020265554805033115e-02
3.610000000000000000e+02 7.462117608328403549e+03 -5.385414499912326569e+00 -1.056950707164606811e-02 3.981335409324430336e-02
3.620000000000000000e+02 7.482788294224050333e+03 -5.665278883452111280e+00 -1.641243180548845187e-02 3.852035569154222544e-02
3.630000000000000000e+02 7.503458980119697117e+03 -6.063926945182263495e+00 -2.199612912888228647e-02 3.633799788666444014e-02
3.640000000000000000e+02 7.524129666015343901e+03 -6.574629035738519534e+00 -2.719038370569369645e-02 3.329925556134825243e-02
3.650000000000000000e+02 7.544800351910990685e+03 -7.188014707107257095e+00 -3.187129680126286890e-02 2.945583793358253627e-02
3.660000000000000000e+02 7.565471037806637469e+03 -7.892232166270169103e+00 -3.592408203636880681e-02 2.487820141969939586e-02
3.670000000000000000e+02 7.586141723702284253e+03 -8.673165538833682575e+00 -3.924582556740090211e-02 1.965505984794085892e-02
3.680000000000000000e+02 7.606812409597931037e+03 -9.514708432308314201e+00 -4.174811908369502333e-02 1.389216915646827866e-02
3.690000000000000000e+02 7.627483095493577821e+03 -1.039909005145988452e+01 -4.335945029223881031e-02 7.710291427382803819e-03
3.700000000000000000e+02 7.648153781389224605e+03 -1.130724758750583803e+01 -4.402724245760609306e-02 1.242525879239370079e-03
3.710000000000000000e+02 7.668824467284871389e+03 -1.221923665084517019e+01 -4.371943684304829131e-02 -5.369150263298941295e-03
3.720000000000000000e+02 7.689495153180518173e+03 -1.311466908054024216e+01 -4.242560627453139527e-02 -1.197670868262631916e-02
3.730000000000000000e+02 7.710165839076164957e+03 -1.397316941331157736e+01 -4.015757208880838675e-02 -1.842990098279838340e-02
3.740000000000000000e+02 7.730836524971811741e+03 -1.477483819849931201e+01 -3.694950904754739501e-02 -2.457929230526580133e-02
3.750000000000000000e+02 7.751507210867458525e+03 -1.550071280435196996e+01 -3.285759409445921514e-02 -3.027934322407638268e-02
3.760000000000000000e+02 7.772177896763105309e+03 -1.613321621212573476e+01 -2.795919758166865582e-02 -3.539146177898823409e-02
3.770000000000000000e+02 7.792848582658752093e+03 -1.665658438656194562e+01 -2.235161346394221038e-02 -3.978713231234740078e-02
3.780000000000000000e+02 7.813519268554398877e+03 -1.705726257447383531e+01 -1.615030804867523609e-02 -4.335124115886092311e-02
3.790000000000000000e+02 7.834189954450045661e+03 -1.732426027614613773e+01 -9.486659325928775005e-03 -4.598558054141087259e-02
3.800000000000000000e+02 7.854860640345692445e+03 -1.744945408472439041e+01 -2.505178058495380680e-03 -4.761229250724853534e-02
3.810000000000000000e+02 7.875531326241339229e+03 -1.742782777366578273e+01 4.639758721712717270e-03 -4.817696196144791165e-02
3.820000000000000000e+02 7.896202012136986014e+03 -1.725764009438817226e+01 1.178756721912102047e-02 -4.765079244897153787e-02
3.830000000000000000e+02 7.916872698032632798e+03 -1.694051357474524622e+01 1.877536229317082472e-02 -4.603172723089682394e-02
3.840000000000000000e+02 7.937543383928279582e+03 -1.648144086130997721e+01 2.544193842015062684e-02 -4.334434098444796268e-02
3.850000000000000000e+02 7.958214069823926366e+03 -1.588870893942662299e+01 3.163166406896468497e-02 -3.963878727892040932e-02
3.860000000000000000e+02 7.978884755719573150e+03 -1.517374447665763171e+01 3.719817101303192486e-02 -3.498910189205879651e-02
3.870000000000000000e+02 7.999555441615219934e+03 -1.435088552162078024e+01 4.200776267231287608e-02 -2.949113264515491883e-02
3.880000000000000000e+02 8.020226127510866718e+03 -1.343708594190115413e+01 4.594249669526189600e-02 -2.326024223543900205e-02
3.890000000000000000e+02 8.040896813406513502e+03 -1.245155968472171715e+01 4.890290963431399157e-02 -1.642880709762224722e-02
3.900000000000000000e+02 8.061567499302160286e+03 -1.141537257303298425e+01 5.081033359366651098e-02 -9.143248281261770471e-03
3.910000000000000000e+02 8.082238185197807070e+03 -1.035099079278633560e+01 5.160877966037023812e-02 -1.561192613845185928e-03
3.920000000000000000e+02 8.102908871093453854e+03 -9.281794825398709037e+00 5.126630467939301272e-02 6.152615059018123889e-03
3.930000000000000000e+02 8.123579556989100638e+03 -8.231571430669855971e+00 4.977586522588750562e-02 1.382909905180508547e-02
3.940000000000000000e+02 8.144250242884747422e+03 -7.223992274862011342e+00 4.715564476730856047e-02 2.129912838978092332e-02
3.950000000000000000e+02 8.164920928780394206e+03 -6.282092388286422135e+00 4.344886259137183820e-02 2.839618901238224330e-02
3.960000000000000000e+02 8.185591614676040990e+03 -5.427756692563314722e+00 3.872315479894743173e-02 3.495944872078454030e-02
3.970000000000000000e+02 8.206262300571686865e+03 -4.681224048811352567e+00 3.306954248056392931e-02 4.083622669136672406e-02
3.980000000000000000e+02 8.226932986467332739e+03 -4.060616441906370611e+00 2.660101089121822901e-02 4.588473914936815057e-02
3.990000000000000000e+02 8.247603672362978614e+03 -3.581501767533270986e+00 1.945068954957193674e-02 4.997670393928003996e-02
4.000000000000000000e+02 8.268274358258624488e+03 -3.256498253640503382e+00 1.176950419058700112e-02 5.300181660007229067e-02
4.010000000000000000e+02 8.288945044154270363e+03 -3.094934318991035216e+00 3.723267271100160272e-03 5.487080138181797684e-02
4.020000000000000000e+02 8.309615730049916237e+03 -3.102573277107599559e+00 -4.510779732767842415e-03 5.551970983243906255e-02
4.030000000000000000e+02 8.330286415945562112e+03 -3.281416140992019059e+00 -1.274797150473993244e-02 5.491296200568827890e-02
4.040000000000000000e+02 8.350957101841207987e+03 -3.629591906669859647e+00 -2.080060487775767936e-02 5.304541062089894454e-02
4.050000000000000000e+02 8.371627787736853861e+03 -4.141341680727177454e+00 -2.848253395682945679e-02 4.994308067044790633e-02
4.060000000000000000e+02 8.392298473632499736e+03 -4.807098932537267721e+00 -3.561378412424763551e-02 4.566268296051578107e-02
4.070000000000000000e+02 8.412969159528145610e+03 -5.613664371102539796e+00 -4.202501902141934226e-02 4.029012948772552061e-02
4.080000000000000000e+02 8.433639845423791485e+03 -6.544470868437916700e+00 -4.756174015793671050e-02 3.393843350490960420e-02
4.090000000000000000e+02 8.454310531319437359e+03 -7.579931954012662843e+00 -5.208808621269447187e-02 2.674444268982467676e-02
4.100000000000000000e+02 8.474981217215083234e+03 -8.697863806453831614e+00 -5.549024397397624153e-02 1.886689937842223053e-02
4.110000000000000000e+02 8.495651903110729108e+03 -9.873974760930359196e+00 -5.767935513765005268e-02 1.048162150678391691e-02
4.120000000000000000e+02 8.516322589006374983e+03 -1.108240747188143693e+01 -5.859384029670131055e-02 1.778508191054462007e-03
4.130000000000000000e+02 8.536993274902020858e+03 -1.229632449731592203e+01 -5.820111619117315782e-02 -7.043600162845373158e-03
4.140000000000000000e+02 8.557663960797666732e+03 -1.348852145500895716e+01 -5.649860813318750841e-02 -1.578123126927312436e-02
4.150000000000000000e+02 8.578334646693312607e+03 -1.463205446184058545e+01 -5.351406035495848840e-02 -2.423138401301852540e-02
4.160000000000000000e+02 8.599005332588958481e+03 -1.570086612020497796e+01 -4.930497168455840601e-02 -3.219815177337337353e-02
4.170000000000000000e+02 8.619676018484604356e+03 -1.667038962741107966e+01 -4.395722173998045657e-02 -3.949695149123734483e-02
4.180000000000000000e+02 8.640346704380250230e+03 -1.751811796706980928e+01 -3.758302231015837186e-02 -4.595934154536310268e-02
4.190000000000000000e+02 8.661017390275896105e+03 -1.822412332577578908e+01 -3.031819583100717197e-02 -5.143722523882479636e-02
4.200000000000000000e+02 8.681688076171541979e+03 -1.877151377296070223e+01 -2.231897311018075231e-02 -5.580509254900360705e-02
4.210000000000000000e+02 8.702358762067187854e+03 -1.914682029112363892e+01 -1.375845443966185189e-02 -5.896229119969893795e-02
4.220000000000000000e+02 8.723029447962833729e+03 -1.934030715322432670e+01 -4.822797977188996582e-03 -6.083441198452919918e-02
4.230000000000000000e+02 8.743700133858479603e+03 -1.934620137537290674e+01 4.292774905027878229e-03 -6.137435728847051575e-02
4.240000000000000000e+02 8.764370819754125478e+03 -1.916283794985923805e+01 1.338811162729510243e-02 -6.056311403823304296e-02
4.250000000000000000e+02 8.785041505649771352e+03 -1.879271847500556802e+01 2.226234866575173971e-02 -5.841016396850334802e-02
4.260000000000000000e+02 8.805712191545417227e+03 -1.824248191672100106e+01 3.071815531770463736e-02 -5.495338843768345083e-02
4.270000000000000000e+02 8.826382877441063101e+03 -1.752278779527366126e+01 3.856591816750312013e-02 -5.025836860846286114e-02
4.280000000000000000e+02 8.847053563336708976e+03 -1.664811395528568028e+01 4.562776725757165808e-02 -4.441696307283519995e-02
4.290000000000000000e+02 8.867724249232354850e+03 -1.563647330507181366e+01 5.174134689053527109e-02 -3.754530660025420796e-02
4.300000000000000000e+02 8.888394935128000725e+03 -1.450905569650180915e+01 5.676326277011096988e-02 -2.978147219526842970e-02
4.310000000000000000e+02 8.909065621023646599e+03 -1.328980215480580718e+01 6.057217788243916129e-02 -2.128309984617127171e-02
4.320000000000000000e+02 8.929736306919292474e+03 -1.200491877045556954e+01 6.307156575812435106e-02 -1.222517441920437098e-02
4.330000000000000000e+02 8.950406992814938349e+03 -1.068233710534021697e+01 6.419214532393892336e-02 -2.797978966780773069e-03
4.340000000000000000e+02 8.971077678710584223e+03 -9.351127424537914123e+00 6.389396170838869404e-02 6.795605132971324625e-03
4.350000000000000000e+02 8.991748364606230098e+03 -8.040873079135094414e+00 6.216808061595875678e-02 1.634257904290994240e-02
4.360000000000000000e+02 9.012419050501875972e+03 -6.781013690242499337e+00 5.903774492975698979e-02 2.562455528480474254e-02
4.370000000000000000e+02 9.033089736397521847e+03 -5.600171716274498834e+00 5.455874630120808449e-02 3.442355326998049886e-02
4.380000000000000000e+02 9.053760422293167721e+03 -4.525480274937435432e+00 4.881890990118877699e-02 4.252809325167319215e-02
4.390000000000000000e+02 9.074431108188813596e+03 -3.581931011603828985e+00 4.193659817704326748e-02 4.974025416089360163e-02
4.400000000000000000e+02 9.095101794084459470e+03 -2.791763778038237831e+00 3.405822062495471314e-02 5.588194171744365057e-02
4.410000000000000000e+02 9.115772479980105345e+03 -2.173917450197698997e+00 2.535488048597245303e-02 6.080019123157739264e-02
4.420000000000000000e+02 9.136443165875751220e+03 -1.743558237143855827e+00 1.601832134906032434e-02 6.437125066348450830e-02
4.430000000000000000e+02 9.157113851771397094e+03 -1.511698071833793344e+00 6.256350678014784006e-03 6.650351023223020908e-02
4.440000000000000000e+02 9.177784537667042969e+03 -1.484912117707339885e+00 -3.712111173544703491e-03 6.713959373554398424e-02
4.450000000000000000e+02 9.198455223562688843e+03 -1.665161839989917070e+00 -1.366219034801584124e-02 6.625706117500278214e-02
4.460000000000000000e+02 9.219125909458334718e+03 -2.049725808368074720e+00 -2.336838665509201676e-02 6.386995556181462863e-02
4.470000000000000000e+02 9.239796595353980592e+03 -2.631243000860761239e+00 -3.260991873521770779e-02 6.002749732481517386e-02
4.480000000000000000e+02 9.260467281249626467e+03 -3.397864582884554618e+00 -4.117592554216419065e-02 5.481346363149491863e-02
4.490000000000000000e+02 9.281137967145272341e+03 -4.333512247549960783e+00 -4.887045295468141204e-02 4.834392838009764215e-02
4.500000000000000000e+02 9.301808653040918216e+03 -5.418236148092923088e+00 -5.551703110735484864e-02 4.076403514676379264e-02
4.510000000000000000e+02 9.322479338936564091e+03 -6.628662471307885440e+00 -6.096270032583211984e-02 3.224383190197362137e-02
4.520000000000000000e+02 9.343150024832209965e+03 -7.938517807664315029e+00 -6.508136798840385984e-02 2.297346629651156324e-02
4.530000000000000000e+02 9.363820710727855840e+03 -9.319215502002430540e+00 -6.777643911140776578e-02 1.315825348689818319e-02
4.540000000000000000e+02 9.384491396623501714e+03 -1.074048877565894244e+01 -6.898269047228935968e-02 3.013466727725316874e-03
4.550000000000000000e+02 9.405162082519147589e+03 -1.217105455598101749e+01 -6.866745345843361381e-02 -7.239720852440026388e-03
4.560000000000000000e+02 9.425832768414793463e+03 -1.357929549904534205e+01 -6.683119614199486969e-02 -1.737823235906955921e-02
4.570000000000000000e+02 9.446503454310439338e+03 -1.493394788294404130e+01 -6.350748447669163355e-02 -2.718141488234855629e-02
4.580000000000000000e+02 9.467174140206085212e+03 -1.620478202632600784e+01 -5.876233484069007945e-02 -3.643487172134575458e-02
4.590000000000000000e+02 9.487844826101731087e+03 -1.736326341491744785e+01 -5.269296892508716634e-02 -4.493464266872944368e-02
4.600000000000000000e+02 9.508515511997376962e+03 -1.838318164544507383e+01 -4.542595104332423916e-02 -5.249130335685349424e-02
4.610000000000000000e+02 9.529186197893022836e+03 -1.924123454597258132e+01 -3.711469493865991037e-02 -5.893431879413925378e-02
4.620000000000000000e+02 9.549856883788668711e+03 -1.991755404782462691e+01 -2.793636263033487388e-02 -6.411584051808889850e-02
4.630000000000000000e+02 9.570527569684314585e+03 -2.039616209996963292e+01 -1.808821544897594794e-02 -6.791425371780307474e-02
4.640000000000000000e+02 9.591198255579960460e+03 -2.066534568774174829e+01 -7.783517223900578846e-03 -7.023663422834894310e-02
4.650000000000000000e+02 9.611868941475606334e+03 -2.071794337936684016e+01 2.752895788621392142e-03 -7.102075940451063607e-02
4.660000000000000000e+02 9.632539627371252209e+03 -2.055153719944166824e+01 1.328929386649700152e-02 -7.023643400563392425e-02
4.670000000000000000e+02 9.653210313266898083e+03 -2.016854574078823958e+01 2.359190177500053096e-02 -6.788642991844770491e-02
4.680000000000000000e+02 9.673880999162543958e+03 -1.957621561689770928e+01 3.342987061513853775e-02 -6.400720744633796311e-02
4.690000000000000000e+02 9.694551685058189832e+03 -1.878650903075298118e+01 4.258034387687062439e-02 -5.866945698616793381e-02
4.700000000000000000e+02 9.715222370953835707e+03 -1.781588578968290193e+01 5.083357539333704933e-02 -5.197825316709703269e-02
4.710000000000000000e+02 9.735893056849481582e+03 -1.668497929093632237e+01 5.799801197523003077e-02 -4.407242719284820698e-02
4.720000000000000000e+02 9.756563742745127456e+03 -1.541816841345906575e+01 6.390516538367758959e-02 -3.512237024676330421e-02
4.730000000000000000e+02 9.777234428640773331e+03 -1.404305208942565208e+01 6.841408459759554250e-02 -2.532687139763971362e-02
4.740000000000000000e+02 9.797905114536419205e+03 -1.258983630634890893e+01 7.141519081253915047e-02 -1.490773609491907736e-02
4.750000000000000000e+02 9.818575800432065080e+03 -1.109065013449835213e+01 7.283322542597230054e-02 -4.103275844029391495e-03
4.760000000000000000e+02 9.839246486327710954e+03 -9.578810855254747736e+00 7.262923065482022877e-02 6.838150573543810840e-03
4.770000000000000000e+02 9.859917172223356829e+03 -8.088058107081868897e+00 7.080153623460697099e-02 1.766500337930682757e-02
4.780000000000000000e+02 9.880587858119002703e+03 -6.651778222385171802e+00 6.738575758998024967e-02 2.812894831880152768e-02
4.790000000000000000e+02 9.901258544014648578e+03 -5.302238449116564389e+00 6.245389049243266211e-02 3.799058316836415733e-02
4.800000000000000000e+02 9.921929229910294453e+03 -4.069848715724826427e+00 5.611253597638767021e-02 4.702537149988128551e-02
4.810000000000000000e+02 9.942599915805940327e+03 -2.982469237164428577e+00 4.850036402972663502e-02 5.502791435675703779e-02
4.820000000000000000e+02 9.963270601701586202e+03 -2.064777134358853683e+00 3.978485164925701922e-02 6.181740687134242018e-02
4.830000000000000000e+02 9.983941287597232076e+03 -1.337708893471065696e+00 3.015836041361479383e-02 6.724103646799141354e-02
4.840000000000000000e+02 1.000461197349287795e+04 -8.179891438837977313e-01 1.983365888198264371e-02 7.117802765395131459e-02
4.850000000000000000e+02 1.002528265938852383e+04 -5.177582276493445379e-01 9.038979188716923102e-03 7.354184207401906481e-02
4.860000000000000000e+02 1.004595334528416970e+04 -4.443053446292932751e-01 -1.987191206913018968e-03 7.428152912331743851e-02
4.870000000000000000e+02 1.006662403117981557e+04 -5.999114381547235864e-01 -1.300142856062094093e-02 7.338186064599294678e-02
4.880000000000000000e+02 1.008729471707546145e+04 -9.818022365718565014e-01 -2.376063986063015054e-02 7.086249879381721628e-02
4.890000000000000000e+02 1.010796540297110732e+04 -1.582208884632046342e+00 -3.402717947512764324e-02 6.677681221733083872e-02
4.900000000000000000e+02 1.012863608886675320e+04 -2.388532514262156070e+00 -4.357371068568512140e-02 6.120963966486608898e-02
4.910000000000000000e+02 1.014930677476239907e+04 -3.383605858415183132e+00 -5.218787321872920409e-02 5.427692547846298815e-02
4.920000000000000000e+02 1.016997746065804495e+04 -4.546050783994492583e+00 -5.967672821683560336e-02 4.612310032440912477e-02
4.930000000000000000e+02 1.019064814655369082e+04 -5.850723666915317978e+00 -6.587090150313508474e-02 3.691965560145397257e-02
4.940000000000000000e+02 1.021131883244933670e+04 -7.269244213263228005e+00 -7.062841985033241343e-02 2.686245327060009930e-02
4.950000000000000000e+02 1.023198951834498257e+04 -8.770599430979434175e+00 -7.383809008077593661e-02 1.616828694759391005e-02
4.960000000000000000e+02 1.025266020424062845e+04 -1.032181214765155453e+01 -7.542226368522819691e-02 5.070082710177989394e-03
4.970000000000000000e+02 1.027333089013627432e+04 -1.188865927533137423e+01 -7.533890230430183299e-02 -6.187674758373118422e-03
4.980000000000000000e+02 1.029400157603192019e+04 -1.343642571816158160e+01 -7.358285232017253152e-02 -1.735497144886351262e-02
4.990000000000000000e+02 1.031467226192756607e+04 -1.493067533056341745e+01 -7.018625727868339770e-02 -2.818179350300759056e-02
5.000000000000000000e+02 1.033534294782321194e+04 -1.633802187495896163e+01 -6.521813346960311786e-02 -3.842381693405484688e-02
5.010000000000000000e+02 1.035601363371885782e+04 -1.762688243386443787e+01 -5.878312801596826537e-02 -4.784767767358885648e-02
5.020000000000000000e+02 1.037668431961450369e+04 -1.876819702532226586e+01 -5.101949523265722486e-02 -5.623618187043297190e-02
5.030000000000000000e+02 1.039735500551014957e+04 -1.973609835488181119e+01 -4.209631683416416997e-02 -6.339323299724228256e-02
5.040000000000000000e+02 1.041802569140579544e+04 -2.050851651060750669e+01 -3.220996052368609724e-02 -6.914911545514040858e-02
5.050000000000000000e+02 1.043869637730144132e+04 -2.106770230827438439e+01 -2.157981760237219493e-02 -7.336487685182757623e-02
5.060000000000000000e+02 1.045936706319708719e+04 -2.140065577329546187e+01 -1.044336180031291313e-02 -7.593704582687500759e-02
5.070000000000000000e+02 1.048003774909273307e+04 -2.149944521121210528e+01 9.494131869673110707e-04 -7.680124366844515160e-02
5.080000000000000000e+02 1.050070843498837894e+04 -2.136140572974948881e+01 1.234197966390359821e-02 -7.593425041370212292e-02
5.090000000000000000e+02 1.052137912088402481e+04 -2.098921084128609138e+01 2.347751538757834530e-02 -7.335533714920886017e-02
5.100000000000000000e+02 1.054204980677967069e+04 -2.039081303737581408e+01 3.410511329635970701e-02 -6.912453521232020393e-02
5.110000000000000000e+02 1.056272049267531656e+04 -1.957925867251712049e+01 4.398570580317903017e-02 -6.334054027427435396e-02
5.120000000000000000e+02 1.058339117857096244e+04 -1.857238362026416567e+01 5.289757751299474509e-02 -5.613729042796616886e-02
5.130000000000000000e+02 1.060406186446660831e+04 -1.739240025369367615e+01 6.064132345432707988e-02 -4.767995433338137468e-02
5.140000000000000000e+02 1.062473255036225419e+04 -1.606538812142278516e+01 6.704418758360014552e-02 -3.816063464234967229e-02
5.150000000000000000e+02 1.064540323625790006e+04 -1.462070156835488532e+01 7.196374394669764751e-02 -2.779385184704881440e-02
5.160000000000000000e+02 1.066607392215354594e+04 -1.309030822742896127e+01 7.529088788823953826e-02 -1.681181052258455544e-02
5.170000000000000000e+02 1.068674460804919181e+04 -1.150807297967062937e+01 7.695207338145837461e-02 -5.459026130642086194e-03
5.180000000000000000e+02 1.070741529394483769e+04 -9.909003951655243725e+00 7.691075190402835160e-02 6.013006332052928116e-03
5.190000000000000000e+02 1.072808597984048356e+04 -8.328476990458312912e+00 7.516799491247497245e-02 1.735142614318373189e-02
5.200000000000000000e+02 1.074875666573612943e+04 -6.801455927172610494e+00 7.176225625073183456e-02 2.830792359763920074e-02
5.210000000000000000e+02 1.076942735163177531e+04 -5.361726874214782335e+00 6.676829935849454278e-02 3.864402045333198421e-02
5.220000000000000000e+02 1.079009803752742118e+04 -4.041162839520750616e+00 6.029537759252093926e-02 4.813580269560714664e-02
5.230000000000000000e+02 1.081076872342306706e+04 -2.869033251865988454e+00 5.248476532366610353e-02 5.657789165787426716e-02
5.240000000000000000e+02 1.083143940931871293e+04 -1.871370642896317937e+00 4.350674710633757603e-02 6.378673830309607162e-02
5.250000000000000000e+02 1.085211009521435881e+04 -1.070404644313134535e+00 3.355714151155240327e-02 6.960356751767632355e-02
5.260000000000000000e+02 1.087278078111000468e+04 -4.840723794142048897e-01 2.285339492100838671e-02 7.389719917492976187e-02
5.270000000000000000e+02 1.089345146700565056e+04 -1.256139481904842148e-01 1.163024398050543744e-02 7.656700987985147477e-02
5.280000000000000000e+02 1.091412215290129643e+04 -3.262138992684529559e-03 1.349143799926986326e-04 7.754618750423829254e-02
5.290000000000000000e+02 1.093479283879694231e+04 -1.200364026472142964e-01 -1.137812106105080302e-02 7.680438486529313213e-02
5.300000000000000000e+02 1.095546352469258818e+04 -4.736492720639247089e-01 -2.265273602073041709e-02 7.434978131304884053e-02
5.310000000000000000e+02 1.097613421058823405e+04 -1.056531584570241211e+00 -3.343696203663641675e-02 7.022994022445505635e-02
5.320000000000000000e+02 1.099680489648387993e+04 -1.855979151191853749e+00 -4.348882790834175671e-02 6.453132743814625483e-02
5.330000000000000000e+02 1.101747558237952580e+04 -2.854419387896548255e+00 -5.258203187351865454e-02 5.737755088375827428e-02
5.340000000000000000e+02 1.103814626827517168e+04 -4.029792480416596767e+00 -6.051127519621751077e-02 4.892658164351244149e-02
5.350000000000000000e+02 1.105881695417081755e+04 -5.356038513348610586e+00 -6.709709579025448234e-02 3.936683006516549649e-02
5.360000000000000000e+02 1.107948764006646343e+04 -6.803678463597494286e+00 -7.219014393425339515e-02 2.891358999932450852e-02
5.370000000000000000e+02 1.110015832596210930e+04 -8.340478093401520354e+00 -7.567477859768113879e-02 1.780348627070489631e-02
5.380000000000000000e+02 1.112082901185775518e+04 -9.932177620827996378e+00 -7.747189087460182311e-02 6.289665355160095617e-03
5.390000000000000000e+02 1.114149969775340105e+04 -1.154327233742289849e+01 -7.754092152017100226e-02 -5.364199633352537133e-03
5.400000000000000000e+02 1.116217038364904693e+04 -1.313782568643284421e+01 -7.588094608329357116e-02 -1.689041428783688570e-02
5.410000000000000000e+02 1.118284106954469280e+04 -1.468029474132738166e+01 -7.253074978985801780e-02 -2.802430156534306549e-02
5.420000000000000000e+02 1.120351175544033867e+04 -1.613634637979659558e+01 -6.756783638373656253e-02 -3.851145512349743449e-02
5.430000000000000000e+02 1.122418244133598455e+04 -1.747364178640067323e+01 -6.110638268306078924e-02 -4.811462034944817556e-02
5.440000000000000000e+02 1.124485312723163042e+04 -1.866256806511802679e+01 -5.329421652563434697e-02 -5.661990635460270593e-02
5.450000000000000000e+02 1.126552381312727630e+04 -1.967689780611258499e+01 -4.430897451551006616e-02 -6.384157005128762719e-02
5.460000000000000000e+02 1.128619449902292217e+04 -2.049436185425464885e+01 -3.435366190276074871e-02 -6.962524743261648552e-02
5.470000000000000000e+02 1.130686518491856805e+04 -2.109712531522698953e+01 -2.365179484082533673e-02 -7.385032118620551977e-02
5.480000000000000000e+02 1.132753587081421392e+04 -2.147215949830059145e+01 -1.244226836203471930e-02 -7.643123026500159289e-02
5.490000000000000000e+02 1.134820655670985980e+04 -2.161150575750890823e+01 -9.740639823595902136e-04 -7.731831034209180054e-02
5.500000000000000000e+02 1.136887724260550567e+04 -2.151242863954382756e+01 1.049914117242102193e-02 -7.649827361805780490e-02
5.510000000000000000e+02 1.138954792850115155e+04 -2.117745685881058293e+01 2.172440685740561345e-02 -7.399428695382145871e-02
5.520000000000000000e+02 1.141021861439679742e+04 -2.061431185870651106e+01 3.245493599973858778e-02 -6.986554249154972029e-02
5.530000000000000000e+02 1.143088930029244329e+04 -1.983572528318277506e+01 4.245533446360599122e-02 -6.420572261709070472e-02
5.540000000000000000e+02 1.145155998618808917e+04 -1.885915009212288851e+01 5.150662278924363763e-02 -5.714120981424058998e-02
5.550000000000000000e+02 1.147223067208373504e+04 -1.770637084073877787e+01 5.941089926450032060e-02 -4.882820236819182536e-02
5.560000000000000000e+02 1.149290135797938092e+04 -1.640302201717413411e+01 6.599550423896814733e-02 -3.944891202452266432e-02
5.570000000000000000e+02 1.151357204387502679e+04 -1.497802616344175419e+01 7.111661347743696016e-02 -2.920771169320232619e-02
5.580000000000000000e+02 1.153424272977067267e+04 -1.346296365886574797e+01 7.466223736844680714e-02 -1.832702228611501893e-02
5.590000000000000000e+02 1.155491341566631854e+04 -1.189138684962303927e+01 7.655460701087343778e-02 -7.043206003289337325e-03
5.600000000000000000e+02 1.157558410156196442e+04 -1.029809118809291846e+01 7.675194646260896647e-02 4.397556427862769901e-03
5.610000000000000000e+02 1.159625478745761029e+04 -8.718356095206921452e+00 7.524960988429443831e-02 1.574365758489570943e-02
5.620000000000000000e+02 1.161692547335325617e+04 -7.187169088716560239e+00 7.208053076701047279e-02 2.674289412789704334e-02
5.630000000000000000e+02 1.163759615924890204e+04 -5.738448073854222287e+00 6.731491703195194298e-02 3.714774630877610423e-02
5.640000000000000000e+02 1.165826684514454791e+04 -4.404278076598607150e+00 6.105906266849232822e-02 4.672194267160492687e-02
5.650000000000000000e+02 1.167893753104019379e+04 -3.214182662848234173e+00 5.345321975301031703e-02 5.524649244432046358e-02
5.660000000000000000e+02 1.169960821693583966e+04 -2.194448645347731208e+00 4.466856050818629464e-02 6.252585260345851215e-02
5.670000000000000000e+02 1.172027890283148554e+04 -1.367523095497445773e+00 3.490327886078391922e-02 6.839329720240906740e-02
5.680000000000000000e+02 1.174094958872713141e+04 -7.514992172288925687e-01 2.437796858149800933e-02 7.271524661246567267e-02
5.690000000000000000e+02 1.176162027462277729e+04 -3.597044328532818525e-01 1.333044022737780651e-02 7.539446202685104459e-02
5.700000000000000000e+02 1.178229096051842316e+04 -2.004005316472609322e-01 2.010137549888041733e-03 7.637222075759066142e-02
5.710000000000000000e+02 1.180296164641406904e+04 -2.766025890517219143e-01 -9.327724396952901884e-03 7.562987199224409374e-02
5.720000000000000000e+02 1.182363233230971491e+04 -5.860214539084032115e-01 -2.042811754406639868e-02 7.318857337410671071e-02
5.730000000000000000e+02 1.184430301820536079e+04 -1.121128991437202238e+00 -3.104215520271196710e-02 6.910950224227618843e-02
5.740000000000000000e+02 1.186497370410100666e+04 -1.869346733346732847e+00 -4.093294665759609346e-02 6.349230638297939655e-02
5.750000000000000000e+02 1.188564438999665254e+04 -2.813353157722038311e+00 -4.988115995084892174e-02 5.647274111217884252e-02
5.760000000000000000e+02 1.190631507589229841e+04 -3.931502312255722664e+00 -5.769013730319816347e-02 4.821903458225677147e-02
5.770000000000000000e+02 1.192698576178794428e+04 -5.198342572664283345e+00 -6.419037512223681186e-02 3.892700375355094555e-02
5.780000000000000000e+02 1.194765644768359016e+04 -6.585220475606666568e+00 -6.924319451304696005e-02 2.881408581793446638e-02
5.790000000000000000e+02 1.196832713357923603e+04 -8.060951221044962978e+00 -7.274351249626950788e-02 1.811325032659805156e-02
5.800000000000000000e+02 1.198899781947488191e+04 -9.592537071119497938e+00 -7.462164154930757409e-02 7.066060186668041143e-03
5.810000000000000000e+02 1.200966850537052778e+04 -1.114591224801147007e+01 -7.484418338190780562e-02 -4.082532565832672211e-03
5.820000000000000000e+02 1.203033919126617366e+04 -1.268669828272664724e+01 -7.341415374685558715e-02 -1.508929173767142862e-02
5.830000000000000000e+02 1.205100987716181953e+04 -1.418095407280335962e+01 -7.037040664949435753e-02 -2.571698468105421131e-02
5.840000000000000000e+02 1.207168056305746541e+04 -1.559590742712785705e+01 -6.578647696384383459e-02 -3.573789177659321414e-02
5.850000000000000000e+02 1.209235124895311128e+04 -1.690065727580494581e+01 -5.976884852497124645e-02 -4.493799935598621897e-02
5.860000000000000000e+02 1.211302193484875716e+04 -1.806683361553615441e+01 -5.245462995762176922e-02 -5.312074701784766373e-02
5.870000000000000000e+02 1.213369262074440303e+04 -1.906920363505767213e+01 -4.400864756377909082e-02 -6.011109556514057650e-02
5.880000000000000000e+02 1.215436330664004890e+04 -1.988621147650231791e+01 -3.461995427704277206e-02 -6.575928762186558640e-02
5.890000000000000000e+02 1.217503399253569478e+04 -2.050044003622245370e+01 -2.449777026921530140e-02 -6.994470662348525880e-02
5.900000000000000000e+02 1.219570467843134065e+04 -2.089898290525962565e+01 -1.386700468540336302e-02 -7.257763346573850582e-02
5.910000000000000000e+02 1.221637536432698653e+04 -2.107372103255331197e+01 -2.963435383372552828e-03 -7.360207485337084965e-02
5.920000000000000000e+02 1.223704605022263240e+04 -2.102149538922310157e+01 7.971380175543782767e-03 -7.299653929291012588e-02
5.930000000000000000e+02 1.225771673611827828e+04 -2.074417324102641658e+01 1.869529873945454529e-02 -7.077466482264359315e-02
5.940000000000000000e+02 1.227838742201392415e+04 -2.024860609328602479e+01 2.897083977745557037e-02 -6.698532460359536700e-02
5.950000000000000000e+02 1.229905810790957003e+04 -1.954647898268065376e+01 3.857041608297313851e-02 -6.171228124059648101e-02
5.960000000000000000e+02 1.231972879380521590e+04 -1.865405218185497560e+01 4.728147107837558233e-02 -5.507328164315389296e-02
5.970000000000000000e+02 1.234039947970086178e+04 -1.759179810799027166e+01 5.491141789708164217e-02 -4.721830467629412054e-02
5.980000000000000000e+02 1.236107016559650765e+04 -1.638393883898467251e+01 6.129225152030013529e-02 -3.832693028645509092e-02
5.990000000000000000e+02 1.238174085149215352e+04 -1.505789234996411174e+01 6.628463330598755032e-02 -2.860389695316238601e-02
6.000000000000000000e+02 1.240241153738779940e+04 -1.364364116943233185e+01 6.978127591807053998e-02 -1.827416498892656116e-02
6.010000000000000000e+02 1.242308222328344527e+04 -1.217303867816437091e+01 7.170951216875259826e-02 -7.576912294778845314e-03
6.020000000000000000e+02 1.244375290917909115e+04 -1.067907156589169659e+01 7.203289238717240639e-02 3.241485546404507256e-03
6.030000000000000000e+02 1.246442359507473702e+04 -9.195100092784091572e+00 7.075181799410901196e-02 1.393335655582420007e-02
6.040000000000000000e+02 1.248509428097038290e+04 -7.754094353287355190e+00 6.790327433389381495e-02 2.425590696423704506e-02
6.050000000000000000e+02 1.250576496686602877e+04 -6.387885582700437936e+00 6.355969229321839498e-02 3.397672660537721934e-02
6.060000000000000000e+02 1.252643565276167465e+04 -5.126449483253246342e+00 5.782700449632774409e-02 4.287908150856886008e-02
6.070000000000000000e+02 1.254710633865732052e+04 -3.997237890240992186e+00 5.084192113670692181e-02 5.076708332149819369e-02
6.080000000000000000e+02 1.256777702455296640e+04 -3.024574718957057762e+00 4.276856172343122819e-02 5.746915487695759828e-02
6.090000000000000000e+02 1.258844771044861227e+04 -2.229126879053767496e+00 3.379447283487426595e-02 6.284279617513378879e-02
6.100000000000000000e+02 1.260911839634425814e+04 -1.627464852999775946e+00 2.412606280410816567e-02 6.677763536040984271e-02
6.110000000000000000e+02 1.262978908223990402e+04 -1.231722346809051682e+00 1.398361866209427325e-02 6.919797824405539421e-02
6.120000000000000000e+02 1.265045976813554989e+04 -1.049362874902476150e+00 3.596030917036320204e-03 7.006417570299305897e-02
6.130000000000000000e+02 1.267113045403119577e+04 -1.083057495694869532e+00 -6.804587209605059833e-03 6.937267125754384423e-02
6.140000000000000000e+02 1.269180113992684164e+04 -1.330673844621034441e+00 -1.698819074351438224e-02 6.715474953365110911e-02
6.150000000000000000e+02 1.271247182582248752e+04 -1.785372605283896519e+00 -2.673183141019074699e-02 6.347426846650784660e-02
6.160000000000000000e+02 1.273314251171813339e+04 -2.435804425611888924e+00 -3.582430531877164176e-02 5.842482228425328883e-02
6.170000000000000000e+02 1.275381319761377927e+04 -3.266398530632022901e+00 -4.407037464314007835e-02 5.212686727953241839e-02
6.180000000000000000e+02 1.277448388350942514e+04 -4.257734168715505696e+00 -5.129456647118870588e-02 4.472492730380227266e-02
6.190000000000000000e+02 1.279515456940507102e+04 -5.386986273990617136e+00 -5.734458298721784031e-02 3.638517757480969755e-02
6.200000000000000000e+02 1.281582525530071689e+04 -6.628437894206722802e+00 -6.209433253684404352e-02 2.729277819549591477e-02
6.210000000000000000e+02 1.283649594119636276e+04 -7.954051161528457037e+00 -6.544651955238760255e-02 1.764862645738192459e-02
6.220000000000000000e+02 1.285716662709200864e+04 -9.334086791468092059e+00 -6.733474030014523215e-02 7.665979292672001066e-03
6.230000000000000000e+02 1.287783731298765451e+04 -1.073776169474690789e+01 -6.772497851419793935e-02 -2.434214654410807310e-03
6.240000000000000000e+02 1.289850799888330039e+04 -1.213393030778086690e+01 -6.661639208614418550e-02 -1.242815162313824773e-02
6.250000000000000000e+02 1.291917868477894626e+04 -1.349177472737473060e+01 -6.404135165397485674e-02 -2.209436562397254500e-02
6.260000000000000000e+02 1.293984937067459214e+04 -1.478148763652476561e+01 -6.006475730429869375e-02 -3.121821359087341430e-02
6.270000000000000000e+02 1.296052005657023801e+04 -1.597493419064551290e+01 -5.478260925051757491e-02 -3.959739186928191990e-02
6.280000000000000000e+02 1.298119074246588389e+04 -1.704627585324752914e+01 -4.831986680450649219e-02 -4.704596128696124369e-02
6.290000000000000000e+02 1.300186142836152976e+04 -1.797254376911636342e+01 -4.082767170085806197e-02 -5.339884394917387977e-02
6.300000000000000000e+02 1.302253211425717564e+04 -1.873414780840554528e+01 -3.247992737960876675e-02 -5.851596084556853761e-02
6.310000000000000000e+02 1.304320280015282151e+04 -1.931530852267095710e+01 -2.346927685946280026e-02 -6.228615709530081757e-02
6.320000000000000000e+02 1.306387348604846738e+04 -1.970439990872538161e+01 -1.400253149150286307e-02 -6.463063852335217130e-02
6.330000000000000000e+02 1.308454417194411326e+04 -1.989419238308046545e+01 -4.295652504944362862e-03 -6.550553061896084717e-02
6.340000000000000000e+02 1.310521485783975913e+04 -1.988198807601848728e+01 5.431552472718193664e-03 -6.490314079931187863e-02
6.350000000000000000e+02 1.312588554373540501e+04 -1.966964455290190728e+01 1.496080264691622766e-02 -6.285163127377846326e-02
6.360000000000000000e+02 1.314655622963105088e+04 -1.926348797149616487e+01 2.408056517920726530e-02 -5.941330692967289329e-02
6.370000000000000000e+02 1.316722691552669676e+04 -1.867412095488383983e+01 3.259093329878401391e-02 -5.468172882859673178e-02
6.380000000000000000e+02 1.318789760142234263e+04 -1.791613408096591087e+01 4.030802695420204057e-02 -4.877819960145868272e-02
6.390000000000000000e+02 1.320856828731798851e+04 -1.700773182639672143e+01 4.706785096240059807e-02 -4.184800494084044142e-02
6.400000000000000000e+02 1.322923897321363438e+04 -1.597028455491214771e+01 5.272959122139684457e-02 -3.405663845739813345e-02
6.410000000000000000e+02 1.324990965910928026e+04 -1.482781819131006529e+01 5.717834711188747587e-02 -2.558601803800439334e-02
6.420000000000000000e+02 1.327058034500492613e+04 -1.360645324854801430e+01 6.032728402140088986e-02 -1.663049530705364154e-02
6.430000000000000000e+02 1.329125103090057200e+04 -1.233380551342241382e+01 6.211921488562744537e-02 -7.393191231249013340e-03
6.440000000000000000e+02 1.331192171679621788e+04 -1.103835969057807986e+01 6.252749678318789139e-02 1.919522284490257635e-03
6.450000000000000000e+02 1.333259240269186375e+04 -9.748833021729778281e+00 6.155627712131792745e-02 1.110122376235628261e-02
6.460000000000000000e+02 1.335326308858750963e+04 -8.493538752017824933e+00 5.924003202548420305e-02 1.995172991965299403e-02
6.470000000000000000e+02 1.337393377448315550e+04 -7.299768832836143417e+00 5.564238927978265581e-02 2.828039963677228541e-02
6.480000000000000000e+02 1.339460446037880138e+04 -6.193206049446485117e+00 5.085433885975957496e-02 3.591104028793222491e-02
6.490000000000000000e+02 1.341527514627444725e+04 -5.197380702834433208e+00 4.499184491662221175e-02 4.268502590763469107e-02
6.500000000000000000e+02 1.343594583217009313e+04 -4.333181461172218363e+00 3.819302893770740170e-02 4.846392808928821211e-02
6.510000000000000000e+02 1.345661651806573900e+04 -3.618428493685066361e+00 3.061501560245451919e-02 5.313140719044139038e-02
6.520000000000000000e+02 1.347728720396138488e+04 -3.067514718754916103e+00 2.243053471700008281e-02 5.659459128202418143e-02
6.530000000000000000e+02 1.349795788985703075e+04 -2.691119418472065039e+00 1.382428282063522321e-02 5.878591918046088827e-02
6.540000000000000000e+02 1.351862857575267662e+04 -2.495999902919053159e+00 4.989110619744401356e-03 5.966363247550694748e-02
6.550000000000000000e+02 1.353929926164832250e+04 -2.484862741433324196e+00 -3.878009591573035320e-03 5.921423313125759313e-02
6.560000000000000000e+02 1.355996994754396837e+04 -2.656322139254473580e+00 -1.258025280020063155e-02 5.745319371970972200e-02
6.570000000000000000e+02 1.358064063343961425e+04 -3.004947649674870824e+00 -2.092531030355451044e-02 5.442559000290669857e-02
6.580000000000000000e+02 1.360131131933526012e+04 -3.521403172361890377e+00 -2.872977633456981483e-02 5.020570424564067130e-02
6.590000000000000000e+02 1.362198200523090600e+04 -4.192676014603007317e+00 -3.582339854219656478e-02 4.489559666907007307e-02
6.600000000000000000e+02 1.364265269112655187e+04 -5.002391610322495907e+00 -4.205304234329384355e-02 3.862269798759232486e-02
6.610000000000000000e+02 1.366332337702219775e+04 -5.931206473072097474e+00 -4.728627014318283195e-02 3.153705357309577462e-02
6.620000000000000000e+02 1.368399406291784362e+04 -6.957270884935325306e+00 -5.141440703034533266e-02 2.380719465893746389e-02
6.630000000000000000e+02 1.370466474881348950e+04 -8.056748589542461758e+00 -5.435504967215327304e-02 1.561680235919104404e-02
6.640000000000000000e+02 1.372533543470913537e+04 -9.204383202166001254e+00 -5.605398662622575190e-02 7.160152738679134710e-03
6.650000000000000000e+02 1.374600612060478124e+04 -1.037409729104141576e+01 -5.648642262653660873e-02 -1.362659583813791153e-03
6.660000000000000000e+02 1.376667680650042712e+04 -1.153960940112974676e+01 -5.565745480058083283e-02 -9.750974094065625875e-03
6.670000000000000000e+02 1.378734749239607299e+04 -1.267505282290930246e+01 -5.360168636575135537e-02 -1.780987518847471085e-02
6.680000000000000000e+02 1.380801817829171887e+04 -1.375557664581654294e+01 -5.038195134291455213e-02 -2.535579959798657523e-02
6.690000000000000000e+02 1.382868886418736474e+04 -1.475791180494755572e+01 -4.608715348536126383e-02 -3.222280431749866003e-02
6.700000000000000000e+02 1.384935955008301062e+04 -1.566088279285723850e+01 -4.082932159153112445e-02 -3.826680429973174091e-02
6.710000000000000000e+02 1.387003023597865649e+04 -1.644585196884930411e+01 -3.474013569375206112e-02 -4.336842851090315365e-02
6.720000000000000000e+02 1.389070092187430237e+04 -1.709708765865260460e+01 -2.796713406442685387e-02 -4.743444302541181823e-02
6.730000000000000000e+02 1.391137160776994824e+04 -1.760205165614370415e+01 -2.066983432757855954e-02 -5.039747948558824520e-02
6.740000000000000000e+02 1.393204229366559412e+04 -1.795160696445345749e+01 -1.301593426790697769e-02 -5.221523816990632227e-02
6.750000000000000000e+02 1.395271297956123999e+04 -1.814014823392427544e+01 -5.177642234816806285e-03 -5.286954749782110663e-02
6.760000000000000000e+02 1.397338366545688586e+04 -1.816565779708531991e+01 2.671868177950785170e-03 -5.236563841258215501e-02
6.770000000000000000e+02 1.399405435135253174e+04 -1.802968953820228748e+01 1.036190939781491543e-02 -5.073160904310151931e-02
6.780000000000000000e+02 1.401472503724817761e+04 -1.773728224820256116e+01 1.772764881548994503e-02 -4.801785636633656984e-02
6.790000000000000000e+02 1.403539572314382349e+04 -1.729680421753564445e+01 2.461336766895221018e-02 -4.429616903991581700e-02
6.800000000000000000e+02 1.405606640903946936e+04 -1.671973186436462200e+01 3.087554693769252109e-02 -3.965831536694135184e-02
6.810000000000000000e+02 1.407673709493511524e+04 -1.602036675232498908e+01 3.638571709376352964e-02 -3.421428945550883394e-02
6.820000000000000000e+02 1.409740778083076111e+04 -1.521549640609854848e+01 4.103296030299901503e-02 -2.808940560033656997e-02
6.830000000000000000e+02 1.411807846672640699e+04 -1.432400788474134856e+01 4.472602678338383209e-02 -2.142203106336068585e-02
6.840000000000000000e+02 1.413874915262205286e+04 -1.336646110409935773e+01 4.739504477667450671e-02 -1.436040503167272664e-02
6.850000000000000000e+02 1.415941983851769874e+04 -1.236463171756387780e+01 4.899278127530053151e-02 -7.059796818784311312e-03
6.860000000000000000e+02 1.418009052441334461e+04 -1.134103231830767022e+01 4.949548282686840744e-02 3.202820650174825756e-04
6.870000000000000000e+02 1.420076121030899048e+04 -1.031842056002876262e+01 4.890333326626606497e-02 7.618425678511703270e-03
6.880000000000000000e+02 1.422143189620463636e+04 -9.319301435913466491e+00 4.724045185634436622e-02 1.467514743853619297e-02
6.890000000000000000e+02 1.424210258210028223e+04 -8.365435476246961599e+00 4.455446730374133107e-02 2.133475240004378132e-02
6.900000000000000000e+02 1.426277326799592811e+04 -7.477358638146497150e+00 4.091564791123822320e-02 2.744941567260297116e-02
6.910000000000000000e+02 1.428344395389157398e+04 -6.673926463866829195e+00 3.641542154823290689e-02 3.288328446363213836e-02
6.920000000000000000e+02 1.430411463978721986e+04 -5.971895156984344588e+00 3.116434059459291875e-02 3.751581705078269047e-02
6.930000000000000000e+02 1.432478532568286573e+04 -5.385549872715284181e+00 2.528951831262069710e-02 4.124553015736082129e-02
6.940000000000000000e+02 1.434545601157851161e+04 -4.926391777999584498e+00 1.893157003010738706e-02 4.399289037275631170e-02
6.950000000000000000e+02 1.436612669747415748e+04 -4.602892797507718292e+00 1.224117541952571796e-02 4.570250254160020814e-02
6.960000000000000000e+02 1.438679738336980336e+04 -4.420324793818537046e+00 5.375371294754367930e-03 4.634453421619650487e-02
6.970000000000000000e+02 1.440746806926544923e+04 -4.380667574295035394e+00 -1.506315893513185573e-03 4.591544029847367814e-02
6.980000000000000000e+02 1.442813875516109510e+04 -4.482597959207399896e+00 -8.245799331654778130e-03 4.443806651378783695e-02
6.990000000000000000e+02 1.444880944105674098e+04 -4.721560230181369278e+00 -1.469034274785125174e-02 4.196129966935516903e-02
7.000000000000000000e+02 1.446948012695238685e+04 -5.089916880487839634e+00 -2.069637345595078115e-02 3.855910541506807343e-02
7.010000000000000000e+02 1.449015081284803273e+04 -5.577176699955273875e+00 -2.613310606875425893e-02 3.432895220479589143e-02
7.020000000000000000e+02 1.451082149874367860e+04 -6.170295334537500231e+00 -3.088585358929617566e-02 2.938919613932370473e-02
7.030000000000000000e+02 1.453149218463932448e+04 -6.854040256281802357e+00 -3.485885857348399591e-02 2.387526191578059898e-02
7.040000000000000000e+02 1.455216287053497035e+04 -7.611408367043996037e+00 -3.797746251350491570e-02 1.793458967384291974e-02
7.050000000000000000e+02 1.457283355643061623e+04 -8.424080653742493041e+00 -4.018945787489201782e-02 1.172073032036902857e-02
7.060000000000000000e+02 1.459350424232626210e+04 -9.272895687140406906e+00 -4.146554704373427158e-02 5.387276913169800063e-03
7.070000000000000000e+02 1.461417492822190798e+04 -1.013832325060685413e+01 -4.179896958287836195e-02 -9.172168650328493822e-04
7.080000000000000000e+02 1.463484561411755385e+04 -1.100092242915911989e+01 -4.120444403184625459e-02 -7.053344813512579803e-03
7.090000000000000000e+02 1.465551630001319973e+04 -1.184177149078092484e+01 -3.971665393494400176e-02 -1.289285045345595071e-02
7.100000000000000000e+02 1.467618698590884560e+04 -1.264286338578975233e+01 -3.738852405583396876e-02 -1.831943767259115730e-02
7.110000000000000000e+02 1.469685767180449147e+04 -1.338746436450085220e+01 -3.428938420788001096e-02 -2.322946677007241278e-02
7.120000000000000000e+02 1.471752835770013735e+04 -1.406043356682220313e+01 -3.050306872813841191e-02 -2.753212121099982146e-02
7.130000000000000000e+02 1.473819904359578322e+04 -1.464850306956617843e+01 -2.612594604920703834e-02 -3.115017802141518966e-02
7.140000000000000000e+02 1.475886972949142910e+04 -1.514051601584172779e+01 -2.126481228913569901e-02 -3.402106044772110205e-02
7.150000000000000000e+02 1.477954041538707497e+04 -1.552761958048338897e+01 -1.603462569424278505e-02 -3.609791891746379211e-02
7.160000000000000000e+02 1.480021110128272085e+04 -1.580340943820163524e+01 -1.055609408336314822e-02 -3.735052082843168253e-02
7.170000000000000000e+02 1.482088178717836672e+04 -1.596402299064757102e+01 -4.953165890326810365e-03 -3.776565317877343675e-02
7.180000000000000000e+02 1.484155247307401260e+04 -1.600818011081758740e+01 6.495116254206581563e-04 -3.734716010021926769e-02
7.190000000000000000e+02 1.486222315896965847e+04 -1.593717128905828950e+01 6.129117751137534015e-03 -3.611568522802648118e-02
7.200000000000000000e+02 1.488289384486530435e+04 -1.575479397511519686e+01 1.136713743953849526e-02 -3.410830922832029655e-02
7.210000000000000000e+02 1.490356453076095022e+04 -1.546723823396760444e+01 1.625178649861307514e-02 -3.137818926752027060e-02
7.220000000000000000e+02 1.492423521665659609e+04 -1.508292282720332089e+01 2.068037779003189386e-02 -2.799412866910042097e-02
7.230000000000000000e+02 1.494490590255224197e+04 -1.461228304696550140e+01 2.456159320493166501e-02 -2.403974405256041613e-02
7.240000000000000000e+02 1.496557658844788784e+04 -1.406751287073175050e+01 2.781763864692099117e-02 -1.961272971996061432e-02
7.250000000000000000e+02 1.498624727434353372e+04 -1.346226370530730598e+01 3.038610369891208904e-02 -1.482163408583966890e-02
7.260000000000000000e+02 1.500691796023917959e+04 -1.281130966042624841e+01 3.222145071925872073e-02 -9.784115157084646852e-03
7.270000000000000000e+02 1.502758864613482547e+04 -1.213018473146761167e+01 3.329607461823726189e-02 -4.622929339451867237e-03
7.280000000000000000e+02 1.504825933203047134e+04 -1.143480426044307308e+01 3.360079391490777140e-02 5.376819610357769230e-04
7.290000000000000000e+02 1.506893001792611722e+04 -1.074108181774879966e+01 3.314481218810910040e-02 5.575479149414461211e-03
7.300000000000000000e+02 1.508960070382176309e+04 -1.006455225682188193e+01 3.195517023462240980e-02 1.037356551181134456e-02
7.310000000000000000e+02 1.511027138971740897e+04 -9.420011244425221975e+00 3.007574856205073865e-02 1.482307462454933444e-02
7.320000000000000000e+02 1.513094207561305484e+04 -8.821179553616703473e+00 2.756590460590807590e-02 1.882538004864471592e-02
7.330000000000000000e+02 1.515161276150870071e+04 -8.280398933349065516e+00 2.449875676846758124e-02 2.229462055199635251e-02
7.340000000000000000e+02 1.517228344740434659e+04 -7.808367341627033831e+00 2.095918985338347459e-02 2.515891002047363628e-02
7.350000000000000000e+02 1.519295413329999246e+04 -7.413917273176047651e+00 1.704159106210963170e-02 2.736273979497206438e-02
7.360000000000000000e+02 1.521362481919563834e+04 -7.103844589613187210e+00 1.284731244040364373e-02 2.886824370653718469e-02
7.370000000000000000e+02 1.523429550509128421e+04 -6.882791753058420170e+00 8.481942266872967429e-03 2.965649447738955696e-02
7.380000000000000000e+02 1.525496619098693009e+04 -6.753189460846111380e+00 4.052431539757135256e-03 2.972814995877313959e-02
7.390000000000000000e+02 1.527563687688257596e+04 -6.715258674114559234e+00 -3.358153594330403474e-04 2.910328715938049343e-02
7.400000000000000000e+02 1.529630756277822184e+04 -6.767072528473659254e+00 -4.581749554867823974e-03 2.782022155947436182e-02
7.410000000000000000e+02 1.531697824867386771e+04 -6.904674485916940441e+00 -8.591240132512814945e-03 2.593338397217467145e-02
7.420000000000000000e+02 1.533764893456951359e+04 -7.122246180940146942e+00 -1.227924986335424476e-02 2.351025891199780282e-02
7.430000000000000000e+02 1.535831962046515946e+04 -7.412315519836049305e+00 -1.557154987613467399e-02 2.062826511037037236e-02
7.440000000000000000e+02 1.537899030636080533e+04 -7.765995413736090036e+00 -1.840596628866226353e-02 1.737160015952882164e-02
7.450000000000000000e+02 1.539966099225645121e+04 -8.173243415353637076e+00 -2.073320281109331670e-02 1.382871109773880364e-02
7.460000000000000000e+02 1.542033167815209708e+04 -8.623134459573774890e+00 -2.251732917124782060e-02 1.009034363631462067e-02
7.470000000000000000e+02 1.544100236404774296e+04 -9.104140692369115939e+00 -2.373600820400997499e-02 6.247989308531778918e-03
7.480000000000000000e+02 1.546167304994338883e+04 -9.604413599576927751e+00 -2.438050193726185727e-02 2.392475417336184518e-03
7.490000000000000000e+02 1.548234373583903471e+04 -1.011206408741579388e+01 -2.445546405032383158e-02 -1.387488929072894228e-03
7.500000000000000000e+02 1.550301442173468058e+04 -1.061543603120996160e+01 -2.397848649217703201e-02 -5.007154732399834995e-03
7.510000000000000000e+02 1.552368510763032646e+04 -1.110336761248137805e+01 -2.297940334206296717e-02 -8.387145741575216529e-03
7.520000000000000000e+02 1.554435579352597233e+04 -1.156543608831626457e+01 -2.149932760350773547e-02 -1.145562626812782203e-02
7.530000000000000000e+02 1.556502647942161821e+04 -1.199217930820079658e+01 -1.958944999923062369e-02 -1.414932412792542504e-02
7.540000000000000000e+02 1.558569716531726408e+04 -1.237529082392139834e+01 -1.730961570422620555e-02 -1.641548479180850173e-02
7.550000000000000000e+02 1.560636785121290995e+04 -1.270778256659361283e+01 -1.472670614560535329e-02 -1.821253062544690715e-02
7.560000000000000000e+02 1.562703853710855583e+04 -1.298411305794798665e+01 -1.191288328233921535e-02 -1.951124532535805645e-02
7.570000000000000000e+02 1.564770922300420170e+04 -1.320027750347507478e+01 -8.943682649796381307e-03 -2.029561703164885211e-02
7.580000000000000000e+02 1.566837990889984758e+04 -1.335385716755655316e+01 -5.895992245498910336e-03 -2.056352569551073151e-02
7.590000000000000000e+02 1.568905059479549345e+04 -1.344402591097482436e+01 -2.845957213115071251e-03 -2.032705050451340256e-02
7.600000000000000000e+02 1.570972128069113933e+04 -1.347151294280605427e+01 1.331139578614371106e-04 -1.961214213712043908e-02
7.610000000000000000e+02 1.573039196658678520e+04 -1.343852279735226318e+01 2.972732545830892269e-03 -1.845746657803525037e-02
7.620000000000000000e+02 1.575106265248243108e+04 -1.334861610139278199e+01 5.610981277073727805e-03 -1.691245856514776713e-02
7.630000000000000000e+02 1.577173333837807695e+04 -1.320655713426277522e+01 7.993938530837107689e-03 -1.503487782011808660e-02
7.640000000000000000e+02 1.579240402427372283e+04 -1.301813571651270429e+01 1.007671883440522387e-02 -1.288810857404064369e-02
7.650000000000000000e+02 1.581307471016936870e+04 -1.278997175449330648e+01 1.182413180237695642e-02 -1.053874467882597032e-02
7.660000000000000000e+02 1.583374539606501457e+04 -1.252930988756138930e+01 1.321100826913104882e-02 -8.054542690566976471e-03
7.670000000000000000e+02 1.585441608196066045e+04 -1.224381054990131545e+01 1.422225528306942342e-02 -5.502833746573607132e-03
7.680000000000000000e+02 1.587508676785630632e+04 -1.194134234419333751e+01 1.485269811471410031e-02 -2.949256269906372352e-03
7.690000000000000000e+02 1.589575745375195220e+04 -1.162977963503708523e+01 1.510673398870945872e-02 -4.564991240007393314e-04
7.700000000000000000e+02 1.591642813964759807e+04 -1.131680923781394021e+01 1.499786006140244390e-02 1.916127480224516511e-03
7.710000000000000000e+02 1.593709882554324395e+04 -1.100974752616486541e+01 1.454795533164599843e-02 4.115561808432158242e-03
7.720000000000000000e+02 1.595776951143888982e+04 -1.071537680764524225e+01 1.378642267571450822e-02 6.093996037805235466e-03
7.730000000000000000e+02 1.597844019733453570e+04 -1.043979790065624158e+01 1.274914107952205417e-02 7.812415429488489549e-03
7.740000000000000000e+02 1.599911088323018157e+04 -1.018830982625707549e+01 1.147719701673138512e-02 9.240020057149148092e-03
7.750000000000000000e+02 1.601978156912582745e+04 -9.965314831665631701e+00 1.001556290920823863e-02 1.035551252383794252e-02
7.760000000000000000e+02 1.604045225502147332e+04 -9.774252716328415858e+00 8.411691709168700112e-03 1.114693476739285483e-02
7.770000000000000000e+02 1.606112294091711919e+04 -9.617563957323154611e+00 6.714165320262638695e-03 1.161110945836922592e-02
7.780000000000000000e+02 1.608179362681276507e+04 -9.496679911555233389e+00 4.971478794331531635e-03 1.175237831299794089e-02
7.790000000000000000e+02 1.610246431270841094e+04 -9.412036204134166084e+00 3.230955548835480300e-03 1.158210723953158328e-02
7.800000000000000000e+02 1.612313499860405682e+04 -9.363107776969686213e+00 1.537796002601565576e-03 1.111739250685796210e-02
7.810000000000000000e+02 1.614380568449970269e+04 -9.348461607851451305e+00 -6.577707174281518382e-05 1.038105793472172966e-02
7.820000000000000000e+02 1.616447637039534857e+04 -9.365827091347949107e+00 -1.541376401230441350e-03 9.401700683614330756e-03
7.830000000000000000e+02 1.618514705629099444e+04 -9.412184222725045402e+00 -2.855322228983536541e-03 8.213835342032280162e-03
7.840000000000000000e+02 1.620581774218664032e+04 -9.483870029200300422e+00 -3.979514321789206360e-03 6.857749720519154546e-03
7.850000000000000000e+02 1.622648842808228619e+04 -9.576702803850906776e+00 -4.892244858363404246e-03 5.378856469117315742e-03
7.860000000000000000e+02 1.624715911397793207e+04 -9.686122142783942124e+00 -5.578876808479440487e-03 3.826538150775549152e-03
7.870000000000000000e+02 1.626782979987357794e+04 -9.807341224168075300e+00 -6.032325913880609916e-03 2.252669137131388388e-03
7.880000000000000000e+02 1.628850048576922381e+04 -9.935506771155930394e+00 -6.253315097305330202e-03 7.100427492127553419e-04
7.890000000000000000e+02 1.630917117166486969e+04 -1.006586184853387955e+01 -6.250397209334623838e-03 -7.491616836323572448e-04
7.900000000000000000e+02 1.632984185756051556e+04 -1.019390676603029178e+01 -6.039754960190370399e-03 -2.074833073190354704e-03
7.910000000000000000e+02 1.635051254345616144e+04 -1.031555360387141462e+01 -5.644770975770756205e-03 -3.220556173560693014e-03
7.920000000000000000e+02 1.637118322935180731e+04 -1.042726934161632890e+01 -5.095323812614396472e-03 -4.145657936895724704e-03
7.930000000000000000e+02 1.639185391524745501e+04 -1.052620128000573274e+01 -4.426770872920685398e-03 -4.817358760958220798e-03
7.940000000000000000e+02 1.641252460114310088e+04 -1.061027812210860866e+01 -3.678523502675015277e-03 -5.214088676412653722e-03
7.950000000000000000e+02 1.643319528703874676e+04 -1.067827648777283045e+01 -2.892222908203576429e-03 -5.327522824104813370e-03
7.960000000000000000e+02 1.645386597293439263e+04 -1.072984658465994734e+01 -2.109643172632030220e-03 -5.164204638111402623e-03
7.970000000000000000e+02 1.647453665883003850e+04 -1.076549203051957271e+01 -1.370472712018790899e-03 -4.745552372413600062e-03
7.980000000000000000e+02 1.649520734472568438e+04 -1.078650380657733621e+01 -7.102431743431383924e-04 -4.105875867980279814e-03
7.990000000000000000e+02 1.651587803062133025e+04 -1.079485445765232043e+01 -1.586499939540240859e-04 -3.289109020598618427e-03
8.000000000000000000e+02 1.653654871651697613e+04 -1.079306261496207675e+01 2.615795991070654549e-04 -2.344737808740726681e-03
8.010000000000000000e+02 1.655721940241262200e+04 -1.078404039819261762e+01 5.352369147953121159e-04 -1.324074254410709250e-03
8.020000000000000000e+02 1.657789008830826788e+04 -1.077093518667109784e+01 6.546807183506768348e-04 -2.772601234059396402e-04
8.030000000000000000e+02 1.659856077420391375e+04 -1.075697499921069067e+01 6.195156358636150782e-04 7.487040477380108028e-04
8.040000000000000000e+02 1.661923146009955963e+04 -1.074532356043834014e+01 4.360379361214568403e-04 1.711106670058262780e-03
8.050000000000000000e+02 1.663990214599520550e+04 -1.073894859277838520e+01 1.165447616982331338e-04 2.572208064176018105e-03
8.060000000000000000e+02 1.666057283189085138e+04 -1.074050544011464581e+01 -3.214400970936990599e-04 3.299676374112117672e-03
8.070000000000000000e+02 1.668124351778649725e+04 -1.075223736734096391e+01 -8.560035416912244654e-04 3.866997789619797121e-03
8.080000000000000000e+02 1.670191420368214312e+04 -1.077589380078636516e+01 -1.461741069888070500e-03 4.253878295724225489e-03
8.090000000000000000e+02 1.672258488957778900e+04 -1.081266774837380851e+01 -2.110705914025264376e-03 4.446528790940720843e-03
8.100000000000000000e+02 1.674325557547343487e+04 -1.086315327872016390e+01 -2.773390264432002046e-03 4.437810122927876577e-03
8.110000000000000000e+02 1.676392626136908075e+04 -1.092732350641804295e+01 -3.419709042860031006e-03 4.227122239557817851e-03
8.120000000000000000e+02 1.678459694726472662e+04 -1.100452874167908490e+01 -4.019941778834325991e-03 3.819953340725906754e-03
8.130000000000000000e+02 1.680526763316037250e+04 -1.109351341407618285e+01 -4.545582639752824769e-03 3.227099381299752823e-03
8.140000000000000000e+02 1.682593831905601837e+04 -1.119244936359715226e+01 -4.970063770652582806e-03 2.463746082518716851e-03
8.150000000000000000e+02 1.684660900495166425e+04 -1.129898266824516639e+01 -5.269351464644396986e-03 1.548682013212634989e-03
8.160000000000000000e+02 1.686727969084731012e+04 -1.141029158159600954e+01 -5.422410178520485624e-03 5.033137626969524936e-04
8.170000000000000000e+02 1.688795037674295600e+04 -1.152315254344027196e+01 -5.411608860240264482e-03 -6.481226332537282087e-04
8.180000000000000000e+02 1.690862106263860187e+04 -1.163401491547625710e+01 -5.223120310446785833e-03 -1.878866508290111259e-03
8.190000000000000000e+02 1.692929174853424774e+04 -1.173908350210510498e+01 -4.847311771018318616e-03 -3.159445365166962949e-03
8.200000000000000000e+02 1.694996243442989362e+04 -1.183440943359023478e+01 -4.279148399570808711e-03 -4.457689319374347203e-03
8.210000000000000000e+02 1.697063312032553949e+04 -1.191598936704187750e+01 -3.518580028670321644e-03 -5.738940750585036499e-03
8.220000000000000000e+02 1.699130380622118537e+04 -1.197987235873291212e+01 -2.570879993104177759e-03 -6.966487255202588602e-03
8.230000000000000000e+02 1.701197449211683124e+04 -1.202227307266759304e+01 -1.446906100541173234e-03 -8.102172485654229872e-03
8.240000000000000000e+02 1.703264517801247712e+04 -1.203968944178247469e+01 -1.632626536091981873e-04 -9.107111874404216767e-03
8.250000000000000000e+02 1.705331586390812299e+04 -1.202902257473008341e+01 1.257646508675648979e-03 -9.942437969064285563e-03
8.260000000000000000e+02 1.707398654980376887e+04 -1.198769660988529218e+01 2.787656732419629621e-03 -1.056978532560436113e-02
8.270000000000000000e+02 1.709465723569941474e+04 -1.191377702132862204e+01 4.392985657593384552e-03 -1.095220509219596572e-02
8.280000000000000000e+02 1.711532792159506062e+04 -1.180608455654090605e+01 6.034488985077701879e-03 -1.105476078931706685e-02
8.290000000000000000e+02 1.713599860749070649e+04 -1.166430296862606220e+01 7.668075519858257895e-03 -1.084606788004076339e-02
8.300000000000000000e+02 1.715666929338635236e+04 -1.148907579555073433e+01 9.245404362866213241e-03 -1.030053685161132215e-02
8.310000000000000000e+02 1.717733997928199824e+04 -1.128208526949996937e+01 1.071498074096108657e-02 -9.401474512919616444e-03
8.320000000000000000e+02 1.719801066517764411e+04 -1.104610379300211953e+01 1.202374115955170963e-02 -8.144542846142799331e-03
8.330000000000000000e+02 1.721868135107328999e+04 -1.078500731590067119e+01 1.311912209818064980e-02 -6.540782818478557692e-03
8.340000000000000000e+02 1.723935203696893586e+04 -1.050374128876586788e+01 1.395147064869116209e-02 -4.618174855207102247e-03
8.350000000000000000e+02 1.726002272286458174e+04 -1.020823438077782086e+01 1.447655529431654368e-02 -2.421420915149033459e-03
8.360000000000000000e+02 1.728069340876022761e+04 -9.905260634086319627e+00 1.465787689306645089e-02 -9.483835672272067363e-06
8.370000000000000000e+02 1.730136409465587349e+04 -9.602257642470561905e+00 1.446852802546636993e-02 2.548006907303349000e-03
8.380000000000000000e+02 1.732203478055151936e+04 -9.307111837712774616e+00 1.389249472110193166e-02 5.174636759335535241e-03
8.390000000000000000e+02 1.734270546644716524e+04 -9.027922853096914224e+00 1.292537569097154844e-02 7.791133789578977287e-03
8.400000000000000000e+02 1.736337615234281111e+04 -8.772759075730181877e+00 1.157457958566611607e-02 1.031843888359694483e-02
8.410000000000000000e+02 1.738404683823845698e+04 -8.549413855117983019e+00 9.859114251729146627e-03 1.268010546460507371e-02
8.420000000000000000e+02 1.740471752413410286e+04 -8.365169767916613708e+00 7.809041896760259005e-03 1.480437879749851166e-02
8.430000000000000000e+02 1.742538821002974873e+04 -8.226577350730234883e+00 5.464648219137595991e-03 1.662595144456414237e-02
8.440000000000000000e+02 1.744605889592539461e+04 -8.139253714180620491e+00 2.875345606537360339e-03 1.808777304098696526e-02
8.450000000000000000e+02 1.746672958182104048e+04 -8.107706618981914914e+00 9.832327300985516105e-05 1.914263321094516329e-02
8.460000000000000000e+02 1.748740026771668636e+04 -8.135188895195383907e+00 -2.803012557035012425e-03 1.975439340700344687e-02
8.470000000000000000e+02 1.750807095361233223e+04 -8.223587003237961213e+00 -5.760737595696239013e-03 1.989862034135662233e-02
8.480000000000000000e+02 1.752874163950797811e+04 -8.373345689931140257e+00 -8.704152014875357612e-03 1.956253676595192531e-02
8.490000000000000000e+02 1.754941232540362398e+04 -8.583428587812854005e+00 -1.156147508243422599e-02 1.874442868905957377e-02
8.500000000000000000e+02 1.757008301129926986e+04 -8.851312929769822091e+00 -1.426143399400516681e-02 1.745281968294923325e-02
8.510000000000000000e+02 1.759075369719491573e+04 -9.173015832836004080e+00 -1.673473941847211308e-02 1.570577779258661155e-02
8.520000000000000000e+02 1.761142438309056161e+04 -9.543150013899280637e+00 -1.891548593131447270e-02 1.353060162913519160e-02
8.530000000000000000e+02 1.763209506898620748e+04 -9.955007969335444074e+00 -2.074252885757632905e-02 1.096381800991882982e-02
8.540000000000000000e+02 1.765276575488185335e+04 -1.040067461129196325e+01 -2.216087350512847484e-02 8.051350430064052599e-03
8.550000000000000000e+02 1.767343644077749923e+04 -1.087116888013077087e+01 -2.312307574492152365e-02 4.848502715340763380e-03
8.560000000000000000e+02 1.769410712667314510e+04 -1.135661428262099015e+01 -2.359059378127945777e-02 1.419320994093267729e-03
8.570000000000000000e+02 1.771477781256879098e+04 -1.184643638842000612e+01 -2.353506209674068386e-02 -2.163811648803457000e-03
8.580000000000000000e+02 1.773544849846443685e+04 -1.232958603489351113e+01 -2.293933515866126982e-02 -5.822856536087647750e-03
8.590000000000000000e+02 1.775611918436008273e+04 -1.279477997185929716e+01 -2.179823875676957859e-02 -9.475357706604875530e-03
8.600000000000000000e+02 1.777678987025572860e+04 -1.323075512773248974e+01 -2.011911049365757917e-02 -1.303603034743062994e-02
8.610000000000000000e+02 1.779746055615137448e+04 -1.362653159888769494e+01 -1.792200410318041739e-02 -1.641967928392684684e-02
8.620000000000000000e+02 1.781813124204702035e+04 -1.397167536260714726e+01 -1.523961396586418805e-02 -1.954203169432233711e-02
8.630000000000000000e+02 1.783880192794266623e+04 -1.425655814580626490e+01 -1.211699525566474478e-02 -2.232164428228937403e-02
8.640000000000000000e+02 1.785947261383831210e+04 -1.447260856846491350e+01 -8.611039589499094524e-03 -2.468127397901516418e-02
8.650000000000000000e+02 1.788014329973395797e+04 -1.461255033498528810e+01 -4.789732139585485202e-03 -2.654943708015800041e-02
8.660000000000000000e+02 1.790081398562960385e+04 -1.467062266562822259e+01 -7.311531621813855200e-04 -2.786227661404491740e-02
8.670000000000000000e+02 1.792148467152524972e+04 -1.464277720969940866e+01 3.477831971988214546e-03 -2.856587110431595133e-02
8.680000000000000000e+02 1.794215535742089560e+04 -1.452684432104661205e+01 7.743245107891667985e-03 -2.861878382796692599e-02
8.690000000000000000e+02 1.796282604331654147e+04 -1.432266083482294938e+01 1.196607234101975878e-02 -2.799493926779805797e-02
8.700000000000000000e+02 1.798349672921218735e+04 -1.403215047551500838e+01 1.604470860970586693e-02 -2.668567435339751215e-02
8.710000000000000000e+02 1.800416741510783322e+04 -1.365935057090614180e+01 1.987766685760909008e-02 -2.470123420446898588e-02
8.720000000000000000e+02 1.802483810100347910e+04 -1.321038045961113205e+01 2.336641580210615382e-02 -2.207100055449164044e-02
8.730000000000000000e+02 1.804550878689912497e+04 -1.269335088780133169e+01 2.641817380310257368e-02 -1.884267478327845968e-02
8.740000000000000000e+02 1.806617947279477085e+04 -1.211821691437007686e+01 2.894852233158753257e-02 -1.508067633172999189e-02
8.750000000000000000e+02 1.808685015869041672e+04 -1.149657926328263002e+01 3.088374591117641274e-02 -1.086407722194129843e-02
8.760000000000000000e+02 1.810752084458606259e+04 -1.084144049234831364e+01 3.216284556004804507e-02 -6.284290289998606394e-03
8.770000000000000000e+02 1.812819153048170847e+04 -1.016692310711875180e+01 3.273922386056731665e-02 -1.442978599435429388e-03
8.780000000000000000e+02 1.814886221637735434e+04 -9.487956066570234270e+00 3.258199998112220469e-02 3.550815052018416185e-03
8.790000000000000000e+02 1.816953290227300022e+04 -8.819938532195282122e+00 3.167695128772428370e-02 8.582803797990479211e-03
8.800000000000000000e+02 1.819020358816864609e+04 -8.178387446169752550e+00 3.002708798923827208e-02 1.353624080643726912e-02
8.810000000000000000e+02 1.821087427406429197e+04 -7.578577523822319861e+00 2.765281403164930943e-02 1.829468216714070367e-02
8.820000000000000000e+02 1.823154495995993784e+04 -7.035182180211860370e+00 2.459168813478213034e-02 2.274458473133933456e-02
8.830000000000000000e+02 1.825221564585558372e+04 -6.561923401666768463e+00 2.089781314167767773e-02 2.677769133276478725e-02
8.840000000000000000e+02 1.827288633175122959e+04 -6.171237917496799064e+00 1.664089518543826127e-02 3.029307218919099348e-02
8.850000000000000000e+02 1.829355701764687547e+04 -5.873965966865631216e+00 1.190501965360638362e-02 3.319888028089149762e-02
8.860000000000000000e+02 1.831422770354252134e+04 -5.679068073814409701e+00 6.787172464662197778e-03 3.541401046877293984e-02
8.870000000000000000e+02 1.833489838943816721e+04 -5.593374946592406083e+00 1.395502277754628179e-03 3.686991357875812891e-02
8.880000000000000000e+02 1.835556907533381309e+04 -5.621376095314159826e+00 -4.152711928088549491e-03 3.751273230867963049e-02
8.890000000000000000e+02 1.837623976122945896e+04 -5.765053754353651527e+00 -9.733427516816293978e-03 3.730564636849229704e-02
8.900000000000000000e+02 1.839691044712510484e+04 -6.023769341090462248e+00 -1.521854649763630836e-02 3.623110756056659165e-02
8.910000000000000000e+02 1.841758113302075071e+04 -6.394209343235511156e+00 -2.047892592950457946e-02 3.429265486052662099e-02
8.920000000000000000e+02 1.843825181891639659e+04 -6.870396231828458156e+00 -2.538759205631872795e-02 3.151583067089840096e-02
8.930000000000000000e+02 1.845892250481204246e+04 -7.443767225321455960e+00 -2.982301880293241128e-02 2.794812742674989553e-02
8.940000000000000000e+02 1.847959319070768834e+04 -8.103320740099203334e+00 -3.367232665068777692e-02 2.365797355071037195e-02
8.950000000000000000e+02 1.850026387660333421e+04 -8.835827400465396053e+00 -3.683427422017293562e-02 1.873296840822859244e-02
8.960000000000000000e+02 1.852093456249898009e+04 -9.626100165297803102e+00 -3.922195675472760906e-02 1.327771789014038639e-02
8.970000000000000000e+02 1.854160524839462596e+04 -1.045731689704459733e+01 -4.076510921135616944e-02 7.410697962810283701e-03
8.980000000000000000e+02 1.856227593429027183e+04 -1.131138570131713372e+01 -4.141207782187990988e-02 1.262946433650394273e-03
8.990000000000000000e+02 1.858294662018591771e+04 -1.216934900292888599e+01 -4.113134222013360708e-02 -5.026654192211668648e-03
9.000000000000000000e+02 1.860361730608156358e+04 -1.301181181231457629e+01 -3.991258728792820842e-02 -1.131269630552664274e-02
9.010000000000000000e+02 1.862428799197720946e+04 -1.381939011315155419e+01 -3.776738117723334870e-02 -1.744720743419096720e-02
9.020000000000000000e+02 1.864495867787285533e+04 -1.457316715914605432e+01 -3.472929417057672025e-02 -2.328318645603970338e-02
9.030000000000000000e+02 1.866562936376850121e+04 -1.525514677550654419e+01 -3.085347368222113654e-02 -2.867835868491915019e-02
9.040000000000000000e+02 1.868630004966414708e+04 -1.584869208569562637e+01 -2.621562295421605779e-02 -3.349941520432281328e-02
9.050000000000000000e+02 1.870697073555979296e+04 -1.633893659079713956e+01 -2.091038495073666362e-02 -3.762574779781725776e-02
9.060000000000000000e+02 1.872764142145543883e+04 -1.671315608424308508e+01 -1.504914316562847368e-02 -4.095353122554910852e-02
9.070000000000000000e+02 1.874831210735108471e+04 -1.696108881354778219e+01 -8.757359833192816106e-03 -4.339784279389025112e-02
9.080000000000000000e+02 1.876898279324673058e+04 -1.707519735301724495e+01 -2.171610551506320680e-03 -4.489461285917838163e-02
9.090000000000000000e+02 1.878965347914237645e+04 -1.705086617274350047e+01 4.563581372093848502e-03 -4.540135936724841448e-02
9.100000000000000000e+02 1.881032416503802233e+04 -1.688653263881369426e+01 1.129898037630810634e-02 -4.489738910454606213e-02
9.110000000000000000e+02 1.883099485093366820e+04 -1.658375082414402257e+01 1.788388003596516271e-02 -4.338367601235919302e-02
9.120000000000000000e+02 1.885166553682931408e+04 -1.614718850517597915e+01 2.416931524944434390e-02 -4.088259136431689200e-02
9.130000000000000000e+02 1.887233622272495995e+04 -1.558455817647578279e+01 3.001122295288696437e-02 -3.743748350853662310e-02
9.140000000000000000e+02 1.889300690862060583e+04 -1.490648337916930011e+01 3.527351871968701508e-02 -3.311197043370982251e-02
9.150000000000000000e+02 1.891367759451625170e+04 -1.412630252469807601e+01 3.983103674652571646e-02 -2.798881568210641324e-02
9.160000000000000000e+02 1.893434828041189758e+04 -1.325981368019853512e+01 4.357226321378494110e-02 -2.216828229110733017e-02
9.170000000000000000e+02 1.895501896630754345e+04 -1.232496539138892189e+01 4.640179599222672702e-02 -1.576611008762882071e-02
9.180000000000000000e+02 1.897568965220318933e+04 -1.134149978030016825e+01 4.824248591190908458e-02 -8.911269228424778532e-03
9.190000000000000000e+02 1.899636033809883520e+04 -1.033055484516848210e+01 4.903726077523634652e-02 -1.743953339739229280e-03
9.200000000000000000e+02 1.901703102399448107e+04 -9.314232150964542711e+00 4.875064018417842038e-02 5.586558750730177825e-03
9.210000000000000000e+02 1.903770170989012695e+04 -8.315136504250823180e+00 4.737002091984017504e-02 1.292284085689361650e-02
9.220000000000000000e+02 1.905837239578577282e+04 -7.355890504356112913e+00 4.490670000805702805e-02 2.010189832771041435e-02
9.230000000000000000e+02 1.907904308168141870e+04 -6.458631923297685873e+00 4.139655847272560169e-02 2.695713817494844317e-02
9.240000000000000000e+02 1.909971376757706457e+04 -5.644499989655171746e+00 3.690031317082197171e-02 3.332218949814871878e-02
9.250000000000000000e+02 1.912038445347271045e+04 -4.933122357287596849e+00 3.150311145464539109e-02 3.903589350712395600e-02
9.260000000000000000e+02 1.914105513936835632e+04 -4.342118146426141578e+00 2.531333601220037491e-02 4.394790231915416540e-02
9.270000000000000000e+02 1.916172582526400220e+04 -3.886634321929300029e+00 1.846056095776714076e-02 4.792445900448537299e-02
9.280000000000000000e+02 1.918239651115964807e+04 -3.578933232395265840e+00 1.109269459888045581e-02 5.085352143863748620e-02
9.290000000000000000e+02 1.920306719705529395e+04 -3.428047110349717208e+00 3.372447936521538910e-03 5.264867807001431116e-02
9.300000000000000000e+02 1.922373788295093982e+04 -3.439511608404750564e+00 -4.526681129927515208e-03 5.325172490109881390e-02
9.310000000000000000e+02 1.924440856884658569e+04 -3.615186317922680193e+00 -1.242471804281753897e-02 5.263403601251220171e-02
9.320000000000000000e+02 1.926507925474223157e+04 -3.953166496414854514e+00 -2.013965774917694795e-02 5.079701530066511178e-02
9.330000000000000000e+02 1.928574994063787744e+04 -4.447787396680795702e+00 -2.749193060570410962e-02 4.777190941369155452e-02
9.340000000000000000e+02 1.930642062653352332e+04 -5.089720620845689325e+00 -3.430876245260569557e-02 4.361857598037957584e-02
9.350000000000000000e+02 1.932709131242916919e+04 -5.866158700933113757e+00 -4.042840202941545835e-02 3.842493688925602280e-02
9.360000000000000000e+02 1.934776199832481507e+04 -6.761086220071609532e+00 -4.570409183784558682e-02 3.230408550846258775e-02
9.370000000000000000e+02 1.936843268422046094e+04 -7.755628553984878160e+00 -5.000765286581506514e-02 2.539200266010571694e-02
9.380000000000000000e+02 1.938910337011610682e+04 -8.828471189607178360e+00 -5.323263319226351903e-02 1.784399377340131765e-02
9.390000000000000000e+02 1.940977405601175269e+04 -9.956338634215757821e+00 -5.529687958587847091e-02 9.830516046168052968e-03
9.400000000000000000e+02 1.943044474190739857e+04 -1.111452004746533007e+01 -5.614444752160308028e-02 1.532481720240175260e-03
9.410000000000000000e+02 1.945111542780304444e+04 -1.227742711322308011e+01 -5.574681228550151108e-02 -6.863415217393364909e-03
9.420000000000000000e+02 1.947178611369869031e+04 -1.341916974033965815e+01 -5.410336527173697369e-02 -1.516960887365055577e-02
9.430000000000000000e+02 1.949245679959433619e+04 -1.451413445208207698e+01 -5.124124433774508020e-02 -2.320167962057002875e-02
9.440000000000000000e+02 1.951312748548998206e+04 -1.553755307355485371e+01 -4.721460976319708652e-02 -3.078176848806321586e-02
9.450000000000000000e+02 1.953379817138562794e+04 -1.646605118828320968e+01 -4.210340643741486422e-02 -3.774205069684793967e-02
9.460000000000000000e+02 1.955446885728127381e+04 -1.727816565276393135e+01 -3.601166326974740428e-02 -4.392746638859867936e-02
9.470000000000000000e+02 1.957513954317691969e+04 -1.795482274834067837e+01 -2.906537755181706414e-02 -4.919855427686643801e-02
9.480000000000000000e+02 1.959581022907256556e+04 -1.847976823238789379e+01 -2.140998438372491292e-02 -5.343418087449226805e-02
9.490000000000000000e+02 1.961648091496821144e+04 -1.883994087279402052e+01 -1.320742463007243579e-02 -5.653419361326925130e-02
9.500000000000000000e+02 1.963715160086385731e+04 -1.902578128442519656e+01 -4.632881264840314761e-03 -5.842121349967797916e-02
9.510000000000000000e+02 1.965782228675950319e+04 -1.903147053962869961e+01 4.128814493038803976e-03 -5.904326944069267225e-02
9.520000000000000000e+02 1.967849297265514906e+04 -1.885509042941119873e+01 1.288698899644313660e-02 -5.837400547652672744e-02
9.530000000000000000e+02 1.969916365855079493e+04 -1.849870473625644252e+01 2.144901765629943918e-02 -5.641362208360969910e-02
9.540000000000000000e+02 1.971983434444644081e+04 -1.796835861592412087e+01 2.962426977134548917e-02 -5.318865002649941776e-02
9.550000000000000000e+02 1.974050503034208668e+04 -1.727399678559369534e+01 3.722801339843227059e-02 -4.875164078577716442e-02
9.560000000000000000e+02 1.976117571623773256e+04 -1.642930147296830512e+01 4.408527091935324910e-02 -4.318081513859163556e-02
9.570000000000000000e+02 1.978184640213337843e+04 -1.545145120999684529e+01 5.003463296634408364e-02 -3.657985630978638492e-02
9.580000000000000000e+02 1.980251708802902431e+04 -1.436080110906580032e+01 5.493204111248781163e-02 -2.907769806459473139e-02
9.590000000000000000e+02 1.982318777392467018e+04 -1.318048527511090562e+01 5.865450978142720817e-02 -2.082792175397563117e-02
9.600000000000000000e+02 1.984385845982031606e+04 -1.193594321295579697e+01 6.110363966596135676e-02 -1.200656411388920097e-02
9.610000000000000000e+02 1.986452914571596193e+04 -1.065437698987921067e+01 6.220879469613574408e-02 -2.809798811249403228e-03
9.620000000000000000e+02 1.988519983161160781e+04 -9.364146302734646099e+00 6.192964550012382274e-02 6.552238274897037584e-03
9.630000000000000000e+02 1.990587051750725368e+04 -8.094120490355628306e+00 6.025784501610136068e-02 1.586090923237216260e-02
9.640000000000000000e+02 1.992654120340289955e+04 -6.873004328581899358e+00 5.721776681388159036e-02 2.489617980497622896e-02
9.650000000000000000e+02 1.994721188929854543e+04 -5.728659519435455039e+00 5.286622501692991860e-02 3.344316697189358978e-02
9.660000000000000000e+02 1.996788257519419130e+04 -4.687442064954854715e+00 4.729125420572806437e-02 4.129819381509659132e-02
9.670000000000000000e+02 1.998855326108983718e+04 -3.773574196839911465e+00 4.061005276297637023e-02 4.827395004615733093e-02
9.680000000000000000e+02 2.000922394698548305e+04 -3.008566775216631406e+00 3.296621374421764006e-02 5.420388333563862238e-02
9.690000000000000000e+02 2.002989463288112893e+04 -2.410705697888983590e+00 2.452634384097810566e-02 5.894601157785532564e-02
9.700000000000000000e+02 2.005056531877677480e+04 -1.994614075805671183e+00 1.547616349942782660e-02 6.238606656253442573e-02
9.710000000000000000e+02 2.007123600467242068e+04 -1.770899868756302675e+00 6.016153269431940079e-03 6.444043380730582471e-02
9.720000000000000000e+02 2.009190669056806655e+04 -1.745898046740683496e+00 -3.643146798536599576e-03 6.505786417108257169e-02
9.730000000000000000e+02 2.011257737646371243e+04 -1.921512555044862181e+00 -1.328605478509133769e-02 6.422067185473437356e-02
9.740000000000000000e+02 2.013324806235935830e+04 -2.295161777250629420e+00 -2.269674836207601770e-02 6.194466025425843236e-02
9.750000000000000000e+02 2.015391874825500418e+04 -2.859827267534862827e+00 -3.166417436750250392e-02 5.827796424011606052e-02
9.760000000000000000e+02 2.017458943415065005e+04 -3.604202182241873942e+00 -3.998671701458995920e-02 5.329897198369467487e-02
9.770000000000000000e+02 2.019526012004629592e+04 -4.512933002348240130e+00 -4.747652267478211230e-02 4.711379895818252478e-02
9.780000000000000000e+02 2.021593080594194180e+04 -5.566946757497784226e+00 -5.396338380464865692e-02 3.985290355948269830e-02
9.790000000000000000e+02 2.023660149183758767e+04 -6.743853315332448695e+00 -5.929825461375463208e-02 3.166953438659369374e-02
9.800000000000000000e+02 2.025727217773323355e+04 -8.018417948059758160e+00 -6.335637150234070536e-02 2.273598427121646670e-02
9.810000000000000000e+02 2.027794286362887942e+04 -9.363092624957984000e+00 -6.603993426067955586e-02 1.324144755901307535e-02
9.820000000000000000e+02 2.029861354952452530e+04 -1.074859942340304642e+01 -6.728039186149178952e-02 3.388861768702261523e-03
9.830000000000000000e+02 2.031928423542017117e+04 -1.214455631916778522e+01 -6.704019830618605791e-02 -6.609038839359426820e-03
9.840000000000000000e+02 2.033995492131581705e+04 -1.352013318654108076e+01 -6.531399678879282189e-02 -1.653344114336964543e-02
9.850000000000000000e+02 2.036062560721146292e+04 -1.484472654358857291e+01 -6.212912435292179680e-02 -2.616484515288801382e-02
9.860000000000000000e+02 2.038129629310710880e+04 -1.608863641548268575e+01 -5.754532433654225426e-02 -3.528829288170864942e-02
9.870000000000000000e+02 2.040196697900275467e+04 -1.722372919183609596e+01 -5.165377471906682644e-02 -4.369731089390208045e-02
9.880000000000000000e+02 2.042263766489840054e+04 -1.822407432056730769e+01 -4.457540460036998886e-02 -5.119951148270125707e-02
9.890000000000000000e+02 2.044330835079404642e+04 -1.906653756616729467e+01 -3.645852417514011679e-02 -5.762019517979487249e-02
9.900000000000000000e+02 2.046397903668969229e+04 -1.973131972345361262e+01 -2.747589461395062715e-02 -6.280625718830495918e-02
9.910000000000000000e+02 2.048464972258533817e+04 -2.020242874070100925e+01 -1.782125602469046902e-02 -6.662954624549426164e-02
9.920000000000000000e+02 2.050532040848098404e+04 -2.046807489455816054e+01 -7.705366389887821632e-03 -6.899006190688708462e-02
9.930000000000000000e+02 2.052599109437662992e+04 -2.052097915741349610e+01 2.648428783466784051e-03 -6.981904880834299831e-02
9.940000000000000000e+02 2.054666178027227579e+04 -2.035858521555810086e+01 1.300907396583715972e-02 -6.908189718505805543e-02
9.950000000000000000e+02 2.056733246616792167e+04 -1.998316619393139604e+01 2.314307525963332432e-02 -6.678052659544558844e-02
9.960000000000000000e+02 2.058800315206356754e+04 -1.940181873685573066e+01 3.282005594124053072e-02 -6.295480816172692451e-02
9.970000000000000000e+02 2.060867383795921342e+04 -1.862634005905354329e+01 4.181840518986173344e-02 -5.768239164695714016e-02
9.980000000000000000e+02 2.062934452385485929e+04 -1.767298850018272915e+01 4.993080666522547312e-02 -5.107726756072208940e-02
9.990000000000000000e+02 2.065001520975050516e+04 -1.656213201686729874e+01 5.696939379798600378e-02 -4.328620054269392836e-02
1.000000000000000000e+03 2.067068589564615104e+04 -1.531779561045562055e+01 6.277032327096303266e-02 -3.448449590086138938e-02
1.001000000000000000e+03 2.069135658154179691e+04 -1.396712074506277723e+01 6.719765168344403461e-02 -2.487089113270740670e-02
1.002000000000000000e+03 2.071202726743744279e+04 -1.253975250870856861e+01 7.014645191699378501e-02 -1.466247139210725969e-02
1.003000000000000000e+03 2.073269795333308866e+04 -1.106717019652229439e+01 7.154513233205901657e-02 -4.089066699901403035e-03
1.004000000000000000e+03 2.075336863922873454e+04 -9.581978593111674769e+00 7.135696251987988514e-02 6.611782656196996122e-03
1.005000000000000000e+03 2.077403932512438041e+04 -8.117175479090596113e+00 6.958082094207608537e-02 1.720022335622358595e-02
1.006000000000000000e+03 2.079471001102002629e+04 -6.705412005001935682e+00 6.625113677076376051e-02 2.743949483830712688e-02
1.007000000000000000e+03 2.081538069691567216e+04 -5.378262602254661573e+00 6.143702621557878274e-02 3.710132269396788918e-02
1.008000000000000000e+03 2.083605138281131804e+04 -4.165521062472290481e+00 5.524063916039277655e-02 4.597111232881778004e-02
1.009000000000000000e+03 2.085672206870696391e+04 -3.094538800736215123e+00 4.779476497624102205e-02 5.385268722435845173e-02
1.010000000000000000e+03 2.087739275460260978e+04 -2.189619913912050464e+00 3.925980312962562557e-02 6.057206660561814671e-02
1.011000000000000000e+03 2.089806344049825566e+04 -1.471484683101401236e+00 2.982021338298015273e-02 6.598066466923938056e-02
1.012000000000000000e+03 2.091873412639390153e+04 -9.568113855505827603e-01 1.968057106272051368e-02 6.995738605325080295e-02
1.013000000000000000e+03 2.093940481228954741e+04 -6.578628777325139509e-01 9.061338656758132631e-03 7.241033342254440952e-02
1.014000000000000000e+03 2.096007549818519328e+04 -5.822032152147310624e-01 -1.805581936222990305e-03 7.327804059577250340e-02
1.015000000000000000e+03 2.098074618408083916e+04 -7.325081118575509365e-01 -1.268153272878982767e-02 7.253139762683735725e-02
1.016000000000000000e+03 2.100141686997648503e+04 -1.106475174639079295e+00 -2.332601342867399868e-02 7.017481543200458638e-02
1.017000000000000000e+03 2.102208755587213091e+04 -1.696837505421051162e+00 -3.350178829193424523e-02 6.624764956349558920e-02
1.018000000000000000e+03 2.104275824176777678e+04 -2.491485060089113190e+00 -4.298013918311342080e-02 6.082473657346255946e-02
1.019000000000000000e+03 2.106342892766342266e+04 -3.473695419031654907e+00 -5.154611810327259375e-02 5.401585051605939380e-02
1.020000000000000000e+03 2.108409961355906853e+04 -4.622472292994394216e+00 -5.900362448185256237e-02 4.596389712544705214e-02
1.021000000000000000e+03 2.110477029945471440e+04 -5.912986195769748043e+00 -6.518012420142627050e-02 3.684191649671993835e-02
1.022000000000000000e+03 2.112544098535036028e+04 -7.317108041008199670e+00 -6.993085744754035105e-02 2.684922729135202218e-02
1.023000000000000000e+03 2.114611167124600615e+04 -8.804023773192410474e+00 -7.314237854929395155e-02 1.620632680390816927e-02
1.024000000000000000e+03 2.116678235714165203e+04 -1.034091430631404052e+01 -7.473542170531245754e-02 5.150953315654654974e-03
1.025000000000000000e+03 2.118745304303729790e+04 -1.189368862789078740e+01 -7.466699112139871253e-02 -6.068374255488867552e-03
1.026000000000000000e+03 2.120812372893294378e+04 -1.342775014680094259e+01 -7.293160521550305642e-02 -1.719723707947758140e-02
1.027000000000000000e+03 2.122879441482858965e+04 -1.490878123444068670e+01 -6.956175231302118289e-02 -2.798100691731682244e-02
1.028000000000000000e+03 2.124946510072423553e+04 -1.630352841162737221e+01 -6.462746396169796737e-02 -3.817098533208941602e-02
1.029000000000000000e+03 2.127013578661988140e+04 -1.758056925000962067e+01 -5.823496799041018995e-02 -4.753060197656240604e-02
1.030000000000000000e+03 2.129080647251552728e+04 -1.871104187457295609e+01 -5.052438191615399310e-02 -5.584208196595419338e-02
1.031000000000000000e+03 2.131147715841117315e+04 -1.966931650733061332e+01 -4.166647015022231088e-02 -6.291232976774591146e-02
1.032000000000000000e+03 2.133214784430681902e+04 -2.043359090828409919e+01 -3.185858008572538258e-02 -6.857805371493803925e-02
1.033000000000000000e+03 2.135281853020246490e+04 -2.098639391139726129e+01 -2.131982998981863525e-02 -7.271067224204771917e-02
1.034000000000000000e+03 2.137348921609811077e+04 -2.131498192642034439e+01 -1.028579610744937561e-02 -7.521812151611116659e-02
1.035000000000000000e+03 2.139415990199375665e+04 -2.141162283244475617e+01 9.970668383219947334e-04 -7.604662204911347145e-02
1.036000000000000000e+03 2.141483058788940252e+04 -2.127376181555650447e+01 1.227713527741375842e-02 -7.518065670435959691e-02
1.037000000000000000e+03 2.143550127378504840e+04 -2.090406921840919807e+01 2.330327353242099900e-02 -7.264228359675185820e-02
1.038000000000000000e+03 2.145617195968069427e+04 -2.031037252049849684e+01 3.383036413992723812e-02 -6.849012835274473354e-02
1.039000000000000000e+03 2.147684264557634015e+04 -1.950547555666564747e+01 4.362460949883268518e-02 -6.281732612493062806e-02
1.040000000000000000e+03 2.149751333147198602e+04 -1.850687131995729118e+01 5.246856854431204698e-02 -5.575002717409721642e-02
1.041000000000000000e+03 2.151818401736763190e+04 -1.733635295711831148e+01 6.016582157980734924e-02 -4.744390615354392160e-02
1.042000000000000000e+03 2.153885470326327777e+04 -1.601953372089788630e+01 6.654516310486974229e-02 -3.808132485754496532e-02
1.043000000000000000e+03 2.155952538915892364e+04 -1.458528462828767047e+01 7.146425871183781364e-02 -2.786698446227349468e-02
1.044000000000000000e+03 2.158019607505456952e+04 -1.306510323170266474e+01 7.481260634354147676e-02 -1.702294713675431281e-02
1.045000000000000000e+03 2.160086676095021539e+04 -1.149242885476369302e+01 7.651381287027485267e-02 -5.784435196490661513e-03
1.046000000000000000e+03 2.162153744684586127e+04 -9.901917246663227701e+00 7.652716051943371511e-02 5.605488705966277241e-03
1.047000000000000000e+03 2.164220813274150714e+04 -8.328691059597840507e+00 7.484844792116154832e-02 1.690032669902542806e-02
1.048000000000000000e+03 2.166287881863715302e+04 -6.807579733153271917e+00 7.151018578371762247e-02 2.785439279025140463e-02
1.049000000000000000e+03 2.168354950453279889e+04 -5.372361882248748444e+00 6.658116641920390488e-02 3.822696030113100635e-02
1.050000000000000000e+03 2.170422019042844477e+04 -4.055022977919023219e+00 6.016538782993201273e-02 4.778676757466421288e-02
1.051000000000000000e+03 2.172489087632409064e+04 -2.885042215004205879e+00 5.240029648782078275e-02 5.631664627254696909e-02
1.052000000000000000e+03 2.174556156221973652e+04 -1.888722838842050056e+00 4.345425851578353649e-02 6.361923757793808143e-02
1.053000000000000000e+03 2.176623224811538239e+04 -1.088583557788247447e+00 3.352319799546444462e-02 6.952244199017196258e-02
1.054000000000000000e+03 2.178690293401102826e+04 -5.028278468784328492e-01 2.282643151921068259e-02 7.388474515589123215e-02
1.055000000000000000e+03 2.180757361990667414e+04 -1.449075656840740911e-01 1.160177371879521357e-02 7.659966575540032296e-02
1.056000000000000000e+03 2.182824430580232001e+04 -2.319460613127026505e-02 1.000699777273621194e-04 7.759898713241680790e-02
1.057000000000000000e+03 2.184891499169796589e+04 -1.407705355297008132e-01 -1.142065384800794101e-02 7.685466027617389451e-02
1.058000000000000000e+03 2.186958567759361176e+04 -4.953401029614252771e-01 -2.270123191151309297e-02 7.437945080403897402e-02
1.059000000000000000e+03 2.189025636348925764e+04 -1.079270604103924169e+00 -3.348741921232687574e-02 7.022656488062065105e-02
1.060000000000000000e+03 2.191092704938490351e+04 -1.879755950949112187e+00 -4.353585219483232377e-02 6.448867943604391639e-02
1.061000000000000000e+03 2.193159773528054939e+04 -2.879102455941257688e+00 -5.261974138845719462e-02 5.729531954123343040e-02
1.062000000000000000e+03 2.195226842117619526e+04 -4.055128243250998743e+00 -6.053418970980799230e-02 4.881046243478822516e-02
1.063000000000000000e+03 2.197293910707184114e+04 -5.381668898819080837e+00 -6.710104756081486377e-02 3.922872350907023048e-02
1.064000000000000000e+03 2.199360979296748701e+04 -6.829177598047866837e+00 -7.217312812329211569e-02 2.877059273830344377e-02
1.065000000000000000e+03 2.201428047886313288e+04 -8.365405021904710026e+00 -7.563763923782823584e-02 1.767669531597403088e-02
1.066000000000000000e+03 2.203495116475877876e+04 -9.956141363194600302e+00 -7.741869756395834690e-02 6.201227536731537815e-03
1.067000000000000000e+03 2.205562185065442463e+04 -1.156600018149396725e+01 -7.747883199169837420e-02 -5.395029780430202204e-03
1.068000000000000000e+03 2.207629253655007051e+04 -1.315922256251851508e+01 -7.581946156545338322e-02 -1.685147300986894470e-02
1.069000000000000000e+03 2.209696322244571638e+04 -1.470048073108701203e+01 -7.248038274561109662e-02 -2.791419540736679583e-02
1.070000000000000000e+03 2.211763390834136226e+04 -1.615566101318002623e+01 -6.753840357742828260e-02 -3.834090448818086583e-02
1.071000000000000000e+03 2.213830459423700813e+04 -1.749261098357185418e+01 -6.110526209744921583e-02 -4.790560058458949444e-02
1.072000000000000000e+03 2.215897528013265401e+04 -1.868183637195506819e+01 -5.332491884099113677e-02 -5.640228946016509481e-02
1.073000000000000000e+03 2.217964596602829988e+04 -1.969713627911778531e+01 -4.437031557646952534e-02 -6.364842577464462081e-02
1.074000000000000000e+03 2.220031665192394576e+04 -2.051616608469888803e+01 -3.443963200239272271e-02 -6.948820022887357284e-02
1.075000000000000000e+03 2.222098733781959163e+04 -2.112091791008401032e+01 -2.375206488917670083e-02 -7.379565480746223816e-02
1.076000000000000000e+03 2.224165802371523750e+04 -2.149810903009325358e+01 -1.254316861498922311e-02 -7.647744774756082276e-02
1.077000000000000000e+03 2.226232870961088338e+04 -2.163946970723715424e+01 -1.059822699316056646e-03 -7.747508925955397252e-02
1.078000000000000000e+03 2.228299939550652925e+04 -2.154192355433853123e+01 1.044504735521696245e-02 -7.676601310200555084e-02
1.079000000000000000e+03 2.230367008140217513e+04 -2.120765712114747004e+01 2.171789875137338996e-02 -7.436450969917421383e-02
1.080000000000000000e+03 2.232434076729782100e+04 -2.064407582753234749e+01 3.251001295363861732e-02 -7.032096553688632623e-02
1.081000000000000000e+03 2.234501145319346688e+04 -1.986364858869135119e+01 4.258280804080388088e-02 -6.472089158468320724e-02
1.082000000000000000e+03 2.236568213908911275e+04 -1.888364412840022410e+01 5.171295944088730862e-02 -5.768332593378791562e-02
1.083000000000000000e+03 2.238635282498475863e+04 -1.772576390601758334e+01 5.969725718930346536e-02 -4.935889883374876275e-02
1.084000000000000000e+03 2.240702351088040450e+04 -1.641567762401680142e+01 6.635714906392646550e-02 -3.992755633537389826e-02
1.085000000000000000e+03 2.242769419677605038e+04 -1.498246833555556279e+01 7.154290477010057103e-02 -2.959575621893797970e-02
1.086000000000000000e+03 2.244836488267169625e+04 -1.345799579888701913e+01 7.513729950484959730e-02 -1.859282857883942652e-02
1.087000000000000000e+03 2.246903556856734212e+04 -1.187618930133185557e+01 7.705867348199452183e-02 -7.166249001257229967e-03
1.088000000000000000e+03 2.248970625446298800e+04 -1.027228452872404851e+01 7.726319967452006943e-02 4.424249722045511812e-03
1.089000000000000000e+03 2.251037694035863387e+04 -8.682022637802628395e+00 7.574620800392622977e-02 1.591343913811726907e-02
1.090000000000000000e+03 2.253104762625427975e+04 -7.140832381853135402e+00 7.254246924744553460e-02 2.703778022687985255e-02
1.091000000000000000e+03 2.255171831214992562e+04 -5.683017445985558247e+00 6.772541667575168733e-02 3.754247972128879618e-02
1.092000000000000000e+03 2.257238899804557150e+04 -4.340970751340663014e+00 6.140535559420595701e-02 4.718800255181765380e-02
1.093000000000000000e+03 2.259305968394121737e+04 -3.144435810388948038e+00 5.372675834222678803e-02 5.575582029206248291e-02
1.094000000000000000e+03 2.261373036983686325e+04 -2.119832859573723027e+00 4.486476479959886771e-02 6.305331415769072079e-02
1.095000000000000000e+03 2.263440105573250912e+04 -1.289664888479824967e+00 3.502099643276482266e-02 6.891807509708000601e-02
1.096000000000000000e+03 2.265507174162815500e+04 -6.720168255452536599e-01 2.441875245893498567e-02 7.322188739518582790e-02
1.097000000000000000e+03 2.267574242752380087e+04 -2.801601643954484411e-01 1.329776032920605179e-02 7.587272013302086282e-02
1.098000000000000000e+03 2.269641311341944674e+04 -1.222691717840421466e-01 1.908547271798295697e-03 7.681781602067444537e-02
1.099000000000000000e+03 2.271708379931509262e+04 -2.012582020507775737e-01 -9.493474866319769404e-03 7.604444625592632345e-02
1.100000000000000000e+03 2.273775448521073849e+04 -5.147424458238615275e-01 -2.065398528269460354e-02 7.357996682999741467e-02
1.101000000000000000e+03 2.275842517110638437e+04 -1.055122286594544878e+00 -3.132563025804869367e-02 6.949042659537395250e-02
1.102000000000000000e+03 2.277909585700203024e+04 -1.809786972918423942e+00 -4.127359229665934770e-02 6.387784473783363060e-02
1.103000000000000000e+03 2.279976654289767612e+04 -2.761429210892977437e+00 -5.028066928605753882e-02 5.687636433320513579e-02
1.104000000000000000e+03 2.282043722879332199e+04 -3.888458815788365275e+00 -5.815177816251198423e-02 4.864838337429669424e-02
1.105000000000000000e+03 2.284110791468896787e+04 -5.165503492234167382e+00 -6.471777709686522828e-02 3.937928742416131611e-02
1.106000000000000000e+03 2.286177860058461374e+04 -6.563980500255885531e+00 -6.983866064057343837e-02 2.927431049592257167e-02
1.107000000000000000e+03 2.288244928648025962e+04 -8.052729527182041380e+00 -7.340621538593745943e-02 1.855444150665658265e-02
1.108000000000000000e+03 2.290311997237590549e+04 -9.598694142317643951e+00 -7.534609145240116213e-02 7.452686041757292101e-03
1.109000000000000000e+03 2.292379065827155137e+04 -1.116764030693650689e+01 -7.561930664201570174e-02 -3.789801382624150006e-03
1.110000000000000000e+03 2.294446134416719724e+04 -1.272490001280499250e+01 -7.422312977391785915e-02 -1.492817267587218111e-02
1.111000000000000000e+03 2.296513203006284311e+04 -1.423612631043341992e+01 -7.119125933863616751e-02 -2.571887817638986162e-02
1.112000000000000000e+03 2.298580271595848899e+04 -1.566804433341389569e+01 -6.659322168014379650e-02 -3.592513812142079932e-02
1.113000000000000000e+03 2.300647340185413486e+04 -1.698918144669222485e+01 -6.053300411389587327e-02 -4.532172807857362540e-02
1.114000000000000000e+03 2.302714408774978074e+04 -1.817056176213032259e+01 -5.314688686989143401e-02 -5.370093454055761828e-02
1.115000000000000000e+03 2.304781477364542661e+04 -1.918634665633018344e+01 -4.460054663527782126e-02 -6.087636469841745113e-02
1.116000000000000000e+03 2.306848545954107249e+04 -2.001440954267423677e+01 -3.508551441368045615e-02 -6.668779308072111944e-02
1.117000000000000000e+03 2.308915614543671836e+04 -2.063682995219491190e+01 -2.481504310006179409e-02 -7.100422861761668258e-02
1.118000000000000000e+03 2.310982683133236424e+04 -2.104029746549084834e+01 -1.401948426888672064e-02 -7.372742735388568280e-02
1.119000000000000000e+03 2.313049751722801011e+04 -2.121641466367713846e+01 -2.941191094795585562e-03 -7.479473268416735043e-02
1.120000000000000000e+03 2.315116820312365599e+04 -2.116189034005003222e+01 8.170969785711077946e-03 -7.418147788615836458e-02
1.121000000000000000e+03 2.317183888901930186e+04 -2.087861556387063899e+01 1.906740603546834556e-02 -7.190260050921792878e-02
1.122000000000000000e+03 2.319250957491494773e+04 -2.037361761804219640e+01 2.950373536882609435e-02 -6.801301204054215066e-02
1.123000000000000000e+03 2.321318026081059361e+04 -1.965889067075608310e+01 3.924669954369380820e-02 -6.260693650973939151e-02
1.124000000000000000e+03 2.323385094670623948e+04 -1.875110522062518825e+01 4.807976868637062196e-02 -5.581442030215615080e-02
1.125000000000000000e+03 2.325452163260188536e+04 -1.767120707785347733e+01 5.580824800136768155e-02 -4.779815102401706317e-02
1.126000000000000000e+03 2.327519231849753123e+04 -1.644391569097997419e+01 6.226374581300400668e-02 -3.874807627275329847e-02
1.127000000000000000e+03 2.329586300439317711e+04 -1.509713841307953075e+01 6.730783657311728563e-02 -2.887599210558429441e-02
1.128000000000000000e+03 2.331653369028882298e+04 -1.366131739474315765e+01 7.083493689220551892e-02 -1.841040389691785129e-02
1.129000000000000000e+03 2.333720437618446886e+04 -1.216872495120609976e+01 7.277434455747430753e-02 -7.590443987639819423e-03
1.130000000000000000e+03 2.335787506208011473e+04 -1.065272615952496693e+01 7.309145719589442425e-02 3.339044129070323219e-03
1.131000000000000000e+03 2.337854574797576061e+04 -9.147023844503264556e+00 7.178822921686103808e-02 1.413280206838739284e-02
1.132000000000000000e+03 2.339921643387140648e+04 -7.684902285232166008e+00 6.890279777532604122e-02 2.455100089692365678e-02
1.133000000000000000e+03 2.341988711976705235e+04 -6.298487664213247683e+00 6.450831447630799020e-02 3.436404509118329981e-02
1.134000000000000000e+03 2.344055780566269823e+04 -5.018040072837480992e+00 5.871098168990386557e-02 4.335843204183449651e-02
1.135000000000000000e+03 2.346122849155834410e+04 -3.871295141939147477e+00 5.164730998064347850e-02 5.134133475189890661e-02
1.136000000000000000e+03 2.348189917745398998e+04 -2.882869428907551601e+00 4.348071661305147328e-02 5.814485306120797947e-02
1.137000000000000000e+03 2.350256986334963585e+04 -2.073742670687144685e+00 3.439756699927763728e-02 6.362923067052844717e-02
1.138000000000000000e+03 2.352324054924528173e+04 -1.460826822874510711e+00 2.460281822339749347e-02 6.768497291328684495e-02
1.139000000000000000e+03 2.354391123514092760e+04 -1.056628415400074905e+00 1.431542160738859606e-02 7.023395941386277597e-02
1.140000000000000000e+03 2.356458192103657348e+04 -8.690076558543523566e-01 3.763615011519809081e-03 7.122980971506527592e-02
1.141000000000000000e+03 2.358525260693221935e+04 -9.010354079295438412e-01 -6.819845429265581141e-03 7.065832960759607650e-02
1.142000000000000000e+03 2.360592329282786523e+04 -1.150949421304769738e+00 -1.720243948096629449e-02 6.853687592850767063e-02
1.143000000000000000e+03 2.362659397872351110e+04 -1.612207854229385395e+00 -2.715665289112378228e-02 6.491520499438538372e-02
1.144000000000000000e+03 2.364726466461915697e+04 -2.273642705083804394e+00 -3.646477128011562513e-02 5.987494338841441860e-02
1.145000000000000000e+03 2.366793535051480285e+04 -3.119711521005101407e+00 -4.492358339624875907e-02 5.352890205072889651e-02
1.146000000000000000e+03 2.368860603641044872e+04 -4.130845268465272113e+00 -5.234890811655049797e-02 4.601939921849092230e-02
1.147000000000000000e+03 2.370927672230609460e+04 -5.283887194319640379e+00 -5.857979303765561280e-02 3.751553462812007994e-02
1.148000000000000000e+03 2.372994740820174047e+04 -6.552614271891978426e+00 -6.348223753939576108e-02 2.820954011245321857e-02
1.149000000000000000e+03 2.375061809409738635e+04 -7.908329978578965580e+00 -6.695230204631506810e-02 1.831220000942432313e-02
1.150000000000000000e+03 2.377128877999303222e+04 -9.320514283071624106e+00 -6.891853963111904680e-02 8.048345667960643546e-03
1.151000000000000000e+03 2.379195946588867810e+04 -1.075751694878200482e+01 -6.934369653412329748e-02 -2.348440403045048974e-03
1.152000000000000000e+03 2.381263015178432397e+04 -1.218727782287139583e+01 -6.822560568254511237e-02 -1.264134780580526696e-02
1.153000000000000000e+03 2.383330083767996985e+04 -1.357805707899024128e+01 -6.559728906351249000e-02 -2.259542155823196508e-02
1.154000000000000000e+03 2.385397152357561572e+04 -1.489915973854697206e+01 -6.152623896233421624e-02 -3.198348740801647272e-02
1.155000000000000000e+03 2.387464220947126159e+04 -1.612163619885202692e+01 -5.611281642053438101e-02 -4.059206159326371466e-02
1.156000000000000000e+03 2.389531289536690747e+04 -1.721894054444484468e+01 -4.948773281683373909e-02 -4.822773327870520654e-02
1.157000000000000000e+03 2.391598358126255334e+04 -1.816752696034091130e+01 -4.180866737496784225e-02 -5.472236639610841835e-02
1.158000000000000000e+03 2.393665426715819922e+04 -1.894736820649188402e+01 -3.325612974388124365e-02 -5.993801881074237170e-02
1.159000000000000000e+03 2.395732495305384509e+04 -1.954238098442217719e+01 -2.402872803780510200e-02 -6.376999391186535804e-02
1.160000000000000000e+03 2.397799563894949097e+04 -1.994074878597464462e+01 -1.433809574311765631e-02 -6.614836245620143995e-02
1.161000000000000000e+03 2.399866632484513684e+04 -2.013513753131755735e+01 -4.403706522071566820e-03 -6.703794364546612761e-02
1.162000000000000000e+03 2.401933701074078272e+04 -2.012280405456334620e+01 5.552232261054857246e-03 -6.643726864939830667e-02
1.163000000000000000e+03 2.404000769663642859e+04 -1.990560063314167749e+01 1.530969150531337301e-02 -6.437700938666168771e-02
1.164000000000000000e+03 2.406067838253207447e+04 -1.948988040603218863e+01 2.465548538502195658e-02 -6.091823894012862728e-02
1.165000000000000000e+03 2.408134906842772034e+04 -1.888630904514469933e+01 3.338767065225062280e-02 -5.615060888332357170e-02
1.166000000000000000e+03 2.410201975432336621e+04 -1.810958830035226086e+01 4.131965930303997669e-02 -5.019032913840439092e-02
1.167000000000000000e+03 2.412269044021901209e+04 -1.717809764760817259e+01 4.828399258010320633e-02 -4.317764779448463042e-02
1.168000000000000000e+03 2.414336112611465796e+04 -1.611346181153019330e+01 5.413575127366442724e-02 -3.527449528670532908e-02
1.169000000000000000e+03 2.416403181201030384e+04 -1.494005142700265942e+01 5.875542765752710811e-02 -2.665962258017962050e-02
1.170000000000000000e+03 2.418470249790594971e+04 -1.368443183198395730e+01 6.205123528820649659e-02 -1.752592664532724720e-02
1.171000000000000000e+03 2.420537318380159559e+04 -1.237476823884392729e+01 6.396083473820868281e-02 -8.075294649763739563e-03
1.172000000000000000e+03 2.422604386969724146e+04 -1.104020318299023629e+01 6.445237174624943166e-02 1.485458379354473446e-03
1.173000000000000000e+03 2.424671455559288734e+04 -9.710218775651615175e+00 6.352486587415460961e-02 1.094923470980030400e-02
1.174000000000000000e+03 2.426738524148853321e+04 -8.413998084894803497e+00 6.120795636844075099e-02 2.011262644459640980e-02
1.175000000000000000e+03 2.428805592738417909e+04 -7.179797894838678474e+00 5.756114212238794270e-02 2.877872537014218579e-02
1.176000000000000000e+03 2.430872661327982496e+04 -6.034341507681718397e+00 5.267251888947305227e-02 3.676105325413096814e-02
1.177000000000000000e+03 2.432939729917547083e+04 -5.002243708245080356e+00 4.665695815948858044e-02 4.388711694837665878e-02
1.178000000000000000e+03 2.435006798507111671e+04 -4.105478853759509050e+00 3.965380799739595674e-02 5.000126213671370751e-02
1.179000000000000000e+03 2.437073867096676258e+04 -3.362900888884194028e+00 3.182403324855446330e-02 5.496933577353224631e-02
1.180000000000000000e+03 2.439140935686240846e+04 -2.789829663332555221e+00 2.334675003378811065e-02 5.868214415444167331e-02
1.181000000000000000e+03 2.441208004275805433e+04 -2.397714215618981903e+00 1.441524199714794285e-02 6.105894277593344743e-02
1.182000000000000000e+03 2.443275072865370021e+04 -2.193883784467003828e+00 5.232519497762787297e-03 6.205007403798579874e-02
1.183000000000000000e+03 2.445342141454934608e+04 -2.181394681656781742e+00 -3.993438518304472454e-03 6.163858372125574636e-02
1.184000000000000000e+03 2.447409210044499196e+04 -2.358978010977898609e+00 -1.305460427120572718e-02 5.984077135043684714e-02
1.185000000000000000e+03 2.449476278634063783e+04 -2.721089930420896863e+00 -2.174783216142575637e-02 5.670579080212602430e-02
1.186000000000000000e+03 2.451543347223628371e+04 -3.258063226018035774e+00 -2.987966973848832017e-02 5.231444029705899917e-02
1.187000000000000000e+03 2.453610415813192958e+04 -3.956356466080783285e+00 -3.727094373448774228e-02 4.677735679369517119e-02
1.188000000000000000e+03 2.455677484402757545e+04 -4.798895167957848429e+00 -4.376102170892264692e-02 4.023247264761168479e-02
1.189000000000000000e+03 2.457744552992322133e+04 -5.765497134516190059e+00 -4.921165583879127947e-02 3.284195694398812232e-02
1.190000000000000000e+03 2.459811621581886720e+04 -6.833372528454464856e+00 -5.351028869490621898e-02 2.478806123370951714e-02
1.191000000000000000e+03 2.461878690171451308e+04 -7.977685874111720921e+00 -5.657266388546729891e-02 1.626795443599589330e-02
1.192000000000000000e+03 2.463945758761015895e+04 -9.172164059367412747e+00 -5.834458994784755964e-02 7.487535879779128045e-03
1.193000000000000000e+03 2.466012827350580483e+04 -1.038973125915621232e+01 -5.880273462253510219e-02 -1.345377008802370322e-03
1.194000000000000000e+03 2.468079895940145070e+04 -1.160314977374236278e+01 -5.795442044197431780e-02 -1.002762535788530307e-02
1.195000000000000000e+03 2.470146964529709658e+04 -1.278564650159677285e+01 -5.583647988240848792e-02 -1.836674025383051856e-02
1.196000000000000000e+03 2.472214033119274245e+04 -1.391150644807805392e+01 -5.251336353081534347e-02 -2.618492585938185513e-02
1.197000000000000000e+03 2.474281101708838833e+04 -1.495662098733552803e+01 -4.807473217502580831e-02 -3.332199512698903743e-02
1.198000000000000000e+03 2.476348170298403420e+04 -1.589898182469262267e+01 -4.263272288320274495e-02 -3.963680477722332507e-02
1.199000000000000000e+03 2.478415238887968007e+04 -1.671911623452516693e+01 -3.631903832464188076e-02 -4.500819005189136968e-02
1.200000000000000000e+03 2.480482307477532595e+04 -1.740046069117385130e+01 -2.928190031576377930e-02 -4.933585023843117812e-02
1.201000000000000000e+03 2.482549376067097182e+04 -1.792967016223472854e+01 -2.168285507735016535e-02 -5.254145119240630213e-02
1.202000000000000000e+03 2.484616444656661770e+04 -1.829685966442330525e+01 -1.369340347160608387e-02 -5.456986923913229037e-02
1.203000000000000000e+03 2.486683513246226357e+04 -1.849577424624257560e+01 -5.491452735436729710e-03 -5.539034039952540900e-02
1.204000000000000000e+03 2.488750581835790945e+04 -1.852388385363330769e+01 2.742365397196896981e-03 -5.499710243140165655e-02
1.205000000000000000e+03 2.490817650425355532e+04 -1.838240109876948480e+01 1.082843600073553000e-02 -5.340954951264098582e-02
1.206000000000000000e+03 2.492884719014920120e+04 -1.807622145500868172e+01 1.859187312344477705e-02 -5.067168688946216415e-02
1.207000000000000000e+03 2.494951787604484707e+04 -1.761378755967660936e+01 2.586611716854109524e-02 -4.685113736187247746e-02
1.208000000000000000e+03 2.497018856194049295e+04 -1.700688068834688238e+01 3.249635483060992619e-02 -4.203775586936314701e-02
1.209000000000000000e+03 2.499085924783613882e+04 -1.627034367276259275e+01 3.834271597386472441e-02 -3.634202445541419302e-02
1.210000000000000000e+03 2.501152993373178469e+04 -1.542174021178340126e+01 4.328321702794597770e-02 -2.989325896699125684e-02
1.211000000000000000e+03 2.503220061962743057e+04 -1.448095610528706345e+01 4.721641789333479167e-02 -2.283756149525120738e-02
1.212000000000000000e+03 2.505287130552307644e+04 -1.346974872500199716e+01 5.006372472209851682e-02 -1.533512032978827377e-02
1.213000000000000000e+03 2.507354199141872232e+04 -1.241125304829385101e+01 5.177129429139943478e-02 -7.557568720989310540e-03
1.214000000000000000e+03 2.509421267731436819e+04 -1.132945239958481842e+01 5.231138817911724914e-02 3.167501610688572278e-04
1.215000000000000000e+03 2.511488336321001407e+04 -1.024862850066232589e+01 5.168308838848268555e-02 8.106608978292240142e-03
1.216000000000000000e+03 2.513555404910565994e+04 -9.192802627194307519e+00 4.991232219130813108e-02 1.563333149753927398e-02
1.217000000000000000e+03 2.515622473500130582e+04 -8.185184631984661507e+00 4.705117677229646300e-02 2.272487866505248227e-02
1.218000000000000000e+03 2.517689542089695169e+04 -7.247642435032959796e+00 4.317651172764387646e-02 2.922117591324704944e-02
1.219000000000000000e+03 2.519756610679259757e+04 -6.400208408001022420e+00 3.838791625014897901e-02 3.497757137476571743e-02
1.220000000000000000e+03 2.521823679268824344e+04 -5.660633317042540469e+00 3.280515411572965806e-02 3.986824450612999615e-02
1.221000000000000000e+03 2.523890747858388931e+04 -5.043998335031983693e+00 2.656511968884289407e-02 4.378935303430250836e-02
1.222000000000000000e+03 2.525957816447953519e+04 -4.562394827305894296e+00 1.981843066824798966e-02 4.666075608424215260e-02
1.223000000000000000e+03 2.528024885037518106e+04 -4.224677224455984259e+00 1.272570313491686207e-02 4.842855029693999419e-02
1.224000000000000000e+03 2.530091953627082694e+04 -4.036296802699675723e+00 5.453545894593646304e-03 4.906629701357814732e-02
1.225000000000000000e+03 2.532159022216647281e+04 -3.999220156046709995e+00 -1.829606661695600336e-03 4.857596001537885233e-02
1.226000000000000000e+03 2.534226090806211869e+04 -4.111935251932659519e+00 -8.957740241657947619e-03 4.698802079817660654e-02
1.227000000000000000e+03 2.536293159395776456e+04 -4.369545425786916404e+00 -1.577144068545336536e-02 4.436048315110255325e-02
1.228000000000000000e+03 2.538360227985341044e+04 -4.763948244994309356e+00 -2.212182975154207767e-02 4.077659404625262607e-02
1.229000000000000000e+03 2.540427296574905631e+04 -5.284092214249099584e+00 -2.787406619953678930e-02 3.634129486318959240e-02
1.230000000000000000e+03 2.542494365164470219e+04 -5.916300379084467487e+00 -3.291024541545901211e-02 3.117670666766281934e-02
1.231000000000000000e+03 2.544561433754034806e+04 -6.644646905712280116e+00 -3.713160142126623042e-02 2.541729228322089917e-02
1.232000000000000000e+03 2.546628502343599393e+04 -7.451371718647131104e+00 -4.046001816073060975e-02 1.920543396924800222e-02
1.233000000000000000e+03 2.548695570933163981e+04 -8.317319559177503763e+00 -4.283891613412736665e-02 1.268748129908429945e-02
1.234000000000000000e+03 2.550762639522728568e+04 -9.222391277684103272e+00 -4.423365762439099985e-02 6.011249233982926543e-03
1.235000000000000000e+03 2.552829708112293156e+04 -1.014599964471620552e+01 -4.463157219595824399e-02 -6.765708001246484304e-04
1.236000000000000000e+03 2.554896776701857743e+04 -1.106752169746713932e+01 -4.404168130424326866e-02 -7.231855890475993864e-03
1.237000000000000000e+03 2.556963845291422331e+04 -1.196674316582855724e+01 -4.249410854530322190e-02 -1.351582115343670509e-02
1.238000000000000000e+03 2.559030913880986918e+04 -1.282428643777807231e+01 -4.003915884947983894e-02 -1.939668855168427686e-02
1.239000000000000000e+03 2.561097982470551506e+04 -1.362201691803553416e+01 -3.674603586226733026e-02 -2.475286875337352754e-02
1.240000000000000000e+03 2.563165051060116093e+04 -1.434341796821624548e+01 -3.270115872002440222e-02 -2.947515002297128317e-02
1.241000000000000000e+03 2.565232119649680681e+04 -1.497392767868613994e+01 -2.800612609885486104e-02 -3.346923819524627586e-02
1.242000000000000000e+03 2.567299188239245268e+04 -1.550122963970283330e+01 -2.277538527644522304e-02 -3.665717147230047879e-02
1.243000000000000000e+03 2.569366256828809856e+04 -1.591549334908959779e+01 -1.713365028502334547e-02 -3.897926945958408995e-02
1.244000000000000000e+03 2.571433325418374443e+04 -1.620955824627797170e+01 -1.121310470802228815e-02 -4.039507132392552990e-02
1.245000000000000000e+03 2.573500394007939030e+04 -1.637905847975864049e+01 -5.150455956197593291e-03 -4.088438878991838832e-02
1.246000000000000000e+03 2.575567462597503618e+04 -1.642248516085781418e+01 9.161524478836606533e-04 -4.044815676740515231e-02
1.247000000000000000e+03 2.577634531187068205e+04 -1.634118348079318039e+01 6.850333079571068601e-03 -3.910898363536258193e-02
1.248000000000000000e+03 2.579701599776632793e+04 -1.613928299412107492e+01 1.252068580174609327e-02 -3.691112354546953467e-02
1.249000000000000000e+03 2.581768668366197380e+04 -1.582356115398123286e+01 1.780395864235673198e-02 -3.391956147314099945e-02
1.250000000000000000e+03 2.583835736955761968e+04 -1.540324292053060340e+01 2.258799648273047966e-02 -3.021808343210714842e-02
1.251000000000000000e+03 2.585902805545326555e+04 -1.488974239336825711e+01 2.677433822657073609e-02 -2.590649358366892141e-02
1.252000000000000000e+03 2.587969874134891143e+04 -1.429635504944011970e+01 3.028035192546354309e-02 -2.109720269874906795e-02
1.253000000000000000e+03 2.590036942724455730e+04 -1.363791110644648086e+01 3.304085044178507041e-02 -1.591167547255369075e-02
1.254000000000000000e+03 2.592104011314020318e+04 -1.293040096702578268e+01 3.500918726384870394e-02 -1.047701382292630379e-02
1.255000000000000000e+03 2.594171079903584905e+04 -1.219058327966071964e+01 3.615786579171539200e-02 -4.922850891530272666e-03
1.256000000000000000e+03 2.596238148493149492e+04 -1.143558519415081065e+01 3.647869946815201353e-02 6.215645933162067260e-04
1.257000000000000000e+03 2.598305217082714080e+04 -1.068250380248501230e+01 3.598258974097849616e-02 6.029576258238772413e-03
1.258000000000000000e+03 2.600372285672278667e+04 -9.948015573655458965e+00 3.469887707111085628e-02 1.118063614549638651e-02
1.259000000000000000e+03 2.602439354261843255e+04 -9.248004624747853342e+00 3.267429521755806782e-02 1.596210735643073531e-02
1.260000000000000000e+03 2.604506422851407842e+04 -8.597215387047931756e+00 2.997156388172264249e-02 2.027230977739294393e-02
1.261000000000000000e+03 2.606573491440972430e+04 -8.008939059147074602e+00 2.666756967005001061e-02 2.402299360187533372e-02
1.262000000000000000e+03 2.608640560030537017e+04 -7.494741474548190396e+00 2.285120040704349473e-02 2.714151319870064527e-02
1.263000000000000000e+03 2.610707628620101605e+04 -7.064239087242148329e+00 1.862089856036162547e-02 2.957241899362925142e-02
1.264000000000000000e+03 2.612774697209666192e+04 -6.724927984076331633e+00 1.408203587287099740e-02 3.127826259320603403e-02
1.265000000000000000e+03 2.614841765799230780e+04 -6.482068406643465508e+00 9.344230865512784950e-03 3.223955756862360855e-02
1.266000000000000000e+03 2.616908834388795367e+04 -6.338624661761493861e+00 4.518720317691371849e-03 3.245409501722634760e-02
1.267000000000000000e+03 2.618975902978359954e+04 -6.295258309968918553e+00 -2.841289977654013615e-04 3.193574766514571672e-02
1.268000000000000000e+03 2.621042971567924542e+04 -6.350370944294801312e+00 -4.957140910186202953e-03 3.071341788857508137e-02
1.269000000000000000e+03 2.623110040157489129e+04 -6.500193315358754553e+00 -9.398496996694212513e-03 2.883003245168372364e-02
1.270000000000000000e+03 2.625177108747053717e+04 -6.738917702914485552e+00 -1.351377370560253449e-02 2.634180461350550673e-02
1.271000000000000000e+03 2.627244177336618304e+04 -7.058871258425464923e+00 -1.721786570776390538e-02 2.331744672561759935e-02
1.272000000000000000e+03 2.629311245926182892e+04 -7.450727890591704039e+00 -2.043676981192854916e-02 1.983708827296611771e-02
1.273000000000000000e+03 2.631378314515747479e+04 -7.903755357433472462e+00 -2.310917208778911699e-02 1.599071951873219655e-02
1.274000000000000000e+03 2.633445383105312067e+04 -8.406092765661959731e+00 -2.518776576057729644e-02 1.187613842342166021e-02
1.275000000000000000e+03 2.635512451694876654e+04 -8.945052146333493326e+00 -2.664023204734505129e-02 7.596484922357871206e-03
1.276000000000000000e+03 2.637579520284441242e+04 -9.507436503337565625e+00 -2.744986180601953485e-02 3.257891171483617843e-03
1.277000000000000000e+03 2.639646588874005829e+04 -1.007986708887575489e+01 -2.761576711476212975e-02 -1.033666335670674341e-03
1.278000000000000000e+03 2.641713657463570416e+04 -1.064911019893070332e+01 -2.715269985462834962e-02 -5.174487631478208449e-03
1.279000000000000000e+03 2.643780726053135004e+04 -1.120239694870332769e+01 -2.609050180500568222e-02 -9.065968568680804474e-03
1.280000000000000000e+03 2.645847794642699591e+04 -1.172772733427284031e+01 -2.447312882791264146e-02 -1.261749154292091113e-02
1.281000000000000000e+03 2.647914863232264179e+04 -1.221414966647427036e+01 -2.235723647948395856e-02 -1.574941453712139228e-02
1.282000000000000000e+03 2.649981931821828766e+04 -1.265200615979703969e+01 -1.981033353629444924e-02 -1.839587486670538063e-02
1.283000000000000000e+03 2.652049000411393354e+04 -1.303313603050773395e+01 -1.690852494556319835e-02 -2.050748986102418625e-02
1.284000000000000000e+03 2.654116069000957941e+04 -1.335102777601391644e+01 -1.373392860951497263e-02 -2.205302895440723610e-02
1.285000000000000000e+03 2.656183137590522529e+04 -1.360091547930876565e+01 -1.037193978568382545e-02 -2.301978454604974855e-02
1.286000000000000000e+03 2.658250206180087116e+04 -1.377981799489077375e+01 -6.908548587061880478e-03 -2.341248925214872711e-02
1.287000000000000000e+03 2.660317274769651704e+04 -1.388652435498470261e+01 -3.427909799977041459e-03 -2.325101593284382984e-02
1.288000000000000000e+03 2.662384343359216291e+04 -1.392153248839864155e+01 -1.028045797002181266e-05 -2.256774731052516025e-02
1.289000000000000000e+03 2.664451411948780878e+04 -1.388694936321982709e+01 3.269626421605672118e-03 -2.140462702756572300e-02
1.290000000000000000e+03 2.666518480538345466e+04 -1.378636164688440857e+01 6.343907266513452992e-03 -1.981100289610922272e-02
1.291000000000000000e+03 2.668585549127910053e+04 -1.362468353430541157e+01 9.152448624401260391e-03 -1.784196606532334473e-02
1.292000000000000000e+03 2.670652617717474641e+04 -1.340798686550233043e+01 1.164369771409806513e-02 -1.555719481443537666e-02
1.293000000000000000e+03 2.672719686307039228e+04 -1.314331709808145732e+01 1.377527748836331924e-02 -1.302002618813787038e-02
1.294000000000000000e+03 2.674786754896603816e+04 -1.283849799732767671e+01 1.551445894443551424e-02 -1.029647054062469980e-02
1.295000000000000000e+03 2.676853823486168403e+04 -1.250192808271880196e+01 1.683847425127906264e-02 -7.454062885927481563e-03
1.296000000000000000e+03 2.678920892075732991e+04 -1.214237237290743820e+01 1.773465168803577477e-02 -4.560622643045464386e-03
1.297000000000000000e+03 2.680987960665297578e+04 -1.176875325369463532e+01 1.820031942819827844e-02 -1.682394899649969355e-03
1.298000000000000000e+03 2.683055029254862166e+04 -1.138994620070600305e+01 1.824247874699232164e-02 1.117182100654173782e-03
1.299000000000000000e+03 2.685122097844426753e+04 -1.101458415742046881e+01 1.787729317626904346e-02 3.778711962286629422e-03
1.300000000000000000e+03 2.687189166433991340e+04 -1.065087437688392313e+01 1.712936065785071460e-02 6.248514384998085647e-03
1.301000000000000000e+03 2.689256235023555928e+04 -1.030643288991711870e+01 1.603087516450306393e-02 8.478432779030570243e-03
1.302000000000000000e+03 2.691323303613120515e+04 -9.988136006568399949e+00 1.462075540421425325e-02 1.042646795064502974e-02
1.303000000000000000e+03 2.693390372202685103e+04 -9.701990804881944541e+00 1.294373545249439747e-02 1.205665483210065225e-02
1.304000000000000000e+03 2.695457440792249690e+04 -9.453024226858692813e+00 1.104940430497946928e-02 1.333987055632976371e-02
1.305000000000000000e+03 2.697524509381814278e+04 -9.245193273437477544e+00 8.991225245493035881e-03 1.425329698819065294e-02
1.306000000000000000e+03 2.699591577971378865e+04 -9.081314641125507237e+00 6.825462941318884841e-03 1.478219525687940461e-02
1.307000000000000000e+03 2.701658646560943453e+04 -8.963019272332722664e+00 4.609910271965990576e-03 1.492081611493890902e-02
1.308000000000000000e+03 2.703725715150508040e+04 -8.890734626647661898e+00 2.402479725326411245e-03 1.467330526899779386e-02
1.309000000000000000e+03 2.705792783740072628e+04 -8.863697464786961078e+00 2.596746944881376737e-04 1.405440817198692904e-02
1.310000000000000000e+03 2.707859852329637215e+04 -8.879999318558038368e+00 -1.765000965321715434e-03 1.308959295218442564e-02
1.311000000000000000e+03 2.709926920919201802e+04 -8.936665025906318505e+00 -3.622609603114061889e-03 1.181460871992009998e-02
1.312000000000000000e+03 2.711993989508766390e+04 -9.029762969015084906e+00 -5.270246955691789727e-03 1.027459353521875673e-02
1.313000000000000000e+03 2.714061058098330977e+04 -9.154544264733502246e+00 -6.672356365379695196e-03 8.522915689717566745e-03
1.314000000000000000e+03 2.716128126687895565e+04 -9.305607334240246331e+00 -7.801862005788660036e-03 6.619905939252962446e-03
1.315000000000000000e+03 2.718195195277460152e+04 -9.477083942579172415e+00 -8.641103323536411876e-03 4.631460254646668773e-03
1.316000000000000000e+03 2.720262263867024740e+04 -9.662842399425541018e+00 -9.182528215642835751e-03 2.627202538470194138e-03
1.317000000000000000e+03 2.722329332456589327e+04 -9.856702255526098355e+00 -9.429062216790847634e-03 6.779783046365894794e-04
1.318000000000000000e+03 2.724396401046153915e+04 -1.005265276617312153e+01 -9.394031924171881986e-03 -1.147615156160033956e-03
1.319000000000000000e+03 2.726463469635718502e+04 -1.024506442192256195e+01 -9.100513756765755274e-03 -2.787463248834901042e-03
1.320000000000000000e+03 2.728530538225283090e+04 -1.042888048888335106e+01 -8.580036723837131812e-03 -4.190360136589091344e-03
1.321000000000000000e+03 2.730597606814847677e+04 -1.059977491010566020e+01 -7.870704873186636780e-03 -5.319362795169688130e-03
1.322000000000000000e+03 2.732664675404412264e+04 -1.075426622530530096e+01 -7.014887033346675280e-03 -6.154238072281589811e-03
1.323000000000000000e+03 2.734731743993976852e+04 -1.088977996302516438e+01 -6.056793108772492301e-03 -6.690536565916893608e-03
1.324000000000000000e+03 2.736798812583541439e+04 -1.100466236107800455e+01 -5.040241640502464426e-03 -6.937954527857156939e-03
1.325000000000000000e+03 2.738865881173106027e+04 -1.109815046660313165e+01 -4.006803525134671612e-03 -6.916928958982090925e-03
1.326000000000000000e+03 2.740932949762670614e+04 -1.117030911530525827e+01 -2.994448578146513551e-03 -6.655301084859954752e-03
1.327000000000000000e+03 2.743000018352235202e+04 -1.122194507858219481e+01 -2.036648392850036200e-03 -6.185535510597889308e-03
1.328000000000000000e+03 2.745067086941799789e+04 -1.125450695372221155e+01 -1.161831482263277378e-03 -5.542778152559990623e-03
1.329000000000000000e+03 2.747134155531364377e+04 -1.126997678584926987e+01 -3.930725808225256617e-04 -4.763659021127492066e-03
1.330000000000000000e+03 2.749201224120928964e+04 -1.127075711342695818e+01 2.520532303981213923e-04 -3.885279716373687964e-03
1.331000000000000000e+03 2.751268292710493552e+04 -1.125955655954018475e+01 7.614881735636268474e-04 -2.944506873383267997e-03
1.332000000000000000e+03 2.753335361300058139e+04 -1.123927614772899197e+01 1.128583109817983760e-03 -1.976985274796991265e-03
1.333000000000000000e+03 2.755402429889622726e+04 -1.121289938559982602e+01 1.351853694845125964e-03 -1.016312432718449732e-03
1.334000000000000000e+03 2.757469498479187314e+04 -1.118338866152296696e+01 1.434625968143584535e-03 -9.338168968463234076e-05
1.335000000000000000e+03 2.759536567068751901e+04 -1.115358998006935920e+01 1.384608009182263302e-03 7.639520734874227781e-04
1.336000000000000000e+03 2.761603635658316489e+04 -1.112614706703016232e+01 1.213437815632060742e-03 1.530856926482318525e-03
1.337000000000000000e+03 2.763670704247881076e+04 -1.110342479618770106e+01 9.362514243921129554e-04 2.185268013809971155e-03
1.338000000000000000e+03 2.765737772837445664e+04 -1.108744114880424014e+01 5.712866632146778971e-04 2.707665745572310212e-03
1.339000000000000000e+03 2.767804841427010251e+04 -1.107980702184433497e+01 1.395383884317017115e-04 3.080607353521877534e-03
1.340000000000000000e+03 2.769871910016574839e+04 -1.108167244040892641e+01 -3.356284320234556714e-04 3.289760485944828727e-03
1.341000000000000000e+03 2.771938978606139426e+04 -1.109368236163634514e+01 -8.289415658883724338e-04 3.323887579274348303e-03
1.342000000000000000e+03 2.774006047195704014e+04 -1.111594202187757396e+01 -1.313764166261643159e-03 3.175931364956779968e-03
1.343000000000000000e+03 2.776073115785268601e+04 -1.114799517447984556e+01 -1.762820047614181707e-03 2.844377759218599810e-03
1.344000000000000000e+03 2.778140184374833188e+04 -1.118881942086713721e+01 -2.149045361138813334e-03 2.333587557695721015e-03
1.345000000000000000e+03 2.780207252964397776e+04 -1.123683965775103921e+01 -2.446499712145967613e-03 1.654261656082123277e-03
1.346000000000000000e+03 2.782274321553962363e+04 -1.128996107505425428e+01 -2.631304976293671449e-03 8.233471764600569509e-04
1.347000000000000000e+03 2.784341390143526951e+04 -1.134562141507227473e+01 -2.682548888955354517e-03 -1.363409312097468851e-04
1.348000000000000000e+03 2.786408458733091538e+04 -1.140086132602087865e+01 -2.583122693219414359e-03 -1.196625539618426104e-03
1.349000000000000000e+03 2.788475527322656126e+04 -1.145241125071518518e+01 -2.320479938361526360e-03 -2.324518797044122786e-03
1.350000000000000000e+03 2.790542595912220713e+04 -1.149679314988691914e+01 -1.887324598378166147e-03 -3.482618251540420262e-03
1.351000000000000000e+03 2.792609664501785301e+04 -1.153043583862758936e+01 -1.282238512699430868e-03 -4.629524209552107750e-03
1.352000000000000000e+03 2.794676733091349888e+04 -1.154980264896554054e+01 -5.102456262271559510e-04 -5.720269682978659787e-03
1.353000000000000000e+03 2.796743801680914476e+04 -1.155153009276632758e+01 4.167142090393610113e-04 -6.707102913034598823e-03
1.354000000000000000e+03 2.798810870270479063e+04 -1.153257511191893059e+01 1.479472518529960194e-03 -7.540864462759547249e-03
1.355000000000000000e+03 2.800877938860043650e+04 -1.149036666932278017e+01 2.651587519510083778e-03 -8.173203491833522238e-03
1.356000000000000000e+03 2.802945007449608238e+04 -1.142295484643771175e+01 3.899683635161473039e-03 -8.559512290158388659e-03
1.357000000000000000e+03 2.805012076039172825e+04 -1.132914839829314957e+01 5.184283153022212556e-03 -8.662589723058194968e-03
1.358000000000000000e+03 2.807079144628737413e+04 -1.120862946913728564e+01 6.461142642447379597e-03 -8.455744884481170009e-03
1.359000000000000000e+03 2.809146213218302000e+04 -1.106203589811515720e+01 7.683010344036097020e-03 -7.925337243323754555e-03
1.360000000000000000e+03 2.811213281807866588e+04 -1.089100328202814083e+01 8.801650297478393753e-03 -7.071812550353495652e-03
1.361000000000000000e+03 2.813280350397431175e+04 -1.069816360079015993e+01 9.769917879749390882e-03 -5.909356168853088787e-03
1.362000000000000000e+03 2.815347418986995763e+04 -1.048710147459102160e+01 1.054370440442933127e-02 -4.464484299873394679e-03
1.363000000000000000e+03 2.817414487576560350e+04 -1.026227239694915561e+01 1.108364044536780217e-02 -2.774218072629508480e-03
1.364000000000000000e+03 2.819481556166124938e+04 -1.002888857413806178e+01 1.135650675970181420e-02 -8.839893578517360462e-04
1.365000000000000000e+03 2.821548624755689525e+04 -9.792778828745992925e+00 1.133633579323689231e-02 1.154413281677091341e-03
1.366000000000000000e+03 2.823615693345254113e+04 -9.560228901358915010e+00 1.100526526526714871e-02 3.284114311544780729e-03
1.367000000000000000e+03 2.825682761934818700e+04 -9.337806065752783269e+00 1.035416052226255552e-02 5.444981526812747719e-03
1.368000000000000000e+03 2.827749830524383287e+04 -9.132173701621333350e+00 9.382981700078044454e-03 7.575216999021042175e-03
1.369000000000000000e+03 2.829816899113947875e+04 -8.949900730778960423e+00 8.100905421829965314e-03 9.613056969416736153e-03
1.370000000000000000e+03 2.831883967703512462e+04 -8.797271158731360785e+00 6.526190498025626237e-03 1.149850401315007098e-02
1.371000000000000000e+03 2.833951036293077050e+04 -8.680099063019280692e+00 4.685797395092883982e-03 1.317489600175164588e-02
1.372000000000000000e+03 2.836018104882641637e+04 -8.603553866482155144e+00 2.614798933250215163e-03 1.459013604377311368e-02
1.373000000000000000e+03 2.838085173472206225e+04 -8.571999688160309105e+00 3.556364040646683294e-04 1.569753493936963673e-02
1.374000000000000000e+03 2.840152242061770812e+04 -8.588851369679199266e+00 -2.042729999357607591e-03 1.645638563316445535e-02
1.375000000000000000e+03 2.842219310651335400e+04 -8.656448948532979415e+00 -4.525755800489459670e-03 1.683252896938440546e-02
1.376000000000000000e+03 2.844286379240899987e+04 -8.775952322863835420e+00 -7.034351206851271673e-03 1.679918690592328845e-02
1.377000000000000000e+03 2.846353447830464575e+04 -8.947258677085947909e+00 -9.506070298352785330e-03 1.633814325028250247e-02
1.378000000000000000e+03 2.848420516420029162e+04 -9.168946309342203449e+00 -1.187649010089650813e-02 1.544110863791749166e-02
1.379000000000000000e+03 2.850487585009593749e+04 -9.438249069922719059e+00 -1.408079122990728987e-02 1.411105791971284384e-02
1.380000000000000000e+03 2.852554653599158337e+04 -9.751065534693376335e+00 -1.605550259350114681e-02 1.236309225520434985e-02
1.381000000000000000e+03 2.854621722188722924e+04 -1.010200557193671678e+01 -1.774032749900168737e-02 1.022466836085084152e-02
1.382000000000000000e+03 2.856688790778287512e+04 -1.048447500952890188e+01 -1.907995150820056274e-02 7.735124574614282711e-03
1.383000000000000000e+03 2.858755859367852099e+04 -1.089079694099707396e+01 -2.002573756986136821e-02 4.944643563338999015e-03
1.384000000000000000e+03 2.860822927957416687e+04 -1.131236647179940036e+01 -2.053724132907515376e-02 1.912878799734604729e-03
1.385000000000000000e+03 2.862889996546981274e+04 -1.173983467034987349e+01 -2.058350588488870939e-02 -1.292628761696223982e-03
1.386000000000000000e+03 2.864957065136545862e+04 -1.216331684135484714e+01 -2.014413384134269847e-02 -4.597853097043774762e-03
1.387000000000000000e+03 2.867024133726110449e+04 -1.257262079689838430e+01 -1.921013559577967877e-02 -7.923880596301294266e-03
1.388000000000000000e+03 2.869091202315675037e+04 -1.295749019918112133e+01 -1.778455136138968121e-02 -1.118834603288491880e-02
1.389000000000000000e+03 2.871158270905239624e+04 -1.330785854687093739e+01 -1.588284206722804723e-02 -1.430709515961620104e-02
1.390000000000000000e+03 2.873225339494804211e+04 -1.361410867818478287e+01 -1.353300967758245058e-02 -1.719614967721093401e-02
1.391000000000000000e+03 2.875292408084368799e+04 -1.386733173140703812e+01 -1.077539385880242617e-02 -1.977408134340966073e-02
1.392000000000000000e+03 2.877359476673933386e+04 -1.405957824189914795e+01 -7.662088654112617428e-03 -2.196473226188908057e-02
1.393000000000000000e+03 2.879426545263497974e+04 -1.418409298715455513e+01 -4.255943094374907074e-03 -2.370007259445748582e-02
1.394000000000000000e+03 2.881493613853062561e+04 -1.423552476768628594e+01 -6.291579518141227241e-04 -2.492275719549681690e-02
1.395000000000000000e+03 2.883560682442627149e+04 -1.421010323995595037e+01 3.138458250417979108e-03 -2.558813719557759270e-02
1.396000000000000000e+03 2.885627751032191736e+04 -1.410577659830430619e+01 6.961470656351577239e-03 -2.566543151385626553e-02
1.397000000000000000e+03 2.887694819621756324e+04 -1.392230649333754400e+01 1.075091900203501219e-02 -2.513815752364940981e-02
1.398000000000000000e+03 2.889761888211320911e+04 -1.366131885874310115e+01 1.441644607844346816e-02 -2.400406957856997259e-02
1.399000000000000000e+03 2.891828956800885499e+04 -1.332631083609948774e+01 1.786839975264537320e-02 -2.227486599273222068e-02
1.400000000000000000e+03 2.893896025390450086e+04 -1.292261470125354528e+01 2.101988637760379003e-02 -1.997583034779476518e-02
1.401000000000000000e+03 2.895963093980014673e+04 -1.245731989835223885e+01 2.378876680210393474e-02 -1.714542064921008302e-02
1.402000000000000000e+03 2.898030162569579261e+04 -1.193915444843140250e+01 2.609958538588785792e-02 -1.383478199810068976e-02
1.403000000000000000e+03 2.900097231159143848e+04 -1.137832723531565549e+01 2.788536700913042676e-02 -1.010646417333457836e-02
1.404000000000000000e+03 2.902164299748708436e+04 -1.078633512337028932e+01 2.908929600103610930e-02 -6.034120987243402068e-03
1.405000000000000000e+03 2.904231368338273023e+04 -1.017573583418985450e+01 2.966620530492460051e-02 -1.700266847875248066e-03
1.406000000000000000e+03 2.906298436927837611e+04 -9.559893500222578666e+00 2.958379961002140929e-02 2.805046403184560666e-03
1.407000000000000000e+03 2.908365505517402198e+04 -8.952700975512856374e+00 2.882369973814956354e-02 7.385302691301803835e-03
1.408000000000000000e+03 2.910432574106966786e+04 -8.368282212947148579e+00 2.738229937437531084e-02 1.193896433640759258e-02
1.409000000000000000e+03 2.912499642696531373e+04 -7.820679156576321844e+00 2.527143574551982130e-02 1.636052375049266983e-02
1.410000000000000000e+03 2.914566711286095961e+04 -7.323526392091847192e+00 2.251888891642986681e-02 2.054174939194677862e-02
1.411000000000000000e+03 2.916633779875660548e+04 -6.889717397555372713e+00 1.916864248037785171e-02 2.437363870284934425e-02
1.412000000000000000e+03 2.918700848465225135e+04 -6.531068416576177427e+00 1.528078111663877525e-02 2.774933354539060870e-02
1.413000000000000000e+03 2.920767917054789723e+04 -6.257988944151042787e+00 1.093088072824184749e-02 3.056800753617724270e-02
1.414000000000000000e+03 2.922834985644354310e+04 -6.079170812383654088e+00 6.208786274295537665e-03 3.273918764114792240e-02
1.415000000000000000e+03 2.924902054233918898e+04 -6.001309202412715038e+00 1.216739608990236379e-03 3.418714677613292341e-02
1.416000000000000000e+03 2.926969122823483485e+04 -6.028869127835196018e+00 -3.933079854901433414e-03 3.485438322886701829e-02
1.417000000000000000e+03 2.929036191413048073e+04 -6.163908118979039230e+00 -9.121458385809574215e-03 3.470409246734568881e-02
1.418000000000000000e+03 2.931103260002612660e+04 -6.405962730241755665e+00 -1.422532717858008069e-02 3.372139562371805760e-02
1.419000000000000000e+03 2.933170328592177248e+04 -6.752002658721500516e+00 -1.912104920089376797e-02 3.191355357589519687e-02
1.420000000000000000e+03 2.935237397181741835e+04 -7.196453134295506260e+00 -2.368767956677549774e-02 2.930939795443044532e-02
1.421000000000000000e+03 2.937304465771306423e+04 -7.731283826564575357e+00 -2.781012155751464571e-02 2.595850112302656304e-02
1.422000000000000000e+03 2.939371534360871010e+04 -8.346161709165766496e+00 -3.138206356875240799e-02 2.192906916446252935e-02
1.423000000000000000e+03 2.941438602950435597e+04 -9.028661384138354506e+00 -3.430874379610227010e-02 1.730773945541068393e-02
1.424000000000000000e+03 2.943505671540000185e+04 -9.764532242132641926e+00 -3.650945034327135463e-02 1.219623600895532178e-02
1.425000000000000000e+03 2.945572740129564772e+04 -1.053801214467527991e+01 -3.791965316848837364e-02 6.709778338347738291e-03
1.426000000000000000e+03 2.947639808719129360e+04 -1.133218272196799425e+01 -3.849280979758425841e-02 9.742989157671966272e-04
1.427000000000000000e+03 2.949706877308693947e+04 -1.212935770580872941e+01 -3.820167331351061180e-02 -4.877447063320133891e-03
1.428000000000000000e+03 2.951773945898258535e+04 -1.291149230147134475e+01 -3.703912945222587183e-02 -1.070830452346734074e-02
1.429000000000000000e+03 2.953841014487823122e+04 -1.366060612731902069e+01 -3.501846390200356873e-02 -1.638193469635890187e-02
1.430000000000000000e+03 2.955908083077387710e+04 -1.435920363720403969e+01 -3.217300847282434512e-02 -2.176592616925455970e-02
1.431000000000000000e+03 2.957975151666952297e+04 -1.499068243223846508e+01 -2.855531503436237878e-02 -2.673501485047463655e-02
1.432000000000000000e+03 2.960042220256516885e+04 -1.553971953265710759e+01 -2.423585468987328462e-02 -3.117422897262579762e-02
1.433000000000000000e+03 2.962109288846081472e+04 -1.599262591165226333e+01 -1.930137019018164646e-02 -3.498039295798757720e-02
1.434000000000000000e+03 2.964176357435646059e+04 -1.633766465377078347e+01 -1.385298411461930931e-02 -3.806389788604461200e-02
1.435000000000000000e+03 2.966243426025210647e+04 -1.656532727835361385e+01 -8.004086227965877612e-03 -4.034989152326470818e-02
1.436000000000000000e+03 2.968310494614775234e+04 -1.666856455837068651e+01 -1.878049144669155686e-03 -4.177939010762042604e-02
1.437000000000000000e+03 2.970377563204339822e+04 -1.664296840628569996e+01 4.394216555711632360e-03 -4.231031897606903069e-02
1.438000000000000000e+03 2.972444631793904409e+04 -1.648690161800955778e+01 1.067685241510640988e-02 -4.191841860167562495e-02
1.439000000000000000e+03 2.974511700383468997e+04 -1.620157268103202597e+01 1.683175753032490132e-02 -4.059788496387865819e-02
1.440000000000000000e+03 2.976578768973033584e+04 -1.579105367204750543e+01 2.272135995252600599e-02 -3.836161355854793287e-02
1.441000000000000000e+03 2.978645837562598172e+04 -1.526224049163085716e+01 2.821138348557508668e-02 -3.524089370269248289e-02
1.442000000000000000e+03 2.980712906152162759e+04 -1.462475637862360678e+01 3.317355045734021735e-02 -3.128485584504910044e-02
1.443000000000000000e+03 2.982779974741727347e+04 -1.389080040853674269e+01 3.748818918534447403e-02 -2.655974653158037213e-02
1.444000000000000000e+03 2.984847043331291934e+04 -1.307494321172995910e+01 4.104675566615311605e-02 -2.114850347256096164e-02
1.445000000000000000e+03 2.986914111920856521e+04 -1.219387122171595372e+01 4.375432078479667836e-02 -1.515071821667009211e-02
1.446000000000000000e+03 2.988981180510421109e+04 -1.126607956869018956e+01 4.553206915417625650e-02 -8.682829395328675592e-03
1.447000000000000000e+03 2.991048249099985696e+04 -1.031151302238629697e+01 4.631980576581994080e-02 -1.878034201962336391e-03
1.448000000000000000e+03 2.993115317689550284e+04 -9.351155257224958106e+00 4.607834977240311131e-02 5.115136265687353356e-03
1.449000000000000000e+03 2.995182386279114871e+04 -8.406570832916147040e+00 4.479165385685852235e-02 1.213507129658911166e-02
1.450000000000000000e+03 2.997249454868679459e+04 -7.499406841981675953e+00 4.246835518608653437e-02 1.901244678892154150e-02
1.451000000000000000e+03 2.999316523458244046e+04 -6.650870771803465864e+00 3.914252749872546011e-02 2.557556909753780361e-02
1.452000000000000000e+03 3.001383592047808634e+04 -5.881201059805963638e+00 3.487354094053301407e-02 3.165699325051294505e-02
1.453000000000000000e+03 3.003450660637373221e+04 -5.209150750102018890e+00 2.974498194123797318e-02 3.709950637339103074e-02
1.454000000000000000e+03 3.005517729226937809e+04 -4.651502702447953830e+00 2.386274851632473951e-02 4.176119900668859297e-02
1.455000000000000000e+03 3.007584797816502396e+04 -4.222631991726516709e+00 1.735247241709628185e-02 4.551941845908334672e-02
1.456000000000000000e+03 3.009651866406066983e+04 -3.934127688754622820e+00 1.035642708661265246e-02 4.827370904521820216e-02
1.457000000000000000e+03 3.011718934995631571e+04 -3.794483089109447427e+00 3.030044963775738870e-03 4.994810915803449963e-02
1.458000000000000000e+03 3.013786003585196158e+04 -3.808861473362835426e+00 -4.461859015539378255e-03 5.049279309285339273e-02
1.459000000000000000e+03 3.015853072174760746e+04 -3.978942461551192356e+00 -1.194907811846181861e-02 4.988530093023103851e-02
1.460000000000000000e+03 3.017920140764325333e+04 -4.302852754421366832e+00 -1.926013681934939797e-02 4.813108240220492079e-02
1.461000000000000000e+03 3.019987209353889921e+04 -4.775182938551083112e+00 -2.622643905481373411e-02 4.526329155323642606e-02
1.462000000000000000e+03 3.022054277943454508e+04 -5.387089722148102666e+00 -3.268631748879512189e-02 4.134166496136341962e-02
1.463000000000000000e+03 3.024121346533019096e+04 -6.126480142343598168e+00 -3.848884675555388352e-02 3.645047926519825315e-02
1.464000000000000000e+03 3.026188415122583683e+04 -6.978271445687549424e+00 -4.349729524546065013e-02 3.069574772759886550e-02
1.465000000000000000e+03 3.028255483712148271e+04 -7.924717997001820002e+00 -4.759213614316429308e-02 2.420211474831447662e-02
1.466000000000000000e+03 3.030322552301712858e+04 -8.945795640323929376e+00 -5.067354136729165792e-02 1.710902882299507322e-02
1.467000000000000000e+03 3.032389620891277445e+04 -1.001963171064848090e+01 -5.266342671190539504e-02 9.568552729123810940e-03
1.468000000000000000e+03 3.034456689480842033e+04 -1.112297394382431115e+01 -5.350706058688407818e-02 1.741702688754384609e-03
1.469000000000000000e+03 3.036523758070406620e+04 -1.223168699583008490e+01 -5.317420072427768429e-02 -6.204219161949922623e-03
1.470000000000000000e+03 3.038590826659971208e+04 -1.332126834567150553e+01 -5.165990167800915689e-02 -1.409737078164866042e-02
1.471000000000000000e+03 3.040657895249535795e+04 -1.436737819780229231e+01 -4.898486734605335402e-02 -2.176572391304658349e-02
1.472000000000000000e+03 3.042724963839100383e+04 -1.534636995877185583e+01 -4.519526051673255357e-02 -2.903998984997252508e-02
1.473000000000000000e+03 3.044792032428664970e+04 -1.623581226602886929e+01 -4.036205117871213832e-02 -3.575687727732948518e-02
1.474000000000000000e+03 3.046859101018229558e+04 -1.701499252281018215e+01 -3.457980691190231520e-02 -4.176331422497735202e-02
1.475000000000000000e+03 3.048926169607794145e+04 -1.766538892004493988e+01 -2.796496083815261033e-02 -4.691923025671269898e-02
1.476000000000000000e+03 3.050993238197358733e+04 -1.817110236594919215e+01 -2.065355607251794304e-02 -5.110179262469913275e-02
1.477000000000000000e+03 3.053060306786923320e+04 -1.851923526045121804e+01 -1.279856952296941006e-02 -5.420680961894139283e-02
1.478000000000000000e+03 3.055127375376487907e+04 -1.870021278699498168e+01 -4.566936906471268445e-03 -5.615133288817771018e-02
1.479000000000000000e+03 3.057194443966052495e+04 -1.870803869704902311e+01 3.863732222831380014e-03 -5.687521100023920639e-02
1.480000000000000000e+03 3.059261512555617082e+04 -1.854048079666890914e+01 1.230866849968142301e-02 -5.634260671872375059e-02
1.481000000000000000e+03 3.061328581145181670e+04 -1.819918145634791884e+01 2.057968682086914330e-02 -5.454356387387673810e-02
1.482000000000000000e+03 3.063395649734746257e+04 -1.768968831245899054e+01 2.848917243583018455e-02 -5.149568512084014282e-02
1.483000000000000000e+03 3.065462718324310845e+04 -1.702139998665201404e+01 3.585430914358835042e-02 -4.724570000246339219e-02
1.484000000000000000e+03 3.067529786913875432e+04 -1.620742198783395693e+01 4.250150562007383448e-02 -4.187055313965967751e-02
1.485000000000000000e+03 3.069596855503440020e+04 -1.526432944112282186e+01 4.827086014790698404e-02 -3.547683088724838674e-02
1.486000000000000000e+03 3.071663924093004607e+04 -1.421183841177383655e+01 5.302051454738518355e-02 -2.819984924381502278e-02
1.487000000000000000e+03 3.073730992682569195e+04 -1.307238863665372364e+01 5.663062593512457887e-02 -2.019944231302864268e-02
1.488000000000000000e+03 3.075798061272133782e+04 -1.187065065021622345e+01 5.900670486015581473e-02 -1.165567912317461152e-02
1.489000000000000000e+03 3.077865129861698369e+04 -1.063297051285093886e+01 6.008224104200374227e-02 -2.763595977860050512e-03
1.490000000000000000e+03 3.079932198451262957e+04 -9.386768385244675272e+00 5.982048995795870294e-02 6.272786047462994286e-03
1.491000000000000000e+03 3.081999267040827544e+04 -8.159909396761669598e+00 5.821544572378141436e-02 1.524538763421436766e-02
1.492000000000000000e+03 3.084066335630392132e+04 -6.980061999582000354e+00 5.529204151031489461e-02 2.394750080313410440e-02
1.493000000000000000e+03 3.086133404219956719e+04 -5.874060551584146417e+00 5.110560178347344634e-02 3.217838983079191612e-02
1.494000000000000000e+03 3.088200472809521307e+04 -4.867286315633668536e+00 4.574060761761875038e-02 3.974789967812091679e-02
1.495000000000000000e+03 3.090267541399085894e+04 -3.983081086104530488e+00 3.930877246335421488e-02 4.648109201837508087e-02
1.496000000000000000e+03 3.092334609988650482e+04 -3.242207738566809549e+00 3.194648612966059092e-02 5.222207930192378222e-02
1.497000000000000000e+03 3.094401678578215069e+04 -2.662369525592853670e+00 2.381169750977307417e-02 5.683771522529469655e-02
1.498000000000000000e+03 3.096468747167779657e+04 -2.257799498833480190e+00 1.508031755385999019e-02 6.022033611766965111e-02
1.499000000000000000e+03 3.098535815757344244e+04 -2.038928510867968669e+00 5.942281042963130228e-03 6.228959386676951454e-02
1.500000000000000000e+03 3.100602884346908832e+04 -2.012137448947990404e+00 -3.402598440239476552e-03 6.299339551885860256e-02
1.501000000000000000e+03 3.102669952936473419e+04 -2.179596598042381927e+00 -1.274887005795518301e-02 6.230825764662256683e-02
1.502000000000000000e+03 3.104737021526038006e+04 -2.539193225932796061e+00 -2.188968400650304763e-02 6.023890831206062113e-02
1.503000000000000000e+03 3.106804090115602594e+04 -3.084546162949139969e+00 -3.062105273187397392e-02 5.681899246760360733e-02
1.504000000000000000e+03 3.108871158705167181e+04 -3.805109551561979941e+00 -3.874610940853483176e-02 5.211032986442409864e-02
1.505000000000000000e+03 3.110938227294731769e+04 -4.686363477473486583e+00 -4.607932473412629931e-02 4.620309830230724668e-02
1.506000000000000000e+03 3.113005295884296356e+04 -5.710092047287210093e+00 -5.245067993824724384e-02 3.921506335989000808e-02
1.507000000000000000e+03 3.115072364473860944e+04 -6.854746537506668957e+00 -5.770966697472294099e-02 3.129003178384540118e-02
1.508000000000000000e+03 3.117139433063425531e+04 -8.095888845640923037e+00 -6.172898099832099805e-02 2.259527268274234835e-02
1.509000000000000000e+03 3.119206501652990119e+04 -9.406707291255905545e+00 -6.440775613372171082e-02 1.331797343863798389e-02
1.510000000000000000e+03 3.121273570242554706e+04 -1.075859383820803217e+01 -6.567422555440262377e-02 3.661065753209680196e-03
1.511000000000000000e+03 3.123340638832119294e+04 -1.212176986700568726e+01 -6.548767777457724371e-02 -6.162035783030359037e-03
1.512000000000000000e+03 3.125407707421683881e+04 -1.346594427283521078e+01 -6.383973467059826656e-02 -1.593126555649231058e-02
1.513000000000000000e+03 3.127474776011248468e+04 -1.476099207308037364e+01 -6.075491051036959606e-02 -2.542571429724978238e-02
1.514000000000000000e+03 3.129541844600813056e+04 -1.597763561639112240e+01 -5.629039532757922071e-02 -3.442822060505600079e-02
1.515000000000000000e+03 3.131608913190377643e+04 -1.708811423459667722e+01 -5.053516249800867055e-02 -4.272983957056854243e-02
1.516000000000000000e+03 3.133675981779942231e+04 -1.806682855775469676e+01 -4.360837518417554071e-02 -5.013477394053589276e-02
1.517000000000000000e+03 3.135743050369506818e+04 -1.889094428629986666e+01 -3.565706704493736695e-02 -5.646517258639746628e-02
1.518000000000000000e+03 3.137810118959071406e+04 -1.954094062344650595e+01 -2.685310028382633177e-02 -6.156602046069455103e-02
1.519000000000000000e+03 3.139877187548635993e+04 -2.000108828888239998e+01 -1.738940664196317668e-02 -6.530986191034746091e-02
1.520000000000000000e+03 3.141944256138200581e+04 -2.025984254866188294e+01 -7.475560829884660141e-03 -6.760102708270407379e-02
1.521000000000000000e+03 3.144011324727765168e+04 -2.031013822849908834e+01 2.667155526470437604e-03 -6.837823598845370332e-02
1.522000000000000000e+03 3.146078393317329756e+04 -2.014957868041686595e+01 1.281109359982650700e-02 -6.761740614445015118e-02
1.523000000000000000e+03 3.148145461906894343e+04 -1.978051004493560683e+01 2.272772048619785268e-02 -6.533076757781969279e-02
1.524000000000000000e+03 3.150212530496458930e+04 -1.920998353782837853e+01 3.219299953257233338e-02 -6.156636966514669740e-02
1.525000000000000000e+03 3.152279599086023518e+04 -1.844960728218261892e+01 4.099257778246301331e-02 -5.640598840118109247e-02
1.526000000000000000e+03 3.154346667675588105e+04 -1.751529413904008692e+01 4.892662517920021159e-02 -4.996255038813240956e-02
1.527000000000000000e+03 3.156413736265152693e+04 -1.642691348015607744e+01 5.581426189203364530e-02 -4.237718697681067126e-02
1.528000000000000000e+03 3.158480804854717280e+04 -1.520785598690493856e+01 6.149752174716385800e-02 -3.381596087339870660e-02
1.529000000000000000e+03 3.160547873444281868e+04 -1.388452156936346071e+01 6.584480512705782884e-02 -2.446629504210710848e-02
1.530000000000000000e+03 3.162614942033846455e+04 -1.248574141762201783e+01 6.875373065504139514e-02 -1.453248356183592382e-02
1.531000000000000000e+03 3.164682010623411043e+04 -1.104214802831498865e+01 7.015336922144635445e-02 -4.231900074552347180e-03
1.532000000000000000e+03 3.166749079212975630e+04 -9.585504898226366421e+00 7.000575157846665453e-02 6.210949631242718150e-03
1.533000000000000000e+03 3.168816147802540218e+04 -8.148014224780716575e+00 6.830664166572972262e-02 1.656832425292767419e-02
1.534000000000000000e+03 3.170883216392104805e+04 -6.761614629308822622e+00 6.508562109195051293e-02 2.661458539090785780e-02
1.535000000000000000e+03 3.172950284981669392e+04 -5.457285364951181883e+00 6.040547342638835637e-02 3.613024629597966914e-02
1.536000000000000000e+03 3.175017353571233980e+04 -4.264369494159444329e+00 5.436098238951186240e-02 4.490578073633424983e-02
1.537000000000000000e+03 3.177084422160798567e+04 -3.209927781046451489e+00 4.707721406541195974e-02 5.274473164061573016e-02
1.538000000000000000e+03 3.179151490750363155e+04 -2.318132884582969844e+00 3.870726859230491645e-02 5.946771494582044071e-02
1.539000000000000000e+03 3.181218559339927742e+04 -1.609716199146543403e+00 2.942951213917694223e-02 6.491538334121327303e-02
1.540000000000000000e+03 3.183285627929492330e+04 -1.101476481600891066e+00 1.944418323972648549e-02 6.895385026105108062e-02
1.541000000000000000e+03 3.185352696519056917e+04 -8.058669906549865702e-01 8.969344038121331367e-03 7.147804839208289629e-02
1.542000000000000000e+03 3.187419765108621505e+04 -7.306714949969015382e-01 -1.763751997950094991e-03 7.241619435113405556e-02
1.543000000000000000e+03 3.189486833698186092e+04 -8.787829177498769351e-01 -1.251584954946426999e-02 7.173279396283145648e-02
1.544000000000000000e+03 3.191553902287750680e+04 -1.248093884505188544e+00 -2.304523906693923402e-02 6.943043853536545740e-02
1.545000000000000000e+03 3.193620970877315267e+04 -1.831504714035437464e+00 -3.311346819549148418e-02 6.555020464059052587e-02
1.546000000000000000e+03 3.195688039466879854e+04 -2.617050084474151550e+00 -4.249101804546575462e-02 6.017078303285244845e-02
1.547000000000000000e+03 3.197755108056444442e+04 -3.588141688843569099e+00 -5.096277754279403965e-02 5.340664266741240729e-02
1.548000000000000000e+03 3.199822176646009029e+04 -4.723921218387747700e+00 -5.833314980741468453e-02 4.540493343224441536e-02
1.549000000000000000e+03 3.201889245235573617e+04 -5.999714122789079340e+00 -6.443075033744984081e-02 3.634311092245799679e-02
1.550000000000000000e+03 3.203956313825138204e+04 -7.387576822880225436e+00 -6.911254986643711185e-02 2.642386662391617291e-02
1.551000000000000000e+03 3.206023382414702792e+04 -8.856921742261720354e+00 -7.226736448269710511e-02 1.587144673919105298e-02
1.552000000000000000e+03 3.208090451004267379e+04 -1.037520880633627485e+01 -7.381864741214687331e-02 4.925971048133456764e-03
1.553000000000000000e+03 3.210157519593831967e+04 -1.190868589005763845e+01 -7.372643738817996617e-02 -6.162193246039879280e-03
1.554000000000000000e+03 3.212224588183396554e+04 -1.342316086524849439e+01 -7.198839699660737612e-02 -1.713900569618093117e-02
1.555000000000000000e+03 3.214291656772961142e+04 -1.488478497495357189e+01 -6.863985394856764177e-02 -2.775354576999466971e-02
1.556000000000000000e+03 3.216358725362525729e+04 -1.626082658703626649e+01 -6.375285344303791013e-02 -3.776447760980095048e-02
1.557000000000000000e+03 3.218425793952090316e+04 -1.752041539189800190e+01 -5.743424496341366370e-02 -4.694653022156036748e-02
1.558000000000000000e+03 3.220492862541654904e+04 -1.863523706162093774e+01 -4.982293622203082251e-02 -5.509518299383629747e-02
1.559000000000000000e+03 3.222559931131219491e+04 -1.958016392198684841e+01 -4.108650187893045369e-02 -6.203063045750767390e-02
1.560000000000000000e+03 3.224626999720784079e+04 -2.033380941140145026e+01 -3.141726999717531915e-02 -6.760081929918272670e-02
1.561000000000000000e+03 3.226694068310348666e+04 -2.087899696160750196e+01 -2.102798927962305775e-02 -7.168403163988325277e-02
1.562000000000000000e+03 3.228761136899913254e+04 -2.120313533423366792e+01 -1.014717178845704441e-02 -7.419065242672484572e-02
1.563000000000000000e+03 3.230828205489477841e+04 -2.129849496314422197e+01 9.858172066474647083e-04 -7.506479218452938307e-02
1.564000000000000000e+03 3.232895274079042429e+04 -2.116238029857539971e+01 1.212587472632396107e-02 -7.428541725387068084e-02
1.565000000000000000e+03 3.234962342668607016e+04 -2.079719466778862014e+01 2.302741344342441529e-02 -7.186706784093346845e-02
1.566000000000000000e+03 3.237029411258171604e+04 -2.021039543801897764e+01 3.344959498932856268e-02 -6.785887109039573373e-02
1.567000000000000000e+03 3.239096479847736191e+04 -1.941434252506662617e+01 4.316150867475558595e-02 -6.234479620703410607e-02
1.568000000000000000e+03 3.241163548437300778e+04 -1.842603946082279975e+01 5.194712938700304927e-02 -5.544043884250705878e-02
1.569000000000000000e+03 3.243230617026865366e+04 -1.726677693558814042e+01 5.960988959115214036e-02 -4.729106315777502345e-02
1.570000000000000000e+03 3.245297685616429953e+04 -1.596168485279706317e+01 6.597687650817203597e-02 -3.806853466018034204e-02
1.571000000000000000e+03 3.247364754205994541e+04 -1.453920235423558793e+01 7.090256939689433546e-02 -2.796822172644884696e-02
1.572000000000000000e+03 3.249431822795559128e+04 -1.303047537040211523e+01 7.427211593065560780e-02 -1.720591490981288052e-02
1.573000000000000000e+03 3.251498891385123716e+04 -1.146869119582035346e+01 7.600410611209812428e-02 -6.014171331824830213e-03
1.574000000000000000e+03 3.253565959974688303e+04 -9.888361361956995665e+00 7.605282031122082009e-02 5.361079924644240879e-03
1.575000000000000000e+03 3.255633028564252891e+04 -8.324563275557787634e+00 7.440985514178269367e-02 1.666548427596028364e-02
1.576000000000000000e+03 3.257700097153817478e+04 -6.812155875604316790e+00 7.110493491080807638e-02 2.764223386655768194e-02
1.577000000000000000e+03 3.259767165743382066e+04 -5.384987725214395837e+00 6.620579759135915288e-02 3.803850282935353211e-02
1.578000000000000000e+03 3.261834234332946653e+04 -4.075117382640859987e+00 5.981706477201614858e-02 4.761263343538690157e-02
1.579000000000000000e+03 3.263901302922511240e+04 -2.912068211010632623e+00 5.207806209948675352e-02 5.614102025491898157e-02
1.580000000000000000e+03 3.265968371512075828e+04 -1.922138855215943742e+00 4.315967385569937503e-02 6.342417496153168743e-02
1.581000000000000000e+03 3.268035440101640415e+04 -1.127788087751225188e+00 3.326033770037804815e-02 6.929218897886742223e-02
1.582000000000000000e+03 3.270102508691205003e+04 -5.471108684406621459e-01 2.260136585632523815e-02 7.360830094189961537e-02
1.583000000000000000e+03 3.272169577280769590e+04 -1.934166188938526432e-01 1.142175057979756027e-02 7.627224321516791472e-02
1.584000000000000000e+03 3.274236645870334178e+04 -7.492003121383704334e-02 -2.742348057749831314e-05 7.722216565960494938e-02
1.585000000000000000e+03 3.276303714459898765e+04 -1.945503432002183009e-01 -1.148885033827131211e-02 7.643651147343588637e-02
1.586000000000000000e+03 3.278370783049463353e+04 -5.498848645028313609e-01 -2.270500953899953073e-02 7.393396217667164150e-02
1.587000000000000000e+03 3.280437851639027940e+04 -1.133206584076847268e+00 -3.342416725253057053e-02 6.977341515880841616e-02
1.588000000000000000e+03 3.282504920228592528e+04 -1.931685789704051359e+00 -4.340625770350255846e-02 6.405240188499916609e-02
1.589000000000000000e+03 3.284571988818157115e+04 -2.927680821866013972e+00 -5.242843851581024256e-02 5.690429798205837164e-02
1.590000000000000000e+03 3.286639057407721702e+04 -4.099149358823098055e+00 -6.029014060209363091e-02 4.849433672470632173e-02
1.591000000000000000e+03 3.288706125997286290e+04 -5.420157939846484751e+00 -6.681745274188687078e-02 3.901467599143635528e-02
1.592000000000000000e+03 3.290773194586850877e+04 -6.861474514772580413e+00 -7.186673861313744305e-02 2.867904112390634586e-02
1.593000000000000000e+03 3.292840263176415465e+04 -8.391227500279859086e+00 -7.532742769654879322e-02 1.771700651729825327e-02
1.594000000000000000e+03 3.294907331765980052e+04 -9.975613709257331152e+00 -7.712402217293991280e-02 6.369203167970738377e-03
1.595000000000000000e+03 3.296974400355544640e+04 -1.157964037497127663e+01 -7.721740247357798681e-02 -5.117291547848165645e-03
1.596000000000000000e+03 3.299041468945109227e+04 -1.316788705367541112e+01 -7.560545474891583462e-02 -1.649343441625218676e-02
1.597000000000000000e+03 3.301108537534673815e+04 -1.470527358919597027e+01 -7.232304545167639320e-02 -2.751248881523747636e-02
1.598000000000000000e+03 3.303175606124238402e+04 -1.615782096477173368e+01 -6.744133656357066686e-02 -3.793459200711198076e-02
1.599000000000000000e+03 3.305242674713802990e+04 -1.749339095817225598e+01 -6.106639896598728412e-02 -4.753159734371800726e-02
1.600000000000000000e+03 3.307309743303367577e+04 -1.868238966838003279e+01 -5.333709484476364254e-02 -5.609203182326695514e-02
1.601000000000000000e+03 3.309376811892932164e+04 -1.969841962641707767e+01 -4.442223876732640658e-02 -6.342580907896827602e-02
1.602000000000000000e+03 3.311443880482496752e+04 -2.051886595706165650e+01 -3.451705184108871255e-02 -6.936899376178595755e-02
1.603000000000000000e+03 3.313510949072061339e+04 -2.112540189971885596e+01 -2.383904790446728789e-02 -7.378665166479000947e-02
1.604000000000000000e+03 3.315578017661625927e+04 -2.150440489963067847e+01 -1.262342461788006770e-02 -7.657663720291785214e-02
1.605000000000000000e+03 3.317645086251190514e+04 -2.164727159012599245e+01 -1.118034815093758502e-03 -7.767143321157561620e-02
1.606000000000000000e+03 3.319712154840755102e+04 -2.155062599259707667e+01 1.042191246602217763e-02 -7.703993522602739508e-02
1.607000000000000000e+03 3.321779223430319689e+04 -2.121641543209186054e+01 2.173937879663812023e-02 -7.468872181223690232e-02
1.608000000000000000e+03 3.323846292019884277e+04 -2.065189025125351208e+01 3.258118169376720413e-02 -7.066290949811050714e-02
1.609000000000000000e+03 3.325913360609448864e+04 -1.986946468629016493e+01 4.270376367178201765e-02 -6.504642017129221021e-02
1.610000000000000000e+03 3.327980429199013452e+04 -1.888645808041086838e+01 5.187893191454218816e-02 -5.796131980387644878e-02
1.611000000000000000e+03 3.330047497788578039e+04 -1.772471847387591026e+01 5.989939991335971325e-02 -4.956582476441906415e-02
1.612000000000000000e+03 3.332114566378142626e+04 -1.641013471851733030e+01 6.658392085060123311e-02 -4.005082220612390942e-02
1.613000000000000000e+03 3.334181634967707214e+04 -1.497204784666919153e+01 7.178178498906367944e-02 -2.963482316334971334e-02
1.614000000000000000e+03 3.336248703557271801e+04 -1.344257725744180831e+01 7.537648761639238748e-02 -1.855788942471782443e-02
1.615000000000000000e+03 3.338315772146836389e+04 -1.185588044779813544e+01 7.728844552365832232e-02 -7.074950745380781392e-03
1.616000000000000000e+03 3.340382840736400976e+04 -1.024736689587716931e+01 7.747671152428872721e-02 4.550945229734496000e-03
1.617000000000000000e+03 3.342449909325965564e+04 -8.652886911505774492e+00 7.593970023344598363e-02 1.605513851723846391e-02
1.618000000000000000e+03 3.344516977915530151e+04 -7.107915514806953716e+00 7.271496991797977982e-02 2.717750612095738011e-02
1.619000000000000000e+03 3.346584046505094739e+04 -5.646750305333900322e+00 6.787811935459570067e-02 3.766817743029178545e-02
1.620000000000000000e+03 3.348651115094659326e+04 -4.301740946074865235e+00 6.154083535343388145e-02 4.729320550443699700e-02
1.621000000000000000e+03 3.350718183684223914e+04 -3.102567750640854882e+00 5.384812175012336499e-02 5.583986950659930448e-02
1.622000000000000000e+03 3.352785252273788501e+04 -2.075585724540215171e+00 4.497479193113762541e-02 6.312124577855812713e-02
1.623000000000000000e+03 3.354852320863353088e+04 -1.243248156179658670e+00 3.512128454839780201e-02 6.898071049192877613e-02
1.624000000000000000e+03 3.356919389452917676e+04 -6.236236422371144172e-01 2.450889466665731251e-02 7.329527405127550521e-02
1.625000000000000000e+03 3.358986458042482263e+04 -2.300168295717455180e-01 1.337458321623799865e-02 7.597790017922802230e-02
1.626000000000000000e+03 3.361053526632046851e+04 -7.070002494103469481e-02 1.965564569579423063e-03 7.697816143494504160e-02
1.627000000000000000e+03 3.363120595221611438e+04 -1.487576939209702132e-01 -9.466172985125110087e-03 7.628248331705135554e-02
1.628000000000000000e+03 3.365187663811176026e+04 -4.620446017597839017e-01 -2.066926250103218177e-02 7.391277039708331331e-02
1.629000000000000000e+03 3.367254732400740613e+04 -1.003253359627968244e+00 -3.139816674454767170e-02 6.992527469230239157e-02
1.630000000000000000e+03 3.369321800990305201e+04 -1.760087886711135141e+00 -4.141814600625078752e-02 6.440850218995941567e-02
1.631000000000000000e+03 3.371388869579869788e+04 -2.715536332578431189e+00 -5.051001740147410130e-02 5.748251090985737055e-02
1.632000000000000000e+03 3.373455938169434376e+04 -3.848241295290145025e+00 -5.847471192505723087e-02 4.929690141444831308e-02
1.633000000000000000e+03 3.375523006758998963e+04 -5.132961138660965261e+00 -6.513753317753266658e-02 4.002882672925407725e-02
1.634000000000000000e+03 3.377590075348563551e+04 -6.541116271950193628e+00 -7.035205325402631160e-02 2.988011801088793357e-02
1.635000000000000000e+03 3.379657143938128138e+04 -8.041411528516498208e+00 -7.400350616160865369e-02 1.907342244782539442e-02
1.636000000000000000e+03 3.381724212527692725e+04 -9.600522734036484707e+00 -7.601153935331253497e-02 7.847459891473618221e-03
1.637000000000000000e+03 3.383791281117257313e+04 -1.118383283735027511e+01 -7.633221056713639097e-02 -3.548351663273899281e-03
1.638000000000000000e+03 3.385858349706821900e+04 -1.275620103074371947e+01 -7.495915408892595000e-02 -1.485965675403241870e-02
1.639000000000000000e+03 3.387925418296386488e+04 -1.428274709570136913e+01 -7.192390876890214502e-02 -2.583263980204873744e-02
1.640000000000000000e+03 3.389992486885951075e+04 -1.572963408384192796e+01 -6.729538875961404987e-02 -3.622004094542695396e-02
1.641000000000000000e+03 3.392059555475515663e+04 -1.706483078225215877e+01 -6.117850934504573401e-02 -4.578646755433757320e-02
1.642000000000000000e+03 3.394126624065080250e+04 -1.825883758431254122e+01 -5.371200249291085971e-02 -5.431394576668589769e-02
1.643000000000000000e+03 3.396193692654644838e+04 -1.928535864696642932e+01 -4.506540984006882772e-02 -6.160739677122856195e-02
1.644000000000000000e+03 3.398260761244209425e+04 -2.012190344743780912e+01 -3.543527179329131888e-02 -6.749993787821517710e-02
1.645000000000000000e+03 3.400327829833774013e+04 -2.075030139269839680e+01 -2.504052771101380331e-02 -7.185815816434457104e-02
1.646000000000000000e+03 3.402394898423338600e+04 -2.115711321338900319e+01 -1.411726100440708308e-02 -7.458562522741220280e-02
1.647000000000000000e+03 3.404461967012903187e+04 -2.133392832855631127e+01 -2.912907029461038813e-03 -7.562658057354638974e-02
1.648000000000000000e+03 3.406529035602467775e+04 -2.127753678588742403e+01 8.319815677040345164e-03 -7.496595324563007368e-02
1.649000000000000000e+03 3.408596104192032362e+04 -2.098997573541675976e+01 1.932898665908738822e-02 -7.262951374434914453e-02
1.650000000000000000e+03 3.410663172781596950e+04 -2.047844996206515233e+01 2.986940700593036097e-02 -6.868160458598832063e-02
1.651000000000000000e+03 3.412730241371161537e+04 -1.975513347519914831e+01 3.970814182353538113e-02 -6.322230192641356550e-02
1.652000000000000000e+03 3.414797309960726125e+04 -1.883686090779699285e+01 4.862960063088785090e-02 -5.638405908390577148e-02
1.653000000000000000e+03 3.416864378550290712e+04 -1.774471907545552440e+01 5.644009929187208952e-02 -4.832811217517171687e-02
1.654000000000000000e+03 3.418931447139855300e+04 -1.650354977903422693e+01 6.297187036881959910e-02 -3.924067969351899277e-02
1.655000000000000000e+03 3.420998515729419887e+04 -1.514137557014505830e+01 6.808648096577057940e-02 -2.932881938682968537e-02
1.656000000000000000e+03 3.423065584318984475e+04 -1.368876125546752398e+01 7.167762028375984640e-02 -1.881612136566153393e-02
1.657000000000000000e+03 3.425132652908549062e+04 -1.217812442087903335e+01 7.367316082556812917e-02 -7.937277109657983609e-03
1.658000000000000000e+03 3.427199721498113649e+04 -1.064301172273800411e+01 7.403646430374437315e-02 3.066615494178595580e-03
1.659000000000000000e+03 3.429266790087678237e+04 -9.117355423985159746e+00 7.276688397831847233e-02 1.395413032928971564e-02
1.660000000000000000e+03 3.431333858677242824e+04 -7.634728918096473471e+00 6.989943134360958321e-02 2.448863810274455599e-02
1.661000000000000000e+03 3.433400927266807412e+04 -6.227617044809050206e+00 6.550367758658290351e-02 3.444344039792669038e-02
1.662000000000000000e+03 3.435467995856371999e+04 -4.926717029292576377e+00 5.968198582529797569e-02 4.360560758032478584e-02
1.663000000000000000e+03 3.437535064445936587e+04 -3.760281879562739960e+00 5.256714109860449735e-02 5.178021499523267901e-02
1.664000000000000000e+03 3.439602133035501174e+04 -2.753519305129819905e+00 4.431946559946350200e-02 5.879300789890185008e-02
1.665000000000000000e+03 3.441669201625065762e+04 -1.928054374623907830e+00 3.512347633618713438e-02 6.449387100973485998e-02
1.666000000000000000e+03 3.443736270214630349e+04 -1.301466611312832811e+00 2.518414472770481513e-02 6.875869566531153665e-02
1.667000000000000000e+03 3.445803338804194937e+04 -8.869072841901366466e-01 1.472271119522372725e-02 7.149347864727889634e-02
1.668000000000000000e+03 3.447870407393759524e+04 -6.928095340152599091e-01 3.972012150769291608e-03 7.263676045269877590e-02
1.669000000000000000e+03 3.449937475983324111e+04 -7.226988531056507403e-01 -6.828566857687838609e-03 7.216219898893097562e-02
1.670000000000000000e+03 3.452004544572888699e+04 -9.751118552806328221e-01 -1.743844840570411142e-02 7.008015734666382668e-02
1.671000000000000000e+03 3.454071613162453286e+04 -1.443628232109141596e+00 -2.762137054793144253e-02 6.643812830404954850e-02
1.672000000000000000e+03 3.456138681752017874e+04 -2.117017204487731341e+00 -3.715086645444122537e-02 6.131993820196096623e-02
1.673000000000000000e+03 3.458205750341582461e+04 -2.979496014570863771e+00 -4.581554086602596110e-02 5.484381910360325296e-02
1.674000000000000000e+03 3.460272818931147049e+04 -4.011094513249279458e+00 -5.342401266302142931e-02 4.715986035499544760e-02
1.675000000000000000e+03 3.462339887520711636e+04 -5.188117984655567838e+00 -5.980938121193668522e-02 3.844617250771098504e-02
1.676000000000000000e+03 3.464406956110276224e+04 -6.483696378539116623e+00 -6.483313675891927419e-02 2.890526995871550708e-02
1.677000000000000000e+03 3.466474024699840811e+04 -7.868408795801781430e+00 -6.838844755661839525e-02 1.875933242929696959e-02
1.678000000000000000e+03 3.468541093289405399e+04 -9.310968615206608234e+00 -7.040270036284798638e-02 8.244933746252416928e-03
1.679000000000000000e+03 3.470608161878969986e+04 -1.077895300661326594e+01 -7.083920853478037349e-02 -2.392846646654650522e-03
1.680000000000000000e+03 3.472675230468534573e+04 -1.223955867264388608e+01 -6.969795143443016650e-02 -1.290752201475545147e-02
1.681000000000000000e+03 3.474742299058099161e+04 -1.366036192995551168e+01 -6.701527347810164181e-02 -2.305804763564960058e-02
1.682000000000000000e+03 3.476809367647663748e+04 -1.501006200919724876e+01 -6.286255705151785889e-02 -3.261572846048889363e-02
1.683000000000000000e+03 3.478876436237228336e+04 -1.625918627277366468e+01 -5.734388778625450905e-02 -4.137082045387234508e-02
1.684000000000000000e+03 3.480943504826792923e+04 -1.738073699412696982e+01 -5.059291773189686370e-02 -4.913668273898016969e-02
1.685000000000000000e+03 3.483010573416357511e+04 -1.835076689473430278e+01 -4.276915862277202995e-02 -5.575326594212107190e-02
1.686000000000000000e+03 3.485077642005922098e+04 -1.914887268195176517e+01 -3.405388108695651256e-02 -6.108890681944556533e-02
1.687000000000000000e+03 3.487144710595486686e+04 -1.975860105368664676e+01 -2.464580095116703298e-02 -6.504138794892595776e-02
1.688000000000000000e+03 3.489211779185051273e+04 -2.016776390216815784e+01 -1.475663310633100293e-02 -6.753865359834987370e-02
1.689000000000000000e+03 3.491278847774615861e+04 -2.036866050932317407e+01 -4.606545447272238428e-03 -6.853943352292451996e-02
1.690000000000000000e+03 3.493345916364180448e+04 -2.035820481017732320e+01 5.580471765306058152e-03 -6.803375306645108311e-02
1.691000000000000000e+03 3.495412984953745035e+04 -2.013795615130284133e+01 1.558128911223761320e-02 -6.604312783665458597e-02
1.692000000000000000e+03 3.497480053543309623e+04 -1.971405294400068442e+01 2.517830204938315691e-02 -6.262011197284192421e-02
1.693000000000000000e+03 3.499547122132874210e+04 -1.909705060520582265e+01 3.416400683027710078e-02 -5.784756861208874279e-02
1.694000000000000000e+03 3.501614190722438798e+04 -1.830166603574993189e+01 4.234532321683585898e-02 -5.183600471382779351e-02
1.695000000000000000e+03 3.503681259312003385e+04 -1.734643685447614914e+01 4.954758955229404682e-02 -4.472184372922538564e-02
1.696000000000000000e+03 3.505748327901567973e+04 -1.625330071470617099e+01 5.561817309691820949e-02 -3.666399491671833155e-02
1.697000000000000000e+03 3.507815396491132560e+04 -1.504710528212397591e+01 6.042958521564799346e-02 -2.784064577813656627e-02
1.698000000000000000e+03 3.509882465080697148e+04 -1.375505876511245695e+01 6.388210435689571642e-02 -1.844587077931170160e-02
1.699000000000000000e+03 3.511949533670261735e+04 -1.240613145509538562e+01 6.590588669074105843e-02 -8.686153887856568057e-03
1.700000000000000000e+03 3.514016602259826323e+04 -1.103041900019571564e+01 6.646255249458291048e-02 1.223162404721825358e-03
1.701000000000000000e+03 3.516083670849390910e+04 -9.658478362218518853e+00 6.554618988628804765e-02 1.106213748970195920e-02
1.702000000000000000e+03 3.518150739438955497e+04 -8.320649594604006438e+00 6.318371171308152789e-02 2.061064421172396216e-02
1.703000000000000000e+03 3.520217808028520085e+04 -7.046377045134153860e+00 5.943449766586867550e-02 2.965353998944447039e-02
1.704000000000000000e+03 3.522284876618084672e+04 -5.863545929370604703e+00 5.438921005572526501e-02 3.798657406929917962e-02
1.705000000000000000e+03 3.524351945207649260e+04 -4.797852490785694535e+00 4.816779051714258769e-02 4.542146125280744490e-02
1.706000000000000000e+03 3.526419013797213847e+04 -3.872223393236305267e+00 4.091668009153619223e-02 5.179121999344972471e-02
1.707000000000000000e+03 3.528486082386778435e+04 -3.106300806656108193e+00 3.280532131913111576e-02 5.695446012076583325e-02
1.708000000000000000e+03 3.530553150976343022e+04 -2.516006407849281423e+00 2.402208254146709354e-02 6.079884130291410976e-02
1.709000000000000000e+03 3.532620219565907610e+04 -2.113194961108193048e+00 1.476973918950409172e-02 6.324355389755437207e-02
1.710000000000000000e+03 3.534687288155472197e+04 -1.905405128755565114e+00 5.260595559864666634e-03 6.424165792994414315e-02
1.711000000000000000e+03 3.536754356745036785e+04 -1.895714724224203618e+00 -4.288566667818285646e-03 6.378006692620573348e-02
1.712000000000000000e+03 3.538821425334601372e+04 -2.082700357821586579e+00 -1.366165104611199825e-02 6.188105398895930170e-02
1.713000000000000000e+03 3.540888493924165959e+04 -2.460506119404424208e+00 -2.264845656161433921e-02 5.860138369610392445e-02
1.714000000000000000e+03 3.542955562513730547e+04 -3.019018621034230243e+00 -3.104973655883423722e-02 5.403115208023466509e-02
1.715000000000000000e+03 3.545022631103295134e+04 -3.744144822504886783e+00 -3.868198756595943311e-02 4.829132555394624604e-02
1.716000000000000000e+03 3.547089699692859722e+04 -4.618185050624724397e+00 -4.538177149695937079e-02 4.152994615129402406e-02
1.717000000000000000e+03 3.549156768282424309e+04 -5.620289510508178488e+00 -5.100937740472362425e-02 3.391707191632688245e-02
1.718000000000000000e+03 3.551223836871988897e+04 -6.726982686755773599e+00 -5.545166129319878401e-02 2.563881708664681597e-02
1.719000000000000000e+03 3.553290905461553484e+04 -7.912737256475149472e+00 -5.862400181958301454e-02 1.689145900829818608e-02
1.720000000000000000e+03 3.555357974051118072e+04 -9.150579341872580486e+00 -6.047136650283960885e-02 7.875406141738164334e-03
1.721000000000000000e+03 3.557425042640682659e+04 -1.041270650179657054e+01 -6.096861264506305694e-02 -1.209029836917660528e-03
1.722000000000000000e+03 3.559492111230247247e+04 -1.167110542483144719e+01 -6.012021235364700678e-02 -1.016512698289973038e-02
1.723000000000000000e+03 3.561559179819811834e+04 -1.289815855288016522e+01 -5.795946855383128649e-02 -1.880308422024792869e-02
1.724000000000000000e+03 3.563626248409376421e+04 -1.406722936314112893e+01 -5.454734821661230693e-02 -2.694182204191268581e-02
1.725000000000000000e+03 3.565693316998941009e+04 -1.515322075573224581e+01 -4.997092924175843692e-02 -3.441236137815116558e-02
1.726000000000000000e+03 3.567760385588505596e+04 -1.613309612768104984e+01 -4.434139930137247221e-02 -4.106045141041363145e-02
1.727000000000000000e+03 3.569827454178070184e+04 -1.698635502999645652e+01 -3.779162392119516517e-02 -4.674971681144347857e-02
1.728000000000000000e+03 3.571894522767634771e+04 -1.769545370280389562e+01 -3.047326311404908658e-02 -5.136456288257965075e-02
1.729000000000000000e+03 3.573961591357199359e+04 -1.824616153008825137e+01 -2.255348640370544860e-02 -5.481265463232004587e-02
1.730000000000000000e+03 3.576028659946763946e+04 -1.862784576940935111e+01 -1.421136397866853800e-02 -5.702677969191286000e-02
1.731000000000000000e+03 3.578095728536328534e+04 -1.883367881199177418e+01 -5.634019284380096387e-03 -5.796618369760911382e-02
1.732000000000000000e+03 3.580162797125893121e+04 -1.886076385532422250e+01 2.987379156646430278e-03 -5.761739031400868460e-02
1.733000000000000000e+03 3.582229865715457709e+04 -1.871017645959529574e+01 1.146172366157035237e-02 -5.599469152920037718e-02
1.734000000000000000e+03 3.584296934305022296e+04 -1.838692047606218338e+01 1.960212546594963107e-02 -5.314035667404092000e-02
1.735000000000000000e+03 3.586364002894586883e+04 -1.789979770280790206e+01 2.723007512965578553e-02 -4.912445460255025764e-02
1.736000000000000000e+03 3.588431071484151471e+04 -1.726119181622224730e+01 3.417952236534946980e-02 -4.404395124263810191e-02
1.737000000000000000e+03 3.590498140073716058e+04 -1.648676936105318092e+01 4.030079993860716941e-02 -3.802152157757468509e-02
1.738000000000000000e+03 3.592565208663280646e+04 -1.559510146247377804e+01 4.546417037641302394e-02 -3.120168081005017524e-02
1.739000000000000000e+03 3.594632277252845233e+04 -1.460721819033921065e+01 4.956287577252658366e-02 -2.374799142051446654e-02
1.740000000000000000e+03 3.596699345842409821e+04 -1.354610418811609840e+01 5.251559521174080369e-02 -1.583791429680946050e-02
1.741000000000000000e+03 3.598766414431974408e+04 -1.243615144384959770e+01 5.426815175017075943e-02 -7.657896708190878310e-03
1.742000000000000000e+03 3.600833483021538996e+04 -1.130258435018599172e+01 5.479448793920236455e-02 6.015220056335146559e-04
1.743000000000000000e+03 3.602900551611103583e+04 -1.017087214584152299e+01 5.409689689713345628e-02 8.750796692122086995e-03
1.744000000000000000e+03 3.604967620200668171e+04 -9.066144422806363679e+00 5.220557758795785902e-02 1.660535020759948410e-02
1.745000000000000000e+03 3.607034688790232758e+04 -8.012621953198573621e+00 4.917761819711141680e-02 2.398926686642604417e-02
1.746000000000000000e+03 3.609101757379797345e+04 -7.033074225109333000e+00 4.509533279466383660e-02 3.074026920338181895e-02
1.747000000000000000e+03 3.611168825969361933e+04 -6.148319034082296852e+00 4.006403704121818538e-02 3.671226173700255224e-02
1.748000000000000000e+03 3.613235894558926520e+04 -5.376771974328206305e+00 3.420935686857494440e-02 4.177904842317236439e-02
1.749000000000000000e+03 3.615302963148491108e+04 -4.734057293037524872e+00 2.767401428528654811e-02 4.583762517495107436e-02
1.750000000000000000e+03 3.617370031738055695e+04 -4.232690260802627336e+00 2.061419158094604867e-02 4.881053957903526419e-02
1.751000000000000000e+03 3.619437100327620283e+04 -3.881838334712696348e+00 1.319558625120731063e-02 5.064767756035762347e-02
1.752000000000000000e+03 3.621504168917184870e+04 -3.687166623587394554e+00 5.589280779025754785e-03 5.132695886465726831e-02
1.753000000000000000e+03 3.623571237506749458e+04 -3.650769799981066210e+00 -2.032404324801846685e-03 5.085386601166186349e-02
1.754000000000000000e+03 3.625638306096314045e+04 -3.771189006409259026e+00 -9.499910323379441579e-03 4.925994245837372887e-02
1.755000000000000000e+03 3.627705374685878633e+04 -4.043509124643835939e+00 -1.665015589209059566e-02 4.660048477342514095e-02
1.756000000000000000e+03 3.629772443275443220e+04 -4.459529291527160488e+00 -2.332989579975079317e-02 4.295206488271524625e-02
1.757000000000000000e+03 3.631839511865007808e+04 -5.007999020753453934e+00 -2.939871052314659700e-02 3.841005989815662186e-02
1.758000000000000000e+03 3.633906580454572395e+04 -5.674912313449156365e+00 -3.473165250468512183e-02 3.308651904309321823e-02
1.759000000000000000e+03 3.635973649044136982e+04 -6.443853179875628001e+00 -3.922158369829049224e-02 2.710815795426941427e-02
1.760000000000000000e+03 3.638040717633701570e+04 -7.296386387363493320e+00 -4.278120519444077174e-02 2.061423621043447646e-02
1.761000000000000000e+03 3.640107786223266157e+04 -8.212486889498590514e+00 -4.534474343664567780e-02 1.375407586519016012e-02
1.762000000000000000e+03 3.642174854812830745e+04 -9.171000284558646243e+00 -4.686923394373398305e-02 6.684146838627891274e-03
1.763000000000000000e+03 3.644241923402395332e+04 -1.015012531553957764e+01 -4.733531605191738240e-02 -4.355740328114421356e-04
1.764000000000000000e+03 3.646308991991959920e+04 -1.112790718431931225e+01 -4.674751641898240023e-02 -7.444816003918233727e-03
1.765000000000000000e+03 3.648376060581524507e+04 -1.208273177213629346e+01 -4.513399439370758409e-02 -1.418701596666416265e-02
1.766000000000000000e+03 3.650443129171089095e+04 -1.299380842697570237e+01 -4.254573707734922439e-02 -2.051269465833249761e-02
1.767000000000000000e+03 3.652510197760653682e+04 -1.384163090678557850e+01 -3.905522711888440718e-02 -2.628314929694004765e-02
1.768000000000000000e+03 3.654577266350218270e+04 -1.460840509169088364e+01 -3.475462057056096649e-02 -3.137332936753571555e-02
1.769000000000000000e+03 3.656644334939782857e+04 -1.527843459725845321e+01 -2.975345789588034612e-02 -3.567521967090318824e-02
1.770000000000000000e+03 3.658711403529347444e+04 -1.583845385664105088e+01 -2.417590145964674045e-02 -3.910080553674544213e-02
1.771000000000000000e+03 3.660778472118912032e+04 -1.627789952789136763e+01 -1.815755350612652252e-02 -4.158473183537335360e-02
1.772000000000000000e+03 3.662845540708476619e+04 -1.658911202695811937e+01 -1.184192862725181455e-02 -4.308627607713327867e-02
1.773000000000000000e+03 3.664912609298041207e+04 -1.676746110199653828e+01 -5.376710731747969332e-03 -4.359026442123495326e-02
1.774000000000000000e+03 3.666979677887605794e+04 -1.681139262433354631e+01 1.090028698599955492e-03 -4.310667467446813172e-02
1.775000000000000000e+03 3.669046746477170382e+04 -1.672239782030453981e+01 7.413476509879150626e-03 -4.166921210342756920e-02
1.776000000000000000e+03 3.671113815066734969e+04 -1.650490933567261820e+01 1.345542281979293306e-02 -3.933269881196563289e-02
1.777000000000000000e+03 3.673180883656299557e+04 -1.616613218290243736e+01 1.908721911717421726e-02 -3.617049810085665174e-02
1.778000000000000000e+03 3.675247952245864144e+04 -1.571581751368764834e+01 2.419233017510375935e-02 -3.227164453273097255e-02
1.779000000000000000e+03 3.677315020835428732e+04 -1.516598806663576049e+01 2.866848348112388534e-02 -2.773831794293009356e-02
1.780000000000000000e+03 3.679382089424993319e+04 -1.453062307940196973e+01 3.242945633850256165e-02 -2.268351183214230293e-02
1.781000000000000000e+03 3.681449158014557906e+04 -1.382530985515622923e+01 3.540651980981167346e-02 -1.722876439857666531e-02
1.782000000000000000e+03 3.683516226604122494e+04 -1.306686898010877229e+01 3.754952926305926697e-02 -1.150168965030816393e-02
1.783000000000000000e+03 3.685583295193687081e+04 -1.227296080530406819e+01 3.882767365778153762e-02 -5.633871158702022375e-03
1.784000000000000000e+03 3.687650363783251669e+04 -1.146167968763143996e+01 3.922975711744668831e-02 2.433021417432706945e-04
1.785000000000000000e+03 3.689717432372816256e+04 -1.065114883102958920e+01 3.876407693834530571e-02 5.999882164734460233e-03
1.786000000000000000e+03 3.691784500962380844e+04 -9.859119570777027164e+00 3.745786897545800437e-02 1.151191546133283061e-02
1.787000000000000000e+03 3.693851569551945431e+04 -9.102589143205648270e+00 3.535623908238724744e-02 1.666377969443463836e-02
1.788000000000000000e+03 3.695918638141510019e+04 -8.397444145730219134e+00 3.252076876096875180e-02 2.135021490229323249e-02
1.789000000000000000e+03 3.697985706731074606e+04 -7.758135950919777812e+00 2.902781934853072149e-02 2.547833381784887080e-02
1.790000000000000000e+03 3.700052775320639194e+04 -7.197394273752127702e+00 2.496661241688718363e-02 2.896861178744260940e-02
1.791000000000000000e+03 3.702119843910203781e+04 -6.725981944624138009e+00 2.043718361708988032e-02 3.175559351322201213e-02
1.792000000000000000e+03 3.704186912499768368e+04 -6.352493067471097099e+00 1.554823734311462473e-02 3.378851599084577162e-02
1.793000000000000000e+03 3.706253981089332956e+04 -6.083196483923173581e+00 1.041489334225988855e-02 3.503213419815549151e-02
1.794000000000000000e+03 3.708321049678897543e+04 -5.921927089642070818e+00 5.156288723203807794e-03 3.546783403114416033e-02
1.795000000000000000e+03 3.710388118268462131e+04 -5.870028434753954194e+00 -1.069918447158457395e-04 3.509482273821593057e-02
1.796000000000000000e+03 3.712455186858026718e+04 -5.926350279273104427e+00 -5.255642055021315234e-03 3.393103156065079007e-02
1.797000000000000000e+03 3.714522255447591306e+04 -6.087303886952544651e+00 -1.017444897007630661e-02 3.201340738438678002e-02
1.798000000000000000e+03 3.716589324037155893e+04 -6.346975956916565131e+00 -1.475509115611587513e-02 2.939739490626842172e-02
1.799000000000000000e+03 3.718656392626720481e+04 -6.697299596251946596e+00 -1.889880080195133205e-02 2.615563095238222779e-02
1.800000000000000000e+03 3.720723461216285068e+04 -7.128278307279616754e+00 -2.251878672987612379e-02 2.237604453894224271e-02
1.801000000000000000e+03 3.722790529805849656e+04 -7.628257130740585978e+00 -2.554234483085417520e-02 1.815956623619462140e-02
1.802000000000000000e+03 3.724857598395414243e+04 -8.184233881353366158e+00 -2.791261732704571411e-02 1.361771077579749384e-02
1.803000000000000000e+03 3.726924666984978830e+04 -8.782203021326065340e+00 -2.958995859751385044e-02 8.869719796406869139e-03
1.804000000000000000e+03 3.728991735574543418e+04 -9.407523361022146702e+00 -3.055286508900699818e-02 4.039574964422421033e-03
1.805000000000000000e+03 3.731058804164108005e+04 -1.004530037625991312e+01 -3.079839562456568314e-02 -7.478471753654680754e-04
1.806000000000000000e+03 3.733125872753672593e+04 -1.068077128511264107e+01 -3.034197036968423744e-02 -5.371260135267036384e-03
1.807000000000000000e+03 3.735192941343237180e+04 -1.129967905419341889e+01 -2.921647392611501082e-02 -9.717811826196201541e-03
1.808000000000000000e+03 3.737260009932801768e+04 -1.188862039612277499e+01 -2.747063908300568028e-02 -1.368788415003127645e-02
1.809000000000000000e+03 3.739327078522366355e+04 -1.243535295786837658e+01 -2.516679191484178305e-02 -1.719885557026192002e-02
1.810000000000000000e+03 3.741394147111930943e+04 -1.292905009746835177e+01 -2.237816219190427031e-02 -2.018716621923417887e-02
1.811000000000000000e+03 3.743461215701495530e+04 -1.336049688104974287e+01 -1.918603957931205861e-02 -2.260832024047523814e-02
1.812000000000000000e+03 3.745528284291060118e+04 -1.372222729291915044e+01 -1.567704430320515999e-02 -2.443534883208271780e-02
1.813000000000000000e+03 3.747595352880624705e+04 -1.400860739817711575e+01 -1.194067854028782807e-02 -2.565658365969636368e-02
1.814000000000000000e+03 3.749662421470189292e+04 -1.421587132389350039e+01 -8.067225215665472376e-03 -2.627322588216814137e-02
1.815000000000000000e+03 3.751729490059753880e+04 -1.434211755514203368e+01 -4.145961349253645192e-03 -2.629756010142556000e-02
1.816000000000000000e+03 3.753796558649318467e+04 -1.438727105346532475e+01 -2.635880004122357137e-04 -2.575183656850880964e-02
1.817000000000000000e+03 3.755863627238883055e+04 -1.435301464466679988e+01 3.497209277153887335e-03 -2.466763927959939040e-02
1.818000000000000000e+03 3.757930695828447642e+04 -1.424269162450654846e+01 7.059112612545406090e-03 -2.308534657352098729e-02
1.819000000000000000e+03 3.759997764418012230e+04 -1.406118124563495719e+01 1.035144037188583110e-02 -2.105354943566496717e-02
1.820000000000000000e+03 3.762064833007576817e+04 -1.381474887951701902e+01 1.331130342302542374e-02 -1.862812777433897615e-02
1.821000000000000000e+03 3.764131901597141405e+04 -1.351087370179695490e+01 1.588461002362876601e-02 -1.587114469983823273e-02
1.822000000000000000e+03 3.766198970186705992e+04 -1.315805731077048613e+01 1.802689605776493578e-02 -1.284961076395291224e-02
1.823000000000000000e+03 3.768266038776270580e+04 -1.276561708962990416e+01 1.970396737277054292e-02 -9.634200625424374498e-03
1.824000000000000000e+03 3.770333107365835167e+04 -1.234346826984927681e+01 2.089235672368632696e-02 -6.298050903811053258e-03
1.825000000000000000e+03 3.772400175955399754e+04 -1.190189840271967192e+01 2.157961195032319368e-02 -2.915699730290877145e-03
1.826000000000000000e+03 3.774467244544964342e+04 -1.145133750909914028e+01 2.176443687759958834e-02 4.378272821988909991e-04
1.827000000000000000e+03 3.776534313134528929e+04 -1.100212672593470487e+01 2.145667254655362829e-02 3.688243630648430083e-03
1.828000000000000000e+03 3.778601381724093517e+04 -1.056428923194804170e+01 2.067712519275953509e-02 6.762829925359523098e-03
1.829000000000000000e+03 3.780668450313658104e+04 -1.014730600576572606e+01 1.945719691515410826e-02 9.592251135791790562e-03
1.830000000000000000e+03 3.782735518903222692e+04 -9.759902020262261502e+00 1.783822267566203407e-02 1.211267644796967802e-02
1.831000000000000000e+03 3.784802587492787279e+04 -9.409849410035311834e+00 1.587052119289849433e-02 1.426749511253756764e-02
1.832000000000000000e+03 3.786869656082351867e+04 -9.103792903105052403e+00 1.361215629574561575e-02 1.600948234313251395e-02
1.833000000000000000e+03 3.788936724671916454e+04 -8.847104195731706255e+00 1.112741668212734528e-02 1.730240864471171980e-02
1.834000000000000000e+03 3.791003793261481042e+04 -8.643770232972592282e+00 8.485084790922562195e-03 1.812225775940375788e-02
1.835000000000000000e+03 3.793070861851045629e+04 -8.496319150709531698e+00 5.756556129652394202e-03 1.845801359912426637e-02
1.836000000000000000e+03 3.795137930440610216e+04 -8.405786305779185952e+00 3.013869297852920896e-03 1.831207057949750527e-02
1.837000000000000000e+03 3.797204999030174804e+04 -8.371721659536630611e+00 3.276982984773703887e-04 1.770032887494848300e-02
1.838000000000000000e+03 3.799272067619739391e+04 -8.392238808586458987e+00 -2.234652612108004640e-03 1.665206512972035313e-02
1.839000000000000000e+03 3.801339136209303979e+04 -8.464105263998170869e+00 -4.611223274008310197e-03 1.520964882220860598e-02
1.840000000000000000e+03 3.803406204798868566e+04 -8.582873104369898698e+00 -6.747295496202581136e-03 1.342780059820761207e-02
1.841000000000000000e+03 3.805473273388433154e+04 -8.743047715692396693e+00 -8.597149828014401945e-03 1.137244225499535466e-02
1.842000000000000000e+03 3.807540341977997741e+04 -8.938291071755291028e+00 -1.012557572490471389e-02 9.118540615465742238e-03
1.843000000000000000e+03 3.809607410567562329e+04 -9.161652906336572144e+00 -1.130897850270285582e-02 6.746857960974406154e-03
1.844000000000000000e+03 3.811674479157126916e+04 -9.405819756615267480e+00 -1.213592312566589941e-02 4.339651459227933383e-03
1.845000000000000000e+03 3.813741547746691504e+04 -9.663368616305273662e+00 -1.260699415651311134e-02 1.975805798791419043e-03
1.846000000000000000e+03 3.815808616336256091e+04 -9.927010189210330182e+00 -1.273395869269194729e-02 -2.736440248449351076e-04
1.847000000000000000e+03 3.817875684925820678e+04 -1.018980793699481602e+01 -1.253833861175645582e-02 -2.348954647241704996e-03
1.848000000000000000e+03 3.819942753515385266e+04 -1.044536230740407667e+01 -1.204962313225317605e-02 -4.203054540384346116e-03
1.849000000000000000e+03 3.822009822104949853e+04 -1.068795588685025777e+01 -1.130336498917420933e-02 -5.801724139357325449e-03
1.850000000000000000e+03 3.824076890694514441e+04 -1.091265892191421116e+01 -1.033937908870606603e-02 -7.122041817531815644e-03
1.851000000000000000e+03 3.826143959284079028e+04 -1.111540000184757382e+01 -9.200164403252058740e-03 -8.150945020044028655e-03
1.852000000000000000e+03 3.828211027873643616e+04 -1.129300633905007167e+01 -7.929552857838665855e-03 -8.883625949375001385e-03
1.853000000000000000e+03 3.830278096463208203e+04 -1.144321859468218960e+01 -6.571553222248480847e-03 -9.322521517496865084e-03
1.854000000000000000e+03 3.832345165052772791e+04 -1.156468336405731456e+01 -5.169322060878270807e-03 -9.476619982606751535e-03
1.855000000000000000e+03 3.834412233642337378e+04 -1.165692545990989082e+01 -3.764220789955457364e-03 -9.360999906143904759e-03
1.856000000000000000e+03 3.836479302231901966e+04 -1.172030141523937630e+01 -2.394960516985205311e-03 -8.996114335194996259e-03
1.857000000000000000e+03 3.838546370821466553e+04 -1.175593641306804216e+01 -1.096860885045444333e-03 -8.406978203571655039e-03
1.858000000000000000e+03 3.840613439411031140e+04 -1.176564714889136631e+01 9.875927688195152397e-05 -7.622213860942556041e-03
1.859000000000000000e+03 3.842680508000595728e+04 -1.175185356908462531e+01 1.165056224231458956e-03 -6.673194589946682131e-03
1.860000000000000000e+03 3.844747576590160315e+04 -1.171748212636765274e+01 2.080031154335699149e-03 -5.593501268722642084e-03
1.861000000000000000e+03 3.846814645179724903e+04 -1.166586222779576154e+01 2.826846130363201617e-03 -4.418742643342923881e-03
1.862000000000000000e+03 3.848881713769289490e+04 -1.160061642949553118e+01 3.394127793827808864e-03 -3.186571341738136942e-03
1.863000000000000000e+03 3.850948782358854078e+04 -1.152554432876396540e+01 3.776263946722010437e-03 -1.936572265727798392e-03
1.864000000000000000e+03 3.853015850948418665e+04 -1.144450049769204192e+01 3.973648192985219582e-03 -7.096778516690049887e-04
1.865000000000000000e+03 3.855082919537983253e+04 -1.136126826144996471e+01 3.992792021545810491e-03 4.530243469696715319e-04
1.866000000000000000e+03 3.857149988127547840e+04 -1.127943299824400825e+01 3.846223171975856909e-03 1.511964464062390268e-03
1.867000000000000000e+03 3.859217056717112428e+04 -1.120226011930502530e+01 3.552115837731982528e-03 2.431012660526796210e-03
1.868000000000000000e+03 3.861284125306677015e+04 -1.113258365675059025e+01 3.133646954206228269e-03 3.179229053901957980e-03
1.869000000000000000e+03 3.863351193896241602e+04 -1.107271085550853229e+01 2.618125171926731758e-03 3.732161306292156033e-03
1.870000000000000000e+03 3.865418262485806190e+04 -1.102434677062182544e+01 2.035970383878535957e-03 4.072550596406376844e-03
1.871000000000000000e+03 3.867485331075370777e+04 -1.098854104691254996e+01 1.419575901197479666e-03 4.191198932937470478e-03
1.872000000000000000e+03 3.869552399664935365e+04 -1.096565955550446070e+01 8.022133724797197822e-04 4.085528794954482179e-03
1.873000000000000000e+03 3.871619468254499952e+04 -1.095537644562491764e+01 2.168913532764939764e-04 3.761644884580306325e-03
1.874000000000000000e+03 3.873686536844064540e+04 -1.095669296943033899e+01 -3.047747176293560652e-04 3.232119448241421722e-03
1.875000000000000000e+03 3.875753605433629127e+04 -1.096797625053901903e+01 -7.336288250533147884e-04 2.517352729003344280e-03
1.876000000000000000e+03 3.877820674023193715e+04 -1.098702219144367831e+01 -1.044093111836801816e-03 1.644915389662868210e-03
1.877000000000000000e+03 3.879887742612758302e+04 -1.101114049206019274e+01 -1.215222993710377616e-03 6.493531680931419192e-04
1.878000000000000000e+03 3.881954811202322890e+04 -1.103726117703598675e+01 -1.231697196432202665e-03 -4.284902486253183707e-04
1.879000000000000000e+03 3.884021879791887477e+04 -1.106206054379218884e+01 -1.084663678647668043e-03 -1.542728179717470227e-03
1.880000000000000000e+03 3.886088948381452064e+04 -1.108210266144347145e+01 -7.723516470607885275e-04 -2.644311900214468825e-03
1.881000000000000000e+03 3.888156016971016652e+04 -1.109399062038694694e+01 -3.003601531228179233e-04 -3.683485631195970722e-03
1.882000000000000000e+03 3.890223085560581239e+04 -1.109451996220501258e+01 3.184276575913284825e-04 -4.612350271343476638e-03
1.883000000000000000e+03 3.892290154150145827e+04 -1.108082638420583343e+01 1.064305280441214720e-03 -5.387326928822488981e-03
1.884000000000000000e+03 3.894357222739710414e+04 -1.105052012190685495e+01 1.911526356490833578e-03 -5.971020631335505202e-03
1.885000000000000000e+03 3.896424291329275002e+04 -1.100180126241328971e+01 2.829314895780856917e-03 -6.333396138597721658e-03
1.886000000000000000e+03 3.898491359918839589e+04 -1.093355236288573629e+01 3.783006040697762650e-03 -6.452352227719837519e-03
1.887000000000000000e+03 3.900558428508404177e+04 -1.084540660319609806e+01 4.735243540222759846e-03 -6.313907707470034492e-03
1.888000000000000000e+03 3.902625497097968764e+04 -1.073779089916707008e+01 5.647191572494382819e-03 -5.912207766003652054e-03
1.889000000000000000e+03 3.904692565687533352e+04 -1.061194395682095148e+01 6.479743534141308922e-03 -5.249476957858531523e-03
1.890000000000000000e+03 3.906759634277097939e+04 -1.046990941260990837e+01 7.194719621088576864e-03 -4.335915948813204301e-03
1.891000000000000000e+03 3.908826702866662527e+04 -1.031450437803142073e+01 7.756046930588588774e-03 -3.189570440215325209e-03
1.892000000000000000e+03 3.910893771456227114e+04 -1.014926379282173130e+01 8.130893972329010858e-03 -1.835851025734386299e-03
1.893000000000000000e+03 3.912960840045791701e+04 -9.978362067325786455e+00 8.290724816634802499e-03 -3.069359418933631511e-04
1.894000000000000000e+03 3.915027908635356289e+04 -9.806513855757934550e+00 8.212285959335938537e-03 1.358533722694982293e-03
1.895000000000000000e+03 3.917094977224920876e+04 -9.638854900224465894e+00 7.878486483781515365e-03 3.116579758220772156e-03
1.896000000000000000e+03 3.919162045814485464e+04 -9.480806416879248744e+00 7.279165056590134256e-03 4.918278276745000066e-03
1.897000000000000000e+03 3.921229114404050051e+04 -9.337924231289786547e+00 6.411777398472987693e-03 6.710434427409969760e-03
1.898000000000000000e+03 3.923296182993614639e+04 -9.215734743605969115e+00 5.281974518434285996e-03 8.436372172093808963e-03
1.899000000000000000e+03 3.925363251583179226e+04 -9.119560158931060201e+00 3.904032173002236657e-03 1.003713907511678827e-02
1.900000000000000000e+03 3.927430320172743814e+04 -9.054336698056713928e+00 2.301053119751473447e-03 1.145334756783925045e-02
1.901000000000000000e+03 3.929497388762308401e+04 -9.024431466395899548e+00 5.048428939157477684e-04 1.262771062689005408e-02
1.902000000000000000e+03 3.931564457351872989e+04 -9.033465800283151381e+00 -1.444597852253917333e-03 1.350764668288488568e-02
1.903000000000000000e+03 3.933631525941437576e+04 -9.084153123294832710e+00 -3.500023672921252250e-03 1.404860931126516999e-02
1.904000000000000000e+03 3.935698594531002163e+04 -9.178161580223715532e+00 -5.608283925180923557e-03 1.421597636699439837e-02
1.905000000000000000e+03 3.937765663120566751e+04 -9.316007274156868689e+00 -7.711940374692712215e-03 1.398688800476428906e-02
1.906000000000000000e+03 3.939832731710131338e+04 -9.496983774486169594e+00 -9.751076471043862784e-03 1.335097829669174008e-02
1.907000000000000000e+03 3.941899800299695926e+04 -9.719130151911620885e+00 -1.166516609942729564e-02 1.231044098934051811e-02
1.908000000000000000e+03 3.943966868889260513e+04 -9.979237743209777634e+00 -1.339491564810758872e-02 1.087960600234520736e-02
1.909000000000000000e+03 3.946033937478825101e+04 -1.027289433983304257e+01 -1.488403127171010823e-02 9.084360060685359173e-03
1.910000000000000000e+03 3.948101006068389688e+04 -1.059456401376677448e+01 -1.608083973447375220e-02 6.960763068678016419e-03
1.911000000000000000e+03 3.950168074657954276e+04 -1.093769831401211690e+01 -1.693984181741857095e-02 4.555527647885193598e-03
1.912000000000000000e+03 3.952235143247518863e+04 -1.129488031242636481e+01 -1.742311404591218374e-02 1.923506092631727116e-03
1.913000000000000000e+03 3.954302211837083451e+04 -1.165799374954626799e+01 -1.750153118287055276e-02 -8.721995075798988362e-04
1.914000000000000000e+03 3.956369280426648038e+04 -1.201841761997432201e+01 -1.715584701740497861e-02 -3.762247165665061344e-03
1.915000000000000000e+03 3.958436349016212625e+04 -1.236723999948734942e+01 -1.637750375423592183e-02 -6.672683638232826397e-03
1.916000000000000000e+03 3.960503417605777213e+04 -1.269548609169148179e+01 -1.516914265658046365e-02 -9.527320957192136897e-03
1.917000000000000000e+03 3.962570486195341800e+04 -1.299435316580820121e+01 -1.354474008561222347e-02 -1.225038205357538434e-02
1.918000000000000000e+03 3.964637554784906388e+04 -1.325544422738720485e+01 -1.152934865232258660e-02 -1.476914923075729746e-02
1.919000000000000000e+03 3.966704623374470975e+04 -1.347099225495531094e+01 -9.158470559877607969e-03 -1.701624676330708297e-02
1.920000000000000000e+03 3.968771691964035563e+04 -1.363406796384271580e+01 -6.477136079466536307e-03 -1.893131145319899844e-02
1.921000000000000000e+03 3.970838760553600150e+04 -1.373876594575933474e+01 -3.538789540208261888e-03 -2.046190265415195886e-02
1.922000000000000000e+03 3.972905829143164738e+04 -1.378036637791560359e+01 -4.040781810916130486e-04 -2.156389453639959153e-02
1.923000000000000000e+03 3.974972897732729325e+04 -1.375547109207659169e+01 2.860400694986532655e-03 -2.220164284869483029e-02
1.924000000000000000e+03 3.977039966322293913e+04 -1.366211348931209280e+01 6.183381626654037636e-03 -2.234820774478429861e-02
1.925000000000000000e+03 3.979107034911858500e+04 -1.349984161332163879e+01 9.490261191996859219e-03 -2.198577839480056473e-02
1.926000000000000000e+03 3.981174103501423087e+04 -1.326977307297727293e+01 1.270450240898146968e-02 -2.110624317638876146e-02
1.927000000000000000e+03 3.983241172090987675e+04 -1.297462005580855937e+01 1.574912089173891375e-02 -1.971171555108580664e-02
1.928000000000000000e+03 3.985308240680552262e+04 -1.261868281080587728e+01 1.854823315924888222e-02 -1.781484143982894897e-02
1.929000000000000000e+03 3.987375309270116850e+04 -1.220781065270046639e+01 2.102862197842935918e-02 -1.543872022077796835e-02
1.930000000000000000e+03 3.989442377859681437e+04 -1.174933073133707850e+01 2.312128632354113617e-02 -1.261677748869817484e-02
1.931000000000000000e+03 3.991509446449246025e+04 -1.125194495850601939e+01 2.476296519929146317e-02 -9.392541896847406147e-03
1.932000000000000000e+03 3.993576515038810612e+04 -1.072559578037832573e+01 2.589766562104288058e-02 -5.819924047703345371e-03
1.933000000000000000e+03 3.995643583628375200e+04 -1.018129993553990431e+01 2.647826395666802793e-02 -1.963921131914764251e-03
1.934000000000000000e+03 3.997710652217939787e+04 -9.630948025757724906e+00 2.646821137724247874e-02 2.098691965902815815e-03
1.935000000000000000e+03 3.999777720807504375e+04 -9.087067768342796725e+00 2.584333625354763575e-02 6.278754060011521032e-03
1.936000000000000000e+03 4.001844789397068962e+04 -8.562549053372416452e+00 2.459362591668439943e-02 1.047560292766028245e-02
1.937000000000000000e+03 4.003911857986633549e+04 -8.070333535625172416e+00 2.272475604098848564e-02 1.457957356988502651e-02
1.938000000000000000e+03 4.005978926576198137e+04 -7.623076465015484082e+00 2.025912398088172695e-02 1.847615023805378870e-02
1.939000000000000000e+03 4.008045995165762724e+04 -7.232793558965645353e+00 1.723618100505998341e-02 2.205121380489492855e-02
1.940000000000000000e+03 4.010113063755327312e+04 -6.910509097823280378e+00 1.371196580768119754e-02 2.519650254709378950e-02
1.941000000000000000e+03 4.012180132344891899e+04 -6.665922082520801872e+00 9.757870235698408792e-03 2.781444472782018673e-02
1.942000000000000000e+03 4.014247200934456487e+04 -6.507105356518081862e+00 5.458770109123195664e-03 2.982183795443529156e-02
1.943000000000000000e+03 4.016314269524021074e+04 -6.440249037916343511e+00 9.106965776667823656e-04 3.115232966224901201e-02
1.944000000000000000e+03 4.018381338113585662e+04 -6.469455910711701563e+00 -3.781787476057133814e-03 3.175789095125920031e-02
1.945000000000000000e+03 4.020448406703150249e+04 -6.596593319999676908e+00 -8.508389768253741756e-03 3.160973897567181945e-02
1.946000000000000000e+03 4.022515475292714837e+04 -6.821204415466311843e+00 -1.315598626741523551e-02 3.069869249417763596e-02
1.947000000000000000e+03 4.024582543882279424e+04 -7.140479839562033249e+00 -1.761155279679068458e-02 2.903527146010120158e-02
1.948000000000000000e+03 4.026649612471844011e+04 -7.549290167460418033e+00 -2.176507780037837195e-02 2.664934489827704145e-02
1.949000000000000000e+03 4.028716681061408599e+04 -8.040278012973889332e+00 -2.551238596770709702e-02 2.358928794829953657e-02
1.950000000000000000e+03 4.030783749650973186e+04 -8.604007201034360008e+00 -2.875779500851441753e-02 1.992058792996486555e-02
1.951000000000000000e+03 4.032850818240537774e+04 -9.229164708318668531e+00 -3.141652022293014990e-02 1.572385707499013296e-02
1.952000000000000000e+03 4.034917886830102361e+04 -9.902809243959183050e+00 -3.341674388941633100e-02 1.109232614360698699e-02
1.953000000000000000e+03 4.036984955419666949e+04 -1.061065874150543920e+01 -3.470128502722485270e-02 6.128993192050680161e-03
1.954000000000000000e+03 4.039052024009231536e+04 -1.133740796990530697e+01 -3.522884815341694592e-02 9.438305568032351323e-04
1.955000000000000000e+03 4.041119092598796124e+04 -1.206706765079484889e+01 -3.497483324156541729e-02 -4.349304919794114155e-03
1.956000000000000000e+03 4.043186161188360711e+04 -1.278331555428333033e+01 -3.393179655157566726e-02 -9.634262743726237921e-03
1.957000000000000000e+03 4.045253229777925299e+04 -1.346985466758004613e+01 -3.210958581463670136e-02 -1.479537370312751510e-02
1.958000000000000000e+03 4.047320298367489886e+04 -1.411076987951064865e+01 -2.953516853356332253e-02 -1.971878921129441298e-02
1.959000000000000000e+03 4.049387366957054473e+04 -1.469087905084458079e+01 -2.625221284288263568e-02 -2.429445929430093520e-02
1.960000000000000000e+03 4.051454435546619061e+04 -1.519607237099241104e+01 -2.232037718031643081e-02 -2.841805845028298749e-02
1.961000000000000000e+03 4.053521504136183648e+04 -1.561363406237792972e+01 -1.781430359730869911e-02 -3.199303298065153678e-02
1.962000000000000000e+03 4.055588572725748236e+04 -1.593254011921171553e+01 -1.282230708627590463e-02 -3.493262903874538861e-02
1.963000000000000000e+03 4.057655641315312823e+04 -1.614372582685378887e+01 -7.444774536889560944e-03 -3.716175746636007915e-02
1.964000000000000000e+03 4.059722709904877411e+04 -1.624031731124361499e+01 -1.792304706697288134e-03 -3.861860107239625806e-02
1.965000000000000000e+03 4.061789778494441998e+04 -1.621782216209664540e+01 4.016349026067526397e-03 -3.925565137300422724e-02
1.966000000000000000e+03 4.063856847084006586e+04 -1.607427593291335910e+01 9.856486467547234676e-03 -3.904069031943664669e-02
1.967000000000000000e+03 4.065923915673571173e+04 -1.581034149048592674e+01 1.559976594143180212e-02 -3.795711608981007512e-02
1.968000000000000000e+03 4.067990984263135761e+04 -1.542936020927147922e+01 2.111658363485666157e-02 -3.600460955578613231e-02
1.969000000000000000e+03 4.070058052852700348e+04 -1.493735295547538833e+01 2.627856872473077754e-02 -3.320002003691507886e-02
1.970000000000000000e+03 4.072125121442264935e+04 -1.434296812947934541e+01 3.096124815826991131e-02 -2.957875403105467149e-02
1.971000000000000000e+03 4.074192190031829523e+04 -1.365737248424187200e+01 3.504694083375151786e-02 -2.519646195919771070e-02
1.972000000000000000e+03 4.076259258621394110e+04 -1.289407951832378174e+01 3.842789201786663694e-02 -2.013057217475737459e-02
1.973000000000000000e+03 4.078326327210958698e+04 -1.206871071317559441e+01 4.100952258364280040e-02 -1.448029630686627212e-02
1.974000000000000000e+03 4.080393395800523285e+04 -1.119868959820998633e+01 4.271365043577424192e-02 -8.366251044985534291e-03
1.975000000000000000e+03 4.082460464390087873e+04 -1.030286980994693558e+01 4.348139039521319721e-02 -1.926525588699753988e-03
1.976000000000000000e+03 4.084527532979652460e+04 -9.401109271879128926e+00 4.327545521455956196e-02 4.687414597309480513e-03
1.977000000000000000e+03 4.086594601569217048e+04 -8.513803126484386752e+00 4.208175368010471512e-02 1.131605521089204536e-02
1.978000000000000000e+03 4.088661670158781635e+04 -7.661391847360315310e+00 3.991015137571096716e-02 1.779773153619263609e-02
1.979000000000000000e+03 4.090728738748346223e+04 -6.863862720214343405e+00 3.679446002245170128e-02 2.397307219015982344e-02
1.980000000000000000e+03 4.092795807337910810e+04 -6.140258395712280048e+00 3.279175039141302844e-02 2.968962395488549538e-02
1.981000000000000000e+03 4.094862875927475397e+04 -5.508206775595666294e+00 2.798104206444378475e-02 3.480558129076714163e-02
1.982000000000000000e+03 4.096929944517039985e+04 -4.983483732618306128e+00 2.246146831681009731e-02 3.919309364998171258e-02
1.983000000000000000e+03 4.098997013106604572e+04 -4.579618862932075984e+00 1.634995945046763613e-02 4.274141409925579643e-02
1.984000000000000000e+03 4.101064081696169160e+04 -4.307553980203961963e+00 9.778490142761622761e-03 4.535959576450765418e-02
1.985000000000000000e+03 4.103131150285733747e+04 -4.175362666382675947e+00 2.890957227397244686e-03 4.697875003008530892e-02
1.986000000000000000e+03 4.105198218875298335e+04 -4.188037842633407948e+00 -4.160224741813543445e-03 4.755357191078767032e-02
1.987000000000000000e+03 4.107265287464862922e+04 -4.347352064169324848e+00 -1.121768780409694924e-02 4.706295808414969611e-02
1.988000000000000000e+03 4.109332356054427510e+04 -4.651792444781230884e+00 -1.812270062719580771e-02 4.550973370699646497e-02
1.989000000000000000e+03 4.111399424643992097e+04 -5.096569368660522237e+00 -2.471867433323417240e-02 4.291979663492737768e-02
1.990000000000000000e+03 4.113466493233556685e+04 -5.673696350579350955e+00 -3.085447629159176336e-02 3.934039869482373886e-02
1.991000000000000000e+03 4.115533561823121272e+04 -6.372135744456846496e+00 -3.638759234398642600e-02 3.483983240474724380e-02
1.992000000000000000e+03 4.117600630412685859e+04 -7.178009334262093866e+00 -4.118711804908193469e-02 2.950545198852533996e-02
1.993000000000000000e+03 4.119667699002250447e+04 -8.074867704735808616e+00 -4.513656150107930864e-02 2.344312621038281003e-02
1.994000000000000000e+03 4.121734767591815034e+04 -9.044016704658766059e+00 -4.813650691795825359e-02 1.677591893577275173e-02
1.995000000000000000e+03 4.123801836181379622e+04 -1.006489693396525809e+01 -5.010705074358191152e-02 9.642358756655713958e-03
1.996000000000000000e+03 4.125868904770944209e+04 -1.111551091881436015e+01 -5.098992764892928964e-02 2.194011970251152910e-03
1.997000000000000000e+03 4.127935973360508797e+04 -1.217289049051076510e+01 -5.075019662396606374e-02 -5.407988085176992921e-03
1.998000000000000000e+03 4.130003041950073384e+04 -1.321359366592695395e+01 -4.937746754753798151e-02 -1.299563098991281251e-02
1.999000000000000000e+03 4.132070110539637972e+04 -1.421422273450602702e+01 -4.688650406636180740e-02 -2.039970085285049139e-02
2.000000000000000000e+03 4.134137179129202559e+04 -1.515194606252837950e+01 -4.331726622800714799e-02 -2.745161569126829126e-02
