# Recomputed from dipole.dat column 4 (z) with infrared.fourier_transform; original used column 2 (x), which is ~1e-12 noise for this z-oriented geometry.
-3.335641066167240933e+04 4.438992625635752587e-01
-3.332307092088113131e+04 4.439755404759089252e-01
-3.328973118008985330e+04 4.443063594823380980e-01
-3.325639143929857528e+04 4.439024451950326910e-01
-3.322305169850729726e+04 4.437886683476156557e-01
-3.318971195771602652e+04 4.441049002281949876e-01
-3.315637221692474122e+04 4.438311537180583133e-01
-3.312303247613347048e+04 4.443310867990971080e-01
-3.308969273534219246e+04 4.444242150868248920e-01
-3.305635299455091445e+04 4.438924554259329192e-01
-3.302301325375964370e+04 4.442989049310261396e-01
-3.298967351296836569e+04 4.439215371657412867e-01
-3.295633377217708767e+04 4.442552290122206982e-01
-3.292299403138580965e+04 4.443296851159503902e-01
-3.288965429059453163e+04 4.439993533444211438e-01
-3.285631454980325361e+04 4.441323554051573308e-01
-3.282297480901198287e+04 4.440758768374562515e-01
-3.278963506822070485e+04 4.441474324174955468e-01
-3.275629532742942683e+04 4.441212687081000365e-01
-3.272295558663815245e+04 4.439093690023813710e-01
-3.268961584584687080e+04 4.441789371123441299e-01
-3.265627610505559642e+04 4.441691865734206379e-01
-3.262293636426431840e+04 4.441462491902313792e-01
-3.258959662347304402e+04 4.441595916555534096e-01
-3.255625688268176964e+04 4.442423522417658921e-01
-3.252291714189048798e+04 4.443481446131670731e-01
-3.248957740109921360e+04 4.443817106708333187e-01
-3.245623766030793922e+04 4.444328670160174743e-01
-3.242289791951665757e+04 4.446146630362509122e-01
-3.238955817872538319e+04 4.442541371271668260e-01
-3.235621843793410517e+04 4.444356549861205319e-01
-3.232287869714283079e+04 4.443715013188536678e-01
-3.228953895635155641e+04 4.447850612185588193e-01
-3.225619921556027475e+04 4.446044900938175282e-01
-3.222285947476900037e+04 4.446481190116025051e-01
-3.218951973397772599e+04 4.446798463024065340e-01
-3.215617999318644434e+04 4.451024652443969498e-01
-3.212284025239516995e+04 4.447927502168858571e-01
-3.208950051160389557e+04 4.449540492451043439e-01
-3.205616077081261756e+04 4.449805892387954098e-01
-3.202282103002134318e+04 4.446640880630773340e-01
-3.198948128923006152e+04 4.446824523609325119e-01
-3.195614154843878714e+04 4.449513932552440210e-01
-3.192280180764751276e+04 4.449158395546256028e-01
-3.188946206685623110e+04 4.450473063582933708e-01
-3.185612232606495672e+04 4.451680571027698541e-01
-3.182278258527368234e+04 4.452611451406535692e-01
-3.178944284448240433e+04 4.451423662321208896e-01
-3.175610310369112995e+04 4.452826582469394667e-01
-3.172276336289984829e+04 4.454006187059942334e-01
-3.168942362210857391e+04 4.453462864904061957e-01
-3.165608388131729953e+04 4.458605344186099551e-01
-3.162274414052601787e+04 4.456645470693075262e-01
-3.158940439973474349e+04 4.455675243956566112e-01
-3.155606465894346911e+04 4.457323336793283519e-01
-3.152272491815219109e+04 4.458643226393790293e-01
-3.148938517736091671e+04 4.456597558849297314e-01
-3.145604543656963506e+04 4.458303319379997021e-01
-3.142270569577836068e+04 4.453356142926754857e-01
-3.138936595498708630e+04 4.458829439664371286e-01
-3.135602621419580464e+04 4.458510973748651129e-01
-3.132268647340453026e+04 4.460363861044102096e-01
-3.128934673261325588e+04 4.459905611043066820e-01
-3.125600699182197786e+04 4.463180092311091474e-01
-3.122266725103070348e+04 4.461782087146116127e-01
-3.118932751023942910e+04 4.463415877186353575e-01
-3.115598776944814745e+04 4.464202687374310696e-01
-3.112264802865687307e+04 4.463691423188559937e-01
-3.108930828786559141e+04 4.468668290708878721e-01
-3.105596854707431703e+04 4.467713068386102160e-01
-3.102262880628304265e+04 4.466777194661402661e-01
-3.098928906549176099e+04 4.466843151233988451e-01
-3.095594932470048661e+04 4.472422600446291363e-01
-3.092260958390921223e+04 4.473837473133881470e-01
-3.088926984311793422e+04 4.469800197867092595e-01
-3.085593010232665983e+04 4.471263358002380839e-01
-3.082259036153537818e+04 4.471822683221003403e-01
-3.078925062074410380e+04 4.476364679876851382e-01
-3.075591087995282942e+04 4.472860159947391612e-01
-3.072257113916154776e+04 4.473873649985286027e-01
-3.068923139837027338e+04 4.476095771354282604e-01
-3.065589165757899900e+04 4.477642239656569600e-01
-3.062255191678772098e+04 4.479708397524104213e-01
-3.058921217599644660e+04 4.481463726216781129e-01
-3.055587243520517222e+04 4.480326840097288987e-01
-3.052253269441389057e+04 4.484172356479657617e-01
-3.048919295362261619e+04 4.483705285583727274e-01
-3.045585321283133453e+04 4.480408583894360808e-01
-3.042251347204006015e+04 4.485809976159621515e-01
-3.038917373124878577e+04 4.483251173449158689e-01
-3.035583399045750775e+04 4.486171951604626118e-01
-3.032249424966623337e+04 4.486551436950588778e-01
-3.028915450887495899e+04 4.485641469393880088e-01
-3.025581476808367734e+04 4.489069618900771719e-01
-3.022247502729240296e+04 4.491856740460707376e-01
-3.018913528650112130e+04 4.488597362795038181e-01
-3.015579554570984692e+04 4.490646816923776208e-01
-3.012245580491857254e+04 4.492774823611161983e-01
-3.008911606412729452e+04 4.495603301279460506e-01
-3.005577632333602014e+04 4.493591897102751642e-01
-3.002243658254474576e+04 4.497373517399149145e-01
-2.998909684175346410e+04 4.502395698563823601e-01
-2.995575710096218972e+04 4.499402833679403968e-01
-2.992241736017090807e+04 4.499937816733506346e-01
-2.988907761937963369e+04 4.502147484582360026e-01
-2.985573787858835931e+04 4.501396177446577163e-01
-2.982239813779708129e+04 4.503803478065880883e-01
-2.978905839700580691e+04 4.503480337751615270e-01
-2.975571865621453253e+04 4.505397035266004435e-01
-2.972237891542325087e+04 4.507140339899997628e-01
-2.968903917463197649e+04 4.508599802886191776e-01
-2.965569943384070211e+04 4.509373104745605931e-01
-2.962235969304942046e+04 4.509650825056715773e-01
-2.958901995225814608e+04 4.511527930857218149e-01
-2.955568021146686806e+04 4.515032038253254942e-01
-2.952234047067559368e+04 4.515039229994804448e-01
-2.948900072988431930e+04 4.516319395673007997e-01
-2.945566098909303764e+04 4.518794815499283524e-01
-2.942232124830176326e+04 4.520082102461803752e-01
-2.938898150751048888e+04 4.523576635384331524e-01
-2.935564176671920723e+04 4.519734729328092060e-01
-2.932230202592793285e+04 4.523152435997522813e-01
-2.928896228513665483e+04 4.524203014963519287e-01
-2.925562254434538045e+04 4.523973910648189656e-01
-2.922228280355410607e+04 4.526138451371866656e-01
-2.918894306276282441e+04 4.527655676441468824e-01
-2.915560332197155003e+04 4.530259395533860478e-01
-2.912226358118027565e+04 4.530862025324935427e-01
-2.908892384038899399e+04 4.532714962498352596e-01
-2.905558409959771961e+04 4.534500975238688891e-01
-2.902224435880643796e+04 4.535473951426786110e-01
-2.898890461801516358e+04 4.537065699878305436e-01
-2.895556487722388920e+04 4.539251514331418269e-01
-2.892222513643261118e+04 4.539625387108667809e-01
-2.888888539564133680e+04 4.543356791413684093e-01
-2.885554565485006242e+04 4.545511151083648227e-01
-2.882220591405878076e+04 4.545486226862327506e-01
-2.878886617326750638e+04 4.545723674150030647e-01
-2.875552643247623200e+04 4.549417018926523726e-01
-2.872218669168495035e+04 4.548679484891308133e-01
-2.868884695089367597e+04 4.550945080337937543e-01
-2.865550721010239795e+04 4.551299082522632378e-01
-2.862216746931112357e+04 4.556248977098046882e-01
-2.858882772851984919e+04 4.556177603266260978e-01
-2.855548798772856753e+04 4.557671955803597186e-01
-2.852214824693729315e+04 4.560120808568687845e-01
-2.848880850614601877e+04 4.560165847815695339e-01
-2.845546876535473712e+04 4.564621691256605107e-01
-2.842212902456346274e+04 4.563638431388182259e-01
-2.838878928377218472e+04 4.564646399465998594e-01
-2.835544954298091034e+04 4.569230417534292932e-01
-2.832210980218963596e+04 4.570484804308711513e-01
-2.828877006139835430e+04 4.572607094518274518e-01
-2.825543032060707992e+04 4.570402682396517147e-01
-2.822209057981580554e+04 4.575759208684031520e-01
-2.818875083902452388e+04 4.576324200354927596e-01
-2.815541109823324950e+04 4.578680431767672143e-01
-2.812207135744197149e+04 4.580894733932237561e-01
-2.808873161665069711e+04 4.580295267117275859e-01
-2.805539187585942273e+04 4.586008568719162626e-01
-2.802205213506814107e+04 4.584808361574344016e-01
-2.798871239427686669e+04 4.588764849167230597e-01
-2.795537265348559231e+04 4.587735986271230804e-01
-2.792203291269431065e+04 4.595426469590818130e-01
-2.788869317190303627e+04 4.595187366054627187e-01
-2.785535343111176189e+04 4.597944733997046951e-01
-2.782201369032048387e+04 4.597930055297691498e-01
-2.778867394952920949e+04 4.598262339603391147e-01
-2.775533420873792784e+04 4.604045490937642704e-01
-2.772199446794665346e+04 4.604972348598621035e-01
-2.768865472715537908e+04 4.603967143044452870e-01
-2.765531498636409742e+04 4.607910136496679576e-01
-2.762197524557282304e+04 4.610085531258242275e-01
-2.758863550478154866e+04 4.614525567782080118e-01
-2.755529576399027064e+04 4.616923446250995600e-01
-2.752195602319899626e+04 4.617323801054091237e-01
-2.748861628240771461e+04 4.616439252627494993e-01
-2.745527654161644023e+04 4.620815910889094491e-01
-2.742193680082516221e+04 4.621964007048238732e-01
-2.738859706003388783e+04 4.623340783030701617e-01
-2.735525731924260981e+04 4.625866211229859859e-01
-2.732191757845133179e+04 4.630197341539256661e-01
-2.728857783766005741e+04 4.631172386233820548e-01
-2.725523809686878303e+04 4.632780148832477685e-01
-2.722189835607750501e+04 4.637509695178428371e-01
-2.718855861528622700e+04 4.634768119588207891e-01
-2.715521887449494898e+04 4.638413295580231521e-01
-2.712187913370367460e+04 4.642661094648775633e-01
-2.708853939291239658e+04 4.648287521382284404e-01
-2.705519965212111856e+04 4.642232146702461870e-01
-2.702185991132984054e+04 4.649798414598559360e-01
-2.698852017053856616e+04 4.652245721359323793e-01
-2.695518042974729178e+04 4.656524898461641970e-01
-2.692184068895601376e+04 4.656303187315186110e-01
-2.688850094816473938e+04 4.659946036536095626e-01
-2.685516120737346137e+04 4.659800001417516158e-01
-2.682182146658218335e+04 4.661884577467618751e-01
-2.678848172579090533e+04 4.661779928419861885e-01
-2.675514198499963095e+04 4.666534640680946033e-01
-2.672180224420835293e+04 4.668182768672070049e-01
-2.668846250341707855e+04 4.669548962843036999e-01
-2.665512276262580053e+04 4.673622796393481216e-01
-2.662178302183452615e+04 4.680410930044574536e-01
-2.658844328104324813e+04 4.680351936200777829e-01
-2.655510354025197012e+04 4.680190561431861185e-01
-2.652176379946069210e+04 4.684396232132350679e-01
-2.648842405866941772e+04 4.687443758755099887e-01
-2.645508431787813970e+04 4.692317499333453767e-01
-2.642174457708686532e+04 4.694380872731148679e-01
-2.638840483629558730e+04 4.693855113821472358e-01
-2.635506509550431292e+04 4.700714058651260796e-01
-2.632172535471303490e+04 4.701216402124271387e-01
-2.628838561392175689e+04 4.704643327775918649e-01
-2.625504587313047887e+04 4.703193204539675154e-01
-2.622170613233920449e+04 4.707212598116179980e-01
-2.618836639154792647e+04 4.709925262829225967e-01
-2.615502665075665209e+04 4.710152146129039652e-01
-2.612168690996537771e+04 4.715862221554953937e-01
-2.608834716917409969e+04 4.721197442152570423e-01
-2.605500742838282167e+04 4.720734733970765040e-01
-2.602166768759154365e+04 4.722111351983399041e-01
-2.598832794680026927e+04 4.726812044123349099e-01
-2.595498820600899126e+04 4.731453085183949803e-01
-2.592164846521771324e+04 4.733248335990330458e-01
-2.588830872442643522e+04 4.733006997828576590e-01
-2.585496898363516084e+04 4.737846944364774160e-01
-2.582162924284388646e+04 4.741507154640675625e-01
-2.578828950205260844e+04 4.743729495748288949e-01
-2.575494976126133042e+04 4.745621106894613028e-01
-2.572161002047005604e+04 4.752841847026702538e-01
-2.568827027967877802e+04 4.749172610757759205e-01
-2.565493053888750001e+04 4.756664825039027544e-01
-2.562159079809622199e+04 4.757459627638119803e-01
-2.558825105730494761e+04 4.762985490546456924e-01
-2.555491131651367323e+04 4.764316038878528836e-01
-2.552157157572239521e+04 4.765206837165325005e-01
-2.548823183493111719e+04 4.770010066766675605e-01
-2.545489209413984281e+04 4.773316265832158733e-01
-2.542155235334856479e+04 4.775589125329003370e-01
-2.538821261255728677e+04 4.778923032280211758e-01
-2.535487287176600876e+04 4.780908500588625931e-01
-2.532153313097473438e+04 4.786473596643364692e-01
-2.528819339018346000e+04 4.786093606111529453e-01
-2.525485364939218198e+04 4.790780097749637867e-01
-2.522151390860090760e+04 4.792079707472663430e-01
-2.518817416780962958e+04 4.795996341597588697e-01
-2.515483442701835156e+04 4.799098012733461482e-01
-2.512149468622707354e+04 4.802982345301591849e-01
-2.508815494543579916e+04 4.805576225520430400e-01
-2.505481520464452115e+04 4.809651880685076875e-01
-2.502147546385324313e+04 4.812812730863773591e-01
-2.498813572306196875e+04 4.817533160000671555e-01
-2.495479598227069437e+04 4.819715873494629932e-01
-2.492145624147941635e+04 4.824251571009459671e-01
-2.488811650068813833e+04 4.825573269869116722e-01
-2.485477675989686031e+04 4.830077094809219207e-01
-2.482143701910558593e+04 4.832344905560505555e-01
-2.478809727831430791e+04 4.840252219957275615e-01
-2.475475753752302990e+04 4.836575346912160844e-01
-2.472141779673175552e+04 4.841500930469020414e-01
-2.468807805594048114e+04 4.843511442202790840e-01
-2.465473831514920312e+04 4.845586394337578762e-01
-2.462139857435792510e+04 4.851155615410239763e-01
-2.458805883356664708e+04 4.855729774607778770e-01
-2.455471909277537270e+04 4.859002005748893072e-01
-2.452137935198409468e+04 4.862970045345103021e-01
-2.448803961119281666e+04 4.867245809001465862e-01
-2.445469987040154228e+04 4.869314758951397981e-01
-2.442136012961026790e+04 4.872334108603310066e-01
-2.438802038881898989e+04 4.874461793178915259e-01
-2.435468064802771187e+04 4.879877222123332747e-01
-2.432134090723643749e+04 4.883117042859788648e-01
-2.428800116644515947e+04 4.888493834089552847e-01
-2.425466142565388145e+04 4.891255978833441986e-01
-2.422132168486260343e+04 4.894678499237756220e-01
-2.418798194407132905e+04 4.899077946076573209e-01
-2.415464220328005467e+04 4.897815042378442230e-01
-2.412130246248877665e+04 4.902692703033295074e-01
-2.408796272169749864e+04 4.908578696303821931e-01
-2.405462298090622426e+04 4.907331742089826032e-01
-2.402128324011494624e+04 4.917893203444967942e-01
-2.398794349932366822e+04 4.919401398900293265e-01
-2.395460375853239020e+04 4.924791418493720818e-01
-2.392126401774111582e+04 4.923345225838680617e-01
-2.388792427694983780e+04 4.931413710950520723e-01
-2.385458453615856342e+04 4.934818473610440570e-01
-2.382124479536728541e+04 4.937955721754181959e-01
-2.378790505457601103e+04 4.942396512309816248e-01
-2.375456531378473301e+04 4.944508729245869483e-01
-2.372122557299345499e+04 4.952666603710582094e-01
-2.368788583220217697e+04 4.954773505228539099e-01
-2.365454609141090259e+04 4.953799662130484727e-01
-2.362120635061962457e+04 4.962991799164857554e-01
-2.358786660982835019e+04 4.969135925566222078e-01
-2.355452686903707217e+04 4.972827391486951965e-01
-2.352118712824579779e+04 4.972819607256089292e-01
-2.348784738745451978e+04 4.977418572893453352e-01
-2.345450764666324176e+04 4.979326037669171146e-01
-2.342116790587196738e+04 4.988371698914806363e-01
-2.338782816508068936e+04 4.987079950034778442e-01
-2.335448842428941134e+04 4.993555717937848693e-01
-2.332114868349813696e+04 5.000258629475479166e-01
-2.328780894270686258e+04 5.003340059537934037e-01
-2.325446920191558456e+04 5.008065540092041523e-01
-2.322112946112430654e+04 5.011378461592825850e-01
-2.318778972033302853e+04 5.012885664695189147e-01
-2.315444997954175415e+04 5.018388275589881209e-01
-2.312111023875047613e+04 5.020661166869261338e-01
-2.308777049795919811e+04 5.026354334492800779e-01
-2.305443075716792373e+04 5.031521130209712922e-01
-2.302109101637664935e+04 5.034188633500212839e-01
-2.298775127558537133e+04 5.039796588725523607e-01
-2.295441153479409331e+04 5.042746477464397081e-01
-2.292107179400281530e+04 5.048786462173133760e-01
-2.288773205321154092e+04 5.052832513683283011e-01
-2.285439231242026290e+04 5.057864919275796289e-01
-2.282105257162898488e+04 5.061065394474719703e-01
-2.278771283083770686e+04 5.064236740154729466e-01
-2.275437309004643248e+04 5.071177313226871153e-01
-2.272103334925515810e+04 5.076487215320198976e-01
-2.268769360846388008e+04 5.076305586015499305e-01
-2.265435386767260206e+04 5.085149715936025938e-01
-2.262101412688132768e+04 5.090881374834452799e-01
-2.258767438609004967e+04 5.093775186600026927e-01
-2.255433464529877165e+04 5.097419899143624811e-01
-2.252099490450749727e+04 5.102072539709509025e-01
-2.248765516371621925e+04 5.105270281299741919e-01
-2.245431542292494487e+04 5.113076464321535397e-01
-2.242097568213366685e+04 5.114564514257912142e-01
-2.238763594134239247e+04 5.121290170300148992e-01
-2.235429620055111445e+04 5.125401321523848086e-01
-2.232095645975983643e+04 5.131399683480373231e-01
-2.228761671896855842e+04 5.131914790458318443e-01
-2.225427697817728404e+04 5.137870727022467721e-01
-2.222093723738600602e+04 5.144008413497190846e-01
-2.218759749659473164e+04 5.147234128497543137e-01
-2.215425775580345362e+04 5.152961931969001208e-01
-2.212091801501217924e+04 5.157779332707194131e-01
-2.208757827422090122e+04 5.164647926315036885e-01
-2.205423853342962320e+04 5.167948995914246613e-01
-2.202089879263834518e+04 5.173033100947882490e-01
-2.198755905184707080e+04 5.176858089452137657e-01
-2.195421931105579279e+04 5.184777413531226342e-01
-2.192087957026451477e+04 5.188758397267725364e-01
-2.188753982947324039e+04 5.192855626792792778e-01
-2.185420008868196601e+04 5.196264491058701918e-01
-2.182086034789068799e+04 5.200761813860067528e-01
-2.178752060709940997e+04 5.208013791085041033e-01
-2.175418086630813195e+04 5.212865588952876328e-01
-2.172084112551685757e+04 5.219480291223370649e-01
-2.168750138472557956e+04 5.223466763564912352e-01
-2.165416164393430154e+04 5.228385080123091333e-01
-2.162082190314302716e+04 5.232188288897929862e-01
-2.158748216235175278e+04 5.241063849443065026e-01
-2.155414242156047476e+04 5.241249581286829828e-01
-2.152080268076919674e+04 5.249768768877183245e-01
-2.148746293997792236e+04 5.252504689892847356e-01
-2.145412319918664434e+04 5.261191693002268410e-01
-2.142078345839536632e+04 5.265441219990965038e-01
-2.138744371760408831e+04 5.272337687317238952e-01
-2.135410397681281393e+04 5.274006651009964797e-01
-2.132076423602153955e+04 5.280861712561122356e-01
-2.128742449523026153e+04 5.288283733018749322e-01
-2.125408475443898351e+04 5.293292038632007035e-01
-2.122074501364770913e+04 5.296342619841718502e-01
-2.118740527285643111e+04 5.304215086970625048e-01
-2.115406553206515309e+04 5.307934647140870599e-01
-2.112072579127387507e+04 5.312846349936662937e-01
-2.108738605048260069e+04 5.318515794217670845e-01
-2.105404630969132631e+04 5.321917849310947579e-01
-2.102070656890004830e+04 5.327156151106365867e-01
-2.098736682810877028e+04 5.337622424389141251e-01
-2.095402708731749590e+04 5.342237903194768656e-01
-2.092068734652621788e+04 5.345977159336857687e-01
-2.088734760573493986e+04 5.349218923277416771e-01
-2.085400786494366184e+04 5.360611096074171522e-01
-2.082066812415238746e+04 5.366264564728719932e-01
-2.078732838336110945e+04 5.369278474704758386e-01
-2.075398864256983506e+04 5.375254665648907526e-01
-2.072064890177856068e+04 5.382994726307887001e-01
-2.068730916098728267e+04 5.390462426599306189e-01
-2.065396942019600465e+04 5.393972505215123281e-01
-2.062062967940472663e+04 5.401534789993074348e-01
-2.058728993861345225e+04 5.405641606983824232e-01
-2.055395019782217423e+04 5.413939446696743873e-01
-2.052061045703089621e+04 5.419334627441156904e-01
-2.048727071623962183e+04 5.426082606148866505e-01
-2.045393097544834745e+04 5.429021608422430756e-01
-2.042059123465706944e+04 5.434364722624565047e-01
-2.038725149386579142e+04 5.445037636508243128e-01
-2.035391175307451340e+04 5.449155843279537281e-01
-2.032057201228323902e+04 5.453841454030842195e-01
-2.028723227149196100e+04 5.462428954557627669e-01
-2.025389253070068298e+04 5.466720767846439122e-01
-2.022055278990940860e+04 5.476012531431662111e-01
-2.018721304911813422e+04 5.481880286782888634e-01
-2.015387330832685620e+04 5.486282012970258304e-01
-2.012053356753557819e+04 5.490378761532677121e-01
-2.008719382674430017e+04 5.499136181967021475e-01
-2.005385408595302579e+04 5.505814031930547081e-01
-2.002051434516174777e+04 5.511292428946346078e-01
-1.998717460437046975e+04 5.520210677935971644e-01
-1.995383486357919173e+04 5.525256029055296558e-01
-1.992049512278791735e+04 5.531809573490031884e-01
-1.988715538199664297e+04 5.538938124470248470e-01
-1.985381564120536495e+04 5.545603331430297711e-01
-1.982047590041409057e+04 5.551932944671552628e-01
-1.978713615962281256e+04 5.558607890987976585e-01
-1.975379641883153454e+04 5.566533613310962192e-01
-1.972045667804025652e+04 5.572933715134366084e-01
-1.968711693724898214e+04 5.576376660910516980e-01
-1.965377719645770412e+04 5.584083019139335358e-01
-1.962043745566642974e+04 5.592919479764373314e-01
-1.958709771487515172e+04 5.602511634230294968e-01
-1.955375797408387734e+04 5.604556031396652482e-01
-1.952041823329259933e+04 5.612646287224160035e-01
-1.948707849250132131e+04 5.618540438279128191e-01
-1.945373875171004329e+04 5.621679549681242172e-01
-1.942039901091876891e+04 5.631533866402529398e-01
-1.938705927012749089e+04 5.637922989578341149e-01
-1.935371952933621651e+04 5.648546247945129828e-01
-1.932037978854493849e+04 5.655069249651367702e-01
-1.928704004775366411e+04 5.660929909793254167e-01
-1.925370030696238609e+04 5.668280943514369952e-01
-1.922036056617110808e+04 5.676536909066175474e-01
-1.918702082537983006e+04 5.681582535303596471e-01
-1.915368108458855568e+04 5.689865648831325950e-01
-1.912034134379727766e+04 5.698328589527372756e-01
-1.908700160300600328e+04 5.706565612795903020e-01
-1.905366186221472526e+04 5.712909607988444494e-01
-1.902032212142345088e+04 5.719259407153853836e-01
-1.898698238063217286e+04 5.726996442870290194e-01
-1.895364263984089484e+04 5.735308886143338780e-01
-1.892030289904962046e+04 5.741098169940802576e-01
-1.888696315825834245e+04 5.747129938945870764e-01
-1.885362341746706443e+04 5.758724774328670692e-01
-1.882028367667578641e+04 5.762718529042679672e-01
-1.878694393588451203e+04 5.769577369275468159e-01
-1.875360419509323765e+04 5.780122180894792239e-01
-1.872026445430195963e+04 5.789570025044977752e-01
-1.868692471351068161e+04 5.792275124247583395e-01
-1.865358497271940723e+04 5.800737150688660693e-01
-1.862024523192812921e+04 5.810305470022789631e-01
-1.858690549113685120e+04 5.821303136381204002e-01
-1.855356575034557318e+04 5.828156031001563431e-01
-1.852022600955429880e+04 5.831363500133329714e-01
-1.848688626876302442e+04 5.839529992564299610e-01
-1.845354652797174640e+04 5.848253462650044865e-01
-1.842020678718046838e+04 5.856416406210001036e-01
-1.838686704638919400e+04 5.867131547255575175e-01
-1.835352730559791598e+04 5.878077249836453078e-01
-1.832018756480663797e+04 5.880092144565159940e-01
-1.828684782401535995e+04 5.890648189497117437e-01
-1.825350808322408557e+04 5.899481155645154296e-01
-1.822016834243281119e+04 5.907086321271832752e-01
-1.818682860164153317e+04 5.913279801168248584e-01
-1.815348886085025879e+04 5.919737907278166400e-01
-1.812014912005898077e+04 5.929423487949088134e-01
-1.808680937926770275e+04 5.937692143557870006e-01
-1.805346963847642473e+04 5.948587100466500299e-01
-1.802012989768515035e+04 5.954846642235894771e-01
-1.798679015689387234e+04 5.964373876143210795e-01
-1.795345041610259432e+04 5.975284208053226465e-01
-1.792011067531131994e+04 5.980441309136745875e-01
-1.788677093452004556e+04 5.992269414994695342e-01
-1.785343119372876754e+04 5.996467826865763406e-01
-1.782009145293748952e+04 6.008094101567531542e-01
-1.778675171214621150e+04 6.017236790337815444e-01
-1.775341197135493712e+04 6.027646466845094642e-01
-1.772007223056365910e+04 6.038671769537459211e-01
-1.768673248977238109e+04 6.042905533868770940e-01
-1.765339274898110671e+04 6.051271577238367394e-01
-1.762005300818983233e+04 6.061835584817953926e-01
-1.758671326739855431e+04 6.073272737310986269e-01
-1.755337352660727629e+04 6.079913475560179137e-01
-1.752003378581599827e+04 6.087596201014925379e-01
-1.748669404502472389e+04 6.099054211236242251e-01
-1.745335430423344587e+04 6.106820972117932289e-01
-1.742001456344216786e+04 6.118862143438666967e-01
-1.738667482265089347e+04 6.119602575535229017e-01
-1.735333508185961909e+04 6.129791069922566615e-01
-1.731999534106834108e+04 6.146028284491504845e-01
-1.728665560027706306e+04 6.152041423587925051e-01
-1.725331585948578868e+04 6.163148278654116963e-01
-1.721997611869451066e+04 6.174068819581559620e-01
-1.718663637790323264e+04 6.182770278079047221e-01
-1.715329663711195462e+04 6.192157639849794615e-01
-1.711995689632068024e+04 6.201024225361934095e-01
-1.708661715552940586e+04 6.212029781915161530e-01
-1.705327741473812785e+04 6.219099761504787161e-01
-1.701993767394684983e+04 6.229168776868189150e-01
-1.698659793315557545e+04 6.241457642760133151e-01
-1.695325819236429743e+04 6.250460563628803534e-01
-1.691991845157301941e+04 6.260004620559932453e-01
-1.688657871078174139e+04 6.265970283761450599e-01
-1.685323896999046701e+04 6.279443549111385359e-01
-1.681989922919918899e+04 6.286858335727595337e-01
-1.678655948840791461e+04 6.301110137224515961e-01
-1.675321974761663660e+04 6.308652589045729009e-01
-1.671988000682536222e+04 6.320101045654715755e-01
-1.668654026603408420e+04 6.326888318465814232e-01
-1.665320052524280618e+04 6.341258288644767704e-01
-1.661986078445152816e+04 6.350304881380531841e-01
-1.658652104366025378e+04 6.359278556623491063e-01
-1.655318130286897576e+04 6.369048418507290421e-01
-1.651984156207770138e+04 6.385470107262172235e-01
-1.648650182128642336e+04 6.392185662418337078e-01
-1.645316208049514898e+04 6.407501433290484494e-01
-1.641982233970387097e+04 6.411872521889357968e-01
-1.638648259891259295e+04 6.423939177475680440e-01
-1.635314285812131857e+04 6.435936587962276523e-01
-1.631980311733004055e+04 6.447798236202055833e-01
-1.628646337653876435e+04 6.458196719236688477e-01
-1.625312363574748633e+04 6.469429883961127503e-01
-1.621978389495621195e+04 6.481291685850503193e-01
-1.618644415416493393e+04 6.491479567241550397e-01
-1.615310441337365774e+04 6.498368997292807148e-01
-1.611976467258237972e+04 6.510476803616129793e-01
-1.608642493179110534e+04 6.523527447973986870e-01
-1.605308519099982732e+04 6.536681969718189933e-01
-1.601974545020855112e+04 6.543836772270351654e-01
-1.598640570941727310e+04 6.557754363801163722e-01
-1.595306596862599872e+04 6.569439675711328253e-01
-1.591972622783472070e+04 6.579043441891925248e-01
-1.588638648704344450e+04 6.590655535631588791e-01
-1.585304674625216649e+04 6.604321294635551176e-01
-1.581970700546089211e+04 6.615023080173089154e-01
-1.578636726466961409e+04 6.624842002513933181e-01
-1.575302752387833789e+04 6.636363990344036345e-01
-1.571968778308705987e+04 6.650436768432409496e-01
-1.568634804229578549e+04 6.663338752021337186e-01
-1.565300830150450747e+04 6.671760023834133468e-01
-1.561966856071323127e+04 6.686806543953447424e-01
-1.558632881992195325e+04 6.696961241096911488e-01
-1.555298907913067887e+04 6.710796602288175983e-01
-1.551964933833940086e+04 6.719760896250284166e-01
-1.548630959754812284e+04 6.734027572798382266e-01
-1.545296985675684846e+04 6.747328394973716170e-01
-1.541963011596557226e+04 6.757851864818451570e-01
-1.538629037517429424e+04 6.769463204481210861e-01
-1.535295063438301622e+04 6.782538469460540620e-01
-1.531961089359174184e+04 6.793914923662690564e-01
-1.528627115280046564e+04 6.811273078113403434e-01
-1.525293141200918762e+04 6.822574468783939583e-01
-1.521959167121790961e+04 6.835812711845979939e-01
-1.518625193042663523e+04 6.846429266638454081e-01
-1.515291218963535903e+04 6.860354726379714885e-01
-1.511957244884408101e+04 6.871728139632486965e-01
-1.508623270805280299e+04 6.887051869504724477e-01
-1.505289296726152861e+04 6.898261117279285148e-01
-1.501955322647025241e+04 6.914199091434152233e-01
-1.498621348567897439e+04 6.924842898728559293e-01
-1.495287374488769638e+04 6.938951346145491028e-01
-1.491953400409642200e+04 6.953670124325822544e-01
-1.488619426330514580e+04 6.966340303419282787e-01
-1.485285452251386778e+04 6.979985741063983173e-01
-1.481951478172258976e+04 6.992089025999699281e-01
-1.478617504093131538e+04 7.006839370881898788e-01
-1.475283530014003918e+04 7.018842482198218713e-01
-1.471949555934876116e+04 7.032043738582796077e-01
-1.468615581855748314e+04 7.051756893547711513e-01
-1.465281607776620876e+04 7.066056923443982951e-01
-1.461947633697493256e+04 7.075013179544562547e-01
-1.458613659618365455e+04 7.089490610576821839e-01
-1.455279685539238017e+04 7.102074627208182500e-01
-1.451945711460110215e+04 7.119670675954999917e-01
-1.448611737380982413e+04 7.132348923200476642e-01
-1.445277763301854793e+04 7.148633036717203515e-01
-1.441943789222727355e+04 7.163322017304005751e-01
-1.438609815143599553e+04 7.175801331708557829e-01
-1.435275841064471751e+04 7.193699396205938124e-01
-1.431941866985344132e+04 7.205471811674343252e-01
-1.428607892906216694e+04 7.219541815240968496e-01
-1.425273918827088892e+04 7.233066468664983706e-01
-1.421939944747961090e+04 7.253921582152371705e-01
-1.418605970668833470e+04 7.268861041109357934e-01
-1.415271996589706032e+04 7.278282864053819967e-01
-1.411938022510578230e+04 7.294133526512597276e-01
-1.408604048431450428e+04 7.313104416064786228e-01
-1.405270074352322808e+04 7.327283022133994628e-01
-1.401936100273195370e+04 7.341954366146113964e-01
-1.398602126194067569e+04 7.355539348463389082e-01
-1.395268152114939767e+04 7.373579904602968194e-01
-1.391934178035812147e+04 7.390114563218874721e-01
-1.388600203956684709e+04 7.405434863378543842e-01
-1.385266229877556907e+04 7.419306942845501629e-01
-1.381932255798429105e+04 7.434595505059149456e-01
-1.378598281719301485e+04 7.452554190921579780e-01
-1.375264307640174047e+04 7.468341936951297111e-01
-1.371930333561046245e+04 7.486314746195806835e-01
-1.368596359481918626e+04 7.499581072498648915e-01
-1.365262385402790824e+04 7.520876065557986490e-01
-1.361928411323663386e+04 7.533507862294610558e-01
-1.358594437244535584e+04 7.550159547655668213e-01
-1.355260463165407964e+04 7.564817223966961990e-01
-1.351926489086280162e+04 7.583990091825830726e-01
-1.348592515007152542e+04 7.603125811912287979e-01
-1.345258540928024922e+04 7.621279844796812197e-01
-1.341924566848897302e+04 7.635108616443733176e-01
-1.338590592769769501e+04 7.651156784008824596e-01
-1.335256618690641881e+04 7.667988978235716901e-01
-1.331922644611514261e+04 7.691865305545279030e-01
-1.328588670532386641e+04 7.702212804336334706e-01
-1.325254696453258839e+04 7.724797157552955040e-01
-1.321920722374131219e+04 7.741380696355053548e-01
-1.318586748295003599e+04 7.761537985801727491e-01
-1.315252774215875979e+04 7.776639526136780445e-01
-1.311918800136748177e+04 7.789317128492749820e-01
-1.308584826057620558e+04 7.811254182277355129e-01
-1.305250851978492938e+04 7.832131085299652851e-01
-1.301916877899365318e+04 7.851557240176114671e-01
-1.298582903820237516e+04 7.864107202555845610e-01
-1.295248929741109896e+04 7.882973498522423128e-01
-1.291914955661982276e+04 7.905801673637892213e-01
-1.288580981582854656e+04 7.922427745979586655e-01
-1.285247007503726854e+04 7.940548701304851464e-01
-1.281913033424599234e+04 7.961337670690185053e-01
-1.278579059345471615e+04 7.980212160063385740e-01
-1.275245085266343995e+04 7.997865816639048164e-01
-1.271911111187216375e+04 8.020499319265892435e-01
-1.268577137108088573e+04 8.039762736266740095e-01
-1.265243163028960953e+04 8.059176164994075187e-01
-1.261909188949833333e+04 8.079257433486797257e-01
-1.258575214870705713e+04 8.094981913199786883e-01
-1.255241240791577911e+04 8.119537329894409572e-01
-1.251907266712450291e+04 8.135190316898319729e-01
-1.248573292633322671e+04 8.157462604366687575e-01
-1.245239318554195052e+04 8.176906775986536591e-01
-1.241905344475067250e+04 8.200966774038904727e-01
-1.238571370395939630e+04 8.217815273082258454e-01
-1.235237396316812010e+04 8.241517454926308162e-01
-1.231903422237684390e+04 8.261286558007442382e-01
-1.228569448158556588e+04 8.280832126200059484e-01
-1.225235474079428968e+04 8.306550130579353208e-01
-1.221901500000301348e+04 8.324803355334347010e-01
-1.218567525921173728e+04 8.344532743243319173e-01
-1.215233551842045927e+04 8.367706218290080766e-01
-1.211899577762918307e+04 8.389859045901915113e-01
-1.208565603683790687e+04 8.410023779850961390e-01
-1.205231629604663067e+04 8.433394647473974048e-01
-1.201897655525535265e+04 8.455332652530405113e-01
-1.198563681446407645e+04 8.475478423892581770e-01
-1.195229707367280025e+04 8.499209068093077635e-01
-1.191895733288152405e+04 8.520538947269911123e-01
-1.188561759209024785e+04 8.547263244355303158e-01
-1.185227785129896984e+04 8.566082030472705888e-01
-1.181893811050769364e+04 8.588698165125728812e-01
-1.178559836971641744e+04 8.615891577174203952e-01
-1.175225862892514124e+04 8.635551939601293636e-01
-1.171891888813386322e+04 8.658884072692786260e-01
-1.168557914734258702e+04 8.682507802843727474e-01
-1.165223940655131082e+04 8.707635864079381616e-01
-1.161889966576003462e+04 8.729873174491790122e-01
-1.158555992496875660e+04 8.753535791040789604e-01
-1.155222018417748041e+04 8.775738332917382145e-01
-1.151888044338620239e+04 8.802175415310294904e-01
-1.148554070259492801e+04 8.827937580133922157e-01
-1.145220096180364999e+04 8.851281182761877586e-01
-1.141886122101237379e+04 8.879791285963725134e-01
-1.138552148022109577e+04 8.899783592644634478e-01
-1.135218173942982139e+04 8.928136283857415201e-01
-1.131884199863854337e+04 8.949540258396859738e-01
-1.128550225784726717e+04 8.978246805836193056e-01
-1.125216251705598916e+04 9.004285964283643695e-01
-1.121882277626471478e+04 9.035096185318376438e-01
-1.118548303547343676e+04 9.052007752223012460e-01
-1.115214329468216056e+04 9.080077855497015182e-01
-1.111880355389088254e+04 9.111950617571047406e-01
-1.108546381309960816e+04 9.205059631363436967e-01
-1.105212407230833196e+04 9.154027930336084973e-01
-1.101878433151705394e+04 9.185052157787838567e-01
-1.098544459072577774e+04 9.216530286423783025e-01
-1.095210484993449973e+04 9.237796391990388267e-01
-1.091876510914322535e+04 9.268142816145875651e-01
-1.088542536835194733e+04 9.297747204967753420e-01
-1.085208562756067113e+04 9.324550817018386617e-01
-1.081874588676939311e+04 9.349500300872961578e-01
-1.078540614597811873e+04 9.379472352670409352e-01
-1.075206640518684071e+04 9.410368115800888944e-01
-1.071872666439556451e+04 9.439849823153195763e-01
-1.068538692360428649e+04 9.482764725903360947e-01
-1.065204718281301211e+04 9.489810628445505269e-01
-1.061870744202173410e+04 9.522498932746354949e-01
-1.058536770123045790e+04 9.552705030971861966e-01
-1.055202796043917988e+04 9.564864192565335488e-01
-1.051868821964790368e+04 9.612457864366810156e-01
-1.048534847885662748e+04 9.641600357997868187e-01
-1.045200873806535128e+04 9.675573716795079493e-01
-1.041866899727407326e+04 9.700272266230415275e-01
-1.038532925648279706e+04 9.733532665261274142e-01
-1.035198951569152086e+04 9.763990561197537499e-01
-1.031864977490024467e+04 9.797528320488038123e-01
-1.028531003410896665e+04 9.830614135760391559e-01
-1.025197029331769045e+04 9.860108267618802325e-01
-1.021863055252641425e+04 9.892158765910643581e-01
-1.018529081173513805e+04 9.925660037646906186e-01
-1.015195107094386185e+04 9.949935818815225375e-01
-1.011861133015258383e+04 9.990379870643902871e-01
-1.008527158936130945e+04 1.001984309282552443e+00
-1.005193184857003143e+04 1.005569525279682130e+00
-1.001859210777875523e+04 1.008945925621038464e+00
-9.985252366987477217e+03 1.012079160568180924e+00
-9.951912626196201018e+03 1.015886489551215854e+00
-9.918572885404924818e+03 1.018791130606792716e+00
-9.885233144613648619e+03 1.023481429227971695e+00
-9.851893403822370601e+03 1.026643007721274481e+00
-9.818553663031094402e+03 1.029984942530449921e+00
-9.785213922239818203e+03 1.033822721111422371e+00
-9.751874181448542004e+03 1.036504163775757270e+00
-9.718534440657263985e+03 1.040577190687951958e+00
-9.685194699865987786e+03 1.044361463769289733e+00
-9.651854959074711587e+03 1.047696906636872205e+00
-9.618515218283435388e+03 1.051816826527303128e+00
-9.585175477492157370e+03 1.054973199123923733e+00
-9.551835736700881171e+03 1.059599673735418968e+00
-9.518495995909604972e+03 1.062855224402737164e+00
-9.485156255118328772e+03 1.066699162913335330e+00
-9.451816514327050754e+03 1.071357288867772040e+00
-9.418476773535774555e+03 1.073867668777979123e+00
-9.385137032744498356e+03 1.078296731010029319e+00
-9.351797291953222157e+03 1.081107054718207117e+00
-9.318457551161944139e+03 1.085110158710976158e+00
-9.285117810370667939e+03 1.089311248446499292e+00
-9.251778069579391740e+03 1.092637763053097233e+00
-9.218438328788115541e+03 1.097283704304661489e+00
-9.185098587996839342e+03 1.100572695844177940e+00
-9.151758847205561324e+03 1.105850547883524104e+00
-9.118419106414285125e+03 1.108020843712692383e+00
-9.085079365623008925e+03 1.108531536471490053e+00
-9.051739624831732726e+03 1.095395968389723418e+00
-9.018399884040454708e+03 1.150855428447262296e+00
-8.985060143249178509e+03 1.141299532225601876e+00
-8.951720402457902310e+03 1.145879314540974248e+00
-8.918380661666626111e+03 1.189390836002085949e+00
-8.885040920875348093e+03 1.131659270684575835e+00
-8.851701180084071893e+03 1.142638053309817936e+00
-8.818361439292795694e+03 1.149134454562154461e+00
-8.785021698501519495e+03 1.153578087891369286e+00
-8.751681957710241477e+03 1.159231277579741093e+00
-8.718342216918965278e+03 1.164416890475685751e+00
-8.685002476127689079e+03 1.168937516533464116e+00
-8.651662735336412879e+03 1.172877355483713524e+00
-8.618322994545134861e+03 1.184868528945069110e+00
-8.584983253753858662e+03 1.188305524288375548e+00
-8.551643512962582463e+03 1.195414752314579721e+00
-8.518303772171306264e+03 1.220343474808097017e+00
-8.484964031380028246e+03 1.181083769848414233e+00
-8.451624290588752046e+03 1.195598712026985533e+00
-8.418284549797474028e+03 1.201790888231161647e+00
-8.384944809006199648e+03 1.181847587875013206e+00
-8.351605068214923449e+03 1.220024645173879652e+00
-8.318265327423645431e+03 1.223802345670560010e+00
-8.284925586632369232e+03 1.228800576142564438e+00
-8.251585845841093033e+03 1.234149113858123981e+00
-8.218246105049816833e+03 1.240003620587282862e+00
-8.184906364258538815e+03 1.244908061438424696e+00
-8.151566623467262616e+03 1.250268820677791437e+00
-8.118226882675985507e+03 1.257467792785004868e+00
-8.084887141884709308e+03 1.262233567833324077e+00
-8.051547401093432200e+03 1.268121203920550055e+00
-8.018207660302156000e+03 1.273913396903604056e+00
-7.984867919510878892e+03 1.279993741708803645e+00
-7.951528178719602693e+03 1.285856516714075637e+00
-7.918188437928325584e+03 1.292498172481828300e+00
-7.884848697137049385e+03 1.298403367684755505e+00
-7.851508956345772276e+03 1.303685045029681522e+00
-7.818169215554496077e+03 1.311100209668768724e+00
-7.784829474763218968e+03 1.318213879842998315e+00
-7.751489733971942769e+03 1.325081987934667138e+00
-7.718149993180665660e+03 1.331152865803156615e+00
-7.684810252389389461e+03 1.338995248550191475e+00
-7.651470511598112353e+03 1.347308573986933711e+00
-7.618130770806836153e+03 1.354815279267995942e+00
-7.584791030015559045e+03 1.364056224082489166e+00
-7.551451289224282846e+03 1.373841423268461481e+00
-7.518111548433006647e+03 1.396972479146793233e+00
-7.484771807641729538e+03 1.403898589109930040e+00
-7.451432066850453339e+03 1.433921117583115246e+00
-7.418092326059176230e+03 1.540404181848970211e+00
-7.384752585267900031e+03 1.267566655932359510e+00
-7.351412844476622922e+03 1.327015280777797512e+00
-7.318073103685346723e+03 1.357313794491522341e+00
-7.284733362894069614e+03 1.365357365919759758e+00
-7.251393622102793415e+03 1.406132251837140634e+00
-7.218053881311516307e+03 1.409296723660756756e+00
-7.184714140520240107e+03 1.417573017578401595e+00
-7.151374399728962999e+03 1.426034500522269877e+00
-7.118034658937686800e+03 1.438662954682182527e+00
-7.084694918146409691e+03 1.440197893303377885e+00
-7.051355177355133492e+03 1.448064491460097303e+00
-7.018015436563856383e+03 1.454586703856657337e+00
-6.984675695772580184e+03 1.476987100661314889e+00
-6.951335954981303075e+03 1.466972099011187858e+00
-6.917996214190026876e+03 1.464240691138395611e+00
-6.884656473398749768e+03 1.424479832368285903e+00
-6.851316732607473568e+03 1.652423102911843467e+00
-6.817976991816196460e+03 1.566268911250580764e+00
-6.784637251024920261e+03 1.570121737897896219e+00
-6.751297510233643152e+03 1.645215094244596443e+00
-6.717957769442366953e+03 1.501130391475113957e+00
-6.684618028651089844e+03 1.539425879735253355e+00
-6.651278287859813645e+03 1.554273913099564641e+00
-6.617938547068536536e+03 1.560051441695257557e+00
-6.584598806277260337e+03 1.578388987384716557e+00
-6.551259065485983228e+03 1.587311344699982252e+00
-6.517919324694707029e+03 1.596967581474145748e+00
-6.484579583903429921e+03 1.606809593137970005e+00
-6.451239843112153721e+03 1.615043267026951446e+00
-6.417900102320876613e+03 1.625243109467247926e+00
-6.384560361529600414e+03 1.633643951636614355e+00
-6.351220620738323305e+03 1.635215067539628642e+00
-6.317880879947047106e+03 1.674190031288674829e+00
-6.284541139155769997e+03 1.675863741861067568e+00
-6.251201398364492889e+03 1.686754553894496356e+00
-6.217861657573216689e+03 1.718005506146530470e+00
-6.184521916781940490e+03 1.693457046612625305e+00
-6.151182175990664291e+03 1.709262615142742581e+00
-6.117842435199387182e+03 1.721560015985641900e+00
-6.084502694408110983e+03 1.728033705524513630e+00
-6.051162953616833875e+03 1.744559270261186068e+00
-6.017823212825557675e+03 1.756393712992688316e+00
-5.984483472034280567e+03 1.767256859568481886e+00
-5.951143731243004368e+03 1.778012514835902502e+00
-5.917803990451727259e+03 1.788765615678565624e+00
-5.884464249660451060e+03 1.780339269686503245e+00
-5.851124508869173951e+03 1.824395286621034007e+00
-5.817784768077897752e+03 1.832871292736458990e+00
-5.784445027286620643e+03 1.844212366019595040e+00
-5.751105286495343535e+03 1.865410868435162017e+00
-5.717765545704067335e+03 1.869228908617347917e+00
-5.684425804912790227e+03 1.880993671185000382e+00
-5.651086064121514028e+03 1.893315034141148212e+00
-5.617746323330236919e+03 1.905089921892118232e+00
-5.584406582538960720e+03 1.917321031467162928e+00
-5.551066841747683611e+03 1.925370404883686382e+00
-5.517727100956407412e+03 1.930050489357315824e+00
-5.484387360165130303e+03 1.898888801916359892e+00
-5.451047619373854104e+03 1.992569403252990368e+00
-5.417707878582576996e+03 1.966763962792257292e+00
-5.384368137791300796e+03 1.920305437097626466e+00
-5.351028397000023688e+03 1.610691516207453766e+00
-5.317688656208747489e+03 2.254871130792253986e+00
-5.284348915417471289e+03 2.183295560681940195e+00
-5.251009174626194181e+03 2.207498676891896938e+00
-5.217669433834917982e+03 3.160798477497487546e+00
-5.184329693043640873e+03 2.183785482683683110e+00
-5.150989952252364674e+03 2.178970473544298070e+00
-5.117650211461087565e+03 2.167585340940906935e+00
-5.084310470669811366e+03 2.262318965805866000e+00
-5.050970729878534257e+03 2.264929377428479995e+00
-5.017630989087258058e+03 2.260581131067307847e+00
-4.984291248295980949e+03 2.255849221126888793e+00
-4.950951507504704750e+03 2.081059942135504492e+00
-4.917611766713427642e+03 2.441400430143393585e+00
-4.884272025922151443e+03 2.410555511861941724e+00
-4.850932285130874334e+03 2.421578744297360863e+00
-4.817592544339598135e+03 3.054672861835625586e+00
-4.784252803548321026e+03 2.442288450831234581e+00
-4.750913062757044827e+03 2.456957024026440006e+00
-4.717573321965767718e+03 2.437122926528319855e+00
-4.684233581174491519e+03 3.068985279776996755e+00
-4.650893840383214410e+03 2.694916122911906076e+00
-4.617554099591938211e+03 2.722759923150575023e+00
-4.584214358800661103e+03 2.907023068669322807e+00
-4.550874618009383994e+03 2.463421802604486732e+00
-4.517534877218107795e+03 2.645257581505584543e+00
-4.484195136426830686e+03 2.710499216193564376e+00
-4.450855395635554487e+03 2.748977822448822383e+00
-4.417515654844278288e+03 2.819310622269720401e+00
-4.384175914053002089e+03 2.866350743461417050e+00
-4.350836173261724980e+03 2.915951773845839590e+00
-4.317496432470448781e+03 2.970442958511743115e+00
-4.284156691679171672e+03 3.026549612325685867e+00
-4.250816950887895473e+03 3.087953753979149063e+00
-4.217477210096618364e+03 3.154464368215241343e+00
-4.184137469305342165e+03 3.227415682155274634e+00
-4.150797728514065057e+03 3.308928570641340272e+00
-4.117457987722788857e+03 3.397233325599953613e+00
-4.084118246931511749e+03 3.500925509881532616e+00
-4.050778506140235095e+03 3.617607641012974717e+00
-4.017438765348958441e+03 3.754626675601671071e+00
-3.984099024557681787e+03 3.919885181754607206e+00
-3.950759283766405133e+03 4.125613455084153003e+00
-3.917419542975128479e+03 4.391648532727189469e+00
-3.884079802183851825e+03 4.766237178001456520e+00
-3.850740061392575171e+03 5.441173515561279928e+00
-3.817400320601298517e+03 5.297781096892943076e+00
-3.784060579810021864e+03 6.957481745873097978e+00
-3.750720839018745210e+03 1.017118084499092134e+01
-3.717381098227468556e+03 3.087136933800795191e+01
-3.684041357436191902e+03 1.248980796896844048e+01
-3.650701616644914793e+03 3.055300832179180581e+00
-3.617361875853638139e+03 7.469170938014007000e-01
-3.584022135062361485e+03 4.883612550062441660e-01
-3.550682394271084831e+03 1.069463639650689357e+00
-3.517342653479809087e+03 1.513384224320717175e+00
-3.484002912688532433e+03 1.870768203484735270e+00
-3.450663171897255779e+03 2.215220801393671390e+00
-3.417323431105978671e+03 2.315750849443301007e+00
-3.383983690314702017e+03 2.883529056985024930e+00
-3.350643949523425363e+03 3.775692973930418361e+00
-3.317304208732149164e+03 7.983494037689110812e+00
-3.283964467940872510e+03 5.626928463986645923e+00
-3.250624727149595856e+03 1.326040337988491524e+00
-3.217284986358319202e+03 2.157951538515747281e+00
-3.183945245567042548e+03 1.832260042233555808e+01
-3.150605504775765439e+03 9.715611421398907765e+00
-3.117265763984488785e+03 5.872392515240651534e+00
-3.083926023193212131e+03 4.920674215651046346e+00
-3.050586282401935478e+03 1.560771081042811481e+01
-3.017246541610658824e+03 4.556678503675468228e+00
-2.983906800819382170e+03 4.465777517269521546e+00
-2.950567060028105516e+03 4.432417148674606899e+00
-2.917227319236828862e+03 4.672661663361220796e+00
-2.883887578445552208e+03 4.595665921944258159e+00
-2.850547837654276009e+03 4.656585105072656106e+00
-2.817208096862999355e+03 4.744419566136208744e+00
-2.783868356071722701e+03 4.824076350781060896e+00
-2.750528615280446047e+03 4.932265784384585849e+00
-2.717188874489169393e+03 5.051173248433890706e+00
-2.683849133697892739e+03 5.180320745889818390e+00
-2.650509392906616085e+03 5.316387571200234419e+00
-2.617169652115339431e+03 5.469781786548593594e+00
-2.583829911324062778e+03 5.629080118486442963e+00
-2.550490170532785669e+03 5.800688040625102460e+00
-2.517150429741509015e+03 5.986464295439531291e+00
-2.483810688950232361e+03 6.184961817819807806e+00
-2.450470948158955707e+03 6.401533267120100845e+00
-2.417131207367679508e+03 6.636650686927167975e+00
-2.383791466576402854e+03 6.893661133836258337e+00
-2.350451725785126200e+03 7.178119277751406457e+00
-2.317111984993849546e+03 7.560119665173474779e+00
-2.283772244202572892e+03 7.826477822246038940e+00
-2.250432503411296238e+03 8.256231742175433652e+00
-2.217092762620019585e+03 8.893937776010648832e+00
-2.183753021828742931e+03 1.137395302671771802e+01
-2.150413281037466277e+03 9.557076935539011942e+00
-2.117073540246189623e+03 1.054409492730295383e+01
-2.083733799454912969e+03 1.337828457545383287e+01
-2.050394058663636315e+03 9.402394225915623238e+00
-2.017054317872359434e+03 1.044179855775077925e+01
-1.983714577081083235e+03 1.164368462225002787e+01
-1.950374836289806581e+03 1.287976430858209120e+01
-1.917035095498529927e+03 1.397317031529282261e+01
-1.883695354707253273e+03 1.566847888954191781e+01
-1.850355613915976392e+03 1.766017210358427292e+01
-1.817015873124699738e+03 2.037120978513217295e+01
-1.783676132333423084e+03 1.554590438475964831e+01
-1.750336391542146430e+03 3.305351997657475493e+01
-1.716996650750869776e+03 5.218361560250804132e+01
-1.683656909959593122e+03 1.355765612406266030e+02
-1.650317169168316696e+03 5.641196686245467617e+02
-1.616977428377040042e+03 1.745164355022860718e+02
-1.583637687585763388e+03 1.911786052497252797e+02
-1.550297946794486506e+03 4.753018693222118145e+02
-1.516958206003209852e+03 4.204895985839980312e+02
-1.483618465211933199e+03 1.332498554620641755e+02
-1.450278724420656545e+03 7.864385613504798300e+01
-1.416938983629380118e+03 6.913294097265369942e+01
-1.383599242838103464e+03 3.503119516211763340e+01
-1.350259502046826810e+03 2.985532625620100333e+01
-1.316919761255550156e+03 2.529199938793157898e+01
-1.283580020464273503e+03 2.169946404392228345e+01
-1.250240279672996849e+03 1.910842619258042063e+01
-1.216900538881720195e+03 1.700161451092462528e+01
-1.183560798090443541e+03 1.529543090656451021e+01
-1.150221057299166887e+03 1.391343423371428401e+01
-1.116881316507890233e+03 1.259659843475492202e+01
-1.083541575716613579e+03 1.166127947675230558e+01
-1.050201834925336925e+03 1.080222454385662800e+01
-1.016862094134060158e+03 9.948801844114353088e+00
-9.835223533427837310e+02 9.593379955483422705e+00
-9.501826125515070771e+02 8.965350724801114168e+00
-9.168428717602304232e+02 8.459739938211958687e+00
-8.835031309689536556e+02 8.083248734732196183e+00
-8.501633901776770017e+02 7.602166854202587309e+00
-8.168236493864004615e+02 7.259721826455183269e+00
-7.834839085951238076e+02 6.979697601023026721e+00
-7.501441678038471537e+02 6.714065018950504005e+00
-7.168044270125704998e+02 6.529578133884373692e+00
-6.834646862212938458e+02 6.745313364647666177e+00
-6.501249454300171919e+02 5.591576381168617438e+00
-6.167852046387405380e+02 5.612897107418159059e+00
-5.834454638474638841e+02 5.463404819582098781e+00
-5.501057230561872302e+02 4.265837446759737084e+00
-5.167659822649105763e+02 5.545899835548189216e+00
-4.834262414736339792e+02 5.410895367519538368e+00
-4.500865006823573253e+02 5.346635692849272203e+00
-4.167467598910806146e+02 5.616955519280105058e+00
-3.834070190998040175e+02 5.484449701433718793e+00
-3.500672783085273636e+02 5.607616016039300710e+00
-3.167275375172507097e+02 5.844652160679649988e+00
-2.833877967259741126e+02 6.162052980459725049e+00
-2.500480559346974019e+02 7.432785708685780257e+00
-2.167083151434207764e+02 8.949133653684198109e+00
-1.833685743521441225e+02 1.345231288929526947e+01
-1.500288335608674970e+02 5.330112649934503111e+01
-1.166890927695908573e+02 1.534047073979668951e+01
-8.334935197831420339e+01 5.038596875463953850e+00
-5.000961118703756370e+01 2.366392588441054823e+00
-1.666987039576091689e+01 3.218370971436597756e+04
1.666987039551572636e+01 2.366392588441047717e+00
5.000961118679237671e+01 5.038596875463955627e+00
8.334935197806902352e+01 1.534047073979668774e+01
1.166890927693456774e+02 5.330112649934505242e+01
1.500288335606223313e+02 1.345231288929527480e+01
1.833685743518989568e+02 8.949133653684196332e+00
2.167083151431756107e+02 7.432785708685777593e+00
2.500480559344522362e+02 6.162052980459733931e+00
2.833877967257288901e+02 5.844652160679650876e+00
3.167275375170055440e+02 5.607616016039303375e+00
3.500672783082821979e+02 5.484449701433716129e+00
3.834070190995588518e+02 5.616955519280105058e+00
4.167467598908354489e+02 5.346635692849262433e+00
4.500865006821121028e+02 5.410895367519525045e+00
4.834262414733888136e+02 5.545899835548188328e+00
5.167659822646653538e+02 4.265837446759744189e+00
5.501057230559420077e+02 5.463404819582085459e+00
5.834454638472187753e+02 5.612897107418158171e+00
6.167852046384953155e+02 5.591576381168597010e+00
6.501249454297719694e+02 6.745313364647684828e+00
6.834646862210486233e+02 6.529578133884385238e+00
7.168044270123252772e+02 6.714065018950502228e+00
7.501441678036019312e+02 6.979697601023024944e+00
7.834839085948785851e+02 7.259721826455197480e+00
8.168236493861552390e+02 7.602166854202584645e+00
8.501633901774318929e+02 8.083248734732183749e+00
8.835031309687085468e+02 8.459739938211958687e+00
9.168428717599852007e+02 8.965350724801110616e+00
9.501826125512618546e+02 9.593379955483406718e+00
9.835223533425385085e+02 9.948801844114349535e+00
1.016862094133815049e+03 1.080222454385662623e+01
1.050201834925091589e+03 1.166127947675230558e+01
1.083541575716368470e+03 1.259659843475492202e+01
1.116881316507645124e+03 1.391343423371428223e+01
1.150221057298921778e+03 1.529543090656450666e+01
1.183560798090198432e+03 1.700161451092462528e+01
1.216900538881475086e+03 1.910842619258040287e+01
1.250240279672751512e+03 2.169946404392227635e+01
1.283580020464028166e+03 2.529199938793157187e+01
1.316919761255304820e+03 2.985532625620102820e+01
1.350259502046581474e+03 3.503119516211763340e+01
1.383599242837858355e+03 6.913294097265369942e+01
1.416938983629135009e+03 7.864385613504801142e+01
1.450278724420411436e+03 1.332498554620642039e+02
1.483618465211688090e+03 4.204895985839982018e+02
1.516958206002964744e+03 4.753018693222118145e+02
1.550297946794241398e+03 1.911786052497252797e+02
1.583637687585518051e+03 1.745164355022860718e+02
1.616977428376794705e+03 5.641196686245466481e+02
1.650317169168071359e+03 1.355765612406265745e+02
1.683656909959348013e+03 5.218361560250804132e+01
1.716996650750624667e+03 3.305351997657474072e+01
1.750336391541901321e+03 1.554590438475965719e+01
1.783676132333177975e+03 2.037120978513217295e+01
1.817015873124454629e+03 1.766017210358426581e+01
1.850355613915731283e+03 1.566847888954191781e+01
1.883695354707007937e+03 1.397317031529282083e+01
1.917035095498284591e+03 1.287976430858209831e+01
1.950374836289561244e+03 1.164368462225002077e+01
1.983714577080837898e+03 1.044179855775077570e+01
2.017054317872114325e+03 9.402394225915633896e+00
2.050394058663390751e+03 1.337828457545382577e+01
2.083733799454667860e+03 1.054409492730295383e+01
2.117073540245944514e+03 9.557076935539008389e+00
2.150413281037221168e+03 1.137395302671771269e+01
2.183753021828497822e+03 8.893937776010650609e+00
2.217092762619774476e+03 8.256231742175438981e+00
2.250432503411051130e+03 7.826477822246036276e+00
2.283772244202327784e+03 7.560119665173474779e+00
2.317111984993604437e+03 7.178119277751403793e+00
2.350451725784881091e+03 6.893661133836265442e+00
2.383791466576157745e+03 6.636650686927165310e+00
2.417131207367434399e+03 6.401533267120103510e+00
2.450470948158710598e+03 6.184961817819812246e+00
2.483810688949987252e+03 5.986464295439532179e+00
2.517150429741263906e+03 5.800688040625109565e+00
2.550490170532540560e+03 5.629080118486431417e+00
2.583829911323817214e+03 5.469781786548592706e+00
2.617169652115093868e+03 5.316387571200242412e+00
2.650509392906370522e+03 5.180320745889813949e+00
2.683849133697647176e+03 5.051173248433890706e+00
2.717188874488924284e+03 4.932265784384580520e+00
2.750528615280200938e+03 4.824076350781067113e+00
2.783868356071477592e+03 4.744419566136208744e+00
2.817208096862754246e+03 4.656585105072645447e+00
2.850547837654030900e+03 4.595665921944256382e+00
2.883887578445307099e+03 4.672661663361220796e+00
2.917227319236583753e+03 4.432417148674598018e+00
2.950567060027860407e+03 4.465777517269556185e+00
2.983906800819137061e+03 4.556678503675477998e+00
3.017246541610413715e+03 1.560771081042813080e+01
3.050586282401690369e+03 4.920674215651031247e+00
3.083926023192967023e+03 5.872392515240649757e+00
3.117265763984243677e+03 9.715611421398904213e+00
3.150605504775520330e+03 1.832260042233555097e+01
3.183945245566796984e+03 2.157951538515748613e+00
3.217284986358073638e+03 1.326040337988488194e+00
3.250624727149350292e+03 5.626928463986650364e+00
3.283964467940626946e+03 7.983494037689109035e+00
3.317304208731904055e+03 3.775692973930413032e+00
3.350643949523180254e+03 2.883529056985028483e+00
3.383983690314456908e+03 2.315750849443301451e+00
3.417323431105733562e+03 2.215220801393671834e+00
3.450663171897010670e+03 1.870768203484740821e+00
3.484002912688287324e+03 1.513384224320719396e+00
3.517342653479563978e+03 1.069463639650694464e+00
3.550682394270839723e+03 4.883612550062441660e-01
3.584022135062116377e+03 7.469170938013995897e-01
3.617361875853393030e+03 3.055300832179177473e+00
3.650701616644669684e+03 1.248980796896843870e+01
3.684041357435946338e+03 3.087136933800795191e+01
3.717381098227222992e+03 1.017118084499092667e+01
3.750720839018499646e+03 6.957481745873106860e+00
3.784060579809776300e+03 5.297781096892935970e+00
3.817400320601053409e+03 5.441173515561271934e+00
3.850740061392330063e+03 4.766237178001455632e+00
3.884079802183606716e+03 4.391648532727185028e+00
3.917419542974883370e+03 4.125613455084164549e+00
3.950759283766160024e+03 3.919885181754608094e+00
3.984099024557436678e+03 3.754626675601669739e+00
4.017438765348713332e+03 3.617607641012975161e+00
4.050778506139989986e+03 3.500925509881536168e+00
4.084118246931266640e+03 3.397233325599953613e+00
4.117457987722543294e+03 3.308928570641342937e+00
4.150797728513819493e+03 3.227415682155278187e+00
4.184137469305096602e+03 3.154464368215240011e+00
4.217477210096373710e+03 3.087953753979147287e+00
4.250816950887649909e+03 3.026549612325688976e+00
4.284156691678927018e+03 2.970442958511742670e+00
4.317496432470203217e+03 2.915951773845834705e+00
4.350836173261480326e+03 2.866350743461419270e+00
4.384175914052756525e+03 2.819310622269719069e+00
4.417515654844033634e+03 2.748977822448817054e+00
4.450855395635308923e+03 2.710499216193573258e+00
4.484195136426586032e+03 2.645257581505583655e+00
4.517534877217862231e+03 2.463421802604478739e+00
4.550874618009139340e+03 2.907023068669323251e+00
4.584214358800415539e+03 2.722759923150575023e+00
4.617554099591692648e+03 2.694916122911906520e+00
4.650893840382968847e+03 3.068985279776994979e+00
4.684233581174245955e+03 2.437122926528320299e+00
4.717573321965523064e+03 2.456957024026438230e+00
4.750913062756799263e+03 2.442288450831235025e+00
4.784252803548076372e+03 3.054672861835626030e+00
4.817592544339352571e+03 2.421578744297357755e+00
4.850932285130629680e+03 2.410555511861934619e+00
4.884272025921905879e+03 2.441400430143393585e+00
4.917611766713182988e+03 2.081059942135507157e+00
4.950951507504459187e+03 2.255849221126880355e+00
4.984291248295736295e+03 2.260581131067308736e+00
5.017630989087012495e+03 2.264929377428479551e+00
5.050970729878289603e+03 2.262318965805866888e+00
5.084310470669565802e+03 2.167585340940906491e+00
5.117650211460842911e+03 2.178970473544303399e+00
5.150989952252119110e+03 2.183785482683680446e+00
5.184329693043396219e+03 3.160798477497486214e+00
5.217669433834672418e+03 2.207498676891896938e+00
5.251009174625949527e+03 2.183295560681919323e+00
5.284348915417225726e+03 2.254871130792252210e+00
5.317688656208501925e+03 1.610691516207435559e+00
5.351028396999779034e+03 1.920305437097616474e+00
5.384368137791055233e+03 1.966763962792285048e+00
5.417707878582332341e+03 1.992569403252991922e+00
5.451047619373608541e+03 1.898888801916355673e+00
5.484387360164885649e+03 1.930050489357316712e+00
5.517727100956161848e+03 1.925370404883689934e+00
5.551066841747438957e+03 1.917321031467158932e+00
5.584406582538715156e+03 1.905089921892119342e+00
5.617746323329992265e+03 1.893315034141145548e+00
5.651086064121268464e+03 1.880993671184998162e+00
5.684425804912545573e+03 1.869228908617348806e+00
5.717765545703821772e+03 1.865410868435152691e+00
5.751105286495098881e+03 1.844212366019597704e+00
5.784445027286375080e+03 1.832871292736459878e+00
5.817784768077652188e+03 1.824395286621027568e+00
5.851124508868928388e+03 1.780339269686500581e+00
5.884464249660205496e+03 1.788765615678566512e+00
5.917803990451481695e+03 1.778012514835902946e+00
5.951143731242758804e+03 1.767256859568478999e+00
5.984483472034035913e+03 1.756393712992685430e+00
6.017823212825312112e+03 1.744559270261188066e+00
6.051162953616589220e+03 1.728033705524505637e+00
6.084502694407865420e+03 1.721560015985618808e+00
6.117842435199142528e+03 1.709262615142757680e+00
6.151182175990418727e+03 1.693457046612648176e+00
6.184521916781695836e+03 1.718005506146540240e+00
6.217861657572971126e+03 1.686754553894473041e+00
6.251201398364248234e+03 1.675863741861070899e+00
6.284541139155524434e+03 1.674190031288677050e+00
6.317880879946801542e+03 1.635215067539629086e+00
6.351220620738077741e+03 1.633643951636613245e+00
6.384560361529354850e+03 1.625243109467248370e+00
6.417900102320631049e+03 1.615043267026957663e+00
6.451239843111908158e+03 1.606809593137973557e+00
6.484579583903185267e+03 1.596967581474145970e+00
6.517919324694461466e+03 1.587311344699991134e+00
6.551259065485738574e+03 1.578388987384716335e+00
6.584598806277014774e+03 1.560051441695257335e+00
6.617938547068291882e+03 1.554273913099567528e+00
6.651278287859568081e+03 1.539425879735256020e+00
6.684618028650845190e+03 1.501130391475113957e+00
6.717957769442121389e+03 1.645215094244596887e+00
6.751297510233398498e+03 1.570121737897902880e+00
6.784637251024674697e+03 1.566268911250580764e+00
6.817976991815951806e+03 1.652423102911845909e+00
6.851316732607228005e+03 1.424479832368286125e+00
6.884656473398504204e+03 1.464240691138395611e+00
6.917996214189781313e+03 1.466972099011182085e+00
6.951335954981057512e+03 1.476987100661315111e+00
6.984675695772334620e+03 1.454586703856657115e+00
7.018015436563610820e+03 1.448064491460098857e+00
7.051355177354887928e+03 1.440197893303377885e+00
7.084694918146164127e+03 1.438662954682182971e+00
7.118034658937441236e+03 1.426034500522274318e+00
7.151374399728717435e+03 1.417573017578400707e+00
7.184714140519995453e+03 1.409296723660756978e+00
7.218053881311270743e+03 1.406132251837145741e+00
7.251393622102548761e+03 1.365357365919763089e+00
7.284733362893824051e+03 1.357313794491521897e+00
7.318073103685102069e+03 1.327015280777797512e+00
7.351412844476377359e+03 1.267566655932362618e+00
7.384752585267655377e+03 1.540404181848970211e+00
7.418092326058930666e+03 1.433921117583105920e+00
7.451432066850208685e+03 1.403898589109934480e+00
7.484771807641483974e+03 1.396972479146790125e+00
7.518111548432761992e+03 1.373841423268455264e+00
7.551451289224037282e+03 1.364056224082506041e+00
7.584791030015313481e+03 1.354815279267994388e+00
7.618130770806590590e+03 1.347308573986933045e+00
7.651470511597866789e+03 1.338995248550216122e+00
7.684810252389144807e+03 1.331152865803171936e+00
7.718149993180420097e+03 1.325081987934676464e+00
7.751489733971698115e+03 1.318213879842995429e+00
7.784829474762973405e+03 1.311100209668767613e+00
7.818169215554251423e+03 1.303685045029683520e+00
7.851508956345526713e+03 1.298403367684755505e+00
7.884848697136804731e+03 1.292498172481828522e+00
7.918188437928080020e+03 1.285856516714072750e+00
7.951528178719358039e+03 1.279993741708800759e+00
7.984867919510633328e+03 1.273913396903604056e+00
8.018207660301911346e+03 1.268121203920551165e+00
8.051547401093186636e+03 1.262233567833323855e+00
8.084887141884464654e+03 1.257467792785004868e+00
8.118226882675739944e+03 1.250268820677794546e+00
8.151566623467017962e+03 1.244908061438425806e+00
8.184906364258294161e+03 1.240003620587284194e+00
8.218246105049571270e+03 1.234149113858127533e+00
8.251585845840847469e+03 1.228800576142568435e+00
8.284925586632123668e+03 1.223802345670559566e+00
8.318265327423399867e+03 1.220024645173884537e+00
8.351605068214677885e+03 1.181847587875020089e+00
8.384944809005954085e+03 1.201790888231165644e+00
8.418284549797230284e+03 1.195598712026971100e+00
8.451624290588506483e+03 1.181083769848410236e+00
8.484964031379782682e+03 1.220343474808097906e+00
8.518303772171060700e+03 1.195414752314591045e+00
8.551643512962336899e+03 1.188305524288382875e+00
8.584983253753613099e+03 1.184868528945069999e+00
8.618322994544889298e+03 1.172877355483709971e+00
8.651662735336167316e+03 1.168937516533458343e+00
8.685002476127443515e+03 1.164416890475685307e+00
8.718342216918719714e+03 1.159231277579733543e+00
8.751681957709995913e+03 1.153578087891373949e+00
8.785021698501273931e+03 1.149134454562154461e+00
8.818361439292550131e+03 1.142638053309818602e+00
8.851701180083826330e+03 1.131659270684575391e+00
8.885040920875102529e+03 1.189390836002085727e+00
8.918380661666380547e+03 1.145879314540978688e+00
8.951720402457656746e+03 1.141299532225607205e+00
8.985060143248934764e+03 1.150855428447262518e+00
9.018399884040209145e+03 1.095395968389722308e+00
9.051739624831487163e+03 1.108531536471490941e+00
9.085079365622763362e+03 1.108020843712691939e+00
9.118419106414041380e+03 1.105850547883522994e+00
9.151758847205315760e+03 1.100572695844184379e+00
9.185098587996593778e+03 1.097283704304661489e+00
9.218438328787869978e+03 1.092637763053099453e+00
9.251778069579147996e+03 1.089311248446502622e+00
9.285117810370422376e+03 1.085110158710977046e+00
9.318457551161698575e+03 1.081107054718202010e+00
9.351797291952976593e+03 1.078296731010025544e+00
9.385137032744252792e+03 1.073867668777978901e+00
9.418476773535528991e+03 1.071357288867775370e+00
9.451816514326805191e+03 1.066699162913333776e+00
9.485156255118083209e+03 1.062855224402736720e+00
9.518495995909359408e+03 1.059599673735420966e+00
9.551835736700637426e+03 1.054973199123919958e+00
9.585175477491911806e+03 1.051816826527302906e+00
9.618515218283189824e+03 1.047696906636874425e+00
9.651854959074466024e+03 1.044361463769292619e+00
9.685194699865744042e+03 1.040577190687951736e+00
9.718534440657018422e+03 1.036504163775758158e+00
9.751874181448296440e+03 1.033822721111424148e+00
9.785213922239572639e+03 1.029984942530449477e+00
9.818553663030850657e+03 1.026643007721274703e+00
9.851893403822125038e+03 1.023481429227961481e+00
9.885233144613403056e+03 1.018791130606786499e+00
9.918572885404679255e+03 1.015886489551222294e+00
9.951912626195957273e+03 1.012079160568168046e+00
9.985252366987233472e+03 1.008945925621046680e+00
1.001859210777850967e+04 1.005569525279689014e+00
1.005193184856978587e+04 1.001984309282547780e+00
1.008527158936106389e+04 9.990379870643915083e-01
1.011861133015234009e+04 9.949935818815227595e-01
1.015195107094361629e+04 9.925660037646878431e-01
1.018529081173489249e+04 9.892158765910639140e-01
1.021863055252616869e+04 9.860108267618770128e-01
1.025197029331744670e+04 9.830614135760400440e-01
1.028531003410872108e+04 9.797528320488032572e-01
1.031864977489999910e+04 9.763990561197563034e-01
1.035198951569127530e+04 9.733532665261301897e-01
1.038532925648255332e+04 9.700272266230406393e-01
1.041866899727382770e+04 9.675573716795083934e-01
1.045200873806510572e+04 9.641600357997892612e-01
1.048534847885638192e+04 9.612457864366805715e-01
1.051868821964765993e+04 9.564864192565376566e-01
1.055202796043893613e+04 9.552705030971861966e-01
1.058536770123021233e+04 9.522498932746323863e-01
1.061870744202148853e+04 9.489810628445427554e-01
1.065204718281276655e+04 9.482764725903383152e-01
1.068538692360404275e+04 9.439849823153224628e-01
1.071872666439531895e+04 9.410368115800871180e-01
1.075206640518659515e+04 9.379472352670310542e-01
1.078540614597787317e+04 9.349500300872961578e-01
1.081874588676914937e+04 9.324550817018349980e-01
1.085208562756042556e+04 9.297747204967726775e-01
1.088542536835170176e+04 9.268142816145893415e-01
1.091876510914297978e+04 9.237796391990394929e-01
1.095210484993425598e+04 9.216530286423687546e-01
1.098544459072553218e+04 9.185052157787858551e-01
1.101878433151680838e+04 9.154027930336107177e-01
1.105212407230808640e+04 9.205059631363465833e-01
1.108546381309936260e+04 9.111950617571048516e-01
1.111880355389063880e+04 9.080077855497004080e-01
1.115214329468191499e+04 9.052007752223067971e-01
1.118548303547319119e+04 9.035096185318380879e-01
1.121882277626446921e+04 9.004285964283681443e-01
1.125216251705574541e+04 8.978246805836256339e-01
1.128550225784702161e+04 8.949540258396866399e-01
1.131884199863829781e+04 8.928136283857425193e-01
1.135218173942957583e+04 8.899783592644592289e-01
1.138552148022085203e+04 8.879791285963719583e-01
1.141886122101212823e+04 8.851281182761912003e-01
1.145220096180340443e+04 8.827937580133911055e-01
1.148554070259468244e+04 8.802175415310294904e-01
1.151888044338595864e+04 8.775738332917354390e-01
1.155222018417723484e+04 8.753535791040827352e-01
1.158555992496851104e+04 8.729873174491782351e-01
1.161889966575978906e+04 8.707635864079396049e-01
1.165223940655106526e+04 8.682507802843696387e-01
1.168557914734234146e+04 8.658884072692782929e-01
1.171891888813361766e+04 8.635551939601227023e-01
1.175225862892489567e+04 8.615891577174166205e-01
1.178559836971617187e+04 8.588698165125726591e-01
1.181893811050744807e+04 8.566082030472694786e-01
1.185227785129872427e+04 8.547263244355267631e-01
1.188561759209000229e+04 8.520538947269911123e-01
1.191895733288127849e+04 8.499209068093058761e-01
1.195229707367255651e+04 8.475478423892612856e-01
1.198563681446383089e+04 8.455332652530398452e-01
1.201897655525510709e+04 8.433394647473899663e-01
1.205231629604638511e+04 8.410023779850873682e-01
1.208565603683766130e+04 8.389859045901892909e-01
1.211899577762893750e+04 8.367706218290008602e-01
1.215233551842021370e+04 8.344532743243547879e-01
1.218567525921149172e+04 8.324803355334349231e-01
1.221901500000276792e+04 8.306550130579306579e-01
1.225235474079404412e+04 8.280832126200133869e-01
1.228569448158532032e+04 8.261286558007425729e-01
1.231903422237659834e+04 8.241517454926232666e-01
1.235237396316787454e+04 8.217815273082214045e-01
1.238571370395915073e+04 8.200966774038915830e-01
1.241905344475042693e+04 8.176906775986536591e-01
1.245239318554170495e+04 8.157462604366700898e-01
1.248573292633298115e+04 8.135190316898317509e-01
1.251907266712425917e+04 8.119537329894473965e-01
1.255241240791553355e+04 8.094981913199793544e-01
1.258575214870681157e+04 8.079257433486800588e-01
1.261909188949808777e+04 8.059176164994085179e-01
1.265243163028936578e+04 8.039762736266702348e-01
1.268577137108064017e+04 8.020499319265893545e-01
1.271911111187191818e+04 7.997865816639050385e-01
1.275245085266319438e+04 7.980212160063306914e-01
1.278579059345447240e+04 7.961337670690178392e-01
1.281913033424574678e+04 7.940548701304810386e-01
1.285247007503702298e+04 7.922427745979648828e-01
1.288580981582830100e+04 7.905801673637914417e-01
1.291914955661957720e+04 7.882973498522286571e-01
1.295248929741085522e+04 7.864107202555942200e-01
1.298582903820212960e+04 7.851557240176152419e-01
1.301916877899340761e+04 7.832131085299476325e-01
1.305250851978468381e+04 7.811254182277365121e-01
1.308584826057596183e+04 7.789317128492729836e-01
1.311918800136723621e+04 7.776639526136743807e-01
1.315252774215851423e+04 7.761537985801824080e-01
1.318586748294979043e+04 7.741380696355051327e-01
1.321920722374106845e+04 7.724797157552962812e-01
1.325254696453234283e+04 7.702212804336336927e-01
1.328588670532362084e+04 7.691865305545275699e-01
1.331922644611489704e+04 7.667988978235681374e-01
1.335256618690617506e+04 7.651156784008813494e-01
1.338590592769744944e+04 7.635108616443729845e-01
1.341924566848872746e+04 7.621279844796771119e-01
1.345258540928000366e+04 7.603125811912248011e-01
1.348592515007128168e+04 7.583990091825829616e-01
1.351926489086255788e+04 7.564817223966917581e-01
1.355260463165383408e+04 7.550159547655653780e-01
1.358594437244511028e+04 7.533507862294606117e-01
1.361928411323638829e+04 7.520876065557980938e-01
1.365262385402766449e+04 7.499581072498657797e-01
1.368596359481894069e+04 7.486314746195809056e-01
1.371930333561021871e+04 7.468341936951287119e-01
1.375264307640149309e+04 7.452554190921583110e-01
1.378598281719277111e+04 7.434595505059149456e-01
1.381932255798404731e+04 7.419306942845518282e-01
1.385266229877532169e+04 7.405434863378574928e-01
1.388600203956659971e+04 7.390114563218880273e-01
1.391934178035787772e+04 7.373579904602953761e-01
1.395268152114915392e+04 7.355539348463350224e-01
1.398602126194042830e+04 7.341954366146110633e-01
1.401936100273170632e+04 7.327283022133918022e-01
1.405270074352298434e+04 7.313104416064735158e-01
1.408604048431426054e+04 7.294133526512590615e-01
1.411938022510553492e+04 7.278282864053764456e-01
1.415271996589681294e+04 7.268861041109392351e-01
1.418605970668809096e+04 7.253921582152370595e-01
1.421939944747936715e+04 7.233066468664961501e-01
1.425273918827064153e+04 7.219541815240959615e-01
1.428607892906191955e+04 7.205471811674337701e-01
1.431941866985319757e+04 7.193699396205918140e-01
1.435275841064447377e+04 7.175801331708500097e-01
1.438609815143574815e+04 7.163322017304012412e-01
1.441943789222702617e+04 7.148633036717333411e-01
1.445277763301830419e+04 7.132348923200415580e-01
1.448611737380958220e+04 7.119670675954959949e-01
1.451945711460085658e+04 7.102074627208120328e-01
1.455279685539213278e+04 7.089490610576809626e-01
1.458613659618341080e+04 7.075013179544582531e-01
1.461947633697468518e+04 7.066056923444011817e-01
1.465281607776596320e+04 7.051756893547708183e-01
1.468615581855723940e+04 7.032043738582790526e-01
1.471949555934851742e+04 7.018842482198187627e-01
1.475283530013979180e+04 7.006839370881807749e-01
1.478617504093106982e+04 6.992089025999694840e-01
1.481951478172234602e+04 6.979985741063960969e-01
1.485285452251362403e+04 6.966340303419256141e-01
1.488619426330489841e+04 6.953670124325816992e-01
1.491953400409617643e+04 6.938951346145446619e-01
1.495287374488745263e+04 6.924842898728535978e-01
1.498621348567873065e+04 6.914199091434141131e-01
1.501955322647000503e+04 6.898261117279314014e-01
1.505289296726128305e+04 6.887051869504767776e-01
1.508623270805255925e+04 6.871728139632474752e-01
1.511957244884383726e+04 6.860354726379712664e-01
1.515291218963511164e+04 6.846429266638498490e-01
1.518625193042638966e+04 6.835812711845971057e-01
1.521959167121766586e+04 6.822574468783954016e-01
1.525293141200894388e+04 6.811273078113408985e-01
1.528627115280021826e+04 6.793914923662623950e-01
1.531961089359149628e+04 6.782538469460522856e-01
1.535295063438277248e+04 6.769463204481132035e-01
1.538629037517405050e+04 6.757851864818417154e-01
1.541963011596532488e+04 6.747328394973594046e-01
1.545296985675660289e+04 6.734027572798285677e-01
1.548630959754788091e+04 6.719760896250307480e-01
1.551964933833915529e+04 6.710796602288274793e-01
1.555298907913043149e+04 6.696961241096914819e-01
1.558632881992170951e+04 6.686806543953458526e-01
1.561966856071298753e+04 6.671760023834113484e-01
1.565300830150426191e+04 6.663338752021322753e-01
1.568634804229553811e+04 6.650436768432413936e-01
1.571968778308681613e+04 6.636363990344035235e-01
1.575302752387809414e+04 6.624842002513950945e-01
1.578636726466936852e+04 6.615023080173085823e-01
1.581970700546064472e+04 6.604321294635548956e-01
1.585304674625192274e+04 6.590655535631594342e-01
1.588638648704320076e+04 6.579043441891923027e-01
1.591972622783447514e+04 6.569439675711312709e-01
1.595306596862575134e+04 6.557754363801125974e-01
1.598640570941702936e+04 6.543836772270359425e-01
1.601974545020830737e+04 6.536681969718197704e-01
1.605308519099958176e+04 6.523527447973990201e-01
1.608642493179085795e+04 6.510476803616129793e-01
1.611976467258213597e+04 6.498368997292778282e-01
1.615310441337341399e+04 6.491479567241568160e-01
1.618644415416468837e+04 6.481291685850497641e-01
1.621978389495596457e+04 6.469429883961095307e-01
1.625312363574724259e+04 6.458196719236709571e-01
1.628646337653852061e+04 6.447798236202062494e-01
1.631980311732979499e+04 6.435936587962239885e-01
1.635314285812107119e+04 6.423939177475737061e-01
1.638648259891234920e+04 6.411872521889355747e-01
1.641982233970362358e+04 6.407501433290428983e-01
1.645316208049490160e+04 6.392185662418343739e-01
1.648650182128617962e+04 6.385470107262165573e-01
1.651984156207745764e+04 6.369048418507317066e-01
1.655318130286873202e+04 6.359278556623459977e-01
1.658652104366000640e+04 6.350304881380527400e-01
1.661986078445128442e+04 6.341258288644840979e-01
1.665320052524256243e+04 6.326888318465826444e-01
1.668654026603383682e+04 6.320101045654709093e-01
1.671988000682511483e+04 6.308652589045735670e-01
1.675321974761639285e+04 6.301110137224577024e-01
1.678655948840767087e+04 6.286858335727598668e-01
1.681989922919894525e+04 6.279443549111443090e-01
1.685323896999021963e+04 6.265970283761647108e-01
1.688657871078149765e+04 6.260004620559992405e-01
1.691991845157277567e+04 6.250460563628841282e-01
1.695325819236405005e+04 6.241457642760105395e-01
1.698659793315532806e+04 6.229168776868181379e-01
1.701993767394660608e+04 6.219099761504798263e-01
1.705327741473788410e+04 6.212029781915174853e-01
1.708661715552915848e+04 6.201024225361938536e-01
1.711995689632043650e+04 6.192157639849769080e-01
1.715329663711171088e+04 6.182770278079061654e-01
1.718663637790298890e+04 6.174068819581554068e-01
1.721997611869426328e+04 6.163148278654133616e-01
1.725331585948554130e+04 6.152041423587911728e-01
1.728665560027681931e+04 6.146028284491508176e-01
1.731999534106809369e+04 6.129791069922595481e-01
1.735333508185937171e+04 6.119602575535221245e-01
1.738667482265064973e+04 6.118862143438671408e-01
1.742001456344192411e+04 6.106820972117902313e-01
1.745335430423319849e+04 6.099054211236208944e-01
1.748669404502447651e+04 6.087596201014926489e-01
1.752003378581575453e+04 6.079913475560243530e-01
1.755337352660703255e+04 6.073272737311025127e-01
1.758671326739830693e+04 6.061835584818016098e-01
1.762005300818958494e+04 6.051271577238400701e-01
1.765339274898086296e+04 6.042905533868718759e-01
1.768673248977213734e+04 6.038671769537452549e-01
1.772007223056341172e+04 6.027646466845618667e-01
1.775341197135468974e+04 6.017236790337731067e-01
1.778675171214596776e+04 6.008094101567520440e-01
1.782009145293724578e+04 5.996467826865732320e-01
1.785343119372852016e+04 5.992269414994706445e-01
1.788677093451979817e+04 5.980441309136748096e-01
1.792011067531107619e+04 5.975284208053193158e-01
1.795345041610235421e+04 5.964373876143241882e-01
1.798679015689362859e+04 5.954846642235893661e-01
1.802012989768490297e+04 5.948587100466559141e-01
1.805346963847618099e+04 5.937692143557847801e-01
1.808680937926745901e+04 5.929423487949093685e-01
1.812014912005873339e+04 5.919737907278131983e-01
1.815348886085001141e+04 5.913279801168291883e-01
1.818682860164128942e+04 5.907086321271832752e-01
1.822016834243256380e+04 5.899481155645179831e-01
1.825350808322384182e+04 5.890648189497074139e-01
1.828684782401511620e+04 5.880092144565163270e-01
1.832018756480639422e+04 5.878077249836449747e-01
1.835352730559766860e+04 5.867131547255560742e-01
1.838686704638894662e+04 5.856416406210001036e-01
1.842020678718022464e+04 5.848253462649974921e-01
1.845354652797150266e+04 5.839529992564287397e-01
1.848688626876277704e+04 5.831363500133333044e-01
1.852022600955405505e+04 5.828156031001531234e-01
1.855356575034532943e+04 5.821303136381182908e-01
1.858690549113660745e+04 5.810305470022790741e-01
1.862024523192788183e+04 5.800737150688636268e-01
1.865358497271915985e+04 5.792275124247566742e-01
1.868692471351043787e+04 5.789570025044972201e-01
1.872026445430171589e+04 5.780122180894834427e-01
1.875360419509299027e+04 5.769577369275460388e-01
1.878694393588426829e+04 5.762718529042683002e-01
1.882028367667554267e+04 5.758724774328684015e-01
1.885362341746682068e+04 5.747129938945877425e-01
1.888696315825809506e+04 5.741098169940807017e-01
1.892030289904937308e+04 5.735308886143354323e-01
1.895364263984065110e+04 5.726996442870271320e-01
1.898698238063192912e+04 5.719259407153863828e-01
1.902032212142320350e+04 5.712909607988440053e-01
1.905366186221448152e+04 5.706565612796186127e-01
1.908700160300575953e+04 5.698328589527330568e-01
1.912034134379703391e+04 5.689865648831271550e-01
1.915368108458830829e+04 5.681582535303678627e-01
1.918702082537958631e+04 5.676536909066129954e-01
1.922036056617086433e+04 5.668280943514363290e-01
1.925370030696213871e+04 5.660929909793163128e-01
1.928704004775341673e+04 5.655069249651363261e-01
1.932037978854469475e+04 5.648546247945072096e-01
1.935371952933597277e+04 5.637922989578314503e-01
1.938705927012724715e+04 5.631533866402520516e-01
1.942039901091852153e+04 5.621679549681212196e-01
1.945373875170979954e+04 5.618540438279108207e-01
1.948707849250107756e+04 5.612646287224153374e-01
1.952041823329235194e+04 5.604556031396599192e-01
1.955375797408362996e+04 5.602511634230318283e-01
1.958709771487490798e+04 5.592919479764373314e-01
1.962043745566618600e+04 5.584083019139339799e-01
1.965377719645746038e+04 5.576376660910520311e-01
1.968711693724873476e+04 5.572933715134368304e-01
1.972045667804001278e+04 5.566533613310952200e-01
1.975379641883129079e+04 5.558607890987961042e-01
1.978713615962256517e+04 5.551932944671543746e-01
1.982047590041384319e+04 5.545603331430259963e-01
1.985381564120512121e+04 5.538938124470264013e-01
1.988715538199639923e+04 5.531809573490017451e-01
1.992049512278767361e+04 5.525256029055251039e-01
1.995383486357895163e+04 5.520210677935911692e-01
1.998717460437022601e+04 5.511292428946252819e-01
2.002051434516150039e+04 5.505814031930484909e-01
2.005385408595277841e+04 5.499136181967130277e-01
2.008719382674405642e+04 5.490378761532717089e-01
2.012053356753533444e+04 5.486282012970236099e-01
2.015387330832660882e+04 5.481880286782854217e-01
2.018721304911788684e+04 5.476012531431666552e-01
2.022055278990916486e+04 5.466720767846384721e-01
2.025389253070043924e+04 5.462428954557627669e-01
2.028723227149171362e+04 5.453841454030843305e-01
2.032057201228299164e+04 5.449155843279512856e-01
2.035391175307426965e+04 5.445037636508227585e-01
2.038725149386554767e+04 5.434364722624566157e-01
2.042059123465682205e+04 5.429021608422419654e-01
2.045393097544810007e+04 5.426082606148842080e-01
2.048727071623937809e+04 5.419334627441153573e-01
2.052061045703065247e+04 5.413939446696738322e-01
2.055395019782192685e+04 5.405641606983871972e-01
2.058728993861320487e+04 5.401534789993078789e-01
2.062062967940448289e+04 5.393972505215125501e-01
2.065396942019576090e+04 5.390462426599349488e-01
2.068730916098703528e+04 5.382994726307887001e-01
2.072064890177831330e+04 5.375254665648907526e-01
2.075398864256959132e+04 5.369278474704751725e-01
2.078732838336086570e+04 5.366264564728712161e-01
2.082066812415214008e+04 5.360611096074192616e-01
2.085400786494341810e+04 5.349218923277381244e-01
2.088734760573469612e+04 5.345977159336857687e-01
2.092068734652597050e+04 5.342237903194768656e-01
2.095402708731724852e+04 5.337622424389149023e-01
2.098736682810852653e+04 5.327156151106360316e-01
2.102070656889980455e+04 5.321917849311028625e-01
2.105404630969107893e+04 5.318515794217658632e-01
2.108738605048235695e+04 5.312846349936657386e-01
2.112072579127363133e+04 5.307934647140851725e-01
2.115406553206490935e+04 5.304215086970608395e-01
2.118740527285618373e+04 5.296342619841706290e-01
2.122074501364746175e+04 5.293292038631904894e-01
2.125408475443873976e+04 5.288283733018706023e-01
2.128742449523001778e+04 5.280861712561101262e-01
2.132076423602129216e+04 5.274006651009959246e-01
2.135410397681257018e+04 5.272337687317381061e-01
2.138744371760384456e+04 5.265441219990951716e-01
2.142078345839512258e+04 5.261191693002245096e-01
2.145412319918639696e+04 5.252504689892663059e-01
2.148746293997767498e+04 5.249768768877245417e-01
2.152080268076895300e+04 5.241249581286878678e-01
2.155414242156023101e+04 5.241063849443161615e-01
2.158748216235150539e+04 5.232188288897965389e-01
2.162082190314278341e+04 5.228385080123160167e-01
2.165416164393405779e+04 5.223466763564861282e-01
2.168750138472533581e+04 5.219480291223388413e-01
2.172084112551661019e+04 5.212865588952881879e-01
2.175418086630788821e+04 5.208013791085044364e-01
2.178752060709916623e+04 5.200761813860068639e-01
2.182086034789044061e+04 5.196264491058690815e-01
2.185420008868171863e+04 5.192855626792840518e-01
2.188753982947299664e+04 5.188758397267742017e-01
2.192087957026427466e+04 5.184777413531219681e-01
2.195421931105554904e+04 5.176858089452083256e-01
2.198755905184682342e+04 5.173033100947889151e-01
2.202089879263810144e+04 5.167948995914276589e-01
2.205423853342937946e+04 5.164647926315011350e-01
2.208757827422065384e+04 5.157779332707206343e-01
2.212091801501193186e+04 5.152961931968985665e-01
2.215425775580320988e+04 5.147234128497519823e-01
2.218759749659448789e+04 5.144008413496966581e-01
2.222093723738576227e+04 5.137870727022443296e-01
2.225427697817703665e+04 5.131914790458215192e-01
2.228761671896831467e+04 5.131399683480387663e-01
2.232095645975959269e+04 5.125401321524137854e-01
2.235429620055086707e+04 5.121290170300065725e-01
2.238763594134214509e+04 5.114564514257897709e-01
2.242097568213342311e+04 5.113076464321590908e-01
2.245431542292470112e+04 5.105270281299577606e-01
2.248765516371597550e+04 5.102072539709512355e-01
2.252099490450724988e+04 5.097419899143621480e-01
2.255433464529852790e+04 5.093775186600013605e-01
2.258767438608980228e+04 5.090881374834450579e-01
2.262101412688108030e+04 5.085149715936011505e-01
2.265435386767235832e+04 5.076305586015521509e-01
2.268769360846363634e+04 5.076487215320200086e-01
2.272103334925491072e+04 5.071177313226824523e-01
2.275437309004618874e+04 5.064236740154790528e-01
2.278771283083746312e+04 5.061065394474724144e-01
2.282105257162874113e+04 5.057864919275830706e-01
2.285439231242001551e+04 5.052832513683350735e-01
2.288773205321129353e+04 5.048786462173124878e-01
2.292107179400257155e+04 5.042746477464363775e-01
2.295441153479384957e+04 5.039796588725505844e-01
2.298775127558512395e+04 5.034188633500212839e-01
2.302109101637640197e+04 5.031521130209686277e-01
2.305443075716767999e+04 5.026354334492798559e-01
2.308777049795895437e+04 5.020661166869263559e-01
2.312111023875022875e+04 5.018388275589902303e-01
2.315444997954150676e+04 5.012885664695202470e-01
2.318778972033278478e+04 5.011378461592832512e-01
2.322112946112406280e+04 5.008065540092039303e-01
2.325446920191533718e+04 5.003340059537907392e-01
2.328780894270661520e+04 5.000258629475486938e-01
2.332114868349789322e+04 4.993555717937846472e-01
2.335448842428916760e+04 4.987079950034788434e-01
2.338782816508044198e+04 4.988371698914809138e-01
2.342116790587172000e+04 4.979326037669151162e-01
2.345450764666299801e+04 4.977418572893443915e-01
2.348784738745427239e+04 4.972819607256095953e-01
2.352118712824555041e+04 4.972827391486990822e-01
2.355452686903682843e+04 4.969135925566294798e-01
2.358786660982810645e+04 4.962991799164876983e-01
2.362120635061938083e+04 4.953799662130506931e-01
2.365454609141065521e+04 4.954773505228375341e-01
2.368788583220193323e+04 4.952666603710608184e-01
2.372122557299321124e+04 4.944508729245811751e-01
2.375456531378448562e+04 4.942396512309992218e-01
2.378790505457576364e+04 4.937955721754085925e-01
2.382124479536704166e+04 4.934818473610455003e-01
2.385458453615831968e+04 4.931413710950469098e-01
2.388792427694959406e+04 4.923345225838642869e-01
2.392126401774087208e+04 4.924791418493783546e-01
2.395460375853214646e+04 4.919401398900306588e-01
2.398794349932342448e+04 4.917893203444956285e-01
2.402128324011469886e+04 4.907331742089843241e-01
2.405462298090597687e+04 4.908578696303815270e-01
2.408796272169725489e+04 4.902692703033277866e-01
2.412130246248853291e+04 4.897815042378440009e-01
2.415464220327980729e+04 4.899077946076538237e-01
2.418798194407108531e+04 4.894678499237751224e-01
2.422132168486235969e+04 4.891255978833435325e-01
2.425466142565363771e+04 4.888493834089550627e-01
2.428800116644491209e+04 4.883117042859794199e-01
2.432134090723619011e+04 4.879877222123295000e-01
2.435468064802746812e+04 4.874461793178958002e-01
2.438802038881874250e+04 4.872334108603313396e-01
2.442136012961002052e+04 4.869314758951406863e-01
2.445469987040129854e+04 4.867245809001542467e-01
2.448803961119257292e+04 4.862970045345023640e-01
2.452137935198384730e+04 4.859002005748614961e-01
2.455471909277512532e+04 4.855729774607801530e-01
2.458805883356640334e+04 4.851155615410208122e-01
2.462139857435768135e+04 4.845586394337415559e-01
2.465473831514895573e+04 4.843511442202806383e-01
2.468807805594023375e+04 4.841500930469035402e-01
2.472141779673151177e+04 4.836575346912099227e-01
2.475475753752278615e+04 4.840252219957297264e-01
2.478809727831406053e+04 4.832344905560508885e-01
2.482143701910533855e+04 4.830077094809215321e-01
2.485477675989661657e+04 4.825573269869155579e-01
2.488811650068789459e+04 4.824251571009458006e-01
2.492145624147916897e+04 4.819715873494695990e-01
2.495479598227044698e+04 4.817533160000680437e-01
2.498813572306172500e+04 4.812812730863771926e-01
2.502147546385300302e+04 4.809651880685096859e-01
2.505481520464427740e+04 4.805576225520448164e-01
2.508815494543555178e+04 4.802982345301584632e-01
2.512149468622682980e+04 4.799098012733483132e-01
2.515483442701810782e+04 4.795996341597499324e-01
2.518817416780938220e+04 4.792079707472670091e-01
2.522151390860066022e+04 4.790780097749633981e-01
2.525485364939193823e+04 4.786093606111506693e-01
2.528819339018321261e+04 4.786473596643364692e-01
2.532153313097449063e+04 4.780908500588616494e-01
2.535487287176576501e+04 4.778923032280200101e-01
2.538821261255704303e+04 4.775589125328993934e-01
2.542155235334831741e+04 4.773316265832186489e-01
2.545489209413959543e+04 4.770010066766632306e-01
2.548823183493087345e+04 4.765206837165323894e-01
2.552157157572215147e+04 4.764316038878521620e-01
2.555491131651342585e+04 4.762985490546458589e-01
2.558825105730470386e+04 4.757459627638115918e-01
2.562159079809597824e+04 4.756664825038977029e-01
2.565493053888725626e+04 4.749172610757700363e-01
2.568827027967853064e+04 4.752841847026698652e-01
2.572161002046980866e+04 4.745621106894636898e-01
2.575494976126108668e+04 4.743729495748255087e-01
2.578828950205236470e+04 4.741507154640671184e-01
2.582162924284363908e+04 4.737846944364815238e-01
2.585496898363491709e+04 4.733006997828659856e-01
2.588830872442619147e+04 4.733248335990311584e-01
2.592164846521746949e+04 4.731453085184004759e-01
2.595498820600874387e+04 4.726812044123246959e-01
2.598832794680002189e+04 4.722111351983327432e-01
2.602166768759129991e+04 4.720734733970743391e-01
2.605500742838257793e+04 4.721197442152654244e-01
2.608834716917385231e+04 4.715862221554897316e-01
2.612168690996513033e+04 4.710152146129106265e-01
2.615502665075640834e+04 4.709925262829259274e-01
2.618836639154768272e+04 4.707212598116206070e-01
2.622170613233895710e+04 4.703193204539672934e-01
2.625504587313023512e+04 4.704643327775900330e-01
2.628838561392151314e+04 4.701216402124286931e-01
2.632172535471278752e+04 4.700714058651299654e-01
2.635506509550406554e+04 4.693855113821455705e-01
2.638840483629534356e+04 4.694380872731154231e-01
2.642174457708662158e+04 4.692317499333523156e-01
2.645508431787789596e+04 4.687443758755109324e-01
2.648842405866917034e+04 4.684396232132352900e-01
2.652176379946044835e+04 4.680190561431909479e-01
2.655510354025172637e+04 4.680351936200787266e-01
2.658844328104300075e+04 4.680410930044568985e-01
2.662178302183427877e+04 4.673622796393491208e-01
2.665512276262555679e+04 4.669548962843084738e-01
2.668846250341683481e+04 4.668182768672057281e-01
2.672180224420810919e+04 4.666534640681018753e-01
2.675514198499938357e+04 4.661779928419893526e-01
2.678848172579066159e+04 4.661884577467655943e-01
2.682182146658193960e+04 4.659800001417528925e-01
2.685516120737321398e+04 4.659946036536083414e-01
2.688850094816449200e+04 4.656303187315249392e-01
2.692184068895577002e+04 4.656524898462005013e-01
2.695518042974704804e+04 4.652245721359296038e-01
2.698852017053832242e+04 4.649798414598563245e-01
2.702185991132960044e+04 4.642232146702491846e-01
2.705519965212087482e+04 4.648287521382292176e-01
2.708853939291214920e+04 4.642661094648780629e-01
2.712187913370342721e+04 4.638413295580250950e-01
2.715521887449470523e+04 4.634768119588159596e-01
2.718855861528598325e+04 4.637509695178427815e-01
2.722189835607725763e+04 4.632780148832453260e-01
2.725523809686853565e+04 4.631172386233834981e-01
2.728857783765981367e+04 4.630197341539257772e-01
2.732191757845108805e+04 4.625866211229839875e-01
2.735525731924236243e+04 4.623340783030669421e-01
2.738859706003364045e+04 4.621964007048245393e-01
2.742193680082491846e+04 4.620815910889056188e-01
2.745527654161619648e+04 4.616439252627558276e-01
2.748861628240747086e+04 4.617323801054090682e-01
2.752195602319875252e+04 4.616923446250981722e-01
2.755529576399002690e+04 4.614525567782111204e-01
2.758863550478130128e+04 4.610085531258242275e-01
2.762197524557257930e+04 4.607910136496685682e-01
2.765531498636385368e+04 4.603967143044505050e-01
2.768865472715512806e+04 4.604972348598625476e-01
2.772199446794640971e+04 4.604045490937635488e-01
2.775533420873768409e+04 4.598262339603365056e-01
2.778867394952896575e+04 4.597930055297692054e-01
2.782201369032024013e+04 4.597944733997033073e-01
2.785535343111151451e+04 4.595187366054633293e-01
2.788869317190279253e+04 4.595426469590820351e-01
2.792203291269406691e+04 4.587735986271205268e-01
2.795537265348534129e+04 4.588764849167235593e-01
2.798871239427662294e+04 4.584808361574351787e-01
2.802205213506789732e+04 4.586008568719179279e-01
2.805539187585917171e+04 4.580295267117266977e-01
2.808873161665045336e+04 4.580894733932250329e-01
2.812207135744172774e+04 4.578680431767696568e-01
2.815541109823300576e+04 4.576324200354916494e-01
2.818875083902428014e+04 4.575759208684045398e-01
2.822209057981555452e+04 4.570402682396501048e-01
2.825543032060683618e+04 4.572607094518497117e-01
2.828877006139811056e+04 4.570484804308720950e-01
2.832210980218938494e+04 4.569230417534197453e-01
2.835544954298066659e+04 4.564646399466146809e-01
2.838878928377194097e+04 4.563638431388060690e-01
2.842212902456321899e+04 4.564621691256550151e-01
2.845546876535449337e+04 4.560165847815621509e-01
2.848880850614576775e+04 4.560120808568633444e-01
2.852214824693704941e+04 4.557671955803597741e-01
2.855548798772832379e+04 4.556177603266269860e-01
2.858882772851959817e+04 4.556248977098042441e-01
2.862216746931087982e+04 4.551299082522679562e-01
2.865550721010215420e+04 4.550945080337913673e-01
2.868884695089343222e+04 4.548679484891305913e-01
2.872218669168470660e+04 4.549417018926595890e-01
2.875552643247598098e+04 4.545723674149975135e-01
2.878886617326726264e+04 4.545486226862326951e-01
2.882220591405853702e+04 4.545511151083662660e-01
2.885554565484981140e+04 4.543356791413675211e-01
2.888888539564109306e+04 4.539625387108666144e-01
2.892222513643236744e+04 4.539251514331414938e-01
2.895556487722364182e+04 4.537065699878222724e-01
2.898890461801492347e+04 4.535473951426782779e-01
2.902224435880619785e+04 4.534500975238708320e-01
2.905558409959747587e+04 4.532714962498338163e-01
2.908892384038875025e+04 4.530862025324809417e-01
2.912226358118002463e+04 4.530259395533889899e-01
2.915560332197130629e+04 4.527655676441484922e-01
2.918894306276258067e+04 4.526138451371898852e-01
2.922228280355385505e+04 4.523973910648274033e-01
2.925562254434513670e+04 4.524203014963499858e-01
2.928896228513641108e+04 4.523152435997518928e-01
2.932230202592768910e+04 4.519734729328062639e-01
2.935564176671896348e+04 4.523576635384412570e-01
2.938898150751023786e+04 4.520082102461805418e-01
2.942232124830151952e+04 4.518794815499294071e-01
2.945566098909279390e+04 4.516319395673021875e-01
2.948900072988406828e+04 4.515039229994798342e-01
2.952234047067534993e+04 4.515032038253256608e-01
2.955568021146662431e+04 4.511527930857228696e-01
2.958901995225790233e+04 4.509650825056709667e-01
2.962235969304917671e+04 4.509373104745592054e-01
2.965569943384045109e+04 4.508599802886206764e-01
2.968903917463173275e+04 4.507140339899996517e-01
2.972237891542300713e+04 4.505397035266051620e-01
2.975571865621428151e+04 4.503480337751556983e-01
2.978905839700556317e+04 4.503803478065886434e-01
2.982239813779683755e+04 4.501396177446552183e-01
2.985573787858811193e+04 4.502147484582388892e-01
2.988907761937938994e+04 4.499937816733506346e-01
2.992241736017066432e+04 4.499402833679398972e-01
2.995575710096194598e+04 4.502395698563862458e-01
2.998909684175322036e+04 4.497373517399146370e-01
3.002243658254449474e+04 4.493591897102696686e-01
3.005577632333577640e+04 4.495603301279481601e-01
3.008911606412705078e+04 4.492774823611155322e-01
3.012245580491832516e+04 4.490646816923762330e-01
3.015579554570960318e+04 4.488597362795044843e-01
3.018913528650087756e+04 4.491856740460708486e-01
3.022247502729215921e+04 4.489069618900797254e-01
3.025581476808343359e+04 4.485641469393884528e-01
3.028915450887470797e+04 4.486551436950592109e-01
3.032249424966598963e+04 4.486171951604598362e-01
3.035583399045726401e+04 4.483251173449149252e-01
3.038917373124853839e+04 4.485809976159613743e-01
3.042251347203981641e+04 4.480408583894296970e-01
3.045585321283109079e+04 4.483705285583721167e-01
3.048919295362237244e+04 4.484172356479662058e-01
3.052253269441364682e+04 4.480326840097237362e-01
3.055587243520492120e+04 4.481463726216831644e-01
3.058921217599620286e+04 4.479708397524082009e-01
3.062255191678747724e+04 4.477642239656464684e-01
3.065589165757875162e+04 4.476095771354145492e-01
3.068923139837002964e+04 4.473873649985329881e-01
3.072257113916130402e+04 4.472860159947431580e-01
3.075591087995257840e+04 4.476364679876816965e-01
3.078925062074386005e+04 4.471822683221023942e-01
3.082259036153513443e+04 4.471263358002378063e-01
3.085593010232641609e+04 4.469800197867163649e-01
3.088926984311769047e+04 4.473837473133878695e-01
3.092260958390896485e+04 4.472422600446232521e-01
3.095594932470024651e+04 4.466843151234013432e-01
3.098928906549152089e+04 4.466777194661399886e-01
3.102262880628279527e+04 4.467713068386111042e-01
3.105596854707407329e+04 4.468668290708919799e-01
3.108930828786534767e+04 4.463691423188562157e-01
3.112264802865662932e+04 4.464202687374332901e-01
3.115598776944790370e+04 4.463415877186334146e-01
3.118932751023917808e+04 4.461782087146110576e-01
3.122266725103045974e+04 4.463180092311123670e-01
3.125600699182173412e+04 4.459905611043030738e-01
3.128934673261300850e+04 4.460363861044058797e-01
3.132268647340428652e+04 4.458510973748606165e-01
3.135602621419556090e+04 4.458829439664359628e-01
3.138936595498684255e+04 4.453356142926721550e-01
3.142270569577811693e+04 4.458303319380011454e-01
3.145604543656939131e+04 4.456597558849345053e-01
3.148938517736067297e+04 4.458643226393826930e-01
3.152272491815194735e+04 4.457323336793406199e-01
3.155606465894322173e+04 4.455675243956551679e-01
3.158940439973449975e+04 4.456645470693056388e-01
3.162274414052577413e+04 4.458605344186117314e-01
3.165608388131704851e+04 4.453462864904084162e-01
3.168942362210833016e+04 4.454006187059941779e-01
3.172276336289960454e+04 4.452826582469343042e-01
3.175610310369088620e+04 4.451423662321278285e-01
3.178944284448216058e+04 4.452611451406534027e-01
3.182278258527343496e+04 4.451680571027641919e-01
3.185612232606471298e+04 4.450473063582940370e-01
3.188946206685598736e+04 4.449158395546258249e-01
3.192280180764726174e+04 4.449513932552417450e-01
3.195614154843854340e+04 4.446824523609280155e-01
3.198948128922981778e+04 4.446640880630773340e-01
3.202282103002109943e+04 4.449805892388010164e-01
3.205616077081237381e+04 4.449540492450968499e-01
3.208950051160364819e+04 4.447927502168855796e-01
3.212284025239492621e+04 4.451024652443936747e-01
3.215617999318620059e+04 4.446798463024117520e-01
3.218951973397747497e+04 4.446481190116025051e-01
3.222285947476875663e+04 4.446044900938086464e-01
3.225619921556003101e+04 4.447850612185637043e-01
3.228953895635131266e+04 4.443715013188536678e-01
3.232287869714258704e+04 4.444356549861171457e-01
3.235621843793386142e+04 4.442541371271692685e-01
3.238955817872513944e+04 4.446146630362509677e-01
3.242289791951641382e+04 4.444328670160145323e-01
3.245623766030768820e+04 4.443817106708334852e-01
3.248957740109896986e+04 4.443481446131671286e-01
3.252291714189024424e+04 4.442423522417643378e-01
3.255625688268151862e+04 4.441595916555558521e-01
3.258959662347280027e+04 4.441462491902317122e-01
3.262293636426407465e+04 4.441691865734134215e-01
3.265627610505535267e+04 4.441789371123412433e-01
3.268961584584662705e+04 4.439093690023808714e-01
3.272295558663790143e+04 4.441212687081028121e-01
3.275629532742918309e+04 4.441474324174961574e-01
3.278963506822045747e+04 4.440758768374558629e-01
3.282297480901173549e+04 4.441323554051495592e-01
3.285631454980301351e+04 4.439993533444421825e-01
3.288965429059428425e+04 4.443296851159561633e-01
3.292299403138556954e+04 4.442552290122185887e-01
3.295633377217684028e+04 4.439215371657467823e-01
3.298967351296811830e+04 4.442989049310244187e-01
3.302301325375939632e+04 4.438924554259275901e-01
3.305635299455067434e+04 4.444242150868254471e-01
3.308969273534194508e+04 4.443310867990949431e-01
3.312303247613322310e+04 4.438311537180437694e-01
3.315637221692450112e+04 4.441049002281882707e-01
3.318971195771577914e+04 4.437886683476154892e-01
3.322305169850705715e+04 4.439024451950326355e-01
3.325639143929832790e+04 4.443063594823402074e-01
3.328973118008961319e+04 4.439755404759094248e-01
3.332307092088088393e+04 4.438992625635814759e-01
